error_distribution,day,avg_price,price_volatility,milp_net_profit,ppo_net_profit,milp_arbitrage,ppo_arbitrage,milp_flexibility,ppo_flexibility,milp_degradation,ppo_degradation,milp_fcr_revenue,milp_afrr_revenue,milp_mfrr_revenue,ppo_fcr_revenue,ppo_afrr_revenue,ppo_mfrr_revenue,milp_exec_time,ppo_exec_time,milp_utilization,ppo_utilization,milp_cumulative,ppo_cumulative,milp_throughput_cum,ppo_throughput_cum,ppo_arbitrage_throughput,ppo_activation_throughput,ppo_total_throughput
uniform,1,95.55813683562333,23.791233636978447,4432.525444733373,3045.491012581616,176.602244733373,0.0,4355.9232,3064.7564913288666,100.0,19.265478747250494,0.0,2712.861324872463,0.0,23.340278856436264,3041.4162124724303,0.0,0.5761210918426514,0.08693432807922363,0.5,0.0,4432.525444733373,3045.491012581616,1.52,0.0,0.0,9.247429798680237,9.247429798680237
uniform,2,82.08723996277698,22.38376505555918,4018.201979283368,3045.491012581616,192.98229928336693,0.0,3925.219680000001,3064.7564913288666,100.0,19.265478747250494,0.0,2440.645228477832,0.0,23.340278856436264,3041.4162124724303,0.0,0.14525127410888672,0.06119537353515625,0.5,0.0,8450.72742401674,6090.982025163232,3.04,0.0,0.0,9.247429798680237,9.247429798680237
uniform,3,81.77862283174728,19.27722629490675,4029.5937115626657,3045.491012581616,177.5972315626651,0.0,3951.9964800000007,3064.7564913288666,100.0,19.265478747250494,0.0,2457.2648281097363,0.0,23.340278856436264,3041.4162124724303,0.0,0.16582894325256348,0.0440218448638916,0.5,0.0,12480.321135579406,9136.473037744847,4.5600000000000005,0.0,0.0,9.247429798680237,9.247429798680237
uniform,4,89.42705178675055,22.94887910050355,4443.993837045388,3045.491012581616,196.52503704538722,0.0,4347.4688000000015,3064.7564913288666,100.0,19.265478747250494,0.0,2744.363555764896,0.0,23.340278856436264,3041.4162124724303,0.0,0.11238503456115723,0.04487729072570801,0.5,0.0,16924.314972624794,12181.964050326464,6.08,0.0,0.0,9.247429798680237,9.247429798680237
uniform,5,89.73922861852304,20.97342098605987,4449.089235170441,3045.491012581616,191.08123517044018,0.0,4358.008000000001,3064.7564913288666,100.0,19.265478747250494,0.0,2714.6982128490913,0.0,23.340278856436264,3041.4162124724303,0.0,0.10790610313415527,0.04350113868713379,0.5,0.0,21373.404207795233,15227.45506290808,7.6,0.0,0.0,9.247429798680237,9.247429798680237
uniform,6,88.19691199516744,22.08783812762239,4422.790292430458,3045.491012581616,187.94549243045796,0.0,4334.8448,3064.7564913288666,100.0,19.265478747250494,0.0,2705.2994636124063,0.0,23.340278856436264,3041.4162124724303,0.0,0.13281011581420898,0.04145169258117676,0.5,0.0,25796.19450022569,18272.946075489697,9.12,0.0,0.0,9.247429798680237,9.247429798680237
uniform,7,89.29004388564353,24.373765168004773,4460.875052874794,3045.491012581616,196.27825287479357,0.0,4364.5968,3064.7564913288666,100.0,19.265478747250494,0.0,2728.9308583484035,0.0,23.340278856436264,3041.4162124724303,0.0,0.11326813697814941,0.0473024845123291,0.5,0.0,30257.069553100486,21318.437088071314,10.639999999999999,0.0,0.0,9.247429798680237,9.247429798680237
uniform,8,90.98888547132698,24.361042792644177,4455.275606870134,3045.491012581616,183.54440687013323,0.0,4371.7312,3064.7564913288666,100.0,19.265478747250494,0.0,2728.6168622332443,0.0,23.340278856436264,3041.4162124724303,0.0,0.1154184341430664,0.04828357696533203,0.5,0.0,34712.34515997062,24363.92810065293,12.159999999999998,0.0,0.0,9.247429798680237,9.247429798680237
uniform,9,79.3093697011217,19.690341863265832,4008.517807544944,3045.491012581616,166.00660754494248,0.0,3942.5112000000013,3064.7564913288666,100.0,19.265478747250494,0.0,2465.337792669387,0.0,23.340278856436264,3041.4162124724303,0.0,0.12749791145324707,0.04528403282165527,0.5,0.0,38720.86296751556,27409.419113234548,13.679999999999998,0.0,0.0,9.247429798680237,9.247429798680237
uniform,10,80.47458712028997,20.492507965523867,3999.8625975933473,3045.491012581616,166.689797593347,0.0,3933.1728000000007,3064.7564913288666,100.0,19.265478747250494,0.0,2451.356337046152,0.0,23.340278856436264,3041.4162124724303,0.0,0.11495590209960938,0.041504859924316406,0.5,0.0,42720.72556510891,30454.910125816165,15.199999999999998,0.0,0.0,9.247429798680237,9.247429798680237
uniform,11,85.71444573567375,23.441018507847307,4440.80878040843,3045.491012581616,172.4247804084287,0.0,4368.384000000001,3064.7564913288666,100.0,19.265478747250494,0.0,2740.6721942522495,0.0,23.340278856436264,3041.4162124724303,0.0,0.10394835472106934,0.04610896110534668,0.5,0.0,47161.534345517335,33500.40113839778,16.72,0.0,0.0,9.247429798680237,9.247429798680237
uniform,12,88.01024999731855,20.564409416886882,4445.633443107035,3045.491012581616,170.1150431070354,0.0,4375.5184,3064.7564913288666,100.0,19.265478747250494,0.0,2740.9284601821705,0.0,23.340278856436264,3041.4162124724303,0.0,0.11958718299865723,0.031394004821777344,0.5,0.0,51607.16778862437,36545.892150979395,18.24,0.0,0.0,9.247429798680237,9.247429798680237
uniform,13,86.59660289117387,22.350084450024116,4435.373808786579,3045.491012581616,179.61380878657914,0.0,4355.759999999999,3064.7564913288666,100.0,19.265478747250494,0.0,2720.201634032034,0.0,23.340278856436264,3041.4162124724303,0.0,0.11821484565734863,0.046691179275512695,0.5,0.0,56042.54159741095,39591.38316356101,19.759999999999998,0.0,0.0,9.247429798680237,9.247429798680237
uniform,14,88.27578401602047,19.68353494201407,4438.798752919296,3045.491012581616,179.3091529192951,0.0,4359.489600000001,3064.7564913288666,100.0,19.265478747250494,0.0,2743.862323688291,0.0,23.340278856436264,3041.4162124724303,0.0,0.09766006469726562,0.0498654842376709,0.5,0.0,60481.34035033025,42636.87417614263,21.279999999999998,0.0,0.0,9.247429798680237,9.247429798680237
uniform,15,85.33888045225613,23.689810820613708,4439.929695465281,3045.491012581616,189.11369546528118,0.0,4350.816,3064.7564913288666,100.0,19.265478747250494,0.0,2710.608384558039,0.0,23.340278856436264,3041.4162124724303,0.0,0.1235356330871582,0.04359102249145508,0.5,0.0,64921.27004579553,45682.365188724245,22.799999999999997,0.0,0.0,9.247429798680237,9.247429798680237
uniform,16,77.4565413339472,19.320176277694465,3988.460097158692,3045.491012581616,147.481057158691,0.0,3940.979040000001,3064.7564913288666,100.0,19.265478747250494,0.0,2447.9331321302216,0.0,23.340278856436264,3041.4162124724303,0.0,0.10564947128295898,0.04844260215759277,0.5,0.0,68909.73014295423,48727.85620130586,24.319999999999997,0.0,0.0,9.247429798680237,9.247429798680237
uniform,17,76.7688835292059,21.79433135686027,4023.8293378894086,3045.491012581616,171.83285788940782,0.0,3951.9964800000007,3064.7564913288666,100.0,19.265478747250494,0.0,2471.7321187196767,0.0,23.340278856436264,3041.4162124724303,0.0,0.11287569999694824,0.04345870018005371,0.5,0.0,72933.55948084363,51773.34721388748,25.839999999999996,0.0,0.0,9.247429798680237,9.247429798680237
uniform,18,87.06897422060221,22.364422236755967,4433.261606782943,3045.491012581616,187.49520678294178,0.0,4345.766400000001,3064.7564913288666,100.0,19.265478747250494,0.0,2744.799197109855,0.0,23.340278856436264,3041.4162124724303,0.0,0.12122654914855957,0.033846139907836914,0.5,0.0,77366.82108762657,54818.838226469095,27.359999999999996,0.0,0.0,9.247429798680237,9.247429798680237
uniform,19,82.95392994050128,24.628405271333843,4433.787725530692,3045.491012581616,177.48212553069246,0.0,4356.3056,3064.7564913288666,100.0,19.265478747250494,0.0,2724.3881753181035,0.0,23.340278856436264,3041.4162124724303,0.0,0.11750459671020508,0.045789480209350586,0.5,0.0,81800.60881315726,57864.32923905071,28.879999999999995,0.0,0.0,9.247429798680237,9.247429798680237
uniform,20,82.60020912336067,24.303778721802527,4415.314644150689,3045.491012581616,159.55464415068974,0.0,4355.759999999999,3064.7564913288666,100.0,19.265478747250494,0.0,2723.1434968153426,0.0,23.340278856436264,3041.4162124724303,0.0,0.10935115814208984,0.04121255874633789,0.5,0.0,86215.92345730794,60909.82025163233,30.399999999999995,0.0,0.0,9.247429798680237,9.247429798680237
uniform,21,81.20828187948342,24.558608323078438,4430.66765901014,3045.491012581616,188.688459010139,0.0,4341.979200000001,3064.7564913288666,100.0,19.265478747250494,0.0,2741.5720373043823,0.0,23.340278856436264,3041.4162124724303,0.0,0.09713482856750488,0.046915292739868164,0.5,0.0,90646.59111631809,63955.311264213946,31.919999999999995,0.0,0.0,9.247429798680237,9.247429798680237
uniform,22,81.75441438053086,22.27701407274462,4437.430640813192,3045.491012581616,184.91224081319297,0.0,4352.5184,3064.7564913288666,100.0,19.265478747250494,0.0,2720.499077029577,0.0,23.340278856436264,3041.4162124724303,0.0,0.11547064781188965,0.04613184928894043,0.5,0.0,95084.02175713128,67000.80227679556,33.44,0.0,0.0,9.247429798680237,9.247429798680237
uniform,23,74.88631276670993,20.490975669468387,3983.197211925572,3045.491012581616,157.9775319255711,0.0,3925.219680000001,3064.7564913288666,100.0,19.265478747250494,0.0,2470.9926714415155,0.0,23.340278856436264,3041.4162124724303,0.0,0.12117958068847656,0.04200124740600586,0.5,0.0,99067.21896905685,70046.29328937716,34.96,0.0,0.0,9.247429798680237,9.247429798680237
uniform,24,77.3107741976847,18.62351214774844,3991.3370401208904,3045.491012581616,155.09992012088952,0.0,3936.2371200000007,3064.7564913288666,100.0,19.265478747250494,0.0,2473.899868296657,0.0,23.340278856436264,3041.4162124724303,0.0,0.10030961036682129,0.04178905487060547,0.5,0.0,103058.55600917774,73091.78430195877,36.480000000000004,0.0,0.0,9.247429798680237,9.247429798680237
uniform,25,81.87965777103982,20.88465198751037,4427.495649179929,3045.491012581616,181.7292491799281,0.0,4345.766400000001,3064.7564913288666,100.0,19.265478747250494,0.0,2730.9497721381595,0.0,23.340278856436264,3041.4162124724303,0.0,0.12007761001586914,0.03416919708251953,0.5,0.0,107486.05165835767,76137.27531454038,38.00000000000001,0.0,0.0,9.247429798680237,9.247429798680237
uniform,26,83.3302640329544,23.28421500187989,4460.7787600774,3045.491012581616,204.47316007740048,0.0,4356.3056,3064.7564913288666,100.0,19.265478747250494,0.0,2745.1706310492145,0.0,23.340278856436264,3041.4162124724303,0.0,0.18416380882263184,0.04505753517150879,0.5,0.0,111946.83041843507,79182.766327122,39.52000000000001,0.0,0.0,9.247429798680237,9.247429798680237
uniform,27,80.10644267253019,19.31128588010697,4405.055146822358,3045.491012581616,170.21034682235842,0.0,4334.8448,3064.7564913288666,100.0,19.265478747250494,0.0,2715.822964570676,0.0,23.340278856436264,3041.4162124724303,0.0,0.10798811912536621,0.03654217720031738,0.5,0.0,116351.88556525743,82228.2573397036,41.04000000000001,0.0,0.0,9.247429798680237,9.247429798680237
uniform,28,82.07959905318405,21.04151608383958,4428.902075553451,3045.491012581616,166.00767555345064,0.0,4362.8944,3064.7564913288666,100.0,19.265478747250494,0.0,2715.178948270402,0.0,23.340278856436264,3041.4162124724303,0.0,0.10685920715332031,0.0470733642578125,0.5,0.0,120780.78764081089,85273.74835228521,42.56000000000002,0.0,0.0,9.247429798680237,9.247429798680237
uniform,29,83.70659262692932,22.531073020721543,4463.480551771221,3045.491012581616,190.04695177122062,0.0,4373.4336,3064.7564913288666,100.0,19.265478747250494,0.0,2725.632923410859,0.0,23.340278856436264,3041.4162124724303,0.0,0.10659313201904297,0.03723883628845215,0.5,0.0,125244.26819258211,88319.23936486682,44.08000000000002,0.0,0.0,9.247429798680237,9.247429798680237
uniform,30,73.7763487645965,18.94935556760742,3989.577079096658,3045.491012581616,145.53371909665637,0.0,3944.0433600000015,3064.7564913288666,100.0,19.265478747250494,0.0,2451.554944646129,0.0,23.340278856436264,3041.4162124724303,0.0,0.2116391658782959,0.043897390365600586,0.5,0.0,129233.84527167877,91364.73037744843,45.60000000000002,0.0,0.0,9.247429798680237,9.247429798680237
uniform,31,72.39121688885952,19.74335432583654,4001.7881282928874,3729.03799049801,149.79164829288712,0.0,3951.9964800000007,3752.790189781529,100.0,23.752199283519122,0.0,2477.056038779044,0.0,0.0,3752.790189781529,0.0,0.43688416481018066,0.07806515693664551,0.5,0.0,133235.63339997167,95093.76836794644,47.120000000000026,0.0,0.0,11.401055656089179,11.401055656089179
uniform,32,79.09036226736328,20.761757764227557,4415.934059685999,3729.03799049801,163.35805968599877,0.0,4352.576000000001,3752.790189781529,100.0,23.752199283519122,0.0,2724.089929647148,0.0,0.0,3752.790189781529,0.0,0.11255240440368652,0.04748892784118652,0.5,0.0,137651.56745965767,98822.80635844445,48.64000000000003,0.0,0.0,11.401055656089179,11.401055656089179
uniform,33,80.44200357265336,18.916508938148386,4416.249047887612,3729.03799049801,161.64584788761118,0.0,4354.6032000000005,3752.790189781529,100.0,23.752199283519122,0.0,2723.0680427227117,0.0,0.0,3752.790189781529,0.0,0.12543272972106934,0.04469156265258789,0.5,0.0,142067.81650754527,102551.84434894245,50.16000000000003,0.0,0.0,11.401055656089179,11.401055656089179
uniform,34,76.79502470260041,23.090152196691232,4397.084949485479,3729.03799049801,146.43214948547967,0.0,4350.6528,3752.790189781529,100.0,23.752199283519122,0.0,2723.6146080706817,0.0,0.0,3752.790189781529,0.0,0.11863946914672852,0.0446469783782959,0.5,0.0,146464.90145703076,106280.88233944046,51.680000000000035,0.0,0.0,11.401055656089179,11.401055656089179
uniform,35,76.93722414252143,23.577329717726155,4413.777718771303,3729.03799049801,166.6913187713029,0.0,4347.0864,3752.790189781529,100.0,23.752199283519122,0.0,2723.871819631145,0.0,0.0,3752.790189781529,0.0,0.1190347671508789,0.044183969497680664,0.5,0.0,150878.67917580207,110009.92032993847,53.20000000000004,0.0,0.0,11.401055656089179,11.401055656089179
uniform,36,80.6226085820366,25.621006145545955,4446.2387617869845,3729.03799049801,172.80516178698403,0.0,4373.4336,3752.790189781529,100.0,23.752199283519122,0.0,2734.9931028703677,0.0,0.0,3752.790189781529,0.0,0.12319111824035645,0.04691267013549805,0.5,0.0,155324.91793758905,113738.95832043648,54.72000000000004,0.0,0.0,11.401055656089179,11.401055656089179
uniform,37,73.1835630921488,22.137080563586576,4013.4018466047783,3729.03799049801,169.35848660477674,0.0,3944.0433600000015,3752.790189781529,100.0,23.752199283519122,0.0,2459.1829215707817,0.0,0.0,3752.790189781529,0.0,0.10284852981567383,0.04242110252380371,0.5,0.0,159338.31978419382,117467.99631093448,56.240000000000045,0.0,0.0,11.401055656089179,11.401055656089179
uniform,38,71.63476970112283,21.4937009600007,3998.263410924579,3729.03799049801,165.09061092457847,0.0,3933.1728000000007,3752.790189781529,100.0,23.752199283519122,0.0,2454.3702797505207,0.0,0.0,3752.790189781529,0.0,0.11818361282348633,0.04514813423156738,0.5,0.0,163336.5831951184,121197.03430143249,57.76000000000005,0.0,0.0,11.401055656089179,11.401055656089179
uniform,39,78.01423744943293,26.891969586901624,4442.753646096717,3729.03799049801,193.58244609671587,0.0,4349.171200000001,3752.790189781529,100.0,23.752199283519122,0.0,2728.336353389121,0.0,0.0,3752.790189781529,0.0,0.10709428787231445,0.03115534782409668,0.5,0.0,167779.33684121512,124926.0722919305,59.28000000000005,0.0,0.0,11.401055656089179,11.401055656089179
uniform,40,74.37527489759269,21.80102026918698,4433.81027185787,3729.03799049801,175.80227185786967,0.0,4358.008000000001,3752.790189781529,100.0,23.752199283519122,0.0,2728.8402243329515,0.0,0.0,3752.790189781529,0.0,0.10844540596008301,0.049017906188964844,0.5,0.0,172213.14711307298,128655.1102824285,60.800000000000054,0.0,0.0,11.401055656089179,11.401055656089179
uniform,41,73.08664293528388,22.597400470580162,4415.65155206248,3729.03799049801,179.10435206247993,0.0,4336.5472,3752.790189781529,100.0,23.752199283519122,0.0,2696.5377448190657,0.0,0.0,3752.790189781529,0.0,0.11863923072814941,0.04459977149963379,0.5,0.0,176628.79866513546,132384.1482729265,62.32000000000006,0.0,0.0,11.401055656089179,11.401055656089179
uniform,42,77.52909227231953,20.03173828976841,4431.445354873948,3729.03799049801,166.84855487394807,0.0,4364.5968,3752.790189781529,100.0,23.752199283519122,0.0,2739.98821207432,0.0,0.0,3752.790189781529,0.0,0.14273357391357422,0.04629325866699219,0.5,0.0,181060.2440200094,136113.18626342452,63.84000000000006,0.0,0.0,11.401055656089179,11.401055656089179
uniform,43,72.7159364493449,18.249691143969706,4425.6523542247605,3729.03799049801,152.21875422476046,0.0,4373.4336,3752.790189781529,100.0,23.752199283519122,0.0,2716.259652053346,0.0,0.0,3752.790189781529,0.0,0.11315798759460449,0.04737401008605957,0.5,0.0,185485.89637423417,139842.22425392253,65.36000000000006,0.0,0.0,11.401055656089179,11.401055656089179
uniform,44,69.26482972250261,20.280163225806913,3980.821855647634,3729.03799049801,139.8428156476332,0.0,3940.979040000001,3752.790189781529,100.0,23.752199283519122,0.0,2461.1390220589665,0.0,0.0,3752.790189781529,0.0,0.12543988227844238,0.09007835388183594,0.5,0.0,189466.7182298818,143571.26224442053,66.88000000000005,0.0,0.0,11.401055656089179,11.401055656089179
uniform,45,69.51270231332946,23.193321244799492,3992.276545597034,3729.03799049801,156.0394255970334,0.0,3936.2371200000007,3752.790189781529,100.0,23.752199283519122,0.0,2473.278500787907,0.0,0.0,3752.790189781529,0.0,0.13359761238098145,0.0830986499786377,0.5,0.0,193458.99477547884,147300.30023491854,68.40000000000005,0.0,0.0,11.401055656089179,11.401055656089179
uniform,46,75.90164725314445,22.09088543726733,4405.973804907988,3729.03799049801,158.5050049079868,0.0,4347.4688000000015,3752.790189781529,100.0,23.752199283519122,0.0,2710.7254824396646,0.0,0.0,3752.790189781529,0.0,0.1282966136932373,0.04985547065734863,0.5,0.0,197864.96858038683,151029.33822541655,69.92000000000004,0.0,0.0,11.401055656089179,11.401055656089179
uniform,47,74.23952435413854,22.5146155849436,4422.615743234973,3729.03799049801,166.31014323497328,0.0,4356.3056,3752.790189781529,100.0,23.752199283519122,0.0,2720.5414691881097,0.0,0.0,3752.790189781529,0.0,0.13151884078979492,0.06322574615478516,0.5,0.0,202287.58432362182,154758.37621591456,71.44000000000004,0.0,0.0,11.401055656089179,11.401055656089179
uniform,48,76.58206955392593,21.67741093378266,4405.616381513038,3729.03799049801,149.85638151303857,0.0,4355.759999999999,3752.790189781529,100.0,23.752199283519122,0.0,2731.646715907821,0.0,0.0,3752.790189781529,0.0,0.13101577758789062,0.05390286445617676,0.5,0.0,206693.20070513486,158487.41420641256,72.96000000000004,0.0,0.0,11.401055656089179,11.401055656089179
uniform,49,71.09059662312639,24.119963025893714,4414.412038558996,3729.03799049801,170.73043855899633,0.0,4343.6816,3752.790189781529,100.0,23.752199283519122,0.0,2725.222773105343,0.0,0.0,3752.790189781529,0.0,0.1207585334777832,0.059760093688964844,0.5,0.0,211107.61274369387,162216.45219691057,74.48000000000003,0.0,0.0,11.401055656089179,11.401055656089179
uniform,50,73.9395542371823,22.16245150500325,4426.264891275275,3729.03799049801,172.04409127527447,0.0,4354.2208,3752.790189781529,100.0,23.752199283519122,0.0,2696.7212091260203,0.0,0.0,3752.790189781529,0.0,0.10110282897949219,0.04868316650390625,0.5,0.0,215533.87763496913,165945.49018740858,76.00000000000003,0.0,0.0,11.401055656089179,11.401055656089179
uniform,51,63.755396401225774,21.522120325535244,3963.35195734667,3729.03799049801,122.37291734666923,0.0,3940.979040000001,3752.790189781529,100.0,23.752199283519122,0.0,2465.845082511724,0.0,0.0,3752.790189781529,0.0,0.10917496681213379,0.044911861419677734,0.5,0.0,219497.2295923158,169674.52817790658,77.52000000000002,0.0,0.0,11.401055656089179,11.401055656089179
uniform,52,64.28181342087605,22.696410622417417,3991.2880468604303,3729.03799049801,158.1152468604296,0.0,3933.1728000000007,3752.790189781529,100.0,23.752199283519122,0.0,2476.351377129874,0.0,0.0,3752.790189781529,0.0,0.17845702171325684,0.04493093490600586,0.5,0.0,223488.51763917622,173403.5661684046,79.04000000000002,0.0,0.0,11.401055656089179,11.401055656089179
uniform,53,71.04117573884541,24.46719986841848,4423.364958748326,3729.03799049801,154.98095874832487,0.0,4368.384000000001,3752.790189781529,100.0,23.752199283519122,0.0,2743.517870283654,0.0,0.0,3752.790189781529,0.0,0.12729597091674805,0.04837298393249512,0.5,0.0,227911.88259792456,177132.6041589026,80.56000000000002,0.0,0.0,11.401055656089179,11.401055656089179
uniform,54,69.44477701234001,22.232348002433984,4428.410612378535,3729.03799049801,152.89221237853494,0.0,4375.5184,3752.790189781529,100.0,23.752199283519122,0.0,2754.1265046207586,0.0,0.0,3752.790189781529,0.0,0.12017679214477539,0.04899907112121582,0.5,0.0,232340.2932103031,180861.6421494006,82.08000000000001,0.0,0.0,11.401055656089179,11.401055656089179
uniform,55,71.84536135709374,21.70627799095501,4385.512616704403,3729.03799049801,150.6678167044028,0.0,4334.8448,3752.790189781529,100.0,23.752199283519122,0.0,2704.6512070344093,0.0,0.0,3752.790189781529,0.0,0.13111114501953125,0.04402637481689453,0.5,0.0,236725.80582700748,184590.6801398986,83.60000000000001,0.0,0.0,11.401055656089179,11.401055656089179
uniform,56,71.27336299891819,24.95055733285317,4402.936364412413,3729.03799049801,157.55236441241215,0.0,4345.384000000001,3752.790189781529,100.0,23.752199283519122,0.0,2710.7088957644833,0.0,0.0,3752.790189781529,0.0,0.1001889705657959,0.04495978355407715,0.5,0.0,241128.7421914199,188319.71813039662,85.12,0.0,0.0,11.401055656089179,11.401055656089179
uniform,57,70.05178991127536,23.20889173777168,4425.791858954123,3729.03799049801,152.35825895412307,0.0,4373.4336,3752.790189781529,100.0,23.752199283519122,0.0,2738.901777688529,0.0,0.0,3752.790189781529,0.0,0.1022493839263916,0.045723915100097656,0.5,0.0,245554.53405037403,192048.75612089463,86.64,0.0,0.0,11.401055656089179,11.401055656089179
uniform,58,62.44732074350557,21.178799008191984,3982.57684118132,3729.03799049801,138.53348118131862,0.0,3944.0433600000015,3752.790189781529,100.0,23.752199283519122,0.0,2505.1137209077,0.0,0.0,3752.790189781529,0.0,0.1206974983215332,0.04556131362915039,0.5,0.0,249537.11089155535,195777.79411139264,88.16,0.0,0.0,11.401055656089179,11.401055656089179
uniform,59,64.38902929786,18.825309288956277,3973.2546094156423,3729.03799049801,124.32244941564169,0.0,3948.9321600000007,3752.790189781529,100.0,23.752199283519122,0.0,2462.3166442247866,0.0,0.0,3752.790189781529,0.0,0.11758255958557129,0.045075416564941406,0.5,0.0,253510.36550097098,199506.83210189064,89.67999999999999,0.0,0.0,11.401055656089179,11.401055656089179
uniform,60,65.40638309779442,24.067124508893922,4399.68676612925,3729.03799049801,150.51556612924963,0.0,4349.171200000001,3752.790189781529,100.0,23.752199283519122,0.0,2738.740739993465,0.0,0.0,3752.790189781529,0.0,0.12196135520935059,0.04346132278442383,0.5,0.0,257910.05226710023,203235.87009238865,91.19999999999999,0.0,0.0,11.401055656089179,11.401055656089179
uniform,61,68.063645224713,19.91036216054047,4412.435337591937,3729.03799049801,152.72493759193716,0.0,4359.7104,3752.790189781529,100.0,23.752199283519122,0.0,2734.25362918116,0.0,0.0,3752.790189781529,0.0,0.11712408065795898,0.052010297775268555,0.5,0.0,262322.48760469217,206964.90808288666,92.71999999999998,0.0,0.0,11.401055656089179,11.401055656089179
uniform,62,69.01342000636863,24.005533598879154,4407.218637508362,3729.03799049801,170.67143750836166,0.0,4336.5472,3752.790189781529,100.0,23.752199283519122,0.0,2726.8192146451165,0.0,0.0,3752.790189781529,0.0,0.11100482940673828,0.04820060729980469,0.5,0.0,266729.7062422005,210693.94607338466,94.23999999999998,0.0,0.0,11.401055656089179,11.401055656089179
uniform,63,68.02294997720396,23.40484375621865,4411.667829088767,3729.03799049801,167.98622908876683,0.0,4343.6816,3752.790189781529,100.0,23.752199283519122,0.0,2712.9746484283787,0.0,0.0,3752.790189781529,0.0,0.11115550994873047,0.05092358589172363,0.5,0.0,271141.37407128926,214422.98406388267,95.75999999999998,0.0,0.0,11.401055656089179,11.401055656089179
uniform,64,66.02231015891157,24.89119038924703,4431.9185531527255,3729.03799049801,158.48495315272515,0.0,4373.4336,3752.790189781529,100.0,23.752199283519122,0.0,2726.127435977405,0.0,0.0,3752.790189781529,0.0,0.1125037670135498,0.054355621337890625,0.5,0.0,275573.29262444197,218152.02205438068,97.27999999999997,0.0,0.0,11.401055656089179,11.401055656089179
uniform,65,62.938945943814396,22.233144425912847,3982.484521094578,3729.03799049801,139.97332109457702,0.0,3942.5112000000013,3752.790189781529,100.0,23.752199283519122,0.0,2474.9797815983047,0.0,0.0,3752.790189781529,0.0,0.11828112602233887,0.05188798904418945,0.5,0.0,279555.77714553656,221881.0600448787,98.79999999999997,0.0,0.0,11.401055656089179,11.401055656089179
uniform,66,60.31213214309662,21.465166791040055,3990.2126612102547,3729.03799049801,138.21618121025423,0.0,3951.9964800000007,3752.790189781529,100.0,23.752199283519122,0.0,2481.9471456575134,0.0,0.0,3752.790189781529,0.0,0.1029205322265625,0.0476381778717041,0.5,0.0,283545.98980674683,225610.0980353767,100.31999999999996,0.0,0.0,11.401055656089179,11.401055656089179
uniform,67,65.77484510939998,22.445162648946045,4404.99989564858,3729.03799049801,138.31829564857884,0.0,4366.681600000001,3752.790189781529,100.0,23.752199283519122,0.0,2725.8859193618587,0.0,0.0,3752.790189781529,0.0,0.1051943302154541,0.045552730560302734,0.5,0.0,287950.9897023954,229339.1360258747,101.83999999999996,0.0,0.0,11.401055656089179,11.401055656089179
uniform,68,67.10954927507268,21.693751947045982,4411.20116733514,3729.03799049801,133.98036733513987,0.0,4377.2208,3752.790189781529,100.0,23.752199283519122,0.0,2731.7059175757945,0.0,0.0,3752.790189781529,0.0,0.11795878410339355,0.045848846435546875,0.5,0.0,292362.19086973055,233068.1740163727,103.35999999999996,0.0,0.0,11.401055656089179,11.401055656089179
uniform,69,64.06529014238073,21.988337052490582,4373.8516737366335,3729.03799049801,139.0068737366335,0.0,4334.8448,3752.790189781529,100.0,23.752199283519122,0.0,2723.240495111356,0.0,0.0,3752.790189781529,0.0,0.10468459129333496,0.038143157958984375,0.5,0.0,296736.0425434672,236797.21200687072,104.87999999999995,0.0,0.0,11.401055656089179,11.401055656089179
uniform,70,66.31330141728326,22.87025498453884,4405.554486274638,3729.03799049801,140.9576862746384,0.0,4364.5968,3752.790189781529,100.0,23.752199283519122,0.0,2725.47044807068,0.0,0.0,3752.790189781529,0.0,0.12425827980041504,0.10210037231445312,0.5,0.0,301141.59702974185,240526.24999736872,106.39999999999995,0.0,0.0,11.401055656089179,11.401055656089179
uniform,71,67.2174341679452,19.82075507354983,4406.31110976605,3729.03799049801,136.2823097660502,0.0,4370.0288,3752.790189781529,100.0,23.752199283519122,0.0,2748.2106046936965,0.0,0.0,3752.790189781529,0.0,0.10841226577758789,0.04151177406311035,0.5,0.0,305547.9081395079,244255.28798786673,107.91999999999994,0.0,0.0,11.401055656089179,11.401055656089179
uniform,72,58.16194922361857,19.955626252156197,3986.570386035235,3729.03799049801,161.35070603523397,0.0,3925.219680000001,3752.790189781529,100.0,23.752199283519122,0.0,2463.070829755876,0.0,0.0,3752.790189781529,0.0,0.10014581680297852,0.05118107795715332,0.5,0.0,309534.4785255432,247984.32597836474,109.43999999999994,0.0,0.0,11.401055656089179,11.401055656089179
uniform,73,55.062300670365424,21.25843907517822,3966.7735498366774,3729.03799049801,130.5364298366766,0.0,3936.2371200000007,3752.790189781529,100.0,23.752199283519122,0.0,2457.9080398391457,0.0,0.0,3752.790189781529,0.0,0.12437915802001953,0.057631492614746094,0.5,0.0,313501.25207537983,251713.36396886274,110.95999999999994,0.0,0.0,11.401055656089179,11.401055656089179
uniform,74,64.48514502937071,23.121770037214326,4404.931216966756,3729.03799049801,154.05761696675538,0.0,4350.873600000001,3752.790189781529,100.0,23.752199283519122,0.0,2731.95646337378,0.0,0.0,3752.790189781529,0.0,0.09574580192565918,0.04917645454406738,0.5,0.0,317906.1832923466,255442.40195936075,112.47999999999993,0.0,0.0,11.401055656089179,11.401055656089179
uniform,75,63.71693699619069,20.161137171281872,4399.085739614156,3729.03799049801,139.37533961415622,0.0,4359.7104,3752.790189781529,100.0,23.752199283519122,0.0,2718.1245447527467,0.0,0.0,3752.790189781529,0.0,0.11737370491027832,0.04045724868774414,0.5,0.0,322305.26903196075,259171.43994985876,113.99999999999993,0.0,0.0,11.401055656089179,11.401055656089179
uniform,76,63.51638972813557,21.708189730232622,4387.327842776883,3729.03799049801,149.07824277688226,0.0,4338.2496,3752.790189781529,100.0,23.752199283519122,0.0,2709.3290675007433,0.0,0.0,3752.790189781529,0.0,0.12116026878356934,0.05417680740356445,0.5,0.0,326692.59687473765,262900.47794035677,115.51999999999992,0.0,0.0,11.401055656089179,11.401055656089179
uniform,77,60.61197806109228,22.225340118528493,4400.332145333585,3729.03799049801,139.14014533358431,0.0,4361.192,3752.790189781529,100.0,23.752199283519122,0.0,2730.093130975692,0.0,0.0,3752.790189781529,0.0,0.12523508071899414,0.05310344696044922,0.5,0.0,331092.9290200712,266629.5159308548,117.03999999999992,0.0,0.0,11.401055656089179,11.401055656089179
uniform,78,64.5585908360077,25.661627247224295,4425.057294515452,3729.03799049801,155.0284945154516,0.0,4370.0288,3752.790189781529,100.0,23.752199283519122,0.0,2737.9955334862943,0.0,0.0,3752.790189781529,0.0,0.12203216552734375,0.05363583564758301,0.5,0.0,335517.98631458665,270358.5539213528,118.55999999999992,0.0,0.0,11.401055656089179,11.401055656089179
uniform,79,55.91879099028677,20.70246656196347,3971.4948360378967,3729.03799049801,127.45147603789502,0.0,3944.0433600000015,3752.790189781529,100.0,23.752199283519122,0.0,2465.089048951965,0.0,0.0,3752.790189781529,0.0,0.12508797645568848,0.051024675369262695,0.5,0.0,339489.4811506246,274087.5919118508,120.07999999999991,0.0,0.0,11.401055656089179,11.401055656089179
uniform,80,53.59622975902753,22.13180284560607,3972.7165732667468,3729.03799049801,120.720093266746,0.0,3951.9964800000007,3752.790189781529,100.0,23.752199283519122,0.0,2474.835559599319,0.0,0.0,3752.790189781529,0.0,0.11606669425964355,0.055023193359375,0.5,0.0,343462.1977238913,277816.6299023488,121.59999999999991,0.0,0.0,11.401055656089179,11.401055656089179
uniform,81,58.978915413409766,21.21855728164276,4378.480525308876,3729.03799049801,132.7141253088749,0.0,4345.766400000001,3752.790189781529,100.0,23.752199283519122,0.0,2714.5684843600075,0.0,0.0,3752.790189781529,0.0,0.11302757263183594,0.04668998718261719,0.5,0.0,347840.67824920017,281545.6678928468,123.1199999999999,0.0,0.0,11.401055656089179,11.401055656089179
uniform,82,58.437271008625736,21.07338366419708,4403.9571484869775,3729.03799049801,144.24674848697748,0.0,4359.7104,3752.790189781529,100.0,23.752199283519122,0.0,2724.345224294198,0.0,0.0,3752.790189781529,0.0,0.10498309135437012,0.048555612564086914,0.5,0.0,352244.63539768715,285274.7058833448,124.6399999999999,0.0,0.0,11.401055656089179,11.401055656089179
uniform,83,62.14461809897603,25.177474658997905,4400.65975946393,3729.03799049801,144.8997594639301,0.0,4355.759999999999,3752.790189781529,100.0,23.752199283519122,0.0,2714.9235087297693,0.0,0.0,3752.790189781529,0.0,0.11984586715698242,0.03352236747741699,0.5,0.0,356645.29515715106,289003.7438738428,126.1599999999999,0.0,0.0,11.401055656089179,11.401055656089179
uniform,84,62.22046488779629,23.09744081791274,4394.781944919676,3729.03799049801,151.10034491967608,0.0,4343.6816,3752.790189781529,100.0,23.752199283519122,0.0,2711.1351434644203,0.0,0.0,3752.790189781529,0.0,0.10872626304626465,0.051636695861816406,0.5,0.0,361040.07710207073,292732.7818643408,127.6799999999999,0.0,0.0,11.401055656089179,11.401055656089179
uniform,85,59.660714619294026,24.33958557165145,4407.043091285369,3729.03799049801,154.52469128536862,0.0,4352.5184,3752.790189781529,100.0,23.752199283519122,0.0,2731.5770518803424,0.0,0.0,3752.790189781529,0.0,0.10951972007751465,0.038930416107177734,0.5,0.0,365447.1201933561,296461.81985483883,129.1999999999999,0.0,0.0,11.401055656089179,11.401055656089179
uniform,86,56.574924098125685,18.55812961047008,3979.227069210333,3729.03799049801,135.18370921033156,0.0,3944.0433600000015,3752.790189781529,100.0,23.752199283519122,0.0,2454.8140007531183,0.0,0.0,3752.790189781529,0.0,0.11201333999633789,0.04189562797546387,0.5,0.0,369426.34726256644,300190.85784533684,130.7199999999999,0.0,0.0,11.401055656089179,11.401055656089179
uniform,87,53.59190945695809,19.99580201335803,3969.2425143771907,3729.03799049801,118.7781943771896,0.0,3950.464320000001,3752.790189781529,100.0,23.752199283519122,0.0,2466.453845708421,0.0,0.0,3752.790189781529,0.0,0.0935966968536377,0.05211472511291504,0.5,0.0,373395.5897769436,303919.89583583485,132.23999999999992,0.0,0.0,11.401055656089179,11.401055656089179
uniform,88,60.04684230407816,22.953308354569437,4396.024773076648,3729.03799049801,127.6407730766472,0.0,4368.384000000001,3752.790189781529,100.0,23.752199283519122,0.0,2733.2295345761363,0.0,0.0,3752.790189781529,0.0,0.12532281875610352,0.05279111862182617,0.5,0.0,377791.61455002025,307648.93382633285,133.75999999999993,0.0,0.0,11.401055656089179,11.401055656089179
uniform,89,60.14195686276033,24.29566299336134,4410.511089516566,3729.03799049801,152.50308951656538,0.0,4358.008000000001,3752.790189781529,100.0,23.752199283519122,0.0,2725.2807648948356,0.0,0.0,3752.790189781529,0.0,0.1199333667755127,0.055062055587768555,0.5,0.0,382202.1256395368,311377.97181683086,135.27999999999994,0.0,0.0,11.401055656089179,11.401055656089179
uniform,90,61.35026660835263,23.245678851953112,4392.430491041851,3729.03799049801,138.37289104185203,0.0,4354.057599999999,3752.790189781529,100.0,23.752199283519122,0.0,2691.270065681608,0.0,0.0,3752.790189781529,0.0,0.1146097183227539,0.049689292907714844,0.5,0.0,386594.5561305787,315107.00980732887,136.79999999999995,0.0,0.0,11.401055656089179,11.401055656089179
uniform,91,59.8737660921748,20.856730187786074,4395.010897441692,3729.03799049801,132.11649744169193,0.0,4362.8944,3752.790189781529,100.0,23.752199283519122,0.0,2721.2172180310527,0.0,0.0,3752.790189781529,0.0,0.13266706466674805,0.06129288673400879,0.5,0.0,390989.5670280204,318836.0477978269,138.31999999999996,0.0,0.0,11.401055656089179,11.401055656089179
uniform,92,58.994710139004816,21.28998201776202,4400.163654042325,3729.03799049801,149.34765404232556,0.0,4350.816,3752.790189781529,100.0,23.752199283519122,0.0,2721.2368109091894,0.0,0.0,3752.790189781529,0.0,0.10495948791503906,0.04910588264465332,0.5,0.0,395389.73068206274,322565.0857883249,139.83999999999997,0.0,0.0,11.401055656089179,11.401055656089179
uniform,93,53.63280233752471,18.894109406430882,3955.204669276645,3729.03799049801,112.69346927664365,0.0,3942.5112000000013,3752.790189781529,100.0,23.752199283519122,0.0,2484.1027515401256,0.0,0.0,3752.790189781529,0.0,0.14239168167114258,0.05106043815612793,0.5,0.0,399344.9353513394,326294.1237788229,141.35999999999999,0.0,0.0,11.401055656089179,11.401055656089179
uniform,94,51.70400100311114,22.443635858732016,3964.2379488285874,3729.03799049801,113.77362882858637,0.0,3950.464320000001,3752.790189781529,100.0,23.752199283519122,0.0,2466.9724469303587,0.0,0.0,3752.790189781529,0.0,0.11291670799255371,0.03565216064453125,0.5,0.0,403309.173300168,330023.1617693209,142.88,0.0,0.0,11.401055656089179,11.401055656089179
uniform,95,56.632244685914934,22.852851933501228,4379.060009787982,3729.03799049801,133.29360978798124,0.0,4345.766400000001,3752.790189781529,100.0,23.752199283519122,0.0,2716.5098069970236,0.0,0.0,3752.790189781529,0.0,0.12350153923034668,0.05269122123718262,0.5,0.0,407688.233309956,333752.1997598189,144.4,0.0,0.0,11.401055656089179,11.401055656089179
uniform,96,59.020531983189386,23.81214442054662,4425.98573193756,3729.03799049801,167.97773193755918,0.0,4358.008000000001,3752.790189781529,100.0,23.752199283519122,0.0,2737.663090325797,0.0,0.0,3752.790189781529,0.0,0.10909175872802734,0.0486607551574707,0.5,0.0,412114.21904189355,337481.2377503169,145.92000000000002,0.0,0.0,11.401055656089179,11.401055656089179
uniform,97,58.22451609719612,19.542709990314965,4365.512758753476,3729.03799049801,130.66795875347603,0.0,4334.8448,3752.790189781529,100.0,23.752199283519122,0.0,2722.5861376218577,0.0,0.0,3752.790189781529,0.0,0.09546303749084473,0.03477811813354492,0.5,0.0,416479.73180064705,341210.2757408149,147.44000000000003,0.0,0.0,11.401055656089179,11.401055656089179
uniform,98,57.444674521712564,20.477262446391663,4393.385187640662,3729.03799049801,132.19318764066142,0.0,4361.192,3752.790189781529,100.0,23.752199283519122,0.0,2721.2633508326344,0.0,0.0,3752.790189781529,0.0,0.09514403343200684,0.044016361236572266,0.5,0.0,420873.1169882877,344939.3137313129,148.96000000000004,0.0,0.0,11.401055656089179,11.401055656089179
uniform,99,54.98482231484365,22.153209052684726,4397.000420267687,3729.03799049801,144.48202026768737,0.0,4352.5184,3752.790189781529,100.0,23.752199283519122,0.0,2719.947587927723,0.0,0.0,3752.790189781529,0.0,0.13027739524841309,0.047658443450927734,0.5,0.0,425270.1174085554,348668.35172181093,150.48000000000005,0.0,0.0,11.401055656089179,11.401055656089179
uniform,100,52.91454745711434,19.3106729000628,3975.5955955248087,3729.03799049801,133.08439552480752,0.0,3942.5112000000013,3752.790189781529,100.0,23.752199283519122,0.0,2459.442724874273,0.0,0.0,3752.790189781529,0.0,0.12658071517944336,0.043013811111450195,0.5,0.0,429245.71300408023,352397.38971230894,152.00000000000006,0.0,0.0,11.401055656089179,11.401055656089179
uniform,101,49.933749474122145,19.876365489589876,3966.424496692429,3729.03799049801,114.42801669242826,0.0,3951.9964800000007,3752.790189781529,100.0,23.752199283519122,0.0,2470.7590861181197,0.0,0.0,3752.790189781529,0.0,0.20493221282958984,0.039099693298339844,0.5,0.0,433212.13750077266,356126.42770280695,153.52000000000007,0.0,0.0,11.401055656089179,11.401055656089179
uniform,102,55.07193535586938,21.741245238697864,4390.405096646095,3729.03799049801,122.02109664609482,0.0,4368.384000000001,3752.790189781529,100.0,23.752199283519122,0.0,2699.075336368034,0.0,0.0,3752.790189781529,0.0,0.12219810485839844,0.05063128471374512,0.5,0.0,437602.54259741877,359855.46569330496,155.04000000000008,0.0,0.0,11.401055656089179,11.401055656089179
uniform,103,53.573188138268456,24.698300518241656,4397.360235615294,3729.03799049801,139.35223561529318,0.0,4358.008000000001,3752.790189781529,100.0,23.752199283519122,0.0,2717.843734855167,0.0,0.0,3752.790189781529,0.0,0.13744544982910156,0.06937837600708008,0.5,0.0,441999.90283303405,363584.50368380296,156.5600000000001,0.0,0.0,11.401055656089179,11.401055656089179
uniform,104,54.654275043576,23.121358537689364,4390.578951758453,3729.03799049801,134.81895175845315,0.0,4355.759999999999,3752.790189781529,100.0,23.752199283519122,0.0,2715.0554682670013,0.0,0.0,3752.790189781529,0.0,0.13054227828979492,0.02385258674621582,0.5,0.0,446390.4817847925,367313.54167430097,158.0800000000001,0.0,0.0,11.401055656089179,11.401055656089179
uniform,105,56.68855799815143,22.58014409922162,4387.992134371659,3729.03799049801,140.90573437165884,0.0,4347.0864,3752.790189781529,100.0,23.752199283519122,0.0,2703.1319623227546,0.0,0.0,3752.790189781529,0.0,0.09365439414978027,0.036787986755371094,0.5,0.0,450778.47391916416,371042.579664799,159.6000000000001,0.0,0.0,11.401055656089179,11.401055656089179
uniform,106,55.49911127276505,21.46111047814788,4400.85512093677,3729.03799049801,150.03912093677016,0.0,4350.816,3752.790189781529,100.0,23.752199283519122,0.0,2734.241019267917,0.0,0.0,3752.790189781529,0.0,0.10567545890808105,0.028995752334594727,0.5,0.0,455179.3290401009,374771.617655297,161.12000000000012,0.0,0.0,11.401055656089179,11.401055656089179
uniform,107,50.45195242807839,19.95580473937459,3947.7550356720053,3729.03799049801,119.47103567200443,0.0,3928.284000000001,3752.790189781529,100.0,23.752199283519122,0.0,2441.333683974097,0.0,0.0,3752.790189781529,0.0,0.08307123184204102,0.04116535186767578,0.5,0.0,459127.0840757729,378500.655645795,162.64000000000013,0.0,0.0,11.401055656089179,11.401055656089179
uniform,108,50.20047809344135,19.588835576657292,3950.8598183179574,3729.03799049801,116.15485831795651,0.0,3934.704960000001,3752.790189781529,100.0,23.752199283519122,0.0,2454.251717622882,0.0,0.0,3752.790189781529,0.0,0.06253671646118164,0.03499603271484375,0.5,0.0,463077.9438940909,382229.693636293,164.16000000000014,0.0,0.0,11.401055656089179,11.401055656089179
uniform,109,55.78672617513312,19.19665592324132,4376.4631118748175,3729.03799049801,123.8871118748167,0.0,4352.576000000001,3752.790189781529,100.0,23.752199283519122,0.0,2709.724677405143,0.0,0.0,3752.790189781529,0.0,0.06567525863647461,0.03594660758972168,0.5,0.0,467454.4070059657,385958.731626791,165.68000000000015,0.0,0.0,11.401055656089179,11.401055656089179
uniform,110,53.78060159181181,21.27533029051775,4392.173387559806,3729.03799049801,114.95258755980527,0.0,4377.2208,3752.790189781529,100.0,23.752199283519122,0.0,2737.6521557185033,0.0,0.0,3752.790189781529,0.0,0.14473795890808105,0.025095462799072266,0.5,0.0,471846.58039352554,389687.769617289,167.20000000000016,0.0,0.0,11.401055656089179,11.401055656089179
uniform,111,56.586134313268495,20.788080531412266,4355.614414210604,3729.03799049801,120.76961421060417,0.0,4334.8448,3752.790189781529,100.0,23.752199283519122,0.0,2731.7711958168848,0.0,0.0,3752.790189781529,0.0,0.07104849815368652,0.023953914642333984,0.5,0.0,476202.19480773614,393416.807607787,168.72000000000017,0.0,0.0,11.401055656089179,11.401055656089179
uniform,112,56.10645076081829,21.86663043971882,4379.8402042131,3729.03799049801,115.24340421310035,0.0,4364.5968,3752.790189781529,100.0,23.752199283519122,0.0,2726.424557766743,0.0,0.0,3752.790189781529,0.0,0.08748459815979004,0.02152252197265625,0.5,0.0,480582.03501194925,397145.845598285,170.24000000000018,0.0,0.0,11.401055656089179,11.401055656089179
uniform,113,56.28930227360954,24.8523395642367,4400.610511159895,3729.03799049801,127.17691115989527,0.0,4373.4336,3752.790189781529,100.0,23.752199283519122,0.0,2714.8776665975497,0.0,0.0,3752.790189781529,0.0,0.11216616630554199,0.02414846420288086,0.5,0.0,484982.6455231091,400874.88358878304,171.7600000000002,0.0,0.0,11.401055656089179,11.401055656089179
uniform,114,48.38979969340716,19.619012567831305,3942.723884031634,3729.03799049801,119.03636403163262,0.0,3923.6875200000013,3752.790189781529,100.0,23.752199283519122,0.0,2458.029034442343,0.0,0.0,3752.790189781529,0.0,0.10605835914611816,0.02830052375793457,0.5,0.0,488925.36940714077,404603.92157928104,173.2800000000002,0.0,0.0,11.401055656089179,11.401055656089179
uniform,115,49.96508492343886,24.114287903761255,3965.084192889592,3729.03799049801,114.6198728895909,0.0,3950.464320000001,3752.790189781529,100.0,23.752199283519122,0.0,2475.076925003012,0.0,0.0,3752.790189781529,0.0,0.1133882999420166,0.04679155349731445,0.5,0.0,492890.45360003033,408332.95956977905,174.8000000000002,0.0,0.0,11.401055656089179,11.401055656089179
uniform,116,59.19099261252609,23.11901488799595,4401.323092195747,3729.03799049801,132.9390921957469,0.0,4368.384000000001,3752.790189781529,100.0,23.752199283519122,0.0,2727.8097958377375,0.0,0.0,3752.790189781529,0.0,0.09921884536743164,0.03213334083557129,0.5,0.0,497291.77669222606,412061.99756027706,176.32000000000022,0.0,0.0,11.401055656089179,11.401055656089179
uniform,117,57.0703263394949,22.563224675029094,4401.094446398044,3729.03799049801,123.87364639804395,0.0,4377.2208,3752.790189781529,100.0,23.752199283519122,0.0,2733.9842704574808,0.0,0.0,3752.790189781529,0.0,0.09985661506652832,0.02398991584777832,0.5,0.0,501692.8711386241,415791.03555077506,177.84000000000023,0.0,0.0,11.401055656089179,11.401055656089179
uniform,118,54.55256411642057,24.223810352146653,4373.34478973421,3729.03799049801,117.58478973421114,0.0,4355.759999999999,3752.790189781529,100.0,23.752199283519122,0.0,2689.886036342306,0.0,0.0,3752.790189781529,0.0,0.11702489852905273,0.024605751037597656,0.5,0.0,506066.2159283583,419520.0735412731,179.36000000000024,0.0,0.0,11.401055656089179,11.401055656089179
uniform,119,54.98692169913736,20.82383559800744,4390.317925520024,3729.03799049801,148.33872552002356,0.0,4341.979200000001,3752.790189781529,100.0,23.752199283519122,0.0,2684.283614435889,0.0,0.0,3752.790189781529,0.0,0.098419189453125,0.05324602127075195,0.5,0.0,510456.5338538783,423249.1115317711,180.88000000000025,0.0,0.0,11.401055656089179,11.401055656089179
uniform,120,56.02652143925963,21.932842827502135,4407.3706634959,3729.03799049801,153.1498634959,0.0,4354.2208,3752.790189781529,100.0,23.752199283519122,0.0,2716.416900885264,0.0,0.0,3752.790189781529,0.0,0.117919921875,0.04131937026977539,0.5,0.0,514863.90451737423,426978.1495222691,182.40000000000026,0.0,0.0,11.401055656089179,11.401055656089179
uniform,121,48.800246541746986,22.82773664724308,3960.118644765318,3729.03799049801,134.89896476531712,0.0,3925.219680000001,3752.790189781529,100.0,23.752199283519122,0.0,2450.2260400393875,0.0,0.0,3752.790189781529,0.0,0.09424614906311035,0.04424118995666504,0.5,0.0,518824.0231621396,430707.1875127671,183.92000000000027,0.0,0.0,11.401055656089179,11.401055656089179
uniform,122,47.453963678782365,21.1832792243011,3978.504443908238,3729.03799049801,128.04012390823718,0.0,3950.464320000001,3752.790189781529,100.0,23.752199283519122,0.0,2464.8852776296303,0.0,0.0,3752.790189781529,0.0,0.11866927146911621,0.045020341873168945,0.5,0.0,522802.5276060478,434436.2255032651,185.44000000000028,0.0,0.0,11.401055656089179,11.401055656089179
uniform,123,54.48777040936975,22.48224952721972,4402.020916363413,3729.03799049801,152.84971636341186,0.0,4349.171200000001,3752.790189781529,100.0,23.752199283519122,0.0,2734.5096455976563,0.0,0.0,3752.790189781529,0.0,0.12160015106201172,0.04590439796447754,0.5,0.0,527204.5485224113,438165.2634937631,186.9600000000003,0.0,0.0,11.401055656089179,11.401055656089179
uniform,124,53.05430965215286,24.24777651193461,4399.396947308915,3729.03799049801,143.09134730891483,0.0,4356.3056,3752.790189781529,100.0,23.752199283519122,0.0,2722.7267305886553,0.0,0.0,3752.790189781529,0.0,0.11690640449523926,0.03480815887451172,0.5,0.0,531603.9454697202,441894.3014842611,188.4800000000003,0.0,0.0,11.401055656089179,11.401055656089179
uniform,125,54.97065167074279,19.976705715055893,4363.428153380852,3729.03799049801,125.17855338085161,0.0,4338.2496,3752.790189781529,100.0,23.752199283519122,0.0,2699.4426504810026,0.0,0.0,3752.790189781529,0.0,0.1173849105834961,0.04531121253967285,0.5,0.0,535967.373623101,445623.3394747591,190.0000000000003,0.0,0.0,11.401055656089179,11.401055656089179
uniform,126,54.6211800617788,23.637213610099796,4408.799076654406,3729.03799049801,145.90467665440647,0.0,4362.8944,3752.790189781529,100.0,23.752199283519122,0.0,2746.7512263699386,0.0,0.0,3752.790189781529,0.0,0.11759471893310547,0.04706978797912598,0.5,0.0,540376.1726997554,449352.37746525713,191.52000000000032,0.0,0.0,11.401055656089179,11.401055656089179
uniform,127,57.26068036701133,22.111529594522082,4405.812584984134,3729.03799049801,132.37898498413438,0.0,4373.4336,3752.790189781529,100.0,23.752199283519122,0.0,2725.557649498034,0.0,0.0,3752.790189781529,0.0,0.12878918647766113,0.04053330421447754,0.5,0.0,544781.9852847395,453081.41545575514,193.04000000000033,0.0,0.0,11.401055656089179,11.401055656089179
uniform,128,47.66870372363751,19.276363500771083,3942.0917662260763,3729.03799049801,113.80776622607542,0.0,3928.284000000001,3752.790189781529,100.0,23.752199283519122,0.0,2472.1614738844246,0.0,0.0,3752.790189781529,0.0,0.10384678840637207,0.04401969909667969,0.5,0.0,548724.0770509656,456810.45344625314,194.56000000000034,0.0,0.0,11.401055656089179,11.401055656089179
uniform,129,50.1923890572099,19.102356145624203,3962.2432929565757,3729.03799049801,129.07049295657512,0.0,3933.1728000000007,3752.790189781529,100.0,23.752199283519122,0.0,2480.532606997514,0.0,0.0,3752.790189781529,0.0,0.11324501037597656,0.03982257843017578,0.5,0.0,552686.3203439222,460539.49143675115,196.08000000000035,0.0,0.0,11.401055656089179,11.401055656089179
uniform,130,55.0501966815776,22.259755325368154,4393.870265090045,3729.03799049801,142.99666509004456,0.0,4350.873600000001,3752.790189781529,100.0,23.752199283519122,0.0,2732.8299090407236,0.0,0.0,3752.790189781529,0.0,0.10291767120361328,0.04413175582885742,0.5,0.0,557080.1906090123,464268.52942724916,197.60000000000036,0.0,0.0,11.401055656089179,11.401055656089179
uniform,131,55.655531220630856,23.073087324272876,4397.790261942244,3729.03799049801,120.56946194224419,0.0,4377.2208,3752.790189781529,100.0,23.752199283519122,0.0,2740.9809557487706,0.0,0.0,3752.790189781529,0.0,0.11386275291442871,0.045557498931884766,0.5,0.0,561477.9808709545,467997.56741774717,199.12000000000037,0.0,0.0,11.401055656089179,11.401055656089179
uniform,132,58.142906956666344,23.641738849342403,4393.2957108294495,3729.03799049801,139.23811082945,0.0,4354.057599999999,3752.790189781529,100.0,23.752199283519122,0.0,2713.4516029460824,0.0,0.0,3752.790189781529,0.0,0.11892580986022949,0.04663348197937012,0.5,0.0,565871.2765817839,471726.6054082452,200.64000000000038,0.0,0.0,11.401055656089179,11.401055656089179
uniform,133,54.40926838635454,26.017833880729995,4389.0148044860725,3729.03799049801,124.41800448607263,0.0,4364.5968,3752.790189781529,100.0,23.752199283519122,0.0,2725.991840532754,0.0,0.0,3752.790189781529,0.0,0.12504863739013672,0.04306602478027344,0.5,0.0,570260.29138627,475455.6433987432,202.1600000000004,0.0,0.0,11.401055656089179,11.401055656089179
uniform,134,52.69478802752972,24.029746761009548,4396.428608205952,3729.03799049801,122.9950082059511,0.0,4373.4336,3752.790189781529,100.0,23.752199283519122,0.0,2753.7704556656845,0.0,0.0,3752.790189781529,0.0,0.11377906799316406,0.043921470642089844,0.5,0.0,574656.719994476,479184.6813892412,203.6800000000004,0.0,0.0,11.401055656089179,11.401055656089179
uniform,135,50.12110923974577,23.619277964272293,3964.6984728108864,3729.03799049801,139.47879281088524,0.0,3925.219680000001,3752.790189781529,100.0,23.752199283519122,0.0,2440.247774561259,0.0,0.0,3752.790189781529,0.0,0.11371040344238281,0.045065879821777344,0.5,0.0,578621.4184672869,482913.7193797392,205.20000000000041,0.0,0.0,11.401055656089179,11.401055656089179
uniform,136,49.076017118375184,20.811199985753426,3953.4677665367694,3729.03799049801,120.29496653676867,0.0,3933.1728000000007,3752.790189781529,100.0,23.752199283519122,0.0,2456.1960498741514,0.0,0.0,3752.790189781529,0.0,0.11882805824279785,0.03654217720031738,0.5,0.0,582574.8862338236,486642.7573702372,206.72000000000043,0.0,0.0,11.401055656089179,11.401055656089179
uniform,137,55.39032687466073,22.173933387450735,4389.9546595479815,3729.03799049801,140.7834595479804,0.0,4349.171200000001,3752.790189781529,100.0,23.752199283519122,0.0,2715.7025354333077,0.0,0.0,3752.790189781529,0.0,0.1044459342956543,0.04600191116333008,0.5,0.0,586964.8408933716,490371.7953607352,208.24000000000044,0.0,0.0,11.401055656089179,11.401055656089179
uniform,138,54.90236726991125,22.951418047622646,4387.953548140434,3729.03799049801,128.24314814043345,0.0,4359.7104,3752.790189781529,100.0,23.752199283519122,0.0,2734.206462397383,0.0,0.0,3752.790189781529,0.0,0.11644983291625977,0.04100918769836426,0.5,0.0,591352.7944415121,494100.8333512332,209.76000000000045,0.0,0.0,11.401055656089179,11.401055656089179
uniform,139,57.475810546719366,25.044232654328013,4366.866251284321,3729.03799049801,116.21345128432112,0.0,4350.6528,3752.790189781529,100.0,23.752199283519122,0.0,2730.4811601127226,0.0,0.0,3752.790189781529,0.0,0.12108612060546875,0.035335540771484375,0.5,0.0,595719.6606927965,497829.8713417312,211.28000000000046,0.0,0.0,11.401055656089179,11.401055656089179
uniform,140,54.09991123676272,22.63930256769185,4398.495549776963,3729.03799049801,154.8139497769632,0.0,4343.6816,3752.790189781529,100.0,23.752199283519122,0.0,2690.307894326925,0.0,0.0,3752.790189781529,0.0,0.09291577339172363,0.04835820198059082,0.5,0.0,600118.1562425734,501558.90933222923,212.80000000000047,0.0,0.0,11.401055656089179,11.401055656089179
uniform,141,55.65673241237469,21.786394809242474,4400.361424744644,3729.03799049801,126.9278247446437,0.0,4373.4336,3752.790189781529,100.0,23.752199283519122,0.0,2740.911761118503,0.0,0.0,3752.790189781529,0.0,0.11105108261108398,0.04356813430786133,0.5,0.0,604518.517667318,505287.94732272724,214.32000000000048,0.0,0.0,11.401055656089179,11.401055656089179
uniform,142,46.87517623180696,17.488068480558866,3971.141804410756,3729.03799049801,127.09844441075444,0.0,3944.0433600000015,3752.790189781529,100.0,23.752199283519122,0.0,2438.458043524523,0.0,0.0,3752.790189781529,0.0,0.10080862045288086,0.046004533767700195,0.5,0.0,608489.6594717287,509016.98531322525,215.8400000000005,0.0,0.0,11.401055656089179,11.401055656089179
uniform,143,49.607366744555556,19.90676094966602,3972.7890031245443,3729.03799049801,120.79252312454358,0.0,3951.9964800000007,3752.790189781529,100.0,23.752199283519122,0.0,2485.4351332707947,0.0,0.0,3752.790189781529,0.0,0.10825848579406738,0.04454517364501953,0.5,0.0,612462.4484748533,512746.02330372325,217.3600000000005,0.0,0.0,11.401055656089179,11.401055656089179
uniform,144,54.82633952012109,24.74436869653214,4405.937306361153,3729.03799049801,137.55330636115167,0.0,4368.384000000001,3752.790189781529,100.0,23.752199283519122,0.0,2702.8860995514433,0.0,0.0,3752.790189781529,0.0,0.11589455604553223,0.04410815238952637,0.5,0.0,616868.3857812145,516475.06129422126,218.8800000000005,0.0,0.0,11.401055656089179,11.401055656089179
uniform,145,57.445335292217685,22.38203502161649,4401.723527745294,3729.03799049801,124.50272774529408,0.0,4377.2208,3752.790189781529,100.0,23.752199283519122,0.0,2733.1179516939824,0.0,0.0,3752.790189781529,0.0,0.1263105869293213,0.04724431037902832,0.5,0.0,621270.1093089598,520204.09928471927,220.40000000000052,0.0,0.0,11.401055656089179,11.401055656089179
uniform,146,57.2807396718566,24.437652691867697,4370.124901561067,3729.03799049801,136.9825015610678,0.0,4333.1424,3752.790189781529,100.0,23.752199283519122,0.0,2726.0674247056977,0.0,0.0,3752.790189781529,0.0,0.1155862808227539,0.0426325798034668,0.5,0.0,625640.2342105209,523933.1372752173,221.92000000000053,0.0,0.0,11.401055656089179,11.401055656089179
uniform,147,57.42536768690892,21.715656492142788,4398.15880024484,3729.03799049801,133.5620002448399,0.0,4364.5968,3752.790189781529,100.0,23.752199283519122,0.0,2755.414067878984,0.0,0.0,3752.790189781529,0.0,0.1268606185913086,0.04518246650695801,0.5,0.0,630038.3930107657,527662.1752657153,223.44000000000054,0.0,0.0,11.401055656089179,11.401055656089179
uniform,148,55.87313356925379,24.045761535828685,4414.015597925298,3729.03799049801,142.2843979252977,0.0,4371.7312,3752.790189781529,100.0,23.752199283519122,0.0,2739.9439042036997,0.0,0.0,3752.790189781529,0.0,0.10882115364074707,0.030117511749267578,0.5,0.0,634452.408608691,531391.2132562133,224.96000000000055,0.0,0.0,11.401055656089179,11.401055656089179
uniform,149,50.1808150596057,18.633384340551064,3955.1774181565934,3729.03799049801,112.66621815659211,0.0,3942.5112000000013,3752.790189781529,100.0,23.752199283519122,0.0,2472.6675132568894,0.0,0.0,3752.790189781529,0.0,0.14108824729919434,0.06765341758728027,0.5,0.0,638407.5860268476,535120.2512467114,226.48000000000056,0.0,0.0,11.401055656089179,11.401055656089179
uniform,150,49.33714952819989,22.4168411965965,3980.403633460544,3729.03799049801,128.40715346054333,0.0,3951.9964800000007,3752.790189781529,100.0,23.752199283519122,0.0,2476.6031091845985,0.0,0.0,3752.790189781529,0.0,0.10095429420471191,0.0365443229675293,0.5,0.0,642387.9896603081,538849.2892372094,228.00000000000057,0.0,0.0,11.401055656089179,11.401055656089179
uniform,151,56.68731772866042,24.27728167143354,4395.867225724244,3729.03799049801,146.69602572424347,0.0,4349.171200000001,3752.790189781529,100.0,23.752199283519122,0.0,2709.6670341901386,0.0,0.0,3752.790189781529,0.0,0.1228322982788086,0.0500636100769043,0.5,0.0,646783.8568860324,542578.3272277074,229.52000000000058,0.0,0.0,11.401055656089179,11.401055656089179
uniform,152,58.273506046454344,23.88853372777856,4392.486009240058,3729.03799049801,137.88280924005747,0.0,4354.6032000000005,3752.790189781529,100.0,23.752199283519122,0.0,2729.98509841609,0.0,0.0,3752.790189781529,0.0,0.12794709205627441,0.05200052261352539,0.5,0.0,651176.3428952724,546307.3652182054,231.0400000000006,0.0,0.0,11.401055656089179,11.401055656089179
uniform,153,59.155911828027946,23.204184724703445,4396.32112913043,3729.03799049801,140.56112913043032,0.0,4355.759999999999,3752.790189781529,100.0,23.752199283519122,0.0,2706.4958087298196,0.0,0.0,3752.790189781529,0.0,0.10494661331176758,0.05162358283996582,0.5,0.0,655572.6640244029,550036.4032087034,232.5600000000006,0.0,0.0,11.401055656089179,11.401055656089179
uniform,154,59.01824212622245,22.192795759075228,4398.6407254355,3729.03799049801,134.04392543549952,0.0,4364.5968,3752.790189781529,100.0,23.752199283519122,0.0,2721.382495764929,0.0,0.0,3752.790189781529,0.0,0.10329461097717285,0.041085243225097656,0.5,0.0,659971.3047498383,553765.4411992014,234.0800000000006,0.0,0.0,11.401055656089179,11.401055656089179
uniform,155,57.2847582548535,24.4542266400804,4421.762551250961,3729.03799049801,148.3289512509613,0.0,4373.4336,3752.790189781529,100.0,23.752199283519122,0.0,2738.291959006324,0.0,0.0,3752.790189781529,0.0,0.1262354850769043,0.03634166717529297,0.5,0.0,664393.0673010893,557494.4791896994,235.60000000000062,0.0,0.0,11.401055656089179,11.401055656089179
uniform,156,54.037465295888126,22.767899444533818,3985.085896344351,3729.03799049801,141.0425363443498,0.0,3944.0433600000015,3752.790189781529,100.0,23.752199283519122,0.0,2471.1233831962995,0.0,0.0,3752.790189781529,0.0,0.10834026336669922,0.04300403594970703,0.5,0.0,668378.1531974337,561223.5171801974,237.12000000000063,0.0,0.0,11.401055656089179,11.401055656089179
uniform,157,51.16236397647976,22.313877670076575,3969.7269487246026,3729.03799049801,133.48982872460206,0.0,3936.2371200000007,3752.790189781529,100.0,23.752199283519122,0.0,2454.426626396549,0.0,0.0,3752.790189781529,0.0,0.12383127212524414,0.03402972221374512,0.5,0.0,672347.8801461583,564952.5551706954,238.64000000000064,0.0,0.0,11.401055656089179,11.401055656089179
uniform,158,59.7238401477613,24.40032347181823,4395.502281247134,3729.03799049801,127.11828124713374,0.0,4368.384000000001,3752.790189781529,100.0,23.752199283519122,0.0,2739.848708115671,0.0,0.0,3752.790189781529,0.0,0.08909082412719727,0.04199337959289551,0.5,0.0,676743.3824274054,568681.5931611934,240.16000000000065,0.0,0.0,11.401055656089179,11.401055656089179
uniform,159,62.83053530252685,24.55053667744493,4412.7654332786715,3729.03799049801,135.54463327867126,0.0,4377.2208,3752.790189781529,100.0,23.752199283519122,0.0,2720.8111146296383,0.0,0.0,3752.790189781529,0.0,0.09596514701843262,0.04677581787109375,0.5,0.0,681156.1478606841,572410.6311516914,241.68000000000066,0.0,0.0,11.401055656089179,11.401055656089179
uniform,160,58.5987893782559,21.927758965055496,4396.717694412381,3729.03799049801,140.95769441238193,0.0,4355.759999999999,3752.790189781529,100.0,23.752199283519122,0.0,2747.3249781518603,0.0,0.0,3752.790189781529,0.0,0.11939144134521484,0.06855893135070801,0.5,0.0,685552.8655550964,576139.6691421894,243.20000000000067,0.0,0.0,11.401055656089179,11.401055656089179
uniform,161,61.75977671687062,24.497043004108868,4384.649476263457,3729.03799049801,140.9678762634569,0.0,4343.6816,3752.790189781529,100.0,23.752199283519122,0.0,2723.3500365398595,0.0,0.0,3752.790189781529,0.0,0.11162161827087402,0.06856560707092285,0.5,0.0,689937.5150313599,579868.7071326874,244.72000000000068,0.0,0.0,11.401055656089179,11.401055656089179
uniform,162,62.122230450043084,20.803374219214703,4398.7009957739565,3729.03799049801,126.9697957739564,0.0,4371.7312,3752.790189781529,100.0,23.752199283519122,0.0,2744.8608922358653,0.0,0.0,3752.790189781529,0.0,0.11464858055114746,0.04705047607421875,0.5,0.0,694336.2160271339,583597.7451231855,246.2400000000007,0.0,0.0,11.401055656089179,11.401055656089179
uniform,163,56.24948888826651,19.443175763820026,3962.99773382972,3729.03799049801,136.24589382971854,0.0,3926.7518400000013,3752.790189781529,100.0,23.752199283519122,0.0,2440.859953140486,0.0,0.0,3752.790189781529,0.0,0.1390700340270996,0.04869365692138672,0.5,0.0,698299.2137609636,587326.7831136835,247.7600000000007,0.0,0.0,11.401055656089179,11.401055656089179
uniform,164,56.87879118480694,22.339126377623476,3984.7707029228077,3729.03799049801,134.3063829228067,0.0,3950.464320000001,3752.790189781529,100.0,23.752199283519122,0.0,2466.222958602598,0.0,0.0,3752.790189781529,0.0,0.12285017967224121,0.04350399971008301,0.5,0.0,702283.9844638865,591055.8211041815,249.2800000000007,0.0,0.0,11.401055656089179,11.401055656089179
uniform,165,61.219687170570985,21.361518259842573,4384.599907948919,3729.03799049801,133.72630794891862,0.0,4350.873600000001,3752.790189781529,100.0,23.752199283519122,0.0,2736.967258289056,0.0,0.0,3752.790189781529,0.0,0.10682487487792969,0.048621416091918945,0.5,0.0,706668.5843718353,594784.8590946795,250.80000000000072,0.0,0.0,11.401055656089179,11.401055656089179
uniform,166,61.45049377696767,24.15257853326547,4412.732658112568,3729.03799049801,153.02225811256818,0.0,4359.7104,3752.790189781529,100.0,23.752199283519122,0.0,2730.2242310819356,0.0,0.0,3752.790189781529,0.0,0.08415412902832031,0.04169797897338867,0.5,0.0,711081.3170299479,598513.8970851775,252.32000000000073,0.0,0.0,11.401055656089179,11.401055656089179
uniform,167,61.095087016692595,22.070533101313764,4392.946066469056,3729.03799049801,137.18606646905627,0.0,4355.759999999999,3752.790189781529,100.0,23.752199283519122,0.0,2730.3177387064907,0.0,0.0,3752.790189781529,0.0,0.10660338401794434,0.04500174522399902,0.5,0.0,715474.263096417,602242.9350756755,253.84000000000074,0.0,0.0,11.401055656089179,11.401055656089179
uniform,168,63.120279229465986,21.887574860256564,4390.282951182261,3729.03799049801,146.60135118226106,0.0,4343.6816,3752.790189781529,100.0,23.752199283519122,0.0,2711.1505813164486,0.0,0.0,3752.790189781529,0.0,0.11947083473205566,0.049439191818237305,0.5,0.0,719864.5460475992,605971.9730661735,255.36000000000075,0.0,0.0,11.401055656089179,11.401055656089179
uniform,169,62.083245668849976,24.161703700222404,4430.807435397358,3729.03799049801,157.37383539735765,0.0,4373.4336,3752.790189781529,100.0,23.752199283519122,0.0,2732.8098524779393,0.0,0.0,3752.790189781529,0.0,0.1250612735748291,0.045209646224975586,0.5,0.0,724295.3534829966,609701.0110566715,256.88000000000073,0.0,0.0,11.401055656089179,11.401055656089179
uniform,170,53.71403248739431,19.09422472623007,3954.129738465644,3729.03799049801,130.4422184656428,0.0,3923.6875200000013,3752.790189781529,100.0,23.752199283519122,0.0,2443.475438746271,0.0,0.0,3752.790189781529,0.0,0.10375595092773438,0.040625810623168945,0.5,0.0,728249.4832214622,613430.0490471695,258.4000000000007,0.0,0.0,11.401055656089179,11.401055656089179
uniform,171,55.13348153286514,19.396543526400574,3967.8156986175154,3729.03799049801,133.11073861751456,0.0,3934.704960000001,3752.790189781529,100.0,23.752199283519122,0.0,2460.4366373331236,0.0,0.0,3752.790189781529,0.0,0.11736845970153809,0.04490995407104492,0.5,0.0,732217.2989200797,617159.0870376675,259.9200000000007,0.0,0.0,11.401055656089179,11.401055656089179
uniform,172,65.23109419914344,21.494358946740796,4393.858063205,3729.03799049801,144.68686320499913,0.0,4349.171200000001,3752.790189781529,100.0,23.752199283519122,0.0,2721.4136043005487,0.0,0.0,3752.790189781529,0.0,0.11816120147705078,0.0481867790222168,0.5,0.0,736611.1569832847,620888.1250281655,261.4400000000007,0.0,0.0,11.401055656089179,11.401055656089179
uniform,173,63.87649764135225,22.79001898103333,4402.895439628982,3729.03799049801,146.58983962898256,0.0,4356.3056,3752.790189781529,100.0,23.752199283519122,0.0,2720.0832665013645,0.0,0.0,3752.790189781529,0.0,0.10503053665161133,0.0456850528717041,0.5,0.0,741014.0524229137,624617.1630186635,262.96000000000066,0.0,0.0,11.401055656089179,11.401055656089179
uniform,174,65.8050137334734,21.512821626007423,4382.512453959243,3729.03799049801,144.26285395924307,0.0,4338.2496,3752.790189781529,100.0,23.752199283519122,0.0,2707.6606110060275,0.0,0.0,3752.790189781529,0.0,0.12001442909240723,0.04359102249145508,0.5,0.0,745396.5648768729,628346.2010091615,264.48000000000064,0.0,0.0,11.401055656089179,11.401055656089179
uniform,175,63.93778206822773,22.1062178413134,4411.194293732837,3729.03799049801,148.29989373283675,0.0,4362.8944,3752.790189781529,100.0,23.752199283519122,0.0,2726.730161351793,0.0,0.0,3752.790189781529,0.0,0.11243391036987305,0.04750680923461914,0.5,0.0,749807.7591706058,632075.2389996595,266.0000000000006,0.0,0.0,11.401055656089179,11.401055656089179
uniform,176,62.386669041931036,21.562395111526513,4400.26212831409,3729.03799049801,149.44612831408978,0.0,4350.816,3752.790189781529,100.0,23.752199283519122,0.0,2739.5556989878546,0.0,0.0,3752.790189781529,0.0,0.11224174499511719,0.044631004333496094,0.5,0.0,754208.0212989199,635804.2769901576,267.5200000000006,0.0,0.0,11.401055656089179,11.401055656089179
uniform,177,58.298417239524305,19.176523121121516,3970.6099349876804,3729.03799049801,128.09873498767897,0.0,3942.5112000000013,3752.790189781529,100.0,23.752199283519122,0.0,2491.131043064769,0.0,0.0,3752.790189781529,0.0,0.13278841972351074,0.044854164123535156,0.5,0.0,758178.6312339077,639533.3149806556,269.0400000000006,0.0,0.0,11.401055656089179,11.401055656089179
uniform,178,59.41522926945256,21.06544790619253,3974.4193494967108,3729.03799049801,142.77870949670995,0.0,3931.640640000001,3752.790189781529,100.0,23.752199283519122,0.0,2468.048584074056,0.0,0.0,3752.790189781529,0.0,0.14152932167053223,0.04812002182006836,0.5,0.0,762153.0505834044,643262.3529711536,270.56000000000057,0.0,0.0,11.401055656089179,11.401055656089179
uniform,179,66.0296587233803,24.570236950537495,4433.24988843391,3729.03799049801,182.3762884339098,0.0,4350.873600000001,3752.790189781529,100.0,23.752199283519122,0.0,2702.5148627834333,0.0,0.0,3752.790189781529,0.0,0.11637401580810547,0.055539846420288086,0.5,0.0,766586.3004718383,646991.3909616516,272.08000000000055,0.0,0.0,11.401055656089179,11.401055656089179
uniform,180,65.610394469496,23.500836817935195,4413.613270602923,3729.03799049801,136.3924706029225,0.0,4377.2208,3752.790189781529,100.0,23.752199283519122,0.0,2750.4306554537393,0.0,0.0,3752.790189781529,0.0,0.13031363487243652,0.039544105529785156,0.5,0.0,770999.9137424412,650720.4289521496,273.60000000000053,0.0,0.0,11.401055656089179,11.401055656089179
uniform,181,69.10753657379082,24.84304180565935,4426.8626820675945,3729.03799049801,171.10268206759494,0.0,4355.759999999999,3752.790189781529,100.0,23.752199283519122,0.0,2710.0663231938242,0.0,0.0,3752.790189781529,0.0,0.12668108940124512,0.04599928855895996,0.5,0.0,775426.7764245088,654449.4669426476,275.1200000000005,0.0,0.0,11.401055656089179,11.401055656089179
uniform,182,67.80321109234661,23.045232004530916,4395.491150104484,3729.03799049801,150.1071501044838,0.0,4345.384000000001,3752.790189781529,100.0,23.752199283519122,0.0,2720.693865517821,0.0,0.0,3752.790189781529,0.0,0.12322354316711426,0.04452323913574219,0.5,0.0,779822.2675746132,658178.5049331456,276.6400000000005,0.0,0.0,11.401055656089179,11.401055656089179
uniform,183,67.63739347547047,21.56063740979482,4416.552336163361,3729.03799049801,143.11873616336138,0.0,4373.4336,3752.790189781529,100.0,23.752199283519122,0.0,2757.721144790195,0.0,0.0,3752.790189781529,0.0,0.11450052261352539,0.04366874694824219,0.5,0.0,784238.8199107766,661907.5429236436,278.1600000000005,0.0,0.0,11.401055656089179,11.401055656089179
uniform,184,60.90873342515963,23.39393602525782,3975.9291649437173,3729.03799049801,150.70948494371643,0.0,3925.219680000001,3752.790189781529,100.0,23.752199283519122,0.0,2446.3127457757746,0.0,0.0,3752.790189781529,0.0,0.11398434638977051,0.04667162895202637,0.5,0.0,788214.7490757203,665636.5809141416,279.68000000000046,0.0,0.0,11.401055656089179,11.401055656089179
uniform,185,64.39650229598227,20.200283503059946,3988.4998174777584,3729.03799049801,156.85917747775719,0.0,3931.640640000001,3752.790189781529,100.0,23.752199283519122,0.0,2442.876131276772,0.0,0.0,3752.790189781529,0.0,0.13786768913269043,0.04564189910888672,0.5,0.0,792203.2488931981,669365.6189046396,281.20000000000044,0.0,0.0,11.401055656089179,11.401055656089179
uniform,186,72.91439051811676,24.412990720637453,4405.695748372552,3729.03799049801,153.11974837255082,0.0,4352.576000000001,3752.790189781529,100.0,23.752199283519122,0.0,2707.8516588506686,0.0,0.0,3752.790189781529,0.0,0.1332111358642578,0.0445713996887207,0.5,0.0,796608.9446415707,673094.6568951376,282.7200000000004,0.0,0.0,11.401055656089179,11.401055656089179
uniform,187,71.08677553908332,22.97461524898611,4411.454421458476,3729.03799049801,150.04162145847582,0.0,4361.4128,3752.790189781529,100.0,23.752199283519122,0.0,2725.951771654515,0.0,0.0,3752.790189781529,0.0,0.13731980323791504,0.03584623336791992,0.5,0.0,801020.3990630292,676823.6948856356,284.2400000000004,0.0,0.0,11.401055656089179,11.401055656089179
uniform,188,67.1192151031503,21.148690033457047,4394.760322220438,3729.03799049801,142.4051222204383,0.0,4352.3552,3752.790189781529,100.0,23.752199283519122,0.0,2704.5823616681446,0.0,0.0,3752.790189781529,0.0,0.12705373764038086,0.04209589958190918,0.5,0.0,805415.1593852496,680552.7328761336,285.7600000000004,0.0,0.0,11.401055656089179,11.401055656089179
uniform,189,70.43912578346031,24.27910692593236,4406.179214570558,3729.03799049801,164.20001457055736,0.0,4341.979200000001,3752.790189781529,100.0,23.752199283519122,0.0,2714.198763241772,0.0,0.0,3752.790189781529,0.0,0.11705446243286133,0.04869508743286133,0.5,0.0,809821.3385998202,684281.7708666316,287.28000000000037,0.0,0.0,11.401055656089179,11.401055656089179
uniform,190,67.13854558328812,22.65840195572177,4421.0852170910075,3729.03799049801,149.35401709100697,0.0,4371.7312,3752.790189781529,100.0,23.752199283519122,0.0,2740.595564197304,0.0,0.0,3752.790189781529,0.0,0.11107063293457031,0.03356480598449707,0.5,0.0,814242.4238169112,688010.8088571297,288.80000000000035,0.0,0.0,11.401055656089179,11.401055656089179
uniform,191,61.089734155337474,20.537169200363834,3964.8787749792905,3729.03799049801,120.83541497928903,0.0,3944.0433600000015,3752.790189781529,100.0,23.752199283519122,0.0,2468.174068936553,0.0,0.0,3752.790189781529,0.0,0.11555743217468262,0.02424335479736328,0.5,0.0,818207.3025918904,691739.8468476277,290.32000000000033,0.0,0.0,11.401055656089179,11.401055656089179
uniform,192,63.662491340690956,21.932551324066242,3985.08048459427,3729.03799049801,134.6161645942688,0.0,3950.464320000001,3752.790189781529,100.0,23.752199283519122,0.0,2479.9963135411367,0.0,0.0,3752.790189781529,0.0,0.11719894409179688,0.0431063175201416,0.5,0.0,822192.3830764847,695468.8848381257,291.8400000000003,0.0,0.0,11.401055656089179,11.401055656089179
uniform,193,70.27309508983275,24.019005274349087,4414.398728153939,3729.03799049801,146.0147281539381,0.0,4368.384000000001,3752.790189781529,100.0,23.752199283519122,0.0,2724.695178979042,0.0,0.0,3752.790189781529,0.0,0.1141664981842041,0.03619837760925293,0.5,0.0,826606.7818046386,699197.9228286237,293.3600000000003,0.0,0.0,11.401055656089179,11.401055656089179
uniform,194,70.02827577625989,21.51019714876259,4426.429663925622,3729.03799049801,149.20886392562127,0.0,4377.2208,3752.790189781529,100.0,23.752199283519122,0.0,2715.3482887590903,0.0,0.0,3752.790189781529,0.0,0.11481142044067383,0.04654121398925781,0.5,0.0,831033.2114685642,702926.9608191217,294.8800000000003,0.0,0.0,11.401055656089179,11.401055656089179
uniform,195,72.32580441960101,24.31519022182215,4419.264703994977,3729.03799049801,182.71750399497685,0.0,4336.5472,3752.790189781529,100.0,23.752199283519122,0.0,2716.0283098973437,0.0,0.0,3752.790189781529,0.0,0.12162303924560547,0.035521507263183594,0.5,0.0,835452.4761725592,706655.9988096197,296.40000000000026,0.0,0.0,11.401055656089179,11.401055656089179
uniform,196,74.26111979640984,19.780798052886336,4401.044702339694,3729.03799049801,155.66070233969282,0.0,4345.384000000001,3752.790189781529,100.0,23.752199283519122,0.0,2731.5805589509364,0.0,0.0,3752.790189781529,0.0,0.11130475997924805,0.046655893325805664,0.5,0.0,839853.5208748989,710385.0368001177,297.92000000000024,0.0,0.0,11.401055656089179,11.401055656089179
uniform,197,71.45095553392356,24.238409799896882,4433.8962158146305,3729.03799049801,179.67541581463038,0.0,4354.2208,3752.790189781529,100.0,23.752199283519122,0.0,2746.7571898079887,0.0,0.0,3752.790189781529,0.0,0.11663341522216797,0.03905749320983887,0.5,0.0,844287.4170907135,714114.0747906157,299.4400000000002,0.0,0.0,11.401055656089179,11.401055656089179
uniform,198,64.96544313941659,18.005468968428023,3973.327444186287,3729.03799049801,149.63992418628544,0.0,3923.6875200000013,3752.790189781529,100.0,23.752199283519122,0.0,2466.7070971592398,0.0,0.0,3752.790189781529,0.0,0.1965961456298828,0.04473686218261719,0.5,0.0,848260.7445348998,717843.1127811137,300.9600000000002,0.0,0.0,11.401055656089179,11.401055656089179
uniform,199,66.26418103300598,20.075113841569877,4004.9737896432043,3729.03799049801,152.9773096432034,0.0,3951.9964800000007,3752.790189781529,100.0,23.752199283519122,0.0,2472.484731491078,0.0,0.0,3752.790189781529,0.0,0.1399519443511963,0.04596114158630371,0.5,0.0,852265.718324543,721572.1507716117,302.4800000000002,0.0,0.0,11.401055656089179,11.401055656089179
uniform,200,73.86155383057145,23.464294691434056,4423.196202772101,3729.03799049801,154.8122027720997,0.0,4368.384000000001,3752.790189781529,100.0,23.752199283519122,0.0,2753.3034333921833,0.0,0.0,3752.790189781529,0.0,0.1357285976409912,0.047690629959106445,0.5,0.0,856688.9145273151,725301.1887621097,304.00000000000017,0.0,0.0,11.401055656089179,11.401055656089179
uniform,201,75.16702471845572,22.600775897201004,4428.5460838554,3729.03799049801,170.53808385539904,0.0,4358.008000000001,3752.790189781529,100.0,23.752199283519122,0.0,2732.3163957028783,0.0,0.0,3752.790189781529,0.0,0.21740007400512695,0.044684410095214844,0.5,0.0,861117.4606111705,729030.2267526077,305.52000000000015,0.0,0.0,11.401055656089179,11.401055656089179
uniform,202,76.22836388852572,25.58531388822953,4420.43288464582,3729.03799049801,164.67288464582126,0.0,4355.759999999999,3752.790189781529,100.0,23.752199283519122,0.0,2723.3083622974027,0.0,0.0,3752.790189781529,0.0,0.11796998977661133,0.049324989318847656,0.5,0.0,865537.8934958163,732759.2647431057,307.04000000000013,0.0,0.0,11.401055656089179,11.401055656089179
uniform,203,74.33966639714576,22.68157747349098,4422.345569089779,3729.03799049801,178.6639690897791,0.0,4343.6816,3752.790189781529,100.0,23.752199283519122,0.0,2691.321851465045,0.0,0.0,3752.790189781529,0.0,0.11658525466918945,0.04823756217956543,0.5,0.0,869960.239064906,736488.3027336037,308.5600000000001,0.0,0.0,11.401055656089179,11.401055656089179
uniform,204,75.87820261182219,24.36118331240573,4440.654762266229,3729.03799049801,189.83876226622965,0.0,4350.816,3752.790189781529,100.0,23.752199283519122,0.0,2699.9049670096438,0.0,0.0,3752.790189781529,0.0,0.11880612373352051,0.0350494384765625,0.5,0.0,874400.8938271722,740217.3407241018,310.0800000000001,0.0,0.0,11.401055656089179,11.401055656089179
uniform,205,69.66710545558354,20.629350756877724,3987.9693168886347,3729.03799049801,143.92595688863335,0.0,3944.0433600000015,3752.790189781529,100.0,23.752199283519122,0.0,2472.4254829428087,0.0,0.0,3752.790189781529,0.0,0.14308762550354004,0.04301881790161133,0.5,0.0,878388.8631440608,743946.3787145998,311.6000000000001,0.0,0.0,11.401055656089179,11.401055656089179
uniform,206,69.47570124616813,20.946778564391515,3977.125919916326,3729.03799049801,145.48527991632508,0.0,3931.640640000001,3752.790189781529,100.0,23.752199283519122,0.0,2475.247553971465,0.0,0.0,3752.790189781529,0.0,0.12283754348754883,0.046364545822143555,0.5,0.0,882365.9890639771,747675.4167050978,313.12000000000006,0.0,0.0,11.401055656089179,11.401055656089179
uniform,207,77.12572411695417,22.26948479512534,4431.890396532894,3729.03799049801,179.3143965328929,0.0,4352.576000000001,3752.790189781529,100.0,23.752199283519122,0.0,2716.5717705301213,0.0,0.0,3752.790189781529,0.0,0.12928009033203125,0.04757213592529297,0.5,0.0,886797.8794605101,751404.4546955958,314.64000000000004,0.0,0.0,11.401055656089179,11.401055656089179
uniform,208,76.70671369473838,23.776666991110393,4429.1514166131055,3729.03799049801,151.93061661310503,0.0,4377.2208,3752.790189781529,100.0,23.752199283519122,0.0,2740.7519183663126,0.0,0.0,3752.790189781529,0.0,0.11862659454345703,0.04658341407775879,0.5,0.0,891227.0308771232,755133.4926860938,316.16,0.0,0.0,11.401055656089179,11.401055656089179
uniform,209,81.80321136307873,23.290265281214126,4432.818190536656,3729.03799049801,177.05819053665687,0.0,4355.759999999999,3752.790189781529,100.0,23.752199283519122,0.0,2723.438518726208,0.0,0.0,3752.790189781529,0.0,0.13173508644104004,0.0457608699798584,0.5,0.0,895659.8490676599,758862.5306765918,317.68,0.0,0.0,11.401055656089179,11.401055656089179
uniform,210,78.6036606354538,25.064270704086745,4431.231441298339,3729.03799049801,166.63464129833815,0.0,4364.5968,3752.790189781529,100.0,23.752199283519122,0.0,2747.7947132867976,0.0,0.0,3752.790189781529,0.0,0.12271809577941895,0.04659008979797363,0.5,0.0,900091.0805089583,762591.5686670898,319.2,0.0,0.0,11.401055656089179,11.401055656089179
uniform,211,80.49998203503635,18.933623907873827,4426.85060942067,3729.03799049801,170.92740942066922,0.0,4355.9232,3752.790189781529,100.0,23.752199283519122,0.0,2742.7314349594585,0.0,0.0,3752.790189781529,0.0,0.13415765762329102,0.04786849021911621,0.5,0.0,904517.931118379,766320.6066575878,320.71999999999997,0.0,0.0,11.401055656089179,11.401055656089179
uniform,212,71.16707104317659,17.037203111271484,3982.274445679236,3729.03799049801,141.2954056792351,0.0,3940.979040000001,3752.790189781529,100.0,23.752199283519122,0.0,2454.3085355326143,0.0,0.0,3752.790189781529,0.0,0.11523699760437012,0.05457162857055664,0.5,0.0,908500.2055640583,770049.6446480858,322.23999999999995,0.0,0.0,11.401055656089179,11.401055656089179
uniform,213,69.75134630215267,22.129738399557635,4000.7110136834826,3729.03799049801,150.24669368348188,0.0,3950.464320000001,3752.790189781529,100.0,23.752199283519122,0.0,2471.298665175839,0.0,0.0,3752.790189781529,0.0,0.14362788200378418,0.047348976135253906,0.5,0.0,912500.9165777417,773778.6826385838,323.75999999999993,0.0,0.0,11.401055656089179,11.401055656089179
uniform,214,78.94647962245057,22.735818821903937,4431.220875258853,3729.03799049801,182.04967525885206,0.0,4349.171200000001,3752.790189781529,100.0,23.752199283519122,0.0,2710.253594836921,0.0,0.0,3752.790189781529,0.0,0.15230059623718262,0.03499436378479004,0.5,0.0,916932.1374530006,777507.7206290818,325.2799999999999,0.0,0.0,11.401055656089179,11.401055656089179
uniform,215,79.69218979253121,24.853549999437558,4452.122168533413,3729.03799049801,174.90136853341264,0.0,4377.2208,3752.790189781529,100.0,23.752199283519122,0.0,2754.091113600899,0.0,0.0,3752.790189781529,0.0,0.10466480255126953,0.061696767807006836,0.5,0.0,921384.259621534,781236.7586195798,326.7999999999999,0.0,0.0,11.401055656089179,11.401055656089179
uniform,216,80.68526400750473,20.873818116458107,4438.142747286266,3729.03799049801,182.38274728626664,0.0,4355.759999999999,3752.790189781529,100.0,23.752199283519122,0.0,2717.4595270381424,0.0,0.0,3752.790189781529,0.0,0.12100911140441895,0.04814648628234863,0.5,0.0,925822.4023688203,784965.7966100778,328.3199999999999,0.0,0.0,11.401055656089179,11.401055656089179
uniform,217,79.33466149503745,22.534710003184745,4436.254712601341,3729.03799049801,171.65791260134154,0.0,4364.5968,3752.790189781529,100.0,23.752199283519122,0.0,2718.2090123720836,0.0,0.0,3752.790189781529,0.0,0.12606549263000488,0.05217885971069336,0.5,0.0,930258.6570814216,788694.8346005759,329.83999999999986,0.0,0.0,11.401055656089179,11.401055656089179
uniform,218,80.25261145838502,24.711053474938414,4432.169847209445,3723.46999049801,176.24664720944443,0.0,4355.9232,3747.222189781529,100.0,23.752199283519122,0.0,2699.304945284055,0.0,0.0,3747.222189781529,0.0,0.12935805320739746,0.05090737342834473,0.5,0.0,934690.826928631,792418.3045910739,331.35999999999984,0.0,0.0,11.401055656089179,11.401055656089179
uniform,219,72.52409420616554,21.334799077247645,4001.48808160315,3729.03799049801,157.44472160314882,0.0,3944.0433600000015,3752.790189781529,100.0,23.752199283519122,0.0,2480.925526924999,0.0,0.0,3752.790189781529,0.0,0.12967991828918457,0.052015066146850586,0.5,0.0,938692.3150102342,796147.3425815719,332.8799999999998,0.0,0.0,11.401055656089179,11.401055656089179
uniform,220,73.18503352887042,22.38643120524184,4014.5415480466363,3729.03799049801,162.54506804663558,0.0,3951.9964800000007,3752.790189781529,100.0,23.752199283519122,0.0,2470.550033327066,0.0,0.0,3752.790189781529,0.0,0.10721802711486816,0.048666954040527344,0.5,0.0,942706.8565582809,799876.3805720699,334.3999999999998,0.0,0.0,11.401055656089179,11.401055656089179
uniform,221,83.41454036304863,22.976168288075804,4436.869245245144,3729.03799049801,170.18764524514344,0.0,4366.681600000001,3752.790189781529,100.0,23.752199283519122,0.0,2751.138991501426,0.0,0.0,3752.790189781529,0.0,0.11413884162902832,0.051108598709106445,0.5,0.0,947143.725803526,803605.4185625679,335.9199999999998,0.0,0.0,11.401055656089179,11.401055656089179
uniform,222,84.9911160564511,21.92605323957532,4441.522669824442,3723.5539904980096,186.91946982444196,0.0,4354.6032000000005,3747.3061897815287,100.0,23.752199283519122,0.0,2713.592082967735,0.0,0.0,3747.3061897815287,0.0,0.12065529823303223,0.05053305625915527,0.5,0.0,951585.2484733504,807328.9725530659,337.43999999999977,0.0,0.0,11.401055656089179,11.401055656089179
uniform,223,82.87666822740407,22.910541786282657,4421.466736596672,3729.03799049801,186.62193659667193,0.0,4334.8448,3752.790189781529,100.0,23.752199283519122,0.0,2692.25011599374,0.0,0.0,3752.790189781529,0.0,0.07948875427246094,0.047512054443359375,0.5,0.0,956006.7152099471,811058.0105435639,338.95999999999975,0.0,0.0,11.401055656089179,11.401055656089179
uniform,224,84.88548182093353,23.013732973873935,4444.990397305354,3729.03799049801,180.39359730535364,0.0,4364.5968,3752.790189781529,100.0,23.752199283519122,0.0,2718.5352310416197,0.0,0.0,3752.790189781529,0.0,0.12660598754882812,0.05853629112243652,0.5,0.0,960451.7056072524,814787.0485340619,340.47999999999973,0.0,0.0,11.401055656089179,11.401055656089179
uniform,225,83.5869581133221,20.895749651940154,4434.746250607755,3729.03799049801,163.0150506077548,0.0,4371.7312,3752.790189781529,100.0,23.752199283519122,0.0,2731.6824808330107,0.0,0.0,3752.790189781529,0.0,0.12617731094360352,0.04674506187438965,0.5,0.0,964886.4518578602,818516.0865245599,341.9999999999997,0.0,0.0,11.401055656089179,11.401055656089179
uniform,226,77.09530981475741,20.88301721622349,3987.6916285100933,3729.03799049801,145.18042851009187,0.0,3942.5112000000013,3752.790189781529,100.0,23.752199283519122,0.0,2471.2557161836235,0.0,0.0,3752.790189781529,0.0,0.10614418983459473,0.04573369026184082,0.5,0.0,968874.1434863703,822245.1245150579,343.5199999999997,0.0,0.0,11.401055656089179,11.401055656089179
uniform,227,75.27074084518883,19.713568189845162,4004.149457246014,3729.03799049801,152.15297724601328,0.0,3951.9964800000007,3752.790189781529,100.0,23.752199283519122,0.0,2486.0321996745615,0.0,0.0,3752.790189781529,0.0,0.11787939071655273,0.047901153564453125,0.5,0.0,972878.2929436164,825974.1625055559,345.0399999999997,0.0,0.0,11.401055656089179,11.401055656089179
uniform,228,84.2937320143834,20.424489438787756,4438.2126387495355,3729.03799049801,190.7438387495341,0.0,4347.4688000000015,3752.790189781529,100.0,23.752199283519122,0.0,2716.3681560472946,0.0,0.0,3752.790189781529,0.0,0.12204933166503906,0.03569626808166504,0.5,0.0,977316.5055823659,829703.2004960539,346.55999999999966,0.0,0.0,11.401055656089179,11.401055656089179
uniform,229,84.89367479375393,20.709826052407884,4447.302207114237,3729.03799049801,187.59180711423718,0.0,4359.7104,3752.790189781529,100.0,23.752199283519122,0.0,2722.667375048029,0.0,0.0,3752.790189781529,0.0,0.11165809631347656,0.05281877517700195,0.5,0.0,981763.8077894802,833432.2384865519,348.07999999999964,0.0,0.0,11.401055656089179,11.401055656089179
uniform,230,88.46501449390422,27.347272545546364,4432.980523075823,3712.3339904980094,194.73092307582246,0.0,4338.2496,3736.0861897815284,100.0,23.752199283519122,0.0,2702.122482817071,0.0,0.0,3736.0861897815284,0.0,0.1154332160949707,0.039594173431396484,0.5,0.0,986196.788312556,837144.5724770499,349.5999999999996,0.0,0.0,11.401055656089179,11.401055656089179
uniform,231,88.78991491053712,25.05061904001668,4438.850867341212,3717.9019904980096,193.46686734121076,0.0,4345.384000000001,3741.6541897815287,100.0,23.752199283519122,0.0,2729.7930971829173,0.0,0.0,3741.6541897815287,0.0,0.11921453475952148,0.06760478019714355,0.5,0.0,990635.6391798971,840862.474467548,351.1199999999996,0.0,0.0,11.401055656089179,11.401055656089179
uniform,232,84.34409027993597,24.02585679042642,4446.568480030336,3729.03799049801,173.13488003033544,0.0,4373.4336,3752.790189781529,100.0,23.752199283519122,0.0,2725.8785843842634,0.0,0.0,3752.790189781529,0.0,0.12932157516479492,0.04256176948547363,0.5,0.0,995082.2076599274,844591.512458046,352.6399999999996,0.0,0.0,11.401055656089179,11.401055656089179
uniform,233,80.16942590497666,21.351022102089512,3987.776087481868,3729.03799049801,162.55640748186735,0.0,3925.219680000001,3752.790189781529,100.0,23.752199283519122,0.0,2450.4119466616057,0.0,0.0,3752.790189781529,0.0,0.14136528968811035,0.08557915687561035,0.5,0.0,999069.9837474093,848320.550448544,354.15999999999957,0.0,0.0,11.401055656089179,11.401055656089179
uniform,234,80.93097097381752,21.87044849713116,4015.0536844507424,3729.03799049801,163.0572044507418,0.0,3951.9964800000007,3752.790189781529,100.0,23.752199283519122,0.0,2487.498108537303,0.0,0.0,3752.790189781529,0.0,0.11256694793701172,0.05555438995361328,0.5,0.0,1003085.03743186,852049.588439042,355.67999999999955,0.0,0.0,11.401055656089179,11.401055656089179
uniform,235,90.16215652691652,22.032637217114807,4446.895430169295,3729.03799049801,178.51143016929416,0.0,4368.384000000001,3752.790189781529,100.0,23.752199283519122,0.0,2726.199651910867,0.0,0.0,3752.790189781529,0.0,0.1197516918182373,0.04000067710876465,0.5,0.0,1007531.9328620293,855778.62642954,357.19999999999953,0.0,0.0,11.401055656089179,11.401055656089179
uniform,236,89.85759965681564,19.52090896940532,4459.7322382877255,3723.46999049801,182.5114382877259,0.0,4377.2208,3747.222189781529,100.0,23.752199283519122,0.0,2744.005829350908,0.0,0.0,3747.222189781529,0.0,0.11459088325500488,0.06250333786010742,0.5,0.0,1011991.665100317,859502.096420038,358.7199999999995,0.0,0.0,11.401055656089179,11.401055656089179
uniform,237,88.46347809801284,20.990200385194644,4426.672828721511,3723.46999049801,170.91282872151174,0.0,4355.759999999999,3747.222189781529,100.0,23.752199283519122,0.0,2711.9018974104456,0.0,0.0,3747.222189781529,0.0,0.12272167205810547,0.058875322341918945,0.5,0.0,1016418.3379290384,863225.5664105361,360.2399999999995,0.0,0.0,11.401055656089179,11.401055656089179
uniform,238,91.52328704600946,23.90787531788533,4463.036381452497,3717.9859904980094,215.949981452497,0.0,4347.0864,3741.7381897815285,100.0,23.752199283519122,0.0,2712.919788368901,0.0,0.0,3741.7381897815285,0.0,0.14211201667785645,0.05706620216369629,0.5,0.0,1020881.3743104909,866943.552401034,361.7599999999995,0.0,0.0,11.401055656089179,11.401055656089179
uniform,239,92.57678459690737,19.91384434728242,4441.276488752223,3723.46999049801,190.46048875222246,0.0,4350.816,3747.222189781529,100.0,23.752199283519122,0.0,2711.3579874550514,0.0,0.0,3747.222189781529,0.0,0.11913347244262695,0.05789589881896973,0.5,0.0,1025322.6507992431,870667.0223915321,363.27999999999946,0.0,0.0,11.401055656089179,11.401055656089179
uniform,240,80.96556862702896,18.702788108699057,3998.8703437431095,3729.03799049801,172.11850374310836,0.0,3926.7518400000013,3752.790189781529,100.0,23.752199283519122,0.0,2440.012754725928,0.0,0.0,3752.790189781529,0.0,0.12586426734924316,0.05077719688415527,0.5,0.0,1029321.5211429863,874396.0603820301,364.79999999999944,0.0,0.0,11.401055656089179,11.401055656089179
uniform,241,80.57278543384025,16.87480313618073,4000.3287888420564,3729.03799049801,148.33230884205523,0.0,3951.9964800000007,3752.790189781529,100.0,23.752199283519122,0.0,2469.5282504642364,0.0,0.0,3752.790189781529,0.0,0.14323210716247559,0.044619083404541016,0.5,0.0,1033321.8499318283,878125.0983725281,366.3199999999994,0.0,0.0,11.401055656089179,11.401055656089179
uniform,242,90.97204208996767,25.78699334250964,4453.815908074538,3729.03799049801,204.64470807453702,0.0,4349.171200000001,3752.790189781529,100.0,23.752199283519122,0.0,2716.519273909862,0.0,0.0,3752.790189781529,0.0,0.12447977066040039,0.04166984558105469,0.5,0.0,1037775.6658399028,881854.1363630261,367.8399999999994,0.0,0.0,11.401055656089179,11.401055656089179
uniform,243,93.54669654038985,22.87856743779303,4454.09802969873,3729.03799049801,197.79242969873013,0.0,4356.3056,3752.790189781529,100.0,23.752199283519122,0.0,2705.6297118229254,0.0,0.0,3752.790189781529,0.0,0.11796951293945312,0.0416409969329834,0.5,0.0,1042229.7638696015,885583.1743535241,369.3599999999994,0.0,0.0,11.401055656089179,11.401055656089179
uniform,244,92.30080929022358,23.62637994118057,4444.96155748524,3729.03799049801,190.9039574852406,0.0,4354.057599999999,3752.790189781529,100.0,23.752199283519122,0.0,2708.7652002589857,0.0,0.0,3752.790189781529,0.0,0.10986447334289551,0.04586982727050781,0.5,0.0,1046674.7254270868,889312.2123440221,370.87999999999937,0.0,0.0,11.401055656089179,11.401055656089179
uniform,245,90.24680202180939,21.73849141629442,4455.455022060656,3729.03799049801,192.56062206065553,0.0,4362.8944,3752.790189781529,100.0,23.752199283519122,0.0,2723.945355970244,0.0,0.0,3752.790189781529,0.0,0.11987566947937012,0.04783821105957031,0.5,0.0,1051130.1804491475,893041.2503345201,372.39999999999935,0.0,0.0,11.401055656089179,11.401055656089179
uniform,246,94.62163452947846,26.116232687698133,4461.291733825653,3729.03799049801,189.56053382565247,0.0,4371.7312,3752.790189781529,100.0,23.752199283519122,0.0,2730.1658194454703,0.0,0.0,3752.790189781529,0.0,0.1165461540222168,0.03514671325683594,0.5,0.0,1055591.472182973,896770.2883250181,373.91999999999933,0.0,0.0,11.401055656089179,11.401055656089179
uniform,247,83.23722394124384,18.677784010296165,4007.1621762587793,3729.03799049801,164.65097625877792,0.0,3942.5112000000013,3752.790189781529,100.0,23.752199283519122,0.0,2455.6202092663602,0.0,0.0,3752.790189781529,0.0,0.12037920951843262,0.044249773025512695,0.5,0.0,1059598.634359232,900499.3263155161,375.4399999999993,0.0,0.0,11.401055656089179,11.401055656089179
uniform,248,81.96593440785772,18.275953253347865,4010.6772062889013,3729.03799049801,161.74504628890054,0.0,3948.9321600000007,3752.790189781529,100.0,23.752199283519122,0.0,2456.3026632137176,0.0,0.0,3752.790189781529,0.0,0.1184697151184082,0.04404902458190918,0.5,0.0,1063609.3115655207,904228.3643060141,376.9599999999993,0.0,0.0,11.401055656089179,11.401055656089179
uniform,249,91.63068571762524,24.05925068392158,4471.602126504639,3729.03799049801,222.43092650463842,0.0,4349.171200000001,3752.790189781529,100.0,23.752199283519122,0.0,2713.56297443268,0.0,0.0,3752.790189781529,0.0,0.11062908172607422,0.042684316635131836,0.5,0.0,1068080.9136920252,907957.4022965122,378.4799999999993,0.0,0.0,11.401055656089179,11.401055656089179
uniform,250,94.04307611621141,23.67109665974906,4450.16267880286,3729.03799049801,188.74987880285997,0.0,4361.4128,3752.790189781529,100.0,23.752199283519122,0.0,2728.2094777255948,0.0,0.0,3752.790189781529,0.0,0.12099385261535645,0.04571795463562012,0.5,0.0,1072531.076370828,911686.4402870102,379.99999999999926,0.0,0.0,11.401055656089179,11.401055656089179
uniform,251,93.98507856350938,21.957730783025347,4436.828510258338,3729.03799049801,184.47331025833796,0.0,4352.3552,3752.790189781529,100.0,23.752199283519122,0.0,2727.825177980875,0.0,0.0,3752.790189781529,0.0,0.12382197380065918,0.04823493957519531,0.5,0.0,1076967.9048810864,915415.4782775082,381.51999999999924,0.0,0.0,11.401055656089179,11.401055656089179
uniform,252,94.498245163913,20.998824630532194,4445.7966943559295,3729.03799049801,198.7102943559291,0.0,4347.0864,3752.790189781529,100.0,23.752199283519122,0.0,2719.864754503555,0.0,0.0,3752.790189781529,0.0,0.11412787437438965,0.04262185096740723,0.5,0.0,1081413.7015754425,919144.5162680062,383.0399999999992,0.0,0.0,11.401055656089179,11.401055656089179
uniform,253,90.73077794292023,22.765639694755023,4454.353218847356,3729.03799049801,201.8348188473568,0.0,4352.5184,3752.790189781529,100.0,23.752199283519122,0.0,2694.9727470677176,0.0,0.0,3752.790189781529,0.0,0.121307373046875,0.049245595932006836,0.5,0.0,1085868.0547942899,922873.5542585042,384.5599999999992,0.0,0.0,11.401055656089179,11.401055656089179
uniform,254,86.96525604470567,19.94452012224757,4007.4777927752084,3729.03799049801,164.96659277520735,0.0,3942.5112000000013,3752.790189781529,100.0,23.752199283519122,0.0,2477.4541601456917,0.0,0.0,3752.790189781529,0.0,0.1246495246887207,0.04075145721435547,0.5,0.0,1089875.5325870651,926602.5922490022,386.0799999999992,0.0,0.0,11.401055656089179,11.401055656089179
uniform,255,88.03474561561461,20.540611646262047,4019.0987890989036,3729.03799049801,168.63446909890277,0.0,3950.464320000001,3752.790189781529,100.0,23.752199283519122,0.0,2473.262799356194,0.0,0.0,3752.790189781529,0.0,0.1122884750366211,0.0420534610748291,0.5,0.0,1093894.631376164,930331.6302395002,387.59999999999917,0.0,0.0,11.401055656089179,11.401055656089179
uniform,256,95.61854811498544,22.86994348272615,4443.396633230377,3729.03799049801,195.92783323037577,0.0,4347.4688000000015,3752.790189781529,100.0,23.752199283519122,0.0,2727.6445707692537,0.0,0.0,3752.790189781529,0.0,0.2730984687805176,0.04412531852722168,0.5,0.0,1098338.0280093944,934060.6682299982,389.11999999999915,0.0,0.0,11.401055656089179,11.401055656089179
uniform,257,95.84009609419581,21.611055895079513,4447.222944301758,3729.03799049801,185.810144301758,0.0,4361.4128,3752.790189781529,100.0,23.752199283519122,0.0,2739.161885430905,0.0,0.0,3752.790189781529,0.0,0.11727356910705566,0.046114206314086914,0.5,0.0,1102785.2509536962,937789.7062204962,390.63999999999913,0.0,0.0,11.401055656089179,11.401055656089179
uniform,258,97.00127917814854,23.41812086543842,4437.655534826336,3729.03799049801,183.59793482633722,0.0,4354.057599999999,3752.790189781529,100.0,23.752199283519122,0.0,2728.425692427042,0.0,0.0,3752.790189781529,0.0,0.12350010871887207,0.0471339225769043,0.5,0.0,1107222.9064885227,941518.7442109942,392.1599999999991,0.0,0.0,11.401055656089179,11.401055656089179
uniform,259,95.58346017315306,22.273946065831282,4459.678627961783,3729.03799049801,196.78422796178296,0.0,4362.8944,3752.790189781529,100.0,23.752199283519122,0.0,2715.391335945763,0.0,0.0,3752.790189781529,0.0,0.11270666122436523,0.043627023696899414,0.5,0.0,1111682.5851164844,945247.7822014922,393.6799999999991,0.0,0.0,11.401055656089179,11.401055656089179
uniform,260,97.15403959963383,25.340035721347224,4469.214083942986,3729.03799049801,218.39808394298623,0.0,4350.816,3752.790189781529,100.0,23.752199283519122,0.0,2713.0965142240557,0.0,0.0,3752.790189781529,0.0,0.12148857116699219,0.04811573028564453,0.5,0.0,1116151.7992004275,948976.8201919902,395.1999999999991,0.0,0.0,11.401055656089179,11.401055656089179
uniform,261,86.29101336419622,22.47659420492121,4023.414089859265,3729.03799049801,179.3707298592637,0.0,3944.0433600000015,3752.790189781529,100.0,23.752199283519122,0.0,2464.1022387040293,0.0,0.0,3752.790189781529,0.0,0.12092137336730957,0.03787374496459961,0.5,0.0,1120175.2132902867,952705.8581824882,396.71999999999906,0.0,0.0,11.401055656089179,11.401055656089179
uniform,262,88.01951304722634,20.01946273177169,4019.2036268460915,3729.03799049801,187.56298684609055,0.0,3931.640640000001,3752.790189781529,100.0,23.752199283519122,0.0,2455.9790273098315,0.0,0.0,3752.790189781529,0.0,0.11713552474975586,0.04404425621032715,0.5,0.0,1124194.416917133,956434.8961729862,398.23999999999904,0.0,0.0,11.401055656089179,11.401055656089179
uniform,263,96.15877211030663,22.9674345754542,4448.077135582995,3729.03799049801,200.60833558299308,0.0,4347.4688000000015,3752.790189781529,100.0,23.752199283519122,0.0,2722.9867147588625,0.0,0.0,3752.790189781529,0.0,0.12386322021484375,0.04721951484680176,0.5,0.0,1128642.4940527158,960163.9341634843,399.759999999999,0.0,0.0,11.401055656089179,11.401055656089179
uniform,264,97.51736117101059,23.261750912499227,4470.936177188336,3729.03799049801,212.9281771883353,0.0,4358.008000000001,3752.790189781529,100.0,23.752199283519122,0.0,2724.231094254549,0.0,0.0,3752.790189781529,0.0,0.11774206161499023,0.04774069786071777,0.5,0.0,1133113.4302299041,963892.9721539823,401.279999999999,0.0,0.0,11.401055656089179,11.401055656089179
uniform,265,98.5724263014838,21.760738409350676,4440.2345253036165,3729.03799049801,184.4745253036169,0.0,4355.759999999999,3752.790189781529,100.0,23.752199283519122,0.0,2725.3102311766415,0.0,0.0,3752.790189781529,0.0,0.12572836875915527,0.05667901039123535,0.5,0.0,1137553.6647552077,967622.0101444803,402.799999999999,0.0,0.0,11.401055656089179,11.401055656089179
uniform,266,99.05460751540731,20.206257019665884,4442.822814633236,3729.03799049801,181.63081463323604,0.0,4361.192,3752.790189781529,100.0,23.752199283519122,0.0,2716.188674622081,0.0,0.0,3752.790189781529,0.0,0.11709141731262207,0.023853540420532227,0.5,0.0,1141996.4875698409,971351.0481349783,404.31999999999897,0.0,0.0,11.401055656089179,11.401055656089179
uniform,267,101.1484823529626,22.19959456711976,4467.6093021824345,3729.03799049801,194.17570218243443,0.0,4373.4336,3752.790189781529,100.0,23.752199283519122,0.0,2742.5074353156815,0.0,0.0,3752.790189781529,0.0,0.08144402503967285,0.024519920349121094,0.5,0.0,1146464.0968720233,975080.0861254763,405.83999999999895,0.0,0.0,11.401055656089179,11.401055656089179
uniform,268,88.9113050780013,18.065317082129315,4003.710612300926,3729.03799049801,159.66725230092464,0.0,3944.0433600000015,3752.790189781529,100.0,23.752199283519122,0.0,2475.258872820036,0.0,0.0,3752.790189781529,0.0,0.07653999328613281,0.04152345657348633,0.5,0.0,1150467.8074843243,978809.1241159743,407.35999999999893,0.0,0.0,11.401055656089179,11.401055656089179
uniform,269,88.78165905125485,19.157777140445912,4029.7756896036217,3729.03799049801,195.07072960362117,0.0,3934.704960000001,3752.790189781529,100.0,23.752199283519122,0.0,2465.491438102502,0.0,0.0,3752.790189781529,0.0,0.07108306884765625,0.12362337112426758,0.5,0.0,1154497.5831739279,982538.1621064723,408.8799999999989,0.0,0.0,11.401055656089179,11.401055656089179
uniform,270,99.31046294137246,19.47677183164167,4449.978002106889,3729.03799049801,181.59400210688818,0.0,4368.384000000001,3752.790189781529,100.0,23.752199283519122,0.0,2711.6472190890213,0.0,0.0,3752.790189781529,0.0,0.09235286712646484,0.025984525680541992,0.5,0.0,1158947.5611760349,986267.2000969703,410.3999999999989,0.0,0.0,11.401055656089179,11.401055656089179
uniform,271,99.45083332887152,21.92083418263438,4453.455868331209,3729.03799049801,176.23506833120854,0.0,4377.2208,3752.790189781529,100.0,23.752199283519122,0.0,2752.8884995768667,0.0,0.0,3752.790189781529,0.0,0.4262404441833496,0.02307605743408203,0.5,0.0,1163401.017044366,989996.2380874683,411.9199999999989,0.0,0.0,11.401055656089179,11.401055656089179
uniform,272,99.90596117670475,22.24431919705356,4456.748779170691,3729.03799049801,200.9887791706916,0.0,4355.759999999999,3752.790189781529,100.0,23.752199283519122,0.0,2747.576948347555,0.0,0.0,3752.790189781529,0.0,0.09430050849914551,0.05327177047729492,0.5,0.0,1167857.7658235368,993725.2760779663,413.43999999999886,0.0,0.0,11.401055656089179,11.401055656089179
uniform,273,102.14663386476366,21.991673125620075,4449.500344670569,3729.03799049801,202.41394467056895,0.0,4347.0864,3752.790189781529,100.0,23.752199283519122,0.0,2716.058137845842,0.0,0.0,3752.790189781529,0.0,0.11581063270568848,0.05654478073120117,0.5,0.0,1172307.2661682074,997454.3140684643,414.95999999999884,0.0,0.0,11.401055656089179,11.401055656089179
uniform,274,100.49691455142003,22.667150508681537,4454.456597987697,3729.03799049801,201.9381979876967,0.0,4352.5184,3752.790189781529,100.0,23.752199283519122,0.0,2723.2337262305905,0.0,0.0,3752.790189781529,0.0,0.1489579677581787,0.03361034393310547,0.5,0.0,1176761.7227661952,1001183.3520589623,416.4799999999988,0.0,0.0,11.401055656089179,11.401055656089179
uniform,275,93.33712924625365,20.301727691604043,4024.8766069968297,3729.03799049801,180.8332469968278,0.0,3944.0433600000015,3752.790189781529,100.0,23.752199283519122,0.0,2445.657449327732,0.0,0.0,3752.790189781529,0.0,0.10326766967773438,0.04950308799743652,0.5,0.0,1180786.599373192,1004912.3900494603,417.9999999999988,0.0,0.0,11.401055656089179,11.401055656089179
uniform,276,92.31014295271767,22.162046754061752,4016.0084246062197,3729.03799049801,182.83562460621908,0.0,3933.1728000000007,3752.790189781529,100.0,23.752199283519122,0.0,2443.7391041717574,0.0,0.0,3752.790189781529,0.0,0.11898207664489746,0.04866170883178711,0.5,0.0,1184802.6077977982,1008641.4280399584,419.5199999999988,0.0,0.0,11.401055656089179,11.401055656089179
uniform,277,104.48877977418033,23.93562070402709,4463.665957015317,3683.8420046214364,216.19715701531513,0.0,4347.4688000000015,3707.128208754176,100.0,23.28620413273958,0.0,2718.4797074201706,0.0,0.0,3707.128208754176,0.0,0.11672377586364746,0.052256107330322266,0.5,0.0,1189266.2737548135,1012325.2700445798,421.03999999999877,0.0,0.0,11.177377983715,11.177377983715
uniform,278,103.39119140770163,22.799893232570955,4480.997943378097,3729.03799049801,203.77714337809715,0.0,4377.2208,3752.790189781529,100.0,23.752199283519122,0.0,2728.505339811638,0.0,0.0,3752.790189781529,0.0,0.13019132614135742,0.051690101623535156,0.5,0.0,1193747.2716981915,1016054.3080350778,422.55999999999875,0.0,0.0,11.401055656089179,11.401055656089179
uniform,279,101.74279442022078,23.80231671886622,4457.927913132823,3729.03799049801,203.87031313282412,0.0,4354.057599999999,3752.790189781529,100.0,23.752199283519122,0.0,2714.4853713127172,0.0,0.0,3752.790189781529,0.0,0.12451982498168945,0.05176353454589844,0.5,0.0,1198205.1996113244,1019783.3460255758,424.07999999999873,0.0,0.0,11.401055656089179,11.401055656089179
uniform,280,103.1608835773136,22.39758351571945,4464.714468466767,3729.03799049801,200.11766846676713,0.0,4364.5968,3752.790189781529,100.0,23.752199283519122,0.0,2712.2201275081948,0.0,0.0,3752.790189781529,0.0,0.11714386940002441,0.05291748046875,0.5,0.0,1202669.9140797912,1023512.3840160738,425.5999999999987,0.0,0.0,11.401055656089179,11.401055656089179
uniform,281,102.28009389357344,19.841461908592024,4474.959605914839,3729.03799049801,201.52600591483832,0.0,4373.4336,3752.790189781529,100.0,23.752199283519122,0.0,2738.9926580297615,0.0,0.0,3752.790189781529,0.0,0.12335038185119629,0.0475461483001709,0.5,0.0,1207144.873685706,1027241.4220065718,427.1199999999987,0.0,0.0,11.401055656089179,11.401055656089179
uniform,282,92.30962813833519,20.245777911293082,4007.7829015056413,3729.03799049801,163.7395415056397,0.0,3944.0433600000015,3752.790189781529,100.0,23.752199283519122,0.0,2465.3577246131526,0.0,0.0,3752.790189781529,0.0,0.1152350902557373,0.050084829330444336,0.5,0.0,1211152.6565872116,1030970.4599970698,428.6399999999987,0.0,0.0,11.401055656089179,11.401055656089179
uniform,283,91.61323634496013,19.90853122765057,4021.725608058654,3729.03799049801,187.02064805865274,0.0,3934.704960000001,3752.790189781529,100.0,23.752199283519122,0.0,2445.6390760365107,0.0,0.0,3752.790189781529,0.0,0.11768388748168945,0.039964914321899414,0.5,0.0,1215174.3821952704,1034699.4979875678,430.15999999999866,0.0,0.0,11.401055656089179,11.401055656089179
uniform,284,103.29514017827,21.882973449135232,4469.722738648261,3729.03799049801,218.84913864826004,0.0,4350.873600000001,3752.790189781529,100.0,23.752199283519122,0.0,2722.8704923815867,0.0,0.0,3752.790189781529,0.0,0.08154463768005371,0.02804279327392578,0.5,0.0,1219644.1049339187,1038428.5359780658,431.67999999999864,0.0,0.0,11.401055656089179,11.401055656089179
uniform,285,104.9856975988768,23.662272340653576,4488.945881016487,3729.03799049801,213.42748101648743,0.0,4375.5184,3752.790189781529,100.0,23.752199283519122,0.0,2743.2587989628078,0.0,0.0,3752.790189781529,0.0,0.0821986198425293,0.053050994873046875,0.5,0.0,1224133.0508149352,1042157.5739685638,433.1999999999986,0.0,0.0,11.401055656089179,11.401055656089179
uniform,286,104.11401093086876,21.823835467010596,4459.996989273981,3729.03799049801,204.23698927398124,0.0,4355.759999999999,3752.790189781529,100.0,23.752199283519122,0.0,2723.8289843598277,0.0,0.0,3752.790189781529,0.0,0.11850857734680176,0.053968191146850586,0.5,0.0,1228593.0478042092,1045886.6119590618,434.7199999999986,0.0,0.0,11.401055656089179,11.401055656089179
uniform,287,102.53923131636816,23.527711950363425,4450.052065552319,3729.03799049801,188.86006555231887,0.0,4361.192,3752.790189781529,100.0,23.752199283519122,0.0,2725.014607189507,0.0,0.0,3752.790189781529,0.0,0.11139583587646484,0.04392409324645996,0.5,0.0,1233043.0998697614,1049615.64994956,436.2399999999986,0.0,0.0,11.401055656089179,11.401055656089179
uniform,288,104.46141685391304,22.871359766529967,4469.635253346893,3729.03799049801,217.11685334689278,0.0,4352.5184,3752.790189781529,100.0,23.752199283519122,0.0,2750.700086855137,0.0,0.0,3752.790189781529,0.0,0.09367537498474121,0.043981313705444336,0.5,0.0,1237512.7351231084,1053344.687940058,437.75999999999857,0.0,0.0,11.401055656089179,11.401055656089179
uniform,289,92.92411751749297,21.186176967930013,4014.8542739448494,3729.03799049801,170.81091394484815,0.0,3944.0433600000015,3752.790189781529,100.0,23.752199283519122,0.0,2473.1366627402094,0.0,0.0,3752.790189781529,0.0,0.08243036270141602,0.04866385459899902,0.5,0.0,1241527.5893970532,1057073.7259305562,439.27999999999855,0.0,0.0,11.401055656089179,11.401055656089179
uniform,290,93.32378268094561,22.44385907731666,4035.7372953413615,3729.03799049801,201.03233534136092,0.0,3934.704960000001,3752.790189781529,100.0,23.752199283519122,0.0,2456.5655472625426,0.0,0.0,3752.790189781529,0.0,0.11125421524047852,0.026021957397460938,0.5,0.0,1245563.3266923947,1060802.7639210543,440.79999999999853,0.0,0.0,11.401055656089179,11.401055656089179
uniform,291,105.80420165690914,21.10072017658651,4461.653431754508,3729.03799049801,210.77983175450734,0.0,4350.873600000001,3752.790189781529,100.0,23.752199283519122,0.0,2738.1140409392456,0.0,0.0,3752.790189781529,0.0,0.0744929313659668,0.035804033279418945,0.5,0.0,1250024.9801241492,1064531.8019115524,442.3199999999985,0.0,0.0,11.401055656089179,11.401055656089179
uniform,292,107.72975625189417,20.284453880589375,4463.167637480714,3729.03799049801,201.7548374807137,0.0,4361.4128,3752.790189781529,100.0,23.752199283519122,0.0,2735.72538559079,0.0,0.0,3752.790189781529,0.0,0.10692906379699707,0.05150175094604492,0.5,0.0,1254488.14776163,1068260.8399020506,443.8399999999985,0.0,0.0,11.401055656089179,11.401055656089179
uniform,293,103.73098792909768,21.073494526096937,4443.9374224738785,3729.03799049801,207.39022247387817,0.0,4336.5472,3752.790189781529,100.0,23.752199283519122,0.0,2719.84944782081,0.0,0.0,3752.790189781529,0.0,0.12033247947692871,0.05191636085510254,0.5,0.0,1258932.0851841038,1071989.8778925487,445.3599999999985,0.0,0.0,11.401055656089179,11.401055656089179
uniform,294,105.73210856683602,22.287119891639968,4461.44898864047,3729.03799049801,196.85218864046954,0.0,4364.5968,3752.790189781529,100.0,23.752199283519122,0.0,2717.9820705527914,0.0,0.0,3752.790189781529,0.0,0.11470270156860352,0.05003547668457031,0.5,0.0,1263393.5341727443,1075718.9158830468,446.87999999999846,0.0,0.0,11.401055656089179,11.401055656089179
uniform,295,102.95197883652064,18.60851952643353,4456.5853207337395,3729.03799049801,204.06692073373924,0.0,4352.5184,3752.790189781529,100.0,23.752199283519122,0.0,2729.8655600348893,0.0,0.0,3752.790189781529,0.0,0.11268305778503418,0.050093889236450195,0.5,0.0,1267850.119493478,1079447.953873545,448.39999999999844,0.0,0.0,11.401055656089179,11.401055656089179
uniform,296,96.84505836034698,21.769022648505853,4023.9396351867917,3729.03799049801,179.89627518679,0.0,3944.0433600000015,3752.790189781529,100.0,23.752199283519122,0.0,2454.917556230405,0.0,0.0,3752.790189781529,0.0,0.12946033477783203,0.028261899948120117,0.5,0.0,1271874.0591286647,1083176.991864043,449.9199999999984,0.0,0.0,11.401055656089179,11.401055656089179
uniform,297,96.10171626975536,20.547926001934325,4029.193226301555,3729.03799049801,177.1967463015544,0.0,3951.9964800000007,3752.790189781529,100.0,23.752199283519122,0.0,2460.25740559975,0.0,0.0,3752.790189781529,0.0,0.1120913028717041,0.04781389236450195,0.5,0.0,1275903.2523549662,1086906.0298545412,451.4399999999984,0.0,0.0,11.401055656089179,11.401055656089179
uniform,298,101.10337927557555,25.367897613728257,4474.509008072061,3729.03799049801,223.63540807206013,0.0,4350.873600000001,3752.790189781529,100.0,23.752199283519122,0.0,2745.714551541018,0.0,0.0,3752.790189781529,0.0,0.11261534690856934,0.03482866287231445,0.5,0.0,1280377.7613630383,1090635.0678450393,452.9599999999984,0.0,0.0,11.401055656089179,11.401055656089179
uniform,299,104.9549011693163,22.876571157113997,4475.363588572437,3729.03799049801,220.76038857243685,0.0,4354.6032000000005,3752.790189781529,100.0,23.752199283519122,0.0,2725.565702851569,0.0,0.0,3752.790189781529,0.0,0.12481236457824707,0.03671455383300781,0.5,0.0,1284853.1249516108,1094364.1058355374,454.47999999999837,0.0,0.0,11.401055656089179,11.401055656089179
uniform,300,105.01744245907584,24.258973063142033,4463.8964562545125,3729.03799049801,209.83885625451347,0.0,4354.057599999999,3752.790189781529,100.0,23.752199283519122,0.0,2720.6898366914643,0.0,0.0,3752.790189781529,0.0,0.1118779182434082,0.05504775047302246,0.5,0.0,1289317.0214078652,1098093.1438260355,455.99999999999835,0.0,0.0,11.401055656089179,11.401055656089179
uniform,301,104.41166980639866,20.554666206905267,4466.761756212195,3729.03799049801,221.37775621219438,0.0,4345.384000000001,3752.790189781529,100.0,23.752199283519122,0.0,2711.1176370497533,0.0,0.0,3752.790189781529,0.0,0.15093541145324707,0.057633399963378906,0.5,0.0,1293783.7831640774,1101822.1818165337,457.51999999999833,0.0,0.0,11.401055656089179,11.401055656089179
uniform,302,104.80838246600354,22.98074466032848,4453.482169914088,3683.8420046214364,197.55896991408804,0.0,4355.9232,3707.128208754176,100.0,23.28620413273958,0.0,2730.7520749137275,0.0,0.0,3707.128208754176,0.0,0.11576008796691895,0.04134368896484375,0.5,0.0,1298237.2653339915,1105506.023821155,459.0399999999983,0.0,0.0,11.177377983715,11.177377983715
uniform,303,92.95367758447772,20.706344764775192,4029.7461853145487,3729.03799049801,187.2349853145473,0.0,3942.5112000000013,3752.790189781529,100.0,23.752199283519122,0.0,2451.5708986402574,0.0,0.0,3752.790189781529,0.0,0.11551308631896973,0.10625863075256348,0.5,0.0,1302267.011519306,1109235.0618116532,460.5599999999983,0.0,0.0,11.401055656089179,11.401055656089179
uniform,304,96.49061019457656,21.547778165270717,4014.0278227955996,3729.03799049801,179.32286279559892,0.0,3934.704960000001,3752.790189781529,100.0,23.752199283519122,0.0,2462.5443459771823,0.0,0.0,3752.790189781529,0.0,0.12517142295837402,0.04948019981384277,0.5,0.0,1306281.0393421017,1112964.0998021513,462.0799999999983,0.0,0.0,11.401055656089179,11.401055656089179
uniform,305,103.8589762698344,20.378505079201915,4473.037127870232,3729.03799049801,206.35552787023158,0.0,4366.681600000001,3752.790189781529,100.0,23.752199283519122,0.0,2743.570770286498,0.0,0.0,3752.790189781529,0.0,0.1602795124053955,0.05049443244934082,0.5,0.0,1310754.0764699718,1116693.1377926494,463.59999999999826,0.0,0.0,11.401055656089179,11.401055656089179
uniform,306,103.91526396195452,20.603381225353676,4475.024697800542,3729.03799049801,215.3142978005421,0.0,4359.7104,3752.790189781529,100.0,23.752199283519122,0.0,2716.8737645551805,0.0,0.0,3752.790189781529,0.0,0.11954426765441895,0.03293347358703613,0.5,0.0,1315229.1011677724,1120422.1757831476,465.11999999999824,0.0,0.0,11.401055656089179,11.401055656089179
uniform,307,108.29030982961918,23.789350438522174,4456.976261748978,3729.03799049801,220.42906174897757,0.0,4336.5472,3752.790189781529,100.0,23.752199283519122,0.0,2712.7313674590214,0.0,0.0,3752.790189781529,0.0,0.1227421760559082,0.054590702056884766,0.5,0.0,1319686.0774295214,1124151.2137736457,466.6399999999982,0.0,0.0,11.401055656089179,11.401055656089179
uniform,308,104.94840616740426,21.63093635879551,4430.902340215837,3729.03799049801,185.5183402158363,0.0,4345.384000000001,3752.790189781529,100.0,23.752199283519122,0.0,2706.0027841213623,0.0,0.0,3752.790189781529,0.0,0.1293346881866455,0.05555844306945801,0.5,0.0,1324116.9797697372,1127880.2517641438,468.1599999999982,0.0,0.0,11.401055656089179,11.401055656089179
uniform,309,103.49292960755973,24.315137518648,4467.821388825247,3729.03799049801,217.00538882524688,0.0,4350.816,3752.790189781529,100.0,23.752199283519122,0.0,2734.044091344828,0.0,0.0,3752.790189781529,0.0,0.11254525184631348,0.05812788009643555,0.5,0.0,1328584.8011585625,1131609.289754642,469.6799999999982,0.0,0.0,11.401055656089179,11.401055656089179
uniform,310,94.44591505346598,23.376764769432615,4024.3761482524287,3729.03799049801,196.09214825242768,0.0,3928.284000000001,3752.790189781529,100.0,23.752199283519122,0.0,2454.6716210500367,0.0,0.0,3752.790189781529,0.0,0.12154698371887207,0.05779552459716797,0.5,0.0,1332609.177306815,1135338.32774514,471.19999999999817,0.0,0.0,11.401055656089179,11.401055656089179
uniform,311,96.26754455611054,22.150190321194934,4038.4323757500006,3729.03799049801,187.96805574999956,0.0,3950.464320000001,3752.790189781529,100.0,23.752199283519122,0.0,2468.4928862131433,0.0,0.0,3752.790189781529,0.0,0.11977624893188477,0.05707144737243652,0.5,0.0,1336647.609682565,1139067.3657356382,472.71999999999815,0.0,0.0,11.401055656089179,11.401055656089179
uniform,312,104.54557560051278,22.88093181062318,4452.384256639353,3729.03799049801,201.51065663935202,0.0,4350.873600000001,3752.790189781529,100.0,23.752199283519122,0.0,2729.4335407168055,0.0,0.0,3752.790189781529,0.0,0.12124013900756836,0.0640261173248291,0.5,0.0,1341099.9939392044,1142796.4037261363,474.23999999999813,0.0,0.0,11.401055656089179,11.401055656089179
uniform,313,105.18883625407823,23.18995663041597,4466.24666582277,3729.03799049801,192.43066582277072,0.0,4373.816,3752.790189781529,100.0,23.752199283519122,0.0,2720.9834594562853,0.0,0.0,3752.790189781529,0.0,0.13279986381530762,0.025007247924804688,0.5,0.0,1345566.2406050272,1146525.4417166344,475.7599999999981,0.0,0.0,11.401055656089179,11.401055656089179
uniform,314,102.81206069829807,24.1771767544462,4441.953551387358,3729.03799049801,187.89595138735922,0.0,4354.057599999999,3752.790189781529,100.0,23.752199283519122,0.0,2728.411401492638,0.0,0.0,3752.790189781529,0.0,0.12188243865966797,0.062116384506225586,0.5,0.0,1350008.1941564146,1150254.4797071326,477.2799999999981,0.0,0.0,11.401055656089179,11.401055656089179
uniform,315,101.77440096518698,22.01837938854977,4447.774282710596,3729.03799049801,188.28468271059486,0.0,4359.489600000001,3752.790189781529,100.0,23.752199283519122,0.0,2746.5668775008726,0.0,0.0,3752.790189781529,0.0,0.12483525276184082,0.028995275497436523,0.5,0.0,1354455.9684391252,1153983.5176976307,478.7999999999981,0.0,0.0,11.401055656089179,11.401055656089179
uniform,316,105.03434464655966,21.837483161918044,4489.98736642954,3683.8420046214364,216.5537664295401,0.0,4373.4336,3707.128208754176,100.0,23.28620413273958,0.0,2754.9086688293296,0.0,0.0,3707.128208754176,0.0,0.10016632080078125,0.047327280044555664,0.5,0.0,1358945.9558055548,1157667.359702252,480.31999999999806,0.0,0.0,11.177377983715,11.177377983715
uniform,317,97.85229882816945,21.039362913130198,4016.1480983912197,3729.03799049801,187.86409839121833,0.0,3928.284000000001,3752.790189781529,100.0,23.752199283519122,0.0,2439.6358395882144,0.0,0.0,3752.790189781529,0.0,0.10380244255065918,0.051032066345214844,0.5,0.0,1362962.103903946,1161396.3976927502,481.83999999999804,0.0,0.0,11.401055656089179,11.401055656089179
uniform,318,94.44283254787672,24.510999449129002,4035.6615904907403,3729.03799049801,183.66511049073966,0.0,3951.9964800000007,3752.790189781529,100.0,23.752199283519122,0.0,2474.889008954972,0.0,0.0,3752.790189781529,0.0,0.1289377212524414,0.05088520050048828,0.5,0.0,1366997.7654944367,1165125.4356832483,483.359999999998,0.0,0.0,11.401055656089179,11.401055656089179
uniform,319,101.1147751221636,22.803898185522694,4452.111036813649,3729.03799049801,183.72703681364786,0.0,4368.384000000001,3752.790189781529,100.0,23.752199283519122,0.0,2717.5599889465343,0.0,0.0,3752.790189781529,0.0,0.09126043319702148,0.05258369445800781,0.5,0.0,1371449.8765312503,1168854.4736737465,484.879999999998,0.0,0.0,11.401055656089179,11.401055656089179
uniform,320,103.15443038751107,23.929738146606955,4464.239618886964,3729.03799049801,206.23161888696316,0.0,4358.008000000001,3752.790189781529,100.0,23.752199283519122,0.0,2730.1885133826445,0.0,0.0,3752.790189781529,0.0,0.19347000122070312,0.048532724380493164,0.5,0.0,1375914.1161501373,1172583.5116642446,486.399999999998,0.0,0.0,11.401055656089179,11.401055656089179
uniform,321,102.02332670036685,23.178910834888832,4443.274211810919,3683.8420046214364,210.1318118109195,0.0,4333.1424,3707.128208754176,100.0,23.28620413273958,0.0,2712.088757617775,0.0,0.0,3707.128208754176,0.0,0.1167917251586914,0.051262617111206055,0.5,0.0,1380357.3903619482,1176267.353668866,487.91999999999797,0.0,0.0,11.177377983715,11.177377983715
uniform,322,105.79645640997644,22.878704830451742,4450.039959667654,3683.8420046214364,204.65595966765312,0.0,4345.384000000001,3707.128208754176,100.0,23.28620413273958,0.0,2720.7452748194223,0.0,0.0,3707.128208754176,0.0,0.11193585395812988,0.05711555480957031,0.5,0.0,1384807.430321616,1179951.1956734874,489.43999999999795,0.0,0.0,11.177377983715,11.177377983715
uniform,323,104.53534308928484,23.562647250349414,4481.053310661969,3683.8420046214364,209.32211066196845,0.0,4371.7312,3707.128208754176,100.0,23.28620413273958,0.0,2737.4437184628273,0.0,0.0,3707.128208754176,0.0,0.12204551696777344,0.06117725372314453,0.5,0.0,1389288.483632278,1183635.0376781088,490.95999999999793,0.0,0.0,11.177377983715,11.177377983715
uniform,324,92.25466572938603,21.667912365910183,4030.3349360288266,3683.8420046214364,203.5830960288255,0.0,3926.7518400000013,3707.128208754176,100.0,23.28620413273958,0.0,2445.157775746614,0.0,0.0,3707.128208754176,0.0,0.12399029731750488,0.058547258377075195,0.5,0.0,1393318.8185683067,1187318.8796827302,492.4799999999979,0.0,0.0,11.177377983715,11.177377983715
uniform,325,92.00136177822712,18.656806294850522,4034.6240385770116,3729.03799049801,182.6275585770111,0.0,3951.9964800000007,3752.790189781529,100.0,23.752199283519122,0.0,2472.8932203744803,0.0,0.0,3752.790189781529,0.0,0.11056733131408691,0.05523109436035156,0.5,0.0,1397353.4426068838,1191047.9176732283,493.9999999999979,0.0,0.0,11.401055656089179,11.401055656089179
uniform,326,103.93263017010025,24.952745017486713,4457.07275840353,3729.03799049801,209.6039584035287,0.0,4347.4688000000015,3752.790189781529,100.0,23.752199283519122,0.0,2729.627596500363,0.0,0.0,3752.790189781529,0.0,0.197493314743042,0.056563615798950195,0.5,0.0,1401810.5153652874,1194776.9556637264,495.5199999999979,0.0,0.0,11.401055656089179,11.401055656089179
uniform,327,100.47721057938013,22.417752515012918,4458.558655483156,3729.03799049801,200.55065548315542,0.0,4358.008000000001,3752.790189781529,100.0,23.752199283519122,0.0,2718.890709604189,0.0,0.0,3752.790189781529,0.0,4.460578680038452,0.05620622634887695,0.5,0.0,1406269.0740207706,1198505.9936542246,497.03999999999786,0.0,0.0,11.401055656089179,11.401055656089179
uniform,328,100.83965988550706,23.021871570839455,4456.843473321759,3729.03799049801,201.0834733217601,0.0,4355.759999999999,3752.790189781529,100.0,23.752199283519122,0.0,2718.950883674637,0.0,0.0,3752.790189781529,0.0,0.12246966361999512,0.05977940559387207,0.5,0.0,1410725.9174940924,1202235.0316447227,498.55999999999784,0.0,0.0,11.401055656089179,11.401055656089179
uniform,329,101.14768134765315,24.326155309998665,4469.3387523790025,3729.03799049801,204.7419523790021,0.0,4364.5968,3752.790189781529,100.0,23.752199283519122,0.0,2723.8686436569856,0.0,0.0,3752.790189781529,0.0,0.11619329452514648,0.05084586143493652,0.5,0.0,1415195.2562464713,1205964.0696352208,500.0799999999978,0.0,0.0,11.401055656089179,11.401055656089179
uniform,330,100.76630287957919,22.7387631636071,4465.427429634613,3729.03799049801,193.6962296346128,0.0,4371.7312,3752.790189781529,100.0,23.752199283519122,0.0,2734.435168170036,0.0,0.0,3752.790189781529,0.0,0.11459159851074219,0.05229806900024414,0.5,0.0,1419660.683676106,1209693.107625719,501.5999999999978,0.0,0.0,11.401055656089179,11.401055656089179
uniform,331,94.22059715423308,21.308585982236732,4016.883527414544,3729.03799049801,174.37232741454238,0.0,3942.5112000000013,3752.790189781529,100.0,23.752199283519122,0.0,2464.532339803014,0.0,0.0,3752.790189781529,0.0,0.13465595245361328,0.04887843132019043,0.5,0.0,1423677.5672035206,1213422.145616217,503.1199999999978,0.0,0.0,11.401055656089179,11.401055656089179
uniform,332,91.83407426662647,22.297544116295082,4045.7181818294475,3729.03799049801,212.54538182944708,0.0,3933.1728000000007,3752.790189781529,100.0,23.752199283519122,0.0,2460.2225087785573,0.0,0.0,3752.790189781529,0.0,0.11769366264343262,0.0491793155670166,0.5,0.0,1427723.28538535,1217151.1836067152,504.63999999999777,0.0,0.0,11.401055656089179,11.401055656089179
uniform,333,100.41908255670812,24.49559839354018,4456.110930268274,3683.8420046214364,205.23733026827338,0.0,4350.873600000001,3707.128208754176,100.0,23.28620413273958,0.0,2726.202162622883,0.0,0.0,3707.128208754176,0.0,0.11730670928955078,0.02499842643737793,0.5,0.0,1432179.3963156182,1220835.0256113366,506.15999999999775,0.0,0.0,11.177377983715,11.177377983715
uniform,334,101.70904052639764,20.2297592262643,4474.769994498154,3729.03799049801,216.761994498153,0.0,4358.008000000001,3752.790189781529,100.0,23.752199283519122,0.0,2720.3155638894345,0.0,0.0,3752.790189781529,0.0,0.10375499725341797,0.02916240692138672,0.5,0.0,1436654.1663101164,1224564.0636018347,507.67999999999773,0.0,0.0,11.401055656089179,11.401055656089179
uniform,335,102.62837967032108,20.278434363696206,4431.209510762125,3729.03799049801,180.5567107621254,0.0,4350.6528,3752.790189781529,100.0,23.752199283519122,0.0,2726.5316794428595,0.0,0.0,3752.790189781529,0.0,0.11377263069152832,0.04184865951538086,0.5,0.0,1441085.3758208784,1228293.1015923328,509.1999999999977,0.0,0.0,11.401055656089179,11.401055656089179
uniform,336,99.7590272169037,22.46807614168323,4448.44532932457,3683.8420046214364,188.9557293245691,0.0,4359.489600000001,3707.128208754176,100.0,23.28620413273958,0.0,2736.973277307598,0.0,0.0,3707.128208754176,0.0,0.10967469215393066,0.026946067810058594,0.5,0.0,1445533.821150203,1231976.9435969542,510.7199999999977,0.0,0.0,11.177377983715,11.177377983715
uniform,337,101.37601908577169,20.590740337703586,4468.455973000631,3683.8420046214364,195.02237300063132,0.0,4373.4336,3707.128208754176,100.0,23.28620413273958,0.0,2728.873281841653,0.0,0.0,3707.128208754176,0.0,0.1008918285369873,0.0482175350189209,0.5,0.0,1450002.2771232037,1235660.7856015756,512.2399999999977,0.0,0.0,11.177377983715,11.177377983715
uniform,338,90.31905971156375,22.535628244536273,4031.0108707842974,3729.03799049801,202.7268707842968,0.0,3928.284000000001,3752.790189781529,100.0,23.752199283519122,0.0,2440.0366246153417,0.0,0.0,3752.790189781529,0.0,0.1216127872467041,0.045778512954711914,0.5,0.0,1454033.287993988,1239389.8235920737,513.7599999999977,0.0,0.0,11.401055656089179,11.401055656089179
uniform,339,89.36832825683378,18.38730368891117,4025.5055727199715,3729.03799049801,189.26845271997084,0.0,3936.2371200000007,3752.790189781529,100.0,23.752199283519122,0.0,2457.917458717307,0.0,0.0,3752.790189781529,0.0,0.12537312507629395,0.041001081466674805,0.5,0.0,1458058.793566708,1243118.8615825719,515.2799999999977,0.0,0.0,11.401055656089179,11.401055656089179
uniform,340,100.86677575963296,22.44384608411732,4445.3157198528925,3729.03799049801,176.93171985289115,0.0,4368.384000000001,3752.790189781529,100.0,23.752199283519122,0.0,2719.9572341530948,0.0,0.0,3752.790189781529,0.0,0.1101980209350586,0.024107694625854492,0.5,0.0,1462504.109286561,1246847.89957307,516.7999999999977,0.0,0.0,11.401055656089179,11.401055656089179
uniform,341,104.46959237503991,23.49490970788536,4486.030888504207,3729.03799049801,208.81008850420676,0.0,4377.2208,3752.790189781529,100.0,23.752199283519122,0.0,2722.5609215069035,0.0,0.0,3752.790189781529,0.0,0.10825276374816895,0.03982067108154297,0.5,0.0,1466990.140175065,1250576.9375635681,518.3199999999977,0.0,0.0,11.401055656089179,11.401055656089179
uniform,342,100.85675085629562,22.61931420458629,4445.26048624898,3683.8420046214364,191.20288624898023,0.0,4354.057599999999,3707.128208754176,100.0,23.28620413273958,0.0,2715.3886369773095,0.0,0.0,3707.128208754176,0.0,0.10488009452819824,0.04172039031982422,0.5,0.0,1471435.400661314,1254260.7795681895,519.8399999999976,0.0,0.0,11.177377983715,11.177377983715
uniform,343,101.1586926643616,22.52000678329597,4452.896777044987,3729.03799049801,188.29997704498703,0.0,4364.5968,3752.790189781529,100.0,23.752199283519122,0.0,2734.9932046824456,0.0,0.0,3752.790189781529,0.0,0.1173858642578125,0.035250186920166016,0.5,0.0,1475888.297438359,1257989.8175586876,521.3599999999976,0.0,0.0,11.401055656089179,11.401055656089179
uniform,344,102.11758270248417,19.270330024136918,4468.607215914417,3729.03799049801,195.17361591441656,0.0,4373.4336,3752.790189781529,100.0,23.752199283519122,0.0,2736.9968005376913,0.0,0.0,3752.790189781529,0.0,0.10858297348022461,0.04606890678405762,0.5,0.0,1480356.9046542733,1261718.8555491858,522.8799999999976,0.0,0.0,11.401055656089179,11.401055656089179
uniform,345,90.07297413983383,18.665026499283957,3995.472570637916,3729.03799049801,171.78505063791457,0.0,3923.6875200000013,3752.790189781529,100.0,23.752199283519122,0.0,2453.9767258671277,0.0,0.0,3752.790189781529,0.0,0.09049320220947266,0.048165321350097656,0.5,0.0,1484352.3772249112,1265447.893539684,524.3999999999976,0.0,0.0,11.401055656089179,11.401055656089179
uniform,346,89.48671127615819,21.610714956179617,4039.6619711323156,3729.03799049801,190.7298111323145,0.0,3948.9321600000007,3752.790189781529,100.0,23.752199283519122,0.0,2464.232296396156,0.0,0.0,3752.790189781529,0.0,0.12278246879577637,0.024941205978393555,0.5,0.0,1488392.0391960435,1269176.931530182,525.9199999999976,0.0,0.0,11.401055656089179,11.401055656089179
uniform,347,98.80097760027168,27.783677557954878,4457.38393448476,3729.03799049801,188.99993448475948,0.0,4368.384000000001,3752.790189781529,100.0,23.752199283519122,0.0,2728.6250201257317,0.0,0.0,3752.790189781529,0.0,0.10940957069396973,0.04763627052307129,0.5,0.0,1492849.4231305283,1272905.9695206801,527.4399999999976,0.0,0.0,11.401055656089179,11.401055656089179
uniform,348,99.22621602345676,20.05473467017421,4452.218754915104,3729.03799049801,194.21075491510297,0.0,4358.008000000001,3752.790189781529,100.0,23.752199283519122,0.0,2731.5991724267983,0.0,0.0,3752.790189781529,0.0,0.12245893478393555,0.04386401176452637,0.5,0.0,1497301.6418854434,1276635.0075111783,528.9599999999975,0.0,0.0,11.401055656089179,11.401055656089179
uniform,349,94.601538860254,22.421512467333756,4440.243461899111,3683.8420046214364,184.48346189911143,0.0,4355.759999999999,3707.128208754176,100.0,23.28620413273958,0.0,2721.9306949951656,0.0,0.0,3707.128208754176,0.0,0.11324834823608398,0.03009629249572754,0.5,0.0,1501741.8853473426,1280318.8495157997,530.4799999999975,0.0,0.0,11.177377983715,11.177377983715
uniform,350,96.17027626299019,22.624930748508724,4454.623296282307,3729.03799049801,191.728896282307,0.0,4362.8944,3752.790189781529,100.0,23.752199283519122,0.0,2721.2490794500645,0.0,0.0,3752.790189781529,0.0,0.10088539123535156,0.025205373764038086,0.5,0.0,1506196.5086436248,1284047.8875062978,531.9999999999975,0.0,0.0,11.401055656089179,11.401055656089179
uniform,351,96.45450242187162,22.707238146820323,4467.732498902485,3683.8420046214364,194.29889890248432,0.0,4373.4336,3707.128208754176,100.0,23.28620413273958,0.0,2745.3072283005204,0.0,0.0,3707.128208754176,0.0,0.11902832984924316,0.0321195125579834,0.5,0.0,1510664.2411425274,1287731.7295109192,533.5199999999975,0.0,0.0,11.177377983715,11.177377983715
uniform,352,86.68656255556589,20.0639387601372,4007.3305111416294,3729.03799049801,179.0465111416281,0.0,3928.284000000001,3752.790189781529,100.0,23.752199283519122,0.0,2460.877900989527,0.0,0.0,3752.790189781529,0.0,0.10187578201293945,0.04698586463928223,0.5,0.0,1514671.571653669,1291460.7675014173,535.0399999999975,0.0,0.0,11.401055656089179,11.401055656089179
uniform,353,87.11628077872338,22.094515154451006,4023.3965529763345,3729.03799049801,187.15943297633385,0.0,3936.2371200000007,3752.790189781529,100.0,23.752199283519122,0.0,2461.174855356795,0.0,0.0,3752.790189781529,0.0,0.11432218551635742,0.03763294219970703,0.5,0.0,1518694.9682066452,1295189.8054919154,536.5599999999974,0.0,0.0,11.401055656089179,11.401055656089179
uniform,354,98.94387136187873,24.40749811721571,4463.53207642594,3729.03799049801,195.1480764259391,0.0,4368.384000000001,3752.790189781529,100.0,23.752199283519122,0.0,2738.067757917994,0.0,0.0,3752.790189781529,0.0,0.09858322143554688,0.023107290267944336,0.5,0.0,1523158.500283071,1298918.8434824136,538.0799999999974,0.0,0.0,11.401055656089179,11.401055656089179
uniform,355,95.6535436621886,23.322567328924023,4454.85605450241,3729.03799049801,179.33765450241003,0.0,4375.5184,3752.790189781529,100.0,23.752199283519122,0.0,2725.3236710454435,0.0,0.0,3752.790189781529,0.0,0.1175386905670166,0.03973245620727539,0.5,0.0,1527613.3563375734,1302647.8814729117,539.5999999999974,0.0,0.0,11.401055656089179,11.401055656089179
uniform,356,95.74325363650549,21.97735039170286,4440.146609047548,3683.8420046214364,203.59940904754782,0.0,4336.5472,3707.128208754176,100.0,23.28620413273958,0.0,2690.021266013051,0.0,0.0,3707.128208754176,0.0,0.10788512229919434,0.031003475189208984,0.5,0.0,1532053.502946621,1306331.723477533,541.1199999999974,0.0,0.0,11.177377983715,11.177377983715
uniform,357,97.92881932988769,21.72552525484615,4455.003186372557,3729.03799049801,209.61918637255664,0.0,4345.384000000001,3752.790189781529,100.0,23.752199283519122,0.0,2694.6037729301856,0.0,0.0,3752.790189781529,0.0,0.10666227340698242,0.023782014846801758,0.5,0.0,1536508.5061329936,1310060.7614680312,542.6399999999974,0.0,0.0,11.401055656089179,11.401055656089179
uniform,358,95.06008642462746,21.688176004164795,4442.702926616504,3729.03799049801,170.97172661650313,0.0,4371.7312,3752.790189781529,100.0,23.752199283519122,0.0,2735.171778162143,0.0,0.0,3752.790189781529,0.0,0.09743356704711914,0.04526686668395996,0.5,0.0,1540951.20905961,1313789.7994585293,544.1599999999974,0.0,0.0,11.401055656089179,11.401055656089179
uniform,359,85.63542471311462,21.64510738128451,4022.797820974216,3729.03799049801,196.04598097421456,0.0,3926.7518400000013,3752.790189781529,100.0,23.752199283519122,0.0,2450.816639803438,0.0,0.0,3752.790189781529,0.0,0.11013507843017578,0.04602813720703125,0.5,0.0,1544974.0068805842,1317518.8374490275,545.6799999999973,0.0,0.0,11.401055656089179,11.401055656089179
uniform,360,83.94588681968398,22.186517921770474,4005.973157664959,3729.03799049801,172.8003576649589,0.0,3933.1728000000007,3752.790189781529,100.0,23.752199283519122,0.0,2440.3896125273177,0.0,0.0,3752.790189781529,0.0,0.11318254470825195,0.04201006889343262,0.5,0.0,1548979.9800382492,1321247.8754395256,547.1999999999973,0.0,0.0,11.401055656089179,11.401055656089179
uniform,361,92.91944107223755,24.047691376531887,4438.50937562373,3729.03799049801,192.74297562372888,0.0,4345.766400000001,3752.790189781529,100.0,23.752199283519122,0.0,2719.8472951265057,0.0,0.0,3752.790189781529,0.0,0.13286566734313965,0.04542970657348633,0.5,0.0,1553418.4894138728,1324976.9134300237,548.7199999999973,0.0,0.0,11.401055656089179,11.401055656089179
uniform,362,92.56423086892364,24.338200623275842,4456.897855466033,3683.8420046214364,198.8898554660331,0.0,4358.008000000001,3707.128208754176,100.0,23.28620413273958,0.0,2699.717734468723,0.0,0.0,3707.128208754176,0.0,0.11551308631896973,0.04475855827331543,0.5,0.0,1557875.3872693388,1328660.755434645,550.2399999999973,0.0,0.0,11.177377983715,11.177377983715
uniform,363,95.56795478238804,21.004913628161223,4440.3506218222965,3729.03799049801,184.5906218222972,0.0,4355.759999999999,3752.790189781529,100.0,23.752199283519122,0.0,2725.105821225258,0.0,0.0,3752.790189781529,0.0,0.11798715591430664,0.04547595977783203,0.5,0.0,1562315.737891161,1332389.7934251432,551.7599999999973,0.0,0.0,11.401055656089179,11.401055656089179
uniform,364,92.94072701963451,20.194287722626317,4441.527015711458,3729.03799049801,197.84541571145851,0.0,4343.6816,3752.790189781529,100.0,23.752199283519122,0.0,2707.6953482593276,0.0,0.0,3752.790189781529,0.0,0.1306476593017578,0.04599404335021973,0.5,0.0,1566757.2649068725,1336118.8314156414,553.2799999999972,0.0,0.0,11.401055656089179,11.401055656089179
uniform,365,92.6628879384162,23.43589938025896,4449.862189332344,3729.03799049801,176.42858933234405,0.0,4373.4336,3752.790189781529,100.0,23.752199283519122,0.0,2753.8346696663584,0.0,0.0,3752.790189781529,0.0,0.12176656723022461,0.05104374885559082,0.5,0.0,1571207.1270962048,1339847.8694061395,554.7999999999972,0.0,0.0,11.401055656089179,11.401055656089179
normal,1,95.55813683562333,23.791233636978447,4471.835396082073,2242.663777885861,198.40179608207248,0.0,4373.4336,2252.8615714470357,100.0,10.19779356117474,0.0,2723.425953782266,0.0,0.0,2252.8615714470357,0.0,0.11306357383728027,0.03882932662963867,0.5,0.0,4471.835396082073,2242.663777885861,1.52,0.0,0.0,4.894940909363876,4.894940909363876
normal,2,82.08723996277698,22.38376505555918,4018.201979283368,2242.663777885861,192.98229928336693,0.0,3925.219680000001,2252.8615714470357,100.0,10.19779356117474,0.0,2440.645228477832,0.0,0.0,2252.8615714470357,0.0,0.11840629577636719,0.04797220230102539,0.5,0.0,8490.037375365442,4485.327555771722,3.04,0.0,0.0,4.894940909363876,4.894940909363876
normal,3,81.77862283174728,19.27722629490675,4029.5937115626657,2242.663777885861,177.5972315626651,0.0,3951.9964800000007,2252.8615714470357,100.0,10.19779356117474,0.0,2457.2648281097363,0.0,0.0,2252.8615714470357,0.0,0.12870478630065918,0.04864931106567383,0.5,0.0,12519.631086928108,6727.991333657583,4.5600000000000005,0.0,0.0,4.894940909363876,4.894940909363876
normal,4,89.42705178675055,22.94887910050355,4437.915796246101,2242.663777885861,169.53179624610033,0.0,4368.384000000001,2252.8615714470357,100.0,10.19779356117474,0.0,2753.6125376396535,0.0,0.0,2252.8615714470357,0.0,0.1165921688079834,0.037744760513305664,0.5,0.0,16957.54688317421,8970.655111543443,6.08,0.0,0.0,4.894940909363876,4.894940909363876
normal,5,89.73922861852304,20.97342098605987,4449.089235170441,2242.663777885861,191.08123517044018,0.0,4358.008000000001,2252.8615714470357,100.0,10.19779356117474,0.0,2714.6982128490913,0.0,0.0,2252.8615714470357,0.0,0.11806130409240723,0.0440981388092041,0.5,0.0,21406.63611834465,11213.318889429303,7.6,0.0,0.0,4.894940909363876,4.894940909363876
normal,6,88.19691199516744,22.08783812762239,4422.790292430458,2242.663777885861,187.94549243045796,0.0,4334.8448,2252.8615714470357,100.0,10.19779356117474,0.0,2705.2994636124063,0.0,0.0,2252.8615714470357,0.0,0.11351680755615234,0.04613471031188965,0.5,0.0,25829.426410775108,13455.982667315164,9.12,0.0,0.0,4.894940909363876,4.894940909363876
normal,7,89.29004388564353,24.373765168004773,4460.875052874794,2242.663777885861,196.27825287479357,0.0,4364.5968,2252.8615714470357,100.0,10.19779356117474,0.0,2728.9308583484035,0.0,0.0,2252.8615714470357,0.0,0.11458039283752441,0.046674489974975586,0.5,0.0,30290.301463649903,15698.646445201024,10.639999999999999,0.0,0.0,4.894940909363876,4.894940909363876
normal,8,90.98888547132698,24.361042792644177,4459.194690142607,2242.663777885861,185.76109014260666,0.0,4373.4336,2252.8615714470357,100.0,10.19779356117474,0.0,2725.248598943671,0.0,0.0,2252.8615714470357,0.0,0.11659359931945801,0.04860377311706543,0.5,0.0,34749.49615379251,17941.310223086886,12.159999999999998,0.0,0.0,4.894940909363876,4.894940909363876
normal,9,79.3093697011217,19.690341863265832,4000.9013108833606,2242.663777885861,156.8579508833588,0.0,3944.0433600000015,2252.8615714470357,100.0,10.19779356117474,0.0,2465.078935223498,0.0,0.0,2252.8615714470357,0.0,0.12922906875610352,0.03988170623779297,0.5,0.0,38750.39746467587,20183.974000972747,13.679999999999998,0.0,0.0,4.894940909363876,4.894940909363876
normal,10,80.47458712028997,20.492507965523867,4008.673240720307,2242.663777885861,156.6767607203065,0.0,3951.9964800000007,2252.8615714470357,100.0,10.19779356117474,0.0,2466.092833809847,0.0,0.0,2252.8615714470357,0.0,0.1050271987915039,0.04685020446777344,0.5,0.0,42759.07070539618,22426.637778858607,15.199999999999998,0.0,0.0,4.894940909363876,4.894940909363876
normal,11,85.71444573567375,23.441018507847307,4440.849097180657,2242.663777885861,175.86989718065513,0.0,4364.979200000002,2252.8615714470357,100.0,10.19779356117474,0.0,2737.1346040682142,0.0,0.0,2252.8615714470357,0.0,0.11858844757080078,0.04600882530212402,0.5,0.0,47199.91980257684,24669.301556744467,16.72,0.0,0.0,4.894940909363876,4.894940909363876
normal,12,88.01024999731855,20.564409416886882,4436.046148099232,2242.663777885861,181.44294809923082,0.0,4354.6032000000005,2252.8615714470357,100.0,10.19779356117474,0.0,2726.6536451308507,0.0,0.0,2252.8615714470357,0.0,0.11487603187561035,0.047281742095947266,0.5,0.0,51635.96595067607,26911.965334630328,18.24,0.0,0.0,4.894940909363876,4.894940909363876
normal,13,86.59660289117387,22.350084450024116,4435.373808786579,2242.663777885861,179.61380878657914,0.0,4355.759999999999,2252.8615714470357,100.0,10.19779356117474,0.0,2720.201634032034,0.0,0.0,2252.8615714470357,0.0,0.11614179611206055,0.04576587677001953,0.5,0.0,56071.33975946265,29154.629112516188,19.759999999999998,0.0,0.0,4.894940909363876,4.894940909363876
normal,14,88.27578401602047,19.68353494201407,4438.798752919296,2242.663777885861,179.3091529192951,0.0,4359.489600000001,2252.8615714470357,100.0,10.19779356117474,0.0,2743.862323688291,0.0,0.0,2252.8615714470357,0.0,0.1118767261505127,0.04687833786010742,0.5,0.0,60510.13851238195,31397.29289040205,21.279999999999998,0.0,0.0,4.894940909363876,4.894940909363876
normal,15,85.33888045225613,23.689810820613708,4441.620276074382,2242.663777885861,185.69707607438198,0.0,4355.9232,2252.8615714470357,100.0,10.19779356117474,0.0,2717.4367059519964,0.0,0.0,2252.8615714470357,0.0,0.11921477317810059,0.04683184623718262,0.5,0.0,64951.75878845633,33639.95666828791,22.799999999999997,0.0,0.0,4.894940909363876,4.894940909363876
normal,16,77.4565413339472,19.320176277694465,4000.536910680462,2242.663777885861,156.4935506804607,0.0,3944.0433600000015,2252.8615714470357,100.0,10.19779356117474,0.0,2450.081266928576,0.0,0.0,2252.8615714470357,0.0,0.12037444114685059,0.04631853103637695,0.5,0.0,68952.2956991368,35882.62044617377,24.319999999999997,0.0,0.0,4.894940909363876,4.894940909363876
normal,17,76.7688835292059,21.79433135686027,4023.8293378894086,2242.663777885861,171.83285788940782,0.0,3951.9964800000007,2252.8615714470357,100.0,10.19779356117474,0.0,2471.7321187196767,0.0,0.0,2252.8615714470357,0.0,0.11671566963195801,0.03428483009338379,0.5,0.0,72976.12503702621,38125.28422405964,25.839999999999996,0.0,0.0,4.894940909363876,4.894940909363876
normal,18,87.06897422060221,22.364422236755967,4443.90940055422,2242.663777885861,175.52540055421898,0.0,4368.384000000001,2252.8615714470357,100.0,10.19779356117474,0.0,2758.373323802179,0.0,0.0,2252.8615714470357,0.0,0.1155085563659668,0.04852104187011719,0.5,0.0,77420.03443758043,40367.9480019455,27.359999999999996,0.0,0.0,4.894940909363876,4.894940909363876
normal,19,82.95392994050128,24.628405271333843,4442.084827089226,2242.663777885861,164.86402708922554,0.0,4377.2208,2252.8615714470357,100.0,10.19779356117474,0.0,2739.1169383899964,0.0,0.0,2252.8615714470357,0.0,0.11888408660888672,0.029035329818725586,0.5,0.0,81862.11926466966,42610.611779831364,28.879999999999995,0.0,0.0,4.894940909363876,4.894940909363876
normal,20,82.60020912336067,24.303778721802527,4407.687935384007,2242.663777885861,169.43833538400693,0.0,4338.2496,2252.8615714470357,100.0,10.19779356117474,0.0,2709.2775534528787,0.0,0.0,2252.8615714470357,0.0,0.10156631469726562,0.04285168647766113,0.5,0.0,86269.80720005366,44853.27555771723,30.399999999999995,0.0,0.0,4.894940909363876,4.894940909363876
normal,21,81.20828187948342,24.558608323078438,4443.559055249968,2242.663777885861,180.6646552499679,0.0,4362.8944,2252.8615714470357,100.0,10.19779356117474,0.0,2754.787979169002,0.0,0.0,2252.8615714470357,0.0,0.10813283920288086,0.06400132179260254,0.5,0.0,90713.36625530363,47095.93933560309,31.919999999999995,0.0,0.0,4.894940909363876,4.894940909363876
normal,22,81.75441438053086,22.27701407274462,4437.430640813192,2242.663777885861,184.91224081319297,0.0,4352.5184,2252.8615714470357,100.0,10.19779356117474,0.0,2720.499077029577,0.0,0.0,2252.8615714470357,0.0,0.10921549797058105,0.04785799980163574,0.5,0.0,95150.79689611682,49338.603113488956,33.44,0.0,0.0,4.894940909363876,4.894940909363876
normal,23,74.88631276670993,20.490975669468387,3994.825307499783,2242.663777885861,150.7819474997814,0.0,3944.0433600000015,2252.8615714470357,100.0,10.19779356117474,0.0,2480.735338939722,0.0,0.0,2252.8615714470357,0.0,0.14776110649108887,0.03873109817504883,0.5,0.0,99145.6222036166,51581.26689137482,34.96,0.0,0.0,4.894940909363876,4.894940909363876
normal,24,77.3107741976847,18.62351214774844,4000.6734346314706,2242.663777885861,148.6769546314701,0.0,3951.9964800000007,2252.8615714470357,100.0,10.19779356117474,0.0,2484.403628505756,0.0,0.0,2252.8615714470357,0.0,0.10083436965942383,0.041112422943115234,0.5,0.0,103146.29563824808,53823.930669260684,36.480000000000004,0.0,0.0,4.894940909363876,4.894940909363876
normal,25,81.87965777103982,20.88465198751037,4423.831140073002,2242.663777885861,157.14954007300105,0.0,4366.681600000001,2252.8615714470357,100.0,10.19779356117474,0.0,2744.4979761650125,0.0,0.0,2252.8615714470357,0.0,0.11500692367553711,0.04715919494628906,0.5,0.0,107570.12677832108,56066.59444714655,38.00000000000001,0.0,0.0,4.894940909363876,4.894940909363876
normal,26,83.3302640329544,23.28421500187989,4460.7787600774,2242.663777885861,204.47316007740048,0.0,4356.3056,2252.8615714470357,100.0,10.19779356117474,0.0,2745.1706310492145,0.0,0.0,2252.8615714470357,0.0,0.12775301933288574,0.04473304748535156,0.5,0.0,112030.90553839848,58309.25822503241,39.52000000000001,0.0,0.0,4.894940909363876,4.894940909363876
normal,27,80.10644267253019,19.31128588010697,4405.137090129003,2242.663777885861,152.78189012900287,0.0,4352.3552,2252.8615714470357,100.0,10.19779356117474,0.0,2728.1224945360227,0.0,0.0,2252.8615714470357,0.0,0.11321091651916504,0.04804563522338867,0.5,0.0,116436.04262852749,60551.922002918276,41.04000000000001,0.0,0.0,4.894940909363876,4.894940909363876
normal,28,82.07959905318405,21.04151608383958,4419.785128262518,2242.663777885861,155.18832826251784,0.0,4364.5968,2252.8615714470357,100.0,10.19779356117474,0.0,2716.6643577770687,0.0,0.0,2252.8615714470357,0.0,0.11781907081604004,0.04974079132080078,0.5,0.0,120855.82775679001,62794.58578080414,42.56000000000002,0.0,0.0,4.894940909363876,4.894940909363876
normal,29,83.70659262692932,22.531073020721543,4463.480551771221,2242.663777885861,190.04695177122062,0.0,4373.4336,2252.8615714470357,100.0,10.19779356117474,0.0,2725.632923410859,0.0,0.0,2252.8615714470357,0.0,0.12070727348327637,0.04137063026428223,0.5,0.0,125319.30830856123,65037.249558690004,44.08000000000002,0.0,0.0,4.894940909363876,4.894940909363876
normal,30,73.7763487645965,18.94935556760742,3989.577079096658,2242.663777885861,145.53371909665637,0.0,3944.0433600000015,2252.8615714470357,100.0,10.19779356117474,0.0,2451.554944646129,0.0,0.0,2252.8615714470357,0.0,0.13461613655090332,0.06851816177368164,0.5,0.0,129308.8853876579,67279.91333657586,45.60000000000002,0.0,0.0,4.894940909363876,4.894940909363876
normal,31,72.39121688885952,19.74335432583654,4001.7881282928874,2187.8730193590814,149.79164829288712,0.0,3951.9964800000007,2198.470296250682,100.0,10.597276891600876,0.0,2477.056038779044,0.0,0.0,2198.470296250682,0.0,0.19864416122436523,0.06377506256103516,0.5,0.0,133310.6735159508,69467.78635593494,47.120000000000026,0.0,0.0,5.08669290796842,5.08669290796842
normal,32,79.09036226736328,20.761757764227557,4415.934059685999,2187.8730193590814,163.35805968599877,0.0,4352.576000000001,2198.470296250682,100.0,10.597276891600876,0.0,2724.089929647148,0.0,0.0,2198.470296250682,0.0,0.08801770210266113,0.06475210189819336,0.5,0.0,137726.6075756368,71655.65937529401,48.64000000000003,0.0,0.0,5.08669290796842,5.08669290796842
normal,33,80.44200357265336,18.916508938148386,4416.249047887612,2187.8730193590814,161.64584788761118,0.0,4354.6032000000005,2198.470296250682,100.0,10.597276891600876,0.0,2723.0680427227117,0.0,0.0,2198.470296250682,0.0,0.10121369361877441,0.031203031539916992,0.5,0.0,142142.8566235244,73843.53239465308,50.16000000000003,0.0,0.0,5.08669290796842,5.08669290796842
normal,34,76.79502470260041,23.090152196691232,4412.51078452474,2187.8730193590814,175.9635845247405,0.0,4336.5472,2198.470296250682,100.0,10.597276891600876,0.0,2714.283599696468,0.0,0.0,2198.470296250682,0.0,0.11176729202270508,0.04754996299743652,0.5,0.0,146555.36740804912,76031.40541401216,51.680000000000035,0.0,0.0,5.08669290796842,5.08669290796842
normal,35,76.93722414252143,23.577329717726155,4428.952382337688,2187.8730193590814,164.35558233768768,0.0,4364.5968,2198.470296250682,100.0,10.597276891600876,0.0,2734.1203485296724,0.0,0.0,2198.470296250682,0.0,0.11584663391113281,0.04435014724731445,0.5,0.0,150984.3197903868,78219.27843337123,53.20000000000004,0.0,0.0,5.08669290796842,5.08669290796842
normal,36,80.6226085820366,25.621006145545955,4446.2387617869845,2187.8730193590814,172.80516178698403,0.0,4373.4336,2198.470296250682,100.0,10.597276891600876,0.0,2734.9931028703677,0.0,0.0,2198.470296250682,0.0,0.12069368362426758,0.04611396789550781,0.5,0.0,155430.55855217378,80407.15145273031,54.72000000000004,0.0,0.0,5.08669290796842,5.08669290796842
normal,37,73.1835630921488,22.137080563586576,4013.4018466047783,2187.8730193590814,169.35848660477674,0.0,3944.0433600000015,2198.470296250682,100.0,10.597276891600876,0.0,2459.1829215707817,0.0,0.0,2198.470296250682,0.0,0.11773324012756348,0.04999399185180664,0.5,0.0,159443.96039877855,82595.02447208938,56.240000000000045,0.0,0.0,5.08669290796842,5.08669290796842
normal,38,71.63476970112283,21.4937009600007,3998.263410924579,2187.8730193590814,165.09061092457847,0.0,3933.1728000000007,2198.470296250682,100.0,10.597276891600876,0.0,2454.3702797505207,0.0,0.0,2198.470296250682,0.0,0.12686586380004883,0.04835772514343262,0.5,0.0,163442.22380970314,84782.89749144846,57.76000000000005,0.0,0.0,5.08669290796842,5.08669290796842
normal,39,78.01423744943293,26.891969586901624,4442.753646096717,2187.8730193590814,193.58244609671587,0.0,4349.171200000001,2198.470296250682,100.0,10.597276891600876,0.0,2728.336353389121,0.0,0.0,2198.470296250682,0.0,0.1194925308227539,0.04961585998535156,0.5,0.0,167884.97745579985,86970.77051080753,59.28000000000005,0.0,0.0,5.08669290796842,5.08669290796842
normal,40,74.37527489759269,21.80102026918698,4433.81027185787,2187.8730193590814,175.80227185786967,0.0,4358.008000000001,2198.470296250682,100.0,10.597276891600876,0.0,2728.8402243329515,0.0,0.0,2198.470296250682,0.0,0.11700797080993652,0.044564008712768555,0.5,0.0,172318.7877276577,89158.6435301666,60.800000000000054,0.0,0.0,5.08669290796842,5.08669290796842
normal,41,73.08664293528388,22.597400470580162,4415.65155206248,2187.8730193590814,179.10435206247993,0.0,4336.5472,2198.470296250682,100.0,10.597276891600876,0.0,2696.5377448190657,0.0,0.0,2198.470296250682,0.0,0.11391663551330566,0.04953622817993164,0.5,0.0,176734.4392797202,91346.51654952568,62.32000000000006,0.0,0.0,5.08669290796842,5.08669290796842
normal,42,77.52909227231953,20.03173828976841,4431.445354873948,2187.8730193590814,166.84855487394807,0.0,4364.5968,2198.470296250682,100.0,10.597276891600876,0.0,2739.98821207432,0.0,0.0,2198.470296250682,0.0,0.14002752304077148,0.04634904861450195,0.5,0.0,181165.88463459414,93534.38956888476,63.84000000000006,0.0,0.0,5.08669290796842,5.08669290796842
normal,43,72.7159364493449,18.249691143969706,4425.6523542247605,2187.8730193590814,152.21875422476046,0.0,4373.4336,2198.470296250682,100.0,10.597276891600876,0.0,2716.259652053346,0.0,0.0,2198.470296250682,0.0,0.11636543273925781,0.04864978790283203,0.5,0.0,185591.5369888189,95722.26258824383,65.36000000000006,0.0,0.0,5.08669290796842,5.08669290796842
normal,44,69.26482972250261,20.280163225806913,3983.456982750762,2187.8730193590814,139.41362275076082,0.0,3944.0433600000015,2198.470296250682,100.0,10.597276891600876,0.0,2461.477496564507,0.0,0.0,2198.470296250682,0.0,0.11653327941894531,0.036992549896240234,0.5,0.0,189574.99397156967,97910.1356076029,66.88000000000005,0.0,0.0,5.08669290796842,5.08669290796842
normal,45,69.51270231332946,23.193321244799492,4002.23214232783,2187.8730193590814,151.76782232782926,0.0,3950.464320000001,2198.470296250682,100.0,10.597276891600876,0.0,2482.0864239783796,0.0,0.0,2198.470296250682,0.0,0.11529731750488281,0.04641985893249512,0.5,0.0,193577.2261138975,100098.00862696198,68.40000000000005,0.0,0.0,5.08669290796842,5.08669290796842
normal,46,75.90164725314445,22.09088543726733,4414.202239549513,2187.8730193590814,163.3286395495129,0.0,4350.873600000001,2198.470296250682,100.0,10.597276891600876,0.0,2714.0786159832514,0.0,0.0,2198.470296250682,0.0,0.12048935890197754,0.0456387996673584,0.5,0.0,197991.428353447,102285.88164632105,69.92000000000004,0.0,0.0,5.08669290796842,5.08669290796842
normal,47,74.23952435413854,22.5146155849436,4423.598411109293,2187.8730193590814,168.99521110929274,0.0,4354.6032000000005,2198.470296250682,100.0,10.597276891600876,0.0,2723.5372267500034,0.0,0.0,2198.470296250682,0.0,0.11512637138366699,0.04649066925048828,0.5,0.0,202415.0267645563,104473.75466568013,71.44000000000004,0.0,0.0,5.08669290796842,5.08669290796842
normal,48,76.58206955392593,21.67741093378266,4408.704156971876,2187.8730193590814,172.15695697187576,0.0,4336.5472,2198.470296250682,100.0,10.597276891600876,0.0,2719.625861599327,0.0,0.0,2198.470296250682,0.0,0.12572383880615234,0.04974937438964844,0.5,0.0,206823.7309215282,106661.6276850392,72.96000000000004,0.0,0.0,5.08669290796842,5.08669290796842
normal,49,71.09059662312639,24.119963025893714,4414.412038558996,2187.8730193590814,170.73043855899633,0.0,4343.6816,2198.470296250682,100.0,10.597276891600876,0.0,2725.222773105343,0.0,0.0,2198.470296250682,0.0,0.11479377746582031,0.047116994857788086,0.5,0.0,211238.1429600872,108849.50070439828,74.48000000000003,0.0,0.0,5.08669290796842,5.08669290796842
normal,50,73.9395542371823,22.16245150500325,4426.264891275275,2187.8730193590814,172.04409127527447,0.0,4354.2208,2198.470296250682,100.0,10.597276891600876,0.0,2696.7212091260203,0.0,0.0,2198.470296250682,0.0,0.11737608909606934,0.03803658485412598,0.5,0.0,215664.40785136246,111037.37372375735,76.00000000000003,0.0,0.0,5.08669290796842,5.08669290796842
normal,51,63.755396401225774,21.522120325535244,3980.4966739267065,2187.8730193590814,155.27699392670533,0.0,3925.219680000001,2198.470296250682,100.0,10.597276891600876,0.0,2456.2239304173945,0.0,0.0,2198.470296250682,0.0,0.11485028266906738,0.04905414581298828,0.5,0.0,219644.90452528917,113225.24674311643,77.52000000000002,0.0,0.0,5.08669290796842,5.08669290796842
normal,52,64.28181342087605,22.696410622417417,3991.2880468604303,2187.8730193590814,158.1152468604296,0.0,3933.1728000000007,2198.470296250682,100.0,10.597276891600876,0.0,2476.351377129874,0.0,0.0,2198.470296250682,0.0,0.13488245010375977,0.04460883140563965,0.5,0.0,223636.1925721496,115413.1197624755,79.04000000000002,0.0,0.0,5.08669290796842,5.08669290796842
normal,53,71.04117573884541,24.46719986841848,4423.364958748326,2187.8730193590814,154.98095874832487,0.0,4368.384000000001,2198.470296250682,100.0,10.597276891600876,0.0,2743.517870283654,0.0,0.0,2198.470296250682,0.0,0.12104678153991699,0.04537320137023926,0.5,0.0,228059.55753089793,117600.99278183457,80.56000000000002,0.0,0.0,5.08669290796842,5.08669290796842
normal,54,69.44477701234001,22.232348002433984,4428.410612378535,2187.8730193590814,152.89221237853494,0.0,4375.5184,2198.470296250682,100.0,10.597276891600876,0.0,2754.1265046207586,0.0,0.0,2198.470296250682,0.0,0.11763358116149902,0.04695391654968262,0.5,0.0,232487.96814327646,119788.86580119365,82.08000000000001,0.0,0.0,5.08669290796842,5.08669290796842
normal,55,71.84536135709374,21.70627799095501,4397.55616341518,2187.8730193590814,159.30656341517982,0.0,4338.2496,2198.470296250682,100.0,10.597276891600876,0.0,2703.6529416560393,0.0,0.0,2198.470296250682,0.0,0.12451624870300293,0.046332597732543945,0.5,0.0,236885.52430669163,121976.73882055272,83.60000000000001,0.0,0.0,5.08669290796842,5.08669290796842
normal,56,71.27336299891819,24.95055733285317,4433.670289853056,2187.8730193590814,170.77588985305584,0.0,4362.8944,2198.470296250682,100.0,10.597276891600876,0.0,2719.2124999458615,0.0,0.0,2198.470296250682,0.0,0.11977028846740723,0.0360870361328125,0.5,0.0,241319.1945965447,124164.6118399118,85.12,0.0,0.0,5.08669290796842,5.08669290796842
normal,57,70.05178991127536,23.20889173777168,4425.791858954123,2187.8730193590814,152.35825895412307,0.0,4373.4336,2198.470296250682,100.0,10.597276891600876,0.0,2738.901777688529,0.0,0.0,2198.470296250682,0.0,0.11829876899719238,0.04622340202331543,0.5,0.0,245744.98645549882,126352.48485927087,86.64,0.0,0.0,5.08669290796842,5.08669290796842
normal,58,62.44732074350557,21.178799008191984,3982.57684118132,2187.8730193590814,138.53348118131862,0.0,3944.0433600000015,2198.470296250682,100.0,10.597276891600876,0.0,2505.1137209077,0.0,0.0,2198.470296250682,0.0,0.1315910816192627,0.04367184638977051,0.5,0.0,249727.56329668013,128540.35787862995,88.16,0.0,0.0,5.08669290796842,5.08669290796842
normal,59,64.38902929786,18.825309288956277,3973.078683812817,2187.8730193590814,136.84156381281622,0.0,3936.2371200000007,2198.470296250682,100.0,10.597276891600876,0.0,2455.7899782638747,0.0,0.0,2198.470296250682,0.0,0.11710429191589355,0.04577136039733887,0.5,0.0,253700.64198049295,130728.23089798902,89.67999999999999,0.0,0.0,5.08669290796842,5.08669290796842
normal,60,65.40638309779442,24.067124508893922,4417.646425483845,2187.8730193590814,166.77282548384386,0.0,4350.873600000001,2198.470296250682,100.0,10.597276891600876,0.0,2740.057328756914,0.0,0.0,2198.470296250682,0.0,0.11513662338256836,0.04668688774108887,0.5,0.0,258118.28840597678,132916.1039173481,91.19999999999999,0.0,0.0,5.08669290796842,5.08669290796842
normal,61,68.063645224713,19.91036216054047,4413.772969970896,2187.8730193590814,138.25456997089645,0.0,4375.5184,2198.470296250682,100.0,10.597276891600876,0.0,2742.485867173064,0.0,0.0,2198.470296250682,0.0,0.10681724548339844,0.04796171188354492,0.5,0.0,262532.06137594767,135103.9769367072,92.71999999999998,0.0,0.0,5.08669290796842,5.08669290796842
normal,62,69.01342000636863,24.005533598879154,4407.218637508362,2187.8730193590814,170.67143750836166,0.0,4336.5472,2198.470296250682,100.0,10.597276891600876,0.0,2726.8192146451165,0.0,0.0,2198.470296250682,0.0,0.13143086433410645,0.05086708068847656,0.5,0.0,266939.280013456,137291.84995606626,94.23999999999998,0.0,0.0,5.08669290796842,5.08669290796842
normal,63,68.02294997720396,23.40484375621865,4411.667829088767,2187.8730193590814,167.98622908876683,0.0,4343.6816,2198.470296250682,100.0,10.597276891600876,0.0,2712.9746484283787,0.0,0.0,2198.470296250682,0.0,0.11652469635009766,0.04538249969482422,0.5,0.0,271350.94784254476,139479.72297542533,95.75999999999998,0.0,0.0,5.08669290796842,5.08669290796842
normal,64,66.02231015891157,24.89119038924703,4431.9185531527255,2187.8730193590814,158.48495315272515,0.0,4373.4336,2198.470296250682,100.0,10.597276891600876,0.0,2726.127435977405,0.0,0.0,2198.470296250682,0.0,0.11929559707641602,0.04478859901428223,0.5,0.0,275782.86639569746,141667.5959947844,97.27999999999997,0.0,0.0,5.08669290796842,5.08669290796842
normal,65,62.938945943814396,22.233144425912847,3982.484521094578,2187.8730193590814,139.97332109457702,0.0,3942.5112000000013,2198.470296250682,100.0,10.597276891600876,0.0,2474.9797815983047,0.0,0.0,2198.470296250682,0.0,0.11989593505859375,0.04611396789550781,0.5,0.0,279765.35091679206,143855.46901414348,98.79999999999997,0.0,0.0,5.08669290796842,5.08669290796842
normal,66,60.31213214309662,21.465166791040055,3990.2126612102547,2187.8730193590814,138.21618121025423,0.0,3951.9964800000007,2198.470296250682,100.0,10.597276891600876,0.0,2481.9471456575134,0.0,0.0,2198.470296250682,0.0,0.11940813064575195,0.04721355438232422,0.5,0.0,283755.56357800233,146043.34203350256,100.31999999999996,0.0,0.0,5.08669290796842,5.08669290796842
normal,67,65.77484510939998,22.445162648946045,4404.99989564858,2187.8730193590814,138.31829564857884,0.0,4366.681600000001,2198.470296250682,100.0,10.597276891600876,0.0,2725.8859193618587,0.0,0.0,2198.470296250682,0.0,0.14435148239135742,0.0250399112701416,0.5,0.0,288160.5634736509,148231.21505286163,101.83999999999996,0.0,0.0,5.08669290796842,5.08669290796842
normal,68,67.10954927507268,21.693751947045982,4423.8140753484395,2187.8730193590814,169.2108753484393,0.0,4354.6032000000005,2198.470296250682,100.0,10.597276891600876,0.0,2713.7023364974125,0.0,0.0,2198.470296250682,0.0,0.11514639854431152,0.04661369323730469,0.5,0.0,292584.3775489993,150419.0880722207,103.35999999999996,0.0,0.0,5.08669290796842,5.08669290796842
normal,69,64.06529014238073,21.988337052490582,4379.662661539569,2187.8730193590814,141.41306153956893,0.0,4338.2496,2198.470296250682,100.0,10.597276891600876,0.0,2723.8122891036924,0.0,0.0,2198.470296250682,0.0,0.10262370109558105,0.026311159133911133,0.5,0.0,296964.0402105389,152606.96109157978,104.87999999999995,0.0,0.0,5.08669290796842,5.08669290796842
normal,70,66.31330141728326,22.87025498453884,4408.526604760063,2187.8730193590814,145.63220476006228,0.0,4362.8944,2198.470296250682,100.0,10.597276891600876,0.0,2720.9816294247084,0.0,0.0,2198.470296250682,0.0,0.1093912124633789,0.02712845802307129,0.5,0.0,301372.566815299,154794.83411093886,106.39999999999995,0.0,0.0,5.08669290796842,5.08669290796842
normal,71,67.2174341679452,19.82075507354983,4404.61252365896,2187.8730193590814,131.17892365895932,0.0,4373.4336,2198.470296250682,100.0,10.597276891600876,0.0,2747.552460431148,0.0,0.0,2198.470296250682,0.0,0.11767172813415527,0.041849613189697266,0.5,0.0,305777.17933895794,156982.70713029793,107.91999999999994,0.0,0.0,5.08669290796842,5.08669290796842
normal,72,58.16194922361857,19.955626252156197,3986.570386035235,2187.8730193590814,161.35070603523397,0.0,3925.219680000001,2198.470296250682,100.0,10.597276891600876,0.0,2463.070829755876,0.0,0.0,2198.470296250682,0.0,0.09523272514343262,0.024105310440063477,0.5,0.0,309763.7497249932,159170.580149657,109.43999999999994,0.0,0.0,5.08669290796842,5.08669290796842
normal,73,55.062300670365424,21.25843907517822,3966.7735498366774,2187.8730193590814,130.5364298366766,0.0,3936.2371200000007,2198.470296250682,100.0,10.597276891600876,0.0,2457.9080398391457,0.0,0.0,2198.470296250682,0.0,0.10243988037109375,0.047307729721069336,0.5,0.0,313730.52327482984,161358.45316901608,110.95999999999994,0.0,0.0,5.08669290796842,5.08669290796842
normal,74,64.48514502937071,23.121770037214326,4398.476274884865,2187.8730193590814,131.79467488486424,0.0,4366.681600000001,2198.470296250682,100.0,10.597276891600876,0.0,2742.805287366577,0.0,0.0,2198.470296250682,0.0,0.12107419967651367,0.04806971549987793,0.5,0.0,318128.99954971473,163546.32618837515,112.47999999999993,0.0,0.0,5.08669290796842,5.08669290796842
normal,75,63.71693699619069,20.161137171281872,4423.917018341283,2187.8730193590814,146.6962183412834,0.0,4377.2208,2198.470296250682,100.0,10.597276891600876,0.0,2728.4194151399124,0.0,0.0,2198.470296250682,0.0,0.1161184310913086,0.04592156410217285,0.5,0.0,322552.91656805604,165734.19920773423,113.99999999999993,0.0,0.0,5.08669290796842,5.08669290796842
normal,76,63.51638972813557,21.708189730232622,4386.358113777355,2187.8730193590814,130.59811377735613,0.0,4355.759999999999,2198.470296250682,100.0,10.597276891600876,0.0,2720.7077682732897,0.0,0.0,2198.470296250682,0.0,0.12042784690856934,0.04075336456298828,0.5,0.0,326939.2746818334,167922.0722270933,115.51999999999992,0.0,0.0,5.08669290796842,5.08669290796842
normal,77,60.61197806109228,22.225340118528493,4396.106200218541,2187.8730193590814,152.4246002185407,0.0,4343.6816,2198.470296250682,100.0,10.597276891600876,0.0,2720.210526066378,0.0,0.0,2198.470296250682,0.0,0.12119865417480469,0.04410529136657715,0.5,0.0,331335.38088205195,170109.94524645238,117.03999999999992,0.0,0.0,5.08669290796842,5.08669290796842
normal,78,64.5585908360077,25.661627247224295,4425.057294515452,2187.8730193590814,155.0284945154516,0.0,4370.0288,2198.470296250682,100.0,10.597276891600876,0.0,2737.9955334862943,0.0,0.0,2198.470296250682,0.0,0.13367223739624023,0.04920697212219238,0.5,0.0,335760.4381765674,172297.81826581145,118.55999999999992,0.0,0.0,5.08669290796842,5.08669290796842
normal,79,55.91879099028677,20.70246656196347,3971.4948360378967,2187.8730193590814,127.45147603789502,0.0,3944.0433600000015,2198.470296250682,100.0,10.597276891600876,0.0,2465.089048951965,0.0,0.0,2198.470296250682,0.0,0.12976646423339844,0.05030632019042969,0.5,0.0,339731.9330126053,174485.69128517053,120.07999999999991,0.0,0.0,5.08669290796842,5.08669290796842
normal,80,53.59622975902753,22.13180284560607,3972.7165732667468,2187.8730193590814,120.720093266746,0.0,3951.9964800000007,2198.470296250682,100.0,10.597276891600876,0.0,2474.835559599319,0.0,0.0,2198.470296250682,0.0,0.1107180118560791,0.04984736442565918,0.5,0.0,343704.649585872,176673.5643045296,121.59999999999991,0.0,0.0,5.08669290796842,5.08669290796842
normal,81,58.978915413409766,21.21855728164276,4390.4082273607355,2187.8730193590814,123.7266273607346,0.0,4366.681600000001,2198.470296250682,100.0,10.597276891600876,0.0,2726.1547236448205,0.0,0.0,2198.470296250682,0.0,0.10723519325256348,0.0478367805480957,0.5,0.0,348095.05781323276,178861.43732388868,123.1199999999999,0.0,0.0,5.08669290796842,5.08669290796842
normal,82,58.437271008625736,21.07338366419708,4403.9571484869775,2187.8730193590814,144.24674848697748,0.0,4359.7104,2198.470296250682,100.0,10.597276891600876,0.0,2724.345224294198,0.0,0.0,2198.470296250682,0.0,0.12253212928771973,0.04564309120178223,0.5,0.0,352499.01496171975,181049.31034324775,124.6399999999999,0.0,0.0,5.08669290796842,5.08669290796842
normal,83,62.14461809897603,25.177474658997905,4401.8458458983105,2187.8730193590814,149.4906458983105,0.0,4352.3552,2198.470296250682,100.0,10.597276891600876,0.0,2714.417857502861,0.0,0.0,2198.470296250682,0.0,0.1187596321105957,0.04514598846435547,0.5,0.0,356900.86080761807,183237.18336260683,126.1599999999999,0.0,0.0,5.08669290796842,5.08669290796842
normal,84,62.22046488779629,23.09744081791274,4399.089466859275,2187.8730193590814,136.1950668592747,0.0,4362.8944,2198.470296250682,100.0,10.597276891600876,0.0,2724.718141994067,0.0,0.0,2198.470296250682,0.0,0.12154459953308105,0.04700040817260742,0.5,0.0,361299.95027447736,185425.0563819659,127.6799999999999,0.0,0.0,5.08669290796842,5.08669290796842
normal,85,59.660714619294026,24.33958557165145,4407.043091285369,2187.8730193590814,154.52469128536862,0.0,4352.5184,2198.470296250682,100.0,10.597276891600876,0.0,2731.5770518803424,0.0,0.0,2198.470296250682,0.0,0.11976981163024902,0.04658770561218262,0.5,0.0,365706.99336576276,187612.92940132497,129.1999999999999,0.0,0.0,5.08669290796842,5.08669290796842
normal,86,56.574924098125685,18.55812961047008,3979.227069210333,2187.8730193590814,135.18370921033156,0.0,3944.0433600000015,2198.470296250682,100.0,10.597276891600876,0.0,2454.8140007531183,0.0,0.0,2198.470296250682,0.0,0.11901402473449707,0.04611706733703613,0.5,0.0,369686.2204349731,189800.80242068405,130.7199999999999,0.0,0.0,5.08669290796842,5.08669290796842
normal,87,53.59190945695809,19.99580201335803,3969.2425143771907,2187.8730193590814,118.7781943771896,0.0,3950.464320000001,2198.470296250682,100.0,10.597276891600876,0.0,2466.453845708421,0.0,0.0,2198.470296250682,0.0,0.11610007286071777,0.047724246978759766,0.5,0.0,373655.46294935024,191988.67544004312,132.23999999999992,0.0,0.0,5.08669290796842,5.08669290796842
normal,88,60.04684230407816,22.953308354569437,4386.272807905278,2187.8730193590814,138.80400790527608,0.0,4347.4688000000015,2198.470296250682,100.0,10.597276891600876,0.0,2721.2865678053086,0.0,0.0,2198.470296250682,0.0,0.12498664855957031,0.045957088470458984,0.5,0.0,378041.7357572555,194176.5484594022,133.75999999999993,0.0,0.0,5.08669290796842,5.08669290796842
normal,89,60.14195686276033,24.29566299336134,4410.511089516566,2187.8730193590814,152.50308951656538,0.0,4358.008000000001,2198.470296250682,100.0,10.597276891600876,0.0,2725.2807648948356,0.0,0.0,2198.470296250682,0.0,0.11261868476867676,0.04620194435119629,0.5,0.0,382452.2468467721,196364.42147876127,135.27999999999994,0.0,0.0,5.08669290796842,5.08669290796842
normal,90,61.35026660835263,23.245678851953112,4384.39311147045,2187.8730193590814,128.6331114704506,0.0,4355.759999999999,2198.470296250682,100.0,10.597276891600876,0.0,2693.758785221596,0.0,0.0,2198.470296250682,0.0,0.11112403869628906,0.04676508903503418,0.5,0.0,386836.63995824254,198552.29449812035,136.79999999999995,0.0,0.0,5.08669290796842,5.08669290796842
normal,91,59.8737660921748,20.856730187786074,4395.010897441692,2187.8730193590814,132.11649744169193,0.0,4362.8944,2198.470296250682,100.0,10.597276891600876,0.0,2721.2172180310527,0.0,0.0,2198.470296250682,0.0,0.37279486656188965,0.04875349998474121,0.5,0.0,391231.65085568425,200740.16751747942,138.31999999999996,0.0,0.0,5.08669290796842,5.08669290796842
normal,92,58.994710139004816,21.28998201776202,4404.861451910466,2187.8730193590814,131.42785191046545,0.0,4373.4336,2198.470296250682,100.0,10.597276891600876,0.0,2735.090439649221,0.0,0.0,2198.470296250682,0.0,0.11143660545349121,0.04010009765625,0.5,0.0,395636.5123075947,202928.0405368385,139.83999999999997,0.0,0.0,5.08669290796842,5.08669290796842
normal,93,53.63280233752471,18.894109406430882,3955.204669276645,2187.8730193590814,112.69346927664365,0.0,3942.5112000000013,2198.470296250682,100.0,10.597276891600876,0.0,2484.1027515401256,0.0,0.0,2198.470296250682,0.0,0.1133265495300293,0.037668466567993164,0.5,0.0,399591.71697687136,205115.91355619757,141.35999999999999,0.0,0.0,5.08669290796842,5.08669290796842
normal,94,51.70400100311114,22.443635858732016,3980.9460135503905,2187.8730193590814,132.01385355038974,0.0,3948.9321600000007,2198.470296250682,100.0,10.597276891600876,0.0,2465.8219703897917,0.0,0.0,2198.470296250682,0.0,0.12439513206481934,0.04462456703186035,0.5,0.0,403572.66299042176,207303.78657555665,142.88,0.0,0.0,5.08669290796842,5.08669290796842
normal,95,56.632244685914934,22.852851933501228,4396.835530051446,2187.8730193590814,128.45153005144493,0.0,4368.384000000001,2198.470296250682,100.0,10.597276891600876,0.0,2728.8343633922145,0.0,0.0,2198.470296250682,0.0,0.10890316963195801,0.04984474182128906,0.5,0.0,407969.4985204732,209491.65959491572,144.4,0.0,0.0,5.08669290796842,5.08669290796842
normal,96,59.020531983189386,23.81214442054662,4425.98573193756,2187.8730193590814,167.97773193755918,0.0,4358.008000000001,2198.470296250682,100.0,10.597276891600876,0.0,2737.663090325797,0.0,0.0,2198.470296250682,0.0,0.10829591751098633,0.045438528060913086,0.5,0.0,412395.48425241077,211679.5326142748,145.92000000000002,0.0,0.0,5.08669290796842,5.08669290796842
normal,97,58.22451609719612,19.542709990314965,4387.564413742163,2187.8730193590814,131.80441374216431,0.0,4355.759999999999,2198.470296250682,100.0,10.597276891600876,0.0,2735.3128657911134,0.0,0.0,2198.470296250682,0.0,0.11019349098205566,0.04477858543395996,0.5,0.0,416783.0486661529,213867.40563363387,147.44000000000003,0.0,0.0,5.08669290796842,5.08669290796842
normal,98,57.444674521712564,20.477262446391663,4398.777573500212,2187.8730193590814,135.88317350021237,0.0,4362.8944,2198.470296250682,100.0,10.597276891600876,0.0,2722.205643245667,0.0,0.0,2198.470296250682,0.0,0.11680340766906738,0.04725170135498047,0.5,0.0,421181.82623965316,216055.27865299294,148.96000000000004,0.0,0.0,5.08669290796842,5.08669290796842
normal,99,54.98482231484365,22.153209052684726,4397.000420267687,2187.8730193590814,144.48202026768737,0.0,4352.5184,2198.470296250682,100.0,10.597276891600876,0.0,2719.947587927723,0.0,0.0,2198.470296250682,0.0,0.11901998519897461,0.045655012130737305,0.5,0.0,425578.82665992086,218243.15167235202,150.48000000000005,0.0,0.0,5.08669290796842,5.08669290796842
normal,100,52.91454745711434,19.3106729000628,3975.5955955248087,2187.8730193590814,133.08439552480752,0.0,3942.5112000000013,2198.470296250682,100.0,10.597276891600876,0.0,2459.442724874273,0.0,0.0,2198.470296250682,0.0,0.1223137378692627,0.04385805130004883,0.5,0.0,429554.4222554457,220431.0246917111,152.00000000000006,0.0,0.0,5.08669290796842,5.08669290796842
normal,101,49.933749474122145,19.876365489589876,3966.424496692429,2187.8730193590814,114.42801669242826,0.0,3951.9964800000007,2198.470296250682,100.0,10.597276891600876,0.0,2470.7590861181197,0.0,0.0,2198.470296250682,0.0,0.11791849136352539,0.04875540733337402,0.5,0.0,433520.8467521381,222618.89771107017,153.52000000000007,0.0,0.0,5.08669290796842,5.08669290796842
normal,102,55.07193535586938,21.741245238697864,4390.405096646095,2187.8730193590814,122.02109664609482,0.0,4368.384000000001,2198.470296250682,100.0,10.597276891600876,0.0,2699.075336368034,0.0,0.0,2198.470296250682,0.0,0.11700916290283203,0.04819679260253906,0.5,0.0,437911.2518487842,224806.77073042924,155.04000000000008,0.0,0.0,5.08669290796842,5.08669290796842
normal,103,53.573188138268456,24.698300518241656,4394.349794530769,2187.8730193590814,138.04419453076906,0.0,4356.3056,2198.470296250682,100.0,10.597276891600876,0.0,2718.3207184231405,0.0,0.0,2198.470296250682,0.0,0.11502361297607422,0.047525882720947266,0.5,0.0,442305.601643315,226994.64374978832,156.5600000000001,0.0,0.0,5.08669290796842,5.08669290796842
normal,104,54.654275043576,23.121358537689364,4390.578951758453,2187.8730193590814,134.81895175845315,0.0,4355.759999999999,2198.470296250682,100.0,10.597276891600876,0.0,2715.0554682670013,0.0,0.0,2198.470296250682,0.0,0.11505961418151855,0.044506072998046875,0.5,0.0,446696.18059507344,229182.5167691474,158.0800000000001,0.0,0.0,5.08669290796842,5.08669290796842
normal,105,56.68855799815143,22.58014409922162,4409.636941417892,2187.8730193590814,146.74254141789174,0.0,4362.8944,2198.470296250682,100.0,10.597276891600876,0.0,2714.3443247614655,0.0,0.0,2198.470296250682,0.0,0.11658358573913574,0.04532980918884277,0.5,0.0,451105.8175364913,231370.38978850647,159.6000000000001,0.0,0.0,5.08669290796842,5.08669290796842
normal,106,55.49911127276505,21.46111047814788,4400.85512093677,2187.8730193590814,150.03912093677016,0.0,4350.816,2198.470296250682,100.0,10.597276891600876,0.0,2734.241019267917,0.0,0.0,2198.470296250682,0.0,0.11531543731689453,0.04700899124145508,0.5,0.0,455506.6726574281,233558.26280786554,161.12000000000012,0.0,0.0,5.08669290796842,5.08669290796842
normal,107,50.45195242807839,19.95580473937459,3955.1717726443107,2187.8730193590814,129.95209264430954,0.0,3925.219680000001,2198.470296250682,100.0,10.597276891600876,0.0,2434.8175587281257,0.0,0.0,2198.470296250682,0.0,0.11424803733825684,0.02303457260131836,0.5,0.0,459461.8444300724,235746.1358272246,162.64000000000013,0.0,0.0,5.08669290796842,5.08669290796842
normal,108,50.20047809344135,19.588835576657292,3944.3258829036076,2187.8730193590814,108.08876290360678,0.0,3936.2371200000007,2198.470296250682,100.0,10.597276891600876,0.0,2454.9906429335797,0.0,0.0,2198.470296250682,0.0,0.11151385307312012,0.04809451103210449,0.5,0.0,463406.170312976,237934.0088465837,164.16000000000014,0.0,0.0,5.08669290796842,5.08669290796842
normal,109,55.78672617513312,19.19665592324132,4378.520834262283,2187.8730193590814,110.13683426228152,0.0,4368.384000000001,2198.470296250682,100.0,10.597276891600876,0.0,2721.8983887133236,0.0,0.0,2198.470296250682,0.0,0.10618329048156738,0.04700803756713867,0.5,0.0,467784.6911472383,240121.88186594276,165.68000000000015,0.0,0.0,5.08669290796842,5.08669290796842
normal,110,53.78060159181181,21.27533029051775,4392.173387559806,2187.8730193590814,114.95258755980527,0.0,4377.2208,2198.470296250682,100.0,10.597276891600876,0.0,2737.6521557185033,0.0,0.0,2198.470296250682,0.0,0.12207984924316406,0.04682612419128418,0.5,0.0,472176.86453479814,242309.75488530184,167.20000000000016,0.0,0.0,5.08669290796842,5.08669290796842
normal,111,56.586134313268495,20.788080531412266,4389.8994061518815,2187.8730193590814,151.64980615188148,0.0,4338.2496,2198.470296250682,100.0,10.597276891600876,0.0,2732.061963514566,0.0,0.0,2198.470296250682,0.0,0.11332941055297852,0.049057722091674805,0.5,0.0,476566.76394095004,244497.6279046609,168.72000000000017,0.0,0.0,5.08669290796842,5.08669290796842
normal,112,56.10645076081829,21.86663043971882,4387.32740052772,2187.8730193590814,143.64580052771953,0.0,4343.6816,2198.470296250682,100.0,10.597276891600876,0.0,2712.406542141566,0.0,0.0,2198.470296250682,0.0,0.11491203308105469,0.04587221145629883,0.5,0.0,480954.09134147776,246685.50092402,170.24000000000018,0.0,0.0,5.08669290796842,5.08669290796842
normal,113,56.28930227360954,24.8523395642367,4421.082468766674,2187.8730193590814,170.2664687666736,0.0,4350.816,2198.470296250682,100.0,10.597276891600876,0.0,2701.956885238895,0.0,0.0,2198.470296250682,0.0,0.11632919311523438,0.04500532150268555,0.5,0.0,485375.1738102444,248873.37394337906,171.7600000000002,0.0,0.0,5.08669290796842,5.08669290796842
normal,114,48.38979969340716,19.619012567831305,3946.0063258443793,2187.8730193590814,117.72232584437808,0.0,3928.284000000001,2198.470296250682,100.0,10.597276891600876,0.0,2461.25360435224,0.0,0.0,2198.470296250682,0.0,0.11058402061462402,0.04870414733886719,0.5,0.0,489321.1801360888,251061.24696273814,173.2800000000002,0.0,0.0,5.08669290796842,5.08669290796842
normal,115,49.96508492343886,24.114287903761255,3975.3426001700795,2187.8730193590814,123.3461201700787,0.0,3951.9964800000007,2198.470296250682,100.0,10.597276891600876,0.0,2471.8178523883835,0.0,0.0,2198.470296250682,0.0,0.12887001037597656,0.04757285118103027,0.5,0.0,493296.52273625886,253249.1199820972,174.8000000000002,0.0,0.0,5.08669290796842,5.08669290796842
normal,116,59.19099261252609,23.11901488799595,4401.323092195747,2187.8730193590814,132.9390921957469,0.0,4368.384000000001,2198.470296250682,100.0,10.597276891600876,0.0,2727.8097958377375,0.0,0.0,2198.470296250682,0.0,0.12474703788757324,0.04775810241699219,0.5,0.0,497697.8458284546,255436.99300145629,176.32000000000022,0.0,0.0,5.08669290796842,5.08669290796842
normal,117,57.0703263394949,22.563224675029094,4401.094446398044,2187.8730193590814,123.87364639804395,0.0,4377.2208,2198.470296250682,100.0,10.597276891600876,0.0,2733.9842704574808,0.0,0.0,2198.470296250682,0.0,0.2824687957763672,0.03883838653564453,0.5,0.0,502098.9402748526,257624.86602081536,177.84000000000023,0.0,0.0,5.08669290796842,5.08669290796842
normal,118,54.55256411642057,24.223810352146653,4374.56690447882,2187.8730193590814,141.42450447881996,0.0,4333.1424,2198.470296250682,100.0,10.597276891600876,0.0,2672.1040154715242,0.0,0.0,2198.470296250682,0.0,0.1087183952331543,0.0477604866027832,0.5,0.0,506473.50717933144,259812.73904017443,179.36000000000024,0.0,0.0,5.08669290796842,5.08669290796842
normal,119,54.98692169913736,20.82383559800744,4390.317925520024,2187.8730193590814,148.33872552002356,0.0,4341.979200000001,2198.470296250682,100.0,10.597276891600876,0.0,2684.283614435889,0.0,0.0,2198.470296250682,0.0,0.11725115776062012,0.047698974609375,0.5,0.0,510863.82510485145,262000.6120595335,180.88000000000025,0.0,0.0,5.08669290796842,5.08669290796842
normal,120,56.02652143925963,21.932842827502135,4407.3706634959,2187.8730193590814,153.1498634959,0.0,4354.2208,2198.470296250682,100.0,10.597276891600876,0.0,2716.416900885264,0.0,0.0,2198.470296250682,0.0,0.11919736862182617,0.0455169677734375,0.5,0.0,515271.19576834736,264188.4850788926,182.40000000000026,0.0,0.0,5.08669290796842,5.08669290796842
normal,121,48.800246541746986,22.82773664724308,3960.118644765318,2187.8730193590814,134.89896476531712,0.0,3925.219680000001,2198.470296250682,100.0,10.597276891600876,0.0,2450.2260400393875,0.0,0.0,2198.470296250682,0.0,0.11779570579528809,0.046193838119506836,0.5,0.0,519231.3144131127,266376.3580982517,183.92000000000027,0.0,0.0,5.08669290796842,5.08669290796842
normal,122,47.453963678782365,21.1832792243011,3978.504443908238,2187.8730193590814,128.04012390823718,0.0,3950.464320000001,2198.470296250682,100.0,10.597276891600876,0.0,2464.8852776296303,0.0,0.0,2198.470296250682,0.0,0.11899590492248535,0.045200347900390625,0.5,0.0,523209.81885702093,268564.23111761076,185.44000000000028,0.0,0.0,5.08669290796842,5.08669290796842
normal,123,54.48777040936975,22.48224952721972,4402.020916363413,2187.8730193590814,152.84971636341186,0.0,4349.171200000001,2198.470296250682,100.0,10.597276891600876,0.0,2734.5096455976563,0.0,0.0,2198.470296250682,0.0,0.12182068824768066,0.04785561561584473,0.5,0.0,527611.8397733844,270752.10413696984,186.9600000000003,0.0,0.0,5.08669290796842,5.08669290796842
normal,124,53.05430965215286,24.24777651193461,4406.170633383724,2187.8730193590814,146.46023338372382,0.0,4359.7104,2198.470296250682,100.0,10.597276891600876,0.0,2723.6620626765034,0.0,0.0,2198.470296250682,0.0,0.11147546768188477,0.04621720314025879,0.5,0.0,532018.0104067681,272939.9771563289,188.4800000000003,0.0,0.0,5.08669290796842,5.08669290796842
normal,125,54.97065167074279,19.976705715055893,4378.217042874242,2187.8730193590814,122.4570428742427,0.0,4355.759999999999,2198.470296250682,100.0,10.597276891600876,0.0,2712.031099425911,0.0,0.0,2198.470296250682,0.0,0.12451553344726562,0.03664803504943848,0.5,0.0,536396.2274496423,275127.850175688,190.0000000000003,0.0,0.0,5.08669290796842,5.08669290796842
normal,126,54.6211800617788,23.637213610099796,4408.799076654406,2187.8730193590814,145.90467665440647,0.0,4362.8944,2198.470296250682,100.0,10.597276891600876,0.0,2746.7512263699386,0.0,0.0,2198.470296250682,0.0,0.12068939208984375,0.024072647094726562,0.5,0.0,540805.0265262966,277315.72319504706,191.52000000000032,0.0,0.0,5.08669290796842,5.08669290796842
normal,127,57.26068036701133,22.111529594522082,4405.812584984134,2187.8730193590814,132.37898498413438,0.0,4373.4336,2198.470296250682,100.0,10.597276891600876,0.0,2725.557649498034,0.0,0.0,2198.470296250682,0.0,0.12535381317138672,0.04626750946044922,0.5,0.0,545210.8391112807,279503.59621440613,193.04000000000033,0.0,0.0,5.08669290796842,5.08669290796842
normal,128,47.66870372363751,19.276363500771083,3956.5642575592046,2187.8730193590814,114.05305755920348,0.0,3942.5112000000013,2198.470296250682,100.0,10.597276891600876,0.0,2478.815319351694,0.0,0.0,2198.470296250682,0.0,0.12417483329772949,0.046474456787109375,0.5,0.0,549167.40336884,281691.4692337652,194.56000000000034,0.0,0.0,5.08669290796842,5.08669290796842
normal,129,50.1923890572099,19.102356145624203,3960.0593791595898,2187.8730193590814,108.06289915958926,0.0,3951.9964800000007,2198.470296250682,100.0,10.597276891600876,0.0,2494.462845757202,0.0,0.0,2198.470296250682,0.0,0.10944342613220215,0.04530000686645508,0.5,0.0,553127.4627479996,283879.3422531243,196.08000000000035,0.0,0.0,5.08669290796842,5.08669290796842
normal,130,55.0501966815776,22.259755325368154,4393.870265090045,2187.8730193590814,142.99666509004456,0.0,4350.873600000001,2198.470296250682,100.0,10.597276891600876,0.0,2732.8299090407236,0.0,0.0,2198.470296250682,0.0,0.11338353157043457,0.04575324058532715,0.5,0.0,557521.3330130896,286067.21527248336,197.60000000000036,0.0,0.0,5.08669290796842,5.08669290796842
normal,131,55.655531220630856,23.073087324272876,4407.641565696482,2187.8730193590814,147.93116569648222,0.0,4359.7104,2198.470296250682,100.0,10.597276891600876,0.0,2732.676689489823,0.0,0.0,2198.470296250682,0.0,0.12537503242492676,0.04847264289855957,0.5,0.0,561928.9745787861,288255.08829184243,199.12000000000037,0.0,0.0,5.08669290796842,5.08669290796842
normal,132,58.142906956666344,23.641738849342403,4393.2957108294495,2187.8730193590814,139.23811082945,0.0,4354.057599999999,2198.470296250682,100.0,10.597276891600876,0.0,2713.4516029460824,0.0,0.0,2198.470296250682,0.0,0.12206768989562988,0.03323721885681152,0.5,0.0,566322.2702896155,290442.9613112015,200.64000000000038,0.0,0.0,5.08669290796842,5.08669290796842
normal,133,54.40926838635454,26.017833880729995,4403.896627666068,2187.8730193590814,156.8102276660676,0.0,4347.0864,2198.470296250682,100.0,10.597276891600876,0.0,2715.426284812878,0.0,0.0,2198.470296250682,0.0,0.10343813896179199,0.047043561935424805,0.5,0.0,570726.1669172816,292630.8343305606,202.1600000000004,0.0,0.0,5.08669290796842,5.08669290796842
normal,134,52.69478802752972,24.029746761009548,4396.428608205952,2187.8730193590814,122.9950082059511,0.0,4373.4336,2198.470296250682,100.0,10.597276891600876,0.0,2753.7704556656845,0.0,0.0,2198.470296250682,0.0,0.10713768005371094,0.04762601852416992,0.5,0.0,575122.5955254876,294818.70734991966,203.6800000000004,0.0,0.0,5.08669290796842,5.08669290796842
normal,135,50.12110923974577,23.619277964272293,3964.6984728108864,2187.8730193590814,139.47879281088524,0.0,3925.219680000001,2198.470296250682,100.0,10.597276891600876,0.0,2440.247774561259,0.0,0.0,2198.470296250682,0.0,0.11197805404663086,0.04450249671936035,0.5,0.0,579087.2939982985,297006.58036927873,205.20000000000041,0.0,0.0,5.08669290796842,5.08669290796842
normal,136,49.076017118375184,20.811199985753426,3953.4677665367694,2187.8730193590814,120.29496653676867,0.0,3933.1728000000007,2198.470296250682,100.0,10.597276891600876,0.0,2456.1960498741514,0.0,0.0,2198.470296250682,0.0,0.11046218872070312,0.04578232765197754,0.5,0.0,583040.7617648352,299194.4533886378,206.72000000000043,0.0,0.0,5.08669290796842,5.08669290796842
normal,137,55.39032687466073,22.173933387450735,4399.440251445993,2187.8730193590814,148.56665144599222,0.0,4350.873600000001,2198.470296250682,100.0,10.597276891600876,0.0,2713.003655024671,0.0,0.0,2198.470296250682,0.0,0.11497163772583008,0.04401111602783203,0.5,0.0,587440.2020162812,301382.3264079969,208.24000000000044,0.0,0.0,5.08669290796842,5.08669290796842
normal,138,54.90236726991125,22.951418047622646,4387.953548140434,2187.8730193590814,128.24314814043345,0.0,4359.7104,2198.470296250682,100.0,10.597276891600876,0.0,2734.206462397383,0.0,0.0,2198.470296250682,0.0,0.11190271377563477,0.044669389724731445,0.5,0.0,591828.1555644217,303570.19942735595,209.76000000000045,0.0,0.0,5.08669290796842,5.08669290796842
normal,139,57.475810546719366,25.044232654328013,4385.071430594184,2187.8730193590814,148.5242305941838,0.0,4336.5472,2198.470296250682,100.0,10.597276891600876,0.0,2724.9074382233694,0.0,0.0,2198.470296250682,0.0,0.11349916458129883,0.04515957832336426,0.5,0.0,596213.2269950159,305758.072446715,211.28000000000046,0.0,0.0,5.08669290796842,5.08669290796842
normal,140,54.09991123676272,22.63930256769185,4398.495549776963,2187.8730193590814,154.8139497769632,0.0,4343.6816,2198.470296250682,100.0,10.597276891600876,0.0,2690.307894326925,0.0,0.0,2198.470296250682,0.0,0.12336039543151855,0.04773688316345215,0.5,0.0,600611.7225447928,307945.9454660741,212.80000000000047,0.0,0.0,5.08669290796842,5.08669290796842
normal,141,55.65673241237469,21.786394809242474,4401.011519208716,2187.8730193590814,130.98271920871574,0.0,4370.0288,2198.470296250682,100.0,10.597276891600876,0.0,2739.0011743512705,0.0,0.0,2198.470296250682,0.0,0.11377072334289551,0.046599626541137695,0.5,0.0,605012.7340640015,310133.8184854332,214.32000000000048,0.0,0.0,5.08669290796842,5.08669290796842
normal,142,46.87517623180696,17.488068480558866,3971.141804410756,2187.8730193590814,127.09844441075444,0.0,3944.0433600000015,2198.470296250682,100.0,10.597276891600876,0.0,2438.458043524523,0.0,0.0,2198.470296250682,0.0,0.10983753204345703,0.0475916862487793,0.5,0.0,608983.8758684122,312321.69150479225,215.8400000000005,0.0,0.0,5.08669290796842,5.08669290796842
normal,143,49.607366744555556,19.90676094966602,3972.7890031245443,2187.8730193590814,120.79252312454358,0.0,3951.9964800000007,2198.470296250682,100.0,10.597276891600876,0.0,2485.4351332707947,0.0,0.0,2198.470296250682,0.0,0.12487912178039551,0.04842638969421387,0.5,0.0,612956.6648715368,314509.5645241513,217.3600000000005,0.0,0.0,5.08669290796842,5.08669290796842
normal,144,54.82633952012109,24.74436869653214,4405.937306361153,2187.8730193590814,137.55330636115167,0.0,4368.384000000001,2198.470296250682,100.0,10.597276891600876,0.0,2702.8860995514433,0.0,0.0,2198.470296250682,0.0,0.11632919311523438,0.04674172401428223,0.5,0.0,617362.6021778979,316697.4375435104,218.8800000000005,0.0,0.0,5.08669290796842,5.08669290796842
normal,145,57.445335292217685,22.38203502161649,4401.723527745294,2187.8730193590814,124.50272774529408,0.0,4377.2208,2198.470296250682,100.0,10.597276891600876,0.0,2733.1179516939824,0.0,0.0,2198.470296250682,0.0,0.12030482292175293,0.04465937614440918,0.5,0.0,621764.3257056433,318885.3105628695,220.40000000000052,0.0,0.0,5.08669290796842,5.08669290796842
normal,146,57.2807396718566,24.437652691867697,4376.973817379926,2187.8730193590814,121.2138173799268,0.0,4355.759999999999,2198.470296250682,100.0,10.597276891600876,0.0,2737.7268123969498,0.0,0.0,2198.470296250682,0.0,0.11836671829223633,0.04673480987548828,0.5,0.0,626141.2995230232,321073.18358222855,221.92000000000053,0.0,0.0,5.08669290796842,5.08669290796842
normal,147,57.42536768690892,21.715656492142788,4398.15880024484,2187.8730193590814,133.5620002448399,0.0,4364.5968,2198.470296250682,100.0,10.597276891600876,0.0,2755.414067878984,0.0,0.0,2198.470296250682,0.0,0.12483525276184082,0.02573227882385254,0.5,0.0,630539.458323268,323261.0566015876,223.44000000000054,0.0,0.0,5.08669290796842,5.08669290796842
normal,148,55.87313356925379,24.045761535828685,4414.015597925298,2187.8730193590814,142.2843979252977,0.0,4371.7312,2198.470296250682,100.0,10.597276891600876,0.0,2739.9439042036997,0.0,0.0,2198.470296250682,0.0,0.11430716514587402,0.04794883728027344,0.5,0.0,634953.4739211933,325448.9296209467,224.96000000000055,0.0,0.0,5.08669290796842,5.08669290796842
normal,149,50.1808150596057,18.633384340551064,3955.1774181565934,2187.8730193590814,112.66621815659211,0.0,3942.5112000000013,2198.470296250682,100.0,10.597276891600876,0.0,2472.6675132568894,0.0,0.0,2198.470296250682,0.0,0.11716270446777344,0.038072824478149414,0.5,0.0,638908.6513393499,327636.8026403058,226.48000000000056,0.0,0.0,5.08669290796842,5.08669290796842
normal,150,49.33714952819989,22.4168411965965,3980.403633460544,2187.8730193590814,128.40715346054333,0.0,3951.9964800000007,2198.470296250682,100.0,10.597276891600876,0.0,2476.6031091845985,0.0,0.0,2198.470296250682,0.0,0.12005233764648438,0.04540419578552246,0.5,0.0,642889.0549728104,329824.67565966485,228.00000000000057,0.0,0.0,5.08669290796842,5.08669290796842
normal,151,56.68731772866042,24.27728167143354,4395.867225724244,2187.8730193590814,146.69602572424347,0.0,4349.171200000001,2198.470296250682,100.0,10.597276891600876,0.0,2709.6670341901386,0.0,0.0,2198.470296250682,0.0,0.10158109664916992,0.0450139045715332,0.5,0.0,647284.9221985347,332012.5486790239,229.52000000000058,0.0,0.0,5.08669290796842,5.08669290796842
normal,152,58.273506046454344,23.88853372777856,4404.050148061877,2187.8730193590814,142.63734806187722,0.0,4361.4128,2198.470296250682,100.0,10.597276891600876,0.0,2733.3983787770053,0.0,0.0,2198.470296250682,0.0,0.10660719871520996,0.04693198204040527,0.5,0.0,651688.9723465965,334200.421698383,231.0400000000006,0.0,0.0,5.08669290796842,5.08669290796842
normal,153,59.155911828027946,23.204184724703445,4396.32112913043,2187.8730193590814,140.56112913043032,0.0,4355.759999999999,2198.470296250682,100.0,10.597276891600876,0.0,2706.4958087298196,0.0,0.0,2198.470296250682,0.0,0.1290135383605957,0.04941248893737793,0.5,0.0,656085.293475727,336388.2947177421,232.5600000000006,0.0,0.0,5.08669290796842,5.08669290796842
normal,154,59.01824212622245,22.192795759075228,4400.554600557831,2187.8730193590814,137.66020055783068,0.0,4362.8944,2198.470296250682,100.0,10.597276891600876,0.0,2715.9875915386247,0.0,0.0,2198.470296250682,0.0,0.13487887382507324,0.04673957824707031,0.5,0.0,660485.8480762847,338576.16773710115,234.0800000000006,0.0,0.0,5.08669290796842,5.08669290796842
normal,155,57.2847582548535,24.4542266400804,4421.762551250961,2187.8730193590814,148.3289512509613,0.0,4373.4336,2198.470296250682,100.0,10.597276891600876,0.0,2738.291959006324,0.0,0.0,2198.470296250682,0.0,0.10788297653198242,0.04499220848083496,0.5,0.0,664907.6106275357,340764.0407564602,235.60000000000062,0.0,0.0,5.08669290796842,5.08669290796842
normal,156,54.037465295888126,22.767899444533818,3985.085896344351,2187.8730193590814,141.0425363443498,0.0,3944.0433600000015,2198.470296250682,100.0,10.597276891600876,0.0,2471.1233831962995,0.0,0.0,2198.470296250682,0.0,0.11240267753601074,0.0488734245300293,0.5,0.0,668892.6965238801,342951.9137758193,237.12000000000063,0.0,0.0,5.08669290796842,5.08669290796842
normal,157,51.16236397647976,22.313877670076575,3969.7269487246026,2187.8730193590814,133.48982872460206,0.0,3936.2371200000007,2198.470296250682,100.0,10.597276891600876,0.0,2454.426626396549,0.0,0.0,2198.470296250682,0.0,0.12652587890625,0.04805397987365723,0.5,0.0,672862.4234726047,345139.78679517837,238.64000000000064,0.0,0.0,5.08669290796842,5.08669290796842
normal,158,59.7238401477613,24.40032347181823,4396.133775283522,2187.8730193590814,146.96257528352103,0.0,4349.171200000001,2198.470296250682,100.0,10.597276891600876,0.0,2729.036570533549,0.0,0.0,2198.470296250682,0.0,0.12312960624694824,0.04863381385803223,0.5,0.0,677258.5572478882,347327.65981453744,240.16000000000065,0.0,0.0,5.08669290796842,5.08669290796842
normal,159,62.83053530252685,24.55053667744493,4423.985103095221,2187.8730193590814,169.38190309522108,0.0,4354.6032000000005,2198.470296250682,100.0,10.597276891600876,0.0,2703.3207677438627,0.0,0.0,2198.470296250682,0.0,0.11324882507324219,0.044861793518066406,0.5,0.0,681682.5423509834,349515.5328338965,241.68000000000066,0.0,0.0,5.08669290796842,5.08669290796842
normal,160,58.5987893782559,21.927758965055496,4396.717694412381,2187.8730193590814,140.95769441238193,0.0,4355.759999999999,2198.470296250682,100.0,10.597276891600876,0.0,2747.3249781518603,0.0,0.0,2198.470296250682,0.0,0.12027215957641602,0.04654717445373535,0.5,0.0,686079.2600453957,351703.4058532556,243.20000000000067,0.0,0.0,5.08669290796842,5.08669290796842
normal,161,61.75977671687062,24.497043004108868,4404.160837902651,2187.8730193590814,141.26643790265086,0.0,4362.8944,2198.470296250682,100.0,10.597276891600876,0.0,2733.3919349114503,0.0,0.0,2198.470296250682,0.0,0.12251138687133789,0.04705381393432617,0.5,0.0,690483.4208832984,353891.27887261467,244.72000000000068,0.0,0.0,5.08669290796842,5.08669290796842
normal,162,62.122230450043084,20.803374219214703,4386.736978041364,2187.8730193590814,130.81377804136358,0.0,4355.9232,2198.470296250682,100.0,10.597276891600876,0.0,2735.7634239657923,0.0,0.0,2198.470296250682,0.0,0.12406802177429199,0.04800915718078613,0.5,0.0,694870.1578613397,356079.15189197374,246.2400000000007,0.0,0.0,5.08669290796842,5.08669290796842
normal,163,56.24948888826651,19.443175763820026,3963.90550516809,2187.8730193590814,119.86214516808818,0.0,3944.0433600000015,2198.470296250682,100.0,10.597276891600876,0.0,2452.910687854652,0.0,0.0,2198.470296250682,0.0,0.1284317970275879,0.047730445861816406,0.5,0.0,698834.0633665079,358267.0249113328,247.7600000000007,0.0,0.0,5.08669290796842,5.08669290796842
normal,164,56.87879118480694,22.339126377623476,3984.7707029228077,2187.8730193590814,134.3063829228067,0.0,3950.464320000001,2198.470296250682,100.0,10.597276891600876,0.0,2466.222958602598,0.0,0.0,2198.470296250682,0.0,0.11906599998474121,0.046425580978393555,0.5,0.0,702818.8340694307,360454.8979306919,249.2800000000007,0.0,0.0,5.08669290796842,5.08669290796842
normal,165,61.219687170570985,21.361518259842573,4397.6580380296,2187.8730193590814,151.89163802959845,0.0,4345.766400000001,2198.470296250682,100.0,10.597276891600876,0.0,2735.45920934797,0.0,0.0,2198.470296250682,0.0,0.13302087783813477,0.044771671295166016,0.5,0.0,707216.4921074603,362642.77095005097,250.80000000000072,0.0,0.0,5.08669290796842,5.08669290796842
normal,166,61.45049377696767,24.15257853326547,4412.732658112568,2187.8730193590814,153.02225811256818,0.0,4359.7104,2198.470296250682,100.0,10.597276891600876,0.0,2730.2242310819356,0.0,0.0,2198.470296250682,0.0,0.11248087882995605,0.04887247085571289,0.5,0.0,711629.2247655728,364830.64396941004,252.32000000000073,0.0,0.0,5.08669290796842,5.08669290796842
normal,167,61.095087016692595,22.070533101313764,4392.946066469056,2187.8730193590814,137.18606646905627,0.0,4355.759999999999,2198.470296250682,100.0,10.597276891600876,0.0,2730.3177387064907,0.0,0.0,2198.470296250682,0.0,0.1122279167175293,0.045392513275146484,0.5,0.0,716022.1708320419,367018.5169887691,253.84000000000074,0.0,0.0,5.08669290796842,5.08669290796842
normal,168,63.120279229465986,21.887574860256564,4390.282951182261,2187.8730193590814,146.60135118226106,0.0,4343.6816,2198.470296250682,100.0,10.597276891600876,0.0,2711.1505813164486,0.0,0.0,2198.470296250682,0.0,0.11998867988586426,0.0547175407409668,0.5,0.0,720412.4537832241,369206.3900081282,255.36000000000075,0.0,0.0,5.08669290796842,5.08669290796842
normal,169,62.083245668849976,24.161703700222404,4430.807435397358,2187.8730193590814,157.37383539735765,0.0,4373.4336,2198.470296250682,100.0,10.597276891600876,0.0,2732.8098524779393,0.0,0.0,2198.470296250682,0.0,0.11725330352783203,0.03156757354736328,0.5,0.0,724843.2612186215,371394.26302748726,256.88000000000073,0.0,0.0,5.08669290796842,5.08669290796842
normal,170,53.71403248739431,19.09422472623007,3970.101738292687,2187.8730193590814,126.05837829268536,0.0,3944.0433600000015,2198.470296250682,100.0,10.597276891600876,0.0,2453.604243846599,0.0,0.0,2198.470296250682,0.0,0.11774134635925293,0.05202198028564453,0.5,0.0,728813.3629569142,373582.13604684634,258.4000000000007,0.0,0.0,5.08669290796842,5.08669290796842
normal,171,55.13348153286514,19.396543526400574,3977.9309641528075,2187.8730193590814,125.93448415280679,0.0,3951.9964800000007,2198.470296250682,100.0,10.597276891600876,0.0,2467.7809315619706,0.0,0.0,2198.470296250682,0.0,0.11924958229064941,0.03230690956115723,0.5,0.0,732791.293921067,375770.0090662054,259.9200000000007,0.0,0.0,5.08669290796842,5.08669290796842
normal,172,65.23109419914344,21.494358946740796,4393.858063205,2187.8730193590814,144.68686320499913,0.0,4349.171200000001,2198.470296250682,100.0,10.597276891600876,0.0,2721.4136043005487,0.0,0.0,2198.470296250682,0.0,0.11457443237304688,0.032562255859375,0.5,0.0,737185.1519842721,377957.8820855645,261.4400000000007,0.0,0.0,5.08669290796842,5.08669290796842
normal,173,63.87649764135225,22.79001898103333,4412.8186937357095,2187.8730193590814,153.10829373570985,0.0,4359.7104,2198.470296250682,100.0,10.597276891600876,0.0,2722.6610860273913,0.0,0.0,2198.470296250682,0.0,0.1011662483215332,0.05087733268737793,0.5,0.0,741597.9706780078,380145.75510492356,262.96000000000066,0.0,0.0,5.08669290796842,5.08669290796842
normal,174,65.8050137334734,21.512821626007423,4376.451989637346,2187.8730193590814,141.607189637346,0.0,4334.8448,2198.470296250682,100.0,10.597276891600876,0.0,2710.688823383697,0.0,0.0,2198.470296250682,0.0,0.11594748497009277,0.034655094146728516,0.5,0.0,745974.4226676452,382333.62812428264,264.48000000000064,0.0,0.0,5.08669290796842,5.08669290796842
normal,175,63.93778206822773,22.1062178413134,4411.194293732837,2187.8730193590814,148.29989373283675,0.0,4362.8944,2198.470296250682,100.0,10.597276891600876,0.0,2726.730161351793,0.0,0.0,2198.470296250682,0.0,0.12681937217712402,0.051640987396240234,0.5,0.0,750385.616961378,384521.5011436417,266.0000000000006,0.0,0.0,5.08669290796842,5.08669290796842
normal,176,62.386669041931036,21.562395111526513,4399.967888548566,2187.8730193590814,128.2366885485662,0.0,4371.7312,2198.470296250682,100.0,10.597276891600876,0.0,2751.9716893390937,0.0,0.0,2198.470296250682,0.0,0.1124575138092041,0.02401137351989746,0.5,0.0,754785.5848499266,386709.3741630008,267.5200000000006,0.0,0.0,5.08669290796842,5.08669290796842
normal,177,58.298417239524305,19.176523121121516,3970.6099349876804,2187.8730193590814,128.09873498767897,0.0,3942.5112000000013,2198.470296250682,100.0,10.597276891600876,0.0,2491.131043064769,0.0,0.0,2198.470296250682,0.0,0.09575510025024414,0.03512096405029297,0.5,0.0,758756.1947849144,388897.24718235986,269.0400000000006,0.0,0.0,5.08669290796842,5.08669290796842
normal,178,59.41522926945256,21.06544790619253,3984.0388446964776,2187.8730193590814,132.0423646964768,0.0,3951.9964800000007,2198.470296250682,100.0,10.597276891600876,0.0,2476.5411380198607,0.0,0.0,2198.470296250682,0.0,0.10936808586120605,0.03381013870239258,0.5,0.0,762740.2336296109,391085.12020171894,270.56000000000057,0.0,0.0,5.08669290796842,5.08669290796842
normal,179,66.0296587233803,24.570236950537495,4433.24988843391,2187.8730193590814,182.3762884339098,0.0,4350.873600000001,2198.470296250682,100.0,10.597276891600876,0.0,2702.5148627834333,0.0,0.0,2198.470296250682,0.0,0.12787675857543945,0.04776310920715332,0.5,0.0,767173.4835180448,393272.993221078,272.08000000000055,0.0,0.0,5.08669290796842,5.08669290796842
normal,180,65.610394469496,23.500836817935195,4413.613270602923,2187.8730193590814,136.3924706029225,0.0,4377.2208,2198.470296250682,100.0,10.597276891600876,0.0,2750.4306554537393,0.0,0.0,2198.470296250682,0.0,0.1349797248840332,0.045732975006103516,0.5,0.0,771587.0967886477,395460.8662404371,273.60000000000053,0.0,0.0,5.08669290796842,5.08669290796842
normal,181,69.10753657379082,24.84304180565935,4426.8626820675945,2187.8730193590814,171.10268206759494,0.0,4355.759999999999,2198.470296250682,100.0,10.597276891600876,0.0,2710.0663231938242,0.0,0.0,2198.470296250682,0.0,0.12065005302429199,0.047292232513427734,0.5,0.0,776013.9594707153,397648.73925979616,275.1200000000005,0.0,0.0,5.08669290796842,5.08669290796842
normal,182,67.80321109234661,23.045232004530916,4418.210976114586,2187.8730193590814,174.52937611458572,0.0,4343.6816,2198.470296250682,100.0,10.597276891600876,0.0,2717.829798348321,0.0,0.0,2198.470296250682,0.0,0.11910176277160645,0.025380849838256836,0.5,0.0,780432.1704468299,399836.61227915523,276.6400000000005,0.0,0.0,5.08669290796842,5.08669290796842
normal,183,67.63739347547047,21.56063740979482,4404.271713990123,2187.8730193590814,150.0509139901232,0.0,4354.2208,2198.470296250682,100.0,10.597276891600876,0.0,2744.18971220897,0.0,0.0,2198.470296250682,0.0,0.11993694305419922,0.046735525131225586,0.5,0.0,784836.44216082,402024.4852985143,278.1600000000005,0.0,0.0,5.08669290796842,5.08669290796842
normal,184,60.90873342515963,23.39393602525782,3983.4552953444972,2187.8730193590814,139.4119353444957,0.0,3944.0433600000015,2198.470296250682,100.0,10.597276891600876,0.0,2458.4645991817724,0.0,0.0,2198.470296250682,0.0,0.1167917251586914,0.04674243927001953,0.5,0.0,788819.8974561645,404212.3583178734,279.68000000000046,0.0,0.0,5.08669290796842,5.08669290796842
normal,185,64.39650229598227,20.200283503059946,3988.4998174777584,2187.8730193590814,156.85917747775719,0.0,3931.640640000001,2198.470296250682,100.0,10.597276891600876,0.0,2442.876131276772,0.0,0.0,2198.470296250682,0.0,0.12371349334716797,0.047556161880493164,0.5,0.0,792808.3972736422,406400.23133723246,281.20000000000044,0.0,0.0,5.08669290796842,5.08669290796842
normal,186,72.91439051811676,24.412990720637453,4422.622253298883,2187.8730193590814,173.45105329888273,0.0,4349.171200000001,2198.470296250682,100.0,10.597276891600876,0.0,2702.7401116560122,0.0,0.0,2198.470296250682,0.0,0.12911510467529297,0.047679901123046875,0.5,0.0,797231.0195269411,408588.10435659153,282.7200000000004,0.0,0.0,5.08669290796842,5.08669290796842
normal,187,71.08677553908332,22.97461524898611,4411.454421458476,2187.8730193590814,150.04162145847582,0.0,4361.4128,2198.470296250682,100.0,10.597276891600876,0.0,2725.951771654515,0.0,0.0,2198.470296250682,0.0,0.12143850326538086,0.04471778869628906,0.5,0.0,801642.4739483997,410775.9773759506,284.2400000000004,0.0,0.0,5.08669290796842,5.08669290796842
normal,188,67.1192151031503,21.148690033457047,4385.437503819236,2187.8730193590814,147.18790381923566,0.0,4338.2496,2198.470296250682,100.0,10.597276891600876,0.0,2696.0624237617963,0.0,0.0,2198.470296250682,0.0,0.10618948936462402,0.04848837852478027,0.5,0.0,806027.9114522189,412963.8503953097,285.7600000000004,0.0,0.0,5.08669290796842,5.08669290796842
normal,189,70.43912578346031,24.27910692593236,4417.780559759901,2187.8730193590814,174.09895975990065,0.0,4343.6816,2198.470296250682,100.0,10.597276891600876,0.0,2714.305824104677,0.0,0.0,2198.470296250682,0.0,0.1153726577758789,0.03899669647216797,0.5,0.0,810445.6920119788,415151.72341466876,287.28000000000037,0.0,0.0,5.08669290796842,5.08669290796842
normal,190,67.13854558328812,22.65840195572177,4421.0852170910075,2187.8730193590814,149.35401709100697,0.0,4371.7312,2198.470296250682,100.0,10.597276891600876,0.0,2740.595564197304,0.0,0.0,2198.470296250682,0.0,0.11808943748474121,0.04954862594604492,0.5,0.0,814866.7772290698,417339.59643402783,288.80000000000035,0.0,0.0,5.08669290796842,5.08669290796842
normal,191,61.089734155337474,20.537169200363834,3970.805120893861,2187.8730193590814,144.05328089385978,0.0,3926.7518400000013,2198.470296250682,100.0,10.597276891600876,0.0,2455.762213839894,0.0,0.0,2198.470296250682,0.0,0.10708451271057129,0.04585409164428711,0.5,0.0,818837.5823499637,419527.4694533869,290.32000000000033,0.0,0.0,5.08669290796842,5.08669290796842
normal,192,63.662491340690956,21.932551324066242,3985.08048459427,2187.8730193590814,134.6161645942688,0.0,3950.464320000001,2198.470296250682,100.0,10.597276891600876,0.0,2479.9963135411367,0.0,0.0,2198.470296250682,0.0,0.12229132652282715,0.04967832565307617,0.5,0.0,822822.6628345579,421715.342472746,291.8400000000003,0.0,0.0,5.08669290796842,5.08669290796842
normal,193,70.27309508983275,24.019005274349087,4417.161177840359,2187.8730193590814,150.47957784035847,0.0,4366.681600000001,2198.470296250682,100.0,10.597276891600876,0.0,2723.339661578809,0.0,0.0,2198.470296250682,0.0,0.1165769100189209,0.046855926513671875,0.5,0.0,827239.8240123983,423903.21549210505,293.3600000000003,0.0,0.0,5.08669290796842,5.08669290796842
normal,194,70.02827577625989,21.51019714876259,4428.666128815971,2187.8730193590814,153.14772881597136,0.0,4375.5184,2198.470296250682,100.0,10.597276891600876,0.0,2715.3860969719444,0.0,0.0,2198.470296250682,0.0,0.11563467979431152,0.046471595764160156,0.5,0.0,831668.4901412142,426091.0885114641,294.8800000000003,0.0,0.0,5.08669290796842,5.08669290796842
normal,195,72.32580441960101,24.31519022182215,4419.264703994977,2187.8730193590814,182.71750399497685,0.0,4336.5472,2198.470296250682,100.0,10.597276891600876,0.0,2716.0283098973437,0.0,0.0,2198.470296250682,0.0,0.11876177787780762,0.04504227638244629,0.5,0.0,836087.7548452092,428278.9615308232,296.40000000000026,0.0,0.0,5.08669290796842,5.08669290796842
normal,196,74.26111979640984,19.780798052886336,4422.584732032443,2187.8730193590814,157.987932032443,0.0,4364.5968,2198.470296250682,100.0,10.597276891600876,0.0,2745.4425258608167,0.0,0.0,2198.470296250682,0.0,0.11528396606445312,0.03902554512023926,0.5,0.0,840510.3395772417,430466.8345501823,297.92000000000024,0.0,0.0,5.08669290796842,5.08669290796842
normal,197,71.45095553392356,24.238409799896882,4433.8962158146305,2187.8730193590814,179.67541581463038,0.0,4354.2208,2198.470296250682,100.0,10.597276891600876,0.0,2746.7571898079887,0.0,0.0,2198.470296250682,0.0,0.1186368465423584,0.04674363136291504,0.5,0.0,844944.2357930563,432654.70756954135,299.4400000000002,0.0,0.0,5.08669290796842,5.08669290796842
normal,198,64.96544313941659,18.005468968428023,3966.6109295532256,2187.8730193590814,124.09972955322407,0.0,3942.5112000000013,2198.470296250682,100.0,10.597276891600876,0.0,2477.9989061819124,0.0,0.0,2198.470296250682,0.0,0.12758302688598633,0.04674673080444336,0.5,0.0,848910.8467226096,434842.5805889004,300.9600000000002,0.0,0.0,5.08669290796842,5.08669290796842
normal,199,66.26418103300598,20.075113841569877,4004.9737896432043,2187.8730193590814,152.9773096432034,0.0,3951.9964800000007,2198.470296250682,100.0,10.597276891600876,0.0,2472.484731491078,0.0,0.0,2198.470296250682,0.0,0.12840843200683594,0.06369519233703613,0.5,0.0,852915.8205122527,437030.4536082595,302.4800000000002,0.0,0.0,5.08669290796842,5.08669290796842
normal,200,73.86155383057145,23.464294691434056,4423.196202772101,2187.8730193590814,154.8122027720997,0.0,4368.384000000001,2198.470296250682,100.0,10.597276891600876,0.0,2753.3034333921833,0.0,0.0,2198.470296250682,0.0,0.10387492179870605,0.04820990562438965,0.5,0.0,857339.0167150248,439218.3266276186,304.00000000000017,0.0,0.0,5.08669290796842,5.08669290796842
normal,201,75.16702471845572,22.600775897201004,4425.181056084889,2187.8730193590814,165.4706560848889,0.0,4359.7104,2198.470296250682,100.0,10.597276891600876,0.0,2734.3616918636226,0.0,0.0,2198.470296250682,0.0,0.1820378303527832,0.04400634765625,0.5,0.0,861764.1977711098,441406.19964697765,305.52000000000015,0.0,0.0,5.08669290796842,5.08669290796842
normal,202,76.22836388852572,25.58531388822953,4420.43288464582,2187.8730193590814,164.67288464582126,0.0,4355.759999999999,2198.470296250682,100.0,10.597276891600876,0.0,2723.3083622974027,0.0,0.0,2198.470296250682,0.0,0.11432456970214844,0.04785752296447754,0.5,0.0,866184.6306557555,443594.0726663367,307.04000000000013,0.0,0.0,5.08669290796842,5.08669290796842
normal,203,74.33966639714576,22.68157747349098,4410.763636428494,2187.8730193590814,151.27403642849274,0.0,4359.489600000001,2198.470296250682,100.0,10.597276891600876,0.0,2703.0004198760657,0.0,0.0,2198.470296250682,0.0,0.13328814506530762,0.04772591590881348,0.5,0.0,870595.394292184,445781.9456856958,308.5600000000001,0.0,0.0,5.08669290796842,5.08669290796842
normal,204,75.87820261182219,24.36118331240573,4440.654762266229,2187.8730193590814,189.83876226622965,0.0,4350.816,2198.470296250682,100.0,10.597276891600876,0.0,2699.9049670096438,0.0,0.0,2198.470296250682,0.0,0.16413617134094238,0.04944944381713867,0.5,0.0,875036.0490544502,447969.8187050549,310.0800000000001,0.0,0.0,5.08669290796842,5.08669290796842
normal,205,69.66710545558354,20.629350756877724,3990.401921492182,2187.8730193590814,149.4228814921807,0.0,3940.979040000001,2198.470296250682,100.0,10.597276891600876,0.0,2468.2587642454937,0.0,0.0,2198.470296250682,0.0,0.12707853317260742,0.046247005462646484,0.5,0.0,879026.4509759424,450157.69172441395,311.6000000000001,0.0,0.0,5.08669290796842,5.08669290796842
normal,206,69.47570124616813,20.946778564391515,4004.4383635158747,2187.8730193590814,169.73340351587333,0.0,3934.704960000001,2198.470296250682,100.0,10.597276891600876,0.0,2475.039359497979,0.0,0.0,2198.470296250682,0.0,0.11609292030334473,0.0460052490234375,0.5,0.0,883030.8893394583,452345.564743773,313.12000000000006,0.0,0.0,5.08669290796842,5.08669290796842
normal,207,77.12572411695417,22.26948479512534,4431.890396532894,2187.8730193590814,179.3143965328929,0.0,4352.576000000001,2198.470296250682,100.0,10.597276891600876,0.0,2716.5717705301213,0.0,0.0,2198.470296250682,0.0,0.17952680587768555,0.0340116024017334,0.5,0.0,887462.7797359913,454533.4377631321,314.64000000000004,0.0,0.0,5.08669290796842,5.08669290796842
normal,208,76.70671369473838,23.776666991110393,4441.089322569333,2187.8730193590814,179.67652256933206,0.0,4361.4128,2198.470296250682,100.0,10.597276891600876,0.0,2728.510638314741,0.0,0.0,2198.470296250682,0.0,0.11239957809448242,0.04743146896362305,0.5,0.0,891903.8690585606,456721.3107824912,316.16,0.0,0.0,5.08669290796842,5.08669290796842
normal,209,81.80321136307873,23.290265281214126,4432.818190536656,2187.8730193590814,177.05819053665687,0.0,4355.759999999999,2198.470296250682,100.0,10.597276891600876,0.0,2723.438518726208,0.0,0.0,2198.470296250682,0.0,0.12316203117370605,0.04659438133239746,0.5,0.0,896336.6872490973,458909.18380185025,317.68,0.0,0.0,5.08669290796842,5.08669290796842
normal,210,78.6036606354538,25.064270704086745,4431.231441298339,2187.8730193590814,166.63464129833815,0.0,4364.5968,2198.470296250682,100.0,10.597276891600876,0.0,2747.7947132867976,0.0,0.0,2198.470296250682,0.0,0.1267070770263672,0.04886746406555176,0.5,0.0,900767.9186903957,461097.0568212093,319.2,0.0,0.0,5.08669290796842,5.08669290796842
normal,211,80.49998203503635,18.933623907873827,4433.508035931547,2187.8730193590814,160.07443593154653,0.0,4373.4336,2198.470296250682,100.0,10.597276891600876,0.0,2755.7196648394324,0.0,0.0,2198.470296250682,0.0,0.10454726219177246,0.05100059509277344,0.5,0.0,905201.4267263272,463284.9298405684,320.71999999999997,0.0,0.0,5.08669290796842,5.08669290796842
normal,212,71.16707104317659,17.037203111271484,3992.446038777148,2187.8730193590814,148.40267877714643,0.0,3944.0433600000015,2198.470296250682,100.0,10.597276891600876,0.0,2453.678314813488,0.0,0.0,2198.470296250682,0.0,0.10269355773925781,0.035230398178100586,0.5,0.0,909193.8727651043,465472.80285992747,322.23999999999995,0.0,0.0,5.08669290796842,5.08669290796842
normal,213,69.75134630215267,22.129738399557635,3987.5946376428096,2187.8730193590814,155.9539976428087,0.0,3931.640640000001,2198.470296250682,100.0,10.597276891600876,0.0,2461.3933747250558,0.0,0.0,2198.470296250682,0.0,0.11910080909729004,0.04589033126831055,0.5,0.0,913181.4674027471,467660.67587928654,323.75999999999993,0.0,0.0,5.08669290796842,5.08669290796842
normal,214,78.94647962245057,22.735818821903937,4431.220875258853,2187.8730193590814,182.04967525885206,0.0,4349.171200000001,2198.470296250682,100.0,10.597276891600876,0.0,2710.253594836921,0.0,0.0,2198.470296250682,0.0,0.13344359397888184,0.049106597900390625,0.5,0.0,917612.688278006,469848.5488986456,325.2799999999999,0.0,0.0,5.08669290796842,5.08669290796842
normal,215,79.69218979253121,24.853549999437558,4452.122168533413,2187.8730193590814,174.90136853341264,0.0,4377.2208,2198.470296250682,100.0,10.597276891600876,0.0,2754.091113600899,0.0,0.0,2198.470296250682,0.0,0.20992803573608398,0.04748249053955078,0.5,0.0,922064.8104465394,472036.4219180047,326.7999999999999,0.0,0.0,5.08669290796842,5.08669290796842
normal,216,80.68526400750473,20.873818116458107,4438.142747286266,2187.8730193590814,182.38274728626664,0.0,4355.759999999999,2198.470296250682,100.0,10.597276891600876,0.0,2717.4595270381424,0.0,0.0,2198.470296250682,0.0,0.12202191352844238,0.04689455032348633,0.5,0.0,926502.9531938257,474224.29493736377,328.3199999999999,0.0,0.0,5.08669290796842,5.08669290796842
normal,217,79.33466149503745,22.534710003184745,4436.254712601341,2187.8730193590814,171.65791260134154,0.0,4364.5968,2198.470296250682,100.0,10.597276891600876,0.0,2718.2090123720836,0.0,0.0,2198.470296250682,0.0,0.11429691314697266,0.04783940315246582,0.5,0.0,930939.207906427,476412.16795672284,329.83999999999986,0.0,0.0,5.08669290796842,5.08669290796842
normal,218,80.25261145838502,24.711053474938414,4445.760368321641,2187.8730193590814,193.24196832164097,0.0,4352.5184,2198.470296250682,100.0,10.597276891600876,0.0,2699.820725494651,0.0,0.0,2198.470296250682,0.0,0.12213373184204102,0.04759097099304199,0.5,0.0,935384.9682747487,478600.0409760819,331.35999999999984,0.0,0.0,5.08669290796842,5.08669290796842
normal,219,72.52409420616554,21.334799077247645,4001.48808160315,2187.8730193590814,157.44472160314882,0.0,3944.0433600000015,2198.470296250682,100.0,10.597276891600876,0.0,2480.925526924999,0.0,0.0,2198.470296250682,0.0,0.11680412292480469,0.04601263999938965,0.5,0.0,939386.4563563518,480787.913995441,332.8799999999998,0.0,0.0,5.08669290796842,5.08669290796842
normal,220,73.18503352887042,22.38643120524184,4014.5415480466363,2187.8730193590814,162.54506804663558,0.0,3951.9964800000007,2198.470296250682,100.0,10.597276891600876,0.0,2470.550033327066,0.0,0.0,2198.470296250682,0.0,0.1247246265411377,0.047164201736450195,0.5,0.0,943400.9979043985,482975.78701480007,334.3999999999998,0.0,0.0,5.08669290796842,5.08669290796842
normal,221,83.41454036304863,22.976168288075804,4428.911907684337,2187.8730193590814,176.33590768433587,0.0,4352.576000000001,2198.470296250682,100.0,10.597276891600876,0.0,2741.0603035291197,0.0,0.0,2198.470296250682,0.0,0.11507081985473633,0.04625511169433594,0.5,0.0,947829.9098120828,485163.66003415914,335.9199999999998,0.0,0.0,5.08669290796842,5.08669290796842
normal,222,84.9911160564511,21.92605323957532,4435.395437156643,2187.8730193590814,159.8770371566434,0.0,4375.5184,2198.470296250682,100.0,10.597276891600876,0.0,2724.620694131929,0.0,0.0,2198.470296250682,0.0,0.12187051773071289,0.04826998710632324,0.5,0.0,952265.3052492394,487351.5330535182,337.43999999999977,0.0,0.0,5.08669290796842,5.08669290796842
normal,223,82.87666822740407,22.910541786282657,4421.466736596672,2187.8730193590814,186.62193659667193,0.0,4334.8448,2198.470296250682,100.0,10.597276891600876,0.0,2692.25011599374,0.0,0.0,2198.470296250682,0.0,0.13032889366149902,0.04900622367858887,0.5,0.0,956686.7719858361,489539.4060728773,338.95999999999975,0.0,0.0,5.08669290796842,5.08669290796842
normal,224,84.88548182093353,23.013732973873935,4444.990397305354,2187.8730193590814,180.39359730535364,0.0,4364.5968,2198.470296250682,100.0,10.597276891600876,0.0,2718.5352310416197,0.0,0.0,2198.470296250682,0.0,0.11546516418457031,0.04773688316345215,0.5,0.0,961131.7623831414,491727.27909223636,340.47999999999973,0.0,0.0,5.08669290796842,5.08669290796842
normal,225,83.5869581133221,20.895749651940154,4432.291236935836,2187.8730193590814,162.26243693583606,0.0,4370.0288,2198.470296250682,100.0,10.597276891600876,0.0,2729.492802736919,0.0,0.0,2198.470296250682,0.0,0.12985992431640625,0.04549121856689453,0.5,0.0,965564.0536200773,493915.15211159544,341.9999999999997,0.0,0.0,5.08669290796842,5.08669290796842
normal,226,77.09530981475741,20.88301721622349,4005.365345920779,2187.8730193590814,178.61350592077807,0.0,3926.7518400000013,2198.470296250682,100.0,10.597276891600876,0.0,2460.3873877403967,0.0,0.0,2198.470296250682,0.0,0.11640000343322754,0.044107675552368164,0.5,0.0,969569.4189659981,496103.0251309545,343.5199999999997,0.0,0.0,5.08669290796842,5.08669290796842
normal,227,75.27074084518883,19.713568189845162,4004.149457246014,2187.8730193590814,152.15297724601328,0.0,3951.9964800000007,2198.470296250682,100.0,10.597276891600876,0.0,2486.0321996745615,0.0,0.0,2198.470296250682,0.0,0.11711788177490234,0.0452578067779541,0.5,0.0,973573.5684232442,498290.8981503136,345.0399999999997,0.0,0.0,5.08669290796842,5.08669290796842
normal,228,84.2937320143834,20.424489438787756,4436.489762762864,2187.8730193590814,168.1057627628635,0.0,4368.384000000001,2198.470296250682,100.0,10.597276891600876,0.0,2731.882383549769,0.0,0.0,2198.470296250682,0.0,0.11600160598754883,0.0482635498046875,0.5,0.0,978010.0581860071,500478.77116967266,346.55999999999966,0.0,0.0,5.08669290796842,5.08669290796842
normal,229,84.89367479375393,20.709826052407884,4434.069241576753,2187.8730193590814,176.061241576752,0.0,4358.008000000001,2198.470296250682,100.0,10.597276891600876,0.0,2723.629314321064,0.0,0.0,2198.470296250682,0.0,0.11637425422668457,0.04792523384094238,0.5,0.0,982444.1274275838,502666.64418903174,348.07999999999964,0.0,0.0,5.08669290796842,5.08669290796842
normal,230,88.46501449390422,27.347272545546364,4447.504581653299,2182.1370193590815,191.74458165329978,0.0,4355.759999999999,2192.7342962506823,100.0,10.597276891600876,0.0,2711.9691853025643,0.0,0.0,2192.7342962506823,0.0,0.11702418327331543,0.046797752380371094,0.5,0.0,986891.6320092371,504848.78120839084,349.5999999999996,0.0,0.0,5.08669290796842,5.08669290796842
normal,231,88.78991491053712,25.05061904001668,4438.850867341212,2187.8730193590814,193.46686734121076,0.0,4345.384000000001,2198.470296250682,100.0,10.597276891600876,0.0,2729.7930971829173,0.0,0.0,2198.470296250682,0.0,0.11245870590209961,0.0458223819732666,0.5,0.0,991330.4828765782,507036.6542277499,351.1199999999996,0.0,0.0,5.08669290796842,5.08669290796842
normal,232,84.34409027993597,24.02585679042642,4446.568480030336,2187.8730193590814,173.13488003033544,0.0,4373.4336,2198.470296250682,100.0,10.597276891600876,0.0,2725.8785843842634,0.0,0.0,2198.470296250682,0.0,0.12977242469787598,0.04764699935913086,0.5,0.0,995777.0513566085,509224.527247109,352.6399999999996,0.0,0.0,5.08669290796842,5.08669290796842
normal,233,80.16942590497666,21.351022102089512,4000.8700820718022,2187.8730193590814,158.35888207180128,0.0,3942.5112000000013,2198.470296250682,100.0,10.597276891600876,0.0,2457.0798042313727,0.0,0.0,2198.470296250682,0.0,0.11750197410583496,0.03362321853637695,0.5,0.0,999777.9214386803,511412.40026646806,354.15999999999957,0.0,0.0,5.08669290796842,5.08669290796842
normal,234,80.93097097381752,21.87044849713116,4015.0536844507424,2187.8730193590814,163.0572044507418,0.0,3951.9964800000007,2198.470296250682,100.0,10.597276891600876,0.0,2487.498108537303,0.0,0.0,2198.470296250682,0.0,0.12630939483642578,0.047747135162353516,0.5,0.0,1003792.975123131,513600.27328582713,355.67999999999955,0.0,0.0,5.08669290796842,5.08669290796842
normal,235,90.16215652691652,22.032637217114807,4446.895430169295,2187.8730193590814,178.51143016929416,0.0,4368.384000000001,2198.470296250682,100.0,10.597276891600876,0.0,2726.199651910867,0.0,0.0,2198.470296250682,0.0,0.10916996002197266,0.051013946533203125,0.5,0.0,1008239.8705533003,515788.1463051862,357.19999999999953,0.0,0.0,5.08669290796842,5.08669290796842
normal,236,89.85759965681564,19.52090896940532,4459.7322382877255,2187.8730193590814,182.5114382877259,0.0,4377.2208,2198.470296250682,100.0,10.597276891600876,0.0,2744.005829350908,0.0,0.0,2198.470296250682,0.0,0.1035604476928711,0.04692482948303223,0.5,0.0,1012699.6027915879,517976.0193245453,358.7199999999995,0.0,0.0,5.08669290796842,5.08669290796842
normal,237,88.46347809801284,20.990200385194644,4426.672828721511,2187.8730193590814,170.91282872151174,0.0,4355.759999999999,2198.470296250682,100.0,10.597276891600876,0.0,2711.9018974104456,0.0,0.0,2198.470296250682,0.0,0.11177730560302734,0.04703950881958008,0.5,0.0,1017126.2756203094,520163.89234390436,360.2399999999995,0.0,0.0,5.08669290796842,5.08669290796842
normal,238,91.52328704600946,23.90787531788533,4463.036381452497,2187.8730193590814,215.949981452497,0.0,4347.0864,2198.470296250682,100.0,10.597276891600876,0.0,2712.919788368901,0.0,0.0,2198.470296250682,0.0,0.12148571014404297,0.04769325256347656,0.5,0.0,1021589.3120017619,522351.76536326343,361.7599999999995,0.0,0.0,5.08669290796842,5.08669290796842
normal,239,92.57678459690737,19.91384434728242,4457.9939826440095,2182.1370193590815,184.56038264400962,0.0,4373.4336,2192.7342962506823,100.0,10.597276891600876,0.0,2728.0015619013047,0.0,0.0,2192.7342962506823,0.0,0.11779570579528809,0.05331087112426758,0.5,0.0,1026047.3059844059,524533.9023826225,363.27999999999946,0.0,0.0,5.08669290796842,5.08669290796842
normal,240,80.96556862702896,18.702788108699057,3998.8703437431095,2187.8730193590814,172.11850374310836,0.0,3926.7518400000013,2198.470296250682,100.0,10.597276891600876,0.0,2440.012754725928,0.0,0.0,2198.470296250682,0.0,0.11360645294189453,0.046997785568237305,0.5,0.0,1030046.176328149,526721.7754019815,364.79999999999944,0.0,0.0,5.08669290796842,5.08669290796842
normal,241,80.57278543384025,16.87480313618073,3992.5028751735135,2187.8730193590814,156.26575517351299,0.0,3936.2371200000007,2198.470296250682,100.0,10.597276891600876,0.0,2461.4310601401326,0.0,0.0,2198.470296250682,0.0,0.12308573722839355,0.04607725143432617,0.5,0.0,1034038.6792033225,528909.6484213406,366.3199999999994,0.0,0.0,5.08669290796842,5.08669290796842
normal,242,90.97204208996767,25.78699334250964,4441.621358037362,2187.8730193590814,174.9397580373613,0.0,4366.681600000001,2198.470296250682,100.0,10.597276891600876,0.0,2727.4912930273276,0.0,0.0,2198.470296250682,0.0,0.11522483825683594,0.04610419273376465,0.5,0.0,1038480.3005613599,531097.5214406997,367.8399999999994,0.0,0.0,5.08669290796842,5.08669290796842
normal,243,93.54669654038985,22.87856743779303,4457.183036124319,2187.8730193590814,195.7702361243191,0.0,4361.4128,2198.470296250682,100.0,10.597276891600876,0.0,2713.7878896473003,0.0,0.0,2198.470296250682,0.0,0.1160581111907959,0.04660439491271973,0.5,0.0,1042937.4835974842,533285.3944600588,369.3599999999994,0.0,0.0,5.08669290796842,5.08669290796842
normal,244,92.30080929022358,23.62637994118057,4444.96155748524,2187.8730193590814,190.9039574852406,0.0,4354.057599999999,2198.470296250682,100.0,10.597276891600876,0.0,2708.7652002589857,0.0,0.0,2198.470296250682,0.0,0.11737585067749023,0.04554152488708496,0.5,0.0,1047382.4451549695,535473.2674794178,370.87999999999937,0.0,0.0,5.08669290796842,5.08669290796842
normal,245,90.24680202180939,21.73849141629442,4455.455022060656,2187.8730193590814,192.56062206065553,0.0,4362.8944,2198.470296250682,100.0,10.597276891600876,0.0,2723.945355970244,0.0,0.0,2198.470296250682,0.0,0.1129002571105957,0.04600119590759277,0.5,0.0,1051837.9001770301,537661.1404987769,372.39999999999935,0.0,0.0,5.08669290796842,5.08669290796842
normal,246,94.62163452947846,26.116232687698133,4459.922744933792,2187.8730193590814,209.10674493379224,0.0,4350.816,2198.470296250682,100.0,10.597276891600876,0.0,2712.978715044677,0.0,0.0,2198.470296250682,0.0,0.11583161354064941,0.04774641990661621,0.5,0.0,1056297.8229219639,539849.013518136,373.91999999999933,0.0,0.0,5.08669290796842,5.08669290796842
normal,247,83.23722394124384,18.677784010296165,3981.28288149933,2187.8730193590814,154.5310414993287,0.0,3926.7518400000013,2198.470296250682,100.0,10.597276891600876,0.0,2449.1014110540636,0.0,0.0,2198.470296250682,0.0,0.1210627555847168,0.034331560134887695,0.5,0.0,1060279.1058034631,542036.8865374951,375.4399999999993,0.0,0.0,5.08669290796842,5.08669290796842
normal,248,81.96593440785772,18.275953253347865,4016.4615646239763,2187.8730193590814,164.46508462397594,0.0,3951.9964800000007,2198.470296250682,100.0,10.597276891600876,0.0,2458.4796969726717,0.0,0.0,2198.470296250682,0.0,0.11523985862731934,0.05110478401184082,0.5,0.0,1064295.5673680871,544224.7595568541,376.9599999999993,0.0,0.0,5.08669290796842,5.08669290796842
normal,249,91.63068571762524,24.05925068392158,4430.922817298846,2182.4730193590813,183.45401729884458,0.0,4347.4688000000015,2193.070296250682,100.0,10.597276891600876,0.0,2711.038596745793,0.0,0.0,2193.070296250682,0.0,0.11170506477355957,0.03511857986450195,0.5,0.0,1068726.490185386,546407.2325762132,378.4799999999993,0.0,0.0,5.08669290796842,5.08669290796842
normal,250,94.04307611621141,23.67109665974906,4469.164477778456,2187.8730193590814,191.94367777845594,0.0,4377.2208,2198.470296250682,100.0,10.597276891600876,0.0,2737.8901501168452,0.0,0.0,2198.470296250682,0.0,0.10389971733093262,0.04628133773803711,0.5,0.0,1073195.6546631644,548595.1055955723,379.99999999999926,0.0,0.0,5.08669290796842,5.08669290796842
normal,251,93.98507856350938,21.957730783025347,4433.5302734044735,2187.8730193590814,198.68547340447338,0.0,4334.8448,2198.470296250682,100.0,10.597276891600876,0.0,2715.5079555210114,0.0,0.0,2198.470296250682,0.0,0.1153559684753418,0.04717445373535156,0.5,0.0,1077629.1849365688,550782.9786149313,381.51999999999924,0.0,0.0,5.08669290796842,5.08669290796842
normal,252,94.498245163913,20.998824630532194,4445.7966943559295,2187.8730193590814,198.7102943559291,0.0,4347.0864,2198.470296250682,100.0,10.597276891600876,0.0,2719.864754503555,0.0,0.0,2198.470296250682,0.0,0.11723566055297852,0.04623079299926758,0.5,0.0,1082074.9816309249,552970.8516342904,383.0399999999992,0.0,0.0,5.08669290796842,5.08669290796842
normal,253,90.73077794292023,22.765639694755023,4448.1628355191815,2187.8730193590814,176.43163551918136,0.0,4371.7312,2198.470296250682,100.0,10.597276891600876,0.0,2710.8794449837173,0.0,0.0,2198.470296250682,0.0,0.11899733543395996,0.046202898025512695,0.5,0.0,1086523.1444664442,555158.7246536495,384.5599999999992,0.0,0.0,5.08669290796842,5.08669290796842
normal,254,86.96525604470567,19.94452012224757,4004.821969928048,2187.8730193590814,160.7786099280466,0.0,3944.0433600000015,2198.470296250682,100.0,10.597276891600876,0.0,2480.5175908772594,0.0,0.0,2198.470296250682,0.0,0.11182284355163574,0.0460052490234375,0.5,0.0,1090527.9664363721,557346.5976730086,386.0799999999992,0.0,0.0,5.08669290796842,5.08669290796842
normal,255,88.03474561561461,20.540611646262047,4019.0987890989036,2187.8730193590814,168.63446909890277,0.0,3950.464320000001,2198.470296250682,100.0,10.597276891600876,0.0,2473.262799356194,0.0,0.0,2198.470296250682,0.0,0.21311163902282715,0.033371925354003906,0.5,0.0,1094547.065225471,559534.4706923676,387.59999999999917,0.0,0.0,5.08669290796842,5.08669290796842
normal,256,95.61854811498544,22.86994348272615,4449.090232693623,2187.8730193590814,198.2166326936217,0.0,4350.873600000001,2198.470296250682,100.0,10.597276891600876,0.0,2734.840582736268,0.0,0.0,2198.470296250682,0.0,0.11284685134887695,0.049167633056640625,0.5,0.0,1098996.1554581646,561722.3437117267,389.11999999999915,0.0,0.0,5.08669290796842,5.08669290796842
normal,257,95.84009609419581,21.611055895079513,4467.581017042619,2187.8730193590814,190.3602170426195,0.0,4377.2208,2198.470296250682,100.0,10.597276891600876,0.0,2746.0123339173906,0.0,0.0,2198.470296250682,0.0,0.12330102920532227,0.047043800354003906,0.5,0.0,1103463.7364752071,563910.2167310858,390.63999999999913,0.0,0.0,5.08669290796842,5.08669290796842
normal,258,97.00127917814854,23.41812086543842,4436.8891394862485,2187.8730193590814,202.04433948624828,0.0,4334.8448,2198.470296250682,100.0,10.597276891600876,0.0,2717.9740126781558,0.0,0.0,2198.470296250682,0.0,0.12099027633666992,0.04837298393249512,0.5,0.0,1107900.6256146934,566098.0897504449,392.1599999999991,0.0,0.0,5.08669290796842,5.08669290796842
normal,259,95.58346017315306,22.273946065831282,4459.678627961783,2187.8730193590814,196.78422796178296,0.0,4362.8944,2198.470296250682,100.0,10.597276891600876,0.0,2715.391335945763,0.0,0.0,2198.470296250682,0.0,0.12759041786193848,0.045912742614746094,0.5,0.0,1112360.3042426552,568285.9627698039,393.6799999999991,0.0,0.0,5.08669290796842,5.08669290796842
normal,260,97.15403959963383,25.340035721347224,4469.214083942986,2182.4730193590813,218.39808394298623,0.0,4350.816,2193.070296250682,100.0,10.597276891600876,0.0,2713.0965142240557,0.0,0.0,2193.070296250682,0.0,0.11402297019958496,0.04813098907470703,0.5,0.0,1116829.5183265982,570468.435789163,395.1999999999991,0.0,0.0,5.08669290796842,5.08669290796842
normal,261,86.29101336419622,22.47659420492121,4016.9512611525415,2187.8730193590814,174.44006115254058,0.0,3942.5112000000013,2198.470296250682,100.0,10.597276891600876,0.0,2463.566835013105,0.0,0.0,2198.470296250682,0.0,0.15258026123046875,0.04611635208129883,0.5,0.0,1120846.4695877507,572656.3088085221,396.71999999999906,0.0,0.0,5.08669290796842,5.08669290796842
normal,262,88.01951304722634,20.01946273177169,4024.3872076471607,2187.8730193590814,191.21440764715965,0.0,3933.1728000000007,2198.470296250682,100.0,10.597276891600876,0.0,2456.117220987329,0.0,0.0,2198.470296250682,0.0,0.12264227867126465,0.03901052474975586,0.5,0.0,1124870.8567953978,574844.1818278811,398.23999999999904,0.0,0.0,5.08669290796842,5.08669290796842
normal,263,96.15877211030663,22.9674345754542,4451.4082472566815,2182.4730193590813,200.53464725668059,0.0,4350.873600000001,2193.070296250682,100.0,10.597276891600876,0.0,2726.6487899968274,0.0,0.0,2193.070296250682,0.0,0.11685729026794434,0.04920792579650879,0.5,0.0,1129322.2650426545,577026.6548472402,399.759999999999,0.0,0.0,5.08669290796842,5.08669290796842
normal,264,97.51736117101059,23.261750912499227,4470.936177188336,2187.8730193590814,212.9281771883353,0.0,4358.008000000001,2198.470296250682,100.0,10.597276891600876,0.0,2724.231094254549,0.0,0.0,2198.470296250682,0.0,0.11217164993286133,0.046401262283325195,0.5,0.0,1133793.2012198428,579214.5278665993,401.279999999999,0.0,0.0,5.08669290796842,5.08669290796842
normal,265,98.5724263014838,21.760738409350676,4440.2345253036165,2187.8730193590814,184.4745253036169,0.0,4355.759999999999,2198.470296250682,100.0,10.597276891600876,0.0,2725.3102311766415,0.0,0.0,2198.470296250682,0.0,0.11790657043457031,0.044945478439331055,0.5,0.0,1138233.4357451464,581402.4008859583,402.799999999999,0.0,0.0,5.08669290796842,5.08669290796842
normal,266,99.05460751540731,20.206257019665884,4447.376678159076,2187.8730193590814,182.77987815907557,0.0,4364.5968,2198.470296250682,100.0,10.597276891600876,0.0,2718.6886524260303,0.0,0.0,2198.470296250682,0.0,0.11637616157531738,0.04588127136230469,0.5,0.0,1142680.8124233054,583590.2739053174,404.31999999999897,0.0,0.0,5.08669290796842,5.08669290796842
normal,267,101.1484823529626,22.19959456711976,4467.6093021824345,2187.8730193590814,194.17570218243443,0.0,4373.4336,2198.470296250682,100.0,10.597276891600876,0.0,2742.5074353156815,0.0,0.0,2198.470296250682,0.0,0.11220884323120117,0.0471038818359375,0.5,0.0,1147148.4217254878,585778.1469246765,405.83999999999895,0.0,0.0,5.08669290796842,5.08669290796842
normal,268,88.9113050780013,18.065317082129315,4015.469253971706,2187.8730193590814,188.71741397170507,0.0,3926.7518400000013,2198.470296250682,100.0,10.597276891600876,0.0,2464.4880194547973,0.0,0.0,2198.470296250682,0.0,0.1264028549194336,0.03758430480957031,0.5,0.0,1151163.8909794595,587966.0199440356,407.35999999999893,0.0,0.0,5.08669290796842,5.08669290796842
normal,269,88.78165905125485,19.157777140445912,4029.7756896036217,2187.8730193590814,195.07072960362117,0.0,3934.704960000001,2198.470296250682,100.0,10.597276891600876,0.0,2465.491438102502,0.0,0.0,2198.470296250682,0.0,0.11194372177124023,0.04608035087585449,0.5,0.0,1155193.666669063,590153.8929633946,408.8799999999989,0.0,0.0,5.08669290796842,5.08669290796842
normal,270,99.31046294137246,19.47677183164167,4451.591195687717,2187.8730193590814,199.0151956877161,0.0,4352.576000000001,2198.470296250682,100.0,10.597276891600876,0.0,2699.54251159135,0.0,0.0,2198.470296250682,0.0,0.1165771484375,0.04694390296936035,0.5,0.0,1159645.2578647507,592341.7659827537,410.3999999999989,0.0,0.0,5.08669290796842,5.08669290796842
normal,271,99.45083332887152,21.92083418263438,4453.455868331209,2187.8730193590814,176.23506833120854,0.0,4377.2208,2198.470296250682,100.0,10.597276891600876,0.0,2752.8884995768667,0.0,0.0,2198.470296250682,0.0,0.13604021072387695,0.044725894927978516,0.5,0.0,1164098.713733082,594529.6390021128,411.9199999999989,0.0,0.0,5.08669290796842,5.08669290796842
normal,272,99.90596117670475,22.24431919705356,4456.748779170691,2182.4730193590813,200.9887791706916,0.0,4355.759999999999,2193.070296250682,100.0,10.597276891600876,0.0,2747.576948347555,0.0,0.0,2193.070296250682,0.0,0.11647605895996094,0.030745744705200195,0.5,0.0,1168555.4625122526,596712.1120214718,413.43999999999886,0.0,0.0,5.08669290796842,5.08669290796842
normal,273,102.14663386476366,21.991673125620075,4457.808906636313,2187.8730193590814,193.21210663631268,0.0,4364.5968,2198.470296250682,100.0,10.597276891600876,0.0,2725.184691779081,0.0,0.0,2198.470296250682,0.0,0.11301112174987793,0.053093910217285156,0.5,0.0,1173013.2714188888,598899.9850408309,414.95999999999884,0.0,0.0,5.08669290796842,5.08669290796842
normal,274,100.49691455142003,22.667150508681537,4464.177389228945,2182.4730193590813,208.25418922894474,0.0,4355.9232,2193.070296250682,100.0,10.597276891600876,0.0,2728.5265706687387,0.0,0.0,2193.070296250682,0.0,0.11364150047302246,0.052277565002441406,0.5,0.0,1177477.4488081178,601082.45806019,416.4799999999988,0.0,0.0,5.08669290796842,5.08669290796842
normal,275,93.33712924625365,20.301727691604043,4024.8766069968297,2187.8730193590814,180.8332469968278,0.0,3944.0433600000015,2198.470296250682,100.0,10.597276891600876,0.0,2445.657449327732,0.0,0.0,2198.470296250682,0.0,0.11915183067321777,0.0514836311340332,0.5,0.0,1181502.3254151146,603270.331079549,417.9999999999988,0.0,0.0,5.08669290796842,5.08669290796842
normal,276,92.31014295271767,22.162046754061752,4022.879770587466,2187.8730193590814,170.88329058746558,0.0,3951.9964800000007,2198.470296250682,100.0,10.597276891600876,0.0,2452.8375022037962,0.0,0.0,2198.470296250682,0.0,0.12851262092590332,0.0441286563873291,0.5,0.0,1185525.205185702,605458.2040989081,419.5199999999988,0.0,0.0,5.08669290796842,5.08669290796842
normal,277,104.48877977418033,23.93562070402709,4485.74925334648,2182.4730193590813,217.3652533464792,0.0,4368.384000000001,2193.070296250682,100.0,10.597276891600876,0.0,2728.3068149908295,0.0,0.0,2193.070296250682,0.0,0.1138608455657959,0.024016141891479492,0.5,0.0,1190010.9544390487,607640.6771182672,421.03999999999877,0.0,0.0,5.08669290796842,5.08669290796842
normal,278,103.39119140770163,22.799893232570955,4480.647976791055,2187.8730193590814,220.93757679105536,0.0,4359.7104,2198.470296250682,100.0,10.597276891600876,0.0,2719.4491970684157,0.0,0.0,2198.470296250682,0.0,0.10978078842163086,0.032732486724853516,0.5,0.0,1194491.6024158397,609828.5501376262,422.55999999999875,0.0,0.0,5.08669290796842,5.08669290796842
normal,279,101.74279442022078,23.80231671886622,4466.037427303938,2187.8730193590814,210.27742730393854,0.0,4355.759999999999,2198.470296250682,100.0,10.597276891600876,0.0,2715.4389093310624,0.0,0.0,2198.470296250682,0.0,0.09942197799682617,0.04929494857788086,0.5,0.0,1198957.6398431435,612016.4231569853,424.07999999999873,0.0,0.0,5.08669290796842,5.08669290796842
normal,280,103.1608835773136,22.39758351571945,4464.714468466767,2187.8730193590814,200.11766846676713,0.0,4364.5968,2198.470296250682,100.0,10.597276891600876,0.0,2712.2201275081948,0.0,0.0,2198.470296250682,0.0,0.12030673027038574,0.04674530029296875,0.5,0.0,1203422.3543116103,614204.2961763444,425.5999999999987,0.0,0.0,5.08669290796842,5.08669290796842
normal,281,102.28009389357344,19.841461908592024,4474.959605914839,2187.8730193590814,201.52600591483832,0.0,4373.4336,2198.470296250682,100.0,10.597276891600876,0.0,2738.9926580297615,0.0,0.0,2198.470296250682,0.0,0.12614989280700684,0.04592752456665039,0.5,0.0,1207897.313917525,616392.1691957035,427.1199999999987,0.0,0.0,5.08669290796842,5.08669290796842
normal,282,92.30962813833519,20.245777911293082,4012.9182828711428,2187.8730193590814,170.40708287114117,0.0,3942.5112000000013,2198.470296250682,100.0,10.597276891600876,0.0,2465.4581926559063,0.0,0.0,2198.470296250682,0.0,0.12059330940246582,0.04926896095275879,0.5,0.0,1211910.2322003962,618580.0422150625,428.6399999999987,0.0,0.0,5.08669290796842,5.08669290796842
normal,283,91.61323634496013,19.90853122765057,4042.0782975344146,2187.8730193590814,191.61397753441403,0.0,3950.464320000001,2198.470296250682,100.0,10.597276891600876,0.0,2458.267612973877,0.0,0.0,2198.470296250682,0.0,0.11552858352661133,0.04401874542236328,0.5,0.0,1215952.3104979307,620767.9152344216,430.15999999999866,0.0,0.0,5.08669290796842,5.08669290796842
normal,284,103.29514017827,21.882973449135232,4469.722738648261,2187.8730193590814,218.84913864826004,0.0,4350.873600000001,2198.470296250682,100.0,10.597276891600876,0.0,2722.8704923815867,0.0,0.0,2198.470296250682,0.0,0.11316251754760742,0.030344247817993164,0.5,0.0,1220422.033236579,622955.7882537807,431.67999999999864,0.0,0.0,5.08669290796842,5.08669290796842
normal,285,104.9856975988768,23.662272340653576,4488.945881016487,2187.8730193590814,213.42748101648743,0.0,4375.5184,2198.470296250682,100.0,10.597276891600876,0.0,2743.2587989628078,0.0,0.0,2198.470296250682,0.0,0.11627578735351562,0.04589962959289551,0.5,0.0,1224910.9791175956,625143.6612731398,433.1999999999986,0.0,0.0,5.08669290796842,5.08669290796842
normal,286,104.11401093086876,21.823835467010596,4457.0034645030155,2187.8730193590814,220.45626450301575,0.0,4336.5472,2198.470296250682,100.0,10.597276891600876,0.0,2713.645483109468,0.0,0.0,2198.470296250682,0.0,0.11871528625488281,0.04005026817321777,0.5,0.0,1229367.9825820986,627331.5342924988,434.7199999999986,0.0,0.0,5.08669290796842,5.08669290796842
normal,287,102.53923131636816,23.527711950363425,4486.18043441306,2187.8730193590814,221.5836344130598,0.0,4364.5968,2198.470296250682,100.0,10.597276891600876,0.0,2727.4128167034323,0.0,0.0,2198.470296250682,0.0,0.10541391372680664,0.046710968017578125,0.5,0.0,1233854.1630165116,629519.4073118579,436.2399999999986,0.0,0.0,5.08669290796842,5.08669290796842
normal,288,104.46141685391304,22.871359766529967,4469.635253346893,2187.8730193590814,217.11685334689278,0.0,4352.5184,2198.470296250682,100.0,10.597276891600876,0.0,2750.700086855137,0.0,0.0,2198.470296250682,0.0,0.11815905570983887,0.04619646072387695,0.5,0.0,1238323.7982698586,631707.280331217,437.75999999999857,0.0,0.0,5.08669290796842,5.08669290796842
normal,289,92.92411751749297,21.186176967930013,4007.318351950378,2187.8730193590814,164.8071519503771,0.0,3942.5112000000013,2198.470296250682,100.0,10.597276891600876,0.0,2473.59976263932,0.0,0.0,2198.470296250682,0.0,0.12051606178283691,0.04700970649719238,0.5,0.0,1242331.1166218088,633895.1533505761,439.27999999999855,0.0,0.0,5.08669290796842,5.08669290796842
normal,290,93.32378268094561,22.44385907731666,4029.778924769289,2187.8730193590814,198.1382847692882,0.0,3931.640640000001,2198.470296250682,100.0,10.597276891600876,0.0,2456.375166088684,0.0,0.0,2198.470296250682,0.0,0.11462831497192383,0.047600507736206055,0.5,0.0,1246360.895546578,636083.0263699351,440.79999999999853,0.0,0.0,5.08669290796842,5.08669290796842
normal,291,105.80420165690914,21.10072017658651,4461.653431754508,2187.8730193590814,210.77983175450734,0.0,4350.873600000001,2198.470296250682,100.0,10.597276891600876,0.0,2738.1140409392456,0.0,0.0,2198.470296250682,0.0,0.1169438362121582,0.046113014221191406,0.5,0.0,1250822.5489783327,638270.8993892942,442.3199999999985,0.0,0.0,5.08669290796842,5.08669290796842
normal,292,107.72975625189417,20.284453880589375,4471.2203280779895,2182.4730193590813,213.21232807798893,0.0,4358.008000000001,2193.070296250682,100.0,10.597276891600876,0.0,2733.4895513174633,0.0,0.0,2193.070296250682,0.0,0.11004018783569336,0.04592108726501465,0.5,0.0,1255293.7693064106,640453.3724086533,443.8399999999985,0.0,0.0,5.08669290796842,5.08669290796842
normal,293,103.73098792909768,21.073494526096937,4443.9374224738785,2187.8730193590814,207.39022247387817,0.0,4336.5472,2198.470296250682,100.0,10.597276891600876,0.0,2719.84944782081,0.0,0.0,2198.470296250682,0.0,0.11505651473999023,0.046019792556762695,0.5,0.0,1259737.7067288845,642641.2454280123,445.3599999999985,0.0,0.0,5.08669290796842,5.08669290796842
normal,294,105.73210856683602,22.287119891639968,4461.44898864047,2187.8730193590814,196.85218864046954,0.0,4364.5968,2198.470296250682,100.0,10.597276891600876,0.0,2717.9820705527914,0.0,0.0,2198.470296250682,0.0,0.13100481033325195,0.04800581932067871,0.5,0.0,1264199.155717525,644829.1184473714,446.87999999999846,0.0,0.0,5.08669290796842,5.08669290796842
normal,295,102.95197883652064,18.60851952643353,4458.394665475951,2187.8730193590814,186.66346547595055,0.0,4371.7312,2198.470296250682,100.0,10.597276891600876,0.0,2744.176162240805,0.0,0.0,2198.470296250682,0.0,0.1130685806274414,0.04786968231201172,0.5,0.0,1268657.5503830009,647016.9914667305,448.39999999999844,0.0,0.0,5.08669290796842,5.08669290796842
normal,296,96.84505836034698,21.769022648505853,4018.4218075495755,2187.8730193590814,191.66996754957415,0.0,3926.7518400000013,2198.470296250682,100.0,10.597276891600876,0.0,2444.9156868545983,0.0,0.0,2198.470296250682,0.0,0.12165451049804688,0.0473024845123291,0.5,0.0,1272675.9721905505,649204.8644860896,449.9199999999984,0.0,0.0,5.08669290796842,5.08669290796842
normal,297,96.10171626975536,20.547926001934325,4024.958567756751,2187.8730193590814,176.0264077567504,0.0,3948.9321600000007,2198.470296250682,100.0,10.597276891600876,0.0,2458.639251357521,0.0,0.0,2198.470296250682,0.0,0.11457443237304688,0.046140193939208984,0.5,0.0,1276700.9307583072,651392.7375054486,451.4399999999984,0.0,0.0,5.08669290796842,5.08669290796842
normal,298,101.10337927557555,25.367897613728257,4474.509008072061,2187.8730193590814,223.63540807206013,0.0,4350.873600000001,2198.470296250682,100.0,10.597276891600876,0.0,2745.714551541018,0.0,0.0,2198.470296250682,0.0,0.12169551849365234,0.04945778846740723,0.5,0.0,1281175.4397663793,653580.6105248077,452.9599999999984,0.0,0.0,5.08669290796842,5.08669290796842
normal,299,104.9549011693163,22.876571157113997,4475.363588572437,2182.4730193590813,220.76038857243685,0.0,4354.6032000000005,2193.070296250682,100.0,10.597276891600876,0.0,2725.565702851569,0.0,0.0,2193.070296250682,0.0,0.12761712074279785,0.047609806060791016,0.5,0.0,1285650.8033549518,655763.0835441668,454.47999999999837,0.0,0.0,5.08669290796842,5.08669290796842
normal,300,105.01744245907584,24.258973063142033,4463.8964562545125,2182.4730193590813,209.83885625451347,0.0,4354.057599999999,2193.070296250682,100.0,10.597276891600876,0.0,2720.6898366914643,0.0,0.0,2193.070296250682,0.0,0.11849594116210938,0.0477595329284668,0.5,0.0,1290114.6998112062,657945.5565635258,455.99999999999835,0.0,0.0,5.08669290796842,5.08669290796842
normal,301,104.41166980639866,20.554666206905267,4466.761756212195,2187.8730193590814,221.37775621219438,0.0,4345.384000000001,2198.470296250682,100.0,10.597276891600876,0.0,2711.1176370497533,0.0,0.0,2198.470296250682,0.0,0.1508333683013916,0.04703688621520996,0.5,0.0,1294581.4615674184,660133.4295828849,457.51999999999833,0.0,0.0,5.08669290796842,5.08669290796842
normal,302,104.80838246600354,22.98074466032848,4466.175372054485,2182.4730193590813,194.4441720544844,0.0,4371.7312,2193.070296250682,100.0,10.597276891600876,0.0,2738.198035612481,0.0,0.0,2193.070296250682,0.0,0.11612153053283691,0.04768776893615723,0.5,0.0,1299047.636939473,662315.9026022439,459.0399999999983,0.0,0.0,5.08669290796842,5.08669290796842
normal,303,92.95367758447772,20.706344764775192,4023.2914618707873,2187.8730193590814,179.24810187078543,0.0,3944.0433600000015,2198.470296250682,100.0,10.597276891600876,0.0,2452.935887744979,0.0,0.0,2198.470296250682,0.0,0.11323904991149902,0.04823470115661621,0.5,0.0,1303070.9284013438,664503.775621603,460.5599999999983,0.0,0.0,5.08669290796842,5.08669290796842
normal,304,96.49061019457656,21.547778165270717,4047.0989060112315,2182.4730193590813,195.10242601123036,0.0,3951.9964800000007,2193.070296250682,100.0,10.597276891600876,0.0,2473.252613300331,0.0,0.0,2193.070296250682,0.0,0.11047029495239258,0.0480341911315918,0.5,0.0,1307118.027307355,666686.2486409621,462.0799999999983,0.0,0.0,5.08669290796842,5.08669290796842
normal,305,103.8589762698344,20.378505079201915,4473.037127870232,2187.8730193590814,206.35552787023158,0.0,4366.681600000001,2198.470296250682,100.0,10.597276891600876,0.0,2743.570770286498,0.0,0.0,2198.470296250682,0.0,0.11240220069885254,0.02475738525390625,0.5,0.0,1311591.0644352252,668874.1216603211,463.59999999999826,0.0,0.0,5.08669290796842,5.08669290796842
normal,306,103.91526396195452,20.603381225353676,4475.024697800542,2187.8730193590814,215.3142978005421,0.0,4359.7104,2198.470296250682,100.0,10.597276891600876,0.0,2716.8737645551805,0.0,0.0,2198.470296250682,0.0,0.10509252548217773,0.04872274398803711,0.5,0.0,1316066.0891330258,671061.9946796802,465.11999999999824,0.0,0.0,5.08669290796842,5.08669290796842
normal,307,108.29030982961918,23.789350438522174,4450.864811080066,2187.8730193590814,217.72241108006637,0.0,4333.1424,2198.470296250682,100.0,10.597276891600876,0.0,2709.7804698086493,0.0,0.0,2198.470296250682,0.0,0.1147913932800293,0.048003435134887695,0.5,0.0,1320516.953944106,673249.8676990393,466.6399999999982,0.0,0.0,5.08669290796842,5.08669290796842
normal,308,104.94840616740426,21.63093635879551,4460.295876867091,2182.4730193590813,195.69907686709053,0.0,4364.5968,2193.070296250682,100.0,10.597276891600876,0.0,2717.993629273744,0.0,0.0,2193.070296250682,0.0,0.11458086967468262,0.04895377159118652,0.5,0.0,1324977.249820973,675432.3407183983,468.1599999999982,0.0,0.0,5.08669290796842,5.08669290796842
normal,309,103.49292960755973,24.315137518648,4473.420634361842,2187.8730193590814,220.90223436184198,0.0,4352.5184,2198.470296250682,100.0,10.597276891600876,0.0,2735.4937346841925,0.0,0.0,2198.470296250682,0.0,0.12581658363342285,0.04474472999572754,0.5,0.0,1329450.670455335,677620.2137377574,469.6799999999982,0.0,0.0,5.08669290796842,5.08669290796842
normal,310,94.44591505346598,23.376764769432615,4040.731188171677,2182.4730193590813,196.68782817167508,0.0,3944.0433600000015,2193.070296250682,100.0,10.597276891600876,0.0,2466.6876207568894,0.0,0.0,2193.070296250682,0.0,0.11176156997680664,0.04629325866699219,0.5,0.0,1333491.4016435067,679802.6867571165,471.19999999999817,0.0,0.0,5.08669290796842,5.08669290796842
normal,311,96.26754455611054,22.150190321194934,4038.1450604786396,2182.4730193590813,186.14858047863854,0.0,3951.9964800000007,2193.070296250682,100.0,10.597276891600876,0.0,2470.618770701589,0.0,0.0,2193.070296250682,0.0,0.11455416679382324,0.04733681678771973,0.5,0.0,1337529.5467039854,681985.1597764755,472.71999999999815,0.0,0.0,5.08669290796842,5.08669290796842
normal,312,104.54557560051278,22.88093181062318,4464.376033689745,2182.4730193590813,211.8000336897438,0.0,4352.576000000001,2193.070296250682,100.0,10.597276891600876,0.0,2728.3513988349005,0.0,0.0,2193.070296250682,0.0,0.11933708190917969,0.04687094688415527,0.5,0.0,1341993.9227376753,684167.6327958346,474.23999999999813,0.0,0.0,5.08669290796842,5.08669290796842
normal,313,105.18883625407823,23.18995663041597,4488.139066228271,2182.4730193590813,210.91826622827116,0.0,4377.2208,2193.070296250682,100.0,10.597276891600876,0.0,2722.0307408558965,0.0,0.0,2193.070296250682,0.0,0.11594223976135254,0.03501439094543457,0.5,0.0,1346482.0618039034,686350.1058151936,475.7599999999981,0.0,0.0,5.08669290796842,5.08669290796842
normal,314,102.81206069829807,24.1771767544462,4448.640141362698,2182.4730193590813,215.49774136269875,0.0,4333.1424,2193.070296250682,100.0,10.597276891600876,0.0,2717.8856983376095,0.0,0.0,2193.070296250682,0.0,0.10048460960388184,0.03676438331604004,0.5,0.0,1350930.7019452662,688532.5788345527,477.2799999999981,0.0,0.0,5.08669290796842,5.08669290796842
normal,315,101.77440096518698,22.01837938854977,4472.1907996615955,2187.8730193590814,207.59399966159543,0.0,4364.5968,2198.470296250682,100.0,10.597276891600876,0.0,2747.6186288622193,0.0,0.0,2198.470296250682,0.0,0.10146021842956543,0.046735525131225586,0.5,0.0,1355402.892744928,690720.4518539117,478.7999999999981,0.0,0.0,5.08669290796842,5.08669290796842
normal,316,105.03434464655966,21.837483161918044,4473.359442334591,2182.4730193590813,217.4362423345907,0.0,4355.9232,2193.070296250682,100.0,10.597276891600876,0.0,2745.5535324592033,0.0,0.0,2193.070296250682,0.0,0.11248183250427246,0.04799056053161621,0.5,0.0,1359876.2521872625,692902.9248732708,480.31999999999806,0.0,0.0,5.08669290796842,5.08669290796842
normal,317,97.85229882816945,21.039362913130198,4030.8645991751873,2187.8730193590814,204.11275917518634,0.0,3926.7518400000013,2198.470296250682,100.0,10.597276891600876,0.0,2437.77714902968,0.0,0.0,2198.470296250682,0.0,0.11148667335510254,0.05092597007751465,0.5,0.0,1363907.1167864378,695090.7978926299,481.83999999999804,0.0,0.0,5.08669290796842,5.08669290796842
normal,318,94.44283254787672,24.510999449129002,4035.6615904907403,2182.4730193590813,183.66511049073966,0.0,3951.9964800000007,2193.070296250682,100.0,10.597276891600876,0.0,2474.889008954972,0.0,0.0,2193.070296250682,0.0,0.12466883659362793,0.0468292236328125,0.5,0.0,1367942.7783769285,697273.2709119889,483.359999999998,0.0,0.0,5.08669290796842,5.08669290796842
normal,319,101.1147751221636,22.803898185522694,4476.361713806866,2187.8730193590814,225.48811380686533,0.0,4350.873600000001,2198.470296250682,100.0,10.597276891600876,0.0,2708.6602315237187,0.0,0.0,2198.470296250682,0.0,0.11729049682617188,0.0449826717376709,0.5,0.0,1372419.1400907354,699461.143931348,484.879999999998,0.0,0.0,5.08669290796842,5.08669290796842
normal,320,103.15443038751107,23.929738146606955,4478.075851334052,2182.4730193590813,200.85505133405135,0.0,4377.2208,2193.070296250682,100.0,10.597276891600876,0.0,2743.8775524336297,0.0,0.0,2193.070296250682,0.0,0.1677544116973877,0.04664468765258789,0.5,0.0,1376897.2159420694,701643.616950707,486.399999999998,0.0,0.0,5.08669290796842,5.08669290796842
normal,321,102.02332670036685,23.178910834888832,4442.4765963239615,2182.4730193590813,188.4189963239622,0.0,4354.057599999999,2193.070296250682,100.0,10.597276891600876,0.0,2720.8971348768746,0.0,0.0,2193.070296250682,0.0,0.11274576187133789,0.046904802322387695,0.5,0.0,1381339.6925383934,703826.0899700661,487.91999999999797,0.0,0.0,5.08669290796842,5.08669290796842
normal,322,105.79645640997644,22.878704830451742,4468.888464950437,2182.4730193590813,205.99406495043715,0.0,4362.8944,2193.070296250682,100.0,10.597276891600876,0.0,2730.040098598638,0.0,0.0,2193.070296250682,0.0,0.11157798767089844,0.04786229133605957,0.5,0.0,1385808.581003344,706008.5629894251,489.43999999999795,0.0,0.0,5.08669290796842,5.08669290796842
normal,323,104.53534308928484,23.562647250349414,4481.053310661969,2182.4730193590813,209.32211066196845,0.0,4371.7312,2193.070296250682,100.0,10.597276891600876,0.0,2737.4437184628273,0.0,0.0,2193.070296250682,0.0,0.11514401435852051,0.04833984375,0.5,0.0,1390289.634314006,708191.0360087842,490.95999999999793,0.0,0.0,5.08669290796842,5.08669290796842
normal,324,92.25466572938603,21.667912365910183,4027.4798382222816,2182.4730193590813,184.96863822228025,0.0,3942.5112000000013,2193.070296250682,100.0,10.597276891600876,0.0,2451.448850805328,0.0,0.0,2193.070296250682,0.0,0.1148233413696289,0.045943260192871094,0.5,0.0,1394317.1141522282,710373.5090281432,492.4799999999979,0.0,0.0,5.08669290796842,5.08669290796842
normal,325,92.00136177822712,18.656806294850522,4034.6240385770116,2187.8730193590814,182.6275585770111,0.0,3951.9964800000007,2198.470296250682,100.0,10.597276891600876,0.0,2472.8932203744803,0.0,0.0,2198.470296250682,0.0,0.1104590892791748,0.046848297119140625,0.5,0.0,1398351.7381908053,712561.3820475023,493.9999999999979,0.0,0.0,5.08669290796842,5.08669290796842
normal,326,103.93263017010025,24.952745017486713,4457.07275840353,2182.4730193590813,209.6039584035287,0.0,4347.4688000000015,2193.070296250682,100.0,10.597276891600876,0.0,2729.627596500363,0.0,0.0,2193.070296250682,0.0,0.12346839904785156,0.046309709548950195,0.5,0.0,1402808.810949209,714743.8550668614,495.5199999999979,0.0,0.0,5.08669290796842,5.08669290796842
normal,327,100.47721057938013,22.417752515012918,4474.321164581059,2182.4730193590813,214.6107645810591,0.0,4359.7104,2193.070296250682,100.0,10.597276891600876,0.0,2720.3632390416938,0.0,0.0,2193.070296250682,0.0,0.12065768241882324,0.028880834579467773,0.5,0.0,1407283.13211379,716926.3280862204,497.03999999999786,0.0,0.0,5.08669290796842,5.08669290796842
normal,328,100.83965988550706,23.021871570839455,4456.843473321759,2187.8730193590814,201.0834733217601,0.0,4355.759999999999,2198.470296250682,100.0,10.597276891600876,0.0,2718.950883674637,0.0,0.0,2198.470296250682,0.0,0.11823296546936035,0.04762697219848633,0.5,0.0,1411739.9755871117,719114.2011055795,498.55999999999784,0.0,0.0,5.08669290796842,5.08669290796842
normal,329,101.14768134765315,24.326155309998665,4469.3387523790025,2182.4730193590813,204.7419523790021,0.0,4364.5968,2193.070296250682,100.0,10.597276891600876,0.0,2723.8686436569856,0.0,0.0,2193.070296250682,0.0,0.11425590515136719,0.03615427017211914,0.5,0.0,1416209.3143394906,721296.6741249386,500.0799999999978,0.0,0.0,5.08669290796842,5.08669290796842
normal,330,100.76630287957919,22.7387631636071,4488.659682930988,2182.4730193590813,215.22608293098762,0.0,4373.4336,2193.070296250682,100.0,10.597276891600876,0.0,2736.214963209639,0.0,0.0,2193.070296250682,0.0,0.11305832862854004,0.045638322830200195,0.5,0.0,1420697.9740224215,723479.1471442976,501.5999999999978,0.0,0.0,5.08669290796842,5.08669290796842
normal,331,94.22059715423308,21.308585982236732,4030.776468565714,2187.8730193590814,186.73310856571263,0.0,3944.0433600000015,2198.470296250682,100.0,10.597276891600876,0.0,2468.53139421759,0.0,0.0,2198.470296250682,0.0,0.11510848999023438,0.042532920837402344,0.5,0.0,1424728.7504909872,725667.0201636567,503.1199999999978,0.0,0.0,5.08669290796842,5.08669290796842
normal,332,91.83407426662647,22.297544116295082,4045.7181818294475,2187.8730193590814,212.54538182944708,0.0,3933.1728000000007,2198.470296250682,100.0,10.597276891600876,0.0,2460.2225087785573,0.0,0.0,2198.470296250682,0.0,0.1180880069732666,0.04919242858886719,0.5,0.0,1428774.4686728166,727854.8931830158,504.63999999999777,0.0,0.0,5.08669290796842,5.08669290796842
normal,333,100.41908255670812,24.49559839354018,4465.304323387933,2182.4730193590813,196.92032338793283,0.0,4368.384000000001,2193.070296250682,100.0,10.597276891600876,0.0,2737.235372070662,0.0,0.0,2193.070296250682,0.0,0.1211404800415039,0.04711771011352539,0.5,0.0,1433239.7729962047,730037.3662023748,506.15999999999775,0.0,0.0,5.08669290796842,5.08669290796842
normal,334,101.70904052639764,20.2297592262643,4474.769994498154,2182.4730193590813,216.761994498153,0.0,4358.008000000001,2193.070296250682,100.0,10.597276891600876,0.0,2720.3155638894345,0.0,0.0,2193.070296250682,0.0,0.10496783256530762,0.03586840629577637,0.5,0.0,1437714.542990703,732219.8392217339,507.67999999999773,0.0,0.0,5.08669290796842,5.08669290796842
normal,335,102.62837967032108,20.278434363696206,4458.161707657525,2182.4730193590813,202.40170765752555,0.0,4355.759999999999,2193.070296250682,100.0,10.597276891600876,0.0,2729.277658351689,0.0,0.0,2193.070296250682,0.0,0.10555195808410645,0.04574227333068848,0.5,0.0,1442172.7046983605,734402.3122410929,509.1999999999977,0.0,0.0,5.08669290796842,5.08669290796842
normal,336,99.7590272169037,22.46807614168323,4448.44532932457,2182.4730193590813,188.9557293245691,0.0,4359.489600000001,2193.070296250682,100.0,10.597276891600876,0.0,2736.973277307598,0.0,0.0,2193.070296250682,0.0,0.1206364631652832,0.03583264350891113,0.5,0.0,1446621.150027685,736584.785260452,510.7199999999977,0.0,0.0,5.08669290796842,5.08669290796842
normal,337,101.37601908577169,20.590740337703586,4460.149217632304,2182.4730193590813,207.63081763230363,0.0,4352.5184,2193.070296250682,100.0,10.597276891600876,0.0,2717.208555806531,0.0,0.0,2193.070296250682,0.0,0.12149429321289062,0.04600715637207031,0.5,0.0,1451081.2992453175,738767.258279811,512.2399999999977,0.0,0.0,5.08669290796842,5.08669290796842
normal,338,90.31905971156375,22.535628244536273,4031.0108707842974,2182.4730193590813,202.7268707842968,0.0,3928.284000000001,2193.070296250682,100.0,10.597276891600876,0.0,2440.0366246153417,0.0,0.0,2193.070296250682,0.0,0.13008666038513184,0.05173850059509277,0.5,0.0,1455112.3101161018,740949.7312991701,513.7599999999977,0.0,0.0,5.08669290796842,5.08669290796842
normal,339,89.36832825683378,18.38730368891117,4015.448513150275,2182.4730193590813,166.51635315027403,0.0,3948.9321600000007,2193.070296250682,100.0,10.597276891600876,0.0,2470.7119000012276,0.0,0.0,2193.070296250682,0.0,0.11643719673156738,0.04500389099121094,0.5,0.0,1459127.758629252,743132.2043185291,515.2799999999977,0.0,0.0,5.08669290796842,5.08669290796842
normal,340,100.86677575963296,22.44384608411732,4448.72787451682,2182.4730193590813,199.55667451681927,0.0,4349.171200000001,2193.070296250682,100.0,10.597276891600876,0.0,2708.7963048492134,0.0,0.0,2193.070296250682,0.0,0.12644481658935547,0.04876255989074707,0.5,0.0,1463576.4865037687,745314.6773378882,516.7999999999977,0.0,0.0,5.08669290796842,5.08669290796842
normal,341,104.46959237503991,23.49490970788536,4486.030888504207,2182.4730193590813,208.81008850420676,0.0,4377.2208,2193.070296250682,100.0,10.597276891600876,0.0,2722.5609215069035,0.0,0.0,2193.070296250682,0.0,0.1297602653503418,0.04779958724975586,0.5,0.0,1468062.5173922728,747497.1503572472,518.3199999999977,0.0,0.0,5.08669290796842,5.08669290796842
normal,342,100.85675085629562,22.61931420458629,4436.711804187532,2182.4730193590813,198.46220418753214,0.0,4338.2496,2193.070296250682,100.0,10.597276891600876,0.0,2704.806666822974,0.0,0.0,2193.070296250682,0.0,0.11841773986816406,0.028760433197021484,0.5,0.0,1472499.2291964605,749679.6233766063,519.8399999999976,0.0,0.0,5.08669290796842,5.08669290796842
normal,343,101.1586926643616,22.52000678329597,4456.655184461091,2182.4730193590813,211.2711844610903,0.0,4345.384000000001,2193.070296250682,100.0,10.597276891600876,0.0,2725.815331457718,0.0,0.0,2193.070296250682,0.0,0.09976553916931152,0.04395413398742676,0.5,0.0,1476955.8843809215,751862.0963959653,521.3599999999976,0.0,0.0,5.08669290796842,5.08669290796842
normal,344,102.11758270248417,19.270330024136918,4468.607215914417,2182.4730193590813,195.17361591441656,0.0,4373.4336,2193.070296250682,100.0,10.597276891600876,0.0,2736.9968005376913,0.0,0.0,2193.070296250682,0.0,0.10773897171020508,0.05278444290161133,0.5,0.0,1481424.491596836,754044.5694153244,522.8799999999976,0.0,0.0,5.08669290796842,5.08669290796842
normal,345,90.07297413983383,18.665026499283957,4017.98687356925,2182.4730193590813,175.4756735692482,0.0,3942.5112000000013,2193.070296250682,100.0,10.597276891600876,0.0,2465.978098773029,0.0,0.0,2193.070296250682,0.0,0.12191224098205566,0.04664897918701172,0.5,0.0,1485442.478470405,756227.0424346834,524.3999999999976,0.0,0.0,5.08669290796842,5.08669290796842
normal,346,89.48671127615819,21.610714956179617,4039.6619711323156,2187.8730193590814,190.7298111323145,0.0,3948.9321600000007,2198.470296250682,100.0,10.597276891600876,0.0,2464.232296396156,0.0,0.0,2198.470296250682,0.0,0.12276768684387207,0.03832817077636719,0.5,0.0,1489482.1404415374,758414.9154540425,525.9199999999976,0.0,0.0,5.08669290796842,5.08669290796842
normal,347,98.80097760027168,27.783677557954878,4463.165495493015,2187.8730193590814,215.69669549301403,0.0,4347.4688000000015,2198.470296250682,100.0,10.597276891600876,0.0,2714.2607481757937,0.0,0.0,2198.470296250682,0.0,0.10471653938293457,0.04813432693481445,0.5,0.0,1493945.3059370304,760602.7884734016,527.4399999999976,0.0,0.0,5.08669290796842,5.08669290796842
normal,348,99.22621602345676,20.05473467017421,4471.341813901727,2187.8730193590814,195.82341390172638,0.0,4375.5184,2198.470296250682,100.0,10.597276891600876,0.0,2742.4962454245483,0.0,0.0,2198.470296250682,0.0,0.1260061264038086,0.04063987731933594,0.5,0.0,1498416.647750932,762790.6614927606,528.9599999999975,0.0,0.0,5.08669290796842,5.08669290796842
normal,349,94.601538860254,22.421512467333756,4432.100952346645,2182.4730193590813,193.8513523466447,0.0,4338.2496,2193.070296250682,100.0,10.597276891600876,0.0,2712.4138642960675,0.0,0.0,2193.070296250682,0.0,0.1241917610168457,0.043852806091308594,0.5,0.0,1502848.7487032786,764973.1345121197,530.4799999999975,0.0,0.0,5.08669290796842,5.08669290796842
normal,350,96.17027626299019,22.624930748508724,4449.077991259255,2182.4730193590813,184.48119125925524,0.0,4364.5968,2193.070296250682,100.0,10.597276891600876,0.0,2722.2982801761345,0.0,0.0,2193.070296250682,0.0,0.11307144165039062,0.043933868408203125,0.5,0.0,1507297.826694538,767155.6075314787,531.9999999999975,0.0,0.0,5.08669290796842,5.08669290796842
normal,351,96.45450242187162,22.707238146820323,4467.732498902485,2182.4730193590813,194.29889890248432,0.0,4373.4336,2193.070296250682,100.0,10.597276891600876,0.0,2745.3072283005204,0.0,0.0,2193.070296250682,0.0,0.12791681289672852,0.04953908920288086,0.5,0.0,1511765.5591934405,769338.0805508378,533.5199999999975,0.0,0.0,5.08669290796842,5.08669290796842
normal,352,86.68656255556589,20.0639387601372,4023.3355204805384,2187.8730193590814,180.8243204805373,0.0,3942.5112000000013,2198.470296250682,100.0,10.597276891600876,0.0,2469.4064078823226,0.0,0.0,2198.470296250682,0.0,0.11094355583190918,0.047675371170043945,0.5,0.0,1515788.894713921,771525.9535701969,535.0399999999975,0.0,0.0,5.08669290796842,5.08669290796842
normal,353,87.11628077872338,22.094515154451006,4023.3965529763345,2187.8730193590814,187.15943297633385,0.0,3936.2371200000007,2198.470296250682,100.0,10.597276891600876,0.0,2461.174855356795,0.0,0.0,2198.470296250682,0.0,0.11932611465454102,0.04754209518432617,0.5,0.0,1519812.2912668972,773713.826589556,536.5599999999974,0.0,0.0,5.08669290796842,5.08669290796842
normal,354,98.94387136187873,24.40749811721571,4463.53207642594,2182.4730193590813,195.1480764259391,0.0,4368.384000000001,2193.070296250682,100.0,10.597276891600876,0.0,2738.067757917994,0.0,0.0,2193.070296250682,0.0,0.11252570152282715,0.04857182502746582,0.5,0.0,1524275.823343323,775896.299608915,538.0799999999974,0.0,0.0,5.08669290796842,5.08669290796842
normal,355,95.6535436621886,23.322567328924023,4469.0121502226475,2187.8730193590814,191.79135022264765,0.0,4377.2208,2198.470296250682,100.0,10.597276891600876,0.0,2724.6452491330674,0.0,0.0,2198.470296250682,0.0,0.1392672061920166,0.044619083404541016,0.5,0.0,1528744.8354935457,778084.1726282741,539.5999999999974,0.0,0.0,5.08669290796842,5.08669290796842
normal,356,95.74325363650549,21.97735039170286,4439.431418995909,2182.4730193590813,201.18181899590894,0.0,4338.2496,2193.070296250682,100.0,10.597276891600876,0.0,2692.9245988367497,0.0,0.0,2193.070296250682,0.0,0.11528158187866211,0.049910783767700195,0.5,0.0,1533184.2669125416,780266.6456476331,541.1199999999974,0.0,0.0,5.08669290796842,5.08669290796842
normal,357,97.92881932988769,21.72552525484615,4463.636925909173,2182.4730193590813,199.04012590917353,0.0,4364.5968,2193.070296250682,100.0,10.597276891600876,0.0,2704.7549266829524,0.0,0.0,2193.070296250682,0.0,0.12008285522460938,0.045691728591918945,0.5,0.0,1537647.9038384508,782449.1186669922,542.6399999999974,0.0,0.0,5.08669290796842,5.08669290796842
normal,358,95.06008642462746,21.688176004164795,4442.702926616504,2182.4730193590813,170.97172661650313,0.0,4371.7312,2193.070296250682,100.0,10.597276891600876,0.0,2735.171778162143,0.0,0.0,2193.070296250682,0.0,0.10888886451721191,0.04586935043334961,0.5,0.0,1542090.6067650672,784631.5916863512,544.1599999999974,0.0,0.0,5.08669290796842,5.08669290796842
normal,359,85.63542471311462,21.64510738128451,4022.797820974216,2187.8730193590814,196.04598097421456,0.0,3926.7518400000013,2198.470296250682,100.0,10.597276891600876,0.0,2450.816639803438,0.0,0.0,2198.470296250682,0.0,0.12039446830749512,0.048607826232910156,0.5,0.0,1546113.4045860413,786819.4647057103,545.6799999999973,0.0,0.0,5.08669290796842,5.08669290796842
normal,360,83.94588681968398,22.186517921770474,4029.8496458207073,2187.8730193590814,198.20900582070638,0.0,3931.640640000001,2198.470296250682,100.0,10.597276891600876,0.0,2439.373360565387,0.0,0.0,2198.470296250682,0.0,0.11399412155151367,0.045354604721069336,0.5,0.0,1550143.254231862,789007.3377250694,547.1999999999973,0.0,0.0,5.08669290796842,5.08669290796842
normal,361,92.91944107223755,24.047691376531887,4446.202649202788,2187.8730193590814,179.52104920278708,0.0,4366.681600000001,2198.470296250682,100.0,10.597276891600876,0.0,2730.802923293909,0.0,0.0,2198.470296250682,0.0,0.1203770637512207,0.04473423957824707,0.5,0.0,1554589.456881065,791195.2107444284,548.7199999999973,0.0,0.0,5.08669290796842,5.08669290796842
normal,362,92.56423086892364,24.338200623275842,4457.792384096075,2182.4730193590813,180.57158409607445,0.0,4377.2208,2193.070296250682,100.0,10.597276891600876,0.0,2711.500593526347,0.0,0.0,2193.070296250682,0.0,0.10581469535827637,0.047127485275268555,0.5,0.0,1559047.249265161,793377.6837637875,550.2399999999973,0.0,0.0,5.08669290796842,5.08669290796842
normal,363,95.56795478238804,21.004913628161223,4434.577007701432,2187.8730193590814,199.73220770143232,0.0,4334.8448,2198.470296250682,100.0,10.597276891600876,0.0,2712.6273636653345,0.0,0.0,2198.470296250682,0.0,0.12027239799499512,0.045575857162475586,0.5,0.0,1563481.8262728625,795565.5567831466,551.7599999999973,0.0,0.0,5.08669290796842,5.08669290796842
normal,364,92.94072701963451,20.194287722626317,4441.527015711458,2182.4730193590813,197.84541571145851,0.0,4343.6816,2193.070296250682,100.0,10.597276891600876,0.0,2707.6953482593276,0.0,0.0,2193.070296250682,0.0,0.12764859199523926,0.046816110610961914,0.5,0.0,1567923.353288574,797748.0298025056,553.2799999999972,0.0,0.0,5.08669290796842,5.08669290796842
normal,365,92.6628879384162,23.43589938025896,4478.3845638293515,2182.4730193590813,206.65336382935152,0.0,4371.7312,2193.070296250682,100.0,10.597276891600876,0.0,2751.387407396207,0.0,0.0,2193.070296250682,0.0,0.11246585845947266,0.04364895820617676,0.5,0.0,1572401.7378524032,799930.5028218647,554.7999999999972,0.0,0.0,5.08669290796842,5.08669290796842
ornstein-uhlenbeck,1,95.55813683562333,23.791233636978447,4471.835396082073,2242.663777885861,198.40179608207248,0.0,4373.4336,2252.8615714470357,100.0,10.19779356117474,0.0,2723.425953782266,0.0,0.0,2252.8615714470357,0.0,0.1601252555847168,0.04358172416687012,0.5,0.0,4471.835396082073,2242.663777885861,1.52,0.0,0.0,4.894940909363876,4.894940909363876
ornstein-uhlenbeck,2,82.08723996277698,22.38376505555918,4018.728985375945,2242.663777885861,176.2177853759434,0.0,3942.5112000000013,2252.8615714470357,100.0,10.19779356117474,0.0,2453.8616572683572,0.0,0.0,2252.8615714470357,0.0,0.10422921180725098,0.03599858283996582,0.5,0.0,8490.564381458018,4485.327555771722,3.04,0.0,0.0,4.894940909363876,4.894940909363876
ornstein-uhlenbeck,3,81.77862283174728,19.27722629490675,4006.3782079391185,2242.663777885861,170.14108793911822,0.0,3936.2371200000007,2252.8615714470357,100.0,10.19779356117474,0.0,2447.2086650473557,0.0,0.0,2252.8615714470357,0.0,0.10885214805603027,0.04643964767456055,0.5,0.0,12496.942589397137,6727.991333657583,4.5600000000000005,0.0,0.0,4.894940909363876,4.894940909363876
ornstein-uhlenbeck,4,89.42705178675055,22.94887910050355,4443.993837045388,2242.663777885861,196.52503704538722,0.0,4347.4688000000015,2252.8615714470357,100.0,10.19779356117474,0.0,2744.363555764896,0.0,0.0,2252.8615714470357,0.0,0.11126494407653809,0.0379335880279541,0.5,0.0,16940.936426442524,8970.655111543443,6.08,0.0,0.0,4.894940909363876,4.894940909363876
ornstein-uhlenbeck,5,89.73922861852304,20.97342098605987,4449.089235170441,2242.663777885861,191.08123517044018,0.0,4358.008000000001,2252.8615714470357,100.0,10.19779356117474,0.0,2714.6982128490913,0.0,0.0,2252.8615714470357,0.0,0.10673880577087402,0.04831123352050781,0.5,0.0,21390.025661612963,11213.318889429303,7.6,0.0,0.0,4.894940909363876,4.894940909363876
ornstein-uhlenbeck,6,88.19691199516744,22.08783812762239,4413.705737493444,2242.663777885861,161.3505374934437,0.0,4352.3552,2252.8615714470357,100.0,10.19779356117474,0.0,2714.79756582592,0.0,0.0,2252.8615714470357,0.0,0.1167745590209961,0.049994707107543945,0.5,0.0,25803.731399106407,13455.982667315164,9.12,0.0,0.0,4.894940909363876,4.894940909363876
ornstein-uhlenbeck,7,89.29004388564353,24.373765168004773,4460.875052874794,2242.663777885861,196.27825287479357,0.0,4364.5968,2252.8615714470357,100.0,10.19779356117474,0.0,2728.9308583484035,0.0,0.0,2252.8615714470357,0.0,0.11747407913208008,0.04623246192932129,0.5,0.0,30264.606451981203,15698.646445201024,10.639999999999999,0.0,0.0,4.894940909363876,4.894940909363876
ornstein-uhlenbeck,8,90.98888547132698,24.361042792644177,4455.275606870134,2242.663777885861,183.54440687013323,0.0,4371.7312,2252.8615714470357,100.0,10.19779356117474,0.0,2728.6168622332443,0.0,0.0,2252.8615714470357,0.0,0.11279535293579102,0.04689764976501465,0.5,0.0,34719.88205885133,17941.310223086886,12.159999999999998,0.0,0.0,4.894940909363876,4.894940909363876
ornstein-uhlenbeck,9,79.3093697011217,19.690341863265832,4008.517807544944,2242.663777885861,166.00660754494248,0.0,3942.5112000000013,2252.8615714470357,100.0,10.19779356117474,0.0,2465.337792669387,0.0,0.0,2252.8615714470357,0.0,0.12389731407165527,0.04159283638000488,0.5,0.0,38728.39986639628,20183.974000972747,13.679999999999998,0.0,0.0,4.894940909363876,4.894940909363876
ornstein-uhlenbeck,10,80.47458712028997,20.492507965523867,4008.673240720307,2242.663777885861,156.6767607203065,0.0,3951.9964800000007,2252.8615714470357,100.0,10.19779356117474,0.0,2466.092833809847,0.0,0.0,2252.8615714470357,0.0,0.11098670959472656,0.052154541015625,0.5,0.0,42737.07310711659,22426.637778858607,15.199999999999998,0.0,0.0,4.894940909363876,4.894940909363876
ornstein-uhlenbeck,11,85.71444573567375,23.441018507847307,4440.80878040843,2242.663777885861,172.4247804084287,0.0,4368.384000000001,2252.8615714470357,100.0,10.19779356117474,0.0,2740.6721942522495,0.0,0.0,2252.8615714470357,0.0,0.11598968505859375,0.04838728904724121,0.5,0.0,47177.881887525014,24669.301556744467,16.72,0.0,0.0,4.894940909363876,4.894940909363876
ornstein-uhlenbeck,12,88.01024999731855,20.564409416886882,4439.875722904137,2242.663777885861,180.1653229041368,0.0,4359.7104,2252.8615714470357,100.0,10.19779356117474,0.0,2730.07620214028,0.0,0.0,2252.8615714470357,0.0,0.11124086380004883,0.04911327362060547,0.5,0.0,51617.75761042915,26911.965334630328,18.24,0.0,0.0,4.894940909363876,4.894940909363876
ornstein-uhlenbeck,13,86.59660289117387,22.350084450024116,4435.373808786579,2242.663777885861,179.61380878657914,0.0,4355.759999999999,2252.8615714470357,100.0,10.19779356117474,0.0,2720.201634032034,0.0,0.0,2252.8615714470357,0.0,0.1177511215209961,0.04500150680541992,0.5,0.0,56053.13141921573,29154.629112516188,19.759999999999998,0.0,0.0,4.894940909363876,4.894940909363876
ornstein-uhlenbeck,14,88.27578401602047,19.68353494201407,4438.798752919296,2242.663777885861,179.3091529192951,0.0,4359.489600000001,2252.8615714470357,100.0,10.19779356117474,0.0,2743.862323688291,0.0,0.0,2252.8615714470357,0.0,0.11202621459960938,0.036890268325805664,0.5,0.0,60491.93017213503,31397.29289040205,21.279999999999998,0.0,0.0,4.894940909363876,4.894940909363876
ornstein-uhlenbeck,15,85.33888045225613,23.689810820613708,4441.620276074382,2242.663777885861,185.69707607438198,0.0,4355.9232,2252.8615714470357,100.0,10.19779356117474,0.0,2717.4367059519964,0.0,0.0,2252.8615714470357,0.0,0.0972752571105957,0.04982447624206543,0.5,0.0,64933.55044820941,33639.95666828791,22.799999999999997,0.0,0.0,4.894940909363876,4.894940909363876
ornstein-uhlenbeck,16,77.4565413339472,19.320176277694465,4000.536910680462,2242.663777885861,156.4935506804607,0.0,3944.0433600000015,2252.8615714470357,100.0,10.19779356117474,0.0,2450.081266928576,0.0,0.0,2252.8615714470357,0.0,0.11600756645202637,0.05011296272277832,0.5,0.0,68934.08735888987,35882.62044617377,24.319999999999997,0.0,0.0,4.894940909363876,4.894940909363876
ornstein-uhlenbeck,17,76.7688835292059,21.79433135686027,4023.8293378894086,2242.663777885861,171.83285788940782,0.0,3951.9964800000007,2252.8615714470357,100.0,10.19779356117474,0.0,2471.7321187196767,0.0,0.0,2252.8615714470357,0.0,0.11708545684814453,0.04768514633178711,0.5,0.0,72957.91669677928,38125.28422405964,25.839999999999996,0.0,0.0,4.894940909363876,4.894940909363876
ornstein-uhlenbeck,18,87.06897422060221,22.364422236755967,4443.90940055422,2242.663777885861,175.52540055421898,0.0,4368.384000000001,2252.8615714470357,100.0,10.19779356117474,0.0,2758.373323802179,0.0,0.0,2252.8615714470357,0.0,0.12037992477416992,0.0480039119720459,0.5,0.0,77401.8260973335,40367.9480019455,27.359999999999996,0.0,0.0,4.894940909363876,4.894940909363876
ornstein-uhlenbeck,19,82.95392994050128,24.628405271333843,4442.084827089226,2242.663777885861,164.86402708922554,0.0,4377.2208,2252.8615714470357,100.0,10.19779356117474,0.0,2739.1169383899964,0.0,0.0,2252.8615714470357,0.0,0.1212923526763916,0.042832374572753906,0.5,0.0,81843.91092442273,42610.611779831364,28.879999999999995,0.0,0.0,4.894940909363876,4.894940909363876
ornstein-uhlenbeck,20,82.60020912336067,24.303778721802527,4407.687935384007,2242.663777885861,169.43833538400693,0.0,4338.2496,2252.8615714470357,100.0,10.19779356117474,0.0,2709.2775534528787,0.0,0.0,2252.8615714470357,0.0,0.10391712188720703,0.03912210464477539,0.5,0.0,86251.59885980673,44853.27555771723,30.399999999999995,0.0,0.0,4.894940909363876,4.894940909363876
ornstein-uhlenbeck,21,81.20828187948342,24.558608323078438,4443.559055249968,2242.663777885861,180.6646552499679,0.0,4362.8944,2252.8615714470357,100.0,10.19779356117474,0.0,2754.787979169002,0.0,0.0,2252.8615714470357,0.0,0.11475753784179688,0.04853630065917969,0.5,0.0,90695.1579150567,47095.93933560309,31.919999999999995,0.0,0.0,4.894940909363876,4.894940909363876
ornstein-uhlenbeck,22,81.75441438053086,22.27701407274462,4437.430640813192,2242.663777885861,184.91224081319297,0.0,4352.5184,2252.8615714470357,100.0,10.19779356117474,0.0,2720.499077029577,0.0,0.0,2252.8615714470357,0.0,0.10895276069641113,0.04524564743041992,0.5,0.0,95132.5885558699,49338.603113488956,33.44,0.0,0.0,4.894940909363876,4.894940909363876
ornstein-uhlenbeck,23,74.88631276670993,20.490975669468387,3994.825307499783,2242.663777885861,150.7819474997814,0.0,3944.0433600000015,2252.8615714470357,100.0,10.19779356117474,0.0,2480.735338939722,0.0,0.0,2252.8615714470357,0.0,0.11883211135864258,0.04645943641662598,0.5,0.0,99127.41386336967,51581.26689137482,34.96,0.0,0.0,4.894940909363876,4.894940909363876
ornstein-uhlenbeck,24,77.3107741976847,18.62351214774844,4000.6734346314706,2242.663777885861,148.6769546314701,0.0,3951.9964800000007,2252.8615714470357,100.0,10.19779356117474,0.0,2484.403628505756,0.0,0.0,2252.8615714470357,0.0,0.11408638954162598,0.044029951095581055,0.5,0.0,103128.08729800115,53823.930669260684,36.480000000000004,0.0,0.0,4.894940909363876,4.894940909363876
ornstein-uhlenbeck,25,81.87965777103982,20.88465198751037,4387.295759054358,2242.663777885861,127.91015905435745,0.0,4359.3856000000005,2252.8615714470357,100.0,10.19779356117474,0.0,2741.0336198550344,0.0,0.0,2252.8615714470357,0.0,0.11660099029541016,0.04677319526672363,0.5,0.0,107515.3830570555,56066.59444714655,38.00000000000001,0.0,0.0,4.894940909363876,4.894940909363876
ornstein-uhlenbeck,26,83.3302640329544,23.28421500187989,4460.7787600774,2242.663777885861,204.47316007740048,0.0,4356.3056,2252.8615714470357,100.0,10.19779356117474,0.0,2745.1706310492145,0.0,0.0,2252.8615714470357,0.0,0.10837507247924805,0.045929670333862305,0.5,0.0,111976.1618171329,58309.25822503241,39.52000000000001,0.0,0.0,4.894940909363876,4.894940909363876
ornstein-uhlenbeck,27,80.10644267253019,19.31128588010697,4403.456919368387,2242.663777885861,165.2073193683877,0.0,4338.2496,2252.8615714470357,100.0,10.19779356117474,0.0,2714.2769195985593,0.0,0.0,2252.8615714470357,0.0,0.12040877342224121,0.05102276802062988,0.5,0.0,116379.61873650129,60551.922002918276,41.04000000000001,0.0,0.0,4.894940909363876,4.894940909363876
ornstein-uhlenbeck,28,82.07959905318405,21.04151608383958,4432.576705744046,2242.663777885861,187.19270574404544,0.0,4345.384000000001,2252.8615714470357,100.0,10.19779356117474,0.0,2706.060419331701,0.0,0.0,2252.8615714470357,0.0,0.11953568458557129,0.048119306564331055,0.5,0.0,120812.19544224534,62794.58578080414,42.56000000000002,0.0,0.0,4.894940909363876,4.894940909363876
ornstein-uhlenbeck,29,83.70659262692932,22.531073020721543,4463.480551771221,2242.663777885861,190.04695177122062,0.0,4373.4336,2252.8615714470357,100.0,10.19779356117474,0.0,2725.632923410859,0.0,0.0,2252.8615714470357,0.0,0.14057016372680664,0.03757810592651367,0.5,0.0,125275.67599401656,65037.249558690004,44.08000000000002,0.0,0.0,4.894940909363876,4.894940909363876
ornstein-uhlenbeck,30,73.7763487645965,18.94935556760742,3978.0574009110305,2242.663777885861,143.6447609110297,0.0,3934.412640000001,2252.8615714470357,100.0,10.19779356117474,0.0,2447.3286027688996,0.0,0.0,2252.8615714470357,0.0,0.1307380199432373,0.04685616493225098,0.5,0.0,129253.73339492759,67279.91333657586,45.60000000000002,0.0,0.0,4.894940909363876,4.894940909363876
ornstein-uhlenbeck,31,72.39121688885952,19.74335432583654,3986.7434253909028,2187.8730193590814,144.37766539090168,0.0,3942.365760000001,2198.470296250682,100.0,10.597276891600876,0.0,2472.6911872423016,0.0,0.0,2198.470296250682,0.0,0.11459827423095703,0.05185580253601074,0.5,0.0,133240.4768203185,69467.78635593494,47.120000000000026,0.0,0.0,5.08669290796842,5.08669290796842
ornstein-uhlenbeck,32,79.09036226736328,20.761757764227557,4404.684386643097,2187.8730193590814,138.00278664309621,0.0,4366.681600000001,2198.470296250682,100.0,10.597276891600876,0.0,2729.574232716794,0.0,0.0,2198.470296250682,0.0,0.11115670204162598,0.04594540596008301,0.5,0.0,137645.16120696158,71655.65937529401,48.64000000000003,0.0,0.0,5.08669290796842,5.08669290796842
ornstein-uhlenbeck,33,80.44200357265336,18.916508938148386,4400.856442518188,2187.8730193590814,130.93164251818774,0.0,4369.9248,2198.470296250682,100.0,10.597276891600876,0.0,2734.714042468318,0.0,0.0,2198.470296250682,0.0,0.11754584312438965,0.053223609924316406,0.5,0.0,142046.01764947976,73843.53239465308,50.16000000000003,0.0,0.0,5.08669290796842,5.08669290796842
ornstein-uhlenbeck,34,76.79502470260041,23.090152196691232,4397.084949485479,2187.8730193590814,146.43214948547967,0.0,4350.6528,2198.470296250682,100.0,10.597276891600876,0.0,2723.6146080706817,0.0,0.0,2198.470296250682,0.0,0.11720395088195801,0.04938364028930664,0.5,0.0,146443.10259896526,76031.40541401216,51.680000000000035,0.0,0.0,5.08669290796842,5.08669290796842
ornstein-uhlenbeck,35,76.93722414252143,23.577329717726155,4413.777718771303,2187.8730193590814,166.6913187713029,0.0,4347.0864,2198.470296250682,100.0,10.597276891600876,0.0,2723.871819631145,0.0,0.0,2198.470296250682,0.0,0.12500667572021484,0.04864001274108887,0.5,0.0,150856.88031773656,78219.27843337123,53.20000000000004,0.0,0.0,5.08669290796842,5.08669290796842
ornstein-uhlenbeck,36,80.6226085820366,25.621006145545955,4446.2387617869845,2187.8730193590814,172.80516178698403,0.0,4373.4336,2198.470296250682,100.0,10.597276891600876,0.0,2734.9931028703677,0.0,0.0,2198.470296250682,0.0,0.1321887969970703,0.048998355865478516,0.5,0.0,155303.11907952355,80407.15145273031,54.72000000000004,0.0,0.0,5.08669290796842,5.08669290796842
ornstein-uhlenbeck,37,73.1835630921488,22.137080563586576,4013.4018466047783,2187.8730193590814,169.35848660477674,0.0,3944.0433600000015,2198.470296250682,100.0,10.597276891600876,0.0,2459.1829215707817,0.0,0.0,2198.470296250682,0.0,0.10808825492858887,0.045038461685180664,0.5,0.0,159316.52092612832,82595.02447208938,56.240000000000045,0.0,0.0,5.08669290796842,5.08669290796842
ornstein-uhlenbeck,38,71.63476970112283,21.4937009600007,3998.263410924579,2187.8730193590814,165.09061092457847,0.0,3933.1728000000007,2198.470296250682,100.0,10.597276891600876,0.0,2454.3702797505207,0.0,0.0,2198.470296250682,0.0,0.11963629722595215,0.046389102935791016,0.5,0.0,163314.7843370529,84782.89749144846,57.76000000000005,0.0,0.0,5.08669290796842,5.08669290796842
ornstein-uhlenbeck,39,78.01423744943293,26.891969586901624,4404.977700802953,2187.8730193590814,152.4017008029522,0.0,4352.576000000001,2198.470296250682,100.0,10.597276891600876,0.0,2729.4666131179633,0.0,0.0,2198.470296250682,0.0,0.11688542366027832,0.05102396011352539,0.5,0.0,167719.76203785586,86970.77051080753,59.28000000000005,0.0,0.0,5.08669290796842,5.08669290796842
ornstein-uhlenbeck,40,74.37527489759269,21.80102026918698,4434.594902493664,2187.8730193590814,157.37410249366474,0.0,4377.2208,2198.470296250682,100.0,10.597276891600876,0.0,2739.312539012188,0.0,0.0,2198.470296250682,0.0,0.11882376670837402,0.03805398941040039,0.5,0.0,172154.35694034953,89158.6435301666,60.800000000000054,0.0,0.0,5.08669290796842,5.08669290796842
ornstein-uhlenbeck,41,73.08664293528388,22.597400470580162,4418.69780407977,2187.8730193590814,164.64020407977156,0.0,4354.057599999999,2198.470296250682,100.0,10.597276891600876,0.0,2708.9447785023835,0.0,0.0,2198.470296250682,0.0,0.10437536239624023,0.04680299758911133,0.5,0.0,176573.0547444293,91346.51654952568,62.32000000000006,0.0,0.0,5.08669290796842,5.08669290796842
ornstein-uhlenbeck,42,77.52909227231953,20.03173828976841,4431.445354873948,2187.8730193590814,166.84855487394807,0.0,4364.5968,2198.470296250682,100.0,10.597276891600876,0.0,2739.98821207432,0.0,0.0,2198.470296250682,0.0,0.1419076919555664,0.04827380180358887,0.5,0.0,181004.50009930326,93534.38956888476,63.84000000000006,0.0,0.0,5.08669290796842,5.08669290796842
ornstein-uhlenbeck,43,72.7159364493449,18.249691143969706,4425.6523542247605,2187.8730193590814,152.21875422476046,0.0,4373.4336,2198.470296250682,100.0,10.597276891600876,0.0,2716.259652053346,0.0,0.0,2198.470296250682,0.0,0.12170767784118652,0.046968936920166016,0.5,0.0,185430.15245352802,95722.26258824383,65.36000000000006,0.0,0.0,5.08669290796842,5.08669290796842
ornstein-uhlenbeck,44,69.26482972250261,20.280163225806913,3969.0393010359344,2187.8730193590814,140.75530103593331,0.0,3928.284000000001,2198.470296250682,100.0,10.597276891600876,0.0,2455.339840957302,0.0,0.0,2198.470296250682,0.0,0.11324048042297363,0.04649639129638672,0.5,0.0,189399.19175456394,97910.1356076029,66.88000000000005,0.0,0.0,5.08669290796842,5.08669290796842
ornstein-uhlenbeck,45,69.51270231332946,23.193321244799492,4002.23214232783,2187.8730193590814,151.76782232782926,0.0,3950.464320000001,2198.470296250682,100.0,10.597276891600876,0.0,2482.0864239783796,0.0,0.0,2198.470296250682,0.0,0.11820602416992188,0.04906797409057617,0.5,0.0,193401.42389689176,100098.00862696198,68.40000000000005,0.0,0.0,5.08669290796842,5.08669290796842
ornstein-uhlenbeck,46,75.90164725314445,22.09088543726733,4426.032380280177,2187.8730193590814,157.64838028017567,0.0,4368.384000000001,2198.470296250682,100.0,10.597276891600876,0.0,2725.199152100341,0.0,0.0,2198.470296250682,0.0,0.1213383674621582,0.04299759864807129,0.5,0.0,197827.45627717194,102285.88164632105,69.92000000000004,0.0,0.0,5.08669290796842,5.08669290796842
ornstein-uhlenbeck,47,74.23952435413854,22.5146155849436,4439.63955879681,2187.8730193590814,162.41875879680975,0.0,4377.2208,2198.470296250682,100.0,10.597276891600876,0.0,2733.9412628193268,0.0,0.0,2198.470296250682,0.0,0.12680864334106445,0.04878830909729004,0.5,0.0,202267.09583596874,104473.75466568013,71.44000000000004,0.0,0.0,5.08669290796842,5.08669290796842
ornstein-uhlenbeck,48,76.58206955392593,21.67741093378266,4392.174515059368,2187.8730193590814,139.81931505936777,0.0,4352.3552,2198.470296250682,100.0,10.597276891600876,0.0,2730.2505323801056,0.0,0.0,2198.470296250682,0.0,0.11870288848876953,0.04101228713989258,0.5,0.0,206659.2703510281,106661.6276850392,72.96000000000004,0.0,0.0,5.08669290796842,5.08669290796842
ornstein-uhlenbeck,49,71.09059662312639,24.119963025893714,4404.844772126716,2187.8730193590814,143.65277212671594,0.0,4361.192,2198.470296250682,100.0,10.597276891600876,0.0,2740.8194684122122,0.0,0.0,2198.470296250682,0.0,0.11038947105407715,0.04499053955078125,0.5,0.0,211064.11512315483,108849.50070439828,74.48000000000003,0.0,0.0,5.08669290796842,5.08669290796842
ornstein-uhlenbeck,50,73.9395542371823,22.16245150500325,4426.264891275275,2187.8730193590814,172.04409127527447,0.0,4354.2208,2198.470296250682,100.0,10.597276891600876,0.0,2696.7212091260203,0.0,0.0,2198.470296250682,0.0,0.12713384628295898,0.040853261947631836,0.5,0.0,215490.3800144301,111037.37372375735,76.00000000000003,0.0,0.0,5.08669290796842,5.08669290796842
ornstein-uhlenbeck,51,63.755396401225774,21.522120325535244,3980.4966739267065,2187.8730193590814,155.27699392670533,0.0,3925.219680000001,2198.470296250682,100.0,10.597276891600876,0.0,2456.2239304173945,0.0,0.0,2198.470296250682,0.0,0.12400364875793457,0.03769659996032715,0.5,0.0,219470.8766883568,113225.24674311643,77.52000000000002,0.0,0.0,5.08669290796842,5.08669290796842
ornstein-uhlenbeck,52,64.28181342087605,22.696410622417417,3983.03993693929,2187.8730193590814,132.57561693928895,0.0,3950.464320000001,2198.470296250682,100.0,10.597276891600876,0.0,2487.053239319062,0.0,0.0,2198.470296250682,0.0,0.14129114151000977,0.048604488372802734,0.5,0.0,223453.9166252961,115413.1197624755,79.04000000000002,0.0,0.0,5.08669290796842,5.08669290796842
ornstein-uhlenbeck,53,71.04117573884541,24.46719986841848,4423.364958748326,2187.8730193590814,154.98095874832487,0.0,4368.384000000001,2198.470296250682,100.0,10.597276891600876,0.0,2743.517870283654,0.0,0.0,2198.470296250682,0.0,0.11387205123901367,0.0504755973815918,0.5,0.0,227877.28158404442,117600.99278183457,80.56000000000002,0.0,0.0,5.08669290796842,5.08669290796842
ornstein-uhlenbeck,54,69.44477701234001,22.232348002433984,4428.410612378535,2187.8730193590814,152.89221237853494,0.0,4375.5184,2198.470296250682,100.0,10.597276891600876,0.0,2754.1265046207586,0.0,0.0,2198.470296250682,0.0,0.12838006019592285,0.03166842460632324,0.5,0.0,232305.69219642296,119788.86580119365,82.08000000000001,0.0,0.0,5.08669290796842,5.08669290796842
ornstein-uhlenbeck,55,71.84536135709374,21.70627799095501,4385.512616704403,2187.8730193590814,150.6678167044028,0.0,4334.8448,2198.470296250682,100.0,10.597276891600876,0.0,2704.6512070344093,0.0,0.0,2198.470296250682,0.0,0.10147643089294434,0.046903133392333984,0.5,0.0,236691.20481312735,121976.73882055272,83.60000000000001,0.0,0.0,5.08669290796842,5.08669290796842
ornstein-uhlenbeck,56,71.27336299891819,24.95055733285317,4433.670289853056,2187.8730193590814,170.77588985305584,0.0,4362.8944,2198.470296250682,100.0,10.597276891600876,0.0,2719.2124999458615,0.0,0.0,2198.470296250682,0.0,0.11228609085083008,0.04470038414001465,0.5,0.0,241124.8751029804,124164.6118399118,85.12,0.0,0.0,5.08669290796842,5.08669290796842
ornstein-uhlenbeck,57,70.05178991127536,23.20889173777168,4414.689878794098,2187.8730193590814,158.76667879409828,0.0,4355.9232,2198.470296250682,100.0,10.597276891600876,0.0,2727.4540341595603,0.0,0.0,2198.470296250682,0.0,0.11731600761413574,0.05391693115234375,0.5,0.0,245539.5649817745,126352.48485927087,86.64,0.0,0.0,5.08669290796842,5.08669290796842
ornstein-uhlenbeck,58,62.44732074350557,21.178799008191984,3982.57684118132,2187.8730193590814,138.53348118131862,0.0,3944.0433600000015,2198.470296250682,100.0,10.597276891600876,0.0,2505.1137209077,0.0,0.0,2198.470296250682,0.0,0.10961365699768066,0.05444908142089844,0.5,0.0,249522.14182295583,128540.35787862995,88.16,0.0,0.0,5.08669290796842,5.08669290796842
ornstein-uhlenbeck,59,64.38902929786,18.825309288956277,3973.2546094156423,2187.8730193590814,124.32244941564169,0.0,3948.9321600000007,2198.470296250682,100.0,10.597276891600876,0.0,2462.3166442247866,0.0,0.0,2198.470296250682,0.0,0.10939955711364746,0.053826093673706055,0.5,0.0,253495.39643237146,130728.23089798902,89.67999999999999,0.0,0.0,5.08669290796842,5.08669290796842
ornstein-uhlenbeck,60,65.40638309779442,24.067124508893922,4396.5196847273155,2187.8730193590814,128.13568472731475,0.0,4368.384000000001,2198.470296250682,100.0,10.597276891600876,0.0,2751.454836694251,0.0,0.0,2198.470296250682,0.0,0.10936689376831055,0.05101346969604492,0.5,0.0,257891.91611709876,132916.1039173481,91.19999999999999,0.0,0.0,5.08669290796842,5.08669290796842
ornstein-uhlenbeck,61,68.063645224713,19.91036216054047,4412.435337591937,2187.8730193590814,152.72493759193716,0.0,4359.7104,2198.470296250682,100.0,10.597276891600876,0.0,2734.25362918116,0.0,0.0,2198.470296250682,0.0,0.11795926094055176,0.026924848556518555,0.5,0.0,262304.3514546907,135103.9769367072,92.71999999999998,0.0,0.0,5.08669290796842,5.08669290796842
ornstein-uhlenbeck,62,69.01342000636863,24.005533598879154,4407.218637508362,2187.8730193590814,170.67143750836166,0.0,4336.5472,2198.470296250682,100.0,10.597276891600876,0.0,2726.8192146451165,0.0,0.0,2198.470296250682,0.0,0.1072549819946289,0.04430675506591797,0.5,0.0,266711.570092199,137291.84995606626,94.23999999999998,0.0,0.0,5.08669290796842,5.08669290796842
ornstein-uhlenbeck,63,68.02294997720396,23.40484375621865,4411.667829088767,2187.8730193590814,167.98622908876683,0.0,4343.6816,2198.470296250682,100.0,10.597276891600876,0.0,2712.9746484283787,0.0,0.0,2198.470296250682,0.0,0.10437417030334473,0.03889870643615723,0.5,0.0,271123.2379212878,139479.72297542533,95.75999999999998,0.0,0.0,5.08669290796842,5.08669290796842
ornstein-uhlenbeck,64,66.02231015891157,24.89119038924703,4431.9185531527255,2187.8730193590814,158.48495315272515,0.0,4373.4336,2198.470296250682,100.0,10.597276891600876,0.0,2726.127435977405,0.0,0.0,2198.470296250682,0.0,0.1217348575592041,0.05082511901855469,0.5,0.0,275555.1564744405,141667.5959947844,97.27999999999997,0.0,0.0,5.08669290796842,5.08669290796842
ornstein-uhlenbeck,65,62.938945943814396,22.233144425912847,3978.540767058173,2187.8730193590814,134.4974070581714,0.0,3944.0433600000015,2198.470296250682,100.0,10.597276891600876,0.0,2474.2907595258753,0.0,0.0,2198.470296250682,0.0,0.11590695381164551,0.04984879493713379,0.5,0.0,279533.6972414986,143855.46901414348,98.79999999999997,0.0,0.0,5.08669290796842,5.08669290796842
ornstein-uhlenbeck,66,60.31213214309662,21.465166791040055,3990.2126612102547,2187.8730193590814,138.21618121025423,0.0,3951.9964800000007,2198.470296250682,100.0,10.597276891600876,0.0,2481.9471456575134,0.0,0.0,2198.470296250682,0.0,0.11801838874816895,0.02709674835205078,0.5,0.0,283523.9099027089,146043.34203350256,100.31999999999996,0.0,0.0,5.08669290796842,5.08669290796842
ornstein-uhlenbeck,67,65.77484510939998,22.445162648946045,4404.99989564858,2187.8730193590814,138.31829564857884,0.0,4366.681600000001,2198.470296250682,100.0,10.597276891600876,0.0,2725.8859193618587,0.0,0.0,2198.470296250682,0.0,0.1140146255493164,0.04861116409301758,0.5,0.0,287928.90979835746,148231.21505286163,101.83999999999996,0.0,0.0,5.08669290796842,5.08669290796842
ornstein-uhlenbeck,68,67.10954927507268,21.693751947045982,4417.600880910906,2187.8730193590814,159.59288091090528,0.0,4358.008000000001,2198.470296250682,100.0,10.597276891600876,0.0,2719.6858260646977,0.0,0.0,2198.470296250682,0.0,0.11695146560668945,0.038004398345947266,0.5,0.0,292346.5106792684,150419.0880722207,103.35999999999996,0.0,0.0,5.08669290796842,5.08669290796842
ornstein-uhlenbeck,69,64.06529014238073,21.988337052490582,4385.310887246173,2187.8730193590814,152.1684872461724,0.0,4333.1424,2198.470296250682,100.0,10.597276891600876,0.0,2719.19036870768,0.0,0.0,2198.470296250682,0.0,0.12203764915466309,0.050438880920410156,0.5,0.0,296731.82156651455,152606.96109157978,104.87999999999995,0.0,0.0,5.08669290796842,5.08669290796842
ornstein-uhlenbeck,70,66.31330141728326,22.87025498453884,4394.406600642866,2187.8730193590814,147.32020064286598,0.0,4347.0864,2198.470296250682,100.0,10.597276891600876,0.0,2711.744910673156,0.0,0.0,2198.470296250682,0.0,0.10461211204528809,0.04885149002075195,0.5,0.0,301126.22816715745,154794.83411093886,106.39999999999995,0.0,0.0,5.08669290796842,5.08669290796842
ornstein-uhlenbeck,71,67.2174341679452,19.82075507354983,4406.31110976605,2187.8730193590814,136.2823097660502,0.0,4370.0288,2198.470296250682,100.0,10.597276891600876,0.0,2748.2106046936965,0.0,0.0,2198.470296250682,0.0,0.12608623504638672,0.030989885330200195,0.5,0.0,305532.5392769235,156982.70713029793,107.91999999999994,0.0,0.0,5.08669290796842,5.08669290796842
ornstein-uhlenbeck,72,58.16194922361857,19.955626252156197,3986.570386035235,2187.8730193590814,161.35070603523397,0.0,3925.219680000001,2198.470296250682,100.0,10.597276891600876,0.0,2463.070829755876,0.0,0.0,2198.470296250682,0.0,0.11118102073669434,0.04782366752624512,0.5,0.0,309519.10966295877,159170.580149657,109.43999999999994,0.0,0.0,5.08669290796842,5.08669290796842
ornstein-uhlenbeck,73,55.062300670365424,21.25843907517822,3966.7735498366774,2187.8730193590814,130.5364298366766,0.0,3936.2371200000007,2198.470296250682,100.0,10.597276891600876,0.0,2457.9080398391457,0.0,0.0,2198.470296250682,0.0,0.12316107749938965,0.050801753997802734,0.5,0.0,313485.8832127954,161358.45316901608,110.95999999999994,0.0,0.0,5.08669290796842,5.08669290796842
ornstein-uhlenbeck,74,64.48514502937071,23.121770037214326,4401.105475091949,2187.8730193590814,132.72147509194855,0.0,4368.384000000001,2198.470296250682,100.0,10.597276891600876,0.0,2740.8965380302952,0.0,0.0,2198.470296250682,0.0,0.1105811595916748,0.04677629470825195,0.5,0.0,317886.9886878874,163546.32618837515,112.47999999999993,0.0,0.0,5.08669290796842,5.08669290796842
ornstein-uhlenbeck,75,63.71693699619069,20.161137171281872,4423.917018341283,2187.8730193590814,146.6962183412834,0.0,4377.2208,2198.470296250682,100.0,10.597276891600876,0.0,2728.4194151399124,0.0,0.0,2198.470296250682,0.0,0.11398911476135254,0.046781063079833984,0.5,0.0,322310.9057062287,165734.19920773423,113.99999999999993,0.0,0.0,5.08669290796842,5.08669290796842
ornstein-uhlenbeck,76,63.51638972813557,21.708189730232622,4386.358113777355,2187.8730193590814,130.59811377735613,0.0,4355.759999999999,2198.470296250682,100.0,10.597276891600876,0.0,2720.7077682732897,0.0,0.0,2198.470296250682,0.0,0.11128973960876465,0.04709577560424805,0.5,0.0,326697.26382000605,167922.0722270933,115.51999999999992,0.0,0.0,5.08669290796842,5.08669290796842
ornstein-uhlenbeck,77,60.61197806109228,22.225340118528493,4396.106200218541,2187.8730193590814,152.4246002185407,0.0,4343.6816,2198.470296250682,100.0,10.597276891600876,0.0,2720.210526066378,0.0,0.0,2198.470296250682,0.0,0.1153268814086914,0.04963946342468262,0.5,0.0,331093.3700202246,170109.94524645238,117.03999999999992,0.0,0.0,5.08669290796842,5.08669290796842
ornstein-uhlenbeck,78,64.5585908360077,25.661627247224295,4414.605881601949,2187.8730193590814,163.78988160194842,0.0,4350.816,2198.470296250682,100.0,10.597276891600876,0.0,2724.2496932622917,0.0,0.0,2198.470296250682,0.0,0.12302112579345703,0.04950666427612305,0.5,0.0,335507.9759018265,172297.81826581145,118.55999999999992,0.0,0.0,5.08669290796842,5.08669290796842
ornstein-uhlenbeck,79,55.91879099028677,20.70246656196347,3971.4948360378967,2187.8730193590814,127.45147603789502,0.0,3944.0433600000015,2198.470296250682,100.0,10.597276891600876,0.0,2465.089048951965,0.0,0.0,2198.470296250682,0.0,0.1355118751525879,0.04925894737243652,0.5,0.0,339479.47073786444,174485.69128517053,120.07999999999991,0.0,0.0,5.08669290796842,5.08669290796842
ornstein-uhlenbeck,80,53.59622975902753,22.13180284560607,3968.9838106607904,2187.8730193590814,118.51949066078924,0.0,3950.464320000001,2198.470296250682,100.0,10.597276891600876,0.0,2472.38623827797,0.0,0.0,2198.470296250682,0.0,0.1108098030090332,0.04511594772338867,0.5,0.0,343448.4545485252,176673.5643045296,121.59999999999991,0.0,0.0,5.08669290796842,5.08669290796842
ornstein-uhlenbeck,81,58.978915413409766,21.21855728164276,4390.4082273607355,2187.8730193590814,123.7266273607346,0.0,4366.681600000001,2198.470296250682,100.0,10.597276891600876,0.0,2726.1547236448205,0.0,0.0,2198.470296250682,0.0,0.10622119903564453,0.04761958122253418,0.5,0.0,347838.86277588597,178861.43732388868,123.1199999999999,0.0,0.0,5.08669290796842,5.08669290796842
ornstein-uhlenbeck,82,58.437271008625736,21.07338366419708,4396.344949493123,2187.8730193590814,119.12414949312317,0.0,4377.2208,2198.470296250682,100.0,10.597276891600876,0.0,2737.3312779115004,0.0,0.0,2198.470296250682,0.0,0.11972951889038086,0.04848885536193848,0.5,0.0,352235.2077253791,181049.31034324775,124.6399999999999,0.0,0.0,5.08669290796842,5.08669290796842
ornstein-uhlenbeck,83,62.14461809897603,25.177474658997905,4401.8458458983105,2187.8730193590814,149.4906458983105,0.0,4352.3552,2198.470296250682,100.0,10.597276891600876,0.0,2714.417857502861,0.0,0.0,2198.470296250682,0.0,0.11558842658996582,0.041950225830078125,0.5,0.0,356637.0535712774,183237.18336260683,126.1599999999999,0.0,0.0,5.08669290796842,5.08669290796842
ornstein-uhlenbeck,84,62.22046488779629,23.09744081791274,4399.089466859275,2187.8730193590814,136.1950668592747,0.0,4362.8944,2198.470296250682,100.0,10.597276891600876,0.0,2724.718141994067,0.0,0.0,2198.470296250682,0.0,0.12877941131591797,0.049661874771118164,0.5,0.0,361036.1430381367,185425.0563819659,127.6799999999999,0.0,0.0,5.08669290796842,5.08669290796842
ornstein-uhlenbeck,85,59.660714619294026,24.33958557165145,4385.777918953381,2187.8730193590814,112.34431895338076,0.0,4373.4336,2198.470296250682,100.0,10.597276891600876,0.0,2743.7251350373003,0.0,0.0,2198.470296250682,0.0,0.12176895141601562,0.04924488067626953,0.5,0.0,365421.9209570901,187612.92940132497,129.1999999999999,0.0,0.0,5.08669290796842,5.08669290796842
ornstein-uhlenbeck,86,56.574924098125685,18.55812961047008,3979.227069210333,2187.8730193590814,135.18370921033156,0.0,3944.0433600000015,2198.470296250682,100.0,10.597276891600876,0.0,2454.8140007531183,0.0,0.0,2198.470296250682,0.0,0.12352156639099121,0.04912257194519043,0.5,0.0,369401.1480263004,189800.80242068405,130.7199999999999,0.0,0.0,5.08669290796842,5.08669290796842
ornstein-uhlenbeck,87,53.59190945695809,19.99580201335803,3969.462735952289,2187.8730193590814,117.46625595228846,0.0,3951.9964800000007,2198.470296250682,100.0,10.597276891600876,0.0,2469.1408896385537,0.0,0.0,2198.470296250682,0.0,0.11900711059570312,0.04597067832946777,0.5,0.0,373370.6107622527,191988.67544004312,132.23999999999992,0.0,0.0,5.08669290796842,5.08669290796842
ornstein-uhlenbeck,88,60.04684230407816,22.953308354569437,4393.039396955093,2187.8730193590814,140.463396955092,0.0,4352.576000000001,2198.470296250682,100.0,10.597276891600876,0.0,2723.902134510041,0.0,0.0,2198.470296250682,0.0,0.11841726303100586,0.05259990692138672,0.5,0.0,377763.6501592078,194176.5484594022,133.75999999999993,0.0,0.0,5.08669290796842,5.08669290796842
ornstein-uhlenbeck,89,60.14195686276033,24.29566299336134,4410.511089516566,2187.8730193590814,152.50308951656538,0.0,4358.008000000001,2198.470296250682,100.0,10.597276891600876,0.0,2725.2807648948356,0.0,0.0,2198.470296250682,0.0,0.11292076110839844,0.04509472846984863,0.5,0.0,382174.1612487244,196364.42147876127,135.27999999999994,0.0,0.0,5.08669290796842,5.08669290796842
ornstein-uhlenbeck,90,61.35026660835263,23.245678851953112,4372.809785190576,2187.8730193590814,136.26258519057598,0.0,4336.5472,2198.470296250682,100.0,10.597276891600876,0.0,2682.9566425477337,0.0,0.0,2198.470296250682,0.0,0.11967682838439941,0.04789924621582031,0.5,0.0,386546.97103391495,198552.29449812035,136.79999999999995,0.0,0.0,5.08669290796842,5.08669290796842
ornstein-uhlenbeck,91,59.8737660921748,20.856730187786074,4395.010897441692,2187.8730193590814,132.11649744169193,0.0,4362.8944,2198.470296250682,100.0,10.597276891600876,0.0,2721.2172180310527,0.0,0.0,2198.470296250682,0.0,0.10850143432617188,0.04434013366699219,0.5,0.0,390941.98193135665,200740.16751747942,138.31999999999996,0.0,0.0,5.08669290796842,5.08669290796842
ornstein-uhlenbeck,92,58.994710139004816,21.28998201776202,4389.423287486816,2187.8730193590814,121.0968874868158,0.0,4368.3264,2198.470296250682,100.0,10.597276891600876,0.0,2731.760443336263,0.0,0.0,2198.470296250682,0.0,0.09607243537902832,0.04709434509277344,0.5,0.0,395331.4052188435,202928.0405368385,139.83999999999997,0.0,0.0,5.08669290796842,5.08669290796842
ornstein-uhlenbeck,93,53.63280233752471,18.894109406430882,3943.1960000000013,2187.8730193590814,0.0,0.0,4043.1960000000013,2198.470296250682,100.0,10.597276891600876,0.0,2545.9532463123046,0.0,0.0,2198.470296250682,0.0,0.10198545455932617,0.03973269462585449,0.5,0.0,399274.6012188435,205115.91355619757,139.83999999999997,0.0,0.0,5.08669290796842,5.08669290796842
ornstein-uhlenbeck,94,51.70400100311114,22.443635858732016,3980.9460135503905,2187.8730193590814,132.01385355038974,0.0,3948.9321600000007,2198.470296250682,100.0,10.597276891600876,0.0,2465.8219703897917,0.0,0.0,2198.470296250682,0.0,0.11695265769958496,0.04803037643432617,0.5,0.0,403255.5472323939,207303.78657555665,141.35999999999999,0.0,0.0,5.08669290796842,5.08669290796842
ornstein-uhlenbeck,95,56.632244685914934,22.852851933501228,4396.835530051446,2187.8730193590814,128.45153005144493,0.0,4368.384000000001,2198.470296250682,100.0,10.597276891600876,0.0,2728.8343633922145,0.0,0.0,2198.470296250682,0.0,0.1149141788482666,0.04762911796569824,0.5,0.0,407652.3827624453,209491.65959491572,142.88,0.0,0.0,5.08669290796842,5.08669290796842
ornstein-uhlenbeck,96,59.020531983189386,23.81214442054662,4425.98573193756,2187.8730193590814,167.97773193755918,0.0,4358.008000000001,2198.470296250682,100.0,10.597276891600876,0.0,2737.663090325797,0.0,0.0,2198.470296250682,0.0,0.11825799942016602,0.04761672019958496,0.5,0.0,412078.3684943829,211679.5326142748,144.4,0.0,0.0,5.08669290796842,5.08669290796842
ornstein-uhlenbeck,97,58.22451609719612,19.542709990314965,4387.564413742163,2187.8730193590814,131.80441374216431,0.0,4355.759999999999,2198.470296250682,100.0,10.597276891600876,0.0,2735.3128657911134,0.0,0.0,2198.470296250682,0.0,0.11423563957214355,0.03888273239135742,0.5,0.0,416465.93290812505,213867.40563363387,145.92000000000002,0.0,0.0,5.08669290796842,5.08669290796842
ornstein-uhlenbeck,98,57.444674521712564,20.477262446391663,4398.777573500212,2187.8730193590814,135.88317350021237,0.0,4362.8944,2198.470296250682,100.0,10.597276891600876,0.0,2722.205643245667,0.0,0.0,2198.470296250682,0.0,0.11340475082397461,0.0456845760345459,0.5,0.0,420864.7104816253,216055.27865299294,147.44000000000003,0.0,0.0,5.08669290796842,5.08669290796842
ornstein-uhlenbeck,99,54.98482231484365,22.153209052684726,4397.000420267687,2187.8730193590814,144.48202026768737,0.0,4352.5184,2198.470296250682,100.0,10.597276891600876,0.0,2719.947587927723,0.0,0.0,2198.470296250682,0.0,0.11611270904541016,0.04752850532531738,0.5,0.0,425261.710901893,218243.15167235202,148.96000000000004,0.0,0.0,5.08669290796842,5.08669290796842
ornstein-uhlenbeck,100,52.91454745711434,19.3106729000628,3975.5955955248087,2187.8730193590814,133.08439552480752,0.0,3942.5112000000013,2198.470296250682,100.0,10.597276891600876,0.0,2459.442724874273,0.0,0.0,2198.470296250682,0.0,0.11318135261535645,0.04699397087097168,0.5,0.0,429237.3064974178,220431.0246917111,150.48000000000005,0.0,0.0,5.08669290796842,5.08669290796842
ornstein-uhlenbeck,101,49.933749474122145,19.876365489589876,3966.424496692429,2187.8730193590814,114.42801669242826,0.0,3951.9964800000007,2198.470296250682,100.0,10.597276891600876,0.0,2470.7590861181197,0.0,0.0,2198.470296250682,0.0,0.12607288360595703,0.05167436599731445,0.5,0.0,433203.7309941102,222618.89771107017,152.00000000000006,0.0,0.0,5.08669290796842,5.08669290796842
ornstein-uhlenbeck,102,55.07193535586938,21.741245238697864,4390.405096646095,2187.8730193590814,122.02109664609482,0.0,4368.384000000001,2198.470296250682,100.0,10.597276891600876,0.0,2699.075336368034,0.0,0.0,2198.470296250682,0.0,0.11450934410095215,0.043900251388549805,0.5,0.0,437594.13609075634,224806.77073042924,153.52000000000007,0.0,0.0,5.08669290796842,5.08669290796842
ornstein-uhlenbeck,103,53.573188138268456,24.698300518241656,4394.349794530769,2187.8730193590814,138.04419453076906,0.0,4356.3056,2198.470296250682,100.0,10.597276891600876,0.0,2718.3207184231405,0.0,0.0,2198.470296250682,0.0,0.11989688873291016,0.04664778709411621,0.5,0.0,441988.4858852871,226994.64374978832,155.04000000000008,0.0,0.0,5.08669290796842,5.08669290796842
ornstein-uhlenbeck,104,54.654275043576,23.121358537689364,4390.578951758453,2187.8730193590814,134.81895175845315,0.0,4355.759999999999,2198.470296250682,100.0,10.597276891600876,0.0,2715.0554682670013,0.0,0.0,2198.470296250682,0.0,0.11008000373840332,0.04647517204284668,0.5,0.0,446379.06483704556,229182.5167691474,156.5600000000001,0.0,0.0,5.08669290796842,5.08669290796842
ornstein-uhlenbeck,105,56.68855799815143,22.58014409922162,4387.992134371659,2187.8730193590814,140.90573437165884,0.0,4347.0864,2198.470296250682,100.0,10.597276891600876,0.0,2703.1319623227546,0.0,0.0,2198.470296250682,0.0,0.12080788612365723,0.037156105041503906,0.5,0.0,450767.0569714172,231370.38978850647,158.0800000000001,0.0,0.0,5.08669290796842,5.08669290796842
ornstein-uhlenbeck,106,55.49911127276505,21.46111047814788,4400.85512093677,2187.8730193590814,150.03912093677016,0.0,4350.816,2198.470296250682,100.0,10.597276891600876,0.0,2734.241019267917,0.0,0.0,2198.470296250682,0.0,0.1138467788696289,0.04609799385070801,0.5,0.0,455167.912092354,233558.26280786554,159.6000000000001,0.0,0.0,5.08669290796842,5.08669290796842
ornstein-uhlenbeck,107,50.45195242807839,19.95580473937459,3955.1717726443107,2187.8730193590814,129.95209264430954,0.0,3925.219680000001,2198.470296250682,100.0,10.597276891600876,0.0,2434.8175587281257,0.0,0.0,2198.470296250682,0.0,0.10686922073364258,0.05343961715698242,0.5,0.0,459123.0838649983,235746.1358272246,161.12000000000012,0.0,0.0,5.08669290796842,5.08669290796842
ornstein-uhlenbeck,108,50.20047809344135,19.588835576657292,3951.368000000001,2187.8730193590814,0.0,0.0,4051.368000000001,2198.470296250682,100.0,10.597276891600876,0.0,2526.580049297661,0.0,0.0,2198.470296250682,0.0,0.11665892601013184,0.04305863380432129,0.5,0.0,463074.4518649983,237934.0088465837,161.12000000000012,0.0,0.0,5.08669290796842,5.08669290796842
ornstein-uhlenbeck,109,55.78672617513312,19.19665592324132,4379.040000000001,2187.8730193590814,0.0,0.0,4479.040000000001,2198.470296250682,100.0,10.597276891600876,0.0,2790.4312799859185,0.0,0.0,2198.470296250682,0.0,0.09985661506652832,0.040990591049194336,0.5,0.0,467453.4918649983,240121.88186594276,161.12000000000012,0.0,0.0,5.08669290796842,5.08669290796842
ornstein-uhlenbeck,110,53.78060159181181,21.27533029051775,4388.12,2187.8730193590814,0.0,0.0,4488.12,2198.470296250682,100.0,10.597276891600876,0.0,2806.3956471242163,0.0,0.0,2198.470296250682,0.0,0.11420416831970215,0.04784369468688965,0.5,0.0,471841.6118649983,242309.75488530184,161.12000000000012,0.0,0.0,5.08669290796842,5.08669290796842
ornstein-uhlenbeck,111,56.586134313268495,20.788080531412266,4389.8994061518815,2187.8730193590814,151.64980615188148,0.0,4338.2496,2198.470296250682,100.0,10.597276891600876,0.0,2732.061963514566,0.0,0.0,2198.470296250682,0.0,0.11977076530456543,0.04729175567626953,0.5,0.0,476231.5112711502,244497.6279046609,162.64000000000013,0.0,0.0,5.08669290796842,5.08669290796842
ornstein-uhlenbeck,112,56.10645076081829,21.86663043971882,4374.280000000001,2187.8730193590814,0.0,0.0,4474.280000000001,2198.470296250682,100.0,10.597276891600876,0.0,2793.2782312052464,0.0,0.0,2198.470296250682,0.0,0.1189265251159668,0.04851508140563965,0.5,0.0,480605.7912711502,246685.50092402,162.64000000000013,0.0,0.0,5.08669290796842,5.08669290796842
ornstein-uhlenbeck,113,56.28930227360954,24.8523395642367,4421.082468766674,2187.8730193590814,170.2664687666736,0.0,4350.816,2198.470296250682,100.0,10.597276891600876,0.0,2701.956885238895,0.0,0.0,2198.470296250682,0.0,0.11512613296508789,0.04712343215942383,0.5,0.0,485026.8737399169,248873.37394337906,164.16000000000014,0.0,0.0,5.08669290796842,5.08669290796842
ornstein-uhlenbeck,114,48.38979969340716,19.619012567831305,3946.0063258443793,2187.8730193590814,117.72232584437808,0.0,3928.284000000001,2198.470296250682,100.0,10.597276891600876,0.0,2461.25360435224,0.0,0.0,2198.470296250682,0.0,0.10524249076843262,0.050647735595703125,0.5,0.0,488972.8800657613,251061.24696273814,165.68000000000015,0.0,0.0,5.08669290796842,5.08669290796842
ornstein-uhlenbeck,115,49.96508492343886,24.114287903761255,3952.0652907955077,2187.8730193590814,103.13313079550691,0.0,3948.9321600000007,2198.470296250682,100.0,10.597276891600876,0.0,2469.743186342953,0.0,0.0,2198.470296250682,0.0,0.12451410293579102,0.04747939109802246,0.5,0.0,492924.9453565568,253249.1199820972,167.20000000000016,0.0,0.0,5.08669290796842,5.08669290796842
ornstein-uhlenbeck,116,59.19099261252609,23.11901488799595,4373.813069987753,2187.8730193590814,126.34426998775149,0.0,4347.4688000000015,2198.470296250682,100.0,10.597276891600876,0.0,2716.6202731927933,0.0,0.0,2198.470296250682,0.0,0.11457991600036621,0.04526495933532715,0.5,0.0,497298.75842654455,255436.99300145629,168.72000000000017,0.0,0.0,5.08669290796842,5.08669290796842
ornstein-uhlenbeck,117,57.0703263394949,22.563224675029094,4399.6897795207915,2187.8730193590814,138.2769795207911,0.0,4361.4128,2198.470296250682,100.0,10.597276891600876,0.0,2721.2218513436665,0.0,0.0,2198.470296250682,0.0,0.12591004371643066,0.053801536560058594,0.5,0.0,501698.44820606534,257624.86602081536,170.24000000000018,0.0,0.0,5.08669290796842,5.08669290796842
ornstein-uhlenbeck,118,54.55256411642057,24.223810352146653,4379.885966907747,2187.8730193590814,141.6363669077474,0.0,4338.2496,2198.470296250682,100.0,10.597276891600876,0.0,2678.6640319869507,0.0,0.0,2198.470296250682,0.0,0.10538697242736816,0.037613868713378906,0.5,0.0,506078.33417297306,259812.73904017443,171.7600000000002,0.0,0.0,5.08669290796842,5.08669290796842
ornstein-uhlenbeck,119,54.98692169913736,20.82383559800744,4390.317925520024,2187.8730193590814,148.33872552002356,0.0,4341.979200000001,2198.470296250682,100.0,10.597276891600876,0.0,2684.283614435889,0.0,0.0,2198.470296250682,0.0,0.11256098747253418,0.0375518798828125,0.5,0.0,510468.65209849307,262000.6120595335,173.2800000000002,0.0,0.0,5.08669290796842,5.08669290796842
ornstein-uhlenbeck,120,56.02652143925963,21.932842827502135,4400.561103254768,2187.8730193590814,127.12750325476756,0.0,4373.4336,2198.470296250682,100.0,10.597276891600876,0.0,2730.208104136931,0.0,0.0,2198.470296250682,0.0,0.12009286880493164,0.041849374771118164,0.5,0.0,514869.21320174786,264188.4850788926,174.8000000000002,0.0,0.0,5.08669290796842,5.08669290796842
ornstein-uhlenbeck,121,48.800246541746986,22.82773664724308,3961.87707397492,2187.8730193590814,117.8337139749188,0.0,3944.0433600000015,2198.470296250682,100.0,10.597276891600876,0.0,2460.7444675693882,0.0,0.0,2198.470296250682,0.0,0.1217489242553711,0.038201332092285156,0.5,0.0,518831.0902757228,266376.3580982517,176.32000000000022,0.0,0.0,5.08669290796842,5.08669290796842
ornstein-uhlenbeck,122,47.453963678782365,21.1832792243011,3978.504443908238,2187.8730193590814,128.04012390823718,0.0,3950.464320000001,2198.470296250682,100.0,10.597276891600876,0.0,2464.8852776296303,0.0,0.0,2198.470296250682,0.0,0.13886356353759766,0.04611778259277344,0.5,0.0,522809.594719631,268564.23111761076,177.84000000000023,0.0,0.0,5.08669290796842,5.08669290796842
ornstein-uhlenbeck,123,54.48777040936975,22.48224952721972,4402.020916363413,2187.8730193590814,152.84971636341186,0.0,4349.171200000001,2198.470296250682,100.0,10.597276891600876,0.0,2734.5096455976563,0.0,0.0,2198.470296250682,0.0,0.11518239974975586,0.050016164779663086,0.5,0.0,527211.6156359945,270752.10413696984,179.36000000000024,0.0,0.0,5.08669290796842,5.08669290796842
ornstein-uhlenbeck,124,53.05430965215286,24.24777651193461,4399.396947308915,2187.8730193590814,143.09134730891483,0.0,4356.3056,2198.470296250682,100.0,10.597276891600876,0.0,2722.7267305886553,0.0,0.0,2198.470296250682,0.0,0.12416863441467285,0.05025815963745117,0.5,0.0,531611.0125833034,272939.9771563289,180.88000000000025,0.0,0.0,5.08669290796842,5.08669290796842
ornstein-uhlenbeck,125,54.97065167074279,19.976705715055893,4378.217042874242,2187.8730193590814,122.4570428742427,0.0,4355.759999999999,2198.470296250682,100.0,10.597276891600876,0.0,2712.031099425911,0.0,0.0,2198.470296250682,0.0,0.11312103271484375,0.050354719161987305,0.5,0.0,535989.2296261776,275127.850175688,182.40000000000026,0.0,0.0,5.08669290796842,5.08669290796842
ornstein-uhlenbeck,126,54.6211800617788,23.637213610099796,4408.799076654406,2187.8730193590814,145.90467665440647,0.0,4362.8944,2198.470296250682,100.0,10.597276891600876,0.0,2746.7512263699386,0.0,0.0,2198.470296250682,0.0,0.11908197402954102,0.048175811767578125,0.5,0.0,540398.028702832,277315.72319504706,183.92000000000027,0.0,0.0,5.08669290796842,5.08669290796842
ornstein-uhlenbeck,127,57.26068036701133,22.111529594522082,4405.812584984134,2187.8730193590814,132.37898498413438,0.0,4373.4336,2198.470296250682,100.0,10.597276891600876,0.0,2725.557649498034,0.0,0.0,2198.470296250682,0.0,0.12375831604003906,0.02973198890686035,0.5,0.0,544803.8412878161,279503.59621440613,185.44000000000028,0.0,0.0,5.08669290796842,5.08669290796842
ornstein-uhlenbeck,128,47.66870372363751,19.276363500771083,3956.5642575592046,2187.8730193590814,114.05305755920348,0.0,3942.5112000000013,2198.470296250682,100.0,10.597276891600876,0.0,2478.815319351694,0.0,0.0,2198.470296250682,0.0,0.1231834888458252,0.04511451721191406,0.5,0.0,548760.4055453753,281691.4692337652,186.9600000000003,0.0,0.0,5.08669290796842,5.08669290796842
ornstein-uhlenbeck,129,50.1923890572099,19.102356145624203,3951.368000000001,2187.8730193590814,0.0,0.0,4051.368000000001,2198.470296250682,100.0,10.597276891600876,0.0,2556.4303901561884,0.0,0.0,2198.470296250682,0.0,0.1066887378692627,0.04873776435852051,0.5,0.0,552711.7735453753,283879.3422531243,186.9600000000003,0.0,0.0,5.08669290796842,5.08669290796842
ornstein-uhlenbeck,130,55.0501966815776,22.259755325368154,4379.040000000001,2187.8730193590814,0.0,0.0,4479.040000000001,2198.470296250682,100.0,10.597276891600876,0.0,2813.602267549656,0.0,0.0,2198.470296250682,0.0,0.11442208290100098,0.047524213790893555,0.5,0.0,557090.8135453754,286067.21527248336,186.9600000000003,0.0,0.0,5.08669290796842,5.08669290796842
ornstein-uhlenbeck,131,55.655531220630856,23.073087324272876,4407.641565696482,2187.8730193590814,147.93116569648222,0.0,4359.7104,2198.470296250682,100.0,10.597276891600876,0.0,2732.676689489823,0.0,0.0,2198.470296250682,0.0,0.1142876148223877,0.04486441612243652,0.5,0.0,561498.4551110718,288255.08829184243,188.4800000000003,0.0,0.0,5.08669290796842,5.08669290796842
ornstein-uhlenbeck,132,58.142906956666344,23.641738849342403,4393.612030172625,2187.8730193590814,137.85203017262603,0.0,4355.759999999999,2198.470296250682,100.0,10.597276891600876,0.0,2714.704757253922,0.0,0.0,2198.470296250682,0.0,0.14494919776916504,0.046813011169433594,0.5,0.0,565892.0671412444,290442.9613112015,190.0000000000003,0.0,0.0,5.08669290796842,5.08669290796842
ornstein-uhlenbeck,133,54.40926838635454,26.017833880729995,4403.896627666068,2187.8730193590814,156.8102276660676,0.0,4347.0864,2198.470296250682,100.0,10.597276891600876,0.0,2715.426284812878,0.0,0.0,2198.470296250682,0.0,0.12019896507263184,0.03774595260620117,0.5,0.0,570295.9637689105,292630.8343305606,191.52000000000032,0.0,0.0,5.08669290796842,5.08669290796842
ornstein-uhlenbeck,134,52.69478802752972,24.029746761009548,4390.345034561676,2187.8730193590814,134.42183456167547,0.0,4355.9232,2198.470296250682,100.0,10.597276891600876,0.0,2738.7985288991954,0.0,0.0,2198.470296250682,0.0,0.10641145706176758,0.046157121658325195,0.5,0.0,574686.3088034722,294818.70734991966,193.04000000000033,0.0,0.0,5.08669290796842,5.08669290796842
ornstein-uhlenbeck,135,50.12110923974577,23.619277964272293,3955.594291700098,2187.8730193590814,127.31029170009697,0.0,3928.284000000001,2198.470296250682,100.0,10.597276891600876,0.0,2445.534697376986,0.0,0.0,2198.470296250682,0.0,0.12401342391967773,0.04710054397583008,0.5,0.0,578641.9030951723,297006.58036927873,194.56000000000034,0.0,0.0,5.08669290796842,5.08669290796842
ornstein-uhlenbeck,136,49.076017118375184,20.811199985753426,3953.4677665367694,2187.8730193590814,120.29496653676867,0.0,3933.1728000000007,2198.470296250682,100.0,10.597276891600876,0.0,2456.1960498741514,0.0,0.0,2198.470296250682,0.0,0.11168527603149414,0.046376705169677734,0.5,0.0,582595.370861709,299194.4533886378,196.08000000000035,0.0,0.0,5.08669290796842,5.08669290796842
ornstein-uhlenbeck,137,55.39032687466073,22.173933387450735,4389.9546595479815,2187.8730193590814,140.7834595479804,0.0,4349.171200000001,2198.470296250682,100.0,10.597276891600876,0.0,2715.7025354333077,0.0,0.0,2198.470296250682,0.0,0.09763789176940918,0.04960298538208008,0.5,0.0,586985.325521257,301382.3264079969,197.60000000000036,0.0,0.0,5.08669290796842,5.08669290796842
ornstein-uhlenbeck,138,54.90236726991125,22.951418047622646,4395.570398408274,2187.8730193590814,134.15759840827377,0.0,4361.4128,2198.470296250682,100.0,10.597276891600876,0.0,2736.0222977466456,0.0,0.0,2198.470296250682,0.0,0.11517453193664551,0.04865455627441406,0.5,0.0,591380.8959196652,303570.19942735595,199.12000000000037,0.0,0.0,5.08669290796842,5.08669290796842
ornstein-uhlenbeck,139,57.475810546719366,25.044232654328013,4385.071430594184,2187.8730193590814,148.5242305941838,0.0,4336.5472,2198.470296250682,100.0,10.597276891600876,0.0,2724.9074382233694,0.0,0.0,2198.470296250682,0.0,0.11764001846313477,0.04963064193725586,0.5,0.0,595765.9673502594,305758.072446715,200.64000000000038,0.0,0.0,5.08669290796842,5.08669290796842
ornstein-uhlenbeck,140,54.09991123676272,22.63930256769185,4398.495549776963,2187.8730193590814,154.8139497769632,0.0,4343.6816,2198.470296250682,100.0,10.597276891600876,0.0,2690.307894326925,0.0,0.0,2198.470296250682,0.0,0.11520814895629883,0.04598855972290039,0.5,0.0,600164.4629000364,307945.9454660741,202.1600000000004,0.0,0.0,5.08669290796842,5.08669290796842
ornstein-uhlenbeck,141,55.65673241237469,21.786394809242474,4401.011519208716,2187.8730193590814,130.98271920871574,0.0,4370.0288,2198.470296250682,100.0,10.597276891600876,0.0,2739.0011743512705,0.0,0.0,2198.470296250682,0.0,0.11546015739440918,0.04933738708496094,0.5,0.0,604565.474419245,310133.8184854332,203.6800000000004,0.0,0.0,5.08669290796842,5.08669290796842
ornstein-uhlenbeck,142,46.87517623180696,17.488068480558866,3953.3981430110484,2187.8730193590814,110.88694301104717,0.0,3942.5112000000013,2198.470296250682,100.0,10.597276891600876,0.0,2438.0093177251947,0.0,0.0,2198.470296250682,0.0,0.1139383316040039,0.050292253494262695,0.5,0.0,608518.8725622561,312321.69150479225,205.20000000000041,0.0,0.0,5.08669290796842,5.08669290796842
ornstein-uhlenbeck,143,49.607366744555556,19.90676094966602,3942.494481638762,2187.8730193590814,106.25736163876124,0.0,3936.2371200000007,2198.470296250682,100.0,10.597276891600876,0.0,2473.793168639548,0.0,0.0,2198.470296250682,0.0,0.12136697769165039,0.037719011306762695,0.5,0.0,612461.3670438948,314509.5645241513,206.72000000000043,0.0,0.0,5.08669290796842,5.08669290796842
ornstein-uhlenbeck,144,54.82633952012109,24.74436869653214,4405.937306361153,2187.8730193590814,137.55330636115167,0.0,4368.384000000001,2198.470296250682,100.0,10.597276891600876,0.0,2702.8860995514433,0.0,0.0,2198.470296250682,0.0,0.13091778755187988,0.025634050369262695,0.5,0.0,616867.304350256,316697.4375435104,208.24000000000044,0.0,0.0,5.08669290796842,5.08669290796842
ornstein-uhlenbeck,145,57.445335292217685,22.38203502161649,4388.12,2187.8730193590814,0.0,0.0,4488.12,2198.470296250682,100.0,10.597276891600876,0.0,2801.451561116539,0.0,0.0,2198.470296250682,0.0,0.11135411262512207,0.05011153221130371,0.5,0.0,621255.424350256,318885.3105628695,208.24000000000044,0.0,0.0,5.08669290796842,5.08669290796842
ornstein-uhlenbeck,146,57.2807396718566,24.437652691867697,4387.913832079187,2187.8730193590814,153.069032079187,0.0,4334.8448,2198.470296250682,100.0,10.597276891600876,0.0,2724.013793664727,0.0,0.0,2198.470296250682,0.0,0.116424560546875,0.046617746353149414,0.5,0.0,625643.3381823351,321073.18358222855,209.76000000000045,0.0,0.0,5.08669290796842,5.08669290796842
ornstein-uhlenbeck,147,57.42536768690892,21.715656492142788,4401.208045803118,2187.8730193590814,155.82404580311672,0.0,4345.384000000001,2198.470296250682,100.0,10.597276891600876,0.0,2744.8890652765326,0.0,0.0,2198.470296250682,0.0,0.14228582382202148,0.048265933990478516,0.5,0.0,630044.5462281383,323261.0566015876,211.28000000000046,0.0,0.0,5.08669290796842,5.08669290796842
ornstein-uhlenbeck,148,55.87313356925379,24.045761535828685,4414.015597925298,2187.8730193590814,142.2843979252977,0.0,4371.7312,2198.470296250682,100.0,10.597276891600876,0.0,2739.9439042036997,0.0,0.0,2198.470296250682,0.0,0.1195220947265625,0.0467376708984375,0.5,0.0,634458.5618260636,325448.9296209467,212.80000000000047,0.0,0.0,5.08669290796842,5.08669290796842
ornstein-uhlenbeck,149,50.1808150596057,18.633384340551064,3955.1774181565934,2187.8730193590814,112.66621815659211,0.0,3942.5112000000013,2198.470296250682,100.0,10.597276891600876,0.0,2472.6675132568894,0.0,0.0,2198.470296250682,0.0,0.1120750904083252,0.04900336265563965,0.5,0.0,638413.7392442202,327636.8026403058,214.32000000000048,0.0,0.0,5.08669290796842,5.08669290796842
ornstein-uhlenbeck,150,49.33714952819989,22.4168411965965,3949.0474326200874,2187.8730193590814,112.81031262008666,0.0,3936.2371200000007,2198.470296250682,100.0,10.597276891600876,0.0,2465.4471434267803,0.0,0.0,2198.470296250682,0.0,0.11685705184936523,0.04896426200866699,0.5,0.0,642362.7866768403,329824.67565966485,215.8400000000005,0.0,0.0,5.08669290796842,5.08669290796842
ornstein-uhlenbeck,151,56.68731772866042,24.27728167143354,4395.867225724244,2187.8730193590814,146.69602572424347,0.0,4349.171200000001,2198.470296250682,100.0,10.597276891600876,0.0,2709.6670341901386,0.0,0.0,2198.470296250682,0.0,0.11209225654602051,0.04887795448303223,0.5,0.0,646758.6539025645,332012.5486790239,217.3600000000005,0.0,0.0,5.08669290796842,5.08669290796842
ornstein-uhlenbeck,152,58.273506046454344,23.88853372777856,4392.486009240058,2187.8730193590814,137.88280924005747,0.0,4354.6032000000005,2198.470296250682,100.0,10.597276891600876,0.0,2729.98509841609,0.0,0.0,2198.470296250682,0.0,0.22264385223388672,0.04698634147644043,0.5,0.0,651151.1399118046,334200.421698383,218.8800000000005,0.0,0.0,5.08669290796842,5.08669290796842
ornstein-uhlenbeck,153,59.155911828027946,23.204184724703445,4396.32112913043,2187.8730193590814,140.56112913043032,0.0,4355.759999999999,2198.470296250682,100.0,10.597276891600876,0.0,2706.4958087298196,0.0,0.0,2198.470296250682,0.0,0.11832618713378906,0.05195021629333496,0.5,0.0,655547.461040935,336388.2947177421,220.40000000000052,0.0,0.0,5.08669290796842,5.08669290796842
ornstein-uhlenbeck,154,59.01824212622245,22.192795759075228,4398.6407254355,2187.8730193590814,134.04392543549952,0.0,4364.5968,2198.470296250682,100.0,10.597276891600876,0.0,2721.382495764929,0.0,0.0,2198.470296250682,0.0,0.12002444267272949,0.04584527015686035,0.5,0.0,659946.1017663705,338576.16773710115,221.92000000000053,0.0,0.0,5.08669290796842,5.08669290796842
ornstein-uhlenbeck,155,57.2847582548535,24.4542266400804,4421.762551250961,2187.8730193590814,148.3289512509613,0.0,4373.4336,2198.470296250682,100.0,10.597276891600876,0.0,2738.291959006324,0.0,0.0,2198.470296250682,0.0,0.11907505989074707,0.05055594444274902,0.5,0.0,664367.8643176215,340764.0407564602,223.44000000000054,0.0,0.0,5.08669290796842,5.08669290796842
ornstein-uhlenbeck,156,54.037465295888126,22.767899444533818,3985.085896344351,2187.8730193590814,141.0425363443498,0.0,3944.0433600000015,2198.470296250682,100.0,10.597276891600876,0.0,2471.1233831962995,0.0,0.0,2198.470296250682,0.0,0.11942362785339355,0.04800271987915039,0.5,0.0,668352.9502139658,342951.9137758193,224.96000000000055,0.0,0.0,5.08669290796842,5.08669290796842
ornstein-uhlenbeck,157,51.16236397647976,22.313877670076575,3969.7269487246026,2187.8730193590814,133.48982872460206,0.0,3936.2371200000007,2198.470296250682,100.0,10.597276891600876,0.0,2454.426626396549,0.0,0.0,2198.470296250682,0.0,0.1199038028717041,0.03905296325683594,0.5,0.0,672322.6771626904,345139.78679517837,226.48000000000056,0.0,0.0,5.08669290796842,5.08669290796842
ornstein-uhlenbeck,158,59.7238401477613,24.40032347181823,4379.040000000001,2187.8730193590814,0.0,0.0,4479.040000000001,2198.470296250682,100.0,10.597276891600876,0.0,2808.278540250708,0.0,0.0,2198.470296250682,0.0,0.10306906700134277,0.04674983024597168,0.5,0.0,676701.7171626905,347327.65981453744,226.48000000000056,0.0,0.0,5.08669290796842,5.08669290796842
ornstein-uhlenbeck,159,62.83053530252685,24.55053667744493,4423.985103095221,2187.8730193590814,169.38190309522108,0.0,4354.6032000000005,2198.470296250682,100.0,10.597276891600876,0.0,2703.3207677438627,0.0,0.0,2198.470296250682,0.0,0.11935949325561523,0.04902052879333496,0.5,0.0,681125.7022657857,349515.5328338965,228.00000000000057,0.0,0.0,5.08669290796842,5.08669290796842
ornstein-uhlenbeck,160,58.5987893782559,21.927758965055496,4390.636529982879,2187.8730193590814,136.57892998287986,0.0,4354.057599999999,2198.470296250682,100.0,10.597276891600876,0.0,2746.658745126738,0.0,0.0,2198.470296250682,0.0,0.12686777114868164,0.048946380615234375,0.5,0.0,685516.3387957686,351703.4058532556,229.52000000000058,0.0,0.0,5.08669290796842,5.08669290796842
ornstein-uhlenbeck,161,61.75977671687062,24.497043004108868,4404.160837902651,2187.8730193590814,141.26643790265086,0.0,4362.8944,2198.470296250682,100.0,10.597276891600876,0.0,2733.3919349114503,0.0,0.0,2198.470296250682,0.0,0.1267716884613037,0.05162858963012695,0.5,0.0,689920.4996336713,353891.27887261467,231.0400000000006,0.0,0.0,5.08669290796842,5.08669290796842
ornstein-uhlenbeck,162,62.122230450043084,20.803374219214703,4398.7009957739565,2187.8730193590814,126.9697957739564,0.0,4371.7312,2198.470296250682,100.0,10.597276891600876,0.0,2744.8608922358653,0.0,0.0,2198.470296250682,0.0,0.11733365058898926,0.04799318313598633,0.5,0.0,694319.2006294453,356079.15189197374,232.5600000000006,0.0,0.0,5.08669290796842,5.08669290796842
ornstein-uhlenbeck,163,56.24948888826651,19.443175763820026,3963.90550516809,2187.8730193590814,119.86214516808818,0.0,3944.0433600000015,2198.470296250682,100.0,10.597276891600876,0.0,2452.910687854652,0.0,0.0,2198.470296250682,0.0,0.14831233024597168,0.04294085502624512,0.5,0.0,698283.1061346134,358267.0249113328,234.0800000000006,0.0,0.0,5.08669290796842,5.08669290796842
ornstein-uhlenbeck,164,56.87879118480694,22.339126377623476,3984.7707029228077,2187.8730193590814,134.3063829228067,0.0,3950.464320000001,2198.470296250682,100.0,10.597276891600876,0.0,2466.222958602598,0.0,0.0,2198.470296250682,0.0,0.09046649932861328,0.049991607666015625,0.5,0.0,702267.8768375362,360454.8979306919,235.60000000000062,0.0,0.0,5.08669290796842,5.08669290796842
ornstein-uhlenbeck,165,61.219687170570985,21.361518259842573,4397.6580380296,2187.8730193590814,151.89163802959845,0.0,4345.766400000001,2198.470296250682,100.0,10.597276891600876,0.0,2735.45920934797,0.0,0.0,2198.470296250682,0.0,0.14447641372680664,0.0437469482421875,0.5,0.0,706665.5348755658,362642.77095005097,237.12000000000063,0.0,0.0,5.08669290796842,5.08669290796842
ornstein-uhlenbeck,166,61.45049377696767,24.15257853326547,4412.732658112568,2187.8730193590814,153.02225811256818,0.0,4359.7104,2198.470296250682,100.0,10.597276891600876,0.0,2730.2242310819356,0.0,0.0,2198.470296250682,0.0,0.10075974464416504,0.051217079162597656,0.5,0.0,711078.2675336783,364830.64396941004,238.64000000000064,0.0,0.0,5.08669290796842,5.08669290796842
ornstein-uhlenbeck,167,61.095087016692595,22.070533101313764,4368.8502919171015,2187.8730193590814,116.49509191710135,0.0,4352.3552,2198.470296250682,100.0,10.597276891600876,0.0,2726.57393591805,0.0,0.0,2198.470296250682,0.0,0.11697912216186523,0.025749921798706055,0.5,0.0,715447.1178255954,367018.5169887691,240.16000000000065,0.0,0.0,5.08669290796842,5.08669290796842
ornstein-uhlenbeck,168,63.120279229465986,21.887574860256564,4387.649800173765,2187.8730193590814,124.75540017376431,0.0,4362.8944,2198.470296250682,100.0,10.597276891600876,0.0,2722.2911541402577,0.0,0.0,2198.470296250682,0.0,0.11825942993164062,0.05376124382019043,0.5,0.0,719834.7676257693,369206.3900081282,241.68000000000066,0.0,0.0,5.08669290796842,5.08669290796842
ornstein-uhlenbeck,169,62.083245668849976,24.161703700222404,4430.807435397358,2187.8730193590814,157.37383539735765,0.0,4373.4336,2198.470296250682,100.0,10.597276891600876,0.0,2732.8098524779393,0.0,0.0,2198.470296250682,0.0,0.1749129295349121,0.046869516372680664,0.5,0.0,724265.5750611667,371394.26302748726,243.20000000000067,0.0,0.0,5.08669290796842,5.08669290796842
ornstein-uhlenbeck,170,53.71403248739431,19.09422472623007,3943.206039493384,2187.8730193590814,114.92203949338315,0.0,3928.284000000001,2198.470296250682,100.0,10.597276891600876,0.0,2446.2242178204533,0.0,0.0,2198.470296250682,0.0,0.10998177528381348,0.047492265701293945,0.5,0.0,728208.7811006601,373582.13604684634,244.72000000000068,0.0,0.0,5.08669290796842,5.08669290796842
ornstein-uhlenbeck,171,55.13348153286514,19.396543526400574,3977.9309641528075,2187.8730193590814,125.93448415280679,0.0,3951.9964800000007,2198.470296250682,100.0,10.597276891600876,0.0,2467.7809315619706,0.0,0.0,2198.470296250682,0.0,0.12504363059997559,0.044922828674316406,0.5,0.0,732186.7120648129,375770.0090662054,246.2400000000007,0.0,0.0,5.08669290796842,5.08669290796842
ornstein-uhlenbeck,172,65.23109419914344,21.494358946740796,4393.858063205,2187.8730193590814,144.68686320499913,0.0,4349.171200000001,2198.470296250682,100.0,10.597276891600876,0.0,2721.4136043005487,0.0,0.0,2198.470296250682,0.0,0.1212623119354248,0.03960752487182617,0.5,0.0,736580.5701280179,377957.8820855645,247.7600000000007,0.0,0.0,5.08669290796842,5.08669290796842
ornstein-uhlenbeck,173,63.87649764135225,22.79001898103333,4412.8186937357095,2187.8730193590814,153.10829373570985,0.0,4359.7104,2198.470296250682,100.0,10.597276891600876,0.0,2722.6610860273913,0.0,0.0,2198.470296250682,0.0,0.12037992477416992,0.05175900459289551,0.5,0.0,740993.3888217537,380145.75510492356,249.2800000000007,0.0,0.0,5.08669290796842,5.08669290796842
ornstein-uhlenbeck,174,65.8050137334734,21.512821626007423,4389.698875874252,2187.8730193590814,133.9388758742524,0.0,4355.759999999999,2198.470296250682,100.0,10.597276891600876,0.0,2719.9593982992415,0.0,0.0,2198.470296250682,0.0,0.10452437400817871,0.05063033103942871,0.5,0.0,745383.087697628,382333.62812428264,250.80000000000072,0.0,0.0,5.08669290796842,5.08669290796842
ornstein-uhlenbeck,175,63.93778206822773,22.1062178413134,4406.930367092349,2187.8730193590814,164.9511670923481,0.0,4341.979200000001,2198.470296250682,100.0,10.597276891600876,0.0,2712.7968242870825,0.0,0.0,2198.470296250682,0.0,0.10686635971069336,0.04884791374206543,0.5,0.0,749790.0180647203,384521.5011436417,252.32000000000073,0.0,0.0,5.08669290796842,5.08669290796842
ornstein-uhlenbeck,176,62.386669041931036,21.562395111526513,4405.6587687408155,2187.8730193590814,153.14036874081532,0.0,4352.5184,2198.470296250682,100.0,10.597276891600876,0.0,2739.5990011007416,0.0,0.0,2198.470296250682,0.0,0.12294220924377441,0.04879927635192871,0.5,0.0,754195.6768334612,386709.3741630008,253.84000000000074,0.0,0.0,5.08669290796842,5.08669290796842
ornstein-uhlenbeck,177,58.298417239524305,19.176523121121516,3948.961767061139,2187.8730193590814,122.20992706113796,0.0,3926.7518400000013,2198.470296250682,100.0,10.597276891600876,0.0,2477.3148393865476,0.0,0.0,2198.470296250682,0.0,0.1123957633972168,0.04795026779174805,0.5,0.0,758144.6386005223,388897.24718235986,255.36000000000075,0.0,0.0,5.08669290796842,5.08669290796842
ornstein-uhlenbeck,178,59.41522926945256,21.06544790619253,3974.4193494967108,2187.8730193590814,142.77870949670995,0.0,3931.640640000001,2198.470296250682,100.0,10.597276891600876,0.0,2468.048584074056,0.0,0.0,2198.470296250682,0.0,0.5169615745544434,0.0471949577331543,0.5,0.0,762119.057950019,391085.12020171894,256.88000000000073,0.0,0.0,5.08669290796842,5.08669290796842
ornstein-uhlenbeck,179,66.0296587233803,24.570236950537495,4433.24988843391,2187.8730193590814,182.3762884339098,0.0,4350.873600000001,2198.470296250682,100.0,10.597276891600876,0.0,2702.5148627834333,0.0,0.0,2198.470296250682,0.0,0.1193385124206543,0.05253934860229492,0.5,0.0,766552.307838453,393272.993221078,258.4000000000007,0.0,0.0,5.08669290796842,5.08669290796842
ornstein-uhlenbeck,180,65.610394469496,23.500836817935195,4399.7841237649645,2187.8730193590814,125.9681237649651,0.0,4373.816,2198.470296250682,100.0,10.597276891600876,0.0,2748.0214455202754,0.0,0.0,2198.470296250682,0.0,0.10924839973449707,0.048296213150024414,0.5,0.0,770952.0919622179,395460.8662404371,259.9200000000007,0.0,0.0,5.08669290796842,5.08669290796842
ornstein-uhlenbeck,181,69.10753657379082,24.84304180565935,4426.8626820675945,2187.8730193590814,171.10268206759494,0.0,4355.759999999999,2198.470296250682,100.0,10.597276891600876,0.0,2710.0663231938242,0.0,0.0,2198.470296250682,0.0,0.1072237491607666,0.04678177833557129,0.5,0.0,775378.9546442855,397648.73925979616,261.4400000000007,0.0,0.0,5.08669290796842,5.08669290796842
ornstein-uhlenbeck,182,67.80321109234661,23.045232004530916,4418.210976114586,2187.8730193590814,174.52937611458572,0.0,4343.6816,2198.470296250682,100.0,10.597276891600876,0.0,2717.829798348321,0.0,0.0,2198.470296250682,0.0,0.11356878280639648,0.04883694648742676,0.5,0.0,779797.1656204001,399836.61227915523,262.96000000000066,0.0,0.0,5.08669290796842,5.08669290796842
ornstein-uhlenbeck,183,67.63739347547047,21.56063740979482,4416.552336163361,2187.8730193590814,143.11873616336138,0.0,4373.4336,2198.470296250682,100.0,10.597276891600876,0.0,2757.721144790195,0.0,0.0,2198.470296250682,0.0,0.1188511848449707,0.02560114860534668,0.5,0.0,784213.7179565635,402024.4852985143,264.48000000000064,0.0,0.0,5.08669290796842,5.08669290796842
ornstein-uhlenbeck,184,60.90873342515963,23.39393602525782,3983.4552953444972,2187.8730193590814,139.4119353444957,0.0,3944.0433600000015,2198.470296250682,100.0,10.597276891600876,0.0,2458.4645991817724,0.0,0.0,2198.470296250682,0.0,0.11602520942687988,0.04586219787597656,0.5,0.0,788197.1732519079,404212.3583178734,266.0000000000006,0.0,0.0,5.08669290796842,5.08669290796842
ornstein-uhlenbeck,185,64.39650229598227,20.200283503059946,4001.9302833917127,2187.8730193590814,151.46596339171182,0.0,3950.464320000001,2198.470296250682,100.0,10.597276891600876,0.0,2453.1178185698977,0.0,0.0,2198.470296250682,0.0,0.1325829029083252,0.04498934745788574,0.5,0.0,792199.1035352997,406400.23133723246,267.5200000000006,0.0,0.0,5.08669290796842,5.08669290796842
ornstein-uhlenbeck,186,72.91439051811676,24.412990720637453,4422.622253298883,2187.8730193590814,173.45105329888273,0.0,4349.171200000001,2198.470296250682,100.0,10.597276891600876,0.0,2702.7401116560122,0.0,0.0,2198.470296250682,0.0,0.12064933776855469,0.04684591293334961,0.5,0.0,796621.7257885985,408588.10435659153,269.0400000000006,0.0,0.0,5.08669290796842,5.08669290796842
ornstein-uhlenbeck,187,71.08677553908332,22.97461524898611,4378.871626257359,2187.8730193590814,108.94682625735939,0.0,4369.9248,2198.470296250682,100.0,10.597276891600876,0.0,2727.897439293382,0.0,0.0,2198.470296250682,0.0,0.12553954124450684,0.042127132415771484,0.5,0.0,801000.5974148558,410775.9773759506,270.56000000000057,0.0,0.0,5.08669290796842,5.08669290796842
ornstein-uhlenbeck,188,67.1192151031503,21.148690033457047,4392.737551103705,2187.8730193590814,156.19035110370535,0.0,4336.5472,2198.470296250682,100.0,10.597276891600876,0.0,2697.151401608403,0.0,0.0,2198.470296250682,0.0,0.11417794227600098,0.025112628936767578,0.5,0.0,805393.3349659595,412963.8503953097,272.08000000000055,0.0,0.0,5.08669290796842,5.08669290796842
ornstein-uhlenbeck,189,70.43912578346031,24.27910692593236,4417.780559759901,2187.8730193590814,174.09895975990065,0.0,4343.6816,2198.470296250682,100.0,10.597276891600876,0.0,2714.305824104677,0.0,0.0,2198.470296250682,0.0,0.1099998950958252,0.051897525787353516,0.5,0.0,809811.1155257195,415151.72341466876,273.60000000000053,0.0,0.0,5.08669290796842,5.08669290796842
ornstein-uhlenbeck,190,67.13854558328812,22.65840195572177,4421.0852170910075,2187.8730193590814,149.35401709100697,0.0,4371.7312,2198.470296250682,100.0,10.597276891600876,0.0,2740.595564197304,0.0,0.0,2198.470296250682,0.0,0.12116122245788574,0.04753279685974121,0.5,0.0,814232.2007428105,417339.59643402783,275.1200000000005,0.0,0.0,5.08669290796842,5.08669290796842
ornstein-uhlenbeck,191,61.089734155337474,20.537169200363834,3971.3859161375217,2187.8730193590814,146.16623613752083,0.0,3925.219680000001,2198.470296250682,100.0,10.597276891600876,0.0,2454.6408784416494,0.0,0.0,2198.470296250682,0.0,0.11845874786376953,0.02570509910583496,0.5,0.0,818203.586658948,419527.4694533869,276.6400000000005,0.0,0.0,5.08669290796842,5.08669290796842
ornstein-uhlenbeck,192,63.662491340690956,21.932551324066242,3991.7776205658015,2187.8730193590814,142.8454605658007,0.0,3948.9321600000007,2198.470296250682,100.0,10.597276891600876,0.0,2476.1530222275755,0.0,0.0,2198.470296250682,0.0,0.12705373764038086,0.04009699821472168,0.5,0.0,822195.3642795138,421715.342472746,278.1600000000005,0.0,0.0,5.08669290796842,5.08669290796842
ornstein-uhlenbeck,193,70.27309508983275,24.019005274349087,4417.161177840359,2187.8730193590814,150.47957784035847,0.0,4366.681600000001,2198.470296250682,100.0,10.597276891600876,0.0,2723.339661578809,0.0,0.0,2198.470296250682,0.0,0.10184454917907715,0.04873299598693848,0.5,0.0,826612.5254573541,423903.21549210505,279.68000000000046,0.0,0.0,5.08669290796842,5.08669290796842
ornstein-uhlenbeck,194,70.02827577625989,21.51019714876259,4413.620394820487,2187.8730193590814,152.20759482048695,0.0,4361.4128,2198.470296250682,100.0,10.597276891600876,0.0,2706.3555327139657,0.0,0.0,2198.470296250682,0.0,0.12230467796325684,0.049086570739746094,0.5,0.0,831026.1458521746,426091.0885114641,281.20000000000044,0.0,0.0,5.08669290796842,5.08669290796842
ornstein-uhlenbeck,195,72.32580441960101,24.31519022182215,4400.85178574847,2187.8730193590814,145.09178574847104,0.0,4355.759999999999,2198.470296250682,100.0,10.597276891600876,0.0,2723.8146899826306,0.0,0.0,2198.470296250682,0.0,0.11902427673339844,0.04687237739562988,0.5,0.0,835426.9976379231,428278.9615308232,282.7200000000004,0.0,0.0,5.08669290796842,5.08669290796842
ornstein-uhlenbeck,196,74.26111979640984,19.780798052886336,4409.67380555178,2187.8730193590814,165.99220555178024,0.0,4343.6816,2198.470296250682,100.0,10.597276891600876,0.0,2729.796347779783,0.0,0.0,2198.470296250682,0.0,0.12084197998046875,0.04901432991027832,0.5,0.0,839836.671443475,430466.8345501823,284.2400000000004,0.0,0.0,5.08669290796842,5.08669290796842
ornstein-uhlenbeck,197,71.45095553392356,24.238409799896882,4426.162303465084,2187.8730193590814,154.43110346508328,0.0,4371.7312,2198.470296250682,100.0,10.597276891600876,0.0,2759.7109363951076,0.0,0.0,2198.470296250682,0.0,0.13325095176696777,0.048737525939941406,0.5,0.0,844262.83374694,432654.70756954135,285.7600000000004,0.0,0.0,5.08669290796842,5.08669290796842
ornstein-uhlenbeck,198,64.96544313941659,18.005468968428023,3973.327444186287,2187.8730193590814,149.63992418628544,0.0,3923.6875200000013,2198.470296250682,100.0,10.597276891600876,0.0,2466.7070971592398,0.0,0.0,2198.470296250682,0.0,0.11672282218933105,0.03523874282836914,0.5,0.0,848236.1611911263,434842.5805889004,287.28000000000037,0.0,0.0,5.08669290796842,5.08669290796842
ornstein-uhlenbeck,199,66.26418103300598,20.075113841569877,3972.278472842784,2187.8730193590814,137.57351284278326,0.0,3934.704960000001,2198.470296250682,100.0,10.597276891600876,0.0,2463.026839587069,0.0,0.0,2198.470296250682,0.0,0.11509132385253906,0.05265450477600098,0.5,0.0,852208.4396639691,437030.4536082595,288.80000000000035,0.0,0.0,5.08669290796842,5.08669290796842
ornstein-uhlenbeck,200,73.86155383057145,23.464294691434056,4417.84342643042,2187.8730193590814,166.9698264304186,0.0,4350.873600000001,2198.470296250682,100.0,10.597276891600876,0.0,2741.912212123803,0.0,0.0,2198.470296250682,0.0,0.10888290405273438,0.04898405075073242,0.5,0.0,856626.2830903995,439218.3266276186,290.32000000000033,0.0,0.0,5.08669290796842,5.08669290796842
ornstein-uhlenbeck,201,75.16702471845572,22.600775897201004,4425.181056084889,2203.5242996202473,165.4706560848889,19.35431056419664,4359.7104,2195.5248417052276,100.0,11.354852649176632,0.0,2734.3616918636226,0.0,0.0,2195.5248417052276,0.0,0.18807244300842285,0.06163525581359863,0.5,0.007575757575757573,861051.4641464844,441421.8509272388,291.8400000000003,0.36363636363636354,0.36363636363636354,5.08669290796842,5.450329271604783
ornstein-uhlenbeck,202,76.22836388852572,25.58531388822953,4420.43288464582,2187.8730193590814,164.67288464582126,0.0,4355.759999999999,2198.470296250682,100.0,10.597276891600876,0.0,2723.3083622974027,0.0,0.0,2198.470296250682,0.0,0.10760235786437988,0.051590681076049805,0.5,0.0,865471.8970311302,443609.7239465979,293.3600000000003,0.36363636363636354,0.0,5.08669290796842,5.08669290796842
ornstein-uhlenbeck,203,74.33966639714576,22.68157747349098,4422.345569089779,2187.8730193590814,178.6639690897791,0.0,4343.6816,2198.470296250682,100.0,10.597276891600876,0.0,2691.321851465045,0.0,0.0,2198.470296250682,0.0,0.11148738861083984,0.04784274101257324,0.5,0.0,869894.2426002199,445797.59696595697,294.8800000000003,0.36363636363636354,0.0,5.08669290796842,5.08669290796842
ornstein-uhlenbeck,204,75.87820261182219,24.36118331240573,4440.654762266229,2187.8730193590814,189.83876226622965,0.0,4350.816,2198.470296250682,100.0,10.597276891600876,0.0,2699.9049670096438,0.0,0.0,2198.470296250682,0.0,0.13448309898376465,0.04822230339050293,0.5,0.0,874334.8973624861,447985.46998531604,296.40000000000026,0.36363636363636354,0.0,5.08669290796842,5.08669290796842
ornstein-uhlenbeck,205,69.66710545558354,20.629350756877724,3990.401921492182,2187.8730193590814,149.4228814921807,0.0,3940.979040000001,2198.470296250682,100.0,10.597276891600876,0.0,2468.2587642454937,0.0,0.0,2198.470296250682,0.0,0.11515331268310547,0.0488588809967041,0.5,0.0,878325.2992839783,450173.3430046751,297.92000000000024,0.36363636363636354,0.0,5.08669290796842,5.08669290796842
ornstein-uhlenbeck,206,69.47570124616813,20.946778564391515,4004.4383635158747,2187.8730193590814,169.73340351587333,0.0,3934.704960000001,2198.470296250682,100.0,10.597276891600876,0.0,2475.039359497979,0.0,0.0,2198.470296250682,0.0,0.11740541458129883,0.04787588119506836,0.5,0.0,882329.7376474942,452361.2160240342,299.4400000000002,0.36363636363636354,0.0,5.08669290796842,5.08669290796842
ornstein-uhlenbeck,207,77.12572411695417,22.26948479512534,4431.890396532894,2187.8730193590814,179.3143965328929,0.0,4352.576000000001,2198.470296250682,100.0,10.597276891600876,0.0,2716.5717705301213,0.0,0.0,2198.470296250682,0.0,0.13180780410766602,0.05073976516723633,0.5,0.0,886761.6280440271,454549.08904339327,300.9600000000002,0.36363636363636354,0.0,5.08669290796842,5.08669290796842
ornstein-uhlenbeck,208,76.70671369473838,23.776666991110393,4441.089322569333,2187.8730193590814,179.67652256933206,0.0,4361.4128,2198.470296250682,100.0,10.597276891600876,0.0,2728.510638314741,0.0,0.0,2198.470296250682,0.0,0.1190645694732666,0.0465397834777832,0.5,0.0,891202.7173665965,456736.96206275234,302.4800000000002,0.36363636363636354,0.0,5.08669290796842,5.08669290796842
ornstein-uhlenbeck,209,81.80321136307873,23.290265281214126,4432.818190536656,2187.8730193590814,177.05819053665687,0.0,4355.759999999999,2198.470296250682,100.0,10.597276891600876,0.0,2723.438518726208,0.0,0.0,2198.470296250682,0.0,0.12181854248046875,0.047585248947143555,0.5,0.0,895635.5355571331,458924.8350821114,304.00000000000017,0.36363636363636354,0.0,5.08669290796842,5.08669290796842
ornstein-uhlenbeck,210,78.6036606354538,25.064270704086745,4431.231441298339,2196.416690418028,166.63464129833815,17.814701361977196,4364.5968,2189.9568417052274,100.0,11.354852649176632,0.0,2747.7947132867976,0.0,0.0,2189.9568417052274,0.0,0.12615132331848145,0.03946328163146973,0.5,0.007575757575757573,900066.7669984315,461121.25177252945,305.52000000000015,0.7272727272727271,0.36363636363636354,5.08669290796842,5.450329271604783
ornstein-uhlenbeck,211,80.49998203503635,18.933623907873827,4433.508035931547,2187.8730193590814,160.07443593154653,0.0,4373.4336,2198.470296250682,100.0,10.597276891600876,0.0,2755.7196648394324,0.0,0.0,2198.470296250682,0.0,0.14604592323303223,0.04877209663391113,0.5,0.0,904500.275034363,463309.1247918885,307.04000000000013,0.7272727272727271,0.0,5.08669290796842,5.08669290796842
ornstein-uhlenbeck,212,71.16707104317659,17.037203111271484,3992.446038777148,2187.8730193590814,148.40267877714643,0.0,3944.0433600000015,2198.470296250682,100.0,10.597276891600876,0.0,2453.678314813488,0.0,0.0,2198.470296250682,0.0,0.11521792411804199,0.047196149826049805,0.5,0.0,908492.7210731402,465496.9978112476,308.5600000000001,0.7272727272727271,0.0,5.08669290796842,5.08669290796842
ornstein-uhlenbeck,213,69.75134630215267,22.129738399557635,4004.2095816302253,2187.8730193590814,152.2131016302246,0.0,3951.9964800000007,2198.470296250682,100.0,10.597276891600876,0.0,2476.7132371854577,0.0,0.0,2198.470296250682,0.0,0.11694121360778809,0.04889059066772461,0.5,0.0,912496.9306547703,467684.87083060667,310.0800000000001,0.7272727272727271,0.0,5.08669290796842,5.08669290796842
ornstein-uhlenbeck,214,78.94647962245057,22.735818821903937,4431.220875258853,2187.8730193590814,182.04967525885206,0.0,4349.171200000001,2198.470296250682,100.0,10.597276891600876,0.0,2710.253594836921,0.0,0.0,2198.470296250682,0.0,0.14182710647583008,0.04583120346069336,0.5,0.0,916928.1515300293,469872.74384996574,311.6000000000001,0.7272727272727271,0.0,5.08669290796842,5.08669290796842
ornstein-uhlenbeck,215,79.69218979253121,24.853549999437558,4452.122168533413,2187.8730193590814,174.90136853341264,0.0,4377.2208,2198.470296250682,100.0,10.597276891600876,0.0,2754.091113600899,0.0,0.0,2198.470296250682,0.0,0.11517906188964844,0.03801774978637695,0.5,0.0,921380.2736985626,472060.6168693248,313.12000000000006,0.7272727272727271,0.0,5.08669290796842,5.08669290796842
ornstein-uhlenbeck,216,80.68526400750473,20.873818116458107,4438.142747286266,2187.8730193590814,182.38274728626664,0.0,4355.759999999999,2198.470296250682,100.0,10.597276891600876,0.0,2717.4595270381424,0.0,0.0,2198.470296250682,0.0,0.12310171127319336,0.04661893844604492,0.5,0.0,925818.4164458489,474248.4898886839,314.64000000000004,0.7272727272727271,0.0,5.08669290796842,5.08669290796842
ornstein-uhlenbeck,217,79.33466149503745,22.534710003184745,4436.254712601341,2187.8730193590814,171.65791260134154,0.0,4364.5968,2198.470296250682,100.0,10.597276891600876,0.0,2718.2090123720836,0.0,0.0,2198.470296250682,0.0,0.11789131164550781,0.043024539947509766,0.5,0.0,930254.6711584502,476436.36290804297,316.16,0.7272727272727271,0.0,5.08669290796842,5.08669290796842
ornstein-uhlenbeck,218,80.25261145838502,24.711053474938414,4445.760368321641,2194.483542266676,193.24196832164097,15.881553210625508,4352.5184,2189.9568417052274,100.0,11.354852649176632,0.0,2699.820725494651,0.0,0.0,2189.9568417052274,0.0,0.10989570617675781,0.04700517654418945,0.5,0.007575757575757573,934700.4315267719,478630.8464503096,317.68,1.0909090909090906,0.36363636363636354,5.08669290796842,5.450329271604783
ornstein-uhlenbeck,219,72.52409420616554,21.334799077247645,4001.48808160315,2187.8730193590814,157.44472160314882,0.0,3944.0433600000015,2198.470296250682,100.0,10.597276891600876,0.0,2480.925526924999,0.0,0.0,2198.470296250682,0.0,0.10804080963134766,0.04774045944213867,0.5,0.0,938701.919608375,480818.7194696687,319.2,1.0909090909090906,0.0,5.08669290796842,5.08669290796842
ornstein-uhlenbeck,220,73.18503352887042,22.38643120524184,4014.5415480466363,2187.8730193590814,162.54506804663558,0.0,3951.9964800000007,2198.470296250682,100.0,10.597276891600876,0.0,2470.550033327066,0.0,0.0,2198.470296250682,0.0,0.11796092987060547,0.04839468002319336,0.5,0.0,942716.4611564217,483006.59248902777,320.71999999999997,1.0909090909090906,0.0,5.08669290796842,5.08669290796842
ornstein-uhlenbeck,221,83.41454036304863,22.976168288075804,4414.719730826299,2187.8730193590814,149.74053082629797,0.0,4364.979200000002,2198.470296250682,100.0,10.597276891600876,0.0,2753.010695111435,0.0,0.0,2198.470296250682,0.0,0.11293339729309082,0.04383563995361328,0.5,0.0,947131.180887248,485194.46550838684,322.23999999999995,1.0909090909090906,0.0,5.08669290796842,5.08669290796842
ornstein-uhlenbeck,222,84.9911160564511,21.92605323957532,4454.60187600469,2187.8730193590814,177.38107600468962,0.0,4377.2208,2198.470296250682,100.0,10.597276891600876,0.0,2727.370326074856,0.0,0.0,2198.470296250682,0.0,0.11216115951538086,0.05132126808166504,0.5,0.0,951585.7827632527,487382.3385277459,323.75999999999993,1.0909090909090906,0.0,5.08669290796842,5.08669290796842
ornstein-uhlenbeck,223,82.87666822740407,22.910541786282657,4431.9568301591435,2203.215047240973,177.8992301591446,24.61305818492248,4354.057599999999,2189.9568417052274,100.0,11.354852649176632,0.0,2700.484295888234,0.0,0.0,2189.9568417052274,0.0,0.10866045951843262,0.04957771301269531,0.5,0.007575757575757573,956017.7395934119,489585.5535749869,325.2799999999999,1.4545454545454541,0.36363636363636354,5.08669290796842,5.450329271604783
ornstein-uhlenbeck,224,84.88548182093353,23.013732973873935,4444.990397305354,2187.8730193590814,180.39359730535364,0.0,4364.5968,2198.470296250682,100.0,10.597276891600876,0.0,2718.5352310416197,0.0,0.0,2198.470296250682,0.0,0.11510252952575684,0.04704642295837402,0.5,0.0,960462.7299907173,491773.42659434595,326.7999999999999,1.4545454545454541,0.0,5.08669290796842,5.08669290796842
ornstein-uhlenbeck,225,83.5869581133221,20.895749651940154,4421.533217325135,2187.8730193590814,169.0148173251354,0.0,4352.5184,2198.470296250682,100.0,10.597276891600876,0.0,2720.6712869949333,0.0,0.0,2198.470296250682,0.0,0.10815811157226562,0.049863338470458984,0.5,0.0,964884.2632080424,493961.299613705,328.3199999999999,1.4545454545454541,0.0,5.08669290796842,5.08669290796842
ornstein-uhlenbeck,226,77.09530981475741,20.88301721622349,4005.365345920779,2187.8730193590814,178.61350592077807,0.0,3926.7518400000013,2198.470296250682,100.0,10.597276891600876,0.0,2460.3873877403967,0.0,0.0,2198.470296250682,0.0,0.11220765113830566,0.04673457145690918,0.5,0.0,968889.6285539631,496149.1726330641,329.83999999999986,1.4545454545454541,0.0,5.08669290796842,5.08669290796842
ornstein-uhlenbeck,227,75.27074084518883,19.713568189845162,4004.149457246014,2187.8730193590814,152.15297724601328,0.0,3951.9964800000007,2198.470296250682,100.0,10.597276891600876,0.0,2486.0321996745615,0.0,0.0,2198.470296250682,0.0,0.11284232139587402,0.04421043395996094,0.5,0.0,972893.7780112092,498337.04565242317,331.35999999999984,1.4545454545454541,0.0,5.08669290796842,5.08669290796842
ornstein-uhlenbeck,228,84.2937320143834,20.424489438787756,4436.489762762864,2187.8730193590814,168.1057627628635,0.0,4368.384000000001,2198.470296250682,100.0,10.597276891600876,0.0,2731.882383549769,0.0,0.0,2198.470296250682,0.0,0.11428475379943848,0.03952431678771973,0.5,0.0,977330.2677739721,500524.91867178224,332.8799999999998,1.4545454545454541,0.0,5.08669290796842,5.08669290796842
ornstein-uhlenbeck,229,84.89367479375393,20.709826052407884,4437.496368438055,2182.305019359081,160.2755684380543,0.0,4377.2208,2192.902296250682,100.0,10.597276891600876,0.0,2731.168824864176,0.0,0.0,2192.902296250682,0.0,0.08183693885803223,0.05346965789794922,0.5,0.0,981767.7641424101,502707.22369114135,334.3999999999998,1.4545454545454541,0.0,5.08669290796842,5.08669290796842
ornstein-uhlenbeck,230,88.46501449390422,27.347272545546364,4432.980523075823,2170.917019359081,194.73092307582246,0.0,4338.2496,2181.514296250682,100.0,10.597276891600876,0.0,2702.122482817071,0.0,0.0,2181.514296250682,0.0,0.11419677734375,0.043547868728637695,0.5,0.0,986200.7446654859,504878.1407105004,335.9199999999998,1.4545454545454541,0.0,5.08669290796842,5.08669290796842
ornstein-uhlenbeck,231,88.78991491053712,25.05061904001668,4438.850867341212,2192.3583764182363,193.46686734121076,13.840387362185565,4345.384000000001,2189.8728417052275,100.0,11.354852649176632,0.0,2729.7930971829173,0.0,0.0,2189.8728417052275,0.0,0.10265421867370605,0.04337811470031738,0.5,0.007575757575757573,990639.5955328271,507070.49908691866,337.43999999999977,1.8181818181818177,0.36363636363636354,5.08669290796842,5.450329271604783
ornstein-uhlenbeck,232,84.34409027993597,24.02585679042642,4446.568480030336,2187.8730193590814,173.13488003033544,0.0,4373.4336,2198.470296250682,100.0,10.597276891600876,0.0,2725.8785843842634,0.0,0.0,2198.470296250682,0.0,0.08671736717224121,0.06006002426147461,0.5,0.0,995086.1640128574,509258.37210627773,338.95999999999975,1.8181818181818177,0.0,5.08669290796842,5.08669290796842
ornstein-uhlenbeck,233,80.16942590497666,21.351022102089512,4000.8700820718022,2187.8730193590814,158.35888207180128,0.0,3942.5112000000013,2198.470296250682,100.0,10.597276891600876,0.0,2457.0798042313727,0.0,0.0,2198.470296250682,0.0,0.11754250526428223,0.02413773536682129,0.5,0.0,999087.0340949291,511446.2451256368,340.47999999999973,1.8181818181818177,0.0,5.08669290796842,5.08669290796842
ornstein-uhlenbeck,234,80.93097097381752,21.87044849713116,4019.4553642205674,2187.8730193590814,184.75040422056605,0.0,3934.704960000001,2198.470296250682,100.0,10.597276891600876,0.0,2476.016134869228,0.0,0.0,2198.470296250682,0.0,0.10739564895629883,0.04265928268432617,0.5,0.0,1003106.4894591497,513634.1181449959,341.9999999999997,1.8181818181818177,0.0,5.08669290796842,5.08669290796842
ornstein-uhlenbeck,235,90.16215652691652,22.032637217114807,4431.08701478947,2201.832931112887,183.6182147894689,28.88294205683604,4347.4688000000015,2184.304841705228,100.0,11.354852649176632,0.0,2714.919254300597,0.0,0.0,2184.304841705228,0.0,0.12608647346496582,0.04712319374084473,0.5,0.007575757575757573,1007537.5764739391,515835.9510761088,343.5199999999997,2.181818181818181,0.36363636363636354,5.08669290796842,5.450329271604783
ornstein-uhlenbeck,236,89.85759965681564,19.52090896940532,4459.7322382877255,2203.606376817977,182.5114382877259,25.004387761926314,4377.2208,2189.9568417052274,100.0,11.354852649176632,0.0,2744.005829350908,0.0,0.0,2189.9568417052274,0.0,0.10966920852661133,0.04185843467712402,0.5,0.007575757575757573,1011997.3087122268,518039.55745292676,345.0399999999997,2.545454545454545,0.36363636363636354,5.08669290796842,5.450329271604783
ornstein-uhlenbeck,237,88.46347809801284,20.990200385194644,4418.341222617873,2193.9870713680903,165.986022617873,21.037082312039075,4352.3552,2184.304841705228,100.0,11.354852649176632,0.0,2711.6509526579844,0.0,0.0,2184.304841705228,0.0,0.11484336853027344,0.04601120948791504,0.5,0.007575757575757573,1016415.6499348447,520233.54452429485,346.55999999999966,2.9090909090909083,0.36363636363636354,5.08669290796842,5.450329271604783
ornstein-uhlenbeck,238,91.52328704600946,23.90787531788533,4463.036381452497,2182.305019359081,215.949981452497,0.0,4347.0864,2192.902296250682,100.0,10.597276891600876,0.0,2712.919788368901,0.0,0.0,2192.902296250682,0.0,0.12426543235778809,0.04999685287475586,0.5,0.0,1020878.6863162972,522415.84954365395,348.07999999999964,2.9090909090909083,0.0,5.08669290796842,5.08669290796842
ornstein-uhlenbeck,239,92.57678459690737,19.91384434728242,4439.3793479039105,2192.5992131834964,185.15854790391052,25.38522412744567,4354.2208,2178.5688417052274,100.0,11.354852649176632,0.0,2713.2441492604157,0.0,0.0,2178.5688417052274,0.0,0.1126089096069336,0.04457211494445801,0.5,0.007575757575757573,1025318.065664201,524608.4487568374,349.5999999999996,3.2727272727272716,0.36363636363636354,5.08669290796842,5.450329271604783
ornstein-uhlenbeck,240,80.96556862702896,18.702788108699057,3998.8703437431095,2187.8730193590814,172.11850374310836,0.0,3926.7518400000013,2198.470296250682,100.0,10.597276891600876,0.0,2440.012754725928,0.0,0.0,2198.470296250682,0.0,0.11446118354797363,0.049927473068237305,0.5,0.0,1029316.9360079442,526796.3217761965,351.1199999999996,3.2727272727272716,0.0,5.08669290796842,5.08669290796842
ornstein-uhlenbeck,241,80.57278543384025,16.87480313618073,4000.7465128726135,2187.8730193590814,167.57371287261242,0.0,3933.1728000000007,2198.470296250682,100.0,10.597276891600876,0.0,2457.1932876588935,0.0,0.0,2198.470296250682,0.0,0.12642812728881836,0.04551815986633301,0.5,0.0,1033317.6825208168,528984.1947955556,352.6399999999996,3.2727272727272716,0.0,5.08669290796842,5.08669290796842
ornstein-uhlenbeck,242,90.97204208996767,25.78699334250964,4446.382889032367,2182.4730193590813,200.6164890323649,0.0,4345.766400000001,2193.070296250682,100.0,10.597276891600876,0.0,2712.3199780721147,0.0,0.0,2193.070296250682,0.0,0.11070680618286133,0.030852556228637695,0.5,0.0,1037764.0654098492,531166.6678149146,354.15999999999957,3.2727272727272716,0.0,5.08669290796842,5.08669290796842
ornstein-uhlenbeck,243,93.54669654038985,22.87856743779303,4457.183036124319,2182.4730193590813,195.7702361243191,0.0,4361.4128,2193.070296250682,100.0,10.597276891600876,0.0,2713.7878896473003,0.0,0.0,2193.070296250682,0.0,0.12179756164550781,0.04501032829284668,0.5,0.0,1042221.2484459735,533349.1408342737,355.67999999999955,3.2727272727272716,0.0,5.08669290796842,5.08669290796842
ornstein-uhlenbeck,244,92.30080929022358,23.62637994118057,4444.96155748524,2182.4730193590813,190.9039574852406,0.0,4354.057599999999,2193.070296250682,100.0,10.597276891600876,0.0,2708.7652002589857,0.0,0.0,2193.070296250682,0.0,0.11061859130859375,0.04689502716064453,0.5,0.0,1046666.2100034588,535531.6138536327,357.19999999999953,3.2727272727272716,0.0,5.08669290796842,5.08669290796842
ornstein-uhlenbeck,245,90.24680202180939,21.73849141629442,4455.455022060656,2182.4730193590813,192.56062206065553,0.0,4362.8944,2193.070296250682,100.0,10.597276891600876,0.0,2723.945355970244,0.0,0.0,2193.070296250682,0.0,0.11478161811828613,0.04575204849243164,0.5,0.0,1051121.6650255194,537714.0868729918,358.7199999999995,3.2727272727272716,0.0,5.08669290796842,5.08669290796842
ornstein-uhlenbeck,246,94.62163452947846,26.116232687698133,4469.664448786865,2182.4730193590813,215.4436487868656,0.0,4354.2208,2193.070296250682,100.0,10.597276891600876,0.0,2719.5288858120816,0.0,0.0,2193.070296250682,0.0,0.11980414390563965,0.04860639572143555,0.5,0.0,1055591.3294743062,539896.5598923508,360.2399999999995,3.2727272727272716,0.0,5.08669290796842,5.08669290796842
ornstein-uhlenbeck,247,83.23722394124384,18.677784010296165,3995.519223993475,2187.8730193590814,170.29954399347366,0.0,3925.219680000001,2198.470296250682,100.0,10.597276891600876,0.0,2446.168497903843,0.0,0.0,2198.470296250682,0.0,0.12022972106933594,0.04828929901123047,0.5,0.0,1059586.8486982996,542084.4329117099,361.7599999999995,3.2727272727272716,0.0,5.08669290796842,5.08669290796842
ornstein-uhlenbeck,248,81.96593440785772,18.275953253347865,4016.4615646239763,2187.8730193590814,164.46508462397594,0.0,3951.9964800000007,2198.470296250682,100.0,10.597276891600876,0.0,2458.4796969726717,0.0,0.0,2198.470296250682,0.0,0.12262248992919922,0.05038714408874512,0.5,0.0,1063603.3102629236,544272.305931069,363.27999999999946,3.2727272727272716,0.0,5.08669290796842,5.08669290796842
ornstein-uhlenbeck,249,91.63068571762524,24.05925068392158,4471.602126504639,2182.4730193590813,222.43092650463842,0.0,4349.171200000001,2193.070296250682,100.0,10.597276891600876,0.0,2713.56297443268,0.0,0.0,2193.070296250682,0.0,0.12232685089111328,0.04709649085998535,0.5,0.0,1068074.9123894281,546454.778950428,364.79999999999944,3.2727272727272716,0.0,5.08669290796842,5.08669290796842
ornstein-uhlenbeck,250,94.04307611621141,23.67109665974906,4469.164477778456,2182.4730193590813,191.94367777845594,0.0,4377.2208,2193.070296250682,100.0,10.597276891600876,0.0,2737.8901501168452,0.0,0.0,2193.070296250682,0.0,0.10912179946899414,0.04776883125305176,0.5,0.0,1072544.0768672065,548637.2519697871,366.3199999999994,3.2727272727272716,0.0,5.08669290796842,5.08669290796842
ornstein-uhlenbeck,251,93.98507856350938,21.957730783025347,4434.220924082442,2187.8730193590814,180.1633240824432,0.0,4354.057599999999,2198.470296250682,100.0,10.597276891600876,0.0,2729.3111992734484,0.0,0.0,2198.470296250682,0.0,0.12198877334594727,0.04559063911437988,0.5,0.0,1076978.297791289,550825.1249891461,367.8399999999994,3.2727272727272716,0.0,5.08669290796842,5.08669290796842
ornstein-uhlenbeck,252,94.498245163913,20.998824630532194,4414.100852845373,2182.4730193590813,154.61125284537204,0.0,4359.489600000001,2193.070296250682,100.0,10.597276891600876,0.0,2730.3302030817354,0.0,0.0,2193.070296250682,0.0,0.12901854515075684,0.045709848403930664,0.5,0.0,1081392.3986441344,553007.5980085052,369.3599999999994,3.2727272727272716,0.0,5.08669290796842,5.08669290796842
ornstein-uhlenbeck,253,90.73077794292023,22.765639694755023,4440.483237312319,2187.8730193590814,170.45443731231856,0.0,4370.0288,2198.470296250682,100.0,10.597276891600876,0.0,2709.838582587403,0.0,0.0,2198.470296250682,0.0,0.10949373245239258,0.03600001335144043,0.5,0.0,1085832.8818814468,555195.4710278643,370.87999999999937,3.2727272727272716,0.0,5.08669290796842,5.08669290796842
ornstein-uhlenbeck,254,86.96525604470567,19.94452012224757,3999.8979109800466,2187.8730193590814,171.6139109800458,0.0,3928.284000000001,2198.470296250682,100.0,10.597276891600876,0.0,2470.649788830019,0.0,0.0,2198.470296250682,0.0,0.11653447151184082,0.04596257209777832,0.5,0.0,1089832.7797924269,557383.3440472233,372.39999999999935,3.2727272727272716,0.0,5.08669290796842,5.08669290796842
ornstein-uhlenbeck,255,88.03474561561461,20.540611646262047,4006.6980250258475,2182.4730193590813,170.46090502584647,0.0,3936.2371200000007,2193.070296250682,100.0,10.597276891600876,0.0,2462.128821097855,0.0,0.0,2193.070296250682,0.0,0.12855935096740723,0.049062252044677734,0.5,0.0,1093839.4778174527,559565.8170665824,373.91999999999933,3.2727272727272716,0.0,5.08669290796842,5.08669290796842
ornstein-uhlenbeck,256,95.61854811498544,22.86994348272615,4434.610575391373,2187.8730193590814,167.92897539137144,0.0,4366.681600000001,2198.470296250682,100.0,10.597276891600876,0.0,2741.9710421637396,0.0,0.0,2198.470296250682,0.0,0.13381171226501465,0.046996116638183594,0.5,0.0,1098274.0883928442,561753.6900859415,375.4399999999993,3.2727272727272716,0.0,5.08669290796842,5.08669290796842
ornstein-uhlenbeck,257,95.84009609419581,21.611055895079513,4467.581017042619,2182.4730193590813,190.3602170426195,0.0,4377.2208,2193.070296250682,100.0,10.597276891600876,0.0,2746.0123339173906,0.0,0.0,2193.070296250682,0.0,0.12492680549621582,0.03673267364501953,0.5,0.0,1102741.6694098867,563936.1631053005,376.9599999999993,3.2727272727272716,0.0,5.08669290796842,5.08669290796842
ornstein-uhlenbeck,258,97.00127917814854,23.41812086543842,4440.582656558315,2182.4730193590813,184.82265655831546,0.0,4355.759999999999,2193.070296250682,100.0,10.597276891600876,0.0,2731.1913635588166,0.0,0.0,2193.070296250682,0.0,0.1079561710357666,0.0488896369934082,0.5,0.0,1107182.252066445,566118.6361246596,378.4799999999993,3.2727272727272716,0.0,5.08669290796842,5.08669290796842
ornstein-uhlenbeck,259,95.58346017315306,22.273946065831282,4459.678627961783,2182.4730193590813,196.78422796178296,0.0,4362.8944,2193.070296250682,100.0,10.597276891600876,0.0,2715.391335945763,0.0,0.0,2193.070296250682,0.0,0.11766839027404785,0.030007600784301758,0.5,0.0,1111641.9306944069,568301.1091440186,379.99999999999926,3.2727272727272716,0.0,5.08669290796842,5.08669290796842
ornstein-uhlenbeck,260,97.15403959963383,25.340035721347224,4469.214083942986,2182.4730193590813,218.39808394298623,0.0,4350.816,2193.070296250682,100.0,10.597276891600876,0.0,2713.0965142240557,0.0,0.0,2193.070296250682,0.0,0.11504530906677246,0.044992685317993164,0.5,0.0,1116111.14477835,570483.5821633777,381.51999999999924,3.2727272727272716,0.0,5.08669290796842,5.08669290796842
ornstein-uhlenbeck,261,86.29101336419622,22.47659420492121,4000.7092561522195,2187.8730193590814,172.4252561522182,0.0,3928.284000000001,2198.470296250682,100.0,10.597276891600876,0.0,2452.6462752229386,0.0,0.0,2198.470296250682,0.0,0.1191549301147461,0.04710721969604492,0.5,0.0,1120111.854034502,572671.4551827367,383.0399999999992,3.2727272727272716,0.0,5.08669290796842,5.08669290796842
ornstein-uhlenbeck,262,88.01951304722634,20.01946273177169,4020.539401230535,2182.4730193590813,168.54292123053463,0.0,3951.9964800000007,2193.070296250682,100.0,10.597276891600876,0.0,2467.7315435715964,0.0,0.0,2193.070296250682,0.0,0.1182096004486084,0.04774117469787598,0.5,0.0,1124132.3934357327,574853.9282020958,384.5599999999992,3.2727272727272716,0.0,5.08669290796842,5.08669290796842
ornstein-uhlenbeck,263,96.15877211030663,22.9674345754542,4455.631312517347,2182.4730193590813,187.24731251734661,0.0,4368.384000000001,2193.070296250682,100.0,10.597276891600876,0.0,2738.5345329268926,0.0,0.0,2193.070296250682,0.0,0.11252045631408691,0.04587674140930176,0.5,0.0,1128588.0247482501,577036.4012214548,386.0799999999992,3.2727272727272716,0.0,5.08669290796842,5.08669290796842
ornstein-uhlenbeck,264,97.51736117101059,23.261750912499227,4470.936177188336,2182.4730193590813,212.9281771883353,0.0,4358.008000000001,2193.070296250682,100.0,10.597276891600876,0.0,2724.231094254549,0.0,0.0,2193.070296250682,0.0,0.11278223991394043,0.04079890251159668,0.5,0.0,1133058.9609254384,579218.8742408139,387.59999999999917,3.2727272727272716,0.0,5.08669290796842,5.08669290796842
ornstein-uhlenbeck,265,98.5724263014838,21.760738409350676,4440.2345253036165,2182.4730193590813,184.4745253036169,0.0,4355.759999999999,2193.070296250682,100.0,10.597276891600876,0.0,2725.3102311766415,0.0,0.0,2193.070296250682,0.0,0.11092376708984375,0.050421714782714844,0.5,0.0,1137499.195450742,581401.347260173,389.11999999999915,3.2727272727272716,0.0,5.08669290796842,5.08669290796842
ornstein-uhlenbeck,266,99.05460751540731,20.206257019665884,4445.660881840411,2182.4730193590813,203.68168184041065,0.0,4341.979200000001,2193.070296250682,100.0,10.597276891600876,0.0,2703.683291990636,0.0,0.0,2193.070296250682,0.0,0.12337923049926758,0.05051541328430176,0.5,0.0,1141944.8563325824,583583.820279532,390.63999999999913,3.2727272727272716,0.0,5.08669290796842,5.08669290796842
ornstein-uhlenbeck,267,101.1484823529626,22.19959456711976,4467.6093021824345,2182.4730193590813,194.17570218243443,0.0,4373.4336,2193.070296250682,100.0,10.597276891600876,0.0,2742.5074353156815,0.0,0.0,2193.070296250682,0.0,0.10789895057678223,0.046999454498291016,0.5,0.0,1146412.4656347649,585766.293298891,392.1599999999991,3.2727272727272716,0.0,5.08669290796842,5.08669290796842
ornstein-uhlenbeck,268,88.9113050780013,18.065317082129315,4003.7294278629606,2187.8730193590814,161.21822786295937,0.0,3942.5112000000013,2198.470296250682,100.0,10.597276891600876,0.0,2472.5743339922788,0.0,0.0,2198.470296250682,0.0,0.11874771118164062,0.04558157920837402,0.5,0.0,1150416.1950626278,587954.1663182501,393.6799999999991,3.2727272727272716,0.0,5.08669290796842,5.08669290796842
ornstein-uhlenbeck,269,88.78165905125485,19.157777140445912,4029.7756896036217,2187.8730193590814,195.07072960362117,0.0,3934.704960000001,2198.470296250682,100.0,10.597276891600876,0.0,2465.491438102502,0.0,0.0,2198.470296250682,0.0,0.10417413711547852,0.04813122749328613,0.5,0.0,1154445.9707522313,590142.0393376092,395.1999999999991,3.2727272727272716,0.0,5.08669290796842,5.08669290796842
ornstein-uhlenbeck,270,99.31046294137246,19.47677183164167,4425.0788710934,2182.4730193590813,165.69327109339983,0.0,4359.3856000000005,2193.070296250682,100.0,10.597276891600876,0.0,2705.883282171475,0.0,0.0,2193.070296250682,0.0,0.12604451179504395,0.0474553108215332,0.5,0.0,1158871.0496233248,592324.5123569682,396.71999999999906,3.2727272727272716,0.0,5.08669290796842,5.08669290796842
ornstein-uhlenbeck,271,99.45083332887152,21.92083418263438,4444.650158305191,2187.8730193590814,169.13175830519143,0.0,4375.5184,2198.470296250682,100.0,10.597276891600876,0.0,2749.52457893654,0.0,0.0,2198.470296250682,0.0,0.13369131088256836,0.04729509353637695,0.5,0.0,1163315.69978163,594512.3853763273,398.23999999999904,3.2727272727272716,0.0,5.08669290796842,5.08669290796842
ornstein-uhlenbeck,272,99.90596117670475,22.24431919705356,4456.748779170691,2182.4730193590813,200.9887791706916,0.0,4355.759999999999,2193.070296250682,100.0,10.597276891600876,0.0,2747.576948347555,0.0,0.0,2193.070296250682,0.0,0.12053823471069336,0.04969167709350586,0.5,0.0,1167772.4485608006,596694.8583956864,399.759999999999,3.2727272727272716,0.0,5.08669290796842,5.08669290796842
ornstein-uhlenbeck,273,102.14663386476366,21.991673125620075,4457.808906636313,2182.4730193590813,193.21210663631268,0.0,4364.5968,2193.070296250682,100.0,10.597276891600876,0.0,2725.184691779081,0.0,0.0,2193.070296250682,0.0,0.11814522743225098,0.03611159324645996,0.5,0.0,1172230.2574674368,598877.3314150454,401.279999999999,3.2727272727272716,0.0,5.08669290796842,5.08669290796842
ornstein-uhlenbeck,274,100.49691455142003,22.667150508681537,4468.1082751980475,2182.4730193590813,194.6746751980468,0.0,4373.4336,2193.070296250682,100.0,10.597276891600876,0.0,2736.30572118149,0.0,0.0,2193.070296250682,0.0,0.1186361312866211,0.04776334762573242,0.5,0.0,1176698.365742635,601059.8044344045,402.799999999999,3.2727272727272716,0.0,5.08669290796842,5.08669290796842
ornstein-uhlenbeck,275,93.33712924625365,20.301727691604043,4014.201159860776,2187.8730193590814,185.9171598607746,0.0,3928.284000000001,2198.470296250682,100.0,10.597276891600876,0.0,2438.6107578238516,0.0,0.0,2198.470296250682,0.0,0.11357498168945312,0.04774332046508789,0.5,0.0,1180712.5669024957,603247.6774537636,404.31999999999897,3.2727272727272716,0.0,5.08669290796842,5.08669290796842
ornstein-uhlenbeck,276,92.31014295271767,22.162046754061752,4020.0722216398835,2187.8730193590814,169.60790163988267,0.0,3950.464320000001,2198.470296250682,100.0,10.597276891600876,0.0,2455.319806080359,0.0,0.0,2198.470296250682,0.0,0.11592936515808105,0.0461268424987793,0.5,0.0,1184732.6391241355,605435.5504731226,405.83999999999895,3.2727272727272716,0.0,5.08669290796842,5.08669290796842
ornstein-uhlenbeck,277,104.48877977418033,23.93562070402709,4485.74925334648,2182.4730193590813,217.3652533464792,0.0,4368.384000000001,2193.070296250682,100.0,10.597276891600876,0.0,2728.3068149908295,0.0,0.0,2193.070296250682,0.0,0.11098027229309082,0.048503875732421875,0.5,0.0,1189218.388377482,607618.0234924817,407.35999999999893,3.2727272727272716,0.0,5.08669290796842,5.08669290796842
ornstein-uhlenbeck,278,103.39119140770163,22.799893232570955,4474.044233333508,2182.4730193590813,216.03623333350714,0.0,4358.008000000001,2193.070296250682,100.0,10.597276891600876,0.0,2716.3256199200073,0.0,0.0,2193.070296250682,0.0,0.11416506767272949,0.05033755302429199,0.5,0.0,1193692.4326108156,609800.4965118407,408.8799999999989,3.2727272727272716,0.0,5.08669290796842,5.08669290796842
ornstein-uhlenbeck,279,101.74279442022078,23.80231671886622,4466.037427303938,2187.8730193590814,210.27742730393854,0.0,4355.759999999999,2198.470296250682,100.0,10.597276891600876,0.0,2715.4389093310624,0.0,0.0,2198.470296250682,0.0,0.11203885078430176,0.04900979995727539,0.5,0.0,1198158.4700381195,611988.3695311998,410.3999999999989,3.2727272727272716,0.0,5.08669290796842,5.08669290796842
ornstein-uhlenbeck,280,103.1608835773136,22.39758351571945,4450.536325421663,2182.4730193590813,206.85472542166295,0.0,4343.6816,2193.070296250682,100.0,10.597276891600876,0.0,2695.267253188816,0.0,0.0,2193.070296250682,0.0,0.09654998779296875,0.03799605369567871,0.5,0.0,1202609.0063635411,614170.8425505589,411.9199999999989,3.2727272727272716,0.0,5.08669290796842,5.08669290796842
ornstein-uhlenbeck,281,102.28009389357344,19.841461908592024,4426.063041455833,2182.4730193590813,159.9254414558327,0.0,4366.1376,2193.070296250682,100.0,10.597276891600876,0.0,2736.870359051321,0.0,0.0,2193.070296250682,0.0,0.12212920188903809,0.04699850082397461,0.5,0.0,1207035.069404997,616353.3155699179,413.43999999999886,3.2727272727272716,0.0,5.08669290796842,5.08669290796842
ornstein-uhlenbeck,282,92.30962813833519,20.245777911293082,4018.0371072956113,2187.8730193590814,189.75310729561062,0.0,3928.284000000001,2198.470296250682,100.0,10.597276891600876,0.0,2456.2567066972542,0.0,0.0,2198.470296250682,0.0,0.11195802688598633,0.049527883529663086,0.5,0.0,1211053.1065122925,618541.188589277,414.95999999999884,3.2727272727272716,0.0,5.08669290796842,5.08669290796842
ornstein-uhlenbeck,283,91.61323634496013,19.90853122765057,4021.725608058654,2187.8730193590814,187.02064805865274,0.0,3934.704960000001,2198.470296250682,100.0,10.597276891600876,0.0,2445.6390760365107,0.0,0.0,2198.470296250682,0.0,0.11281895637512207,0.04938936233520508,0.5,0.0,1215074.8321203513,620729.061608636,416.4799999999988,3.2727272727272716,0.0,5.08669290796842,5.08669290796842
ornstein-uhlenbeck,284,103.29514017827,21.882973449135232,4462.305722416805,2182.4730193590813,195.62412241680403,0.0,4366.681600000001,2193.070296250682,100.0,10.597276891600876,0.0,2730.678382484098,0.0,0.0,2193.070296250682,0.0,0.11618900299072266,0.04934835433959961,0.5,0.0,1219537.137842768,622911.5346279951,417.9999999999988,3.2727272727272716,0.0,5.08669290796842,5.08669290796842
ornstein-uhlenbeck,285,104.9856975988768,23.662272340653576,4474.309634110692,2182.4730193590813,212.8968341106921,0.0,4361.4128,2193.070296250682,100.0,10.597276891600876,0.0,2734.4094674366547,0.0,0.0,2193.070296250682,0.0,0.11609315872192383,0.04835772514343262,0.5,0.0,1224011.4474768788,625094.0076473542,419.5199999999988,3.2727272727272716,0.0,5.08669290796842,5.08669290796842
ornstein-uhlenbeck,286,104.11401093086876,21.823835467010596,4459.996989273981,2182.4730193590813,204.23698927398124,0.0,4355.759999999999,2193.070296250682,100.0,10.597276891600876,0.0,2723.8289843598277,0.0,0.0,2193.070296250682,0.0,0.11960458755493164,0.04742264747619629,0.5,0.0,1228471.4444661527,627276.4806667132,421.03999999999877,3.2727272727272716,0.0,5.08669290796842,5.08669290796842
ornstein-uhlenbeck,287,102.53923131636816,23.527711950363425,4486.18043441306,2187.8730193590814,221.5836344130598,0.0,4364.5968,2198.470296250682,100.0,10.597276891600876,0.0,2727.4128167034323,0.0,0.0,2198.470296250682,0.0,0.1163489818572998,0.05028176307678223,0.5,0.0,1232957.6249005657,629464.3536860723,422.55999999999875,3.2727272727272716,0.0,5.08669290796842,5.08669290796842
ornstein-uhlenbeck,288,104.46141685391304,22.871359766529967,4454.637416872662,2182.4730193590813,182.90621687266136,0.0,4371.7312,2193.070296250682,100.0,10.597276891600876,0.0,2764.1557597188134,0.0,0.0,2193.070296250682,0.0,0.11758089065551758,0.049355506896972656,0.5,0.0,1237412.2623174384,631646.8267054313,424.07999999999873,3.2727272727272716,0.0,5.08669290796842,5.08669290796842
ornstein-uhlenbeck,289,92.92411751749297,21.186176967930013,4016.6343383152907,2182.4730193590813,188.3503383152899,0.0,3928.284000000001,2193.070296250682,100.0,10.597276891600876,0.0,2463.7745412632357,0.0,0.0,2193.070296250682,0.0,0.11279654502868652,0.05037093162536621,0.5,0.0,1241428.8966557537,633829.2997247904,425.5999999999987,3.2727272727272716,0.0,5.08669290796842,5.08669290796842
ornstein-uhlenbeck,290,93.32378268094561,22.44385907731666,4035.7372953413615,2182.4730193590813,201.03233534136092,0.0,3934.704960000001,2193.070296250682,100.0,10.597276891600876,0.0,2456.5655472625426,0.0,0.0,2193.070296250682,0.0,0.11545348167419434,0.05008101463317871,0.5,0.0,1245464.6339510952,636011.7727441494,427.1199999999987,3.2727272727272716,0.0,5.08669290796842,5.08669290796842
ornstein-uhlenbeck,291,105.80420165690914,21.10072017658651,4416.671915244694,2182.4730193590813,155.58391524469374,0.0,4361.088000000001,2193.070296250682,100.0,10.597276891600876,0.0,2746.082270409684,0.0,0.0,2193.070296250682,0.0,0.13733601570129395,0.05139803886413574,0.5,0.0,1249881.30586634,638194.2457635085,428.6399999999987,3.2727272727272716,0.0,5.08669290796842,5.08669290796842
ornstein-uhlenbeck,292,107.72975625189417,20.284453880589375,4460.370388835399,2182.4730193590813,186.5543888353992,0.0,4373.816,2193.070296250682,100.0,10.597276891600876,0.0,2741.4185213263327,0.0,0.0,2193.070296250682,0.0,0.1228492259979248,0.04632735252380371,0.5,0.0,1254341.6762551754,640376.7187828675,430.15999999999866,3.2727272727272716,0.0,5.08669290796842,5.08669290796842
ornstein-uhlenbeck,293,103.73098792909768,21.073494526096937,4443.9374224738785,2182.4730193590813,207.39022247387817,0.0,4336.5472,2193.070296250682,100.0,10.597276891600876,0.0,2719.84944782081,0.0,0.0,2193.070296250682,0.0,0.11516189575195312,0.04748892784118652,0.5,0.0,1258785.6136776493,642559.1918022266,431.67999999999864,3.2727272727272716,0.0,5.08669290796842,5.08669290796842
ornstein-uhlenbeck,294,105.73210856683602,22.287119891639968,4449.672929089318,2182.4730193590813,186.77852908931783,0.0,4362.8944,2193.070296250682,100.0,10.597276891600876,0.0,2716.347126304626,0.0,0.0,2193.070296250682,0.0,0.11825084686279297,0.046738624572753906,0.5,0.0,1263235.2866067386,644741.6648215856,433.1999999999986,3.2727272727272716,0.0,5.08669290796842,5.08669290796842
ornstein-uhlenbeck,295,102.95197883652064,18.60851952643353,4456.5853207337395,2182.4730193590813,204.06692073373924,0.0,4352.5184,2193.070296250682,100.0,10.597276891600876,0.0,2729.8655600348893,0.0,0.0,2193.070296250682,0.0,0.11477398872375488,0.04666638374328613,0.5,0.0,1267691.8719274723,646924.1378409447,434.7199999999986,3.2727272727272716,0.0,5.08669290796842,5.08669290796842
ornstein-uhlenbeck,296,96.84505836034698,21.769022648505853,4023.9396351867917,2187.8730193590814,179.89627518679,0.0,3944.0433600000015,2198.470296250682,100.0,10.597276891600876,0.0,2454.917556230405,0.0,0.0,2198.470296250682,0.0,0.12343573570251465,0.03601813316345215,0.5,0.0,1271715.811562659,649112.0108603038,436.2399999999986,3.2727272727272716,0.0,5.08669290796842,5.08669290796842
ornstein-uhlenbeck,297,96.10171626975536,20.547926001934325,4029.193226301555,2182.4730193590813,177.1967463015544,0.0,3951.9964800000007,2193.070296250682,100.0,10.597276891600876,0.0,2460.25740559975,0.0,0.0,2193.070296250682,0.0,0.11527371406555176,0.04706573486328125,0.5,0.0,1275745.0047889606,651294.4838796628,437.75999999999857,3.2727272727272716,0.0,5.08669290796842,5.08669290796842
ornstein-uhlenbeck,298,101.10337927557555,25.367897613728257,4474.509008072061,2182.4730193590813,223.63540807206013,0.0,4350.873600000001,2193.070296250682,100.0,10.597276891600876,0.0,2745.714551541018,0.0,0.0,2193.070296250682,0.0,0.11598706245422363,0.04961061477661133,0.5,0.0,1280219.5137970326,653476.9568990219,439.27999999999855,3.2727272727272716,0.0,5.08669290796842,5.08669290796842
ornstein-uhlenbeck,299,104.9549011693163,22.876571157113997,4475.363588572437,2182.4730193590813,220.76038857243685,0.0,4354.6032000000005,2193.070296250682,100.0,10.597276891600876,0.0,2725.565702851569,0.0,0.0,2193.070296250682,0.0,0.11439347267150879,0.050934791564941406,0.5,0.0,1284694.8773856051,655659.4299183809,440.79999999999853,3.2727272727272716,0.0,5.08669290796842,5.08669290796842
ornstein-uhlenbeck,300,105.01744245907584,24.258973063142033,4463.8964562545125,2182.4730193590813,209.83885625451347,0.0,4354.057599999999,2193.070296250682,100.0,10.597276891600876,0.0,2720.6898366914643,0.0,0.0,2193.070296250682,0.0,0.10546231269836426,0.04806685447692871,0.5,0.0,1289158.7738418595,657841.90293774,442.3199999999985,3.2727272727272716,0.0,5.08669290796842,5.08669290796842
ornstein-uhlenbeck,301,104.41166980639866,20.554666206905267,4466.761756212195,2182.4730193590813,221.37775621219438,0.0,4345.384000000001,2193.070296250682,100.0,10.597276891600876,0.0,2711.1176370497533,0.0,0.0,2193.070296250682,0.0,0.14982342720031738,0.050630807876586914,0.5,0.0,1293625.5355980718,660024.375957099,443.8399999999985,3.2727272727272716,0.0,5.08669290796842,5.08669290796842
ornstein-uhlenbeck,302,104.80838246600354,22.98074466032848,4466.175372054485,2182.4730193590813,194.4441720544844,0.0,4371.7312,2193.070296250682,100.0,10.597276891600876,0.0,2738.198035612481,0.0,0.0,2193.070296250682,0.0,0.12379670143127441,0.04758787155151367,0.5,0.0,1298091.7109701263,662206.8489764581,445.3599999999985,3.2727272727272716,0.0,5.08669290796842,5.08669290796842
ornstein-uhlenbeck,303,92.95367758447772,20.706344764775192,4022.0428229109784,2182.4730193590813,193.75882291097773,0.0,3928.284000000001,2193.070296250682,100.0,10.597276891600876,0.0,2444.4887662381198,0.0,0.0,2193.070296250682,0.0,0.12154531478881836,0.048955678939819336,0.5,0.0,1302113.7537930373,664389.3219958171,446.87999999999846,3.2727272727272716,0.0,5.08669290796842,5.08669290796842
ornstein-uhlenbeck,304,96.49061019457656,21.547778165270717,4047.0989060112315,2182.4730193590813,195.10242601123036,0.0,3951.9964800000007,2193.070296250682,100.0,10.597276891600876,0.0,2473.252613300331,0.0,0.0,2193.070296250682,0.0,0.1154482364654541,0.046999454498291016,0.5,0.0,1306160.8526990486,666571.7950151762,448.39999999999844,3.2727272727272716,0.0,5.08669290796842,5.08669290796842
ornstein-uhlenbeck,305,103.8589762698344,20.378505079201915,4473.037127870232,2182.4730193590813,206.35552787023158,0.0,4366.681600000001,2193.070296250682,100.0,10.597276891600876,0.0,2743.570770286498,0.0,0.0,2193.070296250682,0.0,0.11780190467834473,0.04363727569580078,0.5,0.0,1310633.8898269187,668754.2680345352,449.9199999999984,3.2727272727272716,0.0,5.08669290796842,5.08669290796842
ornstein-uhlenbeck,306,103.91526396195452,20.603381225353676,4465.432924411856,2182.4730193590813,189.91452441185592,0.0,4375.5184,2193.070296250682,100.0,10.597276891600876,0.0,2730.1806350616794,0.0,0.0,2193.070296250682,0.0,0.10517001152038574,0.04967546463012695,0.5,0.0,1315099.3227513307,670936.7410538943,451.4399999999984,3.2727272727272716,0.0,5.08669290796842,5.08669290796842
ornstein-uhlenbeck,307,108.29030982961918,23.789350438522174,4450.864811080066,2182.4730193590813,217.72241108006637,0.0,4333.1424,2193.070296250682,100.0,10.597276891600876,0.0,2709.7804698086493,0.0,0.0,2193.070296250682,0.0,0.17416644096374512,0.04841423034667969,0.5,0.0,1319550.1875624107,673119.2140732533,452.9599999999984,3.2727272727272716,0.0,5.08669290796842,5.08669290796842
ornstein-uhlenbeck,308,104.94840616740426,21.63093635879551,4460.295876867091,2182.4730193590813,195.69907686709053,0.0,4364.5968,2193.070296250682,100.0,10.597276891600876,0.0,2717.993629273744,0.0,0.0,2193.070296250682,0.0,0.12143778800964355,0.05137753486633301,0.5,0.0,1324010.4834392779,675301.6870926124,454.47999999999837,3.2727272727272716,0.0,5.08669290796842,5.08669290796842
ornstein-uhlenbeck,309,103.49292960755973,24.315137518648,4467.57138098635,2182.4730193590813,213.35058098635014,0.0,4354.2208,2193.070296250682,100.0,10.597276891600876,0.0,2733.507381610177,0.0,0.0,2193.070296250682,0.0,0.11950373649597168,0.047708988189697266,0.5,0.0,1328478.0548202642,677484.1601119714,455.99999999999835,3.2727272727272716,0.0,5.08669290796842,5.08669290796842
ornstein-uhlenbeck,310,94.44591505346598,23.376764769432615,4040.731188171677,2182.4730193590813,196.68782817167508,0.0,3944.0433600000015,2193.070296250682,100.0,10.597276891600876,0.0,2466.6876207568894,0.0,0.0,2193.070296250682,0.0,0.11384963989257812,0.04868316650390625,0.5,0.0,1332518.786008436,679666.6331313305,457.51999999999833,3.2727272727272716,0.0,5.08669290796842,5.08669290796842
ornstein-uhlenbeck,311,96.26754455611054,22.150190321194934,4038.1450604786396,2182.4730193590813,186.14858047863854,0.0,3951.9964800000007,2193.070296250682,100.0,10.597276891600876,0.0,2470.618770701589,0.0,0.0,2193.070296250682,0.0,0.10434556007385254,0.04884457588195801,0.5,0.0,1336556.9310689147,681849.1061506895,459.0399999999983,3.2727272727272716,0.0,5.08669290796842,5.08669290796842
ornstein-uhlenbeck,312,104.54557560051278,22.88093181062318,4464.376033689745,2182.4730193590813,211.8000336897438,0.0,4352.576000000001,2193.070296250682,100.0,10.597276891600876,0.0,2728.3513988349005,0.0,0.0,2193.070296250682,0.0,0.11938786506652832,0.04882073402404785,0.5,0.0,1341021.3071026045,684031.5791700486,460.5599999999983,3.2727272727272716,0.0,5.08669290796842,5.08669290796842
ornstein-uhlenbeck,313,105.18883625407823,23.18995663041597,4447.17006176798,2182.4730193590813,178.94766176798038,0.0,4368.2224,2193.070296250682,100.0,10.597276891600876,0.0,2714.3413599179567,0.0,0.0,2193.070296250682,0.0,0.11390066146850586,0.025686264038085938,0.5,0.0,1345468.4771643726,686214.0521894076,462.0799999999983,3.2727272727272716,0.0,5.08669290796842,5.08669290796842
ornstein-uhlenbeck,314,102.81206069829807,24.1771767544462,4462.613405128364,2182.4730193590813,227.76860512836402,0.0,4334.8448,2193.070296250682,100.0,10.597276891600876,0.0,2716.2764272472236,0.0,0.0,2193.070296250682,0.0,0.11694693565368652,0.051398515701293945,0.5,0.0,1349931.090569501,688396.5252087667,463.59999999999826,3.2727272727272716,0.0,5.08669290796842,5.08669290796842
ornstein-uhlenbeck,315,101.77440096518698,22.01837938854977,4447.774282710596,2182.4730193590813,188.28468271059486,0.0,4359.489600000001,2193.070296250682,100.0,10.597276891600876,0.0,2746.5668775008726,0.0,0.0,2193.070296250682,0.0,0.11983394622802734,0.06181669235229492,0.5,0.0,1354378.8648522117,690578.9982281257,465.11999999999824,3.2727272727272716,0.0,5.08669290796842,5.08669290796842
ornstein-uhlenbeck,316,105.03434464655966,21.837483161918044,4452.647411895422,2182.4730193590813,200.12901189542234,0.0,4352.5184,2193.070296250682,100.0,10.597276891600876,0.0,2741.7152755462307,0.0,0.0,2193.070296250682,0.0,0.14474010467529297,0.044770240783691406,0.5,0.0,1358831.5122641071,692761.4712474848,466.6399999999982,3.2727272727272716,0.0,5.08669290796842,5.08669290796842
ornstein-uhlenbeck,317,97.85229882816945,21.039362913130198,4011.3542678404765,2182.4730193590813,170.37522784047553,0.0,3940.979040000001,2193.070296250682,100.0,10.597276891600876,0.0,2446.530889075982,0.0,0.0,2193.070296250682,0.0,0.10849261283874512,0.048886775970458984,0.5,0.0,1362842.8665319476,694943.9442668438,468.1599999999982,3.2727272727272716,0.0,5.08669290796842,5.08669290796842
ornstein-uhlenbeck,318,94.44283254787672,24.510999449129002,4035.175991476347,2182.4730193590813,184.71167147634648,0.0,3950.464320000001,2193.070296250682,100.0,10.597276891600876,0.0,2473.287086354097,0.0,0.0,2193.070296250682,0.0,0.12592530250549316,0.030045270919799805,0.5,0.0,1366878.042523424,697126.4172862029,469.6799999999982,3.2727272727272716,0.0,5.08669290796842,5.08669290796842
ornstein-uhlenbeck,319,101.1147751221636,22.803898185522694,4476.361713806866,2182.4730193590813,225.48811380686533,0.0,4350.873600000001,2193.070296250682,100.0,10.597276891600876,0.0,2708.6602315237187,0.0,0.0,2193.070296250682,0.0,0.10441160202026367,0.0485081672668457,0.5,0.0,1371354.4042372308,699308.890305562,471.19999999999817,3.2727272727272716,0.0,5.08669290796842,5.08669290796842
ornstein-uhlenbeck,320,103.15443038751107,23.929738146606955,4478.075851334052,2182.4730193590813,200.85505133405135,0.0,4377.2208,2193.070296250682,100.0,10.597276891600876,0.0,2743.8775524336297,0.0,0.0,2193.070296250682,0.0,0.1444413661956787,0.049924612045288086,0.5,0.0,1375832.4800885648,701491.363324921,472.71999999999815,3.2727272727272716,0.0,5.08669290796842,5.08669290796842
ornstein-uhlenbeck,321,102.02332670036685,23.178910834888832,4443.274211810919,2182.4730193590813,210.1318118109195,0.0,4333.1424,2193.070296250682,100.0,10.597276891600876,0.0,2712.088757617775,0.0,0.0,2193.070296250682,0.0,0.11966943740844727,0.04787087440490723,0.5,0.0,1380275.7543003757,703673.83634428,474.23999999999813,3.2727272727272716,0.0,5.08669290796842,5.08669290796842
ornstein-uhlenbeck,322,105.79645640997644,22.878704830451742,4468.888464950437,2182.4730193590813,205.99406495043715,0.0,4362.8944,2193.070296250682,100.0,10.597276891600876,0.0,2730.040098598638,0.0,0.0,2193.070296250682,0.0,0.11764383316040039,0.04323434829711914,0.5,0.0,1384744.6427653262,705856.3093636391,475.7599999999981,3.2727272727272716,0.0,5.08669290796842,5.08669290796842
ornstein-uhlenbeck,323,104.53534308928484,23.562647250349414,4483.66549185753,2182.4730193590813,210.2318918575292,0.0,4373.4336,2193.070296250682,100.0,10.597276891600876,0.0,2736.23678852688,0.0,0.0,2193.070296250682,0.0,0.10261416435241699,0.04781651496887207,0.5,0.0,1389228.3082571838,708038.7823829981,477.2799999999981,3.2727272727272716,0.0,5.08669290796842,5.08669290796842
ornstein-uhlenbeck,324,92.25466572938603,21.667912365910183,4030.3349360288266,2182.4730193590813,203.5830960288255,0.0,3926.7518400000013,2193.070296250682,100.0,10.597276891600876,0.0,2445.157775746614,0.0,0.0,2193.070296250682,0.0,0.11920833587646484,0.04645681381225586,0.5,0.0,1393258.6431932126,710221.2554023572,478.7999999999981,3.2727272727272716,0.0,5.08669290796842,5.08669290796842
ornstein-uhlenbeck,325,92.00136177822712,18.656806294850522,4034.6240385770116,2187.8730193590814,182.6275585770111,0.0,3951.9964800000007,2198.470296250682,100.0,10.597276891600876,0.0,2472.8932203744803,0.0,0.0,2198.470296250682,0.0,0.11853384971618652,0.04355669021606445,0.5,0.0,1397293.2672317897,712409.1284217163,480.31999999999806,3.2727272727272716,0.0,5.08669290796842,5.08669290796842
ornstein-uhlenbeck,326,103.93263017010025,24.952745017486713,4464.270445699728,2182.4730193590813,211.69444569972728,0.0,4352.576000000001,2193.070296250682,100.0,10.597276891600876,0.0,2734.0703635218442,0.0,0.0,2193.070296250682,0.0,0.1118621826171875,0.049086570739746094,0.5,0.0,1401757.5376774895,714591.6014410753,481.83999999999804,3.2727272727272716,0.0,5.08669290796842,5.08669290796842
ornstein-uhlenbeck,327,100.47721057938013,22.417752515012918,4464.516000609594,2182.4730193590813,187.29520060959402,0.0,4377.2208,2193.070296250682,100.0,10.597276891600876,0.0,2733.8448585433325,0.0,0.0,2193.070296250682,0.0,0.12381672859191895,0.049567222595214844,0.5,0.0,1406222.053678099,716774.0744604344,483.359999999998,3.2727272727272716,0.0,5.08669290796842,5.08669290796842
ornstein-uhlenbeck,328,100.83965988550706,23.021871570839455,4444.488752252355,2182.4730193590813,207.94155225235528,0.0,4336.5472,2193.070296250682,100.0,10.597276891600876,0.0,2703.782186675348,0.0,0.0,2193.070296250682,0.0,0.12054038047790527,0.048692941665649414,0.5,0.0,1410666.5424303515,718956.5474797934,484.879999999998,3.2727272727272716,0.0,5.08669290796842,5.08669290796842
ornstein-uhlenbeck,329,101.14768134765315,24.326155309998665,4472.330612433978,2182.4730193590813,228.64901243397762,0.0,4343.6816,2193.070296250682,100.0,10.597276891600876,0.0,2707.1418514029488,0.0,0.0,2193.070296250682,0.0,0.12302279472351074,0.047931671142578125,0.5,0.0,1415138.8730427856,721139.0204991525,486.399999999998,3.2727272727272716,0.0,5.08669290796842,5.08669290796842
ornstein-uhlenbeck,330,100.76630287957919,22.7387631636071,4465.427429634613,2182.4730193590813,193.6962296346128,0.0,4371.7312,2193.070296250682,100.0,10.597276891600876,0.0,2734.435168170036,0.0,0.0,2193.070296250682,0.0,0.11745285987854004,0.03299593925476074,0.5,0.0,1419604.3004724202,723321.4935185115,487.91999999999797,3.2727272727272716,0.0,5.08669290796842,5.08669290796842
ornstein-uhlenbeck,331,94.22059715423308,21.308585982236732,4013.3649801664105,2182.4730193590813,185.0809801664097,0.0,3928.284000000001,2193.070296250682,100.0,10.597276891600876,0.0,2457.4945749297112,0.0,0.0,2193.070296250682,0.0,0.11272287368774414,0.05075430870056152,0.5,0.0,1423617.6654525865,725503.9665378706,489.43999999999795,3.2727272727272716,0.0,5.08669290796842,5.08669290796842
ornstein-uhlenbeck,332,91.83407426662647,22.297544116295082,4045.7181818294475,2182.4730193590813,212.54538182944708,0.0,3933.1728000000007,2193.070296250682,100.0,10.597276891600876,0.0,2460.2225087785573,0.0,0.0,2193.070296250682,0.0,0.12632155418395996,0.05006670951843262,0.5,0.0,1427663.383634416,727686.4395572296,490.95999999999793,3.2727272727272716,0.0,5.08669290796842,5.08669290796842
ornstein-uhlenbeck,333,100.41908255670812,24.49559839354018,4439.760470854208,2182.4730193590813,180.3748708542068,0.0,4359.3856000000005,2193.070296250682,100.0,10.597276891600876,0.0,2729.8496404729526,0.0,0.0,2193.070296250682,0.0,0.12210655212402344,0.0467686653137207,0.5,0.0,1432103.14410527,729868.9125765887,492.4799999999979,3.2727272727272716,0.0,5.08669290796842,5.08669290796842
ornstein-uhlenbeck,334,101.70904052639764,20.2297592262643,4457.872793651484,2182.4730193590813,180.65199365148385,0.0,4377.2208,2193.070296250682,100.0,10.597276891600876,0.0,2733.393473524768,0.0,0.0,2193.070296250682,0.0,0.11752700805664062,0.04570436477661133,0.5,0.0,1436561.0168989215,732051.3855959477,493.9999999999979,3.2727272727272716,0.0,5.08669290796842,5.08669290796842
ornstein-uhlenbeck,335,102.62837967032108,20.278434363696206,4430.439211332562,2182.4730193590813,192.18961133256184,0.0,4338.2496,2193.070296250682,100.0,10.597276891600876,0.0,2718.340533739905,0.0,0.0,2193.070296250682,0.0,0.11437678337097168,0.047545671463012695,0.5,0.0,1440991.456110254,734233.8586153068,495.5199999999979,3.2727272727272716,0.0,5.08669290796842,5.08669290796842
ornstein-uhlenbeck,336,99.7590272169037,22.46807614168323,4458.214148054691,2182.4730193590813,195.31974805469062,0.0,4362.8944,2193.070296250682,100.0,10.597276891600876,0.0,2737.0745288276753,0.0,0.0,2193.070296250682,0.0,0.11647748947143555,0.04782819747924805,0.5,0.0,1445449.6702583085,736416.3316346658,497.03999999999786,3.2727272727272716,0.0,5.08669290796842,5.08669290796842
ornstein-uhlenbeck,337,101.37601908577169,20.590740337703586,4460.149217632304,2182.4730193590813,207.63081763230363,0.0,4352.5184,2193.070296250682,100.0,10.597276891600876,0.0,2717.208555806531,0.0,0.0,2193.070296250682,0.0,0.1187286376953125,0.0501101016998291,0.5,0.0,1449909.819475941,738598.8046540249,498.55999999999784,3.2727272727272716,0.0,5.08669290796842,5.08669290796842
ornstein-uhlenbeck,338,90.31905971156375,22.535628244536273,4031.0108707842974,2182.4730193590813,202.7268707842968,0.0,3928.284000000001,2193.070296250682,100.0,10.597276891600876,0.0,2440.0366246153417,0.0,0.0,2193.070296250682,0.0,0.1365828514099121,0.047853708267211914,0.5,0.0,1453940.8303467252,740781.277673384,500.0799999999978,3.2727272727272716,0.0,5.08669290796842,5.08669290796842
ornstein-uhlenbeck,339,89.36832825683378,18.38730368891117,4012.68191984408,2182.4730193590813,177.97695984407903,0.0,3934.704960000001,2193.070296250682,100.0,10.597276891600876,0.0,2460.235287514588,0.0,0.0,2193.070296250682,0.0,0.11230278015136719,0.048613548278808594,0.5,0.0,1457953.5122665693,742963.750692743,501.5999999999978,3.2727272727272716,0.0,5.08669290796842,5.08669290796842
ornstein-uhlenbeck,340,100.86677575963296,22.44384608411732,4458.37560692288,2182.4730193590813,205.7996069228793,0.0,4352.576000000001,2193.070296250682,100.0,10.597276891600876,0.0,2707.168414764793,0.0,0.0,2193.070296250682,0.0,0.11823821067810059,0.04625558853149414,0.5,0.0,1462411.8878734922,745146.223712102,503.1199999999978,3.2727272727272716,0.0,5.08669290796842,5.08669290796842
ornstein-uhlenbeck,341,104.46959237503991,23.49490970788536,4486.030888504207,2182.4730193590813,208.81008850420676,0.0,4377.2208,2193.070296250682,100.0,10.597276891600876,0.0,2722.5609215069035,0.0,0.0,2193.070296250682,0.0,0.11026430130004883,0.049117326736450195,0.5,0.0,1466897.9187619963,747328.6967314611,504.63999999999777,3.2727272727272716,0.0,5.08669290796842,5.08669290796842
ornstein-uhlenbeck,342,100.85675085629562,22.61931420458629,4410.232992959464,2182.4730193590813,163.4713929594649,0.0,4346.7616,2193.070296250682,100.0,10.597276891600876,0.0,2707.3373635461458,0.0,0.0,2193.070296250682,0.0,0.11196398735046387,0.04728865623474121,0.5,0.0,1471308.1517549558,749511.1697508201,506.15999999999775,3.2727272727272716,0.0,5.08669290796842,5.08669290796842
ornstein-uhlenbeck,343,101.1586926643616,22.52000678329597,4440.933998512648,2182.4730193590813,178.03959851264776,0.0,4362.8944,2193.070296250682,100.0,10.597276891600876,0.0,2736.8416900046955,0.0,0.0,2193.070296250682,0.0,0.14696192741394043,0.04913973808288574,0.5,0.0,1475749.0857534683,751693.6427701792,507.67999999999773,3.2727272727272716,0.0,5.08669290796842,5.08669290796842
ornstein-uhlenbeck,344,102.11758270248417,19.270330024136918,4446.31666096154,2182.4730193590813,177.9902609615398,0.0,4368.3264,2193.070296250682,100.0,10.597276891600876,0.0,2733.4694073120136,0.0,0.0,2193.070296250682,0.0,0.12504029273986816,0.04412126541137695,0.5,0.0,1480195.40241443,753876.1157895382,509.1999999999977,3.2727272727272716,0.0,5.08669290796842,5.08669290796842
ornstein-uhlenbeck,345,90.07297413983383,18.665026499283957,4017.98687356925,2182.4730193590813,175.4756735692482,0.0,3942.5112000000013,2193.070296250682,100.0,10.597276891600876,0.0,2465.978098773029,0.0,0.0,2193.070296250682,0.0,0.11826372146606445,0.0457768440246582,0.5,0.0,1484213.3892879991,756058.5888088973,510.7199999999977,3.2727272727272716,0.0,5.08669290796842,5.08669290796842
ornstein-uhlenbeck,346,89.48671127615819,21.610714956179617,4039.6619711323156,2187.8730193590814,190.7298111323145,0.0,3948.9321600000007,2198.470296250682,100.0,10.597276891600876,0.0,2464.232296396156,0.0,0.0,2198.470296250682,0.0,0.12454605102539062,0.04596114158630371,0.5,0.0,1488253.0512591314,758246.4618282564,512.2399999999977,3.2727272727272716,0.0,5.08669290796842,5.08669290796842
ornstein-uhlenbeck,347,98.80097760027168,27.783677557954878,4405.21909315591,2182.4730193590813,144.1310931559092,0.0,4361.088000000001,2193.070296250682,100.0,10.597276891600876,0.0,2728.530683325289,0.0,0.0,2193.070296250682,0.0,0.11197900772094727,0.05319046974182129,0.5,0.0,1492658.2703522872,760428.9348476154,513.7599999999977,3.2727272727272716,0.0,5.08669290796842,5.08669290796842
ornstein-uhlenbeck,348,99.22621602345676,20.05473467017421,4471.341813901727,2182.4730193590813,195.82341390172638,0.0,4375.5184,2193.070296250682,100.0,10.597276891600876,0.0,2742.4962454245483,0.0,0.0,2193.070296250682,0.0,0.1347181797027588,0.04774904251098633,0.5,0.0,1497129.612166189,762611.4078669745,515.2799999999977,3.2727272727272716,0.0,5.08669290796842,5.08669290796842
ornstein-uhlenbeck,349,94.601538860254,22.421512467333756,4432.100952346645,2182.4730193590813,193.8513523466447,0.0,4338.2496,2193.070296250682,100.0,10.597276891600876,0.0,2712.4138642960675,0.0,0.0,2193.070296250682,0.0,0.12117147445678711,0.037865400314331055,0.5,0.0,1501561.7131185355,764793.8808863335,516.7999999999977,3.2727272727272716,0.0,5.08669290796842,5.08669290796842
ornstein-uhlenbeck,350,96.17027626299019,22.624930748508724,4430.521027368193,2182.4730193590813,188.5418273681924,0.0,4341.979200000001,2193.070296250682,100.0,10.597276891600876,0.0,2707.784588965232,0.0,0.0,2193.070296250682,0.0,0.17213845252990723,0.03915739059448242,0.5,0.0,1505992.2341459037,766976.3539056926,518.3199999999977,3.2727272727272716,0.0,5.08669290796842,5.08669290796842
ornstein-uhlenbeck,351,96.45450242187162,22.707238146820323,4434.435695860521,2182.4730193590813,166.10929586052163,0.0,4368.3264,2193.070296250682,100.0,10.597276891600876,0.0,2738.783503479519,0.0,0.0,2193.070296250682,0.0,0.11290884017944336,0.03422665596008301,0.5,0.0,1510426.6698417643,769158.8269250516,519.8399999999976,3.2727272727272716,0.0,5.08669290796842,5.08669290796842
ornstein-uhlenbeck,352,86.68656255556589,20.0639387601372,4023.3355204805384,2182.4730193590813,180.8243204805373,0.0,3942.5112000000013,2193.070296250682,100.0,10.597276891600876,0.0,2469.4064078823226,0.0,0.0,2193.070296250682,0.0,0.11626386642456055,0.053247690200805664,0.5,0.0,1514450.0053622448,771341.2999444107,521.3599999999976,3.2727272727272716,0.0,5.08669290796842,5.08669290796842
ornstein-uhlenbeck,353,87.11628077872338,22.094515154451006,4023.3965529763345,2182.4730193590813,187.15943297633385,0.0,3936.2371200000007,2193.070296250682,100.0,10.597276891600876,0.0,2461.174855356795,0.0,0.0,2193.070296250682,0.0,0.12402081489562988,0.04922652244567871,0.5,0.0,1518473.401915221,773523.7729637697,522.8799999999976,3.2727272727272716,0.0,5.08669290796842,5.08669290796842
ornstein-uhlenbeck,354,98.94387136187873,24.40749811721571,4452.711344593553,2182.4730193590813,203.5401445935522,0.0,4349.171200000001,2193.070296250682,100.0,10.597276891600876,0.0,2723.67665502201,0.0,0.0,2193.070296250682,0.0,0.10497593879699707,0.04969477653503418,0.5,0.0,1522926.1132598144,775706.2459831288,524.3999999999976,3.2727272727272716,0.0,5.08669290796842,5.08669290796842
ornstein-uhlenbeck,355,95.6535436621886,23.322567328924023,4464.690356818337,2182.4730193590813,206.68235681833602,0.0,4358.008000000001,2193.070296250682,100.0,10.597276891600876,0.0,2713.607081485031,0.0,0.0,2193.070296250682,0.0,0.12833142280578613,0.04985618591308594,0.5,0.0,1527390.8036166327,777888.7190024878,525.9199999999976,3.2727272727272716,0.0,5.08669290796842,5.08669290796842
ornstein-uhlenbeck,356,95.74325363650549,21.97735039170286,4439.431418995909,2182.4730193590813,201.18181899590894,0.0,4338.2496,2193.070296250682,100.0,10.597276891600876,0.0,2692.9245988367497,0.0,0.0,2193.070296250682,0.0,0.12790298461914062,0.04624676704406738,0.5,0.0,1531830.2350356285,780071.1920218469,527.4399999999976,3.2727272727272716,0.0,5.08669290796842,5.08669290796842
ornstein-uhlenbeck,357,97.92881932988769,21.72552525484615,4463.636925909173,2182.4730193590813,199.04012590917353,0.0,4364.5968,2193.070296250682,100.0,10.597276891600876,0.0,2704.7549266829524,0.0,0.0,2193.070296250682,0.0,0.11567521095275879,0.04894590377807617,0.5,0.0,1536293.8719615377,782253.6650412059,528.9599999999975,3.2727272727272716,0.0,5.08669290796842,5.08669290796842
ornstein-uhlenbeck,358,95.06008642462746,21.688176004164795,4453.376961667449,2182.4730193590813,183.3481616674494,0.0,4370.0288,2193.070296250682,100.0,10.597276891600876,0.0,2730.251771077323,0.0,0.0,2193.070296250682,0.0,0.11079192161560059,0.0511631965637207,0.5,0.0,1540747.2489232053,784436.138060565,530.4799999999975,3.2727272727272716,0.0,5.08669290796842,5.08669290796842
ornstein-uhlenbeck,359,85.63542471311462,21.64510738128451,3992.2926985555437,2182.4730193590813,167.07301855554272,0.0,3925.219680000001,2193.070296250682,100.0,10.597276891600876,0.0,2450.5381004256087,0.0,0.0,2193.070296250682,0.0,0.12574005126953125,0.04964089393615723,0.5,0.0,1544739.541621761,786618.611079924,531.9999999999975,3.2727272727272716,0.0,5.08669290796842,5.08669290796842
ornstein-uhlenbeck,360,83.94588681968398,22.186517921770474,4029.8496458207073,2182.4730193590813,198.20900582070638,0.0,3931.640640000001,2193.070296250682,100.0,10.597276891600876,0.0,2439.373360565387,0.0,0.0,2193.070296250682,0.0,0.11316609382629395,0.0459895133972168,0.5,0.0,1548769.3912675816,788801.0840992831,533.5199999999975,3.2727272727272716,0.0,5.08669290796842,5.08669290796842
ornstein-uhlenbeck,361,92.91944107223755,24.047691376531887,4438.50937562373,2182.4730193590813,192.74297562372888,0.0,4345.766400000001,2193.070296250682,100.0,10.597276891600876,0.0,2719.8472951265057,0.0,0.0,2193.070296250682,0.0,0.12345266342163086,0.051141977310180664,0.5,0.0,1553207.9006432053,790983.5571186421,535.0399999999975,3.2727272727272716,0.0,5.08669290796842,5.08669290796842
ornstein-uhlenbeck,362,92.56423086892364,24.338200623275842,4456.897855466033,2182.4730193590813,198.8898554660331,0.0,4358.008000000001,2193.070296250682,100.0,10.597276891600876,0.0,2699.717734468723,0.0,0.0,2193.070296250682,0.0,0.1265268325805664,0.045609474182128906,0.5,0.0,1557664.7984986713,793166.0301380012,536.5599999999974,3.2727272727272716,0.0,5.08669290796842,5.08669290796842
ornstein-uhlenbeck,363,95.56795478238804,21.004913628161223,4440.3506218222965,2182.4730193590813,184.5906218222972,0.0,4355.759999999999,2193.070296250682,100.0,10.597276891600876,0.0,2725.105821225258,0.0,0.0,2193.070296250682,0.0,0.11215949058532715,0.023035287857055664,0.5,0.0,1562105.1491204936,795348.5031573602,538.0799999999974,3.2727272727272716,0.0,5.08669290796842,5.08669290796842
ornstein-uhlenbeck,364,92.94072701963451,20.194287722626317,4434.726846523568,2182.4730193590813,171.83244652356785,0.0,4362.8944,2193.070296250682,100.0,10.597276891600876,0.0,2719.776477132952,0.0,0.0,2193.070296250682,0.0,0.11304306983947754,0.05113053321838379,0.5,0.0,1566539.8759670171,797530.9761767193,539.5999999999974,3.2727272727272716,0.0,5.08669290796842,5.08669290796842
ornstein-uhlenbeck,365,92.6628879384162,23.43589938025896,4478.3845638293515,2182.4730193590813,206.65336382935152,0.0,4371.7312,2193.070296250682,100.0,10.597276891600876,0.0,2751.387407396207,0.0,0.0,2193.070296250682,0.0,0.1322643756866455,0.04875349998474121,0.5,0.0,1571018.2605308464,799713.4491960783,541.1199999999974,3.2727272727272716,0.0,5.08669290796842,5.08669290796842
fixed-bias,1,95.55813683562333,23.791233636978447,4471.835396082073,2088.4602896103756,198.40179608207248,0.0,4373.4336,2097.472114610667,100.0,9.011825000291447,0.0,2723.425953782266,0.0,0.0,2097.472114610667,0.0,0.14284873008728027,0.03814125061035156,0.5,0.0,4471.835396082073,2088.4602896103756,1.52,0.0,0.0,4.325676000139895,4.325676000139895
fixed-bias,2,82.08723996277698,22.38376505555918,4018.728985375945,2088.4602896103756,176.2177853759434,0.0,3942.5112000000013,2097.472114610667,100.0,9.011825000291447,0.0,2453.8616572683572,0.0,0.0,2097.472114610667,0.0,0.10548210144042969,0.044510602951049805,0.5,0.0,8490.564381458018,4176.920579220751,3.04,0.0,0.0,4.325676000139895,4.325676000139895
fixed-bias,3,81.77862283174728,19.27722629490675,4029.5937115626657,2088.4602896103756,177.5972315626651,0.0,3951.9964800000007,2097.472114610667,100.0,9.011825000291447,0.0,2457.2648281097363,0.0,0.0,2097.472114610667,0.0,0.1378183364868164,0.041702985763549805,0.5,0.0,12520.158093020684,6265.380868831127,4.5600000000000005,0.0,0.0,4.325676000139895,4.325676000139895
fixed-bias,4,89.42705178675055,22.94887910050355,4443.993837045388,2088.4602896103756,196.52503704538722,0.0,4347.4688000000015,2097.472114610667,100.0,9.011825000291447,0.0,2744.363555764896,0.0,0.0,2097.472114610667,0.0,0.12517714500427246,0.03999900817871094,0.5,0.0,16964.151930066073,8353.841158441503,6.08,0.0,0.0,4.325676000139895,4.325676000139895
fixed-bias,5,89.73922861852304,20.97342098605987,4449.089235170441,2088.4602896103756,191.08123517044018,0.0,4358.008000000001,2097.472114610667,100.0,9.011825000291447,0.0,2714.6982128490913,0.0,0.0,2097.472114610667,0.0,0.12631964683532715,0.034006595611572266,0.5,0.0,21413.24116523651,10442.301448051878,7.6,0.0,0.0,4.325676000139895,4.325676000139895
fixed-bias,6,88.19691199516744,22.08783812762239,4422.790292430458,2088.4602896103756,187.94549243045796,0.0,4334.8448,2097.472114610667,100.0,9.011825000291447,0.0,2705.2994636124063,0.0,0.0,2097.472114610667,0.0,0.10410141944885254,0.04239201545715332,0.5,0.0,25836.03145766697,12530.761737662253,9.12,0.0,0.0,4.325676000139895,4.325676000139895
fixed-bias,7,89.29004388564353,24.373765168004773,4460.875052874794,2088.4602896103756,196.27825287479357,0.0,4364.5968,2097.472114610667,100.0,9.011825000291447,0.0,2728.9308583484035,0.0,0.0,2097.472114610667,0.0,0.10182499885559082,0.04501795768737793,0.5,0.0,30296.906510541765,14619.222027272628,10.639999999999999,0.0,0.0,4.325676000139895,4.325676000139895
fixed-bias,8,90.98888547132698,24.361042792644177,4455.275606870134,2088.4602896103756,183.54440687013323,0.0,4371.7312,2097.472114610667,100.0,9.011825000291447,0.0,2728.6168622332443,0.0,0.0,2097.472114610667,0.0,0.12038493156433105,0.02507948875427246,0.5,0.0,34752.182117411896,16707.682316883005,12.159999999999998,0.0,0.0,4.325676000139895,4.325676000139895
fixed-bias,9,79.3093697011217,19.690341863265832,4008.517807544944,2088.4602896103756,166.00660754494248,0.0,3942.5112000000013,2097.472114610667,100.0,9.011825000291447,0.0,2465.337792669387,0.0,0.0,2097.472114610667,0.0,0.11976337432861328,0.0359952449798584,0.5,0.0,38760.69992495684,18796.14260649338,13.679999999999998,0.0,0.0,4.325676000139895,4.325676000139895
fixed-bias,10,80.47458712028997,20.492507965523867,4008.673240720307,2088.4602896103756,156.6767607203065,0.0,3951.9964800000007,2097.472114610667,100.0,9.011825000291447,0.0,2466.092833809847,0.0,0.0,2097.472114610667,0.0,0.11582183837890625,0.043749332427978516,0.5,0.0,42769.37316567715,20884.602896103755,15.199999999999998,0.0,0.0,4.325676000139895,4.325676000139895
fixed-bias,11,85.71444573567375,23.441018507847307,4440.80878040843,2088.4602896103756,172.4247804084287,0.0,4368.384000000001,2097.472114610667,100.0,9.011825000291447,0.0,2740.6721942522495,0.0,0.0,2097.472114610667,0.0,0.11145806312561035,0.040828704833984375,0.5,0.0,47210.18194608558,22973.06318571413,16.72,0.0,0.0,4.325676000139895,4.325676000139895
fixed-bias,12,88.01024999731855,20.564409416886882,4445.633443107035,2088.4602896103756,170.1150431070354,0.0,4375.5184,2097.472114610667,100.0,9.011825000291447,0.0,2740.9284601821705,0.0,0.0,2097.472114610667,0.0,0.12713098526000977,0.04310750961303711,0.5,0.0,51655.81538919261,25061.523475324506,18.24,0.0,0.0,4.325676000139895,4.325676000139895
fixed-bias,13,86.59660289117387,22.350084450024116,4435.373808786579,2088.4602896103756,179.61380878657914,0.0,4355.759999999999,2097.472114610667,100.0,9.011825000291447,0.0,2720.201634032034,0.0,0.0,2097.472114610667,0.0,0.1175374984741211,0.04104781150817871,0.5,0.0,56091.18919797919,27149.98376493488,19.759999999999998,0.0,0.0,4.325676000139895,4.325676000139895
fixed-bias,14,88.27578401602047,19.68353494201407,4438.721378831468,2088.4602896103756,175.82697883146818,0.0,4362.8944,2097.472114610667,100.0,9.011825000291447,0.0,2750.3216045976933,0.0,0.0,2097.472114610667,0.0,0.10776877403259277,0.04424095153808594,0.5,0.0,60529.91057681066,29238.444054545256,21.279999999999998,0.0,0.0,4.325676000139895,4.325676000139895
fixed-bias,15,85.33888045225613,23.689810820613708,4441.620276074382,2088.4602896103756,185.69707607438198,0.0,4355.9232,2097.472114610667,100.0,9.011825000291447,0.0,2717.4367059519964,0.0,0.0,2097.472114610667,0.0,0.12013006210327148,0.029738903045654297,0.5,0.0,64971.530852885044,31326.90434415563,22.799999999999997,0.0,0.0,4.325676000139895,4.325676000139895
fixed-bias,16,77.4565413339472,19.320176277694465,4000.536910680462,2088.4602896103756,156.4935506804607,0.0,3944.0433600000015,2097.472114610667,100.0,9.011825000291447,0.0,2450.081266928576,0.0,0.0,2097.472114610667,0.0,0.11735391616821289,0.04153084754943848,0.5,0.0,68972.0677635655,33415.36463376601,24.319999999999997,0.0,0.0,4.325676000139895,4.325676000139895
fixed-bias,17,76.7688835292059,21.79433135686027,4023.8293378894086,2088.4602896103756,171.83285788940782,0.0,3951.9964800000007,2097.472114610667,100.0,9.011825000291447,0.0,2471.7321187196767,0.0,0.0,2097.472114610667,0.0,0.11434745788574219,0.04311728477478027,0.5,0.0,72995.8971014549,35503.824923376385,25.839999999999996,0.0,0.0,4.325676000139895,4.325676000139895
fixed-bias,18,87.06897422060221,22.364422236755967,4443.90940055422,2088.4602896103756,175.52540055421898,0.0,4368.384000000001,2097.472114610667,100.0,9.011825000291447,0.0,2758.373323802179,0.0,0.0,2097.472114610667,0.0,0.11511898040771484,0.04499316215515137,0.5,0.0,77439.80650200912,37592.28521298676,27.359999999999996,0.0,0.0,4.325676000139895,4.325676000139895
fixed-bias,19,82.95392994050128,24.628405271333843,4442.084827089226,2088.4602896103756,164.86402708922554,0.0,4377.2208,2097.472114610667,100.0,9.011825000291447,0.0,2739.1169383899964,0.0,0.0,2097.472114610667,0.0,0.12062907218933105,0.04100966453552246,0.5,0.0,81881.89132909835,39680.745502597136,28.879999999999995,0.0,0.0,4.325676000139895,4.325676000139895
fixed-bias,20,82.60020912336067,24.303778721802527,4422.055045575259,2088.4602896103756,167.99744557526,0.0,4354.057599999999,2097.472114610667,100.0,9.011825000291447,0.0,2721.0646318285176,0.0,0.0,2097.472114610667,0.0,0.10009002685546875,0.04414725303649902,0.5,0.0,86303.9463746736,41769.20579220751,30.399999999999995,0.0,0.0,4.325676000139895,4.325676000139895
fixed-bias,21,81.20828187948342,24.558608323078438,4443.559055249968,2088.4602896103756,180.6646552499679,0.0,4362.8944,2097.472114610667,100.0,9.011825000291447,0.0,2754.787979169002,0.0,0.0,2097.472114610667,0.0,0.128570556640625,0.030867338180541992,0.5,0.0,90747.50542992356,43857.666081817886,31.919999999999995,0.0,0.0,4.325676000139895,4.325676000139895
fixed-bias,22,81.75441438053086,22.27701407274462,4437.430640813192,2088.4602896103756,184.91224081319297,0.0,4352.5184,2097.472114610667,100.0,9.011825000291447,0.0,2720.499077029577,0.0,0.0,2097.472114610667,0.0,0.10323572158813477,0.042764902114868164,0.5,0.0,95184.93607073676,45946.12637142826,33.44,0.0,0.0,4.325676000139895,4.325676000139895
fixed-bias,23,74.88631276670993,20.490975669468387,3997.8414207255637,2088.4602896103756,169.55742072556274,0.0,3928.284000000001,2097.472114610667,100.0,9.011825000291447,0.0,2468.762939628121,0.0,0.0,2097.472114610667,0.0,0.11344480514526367,0.04306435585021973,0.5,0.0,99182.77749146233,48034.58666103864,34.96,0.0,0.0,4.325676000139895,4.325676000139895
fixed-bias,24,77.3107741976847,18.62351214774844,4000.6734346314706,2088.4602896103756,148.6769546314701,0.0,3951.9964800000007,2097.472114610667,100.0,9.011825000291447,0.0,2484.403628505756,0.0,0.0,2097.472114610667,0.0,0.11229109764099121,0.034351348876953125,0.5,0.0,103183.4509260938,50123.04695064901,36.480000000000004,0.0,0.0,4.325676000139895,4.325676000139895
fixed-bias,25,81.87965777103982,20.88465198751037,4427.495649179929,2088.4602896103756,181.7292491799281,0.0,4345.766400000001,2097.472114610667,100.0,9.011825000291447,0.0,2730.9497721381595,0.0,0.0,2097.472114610667,0.0,0.14484834671020508,0.02097940444946289,0.5,0.0,107610.94657527373,52211.50724025939,38.00000000000001,0.0,0.0,4.325676000139895,4.325676000139895
fixed-bias,26,83.3302640329544,23.28421500187989,4460.7787600774,2088.4602896103756,204.47316007740048,0.0,4356.3056,2097.472114610667,100.0,9.011825000291447,0.0,2745.1706310492145,0.0,0.0,2097.472114610667,0.0,0.11206912994384766,0.04227423667907715,0.5,0.0,112071.72533535113,54299.96752986976,39.52000000000001,0.0,0.0,4.325676000139895,4.325676000139895
fixed-bias,27,80.10644267253019,19.31128588010697,4405.137090129003,2088.4602896103756,152.78189012900287,0.0,4352.3552,2097.472114610667,100.0,9.011825000291447,0.0,2728.1224945360227,0.0,0.0,2097.472114610667,0.0,0.11590909957885742,0.04497504234313965,0.5,0.0,116476.86242548014,56388.42781948014,41.04000000000001,0.0,0.0,4.325676000139895,4.325676000139895
fixed-bias,28,82.07959905318405,21.04151608383958,4432.576705744046,2088.4602896103756,187.19270574404544,0.0,4345.384000000001,2097.472114610667,100.0,9.011825000291447,0.0,2706.060419331701,0.0,0.0,2097.472114610667,0.0,0.12132453918457031,0.033003807067871094,0.5,0.0,120909.43913122418,58476.88810909051,42.56000000000002,0.0,0.0,4.325676000139895,4.325676000139895
fixed-bias,29,83.70659262692932,22.531073020721543,4463.480551771221,2088.4602896103756,190.04695177122062,0.0,4373.4336,2097.472114610667,100.0,9.011825000291447,0.0,2725.632923410859,0.0,0.0,2097.472114610667,0.0,0.11788797378540039,0.04168701171875,0.5,0.0,125372.9196829954,60565.34839870089,44.08000000000002,0.0,0.0,4.325676000139895,4.325676000139895
fixed-bias,30,73.7763487645965,18.94935556760742,3988.5464212846355,2088.4602896103756,161.7945812846343,0.0,3926.7518400000013,2097.472114610667,100.0,9.011825000291447,0.0,2443.838710168667,0.0,0.0,2097.472114610667,0.0,0.1571500301361084,0.05113077163696289,0.5,0.0,129361.46610428004,62653.80868831126,45.60000000000002,0.0,0.0,4.325676000139895,4.325676000139895
fixed-bias,31,72.39121688885952,19.74335432583654,4001.7881282928874,2217.0499112312987,149.79164829288712,0.0,3951.9964800000007,2227.4282991835807,100.0,10.378387952282083,0.0,2477.056038779044,0.0,0.0,2227.4282991835807,0.0,0.1281604766845703,0.02636551856994629,0.5,0.0,133363.25423257294,64870.85859954256,47.120000000000026,0.0,0.0,4.981626217095399,4.981626217095399
fixed-bias,32,79.09036226736328,20.761757764227557,4415.934059685999,2217.0499112312987,163.35805968599877,0.0,4352.576000000001,2227.4282991835807,100.0,10.378387952282083,0.0,2724.089929647148,0.0,0.0,2227.4282991835807,0.0,0.11023354530334473,0.037573814392089844,0.5,0.0,137779.18829225894,67087.90851077386,48.64000000000003,0.0,0.0,4.981626217095399,4.981626217095399
fixed-bias,33,80.44200357265336,18.916508938148386,4425.844390812863,2217.0499112312987,167.83639081286236,0.0,4358.008000000001,2227.4282991835807,100.0,10.378387952282083,0.0,2726.1633557145115,0.0,0.0,2227.4282991835807,0.0,0.1099710464477539,0.030553579330444336,0.5,0.0,142205.0326830718,69304.95842200516,50.16000000000003,0.0,0.0,4.981626217095399,4.981626217095399
fixed-bias,34,76.79502470260041,23.090152196691232,4412.51078452474,2217.0499112312987,175.9635845247405,0.0,4336.5472,2227.4282991835807,100.0,10.378387952282083,0.0,2714.283599696468,0.0,0.0,2227.4282991835807,0.0,0.10702681541442871,0.038910627365112305,0.5,0.0,146617.54346759652,71522.00833323646,51.680000000000035,0.0,0.0,4.981626217095399,4.981626217095399
fixed-bias,35,76.93722414252143,23.577329717726155,4428.952382337688,2217.0499112312987,164.35558233768768,0.0,4364.5968,2227.4282991835807,100.0,10.378387952282083,0.0,2734.1203485296724,0.0,0.0,2227.4282991835807,0.0,0.11432218551635742,0.04655718803405762,0.5,0.0,151046.4958499342,73739.05824446776,53.20000000000004,0.0,0.0,4.981626217095399,4.981626217095399
fixed-bias,36,80.6226085820366,25.621006145545955,4446.2387617869845,2217.0499112312987,172.80516178698403,0.0,4373.4336,2227.4282991835807,100.0,10.378387952282083,0.0,2734.9931028703677,0.0,0.0,2227.4282991835807,0.0,0.12122821807861328,0.04096484184265137,0.5,0.0,155492.7346117212,75956.10815569905,54.72000000000004,0.0,0.0,4.981626217095399,4.981626217095399
fixed-bias,37,73.1835630921488,22.137080563586576,4013.4018466047783,2217.0499112312987,169.35848660477674,0.0,3944.0433600000015,2227.4282991835807,100.0,10.378387952282083,0.0,2459.1829215707817,0.0,0.0,2227.4282991835807,0.0,0.10614299774169922,0.05210566520690918,0.5,0.0,159506.13645832596,78173.15806693035,56.240000000000045,0.0,0.0,4.981626217095399,4.981626217095399
fixed-bias,38,71.63476970112283,21.4937009600007,3998.263410924579,2217.0499112312987,165.09061092457847,0.0,3933.1728000000007,2227.4282991835807,100.0,10.378387952282083,0.0,2454.3702797505207,0.0,0.0,2227.4282991835807,0.0,0.10894775390625,0.04403114318847656,0.5,0.0,163504.39986925054,80390.20797816165,57.76000000000005,0.0,0.0,4.981626217095399,4.981626217095399
fixed-bias,39,78.01423744943293,26.891969586901624,4442.753646096717,2217.0499112312987,193.58244609671587,0.0,4349.171200000001,2227.4282991835807,100.0,10.378387952282083,0.0,2728.336353389121,0.0,0.0,2227.4282991835807,0.0,0.11448931694030762,0.04404902458190918,0.5,0.0,167947.15351534725,82607.25788939295,59.28000000000005,0.0,0.0,4.981626217095399,4.981626217095399
fixed-bias,40,74.37527489759269,21.80102026918698,4433.81027185787,2217.0499112312987,175.80227185786967,0.0,4358.008000000001,2227.4282991835807,100.0,10.378387952282083,0.0,2728.8402243329515,0.0,0.0,2227.4282991835807,0.0,0.11827778816223145,0.0457606315612793,0.5,0.0,172380.9637872051,84824.30780062424,60.800000000000054,0.0,0.0,4.981626217095399,4.981626217095399
fixed-bias,41,73.08664293528388,22.597400470580162,4424.645884135638,2217.0499112312987,168.88588413563892,0.0,4355.759999999999,2227.4282991835807,100.0,10.378387952282083,0.0,2707.326868898196,0.0,0.0,2227.4282991835807,0.0,0.12231206893920898,0.04438447952270508,0.5,0.0,176805.60967134076,87041.35771185554,62.32000000000006,0.0,0.0,4.981626217095399,4.981626217095399
fixed-bias,42,77.52909227231953,20.03173828976841,4431.445354873948,2217.0499112312987,166.84855487394807,0.0,4364.5968,2227.4282991835807,100.0,10.378387952282083,0.0,2739.98821207432,0.0,0.0,2227.4282991835807,0.0,0.144667387008667,0.04285454750061035,0.5,0.0,181237.05502621472,89258.40762308684,63.84000000000006,0.0,0.0,4.981626217095399,4.981626217095399
fixed-bias,43,72.7159364493449,18.249691143969706,4425.6523542247605,2217.0499112312987,152.21875422476046,0.0,4373.4336,2227.4282991835807,100.0,10.378387952282083,0.0,2716.259652053346,0.0,0.0,2227.4282991835807,0.0,0.13191962242126465,0.038110971450805664,0.5,0.0,185662.70738043947,91475.45753431814,65.36000000000006,0.0,0.0,4.981626217095399,4.981626217095399
fixed-bias,44,69.26482972250261,20.280163225806913,3984.411583634948,2217.0499112312987,141.9003836349468,0.0,3942.5112000000013,2227.4282991835807,100.0,10.378387952282083,0.0,2462.0090444702205,0.0,0.0,2227.4282991835807,0.0,0.11665010452270508,0.0427556037902832,0.5,0.0,189647.1189640744,93692.50744554943,66.88000000000005,0.0,0.0,4.981626217095399,4.981626217095399
fixed-bias,45,69.51270231332946,23.193321244799492,4002.23214232783,2217.0499112312987,151.76782232782926,0.0,3950.464320000001,2227.4282991835807,100.0,10.378387952282083,0.0,2482.0864239783796,0.0,0.0,2227.4282991835807,0.0,0.11299824714660645,0.04242062568664551,0.5,0.0,193649.35110640223,95909.55735678073,68.40000000000005,0.0,0.0,4.981626217095399,4.981626217095399
fixed-bias,46,75.90164725314445,22.09088543726733,4426.032380280177,2217.0499112312987,157.64838028017567,0.0,4368.384000000001,2227.4282991835807,100.0,10.378387952282083,0.0,2725.199152100341,0.0,0.0,2227.4282991835807,0.0,0.11614441871643066,0.043515920639038086,0.5,0.0,198075.3834866824,98126.60726801203,69.92000000000004,0.0,0.0,4.981626217095399,4.981626217095399
fixed-bias,47,74.23952435413854,22.5146155849436,4439.63955879681,2217.0499112312987,162.41875879680975,0.0,4377.2208,2227.4282991835807,100.0,10.378387952282083,0.0,2733.9412628193268,0.0,0.0,2227.4282991835807,0.0,0.12141060829162598,0.041745901107788086,0.5,0.0,202515.0230454792,100343.65717924332,71.44000000000004,0.0,0.0,4.981626217095399,4.981626217095399
fixed-bias,48,76.58206955392593,21.67741093378266,4408.704156971876,2217.0499112312987,172.15695697187576,0.0,4336.5472,2227.4282991835807,100.0,10.378387952282083,0.0,2719.625861599327,0.0,0.0,2227.4282991835807,0.0,0.12216806411743164,0.043105363845825195,0.5,0.0,206923.7272024511,102560.70709047462,72.96000000000004,0.0,0.0,4.981626217095399,4.981626217095399
fixed-bias,49,71.09059662312639,24.119963025893714,4414.412038558996,2217.0499112312987,170.73043855899633,0.0,4343.6816,2227.4282991835807,100.0,10.378387952282083,0.0,2725.222773105343,0.0,0.0,2227.4282991835807,0.0,0.11423087120056152,0.04423880577087402,0.5,0.0,211338.1392410101,104777.75700170592,74.48000000000003,0.0,0.0,4.981626217095399,4.981626217095399
fixed-bias,50,73.9395542371823,22.16245150500325,4426.264891275275,2217.0499112312987,172.04409127527447,0.0,4354.2208,2227.4282991835807,100.0,10.378387952282083,0.0,2696.7212091260203,0.0,0.0,2227.4282991835807,0.0,0.12251639366149902,0.046302080154418945,0.5,0.0,215764.40413228536,106994.80691293722,76.00000000000003,0.0,0.0,4.981626217095399,4.981626217095399
fixed-bias,51,63.755396401225774,21.522120325535244,3980.4966739267065,2217.0499112312987,155.27699392670533,0.0,3925.219680000001,2227.4282991835807,100.0,10.378387952282083,0.0,2456.2239304173945,0.0,0.0,2227.4282991835807,0.0,0.12521624565124512,0.04237675666809082,0.5,0.0,219744.90080621207,109211.85682416851,77.52000000000002,0.0,0.0,4.981626217095399,4.981626217095399
fixed-bias,52,64.28181342087605,22.696410622417417,3991.2880468604303,2217.0499112312987,158.1152468604296,0.0,3933.1728000000007,2227.4282991835807,100.0,10.378387952282083,0.0,2476.351377129874,0.0,0.0,2227.4282991835807,0.0,0.14053845405578613,0.041619062423706055,0.5,0.0,223736.1888530725,111428.90673539981,79.04000000000002,0.0,0.0,4.981626217095399,4.981626217095399
fixed-bias,53,71.04117573884541,24.46719986841848,4423.364958748326,2217.0499112312987,154.98095874832487,0.0,4368.384000000001,2227.4282991835807,100.0,10.378387952282083,0.0,2743.517870283654,0.0,0.0,2227.4282991835807,0.0,0.11122417449951172,0.04066729545593262,0.5,0.0,228159.55381182084,113645.95664663111,80.56000000000002,0.0,0.0,4.981626217095399,4.981626217095399
fixed-bias,54,69.44477701234001,22.232348002433984,4428.410612378535,2217.0499112312987,152.89221237853494,0.0,4375.5184,2227.4282991835807,100.0,10.378387952282083,0.0,2754.1265046207586,0.0,0.0,2227.4282991835807,0.0,0.11688446998596191,0.04462432861328125,0.5,0.0,232587.96442419937,115863.0065578624,82.08000000000001,0.0,0.0,4.981626217095399,4.981626217095399
fixed-bias,55,71.84536135709374,21.70627799095501,4407.1071598565895,2217.0499112312987,151.34715985659034,0.0,4355.759999999999,2227.4282991835807,100.0,10.378387952282083,0.0,2714.5523048485597,0.0,0.0,2227.4282991835807,0.0,0.12636423110961914,0.04297995567321777,0.5,0.0,236995.07158405596,118080.0564690937,83.60000000000001,0.0,0.0,4.981626217095399,4.981626217095399
fixed-bias,56,71.27336299891819,24.95055733285317,4433.670289853056,2217.0499112312987,170.77588985305584,0.0,4362.8944,2227.4282991835807,100.0,10.378387952282083,0.0,2719.2124999458615,0.0,0.0,2227.4282991835807,0.0,0.11801719665527344,0.0440216064453125,0.5,0.0,241428.74187390902,120297.106380325,85.12,0.0,0.0,4.981626217095399,4.981626217095399
fixed-bias,57,70.05178991127536,23.20889173777168,4425.791858954123,2217.0499112312987,152.35825895412307,0.0,4373.4336,2227.4282991835807,100.0,10.378387952282083,0.0,2738.901777688529,0.0,0.0,2227.4282991835807,0.0,0.11437106132507324,0.04511761665344238,0.5,0.0,245854.53373286314,122514.1562915563,86.64,0.0,0.0,4.981626217095399,4.981626217095399
fixed-bias,58,62.44732074350557,21.178799008191984,3982.57684118132,2217.0499112312987,138.53348118131862,0.0,3944.0433600000015,2227.4282991835807,100.0,10.378387952282083,0.0,2505.1137209077,0.0,0.0,2227.4282991835807,0.0,0.11506462097167969,0.04535102844238281,0.5,0.0,249837.11057404446,124731.2062027876,88.16,0.0,0.0,4.981626217095399,4.981626217095399
fixed-bias,59,64.38902929786,18.825309288956277,3977.4876730946685,2217.0499112312987,142.7827130946676,0.0,3934.704960000001,2227.4282991835807,100.0,10.378387952282083,0.0,2453.1215121733794,0.0,0.0,2227.4282991835807,0.0,0.1125342845916748,0.0292813777923584,0.5,0.0,253814.59824713913,126948.25611401889,89.67999999999999,0.0,0.0,4.981626217095399,4.981626217095399
fixed-bias,60,65.40638309779442,24.067124508893922,4417.646425483845,2217.0499112312987,166.77282548384386,0.0,4350.873600000001,2227.4282991835807,100.0,10.378387952282083,0.0,2740.057328756914,0.0,0.0,2227.4282991835807,0.0,0.11490511894226074,0.04393315315246582,0.5,0.0,258232.24467262297,129165.30602525019,91.19999999999999,0.0,0.0,4.981626217095399,4.981626217095399
fixed-bias,61,68.063645224713,19.91036216054047,4412.435337591937,2217.0499112312987,152.72493759193716,0.0,4359.7104,2227.4282991835807,100.0,10.378387952282083,0.0,2734.25362918116,0.0,0.0,2227.4282991835807,0.0,0.11486530303955078,0.04578232765197754,0.5,0.0,262644.6800102149,131382.3559364815,92.71999999999998,0.0,0.0,4.981626217095399,4.981626217095399
fixed-bias,62,69.01342000636863,24.005533598879154,4407.218637508362,2217.0499112312987,170.67143750836166,0.0,4336.5472,2227.4282991835807,100.0,10.378387952282083,0.0,2726.8192146451165,0.0,0.0,2227.4282991835807,0.0,0.1294093132019043,0.03610873222351074,0.5,0.0,267051.89864772325,133599.4058477128,94.23999999999998,0.0,0.0,4.981626217095399,4.981626217095399
fixed-bias,63,68.02294997720396,23.40484375621865,4411.667829088767,2217.0499112312987,167.98622908876683,0.0,4343.6816,2227.4282991835807,100.0,10.378387952282083,0.0,2712.9746484283787,0.0,0.0,2227.4282991835807,0.0,0.1161034107208252,0.04288148880004883,0.5,0.0,271463.566476812,135816.4557589441,95.75999999999998,0.0,0.0,4.981626217095399,4.981626217095399
fixed-bias,64,66.02231015891157,24.89119038924703,4431.9185531527255,2217.0499112312987,158.48495315272515,0.0,4373.4336,2227.4282991835807,100.0,10.378387952282083,0.0,2726.127435977405,0.0,0.0,2227.4282991835807,0.0,0.12561655044555664,0.044831275939941406,0.5,0.0,275895.4850299647,138033.5056701754,97.27999999999997,0.0,0.0,4.981626217095399,4.981626217095399
fixed-bias,65,62.938945943814396,22.233144425912847,3982.484521094578,2217.0499112312987,139.97332109457702,0.0,3942.5112000000013,2227.4282991835807,100.0,10.378387952282083,0.0,2474.9797815983047,0.0,0.0,2227.4282991835807,0.0,0.10640406608581543,0.03986835479736328,0.5,0.0,279877.9695510593,140250.5555814067,98.79999999999997,0.0,0.0,4.981626217095399,4.981626217095399
fixed-bias,66,60.31213214309662,21.465166791040055,3990.2126612102547,2217.0499112312987,138.21618121025423,0.0,3951.9964800000007,2227.4282991835807,100.0,10.378387952282083,0.0,2481.9471456575134,0.0,0.0,2227.4282991835807,0.0,0.11819100379943848,0.04173779487609863,0.5,0.0,283868.1822122696,142467.605492638,100.31999999999996,0.0,0.0,4.981626217095399,4.981626217095399
fixed-bias,67,65.77484510939998,22.445162648946045,4404.99989564858,2217.0499112312987,138.31829564857884,0.0,4366.681600000001,2227.4282991835807,100.0,10.378387952282083,0.0,2725.8859193618587,0.0,0.0,2227.4282991835807,0.0,0.11898970603942871,0.04343891143798828,0.5,0.0,288273.18210791814,144684.65540386928,101.83999999999996,0.0,0.0,4.981626217095399,4.981626217095399
fixed-bias,68,67.10954927507268,21.693751947045982,4417.600880910906,2217.0499112312987,159.59288091090528,0.0,4358.008000000001,2227.4282991835807,100.0,10.378387952282083,0.0,2719.6858260646977,0.0,0.0,2227.4282991835807,0.0,0.11513471603393555,0.038745880126953125,0.5,0.0,292690.7829888291,146901.70531510058,103.35999999999996,0.0,0.0,4.981626217095399,4.981626217095399
fixed-bias,69,64.06529014238073,21.988337052490582,4385.310887246173,2217.0499112312987,152.1684872461724,0.0,4333.1424,2227.4282991835807,100.0,10.378387952282083,0.0,2719.19036870768,0.0,0.0,2227.4282991835807,0.0,0.11116385459899902,0.03288388252258301,0.5,0.0,297076.09387607523,149118.75522633188,104.87999999999995,0.0,0.0,4.981626217095399,4.981626217095399
fixed-bias,70,66.31330141728326,22.87025498453884,4405.554486274638,2217.0499112312987,140.9576862746384,0.0,4364.5968,2227.4282991835807,100.0,10.378387952282083,0.0,2725.47044807068,0.0,0.0,2227.4282991835807,0.0,0.11588239669799805,0.04343771934509277,0.5,0.0,301481.6483623499,151335.80513756318,106.39999999999995,0.0,0.0,4.981626217095399,4.981626217095399
fixed-bias,71,67.2174341679452,19.82075507354983,4406.31110976605,2217.0499112312987,136.2823097660502,0.0,4370.0288,2227.4282991835807,100.0,10.378387952282083,0.0,2748.2106046936965,0.0,0.0,2227.4282991835807,0.0,0.11068224906921387,0.042157888412475586,0.5,0.0,305887.95947211597,153552.85504879447,107.91999999999994,0.0,0.0,4.981626217095399,4.981626217095399
fixed-bias,72,58.16194922361857,19.955626252156197,3986.570386035235,2217.0499112312987,161.35070603523397,0.0,3925.219680000001,2227.4282991835807,100.0,10.378387952282083,0.0,2463.070829755876,0.0,0.0,2227.4282991835807,0.0,0.11101508140563965,0.04199671745300293,0.5,0.0,309874.5298581512,155769.90496002577,109.43999999999994,0.0,0.0,4.981626217095399,4.981626217095399
fixed-bias,73,55.062300670365424,21.25843907517822,3973.722470967725,2217.0499112312987,123.2581509677239,0.0,3950.464320000001,2227.4282991835807,100.0,10.378387952282083,0.0,2465.8197549054644,0.0,0.0,2227.4282991835807,0.0,0.1202402114868164,0.04062700271606445,0.5,0.0,313848.25232911896,157986.95487125707,110.95999999999994,0.0,0.0,4.981626217095399,4.981626217095399
fixed-bias,74,64.48514502937071,23.121770037214326,4404.931216966756,2217.0499112312987,154.05761696675538,0.0,4350.873600000001,2227.4282991835807,100.0,10.378387952282083,0.0,2731.95646337378,0.0,0.0,2227.4282991835807,0.0,0.11404085159301758,0.04373526573181152,0.5,0.0,318253.1835460857,160204.00478248837,112.47999999999993,0.0,0.0,4.981626217095399,4.981626217095399
fixed-bias,75,63.71693699619069,20.161137171281872,4423.917018341283,2217.0499112312987,146.6962183412834,0.0,4377.2208,2227.4282991835807,100.0,10.378387952282083,0.0,2728.4194151399124,0.0,0.0,2227.4282991835807,0.0,0.11535429954528809,0.04424905776977539,0.5,0.0,322677.10056442703,162421.05469371966,113.99999999999993,0.0,0.0,4.981626217095399,4.981626217095399
fixed-bias,76,63.51638972813557,21.708189730232622,4387.327842776883,2217.0499112312987,149.07824277688226,0.0,4338.2496,2227.4282991835807,100.0,10.378387952282083,0.0,2709.3290675007433,0.0,0.0,2227.4282991835807,0.0,0.11757850646972656,0.022054433822631836,0.5,0.0,327064.42840720393,164638.10460495096,115.51999999999992,0.0,0.0,4.981626217095399,4.981626217095399
fixed-bias,77,60.61197806109228,22.225340118528493,4396.106200218541,2217.0499112312987,152.4246002185407,0.0,4343.6816,2227.4282991835807,100.0,10.378387952282083,0.0,2720.210526066378,0.0,0.0,2227.4282991835807,0.0,0.10897517204284668,0.04313039779663086,0.5,0.0,331460.5346074225,166855.15451618226,117.03999999999992,0.0,0.0,4.981626217095399,4.981626217095399
fixed-bias,78,64.5585908360077,25.661627247224295,4425.057294515452,2217.0499112312987,155.0284945154516,0.0,4370.0288,2227.4282991835807,100.0,10.378387952282083,0.0,2737.9955334862943,0.0,0.0,2227.4282991835807,0.0,0.11002469062805176,0.040883779525756836,0.5,0.0,335885.5919019379,169072.20442741356,118.55999999999992,0.0,0.0,4.981626217095399,4.981626217095399
fixed-bias,79,55.91879099028677,20.70246656196347,3971.4948360378967,2217.0499112312987,127.45147603789502,0.0,3944.0433600000015,2227.4282991835807,100.0,10.378387952282083,0.0,2465.089048951965,0.0,0.0,2227.4282991835807,0.0,0.12243485450744629,0.0418391227722168,0.5,0.0,339857.0867379758,171289.25433864485,120.07999999999991,0.0,0.0,4.981626217095399,4.981626217095399
fixed-bias,80,53.59622975902753,22.13180284560607,3972.7165732667468,2217.0499112312987,120.720093266746,0.0,3951.9964800000007,2227.4282991835807,100.0,10.378387952282083,0.0,2474.835559599319,0.0,0.0,2227.4282991835807,0.0,0.11281847953796387,0.03914451599121094,0.5,0.0,343829.80331124255,173506.30424987615,121.59999999999991,0.0,0.0,4.981626217095399,4.981626217095399
fixed-bias,81,58.978915413409766,21.21855728164276,4390.4082273607355,2217.0499112312987,123.7266273607346,0.0,4366.681600000001,2227.4282991835807,100.0,10.378387952282083,0.0,2726.1547236448205,0.0,0.0,2227.4282991835807,0.0,0.11459493637084961,0.04138588905334473,0.5,0.0,348220.2115386033,175723.35416110745,123.1199999999999,0.0,0.0,4.981626217095399,4.981626217095399
fixed-bias,82,58.437271008625736,21.07338366419708,4403.9571484869775,2217.0499112312987,144.24674848697748,0.0,4359.7104,2227.4282991835807,100.0,10.378387952282083,0.0,2724.345224294198,0.0,0.0,2227.4282991835807,0.0,0.12303328514099121,0.041909217834472656,0.5,0.0,352624.1686870903,177940.40407233874,124.6399999999999,0.0,0.0,4.981626217095399,4.981626217095399
fixed-bias,83,62.14461809897603,25.177474658997905,4401.8458458983105,2217.0499112312987,149.4906458983105,0.0,4352.3552,2227.4282991835807,100.0,10.378387952282083,0.0,2714.417857502861,0.0,0.0,2227.4282991835807,0.0,0.12032413482666016,0.04578375816345215,0.5,0.0,357026.0145329886,180157.45398357004,126.1599999999999,0.0,0.0,4.981626217095399,4.981626217095399
fixed-bias,84,62.22046488779629,23.09744081791274,4399.089466859275,2217.0499112312987,136.1950668592747,0.0,4362.8944,2227.4282991835807,100.0,10.378387952282083,0.0,2724.718141994067,0.0,0.0,2227.4282991835807,0.0,0.11924219131469727,0.04091906547546387,0.5,0.0,361425.1039998479,182374.50389480134,127.6799999999999,0.0,0.0,4.981626217095399,4.981626217095399
fixed-bias,85,59.660714619294026,24.33958557165145,4407.043091285369,2217.0499112312987,154.52469128536862,0.0,4352.5184,2227.4282991835807,100.0,10.378387952282083,0.0,2731.5770518803424,0.0,0.0,2227.4282991835807,0.0,0.11188077926635742,0.039023637771606445,0.5,0.0,365832.1470911333,184591.55380603264,129.1999999999999,0.0,0.0,4.981626217095399,4.981626217095399
fixed-bias,86,56.574924098125685,18.55812961047008,3979.227069210333,2217.0499112312987,135.18370921033156,0.0,3944.0433600000015,2227.4282991835807,100.0,10.378387952282083,0.0,2454.8140007531183,0.0,0.0,2227.4282991835807,0.0,0.12357115745544434,0.04310178756713867,0.5,0.0,369811.3741603436,186808.60371726393,130.7199999999999,0.0,0.0,4.981626217095399,4.981626217095399
fixed-bias,87,53.59190945695809,19.99580201335803,3969.462735952289,2217.0499112312987,117.46625595228846,0.0,3951.9964800000007,2227.4282991835807,100.0,10.378387952282083,0.0,2469.1408896385537,0.0,0.0,2227.4282991835807,0.0,0.11248159408569336,0.04677939414978027,0.5,0.0,373780.8368962959,189025.65362849523,132.23999999999992,0.0,0.0,4.981626217095399,4.981626217095399
fixed-bias,88,60.04684230407816,22.953308354569437,4393.039396955093,2217.0499112312987,140.463396955092,0.0,4352.576000000001,2227.4282991835807,100.0,10.378387952282083,0.0,2723.902134510041,0.0,0.0,2227.4282991835807,0.0,0.11792612075805664,0.04193520545959473,0.5,0.0,378173.876293251,191242.70353972653,133.75999999999993,0.0,0.0,4.981626217095399,4.981626217095399
fixed-bias,89,60.14195686276033,24.29566299336134,4410.511089516566,2217.0499112312987,152.50308951656538,0.0,4358.008000000001,2227.4282991835807,100.0,10.378387952282083,0.0,2725.2807648948356,0.0,0.0,2227.4282991835807,0.0,0.11680102348327637,0.037871360778808594,0.5,0.0,382584.38738276757,193459.75345095783,135.27999999999994,0.0,0.0,4.981626217095399,4.981626217095399
fixed-bias,90,61.35026660835263,23.245678851953112,4392.430491041851,2217.0499112312987,138.37289104185203,0.0,4354.057599999999,2227.4282991835807,100.0,10.378387952282083,0.0,2691.270065681608,0.0,0.0,2227.4282991835807,0.0,0.10426139831542969,0.0449831485748291,0.5,0.0,386976.8178738094,195676.80336218912,136.79999999999995,0.0,0.0,4.981626217095399,4.981626217095399
fixed-bias,91,59.8737660921748,20.856730187786074,4395.010897441692,2217.0499112312987,132.11649744169193,0.0,4362.8944,2227.4282991835807,100.0,10.378387952282083,0.0,2721.2172180310527,0.0,0.0,2227.4282991835807,0.0,0.11395955085754395,0.031000852584838867,0.5,0.0,391371.82877125114,197893.85327342042,138.31999999999996,0.0,0.0,4.981626217095399,4.981626217095399
fixed-bias,92,58.994710139004816,21.28998201776202,4404.861451910466,2217.0499112312987,131.42785191046545,0.0,4373.4336,2227.4282991835807,100.0,10.378387952282083,0.0,2735.090439649221,0.0,0.0,2227.4282991835807,0.0,0.11649274826049805,0.04262948036193848,0.5,0.0,395776.6902231616,200110.90318465172,139.83999999999997,0.0,0.0,4.981626217095399,4.981626217095399
fixed-bias,93,53.63280233752471,18.894109406430882,3955.204669276645,2217.0499112312987,112.69346927664365,0.0,3942.5112000000013,2227.4282991835807,100.0,10.378387952282083,0.0,2484.1027515401256,0.0,0.0,2227.4282991835807,0.0,0.12642264366149902,0.04460597038269043,0.5,0.0,399731.89489243826,202327.95309588301,141.35999999999999,0.0,0.0,4.981626217095399,4.981626217095399
fixed-bias,94,51.70400100311114,22.443635858732016,3980.9460135503905,2217.0499112312987,132.01385355038974,0.0,3948.9321600000007,2227.4282991835807,100.0,10.378387952282083,0.0,2465.8219703897917,0.0,0.0,2227.4282991835807,0.0,0.11772584915161133,0.04297494888305664,0.5,0.0,403712.84090598865,204545.0030071143,142.88,0.0,0.0,4.981626217095399,4.981626217095399
fixed-bias,95,56.632244685914934,22.852851933501228,4396.835530051446,2217.0499112312987,128.45153005144493,0.0,4368.384000000001,2227.4282991835807,100.0,10.378387952282083,0.0,2728.8343633922145,0.0,0.0,2227.4282991835807,0.0,0.11660981178283691,0.045706748962402344,0.5,0.0,408109.6764360401,206762.0529183456,144.4,0.0,0.0,4.981626217095399,4.981626217095399
fixed-bias,96,59.020531983189386,23.81214442054662,4425.98573193756,2217.0499112312987,167.97773193755918,0.0,4358.008000000001,2227.4282991835807,100.0,10.378387952282083,0.0,2737.663090325797,0.0,0.0,2227.4282991835807,0.0,0.1136624813079834,0.04348278045654297,0.5,0.0,412535.66216797766,208979.1028295769,145.92000000000002,0.0,0.0,4.981626217095399,4.981626217095399
fixed-bias,97,58.22451609719612,19.542709990314965,4387.564413742163,2217.0499112312987,131.80441374216431,0.0,4355.759999999999,2227.4282991835807,100.0,10.378387952282083,0.0,2735.3128657911134,0.0,0.0,2227.4282991835807,0.0,0.11666035652160645,0.043003082275390625,0.5,0.0,416923.2265817198,211196.1527408082,147.44000000000003,0.0,0.0,4.981626217095399,4.981626217095399
fixed-bias,98,57.444674521712564,20.477262446391663,4398.777573500212,2217.0499112312987,135.88317350021237,0.0,4362.8944,2227.4282991835807,100.0,10.378387952282083,0.0,2722.205643245667,0.0,0.0,2227.4282991835807,0.0,0.11750388145446777,0.04450249671936035,0.5,0.0,421322.00415522006,213413.2026520395,148.96000000000004,0.0,0.0,4.981626217095399,4.981626217095399
fixed-bias,99,54.98482231484365,22.153209052684726,4397.000420267687,2217.0499112312987,144.48202026768737,0.0,4352.5184,2227.4282991835807,100.0,10.378387952282083,0.0,2719.947587927723,0.0,0.0,2227.4282991835807,0.0,0.1136782169342041,0.04361104965209961,0.5,0.0,425719.00457548775,215630.2525632708,150.48000000000005,0.0,0.0,4.981626217095399,4.981626217095399
fixed-bias,100,52.91454745711434,19.3106729000628,3975.5955955248087,2217.0499112312987,133.08439552480752,0.0,3942.5112000000013,2227.4282991835807,100.0,10.378387952282083,0.0,2459.442724874273,0.0,0.0,2227.4282991835807,0.0,0.12170600891113281,0.04466104507446289,0.5,0.0,429694.6001710126,217847.3024745021,152.00000000000006,0.0,0.0,4.981626217095399,4.981626217095399
fixed-bias,101,49.933749474122145,19.876365489589876,3966.424496692429,2217.0499112312987,114.42801669242826,0.0,3951.9964800000007,2227.4282991835807,100.0,10.378387952282083,0.0,2470.7590861181197,0.0,0.0,2227.4282991835807,0.0,0.12289738655090332,0.04254555702209473,0.5,0.0,433661.024667705,220064.3523857334,153.52000000000007,0.0,0.0,4.981626217095399,4.981626217095399
fixed-bias,102,55.07193535586938,21.741245238697864,4390.405096646095,2217.0499112312987,122.02109664609482,0.0,4368.384000000001,2227.4282991835807,100.0,10.378387952282083,0.0,2699.075336368034,0.0,0.0,2227.4282991835807,0.0,0.0917363166809082,0.03159928321838379,0.5,0.0,438051.4297643511,222281.4022969647,155.04000000000008,0.0,0.0,4.981626217095399,4.981626217095399
fixed-bias,103,53.573188138268456,24.698300518241656,4401.307032734871,2217.0499112312987,127.49103273487165,0.0,4373.816,2227.4282991835807,100.0,10.378387952282083,0.0,2730.516142059619,0.0,0.0,2227.4282991835807,0.0,0.12243056297302246,0.04242086410522461,0.5,0.0,442452.73679708596,224498.452208196,156.5600000000001,0.0,0.0,4.981626217095399,4.981626217095399
fixed-bias,104,54.654275043576,23.121358537689364,4390.578951758453,2217.0499112312987,134.81895175845315,0.0,4355.759999999999,2227.4282991835807,100.0,10.378387952282083,0.0,2715.0554682670013,0.0,0.0,2227.4282991835807,0.0,0.11339592933654785,0.0515131950378418,0.5,0.0,446843.3157488444,226715.50211942728,158.0800000000001,0.0,0.0,4.981626217095399,4.981626217095399
fixed-bias,105,56.68855799815143,22.58014409922162,4409.636941417892,2217.0499112312987,146.74254141789174,0.0,4362.8944,2227.4282991835807,100.0,10.378387952282083,0.0,2714.3443247614655,0.0,0.0,2227.4282991835807,0.0,0.11262989044189453,0.04622364044189453,0.5,0.0,451252.9526902623,228932.55203065858,159.6000000000001,0.0,0.0,4.981626217095399,4.981626217095399
fixed-bias,106,55.49911127276505,21.46111047814788,4400.85512093677,2217.0499112312987,150.03912093677016,0.0,4350.816,2227.4282991835807,100.0,10.378387952282083,0.0,2734.241019267917,0.0,0.0,2227.4282991835807,0.0,0.11216282844543457,0.05027484893798828,0.5,0.0,455653.80781119905,231149.60194188988,161.12000000000012,0.0,0.0,4.981626217095399,4.981626217095399
fixed-bias,107,50.45195242807839,19.95580473937459,3955.1717726443107,2217.0499112312987,129.95209264430954,0.0,3925.219680000001,2227.4282991835807,100.0,10.378387952282083,0.0,2434.8175587281257,0.0,0.0,2227.4282991835807,0.0,0.10898327827453613,0.022595882415771484,0.5,0.0,459608.9795838434,233366.65185312118,162.64000000000013,0.0,0.0,4.981626217095399,4.981626217095399
fixed-bias,108,50.20047809344135,19.588835576657292,3953.038827129176,2217.0499112312987,119.86602712917528,0.0,3933.1728000000007,2227.4282991835807,100.0,10.378387952282083,0.0,2451.909552071738,0.0,0.0,2227.4282991835807,0.0,0.12186431884765625,0.0464787483215332,0.5,0.0,463562.01841097255,235583.70176435247,164.16000000000014,0.0,0.0,4.981626217095399,4.981626217095399
fixed-bias,109,55.78672617513312,19.19665592324132,4374.476727818466,2217.0499112312987,127.00792781846468,0.0,4347.4688000000015,2227.4282991835807,100.0,10.378387952282083,0.0,2709.9996008158405,0.0,0.0,2227.4282991835807,0.0,0.11144638061523438,0.03832221031188965,0.5,0.0,467936.49513879104,237800.75167558377,165.68000000000015,0.0,0.0,4.981626217095399,4.981626217095399
fixed-bias,110,53.78060159181181,21.27533029051775,4392.173387559806,2217.0499112312987,114.95258755980527,0.0,4377.2208,2227.4282991835807,100.0,10.378387952282083,0.0,2737.6521557185033,0.0,0.0,2227.4282991835807,0.0,0.10656595230102539,0.04270005226135254,0.5,0.0,472328.66852635087,240017.80158681507,167.20000000000016,0.0,0.0,4.981626217095399,4.981626217095399
fixed-bias,111,56.586134313268495,20.788080531412266,4389.8994061518815,2217.0499112312987,151.64980615188148,0.0,4338.2496,2227.4282991835807,100.0,10.378387952282083,0.0,2732.061963514566,0.0,0.0,2227.4282991835807,0.0,0.12206816673278809,0.04157519340515137,0.5,0.0,476718.5679325028,242234.85149804637,168.72000000000017,0.0,0.0,4.981626217095399,4.981626217095399
fixed-bias,112,56.10645076081829,21.86663043971882,4387.32740052772,2217.0499112312987,143.64580052771953,0.0,4343.6816,2227.4282991835807,100.0,10.378387952282083,0.0,2712.406542141566,0.0,0.0,2227.4282991835807,0.0,0.11716532707214355,0.04437851905822754,0.5,0.0,481105.8953330305,244451.90140927766,170.24000000000018,0.0,0.0,4.981626217095399,4.981626217095399
fixed-bias,113,56.28930227360954,24.8523395642367,4421.082468766674,2217.0499112312987,170.2664687666736,0.0,4350.816,2227.4282991835807,100.0,10.378387952282083,0.0,2701.956885238895,0.0,0.0,2227.4282991835807,0.0,0.1282041072845459,0.04275250434875488,0.5,0.0,485526.97780179715,246668.95132050896,171.7600000000002,0.0,0.0,4.981626217095399,4.981626217095399
fixed-bias,114,48.38979969340716,19.619012567831305,3946.0063258443793,2217.0499112312987,117.72232584437808,0.0,3928.284000000001,2227.4282991835807,100.0,10.378387952282083,0.0,2461.25360435224,0.0,0.0,2227.4282991835807,0.0,0.11375784873962402,0.04227089881896973,0.5,0.0,489472.98412764154,248886.00123174026,173.2800000000002,0.0,0.0,4.981626217095399,4.981626217095399
fixed-bias,115,49.96508492343886,24.114287903761255,3975.3426001700795,2217.0499112312987,123.3461201700787,0.0,3951.9964800000007,2227.4282991835807,100.0,10.378387952282083,0.0,2471.8178523883835,0.0,0.0,2227.4282991835807,0.0,0.11658024787902832,0.04058265686035156,0.5,0.0,493448.3267278116,251103.05114297156,174.8000000000002,0.0,0.0,4.981626217095399,4.981626217095399
fixed-bias,116,59.19099261252609,23.11901488799595,4401.323092195747,2217.0499112312987,132.9390921957469,0.0,4368.384000000001,2227.4282991835807,100.0,10.378387952282083,0.0,2727.8097958377375,0.0,0.0,2227.4282991835807,0.0,0.11202073097229004,0.04098916053771973,0.5,0.0,497849.6498200073,253320.10105420285,176.32000000000022,0.0,0.0,4.981626217095399,4.981626217095399
fixed-bias,117,57.0703263394949,22.563224675029094,4401.094446398044,2217.0499112312987,123.87364639804395,0.0,4377.2208,2227.4282991835807,100.0,10.378387952282083,0.0,2733.9842704574808,0.0,0.0,2227.4282991835807,0.0,0.13129639625549316,0.043138742446899414,0.5,0.0,502250.74426640535,255537.15096543415,177.84000000000023,0.0,0.0,4.981626217095399,4.981626217095399
fixed-bias,118,54.55256411642057,24.223810352146653,4379.885966907747,2217.0499112312987,141.6363669077474,0.0,4338.2496,2227.4282991835807,100.0,10.378387952282083,0.0,2678.6640319869507,0.0,0.0,2227.4282991835807,0.0,0.1697094440460205,0.04206252098083496,0.5,0.0,506630.6302333131,257754.20087666545,179.36000000000024,0.0,0.0,4.981626217095399,4.981626217095399
fixed-bias,119,54.98692169913736,20.82383559800744,4390.317925520024,2217.0499112312987,148.33872552002356,0.0,4341.979200000001,2227.4282991835807,100.0,10.378387952282083,0.0,2684.283614435889,0.0,0.0,2227.4282991835807,0.0,0.119476318359375,0.0424344539642334,0.5,0.0,511020.9481588331,259971.25078789674,180.88000000000025,0.0,0.0,4.981626217095399,4.981626217095399
fixed-bias,120,56.02652143925963,21.932842827502135,4407.3706634959,2217.0499112312987,153.1498634959,0.0,4354.2208,2227.4282991835807,100.0,10.378387952282083,0.0,2716.416900885264,0.0,0.0,2227.4282991835807,0.0,0.11795926094055176,0.03914332389831543,0.5,0.0,515428.318822329,262188.30069912807,182.40000000000026,0.0,0.0,4.981626217095399,4.981626217095399
fixed-bias,121,48.800246541746986,22.82773664724308,3960.118644765318,2217.0499112312987,134.89896476531712,0.0,3925.219680000001,2227.4282991835807,100.0,10.378387952282083,0.0,2450.2260400393875,0.0,0.0,2227.4282991835807,0.0,0.10627126693725586,0.04090404510498047,0.5,0.0,519388.43746709434,264405.3506103594,183.92000000000027,0.0,0.0,4.981626217095399,4.981626217095399
fixed-bias,122,47.453963678782365,21.1832792243011,3978.504443908238,2217.0499112312987,128.04012390823718,0.0,3950.464320000001,2227.4282991835807,100.0,10.378387952282083,0.0,2464.8852776296303,0.0,0.0,2227.4282991835807,0.0,0.10565733909606934,0.03958940505981445,0.5,0.0,523366.94191100256,266622.4005215907,185.44000000000028,0.0,0.0,4.981626217095399,4.981626217095399
fixed-bias,123,54.48777040936975,22.48224952721972,4402.020916363413,2217.0499112312987,152.84971636341186,0.0,4349.171200000001,2227.4282991835807,100.0,10.378387952282083,0.0,2734.5096455976563,0.0,0.0,2227.4282991835807,0.0,0.12239789962768555,0.04167532920837402,0.5,0.0,527768.962827366,268839.45043282205,186.9600000000003,0.0,0.0,4.981626217095399,4.981626217095399
fixed-bias,124,53.05430965215286,24.24777651193461,4406.170633383724,2217.0499112312987,146.46023338372382,0.0,4359.7104,2227.4282991835807,100.0,10.378387952282083,0.0,2723.6620626765034,0.0,0.0,2227.4282991835807,0.0,0.11087512969970703,0.04458045959472656,0.5,0.0,532175.1334607496,271056.5003440534,188.4800000000003,0.0,0.0,4.981626217095399,4.981626217095399
fixed-bias,125,54.97065167074279,19.976705715055893,4378.217042874242,2217.0499112312987,122.4570428742427,0.0,4355.759999999999,2227.4282991835807,100.0,10.378387952282083,0.0,2712.031099425911,0.0,0.0,2227.4282991835807,0.0,0.11964607238769531,0.04163956642150879,0.5,0.0,536553.3505036238,273273.5502552847,190.0000000000003,0.0,0.0,4.981626217095399,4.981626217095399
fixed-bias,126,54.6211800617788,23.637213610099796,4408.799076654406,2217.0499112312987,145.90467665440647,0.0,4362.8944,2227.4282991835807,100.0,10.378387952282083,0.0,2746.7512263699386,0.0,0.0,2227.4282991835807,0.0,0.11699342727661133,0.04270005226135254,0.5,0.0,540962.1495802782,275490.60016651603,191.52000000000032,0.0,0.0,4.981626217095399,4.981626217095399
fixed-bias,127,57.26068036701133,22.111529594522082,4405.812584984134,2217.0499112312987,132.37898498413438,0.0,4373.4336,2227.4282991835807,100.0,10.378387952282083,0.0,2725.557649498034,0.0,0.0,2227.4282991835807,0.0,0.12045001983642578,0.04277467727661133,0.5,0.0,545367.9621652623,277707.65007774736,193.04000000000033,0.0,0.0,4.981626217095399,4.981626217095399
fixed-bias,128,47.66870372363751,19.276363500771083,3956.5642575592046,2217.0499112312987,114.05305755920348,0.0,3942.5112000000013,2227.4282991835807,100.0,10.378387952282083,0.0,2478.815319351694,0.0,0.0,2227.4282991835807,0.0,0.12276196479797363,0.04202532768249512,0.5,0.0,549324.5264228216,279924.6999889787,194.56000000000034,0.0,0.0,4.981626217095399,4.981626217095399
fixed-bias,129,50.1923890572099,19.102356145624203,3962.2432929565757,2217.0499112312987,129.07049295657512,0.0,3933.1728000000007,2227.4282991835807,100.0,10.378387952282083,0.0,2480.532606997514,0.0,0.0,2227.4282991835807,0.0,0.11779141426086426,0.044142961502075195,0.5,0.0,553286.7697157782,282141.74990021,196.08000000000035,0.0,0.0,4.981626217095399,4.981626217095399
fixed-bias,130,55.0501966815776,22.259755325368154,4393.870265090045,2217.0499112312987,142.99666509004456,0.0,4350.873600000001,2227.4282991835807,100.0,10.378387952282083,0.0,2732.8299090407236,0.0,0.0,2227.4282991835807,0.0,0.1224830150604248,0.03306102752685547,0.5,0.0,557680.6399808682,284358.79981144133,197.60000000000036,0.0,0.0,4.981626217095399,4.981626217095399
fixed-bias,131,55.655531220630856,23.073087324272876,4407.641565696482,2217.0499112312987,147.93116569648222,0.0,4359.7104,2227.4282991835807,100.0,10.378387952282083,0.0,2732.676689489823,0.0,0.0,2227.4282991835807,0.0,0.11232972145080566,0.02219390869140625,0.5,0.0,562088.2815465647,286575.84972267266,199.12000000000037,0.0,0.0,4.981626217095399,4.981626217095399
fixed-bias,132,58.142906956666344,23.641738849342403,4393.612030172625,2217.0499112312987,137.85203017262603,0.0,4355.759999999999,2227.4282991835807,100.0,10.378387952282083,0.0,2714.704757253922,0.0,0.0,2227.4282991835807,0.0,0.104827880859375,0.021116018295288086,0.5,0.0,566481.8935767373,288792.899633904,200.64000000000038,0.0,0.0,4.981626217095399,4.981626217095399
fixed-bias,133,54.40926838635454,26.017833880729995,4403.896627666068,2217.0499112312987,156.8102276660676,0.0,4347.0864,2227.4282991835807,100.0,10.378387952282083,0.0,2715.426284812878,0.0,0.0,2227.4282991835807,0.0,0.10354733467102051,0.045229196548461914,0.5,0.0,570885.7902044033,291009.9495451353,202.1600000000004,0.0,0.0,4.981626217095399,4.981626217095399
fixed-bias,134,52.69478802752972,24.029746761009548,4396.428608205952,2217.0499112312987,122.9950082059511,0.0,4373.4336,2227.4282991835807,100.0,10.378387952282083,0.0,2753.7704556656845,0.0,0.0,2227.4282991835807,0.0,0.10112428665161133,0.04203486442565918,0.5,0.0,575282.2188126093,293226.99945636664,203.6800000000004,0.0,0.0,4.981626217095399,4.981626217095399
fixed-bias,135,50.12110923974577,23.619277964272293,3964.6984728108864,2217.0499112312987,139.47879281088524,0.0,3925.219680000001,2227.4282991835807,100.0,10.378387952282083,0.0,2440.247774561259,0.0,0.0,2227.4282991835807,0.0,0.11784505844116211,0.04111361503601074,0.5,0.0,579246.9172854202,295444.04936759797,205.20000000000041,0.0,0.0,4.981626217095399,4.981626217095399
fixed-bias,136,49.076017118375184,20.811199985753426,3961.270563029325,2217.0499112312987,125.03344302932423,0.0,3936.2371200000007,2227.4282991835807,100.0,10.378387952282083,0.0,2458.008027901623,0.0,0.0,2227.4282991835807,0.0,0.10899519920349121,0.04198861122131348,0.5,0.0,583208.1878484496,297661.0992788293,206.72000000000043,0.0,0.0,4.981626217095399,4.981626217095399
fixed-bias,137,55.39032687466073,22.173933387450735,4399.440251445993,2217.0499112312987,148.56665144599222,0.0,4350.873600000001,2227.4282991835807,100.0,10.378387952282083,0.0,2713.003655024671,0.0,0.0,2227.4282991835807,0.0,0.1161351203918457,0.04267144203186035,0.5,0.0,587607.6280998955,299878.1491900606,208.24000000000044,0.0,0.0,4.981626217095399,4.981626217095399
fixed-bias,138,54.90236726991125,22.951418047622646,4395.570398408274,2217.0499112312987,134.15759840827377,0.0,4361.4128,2227.4282991835807,100.0,10.378387952282083,0.0,2736.0222977466456,0.0,0.0,2227.4282991835807,0.0,0.1132664680480957,0.04393124580383301,0.5,0.0,592003.1984983038,302095.19910129195,209.76000000000045,0.0,0.0,4.981626217095399,4.981626217095399
fixed-bias,139,57.475810546719366,25.044232654328013,4385.071430594184,2217.0499112312987,148.5242305941838,0.0,4336.5472,2227.4282991835807,100.0,10.378387952282083,0.0,2724.9074382233694,0.0,0.0,2227.4282991835807,0.0,0.10801386833190918,0.04277658462524414,0.5,0.0,596388.269928898,304312.2490125233,211.28000000000046,0.0,0.0,4.981626217095399,4.981626217095399
fixed-bias,140,54.09991123676272,22.63930256769185,4398.495549776963,2217.0499112312987,154.8139497769632,0.0,4343.6816,2227.4282991835807,100.0,10.378387952282083,0.0,2690.307894326925,0.0,0.0,2227.4282991835807,0.0,0.11655688285827637,0.04016256332397461,0.5,0.0,600786.7654786749,306529.2989237546,212.80000000000047,0.0,0.0,4.981626217095399,4.981626217095399
fixed-bias,141,55.65673241237469,21.786394809242474,4400.361424744644,2217.0499112312987,126.9278247446437,0.0,4373.4336,2227.4282991835807,100.0,10.378387952282083,0.0,2740.911761118503,0.0,0.0,2227.4282991835807,0.0,0.12871623039245605,0.04116082191467285,0.5,0.0,605187.1269034195,308746.3488349859,214.32000000000048,0.0,0.0,4.981626217095399,4.981626217095399
fixed-bias,142,46.87517623180696,17.488068480558866,3971.141804410756,2217.0499112312987,127.09844441075444,0.0,3944.0433600000015,2227.4282991835807,100.0,10.378387952282083,0.0,2438.458043524523,0.0,0.0,2227.4282991835807,0.0,0.11324143409729004,0.026468515396118164,0.5,0.0,609158.2687078302,310963.39874621725,215.8400000000005,0.0,0.0,4.981626217095399,4.981626217095399
fixed-bias,143,49.607366744555556,19.90676094966602,3972.7890031245443,2217.0499112312987,120.79252312454358,0.0,3951.9964800000007,2227.4282991835807,100.0,10.378387952282083,0.0,2485.4351332707947,0.0,0.0,2227.4282991835807,0.0,0.10642862319946289,0.04233407974243164,0.5,0.0,613131.0577109548,313180.4486574486,217.3600000000005,0.0,0.0,4.981626217095399,4.981626217095399
fixed-bias,144,54.82633952012109,24.74436869653214,4405.937306361153,2217.0499112312987,137.55330636115167,0.0,4368.384000000001,2227.4282991835807,100.0,10.378387952282083,0.0,2702.8860995514433,0.0,0.0,2227.4282991835807,0.0,0.1109769344329834,0.04273080825805664,0.5,0.0,617536.995017316,315397.4985686799,218.8800000000005,0.0,0.0,4.981626217095399,4.981626217095399
fixed-bias,145,57.445335292217685,22.38203502161649,4401.723527745294,2217.0499112312987,124.50272774529408,0.0,4377.2208,2227.4282991835807,100.0,10.378387952282083,0.0,2733.1179516939824,0.0,0.0,2227.4282991835807,0.0,0.12300825119018555,0.042478322982788086,0.5,0.0,621938.7185450613,317614.54847991123,220.40000000000052,0.0,0.0,4.981626217095399,4.981626217095399
fixed-bias,146,57.2807396718566,24.437652691867697,4387.913832079187,2217.0499112312987,153.069032079187,0.0,4334.8448,2227.4282991835807,100.0,10.378387952282083,0.0,2724.013793664727,0.0,0.0,2227.4282991835807,0.0,0.11094450950622559,0.042920589447021484,0.5,0.0,626326.6323771405,319831.59839114256,221.92000000000053,0.0,0.0,4.981626217095399,4.981626217095399
fixed-bias,147,57.42536768690892,21.715656492142788,4401.208045803118,2217.0499112312987,155.82404580311672,0.0,4345.384000000001,2227.4282991835807,100.0,10.378387952282083,0.0,2744.8890652765326,0.0,0.0,2227.4282991835807,0.0,0.12074708938598633,0.04364514350891113,0.5,0.0,630727.8404229436,322048.6483023739,223.44000000000054,0.0,0.0,4.981626217095399,4.981626217095399
fixed-bias,148,55.87313356925379,24.045761535828685,4414.015597925298,2217.0499112312987,142.2843979252977,0.0,4371.7312,2227.4282991835807,100.0,10.378387952282083,0.0,2739.9439042036997,0.0,0.0,2227.4282991835807,0.0,0.12138032913208008,0.04186248779296875,0.5,0.0,635141.8560208689,324265.6982136052,224.96000000000055,0.0,0.0,4.981626217095399,4.981626217095399
fixed-bias,149,50.1808150596057,18.633384340551064,3955.1774181565934,2217.0499112312987,112.66621815659211,0.0,3942.5112000000013,2227.4282991835807,100.0,10.378387952282083,0.0,2472.6675132568894,0.0,0.0,2227.4282991835807,0.0,0.11963629722595215,0.04227590560913086,0.5,0.0,639097.0334390255,326482.74812483654,226.48000000000056,0.0,0.0,4.981626217095399,4.981626217095399
fixed-bias,150,49.33714952819989,22.4168411965965,3980.403633460544,2217.0499112312987,128.40715346054333,0.0,3951.9964800000007,2227.4282991835807,100.0,10.378387952282083,0.0,2476.6031091845985,0.0,0.0,2227.4282991835807,0.0,0.11686992645263672,0.03722858428955078,0.5,0.0,643077.437072486,328699.79803606786,228.00000000000057,0.0,0.0,4.981626217095399,4.981626217095399
fixed-bias,151,56.68731772866042,24.27728167143354,4395.867225724244,2217.0499112312987,146.69602572424347,0.0,4349.171200000001,2227.4282991835807,100.0,10.378387952282083,0.0,2709.6670341901386,0.0,0.0,2227.4282991835807,0.0,0.12022852897644043,0.04313802719116211,0.5,0.0,647473.3042982103,330916.8479472992,229.52000000000058,0.0,0.0,4.981626217095399,4.981626217095399
fixed-bias,152,58.273506046454344,23.88853372777856,4404.050148061877,2217.0499112312987,142.63734806187722,0.0,4361.4128,2227.4282991835807,100.0,10.378387952282083,0.0,2733.3983787770053,0.0,0.0,2227.4282991835807,0.0,0.14000511169433594,0.0427396297454834,0.5,0.0,651877.3544462721,333133.8978585305,231.0400000000006,0.0,0.0,4.981626217095399,4.981626217095399
fixed-bias,153,59.155911828027946,23.204184724703445,4396.32112913043,2217.0499112312987,140.56112913043032,0.0,4355.759999999999,2227.4282991835807,100.0,10.378387952282083,0.0,2706.4958087298196,0.0,0.0,2227.4282991835807,0.0,0.12423038482666016,0.04213309288024902,0.5,0.0,656273.6755754026,335350.94776976184,232.5600000000006,0.0,0.0,4.981626217095399,4.981626217095399
fixed-bias,154,59.01824212622245,22.192795759075228,4398.6407254355,2217.0499112312987,134.04392543549952,0.0,4364.5968,2227.4282991835807,100.0,10.378387952282083,0.0,2721.382495764929,0.0,0.0,2227.4282991835807,0.0,0.12290287017822266,0.044801950454711914,0.5,0.0,660672.316300838,337567.99768099317,234.0800000000006,0.0,0.0,4.981626217095399,4.981626217095399
fixed-bias,155,57.2847582548535,24.4542266400804,4421.762551250961,2217.0499112312987,148.3289512509613,0.0,4373.4336,2227.4282991835807,100.0,10.378387952282083,0.0,2738.291959006324,0.0,0.0,2227.4282991835807,0.0,0.1223447322845459,0.04479837417602539,0.5,0.0,665094.078852089,339785.0475922245,235.60000000000062,0.0,0.0,4.981626217095399,4.981626217095399
fixed-bias,156,54.037465295888126,22.767899444533818,3985.085896344351,2217.0499112312987,141.0425363443498,0.0,3944.0433600000015,2227.4282991835807,100.0,10.378387952282083,0.0,2471.1233831962995,0.0,0.0,2227.4282991835807,0.0,0.11096906661987305,0.03843283653259277,0.5,0.0,669079.1647484334,342002.0975034558,237.12000000000063,0.0,0.0,4.981626217095399,4.981626217095399
fixed-bias,157,51.16236397647976,22.313877670076575,3969.7269487246026,2217.0499112312987,133.48982872460206,0.0,3936.2371200000007,2227.4282991835807,100.0,10.378387952282083,0.0,2454.426626396549,0.0,0.0,2227.4282991835807,0.0,0.12358617782592773,0.044538021087646484,0.5,0.0,673048.891697158,344219.14741468715,238.64000000000064,0.0,0.0,4.981626217095399,4.981626217095399
fixed-bias,158,59.7238401477613,24.40032347181823,4396.133775283522,2217.0499112312987,146.96257528352103,0.0,4349.171200000001,2227.4282991835807,100.0,10.378387952282083,0.0,2729.036570533549,0.0,0.0,2227.4282991835807,0.0,0.10281085968017578,0.03776669502258301,0.5,0.0,677445.0254724415,346436.1973259185,240.16000000000065,0.0,0.0,4.981626217095399,4.981626217095399
fixed-bias,159,62.83053530252685,24.55053667744493,4423.985103095221,2217.0499112312987,169.38190309522108,0.0,4354.6032000000005,2227.4282991835807,100.0,10.378387952282083,0.0,2703.3207677438627,0.0,0.0,2227.4282991835807,0.0,0.1164093017578125,0.028989076614379883,0.5,0.0,681869.0105755366,348653.2472371498,241.68000000000066,0.0,0.0,4.981626217095399,4.981626217095399
fixed-bias,160,58.5987893782559,21.927758965055496,4396.717694412381,2217.0499112312987,140.95769441238193,0.0,4355.759999999999,2227.4282991835807,100.0,10.378387952282083,0.0,2747.3249781518603,0.0,0.0,2227.4282991835807,0.0,0.09832382202148438,0.04398775100708008,0.5,0.0,686265.728269949,350870.2971483811,243.20000000000067,0.0,0.0,4.981626217095399,4.981626217095399
fixed-bias,161,61.75977671687062,24.497043004108868,4404.160837902651,2217.0499112312987,141.26643790265086,0.0,4362.8944,2227.4282991835807,100.0,10.378387952282083,0.0,2733.3919349114503,0.0,0.0,2227.4282991835807,0.0,0.12299823760986328,0.04299116134643555,0.5,0.0,690669.8891078517,353087.34705961245,244.72000000000068,0.0,0.0,4.981626217095399,4.981626217095399
fixed-bias,162,62.122230450043084,20.803374219214703,4402.67788425799,2217.0499112312987,151.86188425798966,0.0,4350.816,2227.4282991835807,100.0,10.378387952282083,0.0,2732.4189837951362,0.0,0.0,2227.4282991835807,0.0,0.09788131713867188,0.025435209274291992,0.5,0.0,695072.5669921096,355304.3969708438,246.2400000000007,0.0,0.0,4.981626217095399,4.981626217095399
fixed-bias,163,56.24948888826651,19.443175763820026,3963.90550516809,2217.0499112312987,119.86214516808818,0.0,3944.0433600000015,2227.4282991835807,100.0,10.378387952282083,0.0,2452.910687854652,0.0,0.0,2227.4282991835807,0.0,0.14495515823364258,0.04703378677368164,0.5,0.0,699036.4724972778,357521.4468820751,247.7600000000007,0.0,0.0,4.981626217095399,4.981626217095399
fixed-bias,164,56.87879118480694,22.339126377623476,3984.7707029228077,2217.0499112312987,134.3063829228067,0.0,3950.464320000001,2227.4282991835807,100.0,10.378387952282083,0.0,2466.222958602598,0.0,0.0,2227.4282991835807,0.0,0.11930489540100098,0.04365086555480957,0.5,0.0,703021.2432002006,359738.49679330643,249.2800000000007,0.0,0.0,4.981626217095399,4.981626217095399
fixed-bias,165,61.219687170570985,21.361518259842573,4397.6580380296,2217.0499112312987,151.89163802959845,0.0,4345.766400000001,2227.4282991835807,100.0,10.378387952282083,0.0,2735.45920934797,0.0,0.0,2227.4282991835807,0.0,0.11609745025634766,0.038846731185913086,0.5,0.0,707418.9012382302,361955.54670453776,250.80000000000072,0.0,0.0,4.981626217095399,4.981626217095399
fixed-bias,166,61.45049377696767,24.15257853326547,4412.732658112568,2217.0499112312987,153.02225811256818,0.0,4359.7104,2227.4282991835807,100.0,10.378387952282083,0.0,2730.2242310819356,0.0,0.0,2227.4282991835807,0.0,0.10329604148864746,0.03704714775085449,0.5,0.0,711831.6338963427,364172.5966157691,252.32000000000073,0.0,0.0,4.981626217095399,4.981626217095399
fixed-bias,167,61.095087016692595,22.070533101313764,4392.946066469056,2217.0499112312987,137.18606646905627,0.0,4355.759999999999,2227.4282991835807,100.0,10.378387952282083,0.0,2730.3177387064907,0.0,0.0,2227.4282991835807,0.0,0.1067662239074707,0.041611671447753906,0.5,0.0,716224.5799628118,366389.6465270004,253.84000000000074,0.0,0.0,4.981626217095399,4.981626217095399
fixed-bias,168,63.120279229465986,21.887574860256564,4394.579515828958,2217.0499112312987,149.1955158289579,0.0,4345.384000000001,2227.4282991835807,100.0,10.378387952282083,0.0,2709.8702529300435,0.0,0.0,2227.4282991835807,0.0,0.12364578247070312,0.0449223518371582,0.5,0.0,720619.1594786408,368606.69643823174,255.36000000000075,0.0,0.0,4.981626217095399,4.981626217095399
fixed-bias,169,62.083245668849976,24.161703700222404,4430.807435397358,2217.0499112312987,157.37383539735765,0.0,4373.4336,2227.4282991835807,100.0,10.378387952282083,0.0,2732.8098524779393,0.0,0.0,2227.4282991835807,0.0,0.11679291725158691,0.042088985443115234,0.5,0.0,725049.9669140382,370823.74634946306,256.88000000000073,0.0,0.0,4.981626217095399,4.981626217095399
fixed-bias,170,53.71403248739431,19.09422472623007,3970.101738292687,2217.0499112312987,126.05837829268536,0.0,3944.0433600000015,2227.4282991835807,100.0,10.378387952282083,0.0,2453.604243846599,0.0,0.0,2227.4282991835807,0.0,0.11443066596984863,0.04706263542175293,0.5,0.0,729020.0686523309,373040.7962606944,258.4000000000007,0.0,0.0,4.981626217095399,4.981626217095399
fixed-bias,171,55.13348153286514,19.396543526400574,3977.9309641528075,2217.0499112312987,125.93448415280679,0.0,3951.9964800000007,2227.4282991835807,100.0,10.378387952282083,0.0,2467.7809315619706,0.0,0.0,2227.4282991835807,0.0,0.1217963695526123,0.04710054397583008,0.5,0.0,732997.9996164837,375257.8461719257,259.9200000000007,0.0,0.0,4.981626217095399,4.981626217095399
fixed-bias,172,65.23109419914344,21.494358946740796,4403.1428007644345,2217.0499112312987,138.16360076443277,0.0,4364.979200000002,2227.4282991835807,100.0,10.378387952282083,0.0,2730.5676204978995,0.0,0.0,2227.4282991835807,0.0,0.1160736083984375,0.04047346115112305,0.5,0.0,737401.1424172481,377474.89608315704,261.4400000000007,0.0,0.0,4.981626217095399,4.981626217095399
fixed-bias,173,63.87649764135225,22.79001898103333,4412.8186937357095,2217.0499112312987,153.10829373570985,0.0,4359.7104,2227.4282991835807,100.0,10.378387952282083,0.0,2722.6610860273913,0.0,0.0,2227.4282991835807,0.0,0.11466240882873535,0.03497648239135742,0.5,0.0,741813.9611109839,379691.94599438837,262.96000000000066,0.0,0.0,4.981626217095399,4.981626217095399
fixed-bias,174,65.8050137334734,21.512821626007423,4389.698875874252,2217.0499112312987,133.9388758742524,0.0,4355.759999999999,2227.4282991835807,100.0,10.378387952282083,0.0,2719.9593982992415,0.0,0.0,2227.4282991835807,0.0,0.10724306106567383,0.0402224063873291,0.5,0.0,746203.6599868581,381908.9959056197,264.48000000000064,0.0,0.0,4.981626217095399,4.981626217095399
fixed-bias,175,63.93778206822773,22.1062178413134,4411.194293732837,2217.0499112312987,148.29989373283675,0.0,4362.8944,2227.4282991835807,100.0,10.378387952282083,0.0,2726.730161351793,0.0,0.0,2227.4282991835807,0.0,0.13090896606445312,0.04242515563964844,0.5,0.0,750614.854280591,384126.045816851,266.0000000000006,0.0,0.0,4.981626217095399,4.981626217095399
fixed-bias,176,62.386669041931036,21.562395111526513,4405.6587687408155,2217.0499112312987,153.14036874081532,0.0,4352.5184,2227.4282991835807,100.0,10.378387952282083,0.0,2739.5990011007416,0.0,0.0,2227.4282991835807,0.0,0.12103581428527832,0.04525423049926758,0.5,0.0,755020.5130493318,386343.09572808235,267.5200000000006,0.0,0.0,4.981626217095399,4.981626217095399
fixed-bias,177,58.298417239524305,19.176523121121516,3970.6099349876804,2217.0499112312987,128.09873498767897,0.0,3942.5112000000013,2227.4282991835807,100.0,10.378387952282083,0.0,2491.131043064769,0.0,0.0,2227.4282991835807,0.0,0.11057448387145996,0.044527292251586914,0.5,0.0,758991.1229843196,388560.1456393137,269.0400000000006,0.0,0.0,4.981626217095399,4.981626217095399
fixed-bias,178,59.41522926945256,21.06544790619253,3984.0388446964776,2217.0499112312987,132.0423646964768,0.0,3951.9964800000007,2227.4282991835807,100.0,10.378387952282083,0.0,2476.5411380198607,0.0,0.0,2227.4282991835807,0.0,0.11449313163757324,0.039612531661987305,0.5,0.0,762975.161829016,390777.195550545,270.56000000000057,0.0,0.0,4.981626217095399,4.981626217095399
fixed-bias,179,66.0296587233803,24.570236950537495,4433.24988843391,2217.0499112312987,182.3762884339098,0.0,4350.873600000001,2227.4282991835807,100.0,10.378387952282083,0.0,2702.5148627834333,0.0,0.0,2227.4282991835807,0.0,0.1146848201751709,0.04000520706176758,0.5,0.0,767408.41171745,392994.2454617763,272.08000000000055,0.0,0.0,4.981626217095399,4.981626217095399
fixed-bias,180,65.610394469496,23.500836817935195,4413.613270602923,2217.0499112312987,136.3924706029225,0.0,4377.2208,2227.4282991835807,100.0,10.378387952282083,0.0,2750.4306554537393,0.0,0.0,2227.4282991835807,0.0,0.1303548812866211,0.04176139831542969,0.5,0.0,771822.0249880529,395211.29537300766,273.60000000000053,0.0,0.0,4.981626217095399,4.981626217095399
fixed-bias,181,69.10753657379082,24.84304180565935,4426.8626820675945,2217.0499112312987,171.10268206759494,0.0,4355.759999999999,2227.4282991835807,100.0,10.378387952282083,0.0,2710.0663231938242,0.0,0.0,2227.4282991835807,0.0,0.12171030044555664,0.06390070915222168,0.5,0.0,776248.8876701205,397428.345284239,275.1200000000005,0.0,0.0,4.981626217095399,4.981626217095399
fixed-bias,182,67.80321109234661,23.045232004530916,4418.210976114586,2217.0499112312987,174.52937611458572,0.0,4343.6816,2227.4282991835807,100.0,10.378387952282083,0.0,2717.829798348321,0.0,0.0,2227.4282991835807,0.0,0.09834527969360352,0.04310107231140137,0.5,0.0,780667.0986462351,399645.3951954703,276.6400000000005,0.0,0.0,4.981626217095399,4.981626217095399
fixed-bias,183,67.63739347547047,21.56063740979482,4416.552336163361,2217.0499112312987,143.11873616336138,0.0,4373.4336,2227.4282991835807,100.0,10.378387952282083,0.0,2757.721144790195,0.0,0.0,2227.4282991835807,0.0,0.1120307445526123,0.02303338050842285,0.5,0.0,785083.6509823984,401862.44510670163,278.1600000000005,0.0,0.0,4.981626217095399,4.981626217095399
fixed-bias,184,60.90873342515963,23.39393602525782,3983.4552953444972,2217.0499112312987,139.4119353444957,0.0,3944.0433600000015,2227.4282991835807,100.0,10.378387952282083,0.0,2458.4645991817724,0.0,0.0,2227.4282991835807,0.0,0.1157379150390625,0.04016566276550293,0.5,0.0,789067.1062777429,404079.49501793296,279.68000000000046,0.0,0.0,4.981626217095399,4.981626217095399
fixed-bias,185,64.39650229598227,20.200283503059946,4001.9302833917127,2217.0499112312987,151.46596339171182,0.0,3950.464320000001,2227.4282991835807,100.0,10.378387952282083,0.0,2453.1178185698977,0.0,0.0,2227.4282991835807,0.0,0.11289215087890625,0.04360675811767578,0.5,0.0,793069.0365611346,406296.5449291643,281.20000000000044,0.0,0.0,4.981626217095399,4.981626217095399
fixed-bias,186,72.91439051811676,24.412990720637453,4422.622253298883,2217.0499112312987,173.45105329888273,0.0,4349.171200000001,2227.4282991835807,100.0,10.378387952282083,0.0,2702.7401116560122,0.0,0.0,2227.4282991835807,0.0,0.10593938827514648,0.04300212860107422,0.5,0.0,797491.6588144335,408513.5948403956,282.7200000000004,0.0,0.0,4.981626217095399,4.981626217095399
fixed-bias,187,71.08677553908332,22.97461524898611,4411.454421458476,2217.0499112312987,150.04162145847582,0.0,4361.4128,2227.4282991835807,100.0,10.378387952282083,0.0,2725.951771654515,0.0,0.0,2227.4282991835807,0.0,0.12839388847351074,0.02377152442932129,0.5,0.0,801903.113235892,410730.64475162694,284.2400000000004,0.0,0.0,4.981626217095399,4.981626217095399
fixed-bias,188,67.1192151031503,21.148690033457047,4408.029087398113,2217.0499112312987,152.26908739811407,0.0,4355.759999999999,2227.4282991835807,100.0,10.378387952282083,0.0,2704.075963324348,0.0,0.0,2227.4282991835807,0.0,0.1119832992553711,0.04357504844665527,0.5,0.0,806311.1423232901,412947.69466285827,285.7600000000004,0.0,0.0,4.981626217095399,4.981626217095399
fixed-bias,189,70.43912578346031,24.27910692593236,4417.780559759901,2217.0499112312987,174.09895975990065,0.0,4343.6816,2227.4282991835807,100.0,10.378387952282083,0.0,2714.305824104677,0.0,0.0,2227.4282991835807,0.0,0.11416411399841309,0.04562783241271973,0.5,0.0,810728.92288305,415164.7445740896,287.28000000000037,0.0,0.0,4.981626217095399,4.981626217095399
fixed-bias,190,67.13854558328812,22.65840195572177,4421.0852170910075,2217.0499112312987,149.35401709100697,0.0,4371.7312,2227.4282991835807,100.0,10.378387952282083,0.0,2740.595564197304,0.0,0.0,2227.4282991835807,0.0,0.11921477317810059,0.040784358978271484,0.5,0.0,815150.0081001411,417381.7944853209,288.80000000000035,0.0,0.0,4.981626217095399,4.981626217095399
fixed-bias,191,61.089734155337474,20.537169200363834,3970.805120893861,2217.0499112312987,144.05328089385978,0.0,3926.7518400000013,2227.4282991835807,100.0,10.378387952282083,0.0,2455.762213839894,0.0,0.0,2227.4282991835807,0.0,0.12054681777954102,0.04003334045410156,0.5,0.0,819120.813221035,419598.84439655225,290.32000000000033,0.0,0.0,4.981626217095399,4.981626217095399
fixed-bias,192,63.662491340690956,21.932551324066242,3991.7776205658015,2217.0499112312987,142.8454605658007,0.0,3948.9321600000007,2227.4282991835807,100.0,10.378387952282083,0.0,2476.1530222275755,0.0,0.0,2227.4282991835807,0.0,0.11712479591369629,0.0298917293548584,0.5,0.0,823112.5908416008,421815.8943077836,291.8400000000003,0.0,0.0,4.981626217095399,4.981626217095399
fixed-bias,193,70.27309508983275,24.019005274349087,4417.161177840359,2217.0499112312987,150.47957784035847,0.0,4366.681600000001,2227.4282991835807,100.0,10.378387952282083,0.0,2723.339661578809,0.0,0.0,2227.4282991835807,0.0,0.10105299949645996,0.04301285743713379,0.5,0.0,827529.7520194411,424032.9442190149,293.3600000000003,0.0,0.0,4.981626217095399,4.981626217095399
fixed-bias,194,70.02827577625989,21.51019714876259,4428.666128815971,2217.0499112312987,153.14772881597136,0.0,4375.5184,2227.4282991835807,100.0,10.378387952282083,0.0,2715.3860969719444,0.0,0.0,2227.4282991835807,0.0,0.1280686855316162,0.04300665855407715,0.5,0.0,831958.4181482571,426249.9941302462,294.8800000000003,0.0,0.0,4.981626217095399,4.981626217095399
fixed-bias,195,72.32580441960101,24.31519022182215,4419.264703994977,2217.0499112312987,182.71750399497685,0.0,4336.5472,2227.4282991835807,100.0,10.378387952282083,0.0,2716.0283098973437,0.0,0.0,2227.4282991835807,0.0,0.11882996559143066,0.04486966133117676,0.5,0.0,836377.682852252,428467.04404147755,296.40000000000026,0.0,0.0,4.981626217095399,4.981626217095399
fixed-bias,196,74.26111979640984,19.780798052886336,4422.584732032443,2217.0499112312987,157.987932032443,0.0,4364.5968,2227.4282991835807,100.0,10.378387952282083,0.0,2745.4425258608167,0.0,0.0,2227.4282991835807,0.0,0.11854219436645508,0.04063916206359863,0.5,0.0,840800.2675842845,430684.0939527089,297.92000000000024,0.0,0.0,4.981626217095399,4.981626217095399
fixed-bias,197,71.45095553392356,24.238409799896882,4433.8962158146305,2217.0499112312987,179.67541581463038,0.0,4354.2208,2227.4282991835807,100.0,10.378387952282083,0.0,2746.7571898079887,0.0,0.0,2227.4282991835807,0.0,0.12189364433288574,0.04371380805969238,0.5,0.0,845234.1638000992,432901.1438639402,299.4400000000002,0.0,0.0,4.981626217095399,4.981626217095399
fixed-bias,198,64.96544313941659,18.005468968428023,3973.327444186287,2217.0499112312987,149.63992418628544,0.0,3923.6875200000013,2227.4282991835807,100.0,10.378387952282083,0.0,2466.7070971592398,0.0,0.0,2227.4282991835807,0.0,0.11853528022766113,0.04399514198303223,0.5,0.0,849207.4912442855,435118.19377517153,300.9600000000002,0.0,0.0,4.981626217095399,4.981626217095399
fixed-bias,199,66.26418103300598,20.075113841569877,4004.9737896432043,2217.0499112312987,152.9773096432034,0.0,3951.9964800000007,2227.4282991835807,100.0,10.378387952282083,0.0,2472.484731491078,0.0,0.0,2227.4282991835807,0.0,0.1065528392791748,0.04168200492858887,0.5,0.0,853212.4650339286,437335.24368640286,302.4800000000002,0.0,0.0,4.981626217095399,4.981626217095399
fixed-bias,200,73.86155383057145,23.464294691434056,4423.196202772101,2217.0499112312987,154.8122027720997,0.0,4368.384000000001,2227.4282991835807,100.0,10.378387952282083,0.0,2753.3034333921833,0.0,0.0,2227.4282991835807,0.0,0.1247711181640625,0.03781723976135254,0.5,0.0,857635.6612367007,439552.2935976342,304.00000000000017,0.0,0.0,4.981626217095399,4.981626217095399
fixed-bias,201,75.16702471845572,22.600775897201004,4428.5460838554,2217.0499112312987,170.53808385539904,0.0,4358.008000000001,2227.4282991835807,100.0,10.378387952282083,0.0,2732.3163957028783,0.0,0.0,2227.4282991835807,0.0,0.18694186210632324,0.03435659408569336,0.5,0.0,862064.2073205562,441769.3435088655,305.52000000000015,0.0,0.0,4.981626217095399,4.981626217095399
fixed-bias,202,76.22836388852572,25.58531388822953,4420.43288464582,2188.1970460931093,164.67288464582126,0.0,4355.759999999999,2198.3160093971874,100.0,10.11896330407798,0.0,2723.3083622974027,0.0,0.0,2198.3160093971874,0.0,0.11408591270446777,0.04000210762023926,0.5,0.0,866484.6402052019,443957.5405549586,307.04000000000013,0.0,0.0,4.85710238595743,4.85710238595743
fixed-bias,203,74.33966639714576,22.68157747349098,4422.345569089779,2217.0499112312987,178.6639690897791,0.0,4343.6816,2227.4282991835807,100.0,10.378387952282083,0.0,2691.321851465045,0.0,0.0,2227.4282991835807,0.0,0.11828780174255371,0.04241132736206055,0.5,0.0,870906.9857742917,446174.59046618995,308.5600000000001,0.0,0.0,4.981626217095399,4.981626217095399
fixed-bias,204,75.87820261182219,24.36118331240573,4440.654762266229,2217.0499112312987,189.83876226622965,0.0,4350.816,2227.4282991835807,100.0,10.378387952282083,0.0,2699.9049670096438,0.0,0.0,2227.4282991835807,0.0,0.12067627906799316,0.04570579528808594,0.5,0.0,875347.6405365579,448391.6403774213,310.0800000000001,0.0,0.0,4.981626217095399,4.981626217095399
fixed-bias,205,69.66710545558354,20.629350756877724,3990.401921492182,2217.0499112312987,149.4228814921807,0.0,3940.979040000001,2227.4282991835807,100.0,10.378387952282083,0.0,2468.2587642454937,0.0,0.0,2227.4282991835807,0.0,0.11469817161560059,0.042284250259399414,0.5,0.0,879338.0424580501,450608.6902886526,311.6000000000001,0.0,0.0,4.981626217095399,4.981626217095399
fixed-bias,206,69.47570124616813,20.946778564391515,4004.4383635158747,2217.0499112312987,169.73340351587333,0.0,3934.704960000001,2227.4282991835807,100.0,10.378387952282083,0.0,2475.039359497979,0.0,0.0,2227.4282991835807,0.0,0.11497259140014648,0.04230642318725586,0.5,0.0,883342.480821566,452825.74019988393,313.12000000000006,0.0,0.0,4.981626217095399,4.981626217095399
fixed-bias,207,77.12572411695417,22.26948479512534,4431.890396532894,2217.0499112312987,179.3143965328929,0.0,4352.576000000001,2227.4282991835807,100.0,10.378387952282083,0.0,2716.5717705301213,0.0,0.0,2227.4282991835807,0.0,0.12424278259277344,0.04290151596069336,0.5,0.0,887774.3712180988,455042.79011111526,314.64000000000004,0.0,0.0,4.981626217095399,4.981626217095399
fixed-bias,208,76.70671369473838,23.776666991110393,4441.089322569333,2170.124053058528,179.67652256933206,0.0,4361.4128,2180.101056129264,100.0,9.977003070736528,0.0,2728.510638314741,0.0,0.0,2180.101056129264,0.0,0.11812520027160645,0.04066348075866699,0.5,0.0,892215.4605406681,457212.91416417377,316.16,0.0,0.0,4.788961473953533,4.788961473953533
fixed-bias,209,81.80321136307873,23.290265281214126,4432.818190536656,2217.0499112312987,177.05819053665687,0.0,4355.759999999999,2227.4282991835807,100.0,10.378387952282083,0.0,2723.438518726208,0.0,0.0,2227.4282991835807,0.0,0.12331032752990723,0.03338193893432617,0.5,0.0,896648.2787312048,459429.9640754051,317.68,0.0,0.0,4.981626217095399,4.981626217095399
fixed-bias,210,78.6036606354538,25.064270704086745,4439.315440682607,2198.9769181967167,195.6338406826067,0.0,4343.6816,2209.2133459156576,100.0,10.23642771894063,0.0,2733.1423870329327,0.0,0.0,2209.2133459156576,0.0,0.1217033863067627,0.04489588737487793,0.5,0.0,901087.5941718874,461628.9409936018,319.2,0.0,0.0,4.913485305091502,4.913485305091502
fixed-bias,211,80.49998203503635,18.933623907873827,4433.508035931547,2217.0499112312987,160.07443593154653,0.0,4373.4336,2227.4282991835807,100.0,10.378387952282083,0.0,2755.7196648394324,0.0,0.0,2227.4282991835807,0.0,0.12114858627319336,0.04560732841491699,0.5,0.0,905521.1022078189,463845.99090483313,320.71999999999997,0.0,0.0,4.981626217095399,4.981626217095399
fixed-bias,212,71.16707104317659,17.037203111271484,3992.446038777148,2217.0499112312987,148.40267877714643,0.0,3944.0433600000015,2227.4282991835807,100.0,10.378387952282083,0.0,2453.678314813488,0.0,0.0,2227.4282991835807,0.0,0.11182975769042969,0.0480799674987793,0.5,0.0,909513.548246596,466063.04081606446,322.23999999999995,0.0,0.0,4.981626217095399,4.981626217095399
fixed-bias,213,69.75134630215267,22.129738399557635,4004.2095816302253,2217.0499112312987,152.2131016302246,0.0,3951.9964800000007,2227.4282991835807,100.0,10.378387952282083,0.0,2476.7132371854577,0.0,0.0,2227.4282991835807,0.0,0.09551644325256348,0.04391741752624512,0.5,0.0,913517.7578282262,468280.0907272958,323.75999999999993,0.0,0.0,4.981626217095399,4.981626217095399
fixed-bias,214,78.94647962245057,22.735818821903937,4431.220875258853,2198.9769181967167,182.04967525885206,0.0,4349.171200000001,2209.2133459156576,100.0,10.23642771894063,0.0,2710.253594836921,0.0,0.0,2209.2133459156576,0.0,0.1355571746826172,0.04663515090942383,0.5,0.0,917948.9787034851,470479.0676454925,325.2799999999999,0.0,0.0,4.913485305091502,4.913485305091502
fixed-bias,215,79.69218979253121,24.853549999437558,4452.122168533413,2170.124053058528,174.90136853341264,0.0,4377.2208,2180.101056129264,100.0,9.977003070736528,0.0,2754.091113600899,0.0,0.0,2180.101056129264,0.0,0.10927510261535645,0.029841899871826172,0.5,0.0,922401.1008720185,472649.191698551,326.7999999999999,0.0,0.0,4.788961473953533,4.788961473953533
fixed-bias,216,80.68526400750473,20.873818116458107,4438.142747286266,2217.0499112312987,182.38274728626664,0.0,4355.759999999999,2227.4282991835807,100.0,10.378387952282083,0.0,2717.4595270381424,0.0,0.0,2227.4282991835807,0.0,0.11798381805419922,0.04590129852294922,0.5,0.0,926839.2436193047,474866.24160978233,328.3199999999999,0.0,0.0,4.981626217095399,4.981626217095399
fixed-bias,217,79.33466149503745,22.534710003184745,4436.254712601341,2217.0499112312987,171.65791260134154,0.0,4364.5968,2227.4282991835807,100.0,10.378387952282083,0.0,2718.2090123720836,0.0,0.0,2227.4282991835807,0.0,0.1140139102935791,0.03419828414916992,0.5,0.0,931275.498331906,477083.29152101366,329.83999999999986,0.0,0.0,4.981626217095399,4.981626217095399
fixed-bias,218,80.25261145838502,24.711053474938414,4448.307322978893,2198.9769181967167,197.49132297889312,0.0,4350.816,2209.2133459156576,100.0,10.23642771894063,0.0,2698.98253556353,0.0,0.0,2209.2133459156576,0.0,0.12162923812866211,0.042342185974121094,0.5,0.0,935723.8056548849,479282.26843921037,331.35999999999984,0.0,0.0,4.913485305091502,4.913485305091502
fixed-bias,219,72.52409420616554,21.334799077247645,4001.48808160315,2217.0499112312987,157.44472160314882,0.0,3944.0433600000015,2227.4282991835807,100.0,10.378387952282083,0.0,2480.925526924999,0.0,0.0,2227.4282991835807,0.0,0.12074685096740723,0.03492546081542969,0.5,0.0,939725.2937364881,481499.3183504417,332.8799999999998,0.0,0.0,4.981626217095399,4.981626217095399
fixed-bias,220,73.18503352887042,22.38643120524184,4014.5415480466363,2217.0499112312987,162.54506804663558,0.0,3951.9964800000007,2227.4282991835807,100.0,10.378387952282083,0.0,2470.550033327066,0.0,0.0,2227.4282991835807,0.0,0.10332965850830078,0.043790340423583984,0.5,0.0,943739.8352845347,483716.368261673,334.3999999999998,0.0,0.0,4.981626217095399,4.981626217095399
fixed-bias,221,83.41454036304863,22.976168288075804,4436.869245245144,2170.124053058528,170.18764524514344,0.0,4366.681600000001,2180.101056129264,100.0,9.977003070736528,0.0,2751.138991501426,0.0,0.0,2180.101056129264,0.0,0.11503481864929199,0.03608870506286621,0.5,0.0,948176.7045297798,485886.4923147315,335.9199999999998,0.0,0.0,4.788961473953533,4.788961473953533
fixed-bias,222,84.9911160564511,21.92605323957532,4454.60187600469,2154.656502077303,177.38107600468962,0.0,4377.2208,2164.5113424113015,100.0,9.85484033399857,0.0,2727.370326074856,0.0,0.0,2164.5113424113015,0.0,0.11579728126525879,0.04362916946411133,0.5,0.0,952631.3064057846,488041.1488168088,337.43999999999977,0.0,0.0,4.730323360319313,4.730323360319313
fixed-bias,223,82.87666822740407,22.910541786282657,4431.9568301591435,2198.9769181967167,177.8992301591446,0.0,4354.057599999999,2209.2133459156576,100.0,10.23642771894063,0.0,2700.484295888234,0.0,0.0,2209.2133459156576,0.0,0.09674358367919922,0.0425410270690918,0.5,0.0,957063.2632359437,490240.12573500554,338.95999999999975,0.0,0.0,4.913485305091502,4.913485305091502
fixed-bias,224,84.88548182093353,23.013732973873935,4444.990397305354,2131.5396369391137,180.39359730535364,0.0,4364.5968,2141.135052624908,100.0,9.595415685794467,0.0,2718.5352310416197,0.0,0.0,2141.135052624908,0.0,0.11630082130432129,0.04407191276550293,0.5,0.0,961508.2536332491,492371.66537194466,340.47999999999973,0.0,0.0,4.605799529181344,4.605799529181344
fixed-bias,225,83.5869581133221,20.895749651940154,4438.317431871294,2160.3925020773027,164.88383187129298,0.0,4373.4336,2170.2473424113014,100.0,9.85484033399857,0.0,2733.0367960916624,0.0,0.0,2170.2473424113014,0.0,0.11440753936767578,0.0419461727142334,0.5,0.0,965946.5710651204,494532.057874022,341.9999999999997,0.0,0.0,4.730323360319313,4.730323360319313
fixed-bias,226,77.09530981475741,20.88301721622349,4005.365345920779,2217.0499112312987,178.61350592077807,0.0,3926.7518400000013,2227.4282991835807,100.0,10.378387952282083,0.0,2460.3873877403967,0.0,0.0,2227.4282991835807,0.0,0.12328243255615234,0.04368329048156738,0.5,0.0,969951.9364110412,496749.1077852533,343.5199999999997,0.0,0.0,4.981626217095399,4.981626217095399
fixed-bias,227,75.27074084518883,19.713568189845162,4004.149457246014,2217.0499112312987,152.15297724601328,0.0,3951.9964800000007,2227.4282991835807,100.0,10.378387952282083,0.0,2486.0321996745615,0.0,0.0,2227.4282991835807,0.0,0.12172341346740723,0.04007434844970703,0.5,0.0,973956.0858682872,498966.15769648465,345.0399999999997,0.0,0.0,4.981626217095399,4.981626217095399
fixed-bias,228,84.2937320143834,20.424489438787756,4436.489762762864,2170.124053058528,168.1057627628635,0.0,4368.384000000001,2180.101056129264,100.0,9.977003070736528,0.0,2731.882383549769,0.0,0.0,2180.101056129264,0.0,0.11766195297241211,0.0417788028717041,0.5,0.0,978392.5756310502,501136.28174954315,346.55999999999966,0.0,0.0,4.788961473953533,4.788961473953533
fixed-bias,229,84.89367479375393,20.709826052407884,4447.302207114237,2131.5396369391137,187.59180711423718,0.0,4359.7104,2141.135052624908,100.0,9.595415685794467,0.0,2722.667375048029,0.0,0.0,2141.135052624908,0.0,0.12216067314147949,0.04426121711730957,0.5,0.0,982839.8778381645,503267.8213864823,348.07999999999964,0.0,0.0,4.605799529181344,4.605799529181344
fixed-bias,230,88.46501449390422,27.347272545546364,4447.504581653299,2119.8996369391134,191.74458165329978,0.0,4355.759999999999,2129.4950526249077,100.0,9.595415685794467,0.0,2711.9691853025643,0.0,0.0,2129.4950526249077,0.0,0.11893844604492188,0.04326963424682617,0.5,0.0,987287.3824198177,505387.7210234214,349.5999999999996,0.0,0.0,4.605799529181344,4.605799529181344
fixed-bias,231,88.78991491053712,25.05061904001668,4453.741328210527,2131.5396369391137,189.14452821052714,0.0,4364.5968,2141.135052624908,100.0,9.595415685794467,0.0,2740.1164515031787,0.0,0.0,2141.135052624908,0.0,0.11759376525878906,0.03611636161804199,0.5,0.0,991741.1237480283,507519.2606603605,351.1199999999996,0.0,0.0,4.605799529181344,4.605799529181344
fixed-bias,232,84.34409027993597,24.02585679042642,4446.568480030336,2131.5396369391137,173.13488003033544,0.0,4373.4336,2141.135052624908,100.0,9.595415685794467,0.0,2725.8785843842634,0.0,0.0,2141.135052624908,0.0,0.1261591911315918,0.02014327049255371,0.5,0.0,996187.6922280586,509650.80029729963,352.6399999999996,0.0,0.0,4.605799529181344,4.605799529181344
fixed-bias,233,80.16942590497666,21.351022102089512,3998.108510248421,2188.1970460931093,174.42099024841957,0.0,3923.6875200000013,2198.3160093971874,100.0,10.11896330407798,0.0,2446.7262081467397,0.0,0.0,2198.3160093971874,0.0,0.10900497436523438,0.04385638236999512,0.5,0.0,1000185.800738307,511838.99734339275,354.15999999999957,0.0,0.0,4.85710238595743,4.85710238595743
fixed-bias,234,80.93097097381752,21.87044849713116,4019.4553642205674,2217.0499112312987,184.75040422056605,0.0,3934.704960000001,2227.4282991835807,100.0,10.378387952282083,0.0,2476.016134869228,0.0,0.0,2227.4282991835807,0.0,0.11992406845092773,0.04236245155334473,0.5,0.0,1004205.2561025275,514056.0472546241,355.67999999999955,0.0,0.0,4.981626217095399,4.981626217095399
fixed-bias,235,90.16215652691652,22.032637217114807,4446.895430169295,2164.3880530585275,178.51143016929416,0.0,4368.384000000001,2174.365056129264,100.0,9.977003070736528,0.0,2726.199651910867,0.0,0.0,2174.365056129264,0.0,0.12387490272521973,0.043117523193359375,0.5,0.0,1008652.1515326968,516220.4353076826,357.19999999999953,0.0,0.0,4.788961473953533,4.788961473953533
fixed-bias,236,89.85759965681564,19.52090896940532,4459.7322382877255,2125.7196369391136,182.5114382877259,0.0,4377.2208,2135.315052624908,100.0,9.595415685794467,0.0,2744.005829350908,0.0,0.0,2135.315052624908,0.0,0.11130571365356445,0.04266977310180664,0.5,0.0,1013111.8837709845,518346.1549446217,358.7199999999995,0.0,0.0,4.605799529181344,4.605799529181344
fixed-bias,237,88.46347809801284,20.990200385194644,4418.610124625635,2170.124053058528,183.76532462563515,0.0,4334.8448,2180.101056129264,100.0,9.977003070736528,0.0,2704.3368018183505,0.0,0.0,2180.101056129264,0.0,0.10703063011169434,0.04204988479614258,0.5,0.0,1017530.4938956101,520516.27899768023,360.2399999999995,0.0,0.0,4.788961473953533,4.788961473953533
fixed-bias,238,91.52328704600946,23.90787531788533,4463.036381452497,2119.9836369391137,215.949981452497,0.0,4347.0864,2129.579052624908,100.0,9.595415685794467,0.0,2712.919788368901,0.0,0.0,2129.579052624908,0.0,0.11725521087646484,0.04577279090881348,0.5,0.0,1021993.5302770626,522636.2626346194,361.7599999999995,0.0,0.0,4.605799529181344,4.605799529181344
fixed-bias,239,92.57678459690737,19.91384434728242,4457.9939826440095,2119.9836369391137,184.56038264400962,0.0,4373.4336,2129.579052624908,100.0,9.595415685794467,0.0,2728.0015619013047,0.0,0.0,2129.579052624908,0.0,0.1267709732055664,0.0444028377532959,0.5,0.0,1026451.5242597066,524756.2462715585,363.27999999999946,0.0,0.0,4.605799529181344,4.605799529181344
fixed-bias,240,80.96556862702896,18.702788108699057,3998.8703437431095,2217.0499112312987,172.11850374310836,0.0,3926.7518400000013,2227.4282991835807,100.0,10.378387952282083,0.0,2440.012754725928,0.0,0.0,2227.4282991835807,0.0,0.11920475959777832,0.043805837631225586,0.5,0.0,1030450.3946034497,526973.2961827897,364.79999999999944,0.0,0.0,4.981626217095399,4.981626217095399
fixed-bias,241,80.57278543384025,16.87480313618073,4000.7465128726135,2217.0499112312987,167.57371287261242,0.0,3933.1728000000007,2227.4282991835807,100.0,10.378387952282083,0.0,2457.1932876588935,0.0,0.0,2227.4282991835807,0.0,0.14967775344848633,0.04682564735412598,0.5,0.0,1034451.1411163224,529190.346094021,366.3199999999994,0.0,0.0,4.981626217095399,4.981626217095399
fixed-bias,242,90.97204208996767,25.78699334250964,4453.815908074538,2211.649911231298,204.64470807453702,0.0,4349.171200000001,2222.02829918358,100.0,10.378387952282083,0.0,2716.519273909862,0.0,0.0,2222.02829918358,0.0,0.11455798149108887,0.04306197166442871,0.5,0.0,1038904.9570243969,531401.9960052522,367.8399999999994,0.0,0.0,4.981626217095399,4.981626217095399
fixed-bias,243,93.54669654038985,22.87856743779303,4457.183036124319,2211.649911231298,195.7702361243191,0.0,4361.4128,2222.02829918358,100.0,10.378387952282083,0.0,2713.7878896473003,0.0,0.0,2222.02829918358,0.0,0.11634349822998047,0.04274725914001465,0.5,0.0,1043362.1400605212,533613.6459164835,369.3599999999994,0.0,0.0,4.981626217095399,4.981626217095399
fixed-bias,244,92.30080929022358,23.62637994118057,4444.96155748524,2211.649911231298,190.9039574852406,0.0,4354.057599999999,2222.02829918358,100.0,10.378387952282083,0.0,2708.7652002589857,0.0,0.0,2222.02829918358,0.0,0.1141507625579834,0.04311013221740723,0.5,0.0,1047807.1016180065,535825.2958277147,370.87999999999937,0.0,0.0,4.981626217095399,4.981626217095399
fixed-bias,245,90.24680202180939,21.73849141629442,4455.455022060656,2211.649911231298,192.56062206065553,0.0,4362.8944,2222.02829918358,100.0,10.378387952282083,0.0,2723.945355970244,0.0,0.0,2222.02829918358,0.0,0.11742687225341797,0.022029876708984375,0.5,0.0,1052262.5566400671,538036.945738946,372.39999999999935,0.0,0.0,4.981626217095399,4.981626217095399
fixed-bias,246,94.62163452947846,26.116232687698133,4469.664448786865,2211.649911231298,215.4436487868656,0.0,4354.2208,2222.02829918358,100.0,10.378387952282083,0.0,2719.5288858120816,0.0,0.0,2222.02829918358,0.0,0.10767436027526855,0.03599977493286133,0.5,0.0,1056732.221088854,540248.5956501772,373.91999999999933,0.0,0.0,4.981626217095399,4.981626217095399
fixed-bias,247,83.23722394124384,18.677784010296165,4007.1621762587793,2217.0499112312987,164.65097625877792,0.0,3942.5112000000013,2227.4282991835807,100.0,10.378387952282083,0.0,2455.6202092663602,0.0,0.0,2227.4282991835807,0.0,0.12003445625305176,0.041811466217041016,0.5,0.0,1060739.3832651128,542465.6455614085,375.4399999999993,0.0,0.0,4.981626217095399,4.981626217095399
fixed-bias,248,81.96593440785772,18.275953253347865,4016.4615646239763,2217.0499112312987,164.46508462397594,0.0,3951.9964800000007,2227.4282991835807,100.0,10.378387952282083,0.0,2458.4796969726717,0.0,0.0,2227.4282991835807,0.0,0.1191554069519043,0.04352998733520508,0.5,0.0,1064755.8448297367,544682.6954726398,376.9599999999993,0.0,0.0,4.981626217095399,4.981626217095399
fixed-bias,249,91.63068571762524,24.05925068392158,4471.602126504639,2211.649911231298,222.43092650463842,0.0,4349.171200000001,2222.02829918358,100.0,10.378387952282083,0.0,2713.56297443268,0.0,0.0,2222.02829918358,0.0,0.12063097953796387,0.042699337005615234,0.5,0.0,1069227.4469562413,546894.345383871,378.4799999999993,0.0,0.0,4.981626217095399,4.981626217095399
fixed-bias,250,94.04307611621141,23.67109665974906,4469.164477778456,2211.649911231298,191.94367777845594,0.0,4377.2208,2222.02829918358,100.0,10.378387952282083,0.0,2737.8901501168452,0.0,0.0,2222.02829918358,0.0,0.12266731262207031,0.03298354148864746,0.5,0.0,1073696.6114340196,549105.9952951022,379.99999999999926,0.0,0.0,4.981626217095399,4.981626217095399
fixed-bias,251,93.98507856350938,21.957730783025347,4435.081507133231,2217.0499112312987,179.3215071332311,0.0,4355.759999999999,2227.4282991835807,100.0,10.378387952282083,0.0,2731.534720796638,0.0,0.0,2227.4282991835807,0.0,0.11218476295471191,0.04331183433532715,0.5,0.0,1078131.692941153,551323.0452063335,381.51999999999924,0.0,0.0,4.981626217095399,4.981626217095399
fixed-bias,252,94.498245163913,20.998824630532194,4445.7966943559295,2211.649911231298,198.7102943559291,0.0,4347.0864,2222.02829918358,100.0,10.378387952282083,0.0,2719.864754503555,0.0,0.0,2222.02829918358,0.0,0.12266182899475098,0.04463672637939453,0.5,0.0,1082577.489635509,553534.6951175648,383.0399999999992,0.0,0.0,4.981626217095399,4.981626217095399
fixed-bias,253,90.73077794292023,22.765639694755023,4454.353218847356,2217.0499112312987,201.8348188473568,0.0,4352.5184,2227.4282991835807,100.0,10.378387952282083,0.0,2694.9727470677176,0.0,0.0,2227.4282991835807,0.0,0.11675620079040527,0.0324406623840332,0.5,0.0,1087031.8428543564,555751.745028796,384.5599999999992,0.0,0.0,4.981626217095399,4.981626217095399
fixed-bias,254,86.96525604470567,19.94452012224757,4012.273180093878,2211.649911231298,188.5856600938769,0.0,3923.6875200000013,2222.02829918358,100.0,10.378387952282083,0.0,2465.507493931096,0.0,0.0,2222.02829918358,0.0,0.11854743957519531,0.04255366325378418,0.5,0.0,1091044.1160344502,557963.3949400273,386.0799999999992,0.0,0.0,4.981626217095399,4.981626217095399
fixed-bias,255,88.03474561561461,20.540611646262047,4022.1757921156195,2211.649911231298,170.1793121156189,0.0,3951.9964800000007,2222.02829918358,100.0,10.378387952282083,0.0,2473.4579635548885,0.0,0.0,2222.02829918358,0.0,0.10634040832519531,0.042882680892944336,0.5,0.0,1095066.2918265657,560175.0448512585,387.59999999999917,0.0,0.0,4.981626217095399,4.981626217095399
fixed-bias,256,95.61854811498544,22.86994348272615,4449.090232693623,2211.649911231298,198.2166326936217,0.0,4350.873600000001,2222.02829918358,100.0,10.378387952282083,0.0,2734.840582736268,0.0,0.0,2222.02829918358,0.0,0.1385800838470459,0.042009592056274414,0.5,0.0,1099515.3820592593,562386.6947624898,389.11999999999915,0.0,0.0,4.981626217095399,4.981626217095399
fixed-bias,257,95.84009609419581,21.611055895079513,4467.581017042619,2211.649911231298,190.3602170426195,0.0,4377.2208,2222.02829918358,100.0,10.378387952282083,0.0,2746.0123339173906,0.0,0.0,2222.02829918358,0.0,0.12027883529663086,0.04353666305541992,0.5,0.0,1103982.9630763019,564598.344673721,390.63999999999913,0.0,0.0,4.981626217095399,4.981626217095399
fixed-bias,258,97.00127917814854,23.41812086543842,4440.582656558315,2211.649911231298,184.82265655831546,0.0,4355.759999999999,2222.02829918358,100.0,10.378387952282083,0.0,2731.1913635588166,0.0,0.0,2222.02829918358,0.0,0.11544990539550781,0.04384422302246094,0.5,0.0,1108423.5457328602,566809.9945849522,392.1599999999991,0.0,0.0,4.981626217095399,4.981626217095399
fixed-bias,259,95.58346017315306,22.273946065831282,4459.678627961783,2211.649911231298,196.78422796178296,0.0,4362.8944,2222.02829918358,100.0,10.378387952282083,0.0,2715.391335945763,0.0,0.0,2222.02829918358,0.0,0.11422586441040039,0.04259634017944336,0.5,0.0,1112883.224360822,569021.6444961835,393.6799999999991,0.0,0.0,4.981626217095399,4.981626217095399
fixed-bias,260,97.15403959963383,25.340035721347224,4469.214083942986,2211.649911231298,218.39808394298623,0.0,4350.816,2222.02829918358,100.0,10.378387952282083,0.0,2713.0965142240557,0.0,0.0,2222.02829918358,0.0,0.11948800086975098,0.04250311851501465,0.5,0.0,1117352.438444765,571233.2944074147,395.1999999999991,0.0,0.0,4.981626217095399,4.981626217095399
fixed-bias,261,86.29101336419622,22.47659420492121,4023.414089859265,2217.0499112312987,179.3707298592637,0.0,3944.0433600000015,2227.4282991835807,100.0,10.378387952282083,0.0,2464.1022387040293,0.0,0.0,2227.4282991835807,0.0,0.11494588851928711,0.037285566329956055,0.5,0.0,1121375.8525346243,573450.344318646,396.71999999999906,0.0,0.0,4.981626217095399,4.981626217095399
fixed-bias,262,88.01951304722634,20.01946273177169,4024.3872076471607,2211.649911231298,191.21440764715965,0.0,3933.1728000000007,2222.02829918358,100.0,10.378387952282083,0.0,2456.117220987329,0.0,0.0,2222.02829918358,0.0,0.10186433792114258,0.04259514808654785,0.5,0.0,1125400.2397422714,575661.9942298773,398.23999999999904,0.0,0.0,4.981626217095399,4.981626217095399
fixed-bias,263,96.15877211030663,22.9674345754542,4455.631312517347,2211.649911231298,187.24731251734661,0.0,4368.384000000001,2222.02829918358,100.0,10.378387952282083,0.0,2738.5345329268926,0.0,0.0,2222.02829918358,0.0,0.1240091323852539,0.041845083236694336,0.5,0.0,1129855.8710547888,577873.6441411085,399.759999999999,0.0,0.0,4.981626217095399,4.981626217095399
fixed-bias,264,97.51736117101059,23.261750912499227,4470.936177188336,2211.649911231298,212.9281771883353,0.0,4358.008000000001,2222.02829918358,100.0,10.378387952282083,0.0,2724.231094254549,0.0,0.0,2222.02829918358,0.0,0.11462783813476562,0.04160046577453613,0.5,0.0,1134326.807231977,580085.2940523397,401.279999999999,0.0,0.0,4.981626217095399,4.981626217095399
fixed-bias,265,98.5724263014838,21.760738409350676,4440.2345253036165,2229.18226166091,184.4745253036169,17.949017096278507,4355.759999999999,2222.02829918358,100.0,10.795054618948749,0.0,2725.3102311766415,0.0,0.0,2222.02829918358,0.0,0.11505866050720215,0.04240751266479492,0.5,0.004166666666666666,1138767.0417572807,582314.4763140007,402.799999999999,0.19999999999999996,0.19999999999999996,4.981626217095399,5.181626217095399
fixed-bias,266,99.05460751540731,20.206257019665884,4447.376678159076,2211.649911231298,182.77987815907557,0.0,4364.5968,2222.02829918358,100.0,10.378387952282083,0.0,2718.6886524260303,0.0,0.0,2222.02829918358,0.0,0.1129155158996582,0.04204726219177246,0.5,0.0,1143214.4184354397,584526.1262252319,404.31999999999897,0.19999999999999996,0.0,4.981626217095399,4.981626217095399
fixed-bias,267,101.1484823529626,22.19959456711976,4467.6093021824345,2234.459138925623,194.17570218243443,23.22589436099153,4373.4336,2222.02829918358,100.0,10.795054618948749,0.0,2742.5074353156815,0.0,0.0,2222.02829918358,0.0,0.09969520568847656,0.043482303619384766,0.5,0.004166666666666666,1147682.0277376221,586760.5853641576,405.83999999999895,0.3999999999999999,0.19999999999999996,4.981626217095399,5.181626217095399
fixed-bias,268,88.9113050780013,18.065317082129315,4015.469253971706,2217.0499112312987,188.71741397170507,0.0,3926.7518400000013,2227.4282991835807,100.0,10.378387952282083,0.0,2464.4880194547973,0.0,0.0,2227.4282991835807,0.0,0.1070241928100586,0.042603492736816406,0.5,0.0,1151697.4969915939,588977.6352753888,407.35999999999893,0.3999999999999999,0.0,4.981626217095399,4.981626217095399
fixed-bias,269,88.78165905125485,19.157777140445912,4029.7756896036217,2211.649911231298,195.07072960362117,0.0,3934.704960000001,2222.02829918358,100.0,10.378387952282083,0.0,2465.491438102502,0.0,0.0,2222.02829918358,0.0,0.1117398738861084,0.043578386306762695,0.5,0.0,1155727.2726811974,591189.2851866201,408.8799999999989,0.3999999999999999,0.0,4.981626217095399,4.981626217095399
fixed-bias,270,99.31046294137246,19.47677183164167,4449.978002106889,2211.649911231298,181.59400210688818,0.0,4368.384000000001,2222.02829918358,100.0,10.378387952282083,0.0,2711.6472190890213,0.0,0.0,2222.02829918358,0.0,0.11924958229064941,0.04503202438354492,0.5,0.0,1160177.2506833044,593400.9350978513,410.3999999999989,0.3999999999999999,0.0,4.981626217095399,4.981626217095399
fixed-bias,271,99.45083332887152,21.92083418263438,4467.438843191357,2211.649911231298,209.4308431913557,0.0,4358.008000000001,2222.02829918358,100.0,10.378387952282083,0.0,2737.180822874311,0.0,0.0,2222.02829918358,0.0,0.12600922584533691,0.04112362861633301,0.5,0.0,1164644.6895264958,595612.5850090826,411.9199999999989,0.3999999999999999,0.0,4.981626217095399,4.981626217095399
fixed-bias,272,99.90596117670475,22.24431919705356,4456.748779170691,2211.649911231298,200.9887791706916,0.0,4355.759999999999,2222.02829918358,100.0,10.378387952282083,0.0,2747.576948347555,0.0,0.0,2222.02829918358,0.0,0.12712883949279785,0.03628659248352051,0.5,0.0,1169101.4383056664,597824.2349203138,413.43999999999886,0.3999999999999999,0.0,4.981626217095399,4.981626217095399
fixed-bias,273,102.14663386476366,21.991673125620075,4457.808906636313,2211.649911231298,193.21210663631268,0.0,4364.5968,2222.02829918358,100.0,10.378387952282083,0.0,2725.184691779081,0.0,0.0,2222.02829918358,0.0,0.10835075378417969,0.04178619384765625,0.5,0.0,1173559.2472123026,600035.8848315451,414.95999999999884,0.3999999999999999,0.0,4.981626217095399,4.981626217095399
fixed-bias,274,100.49691455142003,22.667150508681537,4464.177389228945,2211.649911231298,208.25418922894474,0.0,4355.9232,2222.02829918358,100.0,10.378387952282083,0.0,2728.5265706687387,0.0,0.0,2222.02829918358,0.0,0.16086292266845703,0.04278230667114258,0.5,0.0,1178023.4246015316,602247.5347427763,416.4799999999988,0.3999999999999999,0.0,4.981626217095399,4.981626217095399
fixed-bias,275,93.33712924625365,20.301727691604043,4024.8766069968297,2217.0499112312987,180.8332469968278,0.0,3944.0433600000015,2227.4282991835807,100.0,10.378387952282083,0.0,2445.657449327732,0.0,0.0,2227.4282991835807,0.0,0.11739921569824219,0.0427396297454834,0.5,0.0,1182048.3012085285,604464.5846540076,417.9999999999988,0.3999999999999999,0.0,4.981626217095399,4.981626217095399
fixed-bias,276,92.31014295271767,22.162046754061752,4024.254036328268,2217.0499112312987,189.5490763282665,0.0,3934.704960000001,2227.4282991835807,100.0,10.378387952282083,0.0,2444.1505684631184,0.0,0.0,2227.4282991835807,0.0,0.11749005317687988,0.042844533920288086,0.5,0.0,1186072.5552448567,606681.6345652388,419.5199999999988,0.3999999999999999,0.0,4.981626217095399,4.981626217095399
fixed-bias,277,104.48877977418033,23.93562070402709,4485.74925334648,2211.649911231298,217.3652533464792,0.0,4368.384000000001,2222.02829918358,100.0,10.378387952282083,0.0,2728.3068149908295,0.0,0.0,2222.02829918358,0.0,0.11536884307861328,0.043581247329711914,0.5,0.0,1190558.3044982033,608893.2844764701,421.03999999999877,0.3999999999999999,0.0,4.981626217095399,4.981626217095399
fixed-bias,278,103.39119140770163,22.799893232570955,4480.647976791055,2211.649911231298,220.93757679105536,0.0,4359.7104,2222.02829918358,100.0,10.378387952282083,0.0,2719.4491970684157,0.0,0.0,2222.02829918358,0.0,0.10974979400634766,0.04010748863220215,0.5,0.0,1195038.9524749944,611104.9343877013,422.55999999999875,0.3999999999999999,0.0,4.981626217095399,4.981626217095399
fixed-bias,279,101.74279442022078,23.80231671886622,4466.037427303938,2211.649911231298,210.27742730393854,0.0,4355.759999999999,2222.02829918358,100.0,10.378387952282083,0.0,2715.4389093310624,0.0,0.0,2222.02829918358,0.0,0.12047362327575684,0.041780948638916016,0.5,0.0,1199504.9899022982,613316.5842989326,424.07999999999873,0.3999999999999999,0.0,4.981626217095399,4.981626217095399
fixed-bias,280,103.1608835773136,22.39758351571945,4464.714468466767,2211.649911231298,200.11766846676713,0.0,4364.5968,2222.02829918358,100.0,10.378387952282083,0.0,2712.2201275081948,0.0,0.0,2222.02829918358,0.0,0.1299450397491455,0.042536258697509766,0.5,0.0,1203969.704370765,615528.2342101638,425.5999999999987,0.3999999999999999,0.0,4.981626217095399,4.981626217095399
fixed-bias,281,102.28009389357344,19.841461908592024,4474.959605914839,2211.649911231298,201.52600591483832,0.0,4373.4336,2222.02829918358,100.0,10.378387952282083,0.0,2738.9926580297615,0.0,0.0,2222.02829918358,0.0,0.11797451972961426,0.045386314392089844,0.5,0.0,1208444.6639766798,617739.8841213951,427.1199999999987,0.3999999999999999,0.0,4.981626217095399,4.981626217095399
fixed-bias,282,92.30962813833519,20.245777911293082,4018.0371072956113,2211.649911231298,189.75310729561062,0.0,3928.284000000001,2222.02829918358,100.0,10.378387952282083,0.0,2456.2567066972542,0.0,0.0,2222.02829918358,0.0,0.12761616706848145,0.044083356857299805,0.5,0.0,1212462.7010839754,619951.5340326263,428.6399999999987,0.3999999999999999,0.0,4.981626217095399,4.981626217095399
fixed-bias,283,91.61323634496013,19.90853122765057,4042.0782975344146,2217.0499112312987,191.61397753441403,0.0,3950.464320000001,2227.4282991835807,100.0,10.378387952282083,0.0,2458.267612973877,0.0,0.0,2227.4282991835807,0.0,0.1274399757385254,0.04421257972717285,0.5,0.0,1216504.7793815099,622168.5839438576,430.15999999999866,0.3999999999999999,0.0,4.981626217095399,4.981626217095399
fixed-bias,284,103.29514017827,21.882973449135232,4469.722738648261,2211.649911231298,218.84913864826004,0.0,4350.873600000001,2222.02829918358,100.0,10.378387952282083,0.0,2722.8704923815867,0.0,0.0,2222.02829918358,0.0,0.10638189315795898,0.04292154312133789,0.5,0.0,1220974.5021201582,624380.2338550888,431.67999999999864,0.3999999999999999,0.0,4.981626217095399,4.981626217095399
fixed-bias,285,104.9856975988768,23.662272340653576,4488.945881016487,2211.649911231298,213.42748101648743,0.0,4375.5184,2222.02829918358,100.0,10.378387952282083,0.0,2743.2587989628078,0.0,0.0,2222.02829918358,0.0,0.11435723304748535,0.04395699501037598,0.5,0.0,1225463.4480011747,626591.8837663201,433.1999999999986,0.3999999999999999,0.0,4.981626217095399,4.981626217095399
fixed-bias,286,104.11401093086876,21.823835467010596,4457.0034645030155,2211.649911231298,220.45626450301575,0.0,4336.5472,2222.02829918358,100.0,10.378387952282083,0.0,2713.645483109468,0.0,0.0,2222.02829918358,0.0,0.1234738826751709,0.03463006019592285,0.5,0.0,1229920.4514656777,628803.5336775513,434.7199999999986,0.3999999999999999,0.0,4.981626217095399,4.981626217095399
fixed-bias,287,102.53923131636816,23.527711950363425,4486.18043441306,2211.649911231298,221.5836344130598,0.0,4364.5968,2222.02829918358,100.0,10.378387952282083,0.0,2727.4128167034323,0.0,0.0,2222.02829918358,0.0,0.1258692741394043,0.042700767517089844,0.5,0.0,1234406.6319000907,631015.1835887826,436.2399999999986,0.3999999999999999,0.0,4.981626217095399,4.981626217095399
fixed-bias,288,104.46141685391304,22.871359766529967,4474.33629475115,2211.649911231298,220.11549475114975,0.0,4354.2208,2222.02829918358,100.0,10.378387952282083,0.0,2752.6758498362683,0.0,0.0,2222.02829918358,0.0,0.1161503791809082,0.024092912673950195,0.5,0.0,1238880.9681948419,633226.8335000138,437.75999999999857,0.3999999999999999,0.0,4.981626217095399,4.981626217095399
fixed-bias,289,92.92411751749297,21.186176967930013,4016.6343383152907,2211.649911231298,188.3503383152899,0.0,3928.284000000001,2222.02829918358,100.0,10.378387952282083,0.0,2463.7745412632357,0.0,0.0,2222.02829918358,0.0,0.10706853866577148,0.04131793975830078,0.5,0.0,1242897.6025331572,635438.483411245,439.27999999999855,0.3999999999999999,0.0,4.981626217095399,4.981626217095399
fixed-bias,290,93.32378268094561,22.44385907731666,4035.7372953413615,2211.649911231298,201.03233534136092,0.0,3934.704960000001,2222.02829918358,100.0,10.378387952282083,0.0,2456.5655472625426,0.0,0.0,2222.02829918358,0.0,0.11528658866882324,0.04174947738647461,0.5,0.0,1246933.3398284987,637650.1333224763,440.79999999999853,0.3999999999999999,0.0,4.981626217095399,4.981626217095399
fixed-bias,291,105.80420165690914,21.10072017658651,4461.653431754508,2211.649911231298,210.77983175450734,0.0,4350.873600000001,2222.02829918358,100.0,10.378387952282083,0.0,2738.1140409392456,0.0,0.0,2222.02829918358,0.0,0.11822509765625,0.04184103012084961,0.5,0.0,1251394.9932602532,639861.7832337075,442.3199999999985,0.3999999999999999,0.0,4.981626217095399,4.981626217095399
fixed-bias,292,107.72975625189417,20.284453880589375,4471.2203280779895,2211.649911231298,213.21232807798893,0.0,4358.008000000001,2222.02829918358,100.0,10.378387952282083,0.0,2733.4895513174633,0.0,0.0,2222.02829918358,0.0,0.11438107490539551,0.0434107780456543,0.5,0.0,1255866.2135883311,642073.4331449388,443.8399999999985,0.3999999999999999,0.0,4.981626217095399,4.981626217095399
fixed-bias,293,103.73098792909768,21.073494526096937,4443.9374224738785,2211.649911231298,207.39022247387817,0.0,4336.5472,2222.02829918358,100.0,10.378387952282083,0.0,2719.84944782081,0.0,0.0,2222.02829918358,0.0,0.11810827255249023,0.03224062919616699,0.5,0.0,1260310.151010805,644285.08305617,445.3599999999985,0.3999999999999999,0.0,4.981626217095399,4.981626217095399
fixed-bias,294,105.73210856683602,22.287119891639968,4462.08440006805,2211.649911231298,216.70040006804948,0.0,4345.384000000001,2222.02829918358,100.0,10.378387952282083,0.0,2704.1479632722135,0.0,0.0,2222.02829918358,0.0,0.11970710754394531,0.03453874588012695,0.5,0.0,1264772.235410873,646496.7329674013,446.87999999999846,0.3999999999999999,0.0,4.981626217095399,4.981626217095399
fixed-bias,295,102.95197883652064,18.60851952643353,4458.394665475951,2211.649911231298,186.66346547595055,0.0,4371.7312,2222.02829918358,100.0,10.378387952282083,0.0,2744.176162240805,0.0,0.0,2222.02829918358,0.0,0.11833786964416504,0.04009556770324707,0.5,0.0,1269230.630076349,648708.3828786325,448.39999999999844,0.3999999999999999,0.0,4.981626217095399,4.981626217095399
fixed-bias,296,96.84505836034698,21.769022648505853,4023.9396351867917,2211.649911231298,179.89627518679,0.0,3944.0433600000015,2222.02829918358,100.0,10.378387952282083,0.0,2454.917556230405,0.0,0.0,2222.02829918358,0.0,0.11242198944091797,0.04185152053833008,0.5,0.0,1273254.5697115357,650920.0327898638,449.9199999999984,0.3999999999999999,0.0,4.981626217095399,4.981626217095399
fixed-bias,297,96.10171626975536,20.547926001934325,4031.519752748709,2211.649911231298,195.28263274870847,0.0,3936.2371200000007,2222.02829918358,100.0,10.378387952282083,0.0,2451.2967468581464,0.0,0.0,2222.02829918358,0.0,0.11801433563232422,0.042229413986206055,0.5,0.0,1277286.0894642845,653131.682701095,451.4399999999984,0.3999999999999999,0.0,4.981626217095399,4.981626217095399
fixed-bias,298,101.10337927557555,25.367897613728257,4474.509008072061,2211.649911231298,223.63540807206013,0.0,4350.873600000001,2222.02829918358,100.0,10.378387952282083,0.0,2745.714551541018,0.0,0.0,2222.02829918358,0.0,0.11225080490112305,0.04190230369567871,0.5,0.0,1281760.5984723566,655343.3326123263,452.9599999999984,0.3999999999999999,0.0,4.981626217095399,4.981626217095399
fixed-bias,299,104.9549011693163,22.876571157113997,4475.363588572437,2211.649911231298,220.76038857243685,0.0,4354.6032000000005,2222.02829918358,100.0,10.378387952282083,0.0,2725.565702851569,0.0,0.0,2222.02829918358,0.0,0.11931729316711426,0.04589200019836426,0.5,0.0,1286235.962060929,657554.9825235575,454.47999999999837,0.3999999999999999,0.0,4.981626217095399,4.981626217095399
fixed-bias,300,105.01744245907584,24.258973063142033,4463.8964562545125,2211.649911231298,209.83885625451347,0.0,4354.057599999999,2222.02829918358,100.0,10.378387952282083,0.0,2720.6898366914643,0.0,0.0,2222.02829918358,0.0,0.12176322937011719,0.042397260665893555,0.5,0.0,1290699.8585171835,659766.6324347887,455.99999999999835,0.3999999999999999,0.0,4.981626217095399,4.981626217095399
fixed-bias,301,104.41166980639866,20.554666206905267,4466.761756212195,2211.649911231298,221.37775621219438,0.0,4345.384000000001,2222.02829918358,100.0,10.378387952282083,0.0,2711.1176370497533,0.0,0.0,2222.02829918358,0.0,0.16080117225646973,0.04270672798156738,0.5,0.0,1295166.6202733957,661978.28234602,457.51999999999833,0.3999999999999999,0.0,4.981626217095399,4.981626217095399
fixed-bias,302,104.80838246600354,22.98074466032848,4466.175372054485,2211.649911231298,194.4441720544844,0.0,4371.7312,2222.02829918358,100.0,10.378387952282083,0.0,2738.198035612481,0.0,0.0,2222.02829918358,0.0,0.12386250495910645,0.03290104866027832,0.5,0.0,1299632.7956454502,664189.9322572512,459.0399999999983,0.3999999999999999,0.0,4.981626217095399,4.981626217095399
fixed-bias,303,92.95367758447772,20.706344764775192,4029.7461853145487,2211.649911231298,187.2349853145473,0.0,3942.5112000000013,2222.02829918358,100.0,10.378387952282083,0.0,2451.5708986402574,0.0,0.0,2222.02829918358,0.0,0.11180925369262695,0.04411149024963379,0.5,0.0,1303662.5418307649,666401.5821684825,460.5599999999983,0.3999999999999999,0.0,4.981626217095399,4.981626217095399
fixed-bias,304,96.49061019457656,21.547778165270717,4047.0989060112315,2211.649911231298,195.10242601123036,0.0,3951.9964800000007,2222.02829918358,100.0,10.378387952282083,0.0,2473.252613300331,0.0,0.0,2222.02829918358,0.0,0.11570262908935547,0.02203512191772461,0.5,0.0,1307709.6407367762,668613.2320797137,462.0799999999983,0.3999999999999999,0.0,4.981626217095399,4.981626217095399
fixed-bias,305,103.8589762698344,20.378505079201915,4473.037127870232,2211.649911231298,206.35552787023158,0.0,4366.681600000001,2222.02829918358,100.0,10.378387952282083,0.0,2743.570770286498,0.0,0.0,2222.02829918358,0.0,0.10941267013549805,0.04305768013000488,0.5,0.0,1312182.6778646463,670824.881990945,463.59999999999826,0.3999999999999999,0.0,4.981626217095399,4.981626217095399
fixed-bias,306,103.91526396195452,20.603381225353676,4475.024697800542,2211.649911231298,215.3142978005421,0.0,4359.7104,2222.02829918358,100.0,10.378387952282083,0.0,2716.8737645551805,0.0,0.0,2222.02829918358,0.0,0.11513972282409668,0.04251980781555176,0.5,0.0,1316657.702562447,673036.5319021762,465.11999999999824,0.3999999999999999,0.0,4.981626217095399,4.981626217095399
fixed-bias,307,108.29030982961918,23.789350438522174,4460.398355397469,2211.649911231298,204.63835539746907,0.0,4355.759999999999,2222.02829918358,100.0,10.378387952282083,0.0,2725.925935134527,0.0,0.0,2222.02829918358,0.0,0.1175069808959961,0.04167437553405762,0.5,0.0,1321118.1009178443,675248.1818134075,466.6399999999982,0.3999999999999999,0.0,4.981626217095399,4.981626217095399
fixed-bias,308,104.94840616740426,21.63093635879551,4460.295876867091,2211.649911231298,195.69907686709053,0.0,4364.5968,2222.02829918358,100.0,10.378387952282083,0.0,2717.993629273744,0.0,0.0,2222.02829918358,0.0,0.11816024780273438,0.0401301383972168,0.5,0.0,1325578.3967947115,677459.8317246387,468.1599999999982,0.3999999999999999,0.0,4.981626217095399,4.981626217095399
fixed-bias,309,103.49292960755973,24.315137518648,4473.420634361842,2211.649911231298,220.90223436184198,0.0,4352.5184,2222.02829918358,100.0,10.378387952282083,0.0,2735.4937346841925,0.0,0.0,2222.02829918358,0.0,0.1208808422088623,0.04283785820007324,0.5,0.0,1330051.8174290734,679671.48163587,469.6799999999982,0.3999999999999999,0.0,4.981626217095399,4.981626217095399
fixed-bias,310,94.44591505346598,23.376764769432615,4040.731188171677,2211.649911231298,196.68782817167508,0.0,3944.0433600000015,2222.02829918358,100.0,10.378387952282083,0.0,2466.6876207568894,0.0,0.0,2222.02829918358,0.0,0.12090826034545898,0.040689706802368164,0.5,0.0,1334092.5486172452,681883.1315471012,471.19999999999817,0.3999999999999999,0.0,4.981626217095399,4.981626217095399
fixed-bias,311,96.26754455611054,22.150190321194934,4038.1450604786396,2211.649911231298,186.14858047863854,0.0,3951.9964800000007,2222.02829918358,100.0,10.378387952282083,0.0,2470.618770701589,0.0,0.0,2222.02829918358,0.0,0.12031078338623047,0.043848276138305664,0.5,0.0,1338130.6936777239,684094.7814583324,472.71999999999815,0.3999999999999999,0.0,4.981626217095399,4.981626217095399
fixed-bias,312,104.54557560051278,22.88093181062318,4464.376033689745,2211.649911231298,211.8000336897438,0.0,4352.576000000001,2222.02829918358,100.0,10.378387952282083,0.0,2728.3513988349005,0.0,0.0,2222.02829918358,0.0,0.10610699653625488,0.03756284713745117,0.5,0.0,1342595.0697114137,686306.4313695637,474.23999999999813,0.3999999999999999,0.0,4.981626217095399,4.981626217095399
fixed-bias,313,105.18883625407823,23.18995663041597,4488.139066228271,2211.649911231298,210.91826622827116,0.0,4377.2208,2222.02829918358,100.0,10.378387952282083,0.0,2722.0307408558965,0.0,0.0,2222.02829918358,0.0,0.11564946174621582,0.04684782028198242,0.5,0.0,1347083.2087776419,688518.0812807949,475.7599999999981,0.3999999999999999,0.0,4.981626217095399,4.981626217095399
fixed-bias,314,102.81206069829807,24.1771767544462,4462.613405128364,2211.649911231298,227.76860512836402,0.0,4334.8448,2222.02829918358,100.0,10.378387952282083,0.0,2716.2764272472236,0.0,0.0,2222.02829918358,0.0,0.11688637733459473,0.04310178756713867,0.5,0.0,1351545.8221827704,690729.7311920262,477.2799999999981,0.3999999999999999,0.0,4.981626217095399,4.981626217095399
fixed-bias,315,101.77440096518698,22.01837938854977,4472.1907996615955,2211.649911231298,207.59399966159543,0.0,4364.5968,2222.02829918358,100.0,10.378387952282083,0.0,2747.6186288622193,0.0,0.0,2222.02829918358,0.0,0.11579322814941406,0.04388594627380371,0.5,0.0,1356018.012982432,692941.3811032574,478.7999999999981,0.3999999999999999,0.0,4.981626217095399,4.981626217095399
fixed-bias,316,105.03434464655966,21.837483161918044,4489.98736642954,2211.649911231298,216.5537664295401,0.0,4373.4336,2222.02829918358,100.0,10.378387952282083,0.0,2754.9086688293296,0.0,0.0,2222.02829918358,0.0,0.11278820037841797,0.04361557960510254,0.5,0.0,1360508.0003488616,695153.0310144887,480.31999999999806,0.3999999999999999,0.0,4.981626217095399,4.981626217095399
fixed-bias,317,97.85229882816945,21.039362913130198,4030.8645991751873,2211.649911231298,204.11275917518634,0.0,3926.7518400000013,2222.02829918358,100.0,10.378387952282083,0.0,2437.77714902968,0.0,0.0,2222.02829918358,0.0,0.13268589973449707,0.04139876365661621,0.5,0.0,1364538.8649480368,697364.6809257199,481.83999999999804,0.3999999999999999,0.0,4.981626217095399,4.981626217095399
fixed-bias,318,94.44283254787672,24.510999449129002,4035.6615904907403,2211.649911231298,183.66511049073966,0.0,3951.9964800000007,2222.02829918358,100.0,10.378387952282083,0.0,2474.889008954972,0.0,0.0,2222.02829918358,0.0,0.11667943000793457,0.042562007904052734,0.5,0.0,1368574.5265385276,699576.3308369512,483.359999999998,0.3999999999999999,0.0,4.981626217095399,4.981626217095399
fixed-bias,319,101.1147751221636,22.803898185522694,4476.361713806866,2211.649911231298,225.48811380686533,0.0,4350.873600000001,2222.02829918358,100.0,10.378387952282083,0.0,2708.6602315237187,0.0,0.0,2222.02829918358,0.0,0.11474323272705078,0.04410815238952637,0.5,0.0,1373050.8882523344,701787.9807481824,484.879999999998,0.3999999999999999,0.0,4.981626217095399,4.981626217095399
fixed-bias,320,103.15443038751107,23.929738146606955,4478.075851334052,2211.649911231298,200.85505133405135,0.0,4377.2208,2222.02829918358,100.0,10.378387952282083,0.0,2743.8775524336297,0.0,0.0,2222.02829918358,0.0,0.1791539192199707,0.04070258140563965,0.5,0.0,1377528.9641036685,703999.6306594136,486.399999999998,0.3999999999999999,0.0,4.981626217095399,4.981626217095399
fixed-bias,321,102.02332670036685,23.178910834888832,4443.274211810919,2211.649911231298,210.1318118109195,0.0,4333.1424,2222.02829918358,100.0,10.378387952282083,0.0,2712.088757617775,0.0,0.0,2222.02829918358,0.0,0.12294435501098633,0.0429987907409668,0.5,0.0,1381972.2383154794,706211.2805706449,487.91999999999797,0.3999999999999999,0.0,4.981626217095399,4.981626217095399
fixed-bias,322,105.79645640997644,22.878704830451742,4464.612836393033,2211.649911231298,222.63363639303182,0.0,4341.979200000001,2222.02829918358,100.0,10.378387952282083,0.0,2721.098240480424,0.0,0.0,2222.02829918358,0.0,0.12272477149963379,0.042839765548706055,0.5,0.0,1386436.8511518724,708422.9304818761,489.43999999999795,0.3999999999999999,0.0,4.981626217095399,4.981626217095399
fixed-bias,323,104.53534308928484,23.562647250349414,4481.053310661969,2211.649911231298,209.32211066196845,0.0,4371.7312,2222.02829918358,100.0,10.378387952282083,0.0,2737.4437184628273,0.0,0.0,2222.02829918358,0.0,0.11603379249572754,0.04734683036804199,0.5,0.0,1390917.9044625345,710634.5803931074,490.95999999999793,0.3999999999999999,0.0,4.981626217095399,4.981626217095399
fixed-bias,324,92.25466572938603,21.667912365910183,4030.3349360288266,2211.649911231298,203.5830960288255,0.0,3926.7518400000013,2222.02829918358,100.0,10.378387952282083,0.0,2445.157775746614,0.0,0.0,2222.02829918358,0.0,0.11561894416809082,0.04113125801086426,0.5,0.0,1394948.2393985633,712846.2303043386,492.4799999999979,0.3999999999999999,0.0,4.981626217095399,4.981626217095399
fixed-bias,325,92.00136177822712,18.656806294850522,4034.6240385770116,2217.0499112312987,182.6275585770111,0.0,3951.9964800000007,2227.4282991835807,100.0,10.378387952282083,0.0,2472.8932203744803,0.0,0.0,2227.4282991835807,0.0,0.11516785621643066,0.041404008865356445,0.5,0.0,1398982.8634371404,715063.2802155699,493.9999999999979,0.3999999999999999,0.0,4.981626217095399,4.981626217095399
fixed-bias,326,103.93263017010025,24.952745017486713,4459.799405048798,2211.649911231298,210.62820504879718,0.0,4349.171200000001,2222.02829918358,100.0,10.378387952282083,0.0,2735.0807544747513,0.0,0.0,2222.02829918358,0.0,0.1219482421875,0.040101051330566406,0.5,0.0,1403442.6628421892,717274.9301268011,495.5199999999979,0.3999999999999999,0.0,4.981626217095399,4.981626217095399
fixed-bias,327,100.47721057938013,22.417752515012918,4474.321164581059,2211.649911231298,214.6107645810591,0.0,4359.7104,2222.02829918358,100.0,10.378387952282083,0.0,2720.3632390416938,0.0,0.0,2222.02829918358,0.0,0.11705803871154785,0.03605008125305176,0.5,0.0,1407916.9840067702,719486.5800380324,497.03999999999786,0.3999999999999999,0.0,4.981626217095399,4.981626217095399
fixed-bias,328,100.83965988550706,23.021871570839455,4456.843473321759,2211.649911231298,201.0834733217601,0.0,4355.759999999999,2222.02829918358,100.0,10.378387952282083,0.0,2718.950883674637,0.0,0.0,2222.02829918358,0.0,0.10496997833251953,0.04204893112182617,0.5,0.0,1412373.827480092,721698.2299492636,498.55999999999784,0.3999999999999999,0.0,4.981626217095399,4.981626217095399
fixed-bias,329,101.14768134765315,24.326155309998665,4472.330612433978,2211.649911231298,228.64901243397762,0.0,4343.6816,2222.02829918358,100.0,10.378387952282083,0.0,2707.1418514029488,0.0,0.0,2222.02829918358,0.0,0.1155247688293457,0.04264402389526367,0.5,0.0,1416846.158092526,723909.8798604949,500.0799999999978,0.3999999999999999,0.0,4.981626217095399,4.981626217095399
fixed-bias,330,100.76630287957919,22.7387631636071,4488.659682930988,2211.649911231298,215.22608293098762,0.0,4373.4336,2222.02829918358,100.0,10.378387952282083,0.0,2736.214963209639,0.0,0.0,2222.02829918358,0.0,0.11517786979675293,0.0330052375793457,0.5,0.0,1421334.817775457,726121.5297717261,501.5999999999978,0.3999999999999999,0.0,4.981626217095399,4.981626217095399
fixed-bias,331,94.22059715423308,21.308585982236732,4030.776468565714,2211.649911231298,186.73310856571263,0.0,3944.0433600000015,2222.02829918358,100.0,10.378387952282083,0.0,2468.53139421759,0.0,0.0,2222.02829918358,0.0,0.11371517181396484,0.04488992691040039,0.5,0.0,1425365.5942440226,728333.1796829574,503.1199999999978,0.3999999999999999,0.0,4.981626217095399,4.981626217095399
fixed-bias,332,91.83407426662647,22.297544116295082,4045.7181818294475,2211.649911231298,212.54538182944708,0.0,3933.1728000000007,2222.02829918358,100.0,10.378387952282083,0.0,2460.2225087785573,0.0,0.0,2222.02829918358,0.0,0.10365867614746094,0.04348945617675781,0.5,0.0,1429411.312425852,730544.8295941886,504.63999999999777,0.3999999999999999,0.0,4.981626217095399,4.981626217095399
fixed-bias,333,100.41908255670812,24.49559839354018,4465.304323387933,2211.649911231298,196.92032338793283,0.0,4368.384000000001,2222.02829918358,100.0,10.378387952282083,0.0,2737.235372070662,0.0,0.0,2222.02829918358,0.0,0.11955714225769043,0.043951988220214844,0.5,0.0,1433876.61674924,732756.4795054198,506.15999999999775,0.3999999999999999,0.0,4.981626217095399,4.981626217095399
fixed-bias,334,101.70904052639764,20.2297592262643,4474.769994498154,2211.649911231298,216.761994498153,0.0,4358.008000000001,2222.02829918358,100.0,10.378387952282083,0.0,2720.3155638894345,0.0,0.0,2222.02829918358,0.0,0.11402368545532227,0.04586935043334961,0.5,0.0,1438351.3867437383,734968.1294166511,507.67999999999773,0.3999999999999999,0.0,4.981626217095399,4.981626217095399
fixed-bias,335,102.62837967032108,20.278434363696206,4458.161707657525,2211.649911231298,202.40170765752555,0.0,4355.759999999999,2222.02829918358,100.0,10.378387952282083,0.0,2729.277658351689,0.0,0.0,2222.02829918358,0.0,0.11559104919433594,0.04685616493225098,0.5,0.0,1442809.548451396,737179.7793278823,509.1999999999977,0.3999999999999999,0.0,4.981626217095399,4.981626217095399
fixed-bias,336,99.7590272169037,22.46807614168323,4458.214148054691,2211.649911231298,195.31974805469062,0.0,4362.8944,2222.02829918358,100.0,10.378387952282083,0.0,2737.0745288276753,0.0,0.0,2222.02829918358,0.0,0.11554956436157227,0.043671607971191406,0.5,0.0,1447267.7625994505,739391.4292391136,510.7199999999977,0.3999999999999999,0.0,4.981626217095399,4.981626217095399
fixed-bias,337,101.37601908577169,20.590740337703586,4468.455973000631,2211.649911231298,195.02237300063132,0.0,4373.4336,2222.02829918358,100.0,10.378387952282083,0.0,2728.873281841653,0.0,0.0,2222.02829918358,0.0,0.11558747291564941,0.040644168853759766,0.5,0.0,1451736.2185724513,741603.0791503448,512.2399999999977,0.3999999999999999,0.0,4.981626217095399,4.981626217095399
fixed-bias,338,90.31905971156375,22.535628244536273,4031.0108707842974,2211.649911231298,202.7268707842968,0.0,3928.284000000001,2222.02829918358,100.0,10.378387952282083,0.0,2440.0366246153417,0.0,0.0,2222.02829918358,0.0,0.11647701263427734,0.04274129867553711,0.5,0.0,1455767.2294432356,743814.7290615761,513.7599999999977,0.3999999999999999,0.0,4.981626217095399,4.981626217095399
fixed-bias,339,89.36832825683378,18.38730368891117,4025.5055727199715,2211.649911231298,189.26845271997084,0.0,3936.2371200000007,2222.02829918358,100.0,10.378387952282083,0.0,2457.917458717307,0.0,0.0,2222.02829918358,0.0,0.1164095401763916,0.044501543045043945,0.5,0.0,1459792.7350159555,746026.3789728073,515.2799999999977,0.3999999999999999,0.0,4.981626217095399,4.981626217095399
fixed-bias,340,100.86677575963296,22.44384608411732,4458.37560692288,2211.649911231298,205.7996069228793,0.0,4352.576000000001,2222.02829918358,100.0,10.378387952282083,0.0,2707.168414764793,0.0,0.0,2222.02829918358,0.0,0.11929965019226074,0.03383374214172363,0.5,0.0,1464251.1106228784,748238.0288840386,516.7999999999977,0.3999999999999999,0.0,4.981626217095399,4.981626217095399
fixed-bias,341,104.46959237503991,23.49490970788536,4486.030888504207,2211.649911231298,208.81008850420676,0.0,4377.2208,2222.02829918358,100.0,10.378387952282083,0.0,2722.5609215069035,0.0,0.0,2222.02829918358,0.0,0.10722184181213379,0.04105544090270996,0.5,0.0,1468737.1415113825,750449.6787952698,518.3199999999977,0.3999999999999999,0.0,4.981626217095399,4.981626217095399
fixed-bias,342,100.85675085629562,22.61931420458629,4445.26048624898,2211.649911231298,191.20288624898023,0.0,4354.057599999999,2222.02829918358,100.0,10.378387952282083,0.0,2715.3886369773095,0.0,0.0,2222.02829918358,0.0,0.11952948570251465,0.0279541015625,0.5,0.0,1473182.4019976314,752661.328706501,519.8399999999976,0.3999999999999999,0.0,4.981626217095399,4.981626217095399
fixed-bias,343,101.1586926643616,22.52000678329597,4456.655184461091,2211.649911231298,211.2711844610903,0.0,4345.384000000001,2222.02829918358,100.0,10.378387952282083,0.0,2725.815331457718,0.0,0.0,2222.02829918358,0.0,0.11442232131958008,0.044231414794921875,0.5,0.0,1477639.0571820925,754872.9786177323,521.3599999999976,0.3999999999999999,0.0,4.981626217095399,4.981626217095399
fixed-bias,344,102.11758270248417,19.270330024136918,4468.607215914417,2211.649911231298,195.17361591441656,0.0,4373.4336,2222.02829918358,100.0,10.378387952282083,0.0,2736.9968005376913,0.0,0.0,2222.02829918358,0.0,0.12807059288024902,0.03966641426086426,0.5,0.0,1482107.6643980069,757084.6285289635,522.8799999999976,0.3999999999999999,0.0,4.981626217095399,4.981626217095399
fixed-bias,345,90.07297413983383,18.665026499283957,4017.98687356925,2211.649911231298,175.4756735692482,0.0,3942.5112000000013,2222.02829918358,100.0,10.378387952282083,0.0,2465.978098773029,0.0,0.0,2222.02829918358,0.0,0.11630034446716309,0.042113542556762695,0.5,0.0,1486125.651271576,759296.2784401948,524.3999999999976,0.3999999999999999,0.0,4.981626217095399,4.981626217095399
fixed-bias,346,89.48671127615819,21.610714956179617,4039.6619711323156,2217.0499112312987,190.7298111323145,0.0,3948.9321600000007,2227.4282991835807,100.0,10.378387952282083,0.0,2464.232296396156,0.0,0.0,2227.4282991835807,0.0,0.12468457221984863,0.0431065559387207,0.5,0.0,1490165.3132427083,761513.328351426,525.9199999999976,0.3999999999999999,0.0,4.981626217095399,4.981626217095399
fixed-bias,347,98.80097760027168,27.783677557954878,4466.106093142044,2211.649911231298,215.23249314204307,0.0,4350.873600000001,2222.02829918358,100.0,10.378387952282083,0.0,2716.767962434429,0.0,0.0,2222.02829918358,0.0,0.1211235523223877,0.04074501991271973,0.5,0.0,1494631.4193358503,763724.9782626573,527.4399999999976,0.3999999999999999,0.0,4.981626217095399,4.981626217095399
fixed-bias,348,99.22621602345676,20.05473467017421,4471.341813901727,2211.649911231298,195.82341390172638,0.0,4375.5184,2222.02829918358,100.0,10.378387952282083,0.0,2742.4962454245483,0.0,0.0,2222.02829918358,0.0,0.1277461051940918,0.042562246322631836,0.5,0.0,1499102.761149752,765936.6281738885,528.9599999999975,0.3999999999999999,0.0,4.981626217095399,4.981626217095399
fixed-bias,349,94.601538860254,22.421512467333756,4446.8403914022465,2211.649911231298,192.78279140224748,0.0,4354.057599999999,2222.02829918358,100.0,10.378387952282083,0.0,2719.2974051085043,0.0,0.0,2222.02829918358,0.0,0.11917567253112793,0.0342259407043457,0.5,0.0,1503549.601541154,768148.2780851198,530.4799999999975,0.3999999999999999,0.0,4.981626217095399,4.981626217095399
fixed-bias,350,96.17027626299019,22.624930748508724,4454.623296282307,2211.649911231298,191.728896282307,0.0,4362.8944,2222.02829918358,100.0,10.378387952282083,0.0,2721.2490794500645,0.0,0.0,2222.02829918358,0.0,0.11494970321655273,0.04179835319519043,0.5,0.0,1508004.2248374363,770359.927996351,531.9999999999975,0.3999999999999999,0.0,4.981626217095399,4.981626217095399
fixed-bias,351,96.45450242187162,22.707238146820323,4467.732498902485,2211.649911231298,194.29889890248432,0.0,4373.4336,2222.02829918358,100.0,10.378387952282083,0.0,2745.3072283005204,0.0,0.0,2222.02829918358,0.0,0.11294341087341309,0.042043209075927734,0.5,0.0,1512471.957336339,772571.5779075823,533.5199999999975,0.3999999999999999,0.0,4.981626217095399,4.981626217095399
fixed-bias,352,86.68656255556589,20.0639387601372,4023.3355204805384,2211.649911231298,180.8243204805373,0.0,3942.5112000000013,2222.02829918358,100.0,10.378387952282083,0.0,2469.4064078823226,0.0,0.0,2222.02829918358,0.0,0.12270283699035645,0.04440593719482422,0.5,0.0,1516495.2928568195,774783.2278188135,535.0399999999975,0.3999999999999999,0.0,4.981626217095399,4.981626217095399
fixed-bias,353,87.11628077872338,22.094515154451006,4033.668380754293,2211.649911231298,181.67190075429207,0.0,3951.9964800000007,2222.02829918358,100.0,10.378387952282083,0.0,2469.449098733656,0.0,0.0,2222.02829918358,0.0,0.1160585880279541,0.044449567794799805,0.5,0.0,1520528.9612375738,776994.8777300448,536.5599999999974,0.3999999999999999,0.0,4.981626217095399,4.981626217095399
fixed-bias,354,98.94387136187873,24.40749811721571,4463.53207642594,2211.649911231298,195.1480764259391,0.0,4368.384000000001,2222.02829918358,100.0,10.378387952282083,0.0,2738.067757917994,0.0,0.0,2222.02829918358,0.0,0.11284399032592773,0.04400181770324707,0.5,0.0,1524992.4933139996,779206.527641276,538.0799999999974,0.3999999999999999,0.0,4.981626217095399,4.981626217095399
fixed-bias,355,95.6535436621886,23.322567328924023,4469.0121502226475,2211.649911231298,191.79135022264765,0.0,4377.2208,2222.02829918358,100.0,10.378387952282083,0.0,2724.6452491330674,0.0,0.0,2222.02829918358,0.0,0.12491393089294434,0.04339170455932617,0.5,0.0,1529461.5054642223,781418.1775525073,539.5999999999974,0.3999999999999999,0.0,4.981626217095399,4.981626217095399
fixed-bias,356,95.74325363650549,21.97735039170286,4439.431418995909,2211.649911231298,201.18181899590894,0.0,4338.2496,2222.02829918358,100.0,10.378387952282083,0.0,2692.9245988367497,0.0,0.0,2222.02829918358,0.0,0.11734676361083984,0.04539299011230469,0.5,0.0,1533900.9368832181,783629.8274637385,541.1199999999974,0.3999999999999999,0.0,4.981626217095399,4.981626217095399
fixed-bias,357,97.92881932988769,21.72552525484615,4463.636925909173,2211.649911231298,199.04012590917353,0.0,4364.5968,2222.02829918358,100.0,10.378387952282083,0.0,2704.7549266829524,0.0,0.0,2222.02829918358,0.0,0.1059272289276123,0.03477144241333008,0.5,0.0,1538364.5738091273,785841.4773749697,542.6399999999974,0.3999999999999999,0.0,4.981626217095399,4.981626217095399
fixed-bias,358,95.06008642462746,21.688176004164795,4458.184188006702,2211.649911231298,184.75058800670232,0.0,4373.4336,2222.02829918358,100.0,10.378387952282083,0.0,2733.715990750512,0.0,0.0,2222.02829918358,0.0,0.11549258232116699,0.04277610778808594,0.5,0.0,1542822.757997134,788053.127286201,544.1599999999974,0.3999999999999999,0.0,4.981626217095399,4.981626217095399
fixed-bias,359,85.63542471311462,21.64510738128451,4022.797820974216,2211.649911231298,196.04598097421456,0.0,3926.7518400000013,2222.02829918358,100.0,10.378387952282083,0.0,2450.816639803438,0.0,0.0,2222.02829918358,0.0,0.11714839935302734,0.04009890556335449,0.5,0.0,1546845.5558181081,790264.7771974322,545.6799999999973,0.3999999999999999,0.0,4.981626217095399,4.981626217095399
fixed-bias,360,83.94588681968398,22.186517921770474,4029.8496458207073,2211.649911231298,198.20900582070638,0.0,3931.640640000001,2222.02829918358,100.0,10.378387952282083,0.0,2439.373360565387,0.0,0.0,2222.02829918358,0.0,0.10396122932434082,0.04313468933105469,0.5,0.0,1550875.4054639288,792476.4271086635,547.1999999999973,0.3999999999999999,0.0,4.981626217095399,4.981626217095399
fixed-bias,361,92.91944107223755,24.047691376531887,4446.202649202788,2211.649911231298,179.52104920278708,0.0,4366.681600000001,2222.02829918358,100.0,10.378387952282083,0.0,2730.802923293909,0.0,0.0,2222.02829918358,0.0,0.11980700492858887,0.047170162200927734,0.5,0.0,1555321.6081131317,794688.0770198947,548.7199999999973,0.3999999999999999,0.0,4.981626217095399,4.981626217095399
fixed-bias,362,92.56423086892364,24.338200623275842,4464.714807945832,2211.649911231298,210.11160794583193,0.0,4354.6032000000005,2222.02829918358,100.0,10.378387952282083,0.0,2698.4929790757437,0.0,0.0,2222.02829918358,0.0,0.1271364688873291,0.044739723205566406,0.5,0.0,1559786.3229210775,796899.726931126,550.2399999999973,0.3999999999999999,0.0,4.981626217095399,4.981626217095399
fixed-bias,363,95.56795478238804,21.004913628161223,4440.3506218222965,2211.649911231298,184.5906218222972,0.0,4355.759999999999,2222.02829918358,100.0,10.378387952282083,0.0,2725.105821225258,0.0,0.0,2222.02829918358,0.0,0.18722319602966309,0.04111886024475098,0.5,0.0,1564226.6735428998,799111.3768423572,551.7599999999973,0.3999999999999999,0.0,4.981626217095399,4.981626217095399
fixed-bias,364,92.94072701963451,20.194287722626317,4441.527015711458,2211.649911231298,197.84541571145851,0.0,4343.6816,2222.02829918358,100.0,10.378387952282083,0.0,2707.6953482593276,0.0,0.0,2222.02829918358,0.0,0.11394333839416504,0.04190230369567871,0.5,0.0,1568668.2005586112,801323.0267535885,553.2799999999972,0.3999999999999999,0.0,4.981626217095399,4.981626217095399
fixed-bias,365,92.6628879384162,23.43589938025896,4478.3845638293515,2211.649911231298,206.65336382935152,0.0,4371.7312,2222.02829918358,100.0,10.378387952282083,0.0,2751.387407396207,0.0,0.0,2222.02829918358,0.0,0.12140297889709473,0.04832005500793457,0.5,0.0,1573146.5851224405,803534.6766648197,554.7999999999972,0.3999999999999999,0.0,4.981626217095399,4.981626217095399
