hour,phase,datetime,price_eur_mwh
0,pretrain,2023-11-02 00:00:00,85.01
1,pretrain,2023-11-02 01:00:00,50.1
2,pretrain,2023-11-02 02:00:00,31.0
3,pretrain,2023-11-02 03:00:00,31.44
4,pretrain,2023-11-02 04:00:00,31.0
5,pretrain,2023-11-02 05:00:00,48.75
6,pretrain,2023-11-02 06:00:00,118.66
7,pretrain,2023-11-02 07:00:00,148.04
8,pretrain,2023-11-02 08:00:00,184.15
9,pretrain,2023-11-02 09:00:00,160.0
10,pretrain,2023-11-02 10:00:00,136.04
11,pretrain,2023-11-02 11:00:00,128.74
12,pretrain,2023-11-02 12:00:00,115.87
13,pretrain,2023-11-02 13:00:00,119.9149
14,pretrain,2023-11-02 14:00:00,127.42
15,pretrain,2023-11-02 15:00:00,136.63
16,pretrain,2023-11-02 16:00:00,153.63
17,pretrain,2023-11-02 17:00:00,156.02
18,pretrain,2023-11-02 18:00:00,155.26
19,pretrain,2023-11-02 19:00:00,152.1
20,pretrain,2023-11-02 20:00:00,139.98
21,pretrain,2023-11-02 21:00:00,113.48
22,pretrain,2023-11-02 22:00:00,85.01
23,pretrain,2023-11-02 23:00:00,57.0418
24,pretrain,2023-11-03 00:00:00,15.17313
25,pretrain,2023-11-03 01:00:00,11.47343
26,pretrain,2023-11-03 02:00:00,10.0
27,pretrain,2023-11-03 03:00:00,8.0
28,pretrain,2023-11-03 04:00:00,9.73288
29,pretrain,2023-11-03 05:00:00,23.6
30,pretrain,2023-11-03 06:00:00,70.3
31,pretrain,2023-11-03 07:00:00,115.54
32,pretrain,2023-11-03 08:00:00,120.98
33,pretrain,2023-11-03 09:00:00,115.07011
34,pretrain,2023-11-03 10:00:00,85.54574
35,pretrain,2023-11-03 11:00:00,74.71261
36,pretrain,2023-11-03 12:00:00,57.74709
37,pretrain,2023-11-03 13:00:00,64.994
38,pretrain,2023-11-03 14:00:00,75.17856
39,pretrain,2023-11-03 15:00:00,109.09308
40,pretrain,2023-11-03 16:00:00,116.13
41,pretrain,2023-11-03 17:00:00,128.73
42,pretrain,2023-11-03 18:00:00,122.6
43,pretrain,2023-11-03 19:00:00,122.75
44,pretrain,2023-11-03 20:00:00,115.54
45,pretrain,2023-11-03 21:00:00,110.1
46,pretrain,2023-11-03 22:00:00,98.7
47,pretrain,2023-11-03 23:00:00,70.1
48,pretrain,2023-11-04 00:00:00,84.63
49,pretrain,2023-11-04 01:00:00,32.05995
50,pretrain,2023-11-04 02:00:00,30.0
51,pretrain,2023-11-04 03:00:00,22.0086
52,pretrain,2023-11-04 04:00:00,20.0
53,pretrain,2023-11-04 05:00:00,30.0
54,pretrain,2023-11-04 06:00:00,88.35
55,pretrain,2023-11-04 07:00:00,118.94
56,pretrain,2023-11-04 08:00:00,124.35
57,pretrain,2023-11-04 09:00:00,113.76
58,pretrain,2023-11-04 10:00:00,70.55
59,pretrain,2023-11-04 11:00:00,20.0
60,pretrain,2023-11-04 12:00:00,14.45838
61,pretrain,2023-11-04 13:00:00,18.87541
62,pretrain,2023-11-04 14:00:00,30.79473
63,pretrain,2023-11-04 15:00:00,47.28
64,pretrain,2023-11-04 16:00:00,126.74
65,pretrain,2023-11-04 17:00:00,129.73
66,pretrain,2023-11-04 18:00:00,131.56
67,pretrain,2023-11-04 19:00:00,133.38
68,pretrain,2023-11-04 20:00:00,129.73
69,pretrain,2023-11-04 21:00:00,100.0
70,pretrain,2023-11-04 22:00:00,103.08
71,pretrain,2023-11-04 23:00:00,68.0
72,pretrain,2023-11-05 00:00:00,113.2
73,pretrain,2023-11-05 01:00:00,103.0
74,pretrain,2023-11-05 02:00:00,53.4
75,pretrain,2023-11-05 03:00:00,40.0
76,pretrain,2023-11-05 04:00:00,31.0
77,pretrain,2023-11-05 05:00:00,32.15
78,pretrain,2023-11-05 06:00:00,92.12
79,pretrain,2023-11-05 07:00:00,98.94
80,pretrain,2023-11-05 08:00:00,31.51
81,pretrain,2023-11-05 09:00:00,16.49559
82,pretrain,2023-11-05 10:00:00,9.42839
83,pretrain,2023-11-05 11:00:00,8.17778
84,pretrain,2023-11-05 12:00:00,7.74593
85,pretrain,2023-11-05 13:00:00,2.99127
86,pretrain,2023-11-05 14:00:00,2.45632
87,pretrain,2023-11-05 15:00:00,30.0
88,pretrain,2023-11-05 16:00:00,112.35
89,pretrain,2023-11-05 17:00:00,112.18
90,pretrain,2023-11-05 18:00:00,104.35
91,pretrain,2023-11-05 19:00:00,120.41
92,pretrain,2023-11-05 20:00:00,117.15
93,pretrain,2023-11-05 21:00:00,117.15
94,pretrain,2023-11-05 22:00:00,117.15
95,pretrain,2023-11-05 23:00:00,111.55
96,pretrain,2023-11-06 00:00:00,81.74
97,pretrain,2023-11-06 01:00:00,45.0
98,pretrain,2023-11-06 02:00:00,30.0
99,pretrain,2023-11-06 03:00:00,31.0
100,pretrain,2023-11-06 04:00:00,45.0
101,pretrain,2023-11-06 05:00:00,70.1
102,pretrain,2023-11-06 06:00:00,122.55
103,pretrain,2023-11-06 07:00:00,130.0
104,pretrain,2023-11-06 08:00:00,139.75
105,pretrain,2023-11-06 09:00:00,119.52
106,pretrain,2023-11-06 10:00:00,90.05
107,pretrain,2023-11-06 11:00:00,70.1
108,pretrain,2023-11-06 12:00:00,58.05296
109,pretrain,2023-11-06 13:00:00,66.98418
110,pretrain,2023-11-06 14:00:00,111.86
111,pretrain,2023-11-06 15:00:00,125.72
112,pretrain,2023-11-06 16:00:00,147.13
113,pretrain,2023-11-06 17:00:00,157.22
114,pretrain,2023-11-06 18:00:00,161.22
115,pretrain,2023-11-06 19:00:00,159.70127
116,pretrain,2023-11-06 20:00:00,140.90377
117,pretrain,2023-11-06 21:00:00,130.36564
118,pretrain,2023-11-06 22:00:00,126.75229
119,pretrain,2023-11-06 23:00:00,117.01
120,pretrain,2023-11-07 00:00:00,111.8
121,pretrain,2023-11-07 01:00:00,89.56
122,pretrain,2023-11-07 02:00:00,80.1
123,pretrain,2023-11-07 03:00:00,80.1
124,pretrain,2023-11-07 04:00:00,80.1
125,pretrain,2023-11-07 05:00:00,101.2
126,pretrain,2023-11-07 06:00:00,125.11
127,pretrain,2023-11-07 07:00:00,135.1
128,pretrain,2023-11-07 08:00:00,144.17
129,pretrain,2023-11-07 09:00:00,135.0
130,pretrain,2023-11-07 10:00:00,129.78
131,pretrain,2023-11-07 11:00:00,122.88
132,pretrain,2023-11-07 12:00:00,114.41
133,pretrain,2023-11-07 13:00:00,117.83
134,pretrain,2023-11-07 14:00:00,128.39
135,pretrain,2023-11-07 15:00:00,135.0
136,pretrain,2023-11-07 16:00:00,150.35393
137,pretrain,2023-11-07 17:00:00,163.2
138,pretrain,2023-11-07 18:00:00,166.08872
139,pretrain,2023-11-07 19:00:00,167.02418
140,pretrain,2023-11-07 20:00:00,132.16303
141,pretrain,2023-11-07 21:00:00,127.05714
142,pretrain,2023-11-07 22:00:00,123.43677
143,pretrain,2023-11-07 23:00:00,118.79
144,pretrain,2023-11-08 00:00:00,125.47232
145,pretrain,2023-11-08 01:00:00,116.17
146,pretrain,2023-11-08 02:00:00,110.1
147,pretrain,2023-11-08 03:00:00,110.1
148,pretrain,2023-11-08 04:00:00,110.1
149,pretrain,2023-11-08 05:00:00,121.14697
150,pretrain,2023-11-08 06:00:00,129.25654
151,pretrain,2023-11-08 07:00:00,156.62854
152,pretrain,2023-11-08 08:00:00,165.58383
153,pretrain,2023-11-08 09:00:00,161.77207
154,pretrain,2023-11-08 10:00:00,135.3
155,pretrain,2023-11-08 11:00:00,129.25788
156,pretrain,2023-11-08 12:00:00,109.62
157,pretrain,2023-11-08 13:00:00,116.87
158,pretrain,2023-11-08 14:00:00,128.0
159,pretrain,2023-11-08 15:00:00,133.7
160,pretrain,2023-11-08 16:00:00,144.01
161,pretrain,2023-11-08 17:00:00,158.32234
162,pretrain,2023-11-08 18:00:00,153.56009
163,pretrain,2023-11-08 19:00:00,158.71442
164,pretrain,2023-11-08 20:00:00,144.18549
165,pretrain,2023-11-08 21:00:00,130.88292
166,pretrain,2023-11-08 22:00:00,126.55208
167,pretrain,2023-11-08 23:00:00,122.23234
168,pretrain,2023-11-09 00:00:00,127.29213
169,pretrain,2023-11-09 01:00:00,124.00092
170,pretrain,2023-11-09 02:00:00,123.33699
171,pretrain,2023-11-09 03:00:00,123.88762
172,pretrain,2023-11-09 04:00:00,124.41843
173,pretrain,2023-11-09 05:00:00,125.87906
174,pretrain,2023-11-09 06:00:00,132.5
175,pretrain,2023-11-09 07:00:00,153.16
176,pretrain,2023-11-09 08:00:00,163.1
177,pretrain,2023-11-09 09:00:00,155.53
178,pretrain,2023-11-09 10:00:00,130.0
179,pretrain,2023-11-09 11:00:00,128.16
180,pretrain,2023-11-09 12:00:00,121.75
181,pretrain,2023-11-09 13:00:00,123.53
182,pretrain,2023-11-09 14:00:00,130.14
183,pretrain,2023-11-09 15:00:00,134.01
184,pretrain,2023-11-09 16:00:00,148.72
185,pretrain,2023-11-09 17:00:00,158.75952
186,pretrain,2023-11-09 18:00:00,163.69
187,pretrain,2023-11-09 19:00:00,161.73
188,pretrain,2023-11-09 20:00:00,140.0
189,pretrain,2023-11-09 21:00:00,130.89
190,pretrain,2023-11-09 22:00:00,127.39
191,pretrain,2023-11-09 23:00:00,116.4
192,pretrain,2023-11-10 00:00:00,117.3
193,pretrain,2023-11-10 01:00:00,108.41
194,pretrain,2023-11-10 02:00:00,102.37
195,pretrain,2023-11-10 03:00:00,90.67
196,pretrain,2023-11-10 04:00:00,90.67
197,pretrain,2023-11-10 05:00:00,97.05
198,pretrain,2023-11-10 06:00:00,129.1
199,pretrain,2023-11-10 07:00:00,148.94
200,pretrain,2023-11-10 08:00:00,165.95
201,pretrain,2023-11-10 09:00:00,150.84
202,pretrain,2023-11-10 10:00:00,129.71
203,pretrain,2023-11-10 11:00:00,122.0
204,pretrain,2023-11-10 12:00:00,113.51
205,pretrain,2023-11-10 13:00:00,115.03
206,pretrain,2023-11-10 14:00:00,124.81
207,pretrain,2023-11-10 15:00:00,129.1
208,pretrain,2023-11-10 16:00:00,140.4
209,pretrain,2023-11-10 17:00:00,153.05
210,pretrain,2023-11-10 18:00:00,160.69
211,pretrain,2023-11-10 19:00:00,159.68
212,pretrain,2023-11-10 20:00:00,140.0
213,pretrain,2023-11-10 21:00:00,127.01
214,pretrain,2023-11-10 22:00:00,110.0
215,pretrain,2023-11-10 23:00:00,96.4
216,pretrain,2023-11-11 00:00:00,117.32873
217,pretrain,2023-11-11 01:00:00,116.7091
218,pretrain,2023-11-11 02:00:00,101.59238
219,pretrain,2023-11-11 03:00:00,87.94357
220,pretrain,2023-11-11 04:00:00,84.5696
221,pretrain,2023-11-11 05:00:00,98.73766
222,pretrain,2023-11-11 06:00:00,117.16
223,pretrain,2023-11-11 07:00:00,118.12
224,pretrain,2023-11-11 08:00:00,121.33
225,pretrain,2023-11-11 09:00:00,87.97826
226,pretrain,2023-11-11 10:00:00,76.42471
227,pretrain,2023-11-11 11:00:00,73.32683
228,pretrain,2023-11-11 12:00:00,70.04379
229,pretrain,2023-11-11 13:00:00,69.644
230,pretrain,2023-11-11 14:00:00,83.87757
231,pretrain,2023-11-11 15:00:00,116.54
232,pretrain,2023-11-11 16:00:00,120.0
233,pretrain,2023-11-11 17:00:00,127.97928
234,pretrain,2023-11-11 18:00:00,135.75514
235,pretrain,2023-11-11 19:00:00,142.73
236,pretrain,2023-11-11 20:00:00,120.0
237,pretrain,2023-11-11 21:00:00,115.9
238,pretrain,2023-11-11 22:00:00,114.52
239,pretrain,2023-11-11 23:00:00,114.45
240,pretrain,2023-11-12 00:00:00,121.57
241,pretrain,2023-11-12 01:00:00,125.0
242,pretrain,2023-11-12 02:00:00,122.0
243,pretrain,2023-11-12 03:00:00,121.57
244,pretrain,2023-11-12 04:00:00,121.57
245,pretrain,2023-11-12 05:00:00,121.57
246,pretrain,2023-11-12 06:00:00,123.57
247,pretrain,2023-11-12 07:00:00,126.19
248,pretrain,2023-11-12 08:00:00,121.57
249,pretrain,2023-11-12 09:00:00,120.0
250,pretrain,2023-11-12 10:00:00,125.0
251,pretrain,2023-11-12 11:00:00,120.07
252,pretrain,2023-11-12 12:00:00,120.0
253,pretrain,2023-11-12 13:00:00,119.23
254,pretrain,2023-11-12 14:00:00,119.89
255,pretrain,2023-11-12 15:00:00,124.29
256,pretrain,2023-11-12 16:00:00,121.57
257,pretrain,2023-11-12 17:00:00,127.31735
258,pretrain,2023-11-12 18:00:00,128.71185
259,pretrain,2023-11-12 19:00:00,125.99
260,pretrain,2023-11-12 20:00:00,121.67
261,pretrain,2023-11-12 21:00:00,120.0
262,pretrain,2023-11-12 22:00:00,121.51
263,pretrain,2023-11-12 23:00:00,121.57
264,pretrain,2023-11-13 00:00:00,127.84
265,pretrain,2023-11-13 01:00:00,127.41
266,pretrain,2023-11-13 02:00:00,127.41
267,pretrain,2023-11-13 03:00:00,120.64
268,pretrain,2023-11-13 04:00:00,118.81
269,pretrain,2023-11-13 05:00:00,117.64
270,pretrain,2023-11-13 06:00:00,120.64
271,pretrain,2023-11-13 07:00:00,133.60467
272,pretrain,2023-11-13 08:00:00,144.45847
273,pretrain,2023-11-13 09:00:00,129.55
274,pretrain,2023-11-13 10:00:00,121.92673
275,pretrain,2023-11-13 11:00:00,114.65825
276,pretrain,2023-11-13 12:00:00,111.62589
277,pretrain,2023-11-13 13:00:00,111.64433
278,pretrain,2023-11-13 14:00:00,123.62
279,pretrain,2023-11-13 15:00:00,129.55
280,pretrain,2023-11-13 16:00:00,134.9138
281,pretrain,2023-11-13 17:00:00,150.19824
282,pretrain,2023-11-13 18:00:00,150.31593
283,pretrain,2023-11-13 19:00:00,145.3
284,pretrain,2023-11-13 20:00:00,129.44868
285,pretrain,2023-11-13 21:00:00,125.5
286,pretrain,2023-11-13 22:00:00,119.22
287,pretrain,2023-11-13 23:00:00,114.5
288,pretrain,2023-11-14 00:00:00,110.1
289,pretrain,2023-11-14 01:00:00,103.75
290,pretrain,2023-11-14 02:00:00,103.75
291,pretrain,2023-11-14 03:00:00,103.75
292,pretrain,2023-11-14 04:00:00,108.34
293,pretrain,2023-11-14 05:00:00,107.0
294,pretrain,2023-11-14 06:00:00,126.92
295,pretrain,2023-11-14 07:00:00,138.16
296,pretrain,2023-11-14 08:00:00,153.03
297,pretrain,2023-11-14 09:00:00,143.69
298,pretrain,2023-11-14 10:00:00,124.94096
299,pretrain,2023-11-14 11:00:00,123.433
300,pretrain,2023-11-14 12:00:00,118.25295
301,pretrain,2023-11-14 13:00:00,121.84
302,pretrain,2023-11-14 14:00:00,129.82564
303,pretrain,2023-11-14 15:00:00,143.47
304,pretrain,2023-11-14 16:00:00,150.02
305,pretrain,2023-11-14 17:00:00,150.02
306,pretrain,2023-11-14 18:00:00,145.76
307,pretrain,2023-11-14 19:00:00,142.66
308,pretrain,2023-11-14 20:00:00,128.85
309,pretrain,2023-11-14 21:00:00,122.84
310,pretrain,2023-11-14 22:00:00,115.95
311,pretrain,2023-11-14 23:00:00,103.75
312,pretrain,2023-11-15 00:00:00,104.52
313,pretrain,2023-11-15 01:00:00,97.29
314,pretrain,2023-11-15 02:00:00,90.87
315,pretrain,2023-11-15 03:00:00,84.45
316,pretrain,2023-11-15 04:00:00,95.0
317,pretrain,2023-11-15 05:00:00,104.01
318,pretrain,2023-11-15 06:00:00,111.97
319,pretrain,2023-11-15 07:00:00,128.4
320,pretrain,2023-11-15 08:00:00,132.26
321,pretrain,2023-11-15 09:00:00,128.4
322,pretrain,2023-11-15 10:00:00,113.4
323,pretrain,2023-11-15 11:00:00,108.3
324,pretrain,2023-11-15 12:00:00,95.55798
325,pretrain,2023-11-15 13:00:00,102.5
326,pretrain,2023-11-15 14:00:00,122.24
327,pretrain,2023-11-15 15:00:00,132.26
328,pretrain,2023-11-15 16:00:00,152.42
329,pretrain,2023-11-15 17:00:00,157.73866
330,pretrain,2023-11-15 18:00:00,159.80118
331,pretrain,2023-11-15 19:00:00,155.49173
332,pretrain,2023-11-15 20:00:00,145.24292
333,pretrain,2023-11-15 21:00:00,130.96387
334,pretrain,2023-11-15 22:00:00,126.0378
335,pretrain,2023-11-15 23:00:00,123.69923
336,pretrain,2023-11-16 00:00:00,108.6
337,pretrain,2023-11-16 01:00:00,103.91
338,pretrain,2023-11-16 02:00:00,103.91
339,pretrain,2023-11-16 03:00:00,103.91
340,pretrain,2023-11-16 04:00:00,107.67
341,pretrain,2023-11-16 05:00:00,119.41291
342,pretrain,2023-11-16 06:00:00,133.80125
343,pretrain,2023-11-16 07:00:00,156.35106
344,pretrain,2023-11-16 08:00:00,173.0
345,pretrain,2023-11-16 09:00:00,149.1
346,pretrain,2023-11-16 10:00:00,133.04
347,pretrain,2023-11-16 11:00:00,131.34
348,pretrain,2023-11-16 12:00:00,125.85
349,pretrain,2023-11-16 13:00:00,130.16
350,pretrain,2023-11-16 14:00:00,137.56
351,pretrain,2023-11-16 15:00:00,156.17
352,pretrain,2023-11-16 16:00:00,182.07348
353,pretrain,2023-11-16 17:00:00,179.99
354,pretrain,2023-11-16 18:00:00,177.92
355,pretrain,2023-11-16 19:00:00,170.0
356,pretrain,2023-11-16 20:00:00,139.51
357,pretrain,2023-11-16 21:00:00,132.01
358,pretrain,2023-11-16 22:00:00,127.4
359,pretrain,2023-11-16 23:00:00,110.88
360,pretrain,2023-11-17 00:00:00,106.0
361,pretrain,2023-11-17 01:00:00,100.0
362,pretrain,2023-11-17 02:00:00,96.9252
363,pretrain,2023-11-17 03:00:00,92.78875
364,pretrain,2023-11-17 04:00:00,95.7
365,pretrain,2023-11-17 05:00:00,103.2
366,pretrain,2023-11-17 06:00:00,126.73
367,pretrain,2023-11-17 07:00:00,139.82
368,pretrain,2023-11-17 08:00:00,141.9215
369,pretrain,2023-11-17 09:00:00,137.51
370,pretrain,2023-11-17 10:00:00,109.6182
371,pretrain,2023-11-17 11:00:00,106.76018
372,pretrain,2023-11-17 12:00:00,97.23086
373,pretrain,2023-11-17 13:00:00,103.17668
374,pretrain,2023-11-17 14:00:00,127.52525
375,pretrain,2023-11-17 15:00:00,135.92
376,pretrain,2023-11-17 16:00:00,155.0
377,pretrain,2023-11-17 17:00:00,167.92
378,pretrain,2023-11-17 18:00:00,166.92
379,pretrain,2023-11-17 19:00:00,163.56
380,pretrain,2023-11-17 20:00:00,144.02
381,pretrain,2023-11-17 21:00:00,134.44
382,pretrain,2023-11-17 22:00:00,127.26
383,pretrain,2023-11-17 23:00:00,119.37
384,pretrain,2023-11-18 00:00:00,125.93
385,pretrain,2023-11-18 01:00:00,125.17
386,pretrain,2023-11-18 02:00:00,125.0
387,pretrain,2023-11-18 03:00:00,123.8
388,pretrain,2023-11-18 04:00:00,123.39
389,pretrain,2023-11-18 05:00:00,123.45
390,pretrain,2023-11-18 06:00:00,123.39
391,pretrain,2023-11-18 07:00:00,128.12
392,pretrain,2023-11-18 08:00:00,128.1
393,pretrain,2023-11-18 09:00:00,123.46
394,pretrain,2023-11-18 10:00:00,119.17884
395,pretrain,2023-11-18 11:00:00,103.23061
396,pretrain,2023-11-18 12:00:00,116.17239
397,pretrain,2023-11-18 13:00:00,110.0
398,pretrain,2023-11-18 14:00:00,123.32
399,pretrain,2023-11-18 15:00:00,123.5
400,pretrain,2023-11-18 16:00:00,132.55
401,pretrain,2023-11-18 17:00:00,151.88637
402,pretrain,2023-11-18 18:00:00,161.23299
403,pretrain,2023-11-18 19:00:00,163.00938
404,pretrain,2023-11-18 20:00:00,150.45324
405,pretrain,2023-11-18 21:00:00,133.56
406,pretrain,2023-11-18 22:00:00,126.8
407,pretrain,2023-11-18 23:00:00,124.43
408,pretrain,2023-11-19 00:00:00,125.0
409,pretrain,2023-11-19 01:00:00,125.68
410,pretrain,2023-11-19 02:00:00,123.12
411,pretrain,2023-11-19 03:00:00,124.5
412,pretrain,2023-11-19 04:00:00,124.5
413,pretrain,2023-11-19 05:00:00,124.5
414,pretrain,2023-11-19 06:00:00,125.0
415,pretrain,2023-11-19 07:00:00,125.0
416,pretrain,2023-11-19 08:00:00,124.3
417,pretrain,2023-11-19 09:00:00,121.28061
418,pretrain,2023-11-19 10:00:00,113.54868
419,pretrain,2023-11-19 11:00:00,122.9564
420,pretrain,2023-11-19 12:00:00,113.99347
421,pretrain,2023-11-19 13:00:00,113.0
422,pretrain,2023-11-19 14:00:00,109.66
423,pretrain,2023-11-19 15:00:00,121.78
424,pretrain,2023-11-19 16:00:00,115.56
425,pretrain,2023-11-19 17:00:00,128.04963
426,pretrain,2023-11-19 18:00:00,128.18
427,pretrain,2023-11-19 19:00:00,128.48599
428,pretrain,2023-11-19 20:00:00,126.39378
429,pretrain,2023-11-19 21:00:00,125.0
430,pretrain,2023-11-19 22:00:00,123.37
431,pretrain,2023-11-19 23:00:00,123.21
432,pretrain,2023-11-20 00:00:00,125.17
433,pretrain,2023-11-20 01:00:00,121.74
434,pretrain,2023-11-20 02:00:00,125.22
435,pretrain,2023-11-20 03:00:00,123.39
436,pretrain,2023-11-20 04:00:00,122.15
437,pretrain,2023-11-20 05:00:00,123.39
438,pretrain,2023-11-20 06:00:00,129.17
439,pretrain,2023-11-20 07:00:00,132.08465
440,pretrain,2023-11-20 08:00:00,150.0
441,pretrain,2023-11-20 09:00:00,143.32
442,pretrain,2023-11-20 10:00:00,131.17
443,pretrain,2023-11-20 11:00:00,128.11
444,pretrain,2023-11-20 12:00:00,124.69
445,pretrain,2023-11-20 13:00:00,126.12
446,pretrain,2023-11-20 14:00:00,131.47
447,pretrain,2023-11-20 15:00:00,146.72
448,pretrain,2023-11-20 16:00:00,150.0
449,pretrain,2023-11-20 17:00:00,164.8
450,pretrain,2023-11-20 18:00:00,156.17
451,pretrain,2023-11-20 19:00:00,155.0
452,pretrain,2023-11-20 20:00:00,133.81
453,pretrain,2023-11-20 21:00:00,131.47
454,pretrain,2023-11-20 22:00:00,128.0
455,pretrain,2023-11-20 23:00:00,123.39
456,pretrain,2023-11-21 00:00:00,119.25
457,pretrain,2023-11-21 01:00:00,109.9
458,pretrain,2023-11-21 02:00:00,106.8
459,pretrain,2023-11-21 03:00:00,106.8
460,pretrain,2023-11-21 04:00:00,106.8
461,pretrain,2023-11-21 05:00:00,106.8
462,pretrain,2023-11-21 06:00:00,128.97
463,pretrain,2023-11-21 07:00:00,134.70569
464,pretrain,2023-11-21 08:00:00,140.0
465,pretrain,2023-11-21 09:00:00,140.0
466,pretrain,2023-11-21 10:00:00,135.0
467,pretrain,2023-11-21 11:00:00,131.60923
468,pretrain,2023-11-21 12:00:00,130.1
469,pretrain,2023-11-21 13:00:00,131.47
470,pretrain,2023-11-21 14:00:00,137.67
471,pretrain,2023-11-21 15:00:00,140.39315
472,pretrain,2023-11-21 16:00:00,142.18843
473,pretrain,2023-11-21 17:00:00,147.32
474,pretrain,2023-11-21 18:00:00,142.08073
475,pretrain,2023-11-21 19:00:00,140.0
476,pretrain,2023-11-21 20:00:00,132.8
477,pretrain,2023-11-21 21:00:00,131.46
478,pretrain,2023-11-21 22:00:00,126.15
479,pretrain,2023-11-21 23:00:00,114.56
480,pretrain,2023-11-22 00:00:00,120.82
481,pretrain,2023-11-22 01:00:00,116.5
482,pretrain,2023-11-22 02:00:00,110.83
483,pretrain,2023-11-22 03:00:00,107.8
484,pretrain,2023-11-22 04:00:00,111.7
485,pretrain,2023-11-22 05:00:00,123.41
486,pretrain,2023-11-22 06:00:00,136.03
487,pretrain,2023-11-22 07:00:00,157.81
488,pretrain,2023-11-22 08:00:00,169.0
489,pretrain,2023-11-22 09:00:00,154.19
490,pretrain,2023-11-22 10:00:00,137.49
491,pretrain,2023-11-22 11:00:00,131.7
492,pretrain,2023-11-22 12:00:00,130.0
493,pretrain,2023-11-22 13:00:00,130.31
494,pretrain,2023-11-22 14:00:00,132.73
495,pretrain,2023-11-22 15:00:00,140.0
496,pretrain,2023-11-22 16:00:00,150.37
497,pretrain,2023-11-22 17:00:00,165.0
498,pretrain,2023-11-22 18:00:00,145.61
499,pretrain,2023-11-22 19:00:00,147.99
500,pretrain,2023-11-22 20:00:00,134.1
501,pretrain,2023-11-22 21:00:00,131.08
502,pretrain,2023-11-22 22:00:00,130.0
503,pretrain,2023-11-22 23:00:00,123.7
504,pretrain,2023-11-23 00:00:00,121.83
505,pretrain,2023-11-23 01:00:00,107.19
506,pretrain,2023-11-23 02:00:00,108.52
507,pretrain,2023-11-23 03:00:00,105.55
508,pretrain,2023-11-23 04:00:00,105.45
509,pretrain,2023-11-23 05:00:00,104.9
510,pretrain,2023-11-23 06:00:00,128.82
511,pretrain,2023-11-23 07:00:00,140.0
512,pretrain,2023-11-23 08:00:00,151.25
513,pretrain,2023-11-23 09:00:00,136.48
514,pretrain,2023-11-23 10:00:00,130.7
515,pretrain,2023-11-23 11:00:00,125.26
516,pretrain,2023-11-23 12:00:00,118.0
517,pretrain,2023-11-23 13:00:00,122.96
518,pretrain,2023-11-23 14:00:00,130.19
519,pretrain,2023-11-23 15:00:00,137.0
520,pretrain,2023-11-23 16:00:00,158.91
521,pretrain,2023-11-23 17:00:00,167.3
522,pretrain,2023-11-23 18:00:00,165.0
523,pretrain,2023-11-23 19:00:00,166.82
524,pretrain,2023-11-23 20:00:00,150.0
525,pretrain,2023-11-23 21:00:00,142.3
526,pretrain,2023-11-23 22:00:00,134.0
527,pretrain,2023-11-23 23:00:00,131.93
528,pretrain,2023-11-24 00:00:00,121.97
529,pretrain,2023-11-24 01:00:00,118.0
530,pretrain,2023-11-24 02:00:00,116.91
531,pretrain,2023-11-24 03:00:00,116.91
532,pretrain,2023-11-24 04:00:00,115.76
533,pretrain,2023-11-24 05:00:00,122.93
534,pretrain,2023-11-24 06:00:00,134.8
535,pretrain,2023-11-24 07:00:00,150.0
536,pretrain,2023-11-24 08:00:00,170.0
537,pretrain,2023-11-24 09:00:00,148.49
538,pretrain,2023-11-24 10:00:00,131.73
539,pretrain,2023-11-24 11:00:00,129.36
540,pretrain,2023-11-24 12:00:00,120.36
541,pretrain,2023-11-24 13:00:00,122.95
542,pretrain,2023-11-24 14:00:00,130.09
543,pretrain,2023-11-24 15:00:00,132.42
544,pretrain,2023-11-24 16:00:00,144.6
545,pretrain,2023-11-24 17:00:00,158.79
546,pretrain,2023-11-24 18:00:00,143.04
547,pretrain,2023-11-24 19:00:00,141.22
548,pretrain,2023-11-24 20:00:00,131.93
549,pretrain,2023-11-24 21:00:00,130.2
550,pretrain,2023-11-24 22:00:00,128.28
551,pretrain,2023-11-24 23:00:00,123.83
552,pretrain,2023-11-25 00:00:00,121.3
553,pretrain,2023-11-25 01:00:00,116.4
554,pretrain,2023-11-25 02:00:00,116.0
555,pretrain,2023-11-25 03:00:00,115.89
556,pretrain,2023-11-25 04:00:00,113.6
557,pretrain,2023-11-25 05:00:00,113.8
558,pretrain,2023-11-25 06:00:00,120.5
559,pretrain,2023-11-25 07:00:00,126.67
560,pretrain,2023-11-25 08:00:00,128.17
561,pretrain,2023-11-25 09:00:00,121.15849
562,pretrain,2023-11-25 10:00:00,106.67023
563,pretrain,2023-11-25 11:00:00,98.56334
564,pretrain,2023-11-25 12:00:00,94.5583
565,pretrain,2023-11-25 13:00:00,93.48258
566,pretrain,2023-11-25 14:00:00,97.89009
567,pretrain,2023-11-25 15:00:00,108.35367
568,pretrain,2023-11-25 16:00:00,130.26
569,pretrain,2023-11-25 17:00:00,152.86
570,pretrain,2023-11-25 18:00:00,165.0
571,pretrain,2023-11-25 19:00:00,170.0
572,pretrain,2023-11-25 20:00:00,150.0
573,pretrain,2023-11-25 21:00:00,130.07
574,pretrain,2023-11-25 22:00:00,126.6
575,pretrain,2023-11-25 23:00:00,126.54
576,pretrain,2023-11-26 00:00:00,118.5
577,pretrain,2023-11-26 01:00:00,124.03
578,pretrain,2023-11-26 02:00:00,124.03
579,pretrain,2023-11-26 03:00:00,124.03
580,pretrain,2023-11-26 04:00:00,124.05
581,pretrain,2023-11-26 05:00:00,127.0
582,pretrain,2023-11-26 06:00:00,126.62
583,pretrain,2023-11-26 07:00:00,133.22
584,pretrain,2023-11-26 08:00:00,140.0
585,pretrain,2023-11-26 09:00:00,138.0
586,pretrain,2023-11-26 10:00:00,133.22
587,pretrain,2023-11-26 11:00:00,131.92
588,pretrain,2023-11-26 12:00:00,131.18
589,pretrain,2023-11-26 13:00:00,129.29
590,pretrain,2023-11-26 14:00:00,131.37
591,pretrain,2023-11-26 15:00:00,133.22
592,pretrain,2023-11-26 16:00:00,141.22
593,pretrain,2023-11-26 17:00:00,147.2
594,pretrain,2023-11-26 18:00:00,159.02
595,pretrain,2023-11-26 19:00:00,164.0
596,pretrain,2023-11-26 20:00:00,159.5
597,pretrain,2023-11-26 21:00:00,140.0
598,pretrain,2023-11-26 22:00:00,133.22
599,pretrain,2023-11-26 23:00:00,129.83
600,pretrain,2023-11-27 00:00:00,123.47
601,pretrain,2023-11-27 01:00:00,118.67
602,pretrain,2023-11-27 02:00:00,117.84
603,pretrain,2023-11-27 03:00:00,114.9
604,pretrain,2023-11-27 04:00:00,115.4
605,pretrain,2023-11-27 05:00:00,123.55
606,pretrain,2023-11-27 06:00:00,134.4
607,pretrain,2023-11-27 07:00:00,141.67
608,pretrain,2023-11-27 08:00:00,157.16
609,pretrain,2023-11-27 09:00:00,153.42
610,pretrain,2023-11-27 10:00:00,140.43
611,pretrain,2023-11-27 11:00:00,137.66113
612,pretrain,2023-11-27 12:00:00,135.2
613,pretrain,2023-11-27 13:00:00,135.13678
614,pretrain,2023-11-27 14:00:00,142.65366
615,pretrain,2023-11-27 15:00:00,150.91162
616,pretrain,2023-11-27 16:00:00,161.1
617,pretrain,2023-11-27 17:00:00,163.68
618,pretrain,2023-11-27 18:00:00,150.15
619,pretrain,2023-11-27 19:00:00,148.0
620,pretrain,2023-11-27 20:00:00,136.06
621,pretrain,2023-11-27 21:00:00,132.73
622,pretrain,2023-11-27 22:00:00,129.1
623,pretrain,2023-11-27 23:00:00,120.0
624,pretrain,2023-11-28 00:00:00,116.35
625,pretrain,2023-11-28 01:00:00,112.24
626,pretrain,2023-11-28 02:00:00,106.06
627,pretrain,2023-11-28 03:00:00,82.43526
628,pretrain,2023-11-28 04:00:00,79.86039
629,pretrain,2023-11-28 05:00:00,94.67293
630,pretrain,2023-11-28 06:00:00,128.96655
631,pretrain,2023-11-28 07:00:00,143.19
632,pretrain,2023-11-28 08:00:00,149.19696
633,pretrain,2023-11-28 09:00:00,142.27
634,pretrain,2023-11-28 10:00:00,132.15869
635,pretrain,2023-11-28 11:00:00,122.34829
636,pretrain,2023-11-28 12:00:00,117.05578
637,pretrain,2023-11-28 13:00:00,119.27531
638,pretrain,2023-11-28 14:00:00,129.18864
639,pretrain,2023-11-28 15:00:00,138.60446
640,pretrain,2023-11-28 16:00:00,160.64337
641,pretrain,2023-11-28 17:00:00,186.06343
642,pretrain,2023-11-28 18:00:00,177.0
643,pretrain,2023-11-28 19:00:00,161.98562
644,pretrain,2023-11-28 20:00:00,143.83
645,pretrain,2023-11-28 21:00:00,135.0
646,pretrain,2023-11-28 22:00:00,128.5
647,pretrain,2023-11-28 23:00:00,118.4
648,pretrain,2023-11-29 00:00:00,105.5
649,pretrain,2023-11-29 01:00:00,100.0
650,pretrain,2023-11-29 02:00:00,97.88
651,pretrain,2023-11-29 03:00:00,103.17
652,pretrain,2023-11-29 04:00:00,101.46
653,pretrain,2023-11-29 05:00:00,113.82
654,pretrain,2023-11-29 06:00:00,125.87
655,pretrain,2023-11-29 07:00:00,139.6
656,pretrain,2023-11-29 08:00:00,160.51
657,pretrain,2023-11-29 09:00:00,146.47425
658,pretrain,2023-11-29 10:00:00,133.93578
659,pretrain,2023-11-29 11:00:00,128.65685
660,pretrain,2023-11-29 12:00:00,127.52079
661,pretrain,2023-11-29 13:00:00,130.44884
662,pretrain,2023-11-29 14:00:00,146.95147
663,pretrain,2023-11-29 15:00:00,168.0
664,pretrain,2023-11-29 16:00:00,200.0
665,pretrain,2023-11-29 17:00:00,235.74
666,pretrain,2023-11-29 18:00:00,231.0
667,pretrain,2023-11-29 19:00:00,200.0
668,pretrain,2023-11-29 20:00:00,161.0
669,pretrain,2023-11-29 21:00:00,139.01
670,pretrain,2023-11-29 22:00:00,128.5
671,pretrain,2023-11-29 23:00:00,123.79
672,pretrain,2023-11-30 00:00:00,121.53
673,pretrain,2023-11-30 01:00:00,115.02
674,pretrain,2023-11-30 02:00:00,108.94
675,pretrain,2023-11-30 03:00:00,107.16
676,pretrain,2023-11-30 04:00:00,107.16
677,pretrain,2023-11-30 05:00:00,114.39
678,pretrain,2023-11-30 06:00:00,128.05361
679,pretrain,2023-11-30 07:00:00,157.06048
680,pretrain,2023-11-30 08:00:00,192.70341
681,pretrain,2023-11-30 09:00:00,204.09281
682,pretrain,2023-11-30 10:00:00,191.58028
683,pretrain,2023-11-30 11:00:00,189.44815
684,pretrain,2023-11-30 12:00:00,167.73534
685,pretrain,2023-11-30 13:00:00,165.0
686,pretrain,2023-11-30 14:00:00,172.47071
687,pretrain,2023-11-30 15:00:00,174.29094
688,pretrain,2023-11-30 16:00:00,198.82692
689,pretrain,2023-11-30 17:00:00,221.36407
690,pretrain,2023-11-30 18:00:00,203.46948
691,pretrain,2023-11-30 19:00:00,180.0
692,pretrain,2023-11-30 20:00:00,140.32476
693,pretrain,2023-11-30 21:00:00,131.10457
694,pretrain,2023-11-30 22:00:00,123.51793
695,pretrain,2023-11-30 23:00:00,113.13053
696,pretrain,2023-12-01 00:00:00,106.91366
697,pretrain,2023-12-01 01:00:00,102.63347
698,pretrain,2023-12-01 02:00:00,99.1
699,pretrain,2023-12-01 03:00:00,80.89518
700,pretrain,2023-12-01 04:00:00,92.81158
701,pretrain,2023-12-01 05:00:00,99.67307
702,pretrain,2023-12-01 06:00:00,119.58987
703,pretrain,2023-12-01 07:00:00,144.89091
704,pretrain,2023-12-01 08:00:00,185.25433
705,pretrain,2023-12-01 09:00:00,191.72881
706,pretrain,2023-12-01 10:00:00,175.65368
707,pretrain,2023-12-01 11:00:00,172.28104
708,pretrain,2023-12-01 12:00:00,153.89319
709,pretrain,2023-12-01 13:00:00,151.89462
710,pretrain,2023-12-01 14:00:00,153.28867
711,pretrain,2023-12-01 15:00:00,169.13615
712,pretrain,2023-12-01 16:00:00,192.23642
713,pretrain,2023-12-01 17:00:00,200.0
714,pretrain,2023-12-01 18:00:00,186.61552
715,pretrain,2023-12-01 19:00:00,165.0
716,pretrain,2023-12-01 20:00:00,139.98
717,pretrain,2023-12-01 21:00:00,125.0
718,pretrain,2023-12-01 22:00:00,118.0
719,pretrain,2023-12-01 23:00:00,108.06583
720,pretrain,2023-12-02 00:00:00,107.5
721,pretrain,2023-12-02 01:00:00,99.93983
722,pretrain,2023-12-02 02:00:00,92.73009
723,pretrain,2023-12-02 03:00:00,87.69623
724,pretrain,2023-12-02 04:00:00,91.31851
725,pretrain,2023-12-02 05:00:00,98.49095
726,pretrain,2023-12-02 06:00:00,103.16144
727,pretrain,2023-12-02 07:00:00,115.29
728,pretrain,2023-12-02 08:00:00,120.37
729,pretrain,2023-12-02 09:00:00,126.88574
730,pretrain,2023-12-02 10:00:00,128.0641
731,pretrain,2023-12-02 11:00:00,118.02711
732,pretrain,2023-12-02 12:00:00,114.61696
733,pretrain,2023-12-02 13:00:00,114.58457
734,pretrain,2023-12-02 14:00:00,118.52
735,pretrain,2023-12-02 15:00:00,122.95679
736,pretrain,2023-12-02 16:00:00,129.79
737,pretrain,2023-12-02 17:00:00,138.19
738,pretrain,2023-12-02 18:00:00,135.09613
739,pretrain,2023-12-02 19:00:00,128.27
740,pretrain,2023-12-02 20:00:00,122.63467
741,pretrain,2023-12-02 21:00:00,116.83
742,pretrain,2023-12-02 22:00:00,112.78
743,pretrain,2023-12-02 23:00:00,110.0
744,pretrain,2023-12-03 00:00:00,109.7
745,pretrain,2023-12-03 01:00:00,105.7
746,pretrain,2023-12-03 02:00:00,103.39367
747,pretrain,2023-12-03 03:00:00,101.22734
748,pretrain,2023-12-03 04:00:00,105.08
749,pretrain,2023-12-03 05:00:00,110.08
750,pretrain,2023-12-03 06:00:00,116.6
751,pretrain,2023-12-03 07:00:00,121.06
752,pretrain,2023-12-03 08:00:00,119.88
753,pretrain,2023-12-03 09:00:00,116.11
754,pretrain,2023-12-03 10:00:00,109.69
755,pretrain,2023-12-03 11:00:00,108.9
756,pretrain,2023-12-03 12:00:00,107.0
757,pretrain,2023-12-03 13:00:00,100.0
758,pretrain,2023-12-03 14:00:00,105.68
759,pretrain,2023-12-03 15:00:00,115.0
760,pretrain,2023-12-03 16:00:00,122.2
761,pretrain,2023-12-03 17:00:00,127.89743
762,pretrain,2023-12-03 18:00:00,129.05
763,pretrain,2023-12-03 19:00:00,131.71
764,pretrain,2023-12-03 20:00:00,125.03
765,pretrain,2023-12-03 21:00:00,123.75
766,pretrain,2023-12-03 22:00:00,117.29
767,pretrain,2023-12-03 23:00:00,113.4
768,pretrain,2023-12-04 00:00:00,112.41
769,pretrain,2023-12-04 01:00:00,110.67
770,pretrain,2023-12-04 02:00:00,111.93
771,pretrain,2023-12-04 03:00:00,111.93
772,pretrain,2023-12-04 04:00:00,111.93
773,pretrain,2023-12-04 05:00:00,116.95
774,pretrain,2023-12-04 06:00:00,128.1
775,pretrain,2023-12-04 07:00:00,141.52526
776,pretrain,2023-12-04 08:00:00,162.9
777,pretrain,2023-12-04 09:00:00,160.0
778,pretrain,2023-12-04 10:00:00,137.25
779,pretrain,2023-12-04 11:00:00,135.42
780,pretrain,2023-12-04 12:00:00,130.58
781,pretrain,2023-12-04 13:00:00,134.94
782,pretrain,2023-12-04 14:00:00,140.11
783,pretrain,2023-12-04 15:00:00,148.63
784,pretrain,2023-12-04 16:00:00,168.0
785,pretrain,2023-12-04 17:00:00,173.09896
786,pretrain,2023-12-04 18:00:00,161.38
787,pretrain,2023-12-04 19:00:00,151.56
788,pretrain,2023-12-04 20:00:00,134.19
789,pretrain,2023-12-04 21:00:00,131.0
790,pretrain,2023-12-04 22:00:00,127.86
791,pretrain,2023-12-04 23:00:00,121.24
792,pretrain,2023-12-05 00:00:00,114.71
793,pretrain,2023-12-05 01:00:00,110.93
794,pretrain,2023-12-05 02:00:00,106.61
795,pretrain,2023-12-05 03:00:00,105.31
796,pretrain,2023-12-05 04:00:00,105.19
797,pretrain,2023-12-05 05:00:00,111.93
798,pretrain,2023-12-05 06:00:00,121.63
799,pretrain,2023-12-05 07:00:00,131.93
800,pretrain,2023-12-05 08:00:00,160.26
801,pretrain,2023-12-05 09:00:00,164.2
802,pretrain,2023-12-05 10:00:00,156.01172
803,pretrain,2023-12-05 11:00:00,146.02242
804,pretrain,2023-12-05 12:00:00,139.44
805,pretrain,2023-12-05 13:00:00,140.0
806,pretrain,2023-12-05 14:00:00,141.48709
807,pretrain,2023-12-05 15:00:00,142.19214
808,pretrain,2023-12-05 16:00:00,160.0
809,pretrain,2023-12-05 17:00:00,159.49
810,pretrain,2023-12-05 18:00:00,147.47
811,pretrain,2023-12-05 19:00:00,141.56
812,pretrain,2023-12-05 20:00:00,128.63
813,pretrain,2023-12-05 21:00:00,126.8
814,pretrain,2023-12-05 22:00:00,124.15
815,pretrain,2023-12-05 23:00:00,115.4
816,pretrain,2023-12-06 00:00:00,98.15525
817,pretrain,2023-12-06 01:00:00,96.51979
818,pretrain,2023-12-06 02:00:00,91.47803
819,pretrain,2023-12-06 03:00:00,91.23523
820,pretrain,2023-12-06 04:00:00,89.11533
821,pretrain,2023-12-06 05:00:00,97.48037
822,pretrain,2023-12-06 06:00:00,120.96
823,pretrain,2023-12-06 07:00:00,133.6098
824,pretrain,2023-12-06 08:00:00,167.0
825,pretrain,2023-12-06 09:00:00,165.48207
826,pretrain,2023-12-06 10:00:00,150.0
827,pretrain,2023-12-06 11:00:00,140.0
828,pretrain,2023-12-06 12:00:00,130.602
829,pretrain,2023-12-06 13:00:00,131.37
830,pretrain,2023-12-06 14:00:00,137.25369
831,pretrain,2023-12-06 15:00:00,143.99
832,pretrain,2023-12-06 16:00:00,164.0
833,pretrain,2023-12-06 17:00:00,178.07495
834,pretrain,2023-12-06 18:00:00,165.27925
835,pretrain,2023-12-06 19:00:00,149.92676
836,pretrain,2023-12-06 20:00:00,129.90716
837,pretrain,2023-12-06 21:00:00,127.72
838,pretrain,2023-12-06 22:00:00,123.0
839,pretrain,2023-12-06 23:00:00,117.12
840,pretrain,2023-12-07 00:00:00,107.8
841,pretrain,2023-12-07 01:00:00,101.4
842,pretrain,2023-12-07 02:00:00,98.2
843,pretrain,2023-12-07 03:00:00,95.45
844,pretrain,2023-12-07 04:00:00,93.5
845,pretrain,2023-12-07 05:00:00,98.2
846,pretrain,2023-12-07 06:00:00,121.1
847,pretrain,2023-12-07 07:00:00,131.0
848,pretrain,2023-12-07 08:00:00,150.0
849,pretrain,2023-12-07 09:00:00,137.70142
850,pretrain,2023-12-07 10:00:00,125.5
851,pretrain,2023-12-07 11:00:00,123.49695
852,pretrain,2023-12-07 12:00:00,120.0
853,pretrain,2023-12-07 13:00:00,120.19
854,pretrain,2023-12-07 14:00:00,124.0
855,pretrain,2023-12-07 15:00:00,129.0
856,pretrain,2023-12-07 16:00:00,138.26
857,pretrain,2023-12-07 17:00:00,148.45412
858,pretrain,2023-12-07 18:00:00,140.53178
859,pretrain,2023-12-07 19:00:00,133.76396
860,pretrain,2023-12-07 20:00:00,126.61
861,pretrain,2023-12-07 21:00:00,125.26439
862,pretrain,2023-12-07 22:00:00,121.73
863,pretrain,2023-12-07 23:00:00,115.85
864,pretrain,2023-12-08 00:00:00,117.56
865,pretrain,2023-12-08 01:00:00,113.0
866,pretrain,2023-12-08 02:00:00,110.8
867,pretrain,2023-12-08 03:00:00,110.0
868,pretrain,2023-12-08 04:00:00,111.29
869,pretrain,2023-12-08 05:00:00,109.8
870,pretrain,2023-12-08 06:00:00,114.0
871,pretrain,2023-12-08 07:00:00,116.61423
872,pretrain,2023-12-08 08:00:00,120.13051
873,pretrain,2023-12-08 09:00:00,121.48191
874,pretrain,2023-12-08 10:00:00,119.99908
875,pretrain,2023-12-08 11:00:00,120.35
876,pretrain,2023-12-08 12:00:00,120.29
877,pretrain,2023-12-08 13:00:00,119.0
878,pretrain,2023-12-08 14:00:00,119.57
879,pretrain,2023-12-08 15:00:00,123.37
880,pretrain,2023-12-08 16:00:00,123.37
881,pretrain,2023-12-08 17:00:00,133.07
882,pretrain,2023-12-08 18:00:00,130.05
883,pretrain,2023-12-08 19:00:00,136.5
884,pretrain,2023-12-08 20:00:00,127.81
885,pretrain,2023-12-08 21:00:00,122.41
886,pretrain,2023-12-08 22:00:00,119.0
887,pretrain,2023-12-08 23:00:00,113.0
888,pretrain,2023-12-09 00:00:00,109.19
889,pretrain,2023-12-09 01:00:00,100.0
890,pretrain,2023-12-09 02:00:00,92.72
891,pretrain,2023-12-09 03:00:00,89.74
892,pretrain,2023-12-09 04:00:00,90.0
893,pretrain,2023-12-09 05:00:00,92.72
894,pretrain,2023-12-09 06:00:00,111.84
895,pretrain,2023-12-09 07:00:00,115.59
896,pretrain,2023-12-09 08:00:00,126.0
897,pretrain,2023-12-09 09:00:00,124.23
898,pretrain,2023-12-09 10:00:00,115.59
899,pretrain,2023-12-09 11:00:00,115.59
900,pretrain,2023-12-09 12:00:00,114.81
901,pretrain,2023-12-09 13:00:00,114.75
902,pretrain,2023-12-09 14:00:00,115.59
903,pretrain,2023-12-09 15:00:00,125.0
904,pretrain,2023-12-09 16:00:00,124.0
905,pretrain,2023-12-09 17:00:00,150.0
906,pretrain,2023-12-09 18:00:00,150.0
907,pretrain,2023-12-09 19:00:00,154.08
908,pretrain,2023-12-09 20:00:00,147.81
909,pretrain,2023-12-09 21:00:00,129.53
910,pretrain,2023-12-09 22:00:00,116.0
911,pretrain,2023-12-09 23:00:00,114.31
912,pretrain,2023-12-10 00:00:00,111.92
913,pretrain,2023-12-10 01:00:00,97.23
914,pretrain,2023-12-10 02:00:00,86.93
915,pretrain,2023-12-10 03:00:00,83.46
916,pretrain,2023-12-10 04:00:00,81.76
917,pretrain,2023-12-10 05:00:00,86.64
918,pretrain,2023-12-10 06:00:00,92.72
919,pretrain,2023-12-10 07:00:00,92.72
920,pretrain,2023-12-10 08:00:00,93.71
921,pretrain,2023-12-10 09:00:00,99.5
922,pretrain,2023-12-10 10:00:00,92.72
923,pretrain,2023-12-10 11:00:00,93.71
924,pretrain,2023-12-10 12:00:00,99.57
925,pretrain,2023-12-10 13:00:00,89.9028
926,pretrain,2023-12-10 14:00:00,92.51
927,pretrain,2023-12-10 15:00:00,100.0
928,pretrain,2023-12-10 16:00:00,110.45
929,pretrain,2023-12-10 17:00:00,117.73
930,pretrain,2023-12-10 18:00:00,127.45
931,pretrain,2023-12-10 19:00:00,135.0
932,pretrain,2023-12-10 20:00:00,131.23
933,pretrain,2023-12-10 21:00:00,117.23
934,pretrain,2023-12-10 22:00:00,115.0
935,pretrain,2023-12-10 23:00:00,106.97
936,pretrain,2023-12-11 00:00:00,113.79
937,pretrain,2023-12-11 01:00:00,111.53
938,pretrain,2023-12-11 02:00:00,109.9
939,pretrain,2023-12-11 03:00:00,108.97
940,pretrain,2023-12-11 04:00:00,94.3
941,pretrain,2023-12-11 05:00:00,98.5
942,pretrain,2023-12-11 06:00:00,121.05
943,pretrain,2023-12-11 07:00:00,126.39
944,pretrain,2023-12-11 08:00:00,146.64
945,pretrain,2023-12-11 09:00:00,145.5
946,pretrain,2023-12-11 10:00:00,129.99
947,pretrain,2023-12-11 11:00:00,121.21
948,pretrain,2023-12-11 12:00:00,117.29
949,pretrain,2023-12-11 13:00:00,119.76
950,pretrain,2023-12-11 14:00:00,124.99
951,pretrain,2023-12-11 15:00:00,128.67
952,pretrain,2023-12-11 16:00:00,138.18
953,pretrain,2023-12-11 17:00:00,142.05
954,pretrain,2023-12-11 18:00:00,135.14
955,pretrain,2023-12-11 19:00:00,130.09
956,pretrain,2023-12-11 20:00:00,119.39
957,pretrain,2023-12-11 21:00:00,117.87
958,pretrain,2023-12-11 22:00:00,110.93
959,pretrain,2023-12-11 23:00:00,94.3
960,pretrain,2023-12-12 00:00:00,91.05
961,pretrain,2023-12-12 01:00:00,87.05912
962,pretrain,2023-12-12 02:00:00,85.61674
963,pretrain,2023-12-12 03:00:00,84.42414
964,pretrain,2023-12-12 04:00:00,85.34168
965,pretrain,2023-12-12 05:00:00,97.46
966,pretrain,2023-12-12 06:00:00,115.0
967,pretrain,2023-12-12 07:00:00,130.06
968,pretrain,2023-12-12 08:00:00,155.59
969,pretrain,2023-12-12 09:00:00,140.0
970,pretrain,2023-12-12 10:00:00,129.99
971,pretrain,2023-12-12 11:00:00,124.51489
972,pretrain,2023-12-12 12:00:00,120.0
973,pretrain,2023-12-12 13:00:00,122.99723
974,pretrain,2023-12-12 14:00:00,126.61
975,pretrain,2023-12-12 15:00:00,137.73
976,pretrain,2023-12-12 16:00:00,156.45
977,pretrain,2023-12-12 17:00:00,154.25
978,pretrain,2023-12-12 18:00:00,140.53
979,pretrain,2023-12-12 19:00:00,137.01
980,pretrain,2023-12-12 20:00:00,117.96
981,pretrain,2023-12-12 21:00:00,117.01
982,pretrain,2023-12-12 22:00:00,113.22
983,pretrain,2023-12-12 23:00:00,96.86
984,pretrain,2023-12-13 00:00:00,90.0
985,pretrain,2023-12-13 01:00:00,87.1
986,pretrain,2023-12-13 02:00:00,80.0
987,pretrain,2023-12-13 03:00:00,80.32
988,pretrain,2023-12-13 04:00:00,85.0
989,pretrain,2023-12-13 05:00:00,89.46
990,pretrain,2023-12-13 06:00:00,108.4
991,pretrain,2023-12-13 07:00:00,116.75122
992,pretrain,2023-12-13 08:00:00,125.74
993,pretrain,2023-12-13 09:00:00,122.0013
994,pretrain,2023-12-13 10:00:00,115.33
995,pretrain,2023-12-13 11:00:00,115.0
996,pretrain,2023-12-13 12:00:00,113.22543
997,pretrain,2023-12-13 13:00:00,114.0
998,pretrain,2023-12-13 14:00:00,117.5
999,pretrain,2023-12-13 15:00:00,123.11
1000,pretrain,2023-12-13 16:00:00,135.07
1001,pretrain,2023-12-13 17:00:00,136.99
1002,pretrain,2023-12-13 18:00:00,129.14
1003,pretrain,2023-12-13 19:00:00,125.0
1004,pretrain,2023-12-13 20:00:00,115.33
1005,pretrain,2023-12-13 21:00:00,115.0
1006,pretrain,2023-12-13 22:00:00,107.59
1007,pretrain,2023-12-13 23:00:00,98.12
1008,pretrain,2023-12-14 00:00:00,99.43
1009,pretrain,2023-12-14 01:00:00,94.9
1010,pretrain,2023-12-14 02:00:00,92.5
1011,pretrain,2023-12-14 03:00:00,94.0
1012,pretrain,2023-12-14 04:00:00,94.9
1013,pretrain,2023-12-14 05:00:00,104.6
1014,pretrain,2023-12-14 06:00:00,113.07
1015,pretrain,2023-12-14 07:00:00,127.26
1016,pretrain,2023-12-14 08:00:00,156.62
1017,pretrain,2023-12-14 09:00:00,151.7
1018,pretrain,2023-12-14 10:00:00,149.55
1019,pretrain,2023-12-14 11:00:00,128.51
1020,pretrain,2023-12-14 12:00:00,115.6
1021,pretrain,2023-12-14 13:00:00,116.5
1022,pretrain,2023-12-14 14:00:00,118.08
1023,pretrain,2023-12-14 15:00:00,126.0
1024,pretrain,2023-12-14 16:00:00,141.0
1025,pretrain,2023-12-14 17:00:00,140.32
1026,pretrain,2023-12-14 18:00:00,135.52
1027,pretrain,2023-12-14 19:00:00,130.0
1028,pretrain,2023-12-14 20:00:00,114.82
1029,pretrain,2023-12-14 21:00:00,113.81
1030,pretrain,2023-12-14 22:00:00,108.5
1031,pretrain,2023-12-14 23:00:00,100.0
1032,pretrain,2023-12-15 00:00:00,92.5
1033,pretrain,2023-12-15 01:00:00,89.3
1034,pretrain,2023-12-15 02:00:00,89.3
1035,pretrain,2023-12-15 03:00:00,89.3
1036,pretrain,2023-12-15 04:00:00,89.12
1037,pretrain,2023-12-15 05:00:00,88.95
1038,pretrain,2023-12-15 06:00:00,108.5
1039,pretrain,2023-12-15 07:00:00,123.11
1040,pretrain,2023-12-15 08:00:00,138.61
1041,pretrain,2023-12-15 09:00:00,125.0
1042,pretrain,2023-12-15 10:00:00,108.46764
1043,pretrain,2023-12-15 11:00:00,103.75955
1044,pretrain,2023-12-15 12:00:00,100.47768
1045,pretrain,2023-12-15 13:00:00,103.8239
1046,pretrain,2023-12-15 14:00:00,109.41543
1047,pretrain,2023-12-15 15:00:00,109.46673
1048,pretrain,2023-12-15 16:00:00,122.00092
1049,pretrain,2023-12-15 17:00:00,125.91
1050,pretrain,2023-12-15 18:00:00,115.0
1051,pretrain,2023-12-15 19:00:00,113.81
1052,pretrain,2023-12-15 20:00:00,112.16
1053,pretrain,2023-12-15 21:00:00,109.26
1054,pretrain,2023-12-15 22:00:00,92.8
1055,pretrain,2023-12-15 23:00:00,83.19
1056,pretrain,2023-12-16 00:00:00,86.59
1057,pretrain,2023-12-16 01:00:00,84.35
1058,pretrain,2023-12-16 02:00:00,70.35
1059,pretrain,2023-12-16 03:00:00,66.9
1060,pretrain,2023-12-16 04:00:00,54.1
1061,pretrain,2023-12-16 05:00:00,55.6421
1062,pretrain,2023-12-16 06:00:00,78.71
1063,pretrain,2023-12-16 07:00:00,92.64877
1064,pretrain,2023-12-16 08:00:00,98.81678
1065,pretrain,2023-12-16 09:00:00,96.89121
1066,pretrain,2023-12-16 10:00:00,87.39294
1067,pretrain,2023-12-16 11:00:00,81.01713
1068,pretrain,2023-12-16 12:00:00,72.87412
1069,pretrain,2023-12-16 13:00:00,72.14012
1070,pretrain,2023-12-16 14:00:00,81.84925
1071,pretrain,2023-12-16 15:00:00,93.09227
1072,pretrain,2023-12-16 16:00:00,104.7258
1073,pretrain,2023-12-16 17:00:00,117.29
1074,pretrain,2023-12-16 18:00:00,114.27
1075,pretrain,2023-12-16 19:00:00,117.55
1076,pretrain,2023-12-16 20:00:00,109.12
1077,pretrain,2023-12-16 21:00:00,102.52
1078,pretrain,2023-12-16 22:00:00,99.79
1079,pretrain,2023-12-16 23:00:00,98.24
1080,pretrain,2023-12-17 00:00:00,102.94
1081,pretrain,2023-12-17 01:00:00,102.48
1082,pretrain,2023-12-17 02:00:00,100.35
1083,pretrain,2023-12-17 03:00:00,99.13
1084,pretrain,2023-12-17 04:00:00,98.55
1085,pretrain,2023-12-17 05:00:00,98.58
1086,pretrain,2023-12-17 06:00:00,100.76
1087,pretrain,2023-12-17 07:00:00,100.89
1088,pretrain,2023-12-17 08:00:00,101.33
1089,pretrain,2023-12-17 09:00:00,99.97
1090,pretrain,2023-12-17 10:00:00,97.46
1091,pretrain,2023-12-17 11:00:00,97.46
1092,pretrain,2023-12-17 12:00:00,99.96
1093,pretrain,2023-12-17 13:00:00,100.33
1094,pretrain,2023-12-17 14:00:00,103.12
1095,pretrain,2023-12-17 15:00:00,110.94
1096,pretrain,2023-12-17 16:00:00,122.00879
1097,pretrain,2023-12-17 17:00:00,122.00741
1098,pretrain,2023-12-17 18:00:00,122.00393
1099,pretrain,2023-12-17 19:00:00,127.3
1100,pretrain,2023-12-17 20:00:00,120.0
1101,pretrain,2023-12-17 21:00:00,109.06
1102,pretrain,2023-12-17 22:00:00,100.59
1103,pretrain,2023-12-17 23:00:00,100.56
1104,pretrain,2023-12-18 00:00:00,99.94
1105,pretrain,2023-12-18 01:00:00,100.0
1106,pretrain,2023-12-18 02:00:00,100.03
1107,pretrain,2023-12-18 03:00:00,99.82
1108,pretrain,2023-12-18 04:00:00,99.54
1109,pretrain,2023-12-18 05:00:00,96.96
1110,pretrain,2023-12-18 06:00:00,108.15
1111,pretrain,2023-12-18 07:00:00,110.25
1112,pretrain,2023-12-18 08:00:00,114.05
1113,pretrain,2023-12-18 09:00:00,108.57
1114,pretrain,2023-12-18 10:00:00,103.2
1115,pretrain,2023-12-18 11:00:00,99.46
1116,pretrain,2023-12-18 12:00:00,92.83
1117,pretrain,2023-12-18 13:00:00,98.0
1118,pretrain,2023-12-18 14:00:00,105.5
1119,pretrain,2023-12-18 15:00:00,118.98
1120,pretrain,2023-12-18 16:00:00,135.0
1121,pretrain,2023-12-18 17:00:00,137.15582
1122,pretrain,2023-12-18 18:00:00,125.92003
1123,pretrain,2023-12-18 19:00:00,126.75628
1124,pretrain,2023-12-18 20:00:00,117.71554
1125,pretrain,2023-12-18 21:00:00,110.0
1126,pretrain,2023-12-18 22:00:00,108.33
1127,pretrain,2023-12-18 23:00:00,105.8
1128,pretrain,2023-12-19 00:00:00,91.55
1129,pretrain,2023-12-19 01:00:00,88.88
1130,pretrain,2023-12-19 02:00:00,86.5
1131,pretrain,2023-12-19 03:00:00,87.0
1132,pretrain,2023-12-19 04:00:00,88.0
1133,pretrain,2023-12-19 05:00:00,92.85
1134,pretrain,2023-12-19 06:00:00,107.56
1135,pretrain,2023-12-19 07:00:00,112.28
1136,pretrain,2023-12-19 08:00:00,122.00863
1137,pretrain,2023-12-19 09:00:00,114.69
1138,pretrain,2023-12-19 10:00:00,105.8
1139,pretrain,2023-12-19 11:00:00,99.58
1140,pretrain,2023-12-19 12:00:00,92.25
1141,pretrain,2023-12-19 13:00:00,94.1
1142,pretrain,2023-12-19 14:00:00,106.16
1143,pretrain,2023-12-19 15:00:00,116.69
1144,pretrain,2023-12-19 16:00:00,141.2
1145,pretrain,2023-12-19 17:00:00,141.22499
1146,pretrain,2023-12-19 18:00:00,134.29584
1147,pretrain,2023-12-19 19:00:00,131.64354
1148,pretrain,2023-12-19 20:00:00,114.45806
1149,pretrain,2023-12-19 21:00:00,109.66997
1150,pretrain,2023-12-19 22:00:00,106.92
1151,pretrain,2023-12-19 23:00:00,101.43
1152,pretrain,2023-12-20 00:00:00,99.54
1153,pretrain,2023-12-20 01:00:00,96.9
1154,pretrain,2023-12-20 02:00:00,89.9
1155,pretrain,2023-12-20 03:00:00,89.06
1156,pretrain,2023-12-20 04:00:00,89.35
1157,pretrain,2023-12-20 05:00:00,99.47
1158,pretrain,2023-12-20 06:00:00,111.43
1159,pretrain,2023-12-20 07:00:00,160.0
1160,pretrain,2023-12-20 08:00:00,165.0
1161,pretrain,2023-12-20 09:00:00,155.0
1162,pretrain,2023-12-20 10:00:00,134.0
1163,pretrain,2023-12-20 11:00:00,118.15
1164,pretrain,2023-12-20 12:00:00,107.48
1165,pretrain,2023-12-20 13:00:00,107.48
1166,pretrain,2023-12-20 14:00:00,114.94
1167,pretrain,2023-12-20 15:00:00,125.0
1168,pretrain,2023-12-20 16:00:00,145.0
1169,pretrain,2023-12-20 17:00:00,145.05
1170,pretrain,2023-12-20 18:00:00,140.5
1171,pretrain,2023-12-20 19:00:00,140.5
1172,pretrain,2023-12-20 20:00:00,127.9
1173,pretrain,2023-12-20 21:00:00,113.16
1174,pretrain,2023-12-20 22:00:00,105.0
1175,pretrain,2023-12-20 23:00:00,100.0
1176,pretrain,2023-12-21 00:00:00,89.51
1177,pretrain,2023-12-21 01:00:00,87.16
1178,pretrain,2023-12-21 02:00:00,78.81
1179,pretrain,2023-12-21 03:00:00,74.0
1180,pretrain,2023-12-21 04:00:00,78.0
1181,pretrain,2023-12-21 05:00:00,88.0
1182,pretrain,2023-12-21 06:00:00,109.44
1183,pretrain,2023-12-21 07:00:00,118.61
1184,pretrain,2023-12-21 08:00:00,135.24085
1185,pretrain,2023-12-21 09:00:00,125.75408
1186,pretrain,2023-12-21 10:00:00,110.99269
1187,pretrain,2023-12-21 11:00:00,103.65351
1188,pretrain,2023-12-21 12:00:00,95.79715
1189,pretrain,2023-12-21 13:00:00,100.53294
1190,pretrain,2023-12-21 14:00:00,106.2112
1191,pretrain,2023-12-21 15:00:00,113.99993
1192,pretrain,2023-12-21 16:00:00,135.0
1193,pretrain,2023-12-21 17:00:00,138.63
1194,pretrain,2023-12-21 18:00:00,126.69
1195,pretrain,2023-12-21 19:00:00,120.5
1196,pretrain,2023-12-21 20:00:00,110.99
1197,pretrain,2023-12-21 21:00:00,107.6
1198,pretrain,2023-12-21 22:00:00,87.5
1199,pretrain,2023-12-21 23:00:00,59.19933
1200,pretrain,2023-12-22 00:00:00,85.8512
1201,pretrain,2023-12-22 01:00:00,82.39991
1202,pretrain,2023-12-22 02:00:00,58.18872
1203,pretrain,2023-12-22 03:00:00,31.0353
1204,pretrain,2023-12-22 04:00:00,41.21964
1205,pretrain,2023-12-22 05:00:00,58.20994
1206,pretrain,2023-12-22 06:00:00,101.53
1207,pretrain,2023-12-22 07:00:00,120.46
1208,pretrain,2023-12-22 08:00:00,135.0
1209,pretrain,2023-12-22 09:00:00,124.01307
1210,pretrain,2023-12-22 10:00:00,108.97938
1211,pretrain,2023-12-22 11:00:00,100.84687
1212,pretrain,2023-12-22 12:00:00,89.78617
1213,pretrain,2023-12-22 13:00:00,90.76529
1214,pretrain,2023-12-22 14:00:00,108.91
1215,pretrain,2023-12-22 15:00:00,115.86
1216,pretrain,2023-12-22 16:00:00,132.38
1217,pretrain,2023-12-22 17:00:00,138.62
1218,pretrain,2023-12-22 18:00:00,132.92
1219,pretrain,2023-12-22 19:00:00,132.38
1220,pretrain,2023-12-22 20:00:00,123.0
1221,pretrain,2023-12-22 21:00:00,114.95
1222,pretrain,2023-12-22 22:00:00,109.0
1223,pretrain,2023-12-22 23:00:00,96.0
1224,pretrain,2023-12-23 00:00:00,102.0
1225,pretrain,2023-12-23 01:00:00,103.54429
1226,pretrain,2023-12-23 02:00:00,93.3098
1227,pretrain,2023-12-23 03:00:00,92.74499
1228,pretrain,2023-12-23 04:00:00,87.20012
1229,pretrain,2023-12-23 05:00:00,89.38591
1230,pretrain,2023-12-23 06:00:00,104.0
1231,pretrain,2023-12-23 07:00:00,107.0
1232,pretrain,2023-12-23 08:00:00,109.78
1233,pretrain,2023-12-23 09:00:00,107.81
1234,pretrain,2023-12-23 10:00:00,102.91561
1235,pretrain,2023-12-23 11:00:00,101.7565
1236,pretrain,2023-12-23 12:00:00,96.65802
1237,pretrain,2023-12-23 13:00:00,91.78639
1238,pretrain,2023-12-23 14:00:00,100.67873
1239,pretrain,2023-12-23 15:00:00,107.44
1240,pretrain,2023-12-23 16:00:00,107.0
1241,pretrain,2023-12-23 17:00:00,106.44
1242,pretrain,2023-12-23 18:00:00,105.68783
1243,pretrain,2023-12-23 19:00:00,104.73114
1244,pretrain,2023-12-23 20:00:00,104.84
1245,pretrain,2023-12-23 21:00:00,106.44
1246,pretrain,2023-12-23 22:00:00,103.06
1247,pretrain,2023-12-23 23:00:00,99.0
1248,pretrain,2023-12-24 00:00:00,106.06
1249,pretrain,2023-12-24 01:00:00,105.0
1250,pretrain,2023-12-24 02:00:00,100.0
1251,pretrain,2023-12-24 03:00:00,95.5
1252,pretrain,2023-12-24 04:00:00,99.0
1253,pretrain,2023-12-24 05:00:00,104.19
1254,pretrain,2023-12-24 06:00:00,105.0
1255,pretrain,2023-12-24 07:00:00,105.0
1256,pretrain,2023-12-24 08:00:00,107.4
1257,pretrain,2023-12-24 09:00:00,106.92
1258,pretrain,2023-12-24 10:00:00,99.63
1259,pretrain,2023-12-24 11:00:00,100.0
1260,pretrain,2023-12-24 12:00:00,95.07166
1261,pretrain,2023-12-24 13:00:00,83.79569
1262,pretrain,2023-12-24 14:00:00,96.81838
1263,pretrain,2023-12-24 15:00:00,115.26
1264,pretrain,2023-12-24 16:00:00,140.0
1265,pretrain,2023-12-24 17:00:00,149.72
1266,pretrain,2023-12-24 18:00:00,153.7
1267,pretrain,2023-12-24 19:00:00,157.0
1268,pretrain,2023-12-24 20:00:00,154.12
1269,pretrain,2023-12-24 21:00:00,149.72
1270,pretrain,2023-12-24 22:00:00,139.76
1271,pretrain,2023-12-24 23:00:00,123.22
1272,pretrain,2023-12-25 00:00:00,106.25
1273,pretrain,2023-12-25 01:00:00,104.22
1274,pretrain,2023-12-25 02:00:00,103.0
1275,pretrain,2023-12-25 03:00:00,102.66
1276,pretrain,2023-12-25 04:00:00,101.24
1277,pretrain,2023-12-25 05:00:00,104.19
1278,pretrain,2023-12-25 06:00:00,107.15
1279,pretrain,2023-12-25 07:00:00,110.0
1280,pretrain,2023-12-25 08:00:00,114.07
1281,pretrain,2023-12-25 09:00:00,111.39
1282,pretrain,2023-12-25 10:00:00,108.84
1283,pretrain,2023-12-25 11:00:00,108.12
1284,pretrain,2023-12-25 12:00:00,107.5
1285,pretrain,2023-12-25 13:00:00,101.42
1286,pretrain,2023-12-25 14:00:00,107.47
1287,pretrain,2023-12-25 15:00:00,110.67
1288,pretrain,2023-12-25 16:00:00,130.0
1289,pretrain,2023-12-25 17:00:00,136.07
1290,pretrain,2023-12-25 18:00:00,140.0
1291,pretrain,2023-12-25 19:00:00,140.65
1292,pretrain,2023-12-25 20:00:00,143.7
1293,pretrain,2023-12-25 21:00:00,137.0
1294,pretrain,2023-12-25 22:00:00,135.0
1295,pretrain,2023-12-25 23:00:00,113.71
1296,pretrain,2023-12-26 00:00:00,107.4
1297,pretrain,2023-12-26 01:00:00,105.93
1298,pretrain,2023-12-26 02:00:00,103.0
1299,pretrain,2023-12-26 03:00:00,100.0
1300,pretrain,2023-12-26 04:00:00,100.0
1301,pretrain,2023-12-26 05:00:00,104.19
1302,pretrain,2023-12-26 06:00:00,105.31
1303,pretrain,2023-12-26 07:00:00,107.01
1304,pretrain,2023-12-26 08:00:00,110.0
1305,pretrain,2023-12-26 09:00:00,109.33
1306,pretrain,2023-12-26 10:00:00,107.45
1307,pretrain,2023-12-26 11:00:00,107.25
1308,pretrain,2023-12-26 12:00:00,107.05
1309,pretrain,2023-12-26 13:00:00,104.19
1310,pretrain,2023-12-26 14:00:00,107.37
1311,pretrain,2023-12-26 15:00:00,110.51
1312,pretrain,2023-12-26 16:00:00,135.28
1313,pretrain,2023-12-26 17:00:00,141.53
1314,pretrain,2023-12-26 18:00:00,146.0
1315,pretrain,2023-12-26 19:00:00,154.61
1316,pretrain,2023-12-26 20:00:00,152.65
1317,pretrain,2023-12-26 21:00:00,141.53
1318,pretrain,2023-12-26 22:00:00,135.28
1319,pretrain,2023-12-26 23:00:00,111.49
1320,pretrain,2023-12-27 00:00:00,111.05
1321,pretrain,2023-12-27 01:00:00,109.02
1322,pretrain,2023-12-27 02:00:00,107.43
1323,pretrain,2023-12-27 03:00:00,107.43
1324,pretrain,2023-12-27 04:00:00,108.44
1325,pretrain,2023-12-27 05:00:00,113.02
1326,pretrain,2023-12-27 06:00:00,137.39
1327,pretrain,2023-12-27 07:00:00,148.5
1328,pretrain,2023-12-27 08:00:00,157.38
1329,pretrain,2023-12-27 09:00:00,155.0
1330,pretrain,2023-12-27 10:00:00,144.5
1331,pretrain,2023-12-27 11:00:00,137.39
1332,pretrain,2023-12-27 12:00:00,121.97
1333,pretrain,2023-12-27 13:00:00,120.3
1334,pretrain,2023-12-27 14:00:00,137.39
1335,pretrain,2023-12-27 15:00:00,140.0
1336,pretrain,2023-12-27 16:00:00,150.45
1337,pretrain,2023-12-27 17:00:00,157.47
1338,pretrain,2023-12-27 18:00:00,155.0
1339,pretrain,2023-12-27 19:00:00,157.53
1340,pretrain,2023-12-27 20:00:00,150.45
1341,pretrain,2023-12-27 21:00:00,147.6
1342,pretrain,2023-12-27 22:00:00,130.28
1343,pretrain,2023-12-27 23:00:00,109.02
1344,pretrain,2023-12-28 00:00:00,100.0
1345,pretrain,2023-12-28 01:00:00,88.5
1346,pretrain,2023-12-28 02:00:00,84.24
1347,pretrain,2023-12-28 03:00:00,80.0
1348,pretrain,2023-12-28 04:00:00,83.01
1349,pretrain,2023-12-28 05:00:00,88.96
1350,pretrain,2023-12-28 06:00:00,102.38526
1351,pretrain,2023-12-28 07:00:00,104.36623
1352,pretrain,2023-12-28 08:00:00,113.85088
1353,pretrain,2023-12-28 09:00:00,112.0
1354,pretrain,2023-12-28 10:00:00,97.67
1355,pretrain,2023-12-28 11:00:00,95.88
1356,pretrain,2023-12-28 12:00:00,93.12
1357,pretrain,2023-12-28 13:00:00,93.58
1358,pretrain,2023-12-28 14:00:00,98.17
1359,pretrain,2023-12-28 15:00:00,108.61
1360,pretrain,2023-12-28 16:00:00,114.45104
1361,pretrain,2023-12-28 17:00:00,116.85537
1362,pretrain,2023-12-28 18:00:00,120.57254
1363,pretrain,2023-12-28 19:00:00,120.25396
1364,pretrain,2023-12-28 20:00:00,108.48101
1365,pretrain,2023-12-28 21:00:00,104.80919
1366,pretrain,2023-12-28 22:00:00,106.02708
1367,pretrain,2023-12-28 23:00:00,93.43855
1368,pretrain,2023-12-29 00:00:00,112.52
1369,pretrain,2023-12-29 01:00:00,109.62
1370,pretrain,2023-12-29 02:00:00,108.0
1371,pretrain,2023-12-29 03:00:00,108.0
1372,pretrain,2023-12-29 04:00:00,108.0
1373,pretrain,2023-12-29 05:00:00,110.54
1374,pretrain,2023-12-29 06:00:00,110.65
1375,pretrain,2023-12-29 07:00:00,120.0
1376,pretrain,2023-12-29 08:00:00,132.02
1377,pretrain,2023-12-29 09:00:00,133.46886
1378,pretrain,2023-12-29 10:00:00,133.86099
1379,pretrain,2023-12-29 11:00:00,128.46354
1380,pretrain,2023-12-29 12:00:00,114.14983
1381,pretrain,2023-12-29 13:00:00,112.94306
1382,pretrain,2023-12-29 14:00:00,114.93
1383,pretrain,2023-12-29 15:00:00,121.33
1384,pretrain,2023-12-29 16:00:00,135.54
1385,pretrain,2023-12-29 17:00:00,145.0
1386,pretrain,2023-12-29 18:00:00,144.57
1387,pretrain,2023-12-29 19:00:00,144.37
1388,pretrain,2023-12-29 20:00:00,132.02
1389,pretrain,2023-12-29 21:00:00,115.25
1390,pretrain,2023-12-29 22:00:00,113.54
1391,pretrain,2023-12-29 23:00:00,109.62
1392,pretrain,2023-12-30 00:00:00,105.78
1393,pretrain,2023-12-30 01:00:00,104.73
1394,pretrain,2023-12-30 02:00:00,100.0
1395,pretrain,2023-12-30 03:00:00,93.65
1396,pretrain,2023-12-30 04:00:00,95.0
1397,pretrain,2023-12-30 05:00:00,103.99477
1398,pretrain,2023-12-30 06:00:00,106.93
1399,pretrain,2023-12-30 07:00:00,108.62
1400,pretrain,2023-12-30 08:00:00,111.39
1401,pretrain,2023-12-30 09:00:00,112.48
1402,pretrain,2023-12-30 10:00:00,108.75
1403,pretrain,2023-12-30 11:00:00,107.68
1404,pretrain,2023-12-30 12:00:00,106.0
1405,pretrain,2023-12-30 13:00:00,106.93
1406,pretrain,2023-12-30 14:00:00,108.76
1407,pretrain,2023-12-30 15:00:00,109.46
1408,pretrain,2023-12-30 16:00:00,115.0
1409,pretrain,2023-12-30 17:00:00,132.0
1410,pretrain,2023-12-30 18:00:00,134.99
1411,pretrain,2023-12-30 19:00:00,136.07
1412,pretrain,2023-12-30 20:00:00,125.34579
1413,pretrain,2023-12-30 21:00:00,113.29
1414,pretrain,2023-12-30 22:00:00,110.0
1415,pretrain,2023-12-30 23:00:00,108.62
1416,pretrain,2023-12-31 00:00:00,109.12
1417,pretrain,2023-12-31 01:00:00,107.06
1418,pretrain,2023-12-31 02:00:00,105.45
1419,pretrain,2023-12-31 03:00:00,100.0
1420,pretrain,2023-12-31 04:00:00,95.0
1421,pretrain,2023-12-31 05:00:00,104.0
1422,pretrain,2023-12-31 06:00:00,106.94
1423,pretrain,2023-12-31 07:00:00,107.94
1424,pretrain,2023-12-31 08:00:00,108.96
1425,pretrain,2023-12-31 09:00:00,113.8
1426,pretrain,2023-12-31 10:00:00,108.96
1427,pretrain,2023-12-31 11:00:00,109.03
1428,pretrain,2023-12-31 12:00:00,108.62
1429,pretrain,2023-12-31 13:00:00,107.26
1430,pretrain,2023-12-31 14:00:00,107.94
1431,pretrain,2023-12-31 15:00:00,108.62
1432,pretrain,2023-12-31 16:00:00,117.19823
1433,pretrain,2023-12-31 17:00:00,132.0
1434,pretrain,2023-12-31 18:00:00,135.0
1435,pretrain,2023-12-31 19:00:00,136.07
1436,pretrain,2023-12-31 20:00:00,130.0
1437,pretrain,2023-12-31 21:00:00,117.23116
1438,pretrain,2023-12-31 22:00:00,108.96
1439,pretrain,2023-12-31 23:00:00,106.12
1440,annual,2024-01-01 00:00:00,107.09
1441,annual,2024-01-01 01:00:00,104.0
1442,annual,2024-01-01 02:00:00,100.0
1443,annual,2024-01-01 03:00:00,85.66
1444,annual,2024-01-01 04:00:00,85.0
1445,annual,2024-01-01 05:00:00,85.53
1446,annual,2024-01-01 06:00:00,95.07
1447,annual,2024-01-01 07:00:00,104.07
1448,annual,2024-01-01 08:00:00,106.95
1449,annual,2024-01-01 09:00:00,107.08
1450,annual,2024-01-01 10:00:00,104.0
1451,annual,2024-01-01 11:00:00,98.13
1452,annual,2024-01-01 12:00:00,101.55
1453,annual,2024-01-01 13:00:00,98.16
1454,annual,2024-01-01 14:00:00,98.17
1455,annual,2024-01-01 15:00:00,105.54
1456,annual,2024-01-01 16:00:00,110.0
1457,annual,2024-01-01 17:00:00,120.04
1458,annual,2024-01-01 18:00:00,131.5
1459,annual,2024-01-01 19:00:00,132.0
1460,annual,2024-01-01 20:00:00,127.75
1461,annual,2024-01-01 21:00:00,113.48
1462,annual,2024-01-01 22:00:00,109.18
1463,annual,2024-01-01 23:00:00,107.2
1464,annual,2024-01-02 00:00:00,105.49
1465,annual,2024-01-02 01:00:00,90.09
1466,annual,2024-01-02 02:00:00,84.27
1467,annual,2024-01-02 03:00:00,84.27
1468,annual,2024-01-02 04:00:00,84.27
1469,annual,2024-01-02 05:00:00,100.0
1470,annual,2024-01-02 06:00:00,108.28
1471,annual,2024-01-02 07:00:00,113.85
1472,annual,2024-01-02 08:00:00,126.9
1473,annual,2024-01-02 09:00:00,119.5
1474,annual,2024-01-02 10:00:00,110.6
1475,annual,2024-01-02 11:00:00,108.28
1476,annual,2024-01-02 12:00:00,105.88
1477,annual,2024-01-02 13:00:00,100.15
1478,annual,2024-01-02 14:00:00,108.28
1479,annual,2024-01-02 15:00:00,110.0
1480,annual,2024-01-02 16:00:00,112.8
1481,annual,2024-01-02 17:00:00,129.99
1482,annual,2024-01-02 18:00:00,130.0
1483,annual,2024-01-02 19:00:00,124.29
1484,annual,2024-01-02 20:00:00,111.26
1485,annual,2024-01-02 21:00:00,108.28
1486,annual,2024-01-02 22:00:00,106.0
1487,annual,2024-01-02 23:00:00,92.41
1488,annual,2024-01-03 00:00:00,82.5
1489,annual,2024-01-03 01:00:00,70.1
1490,annual,2024-01-03 02:00:00,50.21346
1491,annual,2024-01-03 03:00:00,40.0
1492,annual,2024-01-03 04:00:00,50.0
1493,annual,2024-01-03 05:00:00,75.0
1494,annual,2024-01-03 06:00:00,95.46
1495,annual,2024-01-03 07:00:00,108.28
1496,annual,2024-01-03 08:00:00,114.99561
1497,annual,2024-01-03 09:00:00,113.34489
1498,annual,2024-01-03 10:00:00,107.85233
1499,annual,2024-01-03 11:00:00,105.0
1500,annual,2024-01-03 12:00:00,92.04644
1501,annual,2024-01-03 13:00:00,91.59366
1502,annual,2024-01-03 14:00:00,97.50897
1503,annual,2024-01-03 15:00:00,106.02775
1504,annual,2024-01-03 16:00:00,109.7411
1505,annual,2024-01-03 17:00:00,115.81
1506,annual,2024-01-03 18:00:00,115.81
1507,annual,2024-01-03 19:00:00,115.81
1508,annual,2024-01-03 20:00:00,109.0
1509,annual,2024-01-03 21:00:00,106.0
1510,annual,2024-01-03 22:00:00,101.46
1511,annual,2024-01-03 23:00:00,82.59
1512,annual,2024-01-04 00:00:00,74.19
1513,annual,2024-01-04 01:00:00,65.0
1514,annual,2024-01-04 02:00:00,40.0
1515,annual,2024-01-04 03:00:00,35.19694
1516,annual,2024-01-04 04:00:00,49.39
1517,annual,2024-01-04 05:00:00,70.1
1518,annual,2024-01-04 06:00:00,97.61
1519,annual,2024-01-04 07:00:00,106.51
1520,annual,2024-01-04 08:00:00,109.49416
1521,annual,2024-01-04 09:00:00,107.23976
1522,annual,2024-01-04 10:00:00,94.35704
1523,annual,2024-01-04 11:00:00,87.10039
1524,annual,2024-01-04 12:00:00,83.81886
1525,annual,2024-01-04 13:00:00,85.96413
1526,annual,2024-01-04 14:00:00,92.11054
1527,annual,2024-01-04 15:00:00,103.34
1528,annual,2024-01-04 16:00:00,110.02
1529,annual,2024-01-04 17:00:00,116.87
1530,annual,2024-01-04 18:00:00,118.1
1531,annual,2024-01-04 19:00:00,118.1
1532,annual,2024-01-04 20:00:00,112.99
1533,annual,2024-01-04 21:00:00,107.05
1534,annual,2024-01-04 22:00:00,105.59
1535,annual,2024-01-04 23:00:00,97.98
1536,annual,2024-01-05 00:00:00,86.07515
1537,annual,2024-01-05 01:00:00,88.96
1538,annual,2024-01-05 02:00:00,78.5
1539,annual,2024-01-05 03:00:00,78.5
1540,annual,2024-01-05 04:00:00,79.39
1541,annual,2024-01-05 05:00:00,79.6
1542,annual,2024-01-05 06:00:00,103.46
1543,annual,2024-01-05 07:00:00,111.19
1544,annual,2024-01-05 08:00:00,115.0
1545,annual,2024-01-05 09:00:00,120.4
1546,annual,2024-01-05 10:00:00,114.72
1547,annual,2024-01-05 11:00:00,112.68327
1548,annual,2024-01-05 12:00:00,112.30081
1549,annual,2024-01-05 13:00:00,110.68838
1550,annual,2024-01-05 14:00:00,111.85887
1551,annual,2024-01-05 15:00:00,112.01889
1552,annual,2024-01-05 16:00:00,113.85
1553,annual,2024-01-05 17:00:00,120.0
1554,annual,2024-01-05 18:00:00,119.66
1555,annual,2024-01-05 19:00:00,115.81
1556,annual,2024-01-05 20:00:00,111.0
1557,annual,2024-01-05 21:00:00,110.0
1558,annual,2024-01-05 22:00:00,104.84
1559,annual,2024-01-05 23:00:00,86.8
1560,annual,2024-01-06 00:00:00,97.5
1561,annual,2024-01-06 01:00:00,97.67
1562,annual,2024-01-06 02:00:00,93.0
1563,annual,2024-01-06 03:00:00,93.0
1564,annual,2024-01-06 04:00:00,89.7
1565,annual,2024-01-06 05:00:00,89.47
1566,annual,2024-01-06 06:00:00,91.96
1567,annual,2024-01-06 07:00:00,96.75
1568,annual,2024-01-06 08:00:00,94.66
1569,annual,2024-01-06 09:00:00,100.5
1570,annual,2024-01-06 10:00:00,103.46
1571,annual,2024-01-06 11:00:00,103.0
1572,annual,2024-01-06 12:00:00,103.46
1573,annual,2024-01-06 13:00:00,100.5
1574,annual,2024-01-06 14:00:00,100.25
1575,annual,2024-01-06 15:00:00,103.0
1576,annual,2024-01-06 16:00:00,103.0
1577,annual,2024-01-06 17:00:00,111.65
1578,annual,2024-01-06 18:00:00,114.9
1579,annual,2024-01-06 19:00:00,116.97
1580,annual,2024-01-06 20:00:00,111.69
1581,annual,2024-01-06 21:00:00,110.06
1582,annual,2024-01-06 22:00:00,103.0
1583,annual,2024-01-06 23:00:00,88.5
1584,annual,2024-01-07 00:00:00,96.85
1585,annual,2024-01-07 01:00:00,96.58
1586,annual,2024-01-07 02:00:00,93.8
1587,annual,2024-01-07 03:00:00,93.8
1588,annual,2024-01-07 04:00:00,85.93
1589,annual,2024-01-07 05:00:00,84.3
1590,annual,2024-01-07 06:00:00,85.0
1591,annual,2024-01-07 07:00:00,102.27
1592,annual,2024-01-07 08:00:00,100.55
1593,annual,2024-01-07 09:00:00,101.19
1594,annual,2024-01-07 10:00:00,96.0
1595,annual,2024-01-07 11:00:00,96.0
1596,annual,2024-01-07 12:00:00,95.65
1597,annual,2024-01-07 13:00:00,88.0
1598,annual,2024-01-07 14:00:00,84.34138
1599,annual,2024-01-07 15:00:00,88.32
1600,annual,2024-01-07 16:00:00,97.95
1601,annual,2024-01-07 17:00:00,108.87
1602,annual,2024-01-07 18:00:00,109.49
1603,annual,2024-01-07 19:00:00,110.53
1604,annual,2024-01-07 20:00:00,110.0
1605,annual,2024-01-07 21:00:00,109.0
1606,annual,2024-01-07 22:00:00,102.47
1607,annual,2024-01-07 23:00:00,93.8
1608,annual,2024-01-08 00:00:00,87.6
1609,annual,2024-01-08 01:00:00,85.28
1610,annual,2024-01-08 02:00:00,85.28
1611,annual,2024-01-08 03:00:00,90.79
1612,annual,2024-01-08 04:00:00,93.8
1613,annual,2024-01-08 05:00:00,90.79
1614,annual,2024-01-08 06:00:00,107.46
1615,annual,2024-01-08 07:00:00,114.18
1616,annual,2024-01-08 08:00:00,125.5
1617,annual,2024-01-08 09:00:00,123.0
1618,annual,2024-01-08 10:00:00,115.38
1619,annual,2024-01-08 11:00:00,112.22
1620,annual,2024-01-08 12:00:00,108.55
1621,annual,2024-01-08 13:00:00,108.3
1622,annual,2024-01-08 14:00:00,110.97
1623,annual,2024-01-08 15:00:00,115.2
1624,annual,2024-01-08 16:00:00,122.00169
1625,annual,2024-01-08 17:00:00,130.1
1626,annual,2024-01-08 18:00:00,129.99382
1627,annual,2024-01-08 19:00:00,122.0095
1628,annual,2024-01-08 20:00:00,114.18
1629,annual,2024-01-08 21:00:00,107.46
1630,annual,2024-01-08 22:00:00,102.9
1631,annual,2024-01-08 23:00:00,91.75
1632,annual,2024-01-09 00:00:00,87.5315
1633,annual,2024-01-09 01:00:00,86.18151
1634,annual,2024-01-09 02:00:00,85.00494
1635,annual,2024-01-09 03:00:00,84.08453
1636,annual,2024-01-09 04:00:00,84.97701
1637,annual,2024-01-09 05:00:00,89.34054
1638,annual,2024-01-09 06:00:00,106.76125
1639,annual,2024-01-09 07:00:00,117.98
1640,annual,2024-01-09 08:00:00,131.3728
1641,annual,2024-01-09 09:00:00,120.78817
1642,annual,2024-01-09 10:00:00,112.1
1643,annual,2024-01-09 11:00:00,104.97006
1644,annual,2024-01-09 12:00:00,100.37
1645,annual,2024-01-09 13:00:00,100.82
1646,annual,2024-01-09 14:00:00,110.0
1647,annual,2024-01-09 15:00:00,116.55
1648,annual,2024-01-09 16:00:00,127.36267
1649,annual,2024-01-09 17:00:00,137.35078
1650,annual,2024-01-09 18:00:00,137.00435
1651,annual,2024-01-09 19:00:00,130.05
1652,annual,2024-01-09 20:00:00,117.67376
1653,annual,2024-01-09 21:00:00,111.0525
1654,annual,2024-01-09 22:00:00,105.61
1655,annual,2024-01-09 23:00:00,103.46
1656,annual,2024-01-10 00:00:00,97.97
1657,annual,2024-01-10 01:00:00,92.9
1658,annual,2024-01-10 02:00:00,91.29
1659,annual,2024-01-10 03:00:00,92.2
1660,annual,2024-01-10 04:00:00,91.29
1661,annual,2024-01-10 05:00:00,99.5
1662,annual,2024-01-10 06:00:00,108.96
1663,annual,2024-01-10 07:00:00,120.0
1664,annual,2024-01-10 08:00:00,139.2
1665,annual,2024-01-10 09:00:00,130.38739
1666,annual,2024-01-10 10:00:00,117.46942
1667,annual,2024-01-10 11:00:00,109.13
1668,annual,2024-01-10 12:00:00,104.2
1669,annual,2024-01-10 13:00:00,106.54
1670,annual,2024-01-10 14:00:00,110.2
1671,annual,2024-01-10 15:00:00,119.7728
1672,annual,2024-01-10 16:00:00,133.13612
1673,annual,2024-01-10 17:00:00,143.78766
1674,annual,2024-01-10 18:00:00,140.0
1675,annual,2024-01-10 19:00:00,132.15399
1676,annual,2024-01-10 20:00:00,120.0
1677,annual,2024-01-10 21:00:00,109.13
1678,annual,2024-01-10 22:00:00,105.37
1679,annual,2024-01-10 23:00:00,103.62
1680,annual,2024-01-11 00:00:00,91.74873
1681,annual,2024-01-11 01:00:00,88.6
1682,annual,2024-01-11 02:00:00,87.24772
1683,annual,2024-01-11 03:00:00,82.38093
1684,annual,2024-01-11 04:00:00,83.61
1685,annual,2024-01-11 05:00:00,90.35
1686,annual,2024-01-11 06:00:00,103.1
1687,annual,2024-01-11 07:00:00,116.89149
1688,annual,2024-01-11 08:00:00,140.87915
1689,annual,2024-01-11 09:00:00,129.16361
1690,annual,2024-01-11 10:00:00,113.65
1691,annual,2024-01-11 11:00:00,106.48
1692,annual,2024-01-11 12:00:00,99.38404
1693,annual,2024-01-11 13:00:00,99.0
1694,annual,2024-01-11 14:00:00,105.98
1695,annual,2024-01-11 15:00:00,113.71016
1696,annual,2024-01-11 16:00:00,120.0
1697,annual,2024-01-11 17:00:00,128.75
1698,annual,2024-01-11 18:00:00,136.72
1699,annual,2024-01-11 19:00:00,132.31
1700,annual,2024-01-11 20:00:00,117.93
1701,annual,2024-01-11 21:00:00,107.19
1702,annual,2024-01-11 22:00:00,105.98
1703,annual,2024-01-11 23:00:00,99.0
1704,annual,2024-01-12 00:00:00,101.46
1705,annual,2024-01-12 01:00:00,95.64
1706,annual,2024-01-12 02:00:00,91.2
1707,annual,2024-01-12 03:00:00,89.9
1708,annual,2024-01-12 04:00:00,88.59
1709,annual,2024-01-12 05:00:00,94.76
1710,annual,2024-01-12 06:00:00,112.82
1711,annual,2024-01-12 07:00:00,129.0
1712,annual,2024-01-12 08:00:00,140.73851
1713,annual,2024-01-12 09:00:00,134.96004
1714,annual,2024-01-12 10:00:00,121.5027
1715,annual,2024-01-12 11:00:00,113.8973
1716,annual,2024-01-12 12:00:00,103.42
1717,annual,2024-01-12 13:00:00,100.07708
1718,annual,2024-01-12 14:00:00,104.24191
1719,annual,2024-01-12 15:00:00,110.0
1720,annual,2024-01-12 16:00:00,120.0
1721,annual,2024-01-12 17:00:00,127.5
1722,annual,2024-01-12 18:00:00,126.0
1723,annual,2024-01-12 19:00:00,119.47
1724,annual,2024-01-12 20:00:00,110.0
1725,annual,2024-01-12 21:00:00,107.0
1726,annual,2024-01-12 22:00:00,105.0
1727,annual,2024-01-12 23:00:00,95.49
1728,annual,2024-01-13 00:00:00,92.8
1729,annual,2024-01-13 01:00:00,87.7
1730,annual,2024-01-13 02:00:00,87.08
1731,annual,2024-01-13 03:00:00,85.59
1732,annual,2024-01-13 04:00:00,83.4
1733,annual,2024-01-13 05:00:00,83.9
1734,annual,2024-01-13 06:00:00,95.52
1735,annual,2024-01-13 07:00:00,104.93
1736,annual,2024-01-13 08:00:00,107.63
1737,annual,2024-01-13 09:00:00,104.93
1738,annual,2024-01-13 10:00:00,101.0
1739,annual,2024-01-13 11:00:00,88.40127
1740,annual,2024-01-13 12:00:00,84.85
1741,annual,2024-01-13 13:00:00,83.4
1742,annual,2024-01-13 14:00:00,92.23
1743,annual,2024-01-13 15:00:00,101.59
1744,annual,2024-01-13 16:00:00,107.92
1745,annual,2024-01-13 17:00:00,124.76962
1746,annual,2024-01-13 18:00:00,128.79108
1747,annual,2024-01-13 19:00:00,128.20411
1748,annual,2024-01-13 20:00:00,117.86647
1749,annual,2024-01-13 21:00:00,105.0
1750,annual,2024-01-13 22:00:00,101.96
1751,annual,2024-01-13 23:00:00,95.52
1752,annual,2024-01-14 00:00:00,103.0
1753,annual,2024-01-14 01:00:00,100.65
1754,annual,2024-01-14 02:00:00,99.83
1755,annual,2024-01-14 03:00:00,96.79
1756,annual,2024-01-14 04:00:00,96.25
1757,annual,2024-01-14 05:00:00,95.25
1758,annual,2024-01-14 06:00:00,103.43
1759,annual,2024-01-14 07:00:00,104.73
1760,annual,2024-01-14 08:00:00,108.06
1761,annual,2024-01-14 09:00:00,108.06
1762,annual,2024-01-14 10:00:00,103.0
1763,annual,2024-01-14 11:00:00,103.0
1764,annual,2024-01-14 12:00:00,101.88
1765,annual,2024-01-14 13:00:00,96.04
1766,annual,2024-01-14 14:00:00,100.0
1767,annual,2024-01-14 15:00:00,104.74
1768,annual,2024-01-14 16:00:00,105.0
1769,annual,2024-01-14 17:00:00,111.0
1770,annual,2024-01-14 18:00:00,117.0
1771,annual,2024-01-14 19:00:00,120.0
1772,annual,2024-01-14 20:00:00,115.14
1773,annual,2024-01-14 21:00:00,108.23
1774,annual,2024-01-14 22:00:00,101.51
1775,annual,2024-01-14 23:00:00,97.9
1776,annual,2024-01-15 00:00:00,85.5
1777,annual,2024-01-15 01:00:00,83.4
1778,annual,2024-01-15 02:00:00,84.1
1779,annual,2024-01-15 03:00:00,83.4
1780,annual,2024-01-15 04:00:00,83.4
1781,annual,2024-01-15 05:00:00,84.9
1782,annual,2024-01-15 06:00:00,102.52
1783,annual,2024-01-15 07:00:00,110.03
1784,annual,2024-01-15 08:00:00,122.00208
1785,annual,2024-01-15 09:00:00,119.59
1786,annual,2024-01-15 10:00:00,106.21
1787,annual,2024-01-15 11:00:00,103.62167
1788,annual,2024-01-15 12:00:00,95.6842
1789,annual,2024-01-15 13:00:00,94.4436
1790,annual,2024-01-15 14:00:00,99.7
1791,annual,2024-01-15 15:00:00,104.44211
1792,annual,2024-01-15 16:00:00,110.0
1793,annual,2024-01-15 17:00:00,116.13
1794,annual,2024-01-15 18:00:00,115.0
1795,annual,2024-01-15 19:00:00,113.9
1796,annual,2024-01-15 20:00:00,107.58229
1797,annual,2024-01-15 21:00:00,104.31
1798,annual,2024-01-15 22:00:00,101.68
1799,annual,2024-01-15 23:00:00,91.39
1800,annual,2024-01-16 00:00:00,86.58831
1801,annual,2024-01-16 01:00:00,83.34
1802,annual,2024-01-16 02:00:00,84.1
1803,annual,2024-01-16 03:00:00,84.7
1804,annual,2024-01-16 04:00:00,84.7
1805,annual,2024-01-16 05:00:00,90.0
1806,annual,2024-01-16 06:00:00,103.76848
1807,annual,2024-01-16 07:00:00,117.0
1808,annual,2024-01-16 08:00:00,141.11791
1809,annual,2024-01-16 09:00:00,136.26696
1810,annual,2024-01-16 10:00:00,120.46093
1811,annual,2024-01-16 11:00:00,109.25941
1812,annual,2024-01-16 12:00:00,101.16921
1813,annual,2024-01-16 13:00:00,100.62671
1814,annual,2024-01-16 14:00:00,104.87055
1815,annual,2024-01-16 15:00:00,111.03657
1816,annual,2024-01-16 16:00:00,122.05
1817,annual,2024-01-16 17:00:00,133.0
1818,annual,2024-01-16 18:00:00,129.98158
1819,annual,2024-01-16 19:00:00,121.05
1820,annual,2024-01-16 20:00:00,110.40919
1821,annual,2024-01-16 21:00:00,105.0
1822,annual,2024-01-16 22:00:00,100.86671
1823,annual,2024-01-16 23:00:00,97.97296
1824,annual,2024-01-17 00:00:00,86.75
1825,annual,2024-01-17 01:00:00,85.5
1826,annual,2024-01-17 02:00:00,82.4
1827,annual,2024-01-17 03:00:00,80.0
1828,annual,2024-01-17 04:00:00,82.4
1829,annual,2024-01-17 05:00:00,85.9
1830,annual,2024-01-17 06:00:00,98.9
1831,annual,2024-01-17 07:00:00,104.18
1832,annual,2024-01-17 08:00:00,116.7498
1833,annual,2024-01-17 09:00:00,114.46135
1834,annual,2024-01-17 10:00:00,109.59758
1835,annual,2024-01-17 11:00:00,110.31763
1836,annual,2024-01-17 12:00:00,104.97503
1837,annual,2024-01-17 13:00:00,103.41178
1838,annual,2024-01-17 14:00:00,107.06157
1839,annual,2024-01-17 15:00:00,113.11206
1840,annual,2024-01-17 16:00:00,115.0
1841,annual,2024-01-17 17:00:00,125.4
1842,annual,2024-01-17 18:00:00,120.0
1843,annual,2024-01-17 19:00:00,113.68582
1844,annual,2024-01-17 20:00:00,104.23
1845,annual,2024-01-17 21:00:00,100.1786
1846,annual,2024-01-17 22:00:00,93.28313
1847,annual,2024-01-17 23:00:00,85.13999
1848,annual,2024-01-18 00:00:00,84.0
1849,annual,2024-01-18 01:00:00,81.6
1850,annual,2024-01-18 02:00:00,78.0
1851,annual,2024-01-18 03:00:00,78.0
1852,annual,2024-01-18 04:00:00,75.95604
1853,annual,2024-01-18 05:00:00,81.37145
1854,annual,2024-01-18 06:00:00,99.0
1855,annual,2024-01-18 07:00:00,112.70957
1856,annual,2024-01-18 08:00:00,125.0
1857,annual,2024-01-18 09:00:00,119.23073
1858,annual,2024-01-18 10:00:00,112.11555
1859,annual,2024-01-18 11:00:00,97.98925
1860,annual,2024-01-18 12:00:00,90.16064
1861,annual,2024-01-18 13:00:00,87.8814
1862,annual,2024-01-18 14:00:00,92.01
1863,annual,2024-01-18 15:00:00,103.40414
1864,annual,2024-01-18 16:00:00,106.6622
1865,annual,2024-01-18 17:00:00,114.20625
1866,annual,2024-01-18 18:00:00,110.0
1867,annual,2024-01-18 19:00:00,109.71
1868,annual,2024-01-18 20:00:00,103.32
1869,annual,2024-01-18 21:00:00,100.0
1870,annual,2024-01-18 22:00:00,91.47
1871,annual,2024-01-18 23:00:00,84.08
1872,annual,2024-01-19 00:00:00,72.13
1873,annual,2024-01-19 01:00:00,70.0
1874,annual,2024-01-19 02:00:00,66.49387
1875,annual,2024-01-19 03:00:00,66.4
1876,annual,2024-01-19 04:00:00,69.16
1877,annual,2024-01-19 05:00:00,74.8
1878,annual,2024-01-19 06:00:00,90.83
1879,annual,2024-01-19 07:00:00,98.64
1880,annual,2024-01-19 08:00:00,117.68
1881,annual,2024-01-19 09:00:00,110.0
1882,annual,2024-01-19 10:00:00,100.56
1883,annual,2024-01-19 11:00:00,96.43
1884,annual,2024-01-19 12:00:00,91.58072
1885,annual,2024-01-19 13:00:00,93.09
1886,annual,2024-01-19 14:00:00,95.63
1887,annual,2024-01-19 15:00:00,99.05
1888,annual,2024-01-19 16:00:00,101.36
1889,annual,2024-01-19 17:00:00,107.67
1890,annual,2024-01-19 18:00:00,107.17
1891,annual,2024-01-19 19:00:00,106.95
1892,annual,2024-01-19 20:00:00,99.03
1893,annual,2024-01-19 21:00:00,98.49
1894,annual,2024-01-19 22:00:00,96.0
1895,annual,2024-01-19 23:00:00,92.9
1896,annual,2024-01-20 00:00:00,93.5
1897,annual,2024-01-20 01:00:00,85.4
1898,annual,2024-01-20 02:00:00,77.75
1899,annual,2024-01-20 03:00:00,76.93
1900,annual,2024-01-20 04:00:00,76.93
1901,annual,2024-01-20 05:00:00,76.93
1902,annual,2024-01-20 06:00:00,87.37
1903,annual,2024-01-20 07:00:00,96.07
1904,annual,2024-01-20 08:00:00,100.0
1905,annual,2024-01-20 09:00:00,99.0
1906,annual,2024-01-20 10:00:00,95.92
1907,annual,2024-01-20 11:00:00,92.49
1908,annual,2024-01-20 12:00:00,82.88
1909,annual,2024-01-20 13:00:00,77.75
1910,annual,2024-01-20 14:00:00,78.65
1911,annual,2024-01-20 15:00:00,90.85
1912,annual,2024-01-20 16:00:00,96.07
1913,annual,2024-01-20 17:00:00,105.0
1914,annual,2024-01-20 18:00:00,105.0
1915,annual,2024-01-20 19:00:00,105.6
1916,annual,2024-01-20 20:00:00,98.52
1917,annual,2024-01-20 21:00:00,92.91
1918,annual,2024-01-20 22:00:00,81.23
1919,annual,2024-01-20 23:00:00,76.93
1920,annual,2024-01-21 00:00:00,84.4
1921,annual,2024-01-21 01:00:00,82.2
1922,annual,2024-01-21 02:00:00,75.03
1923,annual,2024-01-21 03:00:00,69.0
1924,annual,2024-01-21 04:00:00,70.0
1925,annual,2024-01-21 05:00:00,69.0
1926,annual,2024-01-21 06:00:00,73.0
1927,annual,2024-01-21 07:00:00,90.0
1928,annual,2024-01-21 08:00:00,93.59
1929,annual,2024-01-21 09:00:00,89.34
1930,annual,2024-01-21 10:00:00,69.35615
1931,annual,2024-01-21 11:00:00,62.89145
1932,annual,2024-01-21 12:00:00,60.33551
1933,annual,2024-01-21 13:00:00,58.1183
1934,annual,2024-01-21 14:00:00,65.1
1935,annual,2024-01-21 15:00:00,88.38
1936,annual,2024-01-21 16:00:00,95.0
1937,annual,2024-01-21 17:00:00,98.81405
1938,annual,2024-01-21 18:00:00,101.87
1939,annual,2024-01-21 19:00:00,105.1
1940,annual,2024-01-21 20:00:00,105.1
1941,annual,2024-01-21 21:00:00,102.41
1942,annual,2024-01-21 22:00:00,97.75
1943,annual,2024-01-21 23:00:00,95.0
1944,annual,2024-01-22 00:00:00,84.4
1945,annual,2024-01-22 01:00:00,82.2
1946,annual,2024-01-22 02:00:00,77.9
1947,annual,2024-01-22 03:00:00,77.9
1948,annual,2024-01-22 04:00:00,82.49
1949,annual,2024-01-22 05:00:00,95.68
1950,annual,2024-01-22 06:00:00,106.0
1951,annual,2024-01-22 07:00:00,114.5
1952,annual,2024-01-22 08:00:00,131.8
1953,annual,2024-01-22 09:00:00,114.0
1954,annual,2024-01-22 10:00:00,99.83
1955,annual,2024-01-22 11:00:00,97.73
1956,annual,2024-01-22 12:00:00,94.5
1957,annual,2024-01-22 13:00:00,95.0
1958,annual,2024-01-22 14:00:00,99.46
1959,annual,2024-01-22 15:00:00,113.41
1960,annual,2024-01-22 16:00:00,122.00407
1961,annual,2024-01-22 17:00:00,131.8
1962,annual,2024-01-22 18:00:00,119.75
1963,annual,2024-01-22 19:00:00,114.5
1964,annual,2024-01-22 20:00:00,108.63
1965,annual,2024-01-22 21:00:00,99.83
1966,annual,2024-01-22 22:00:00,97.46612
1967,annual,2024-01-22 23:00:00,90.01
1968,annual,2024-01-23 00:00:00,75.9
1969,annual,2024-01-23 01:00:00,72.0
1970,annual,2024-01-23 02:00:00,65.1
1971,annual,2024-01-23 03:00:00,65.1
1972,annual,2024-01-23 04:00:00,70.33
1973,annual,2024-01-23 05:00:00,79.32
1974,annual,2024-01-23 06:00:00,95.13
1975,annual,2024-01-23 07:00:00,104.11
1976,annual,2024-01-23 08:00:00,122.00354
1977,annual,2024-01-23 09:00:00,105.0
1978,annual,2024-01-23 10:00:00,96.45
1979,annual,2024-01-23 11:00:00,90.0
1980,annual,2024-01-23 12:00:00,79.74703
1981,annual,2024-01-23 13:00:00,79.567
1982,annual,2024-01-23 14:00:00,85.87885
1983,annual,2024-01-23 15:00:00,92.89909
1984,annual,2024-01-23 16:00:00,100.13
1985,annual,2024-01-23 17:00:00,105.98
1986,annual,2024-01-23 18:00:00,103.04
1987,annual,2024-01-23 19:00:00,101.61
1988,annual,2024-01-23 20:00:00,99.46
1989,annual,2024-01-23 21:00:00,97.66
1990,annual,2024-01-23 22:00:00,94.1
1991,annual,2024-01-23 23:00:00,89.44
1992,annual,2024-01-24 00:00:00,76.4
1993,annual,2024-01-24 01:00:00,69.0
1994,annual,2024-01-24 02:00:00,65.7
1995,annual,2024-01-24 03:00:00,65.3
1996,annual,2024-01-24 04:00:00,66.85
1997,annual,2024-01-24 05:00:00,79.0
1998,annual,2024-01-24 06:00:00,97.01
1999,annual,2024-01-24 07:00:00,122.0061
2000,annual,2024-01-24 08:00:00,128.0
2001,annual,2024-01-24 09:00:00,107.52
2002,annual,2024-01-24 10:00:00,98.3
2003,annual,2024-01-24 11:00:00,95.25
2004,annual,2024-01-24 12:00:00,83.22628
2005,annual,2024-01-24 13:00:00,84.97
2006,annual,2024-01-24 14:00:00,95.25
2007,annual,2024-01-24 15:00:00,101.0
2008,annual,2024-01-24 16:00:00,111.88
2009,annual,2024-01-24 17:00:00,125.53
2010,annual,2024-01-24 18:00:00,123.54
2011,annual,2024-01-24 19:00:00,119.27
2012,annual,2024-01-24 20:00:00,105.04
2013,annual,2024-01-24 21:00:00,101.94
2014,annual,2024-01-24 22:00:00,97.09
2015,annual,2024-01-24 23:00:00,94.0
2016,annual,2024-01-25 00:00:00,80.34
2017,annual,2024-01-25 01:00:00,72.23
2018,annual,2024-01-25 02:00:00,69.6
2019,annual,2024-01-25 03:00:00,66.9
2020,annual,2024-01-25 04:00:00,69.76
2021,annual,2024-01-25 05:00:00,80.0
2022,annual,2024-01-25 06:00:00,96.19
2023,annual,2024-01-25 07:00:00,106.13
2024,annual,2024-01-25 08:00:00,124.23
2025,annual,2024-01-25 09:00:00,106.3
2026,annual,2024-01-25 10:00:00,94.19572
2027,annual,2024-01-25 11:00:00,89.10863
2028,annual,2024-01-25 12:00:00,78.212
2029,annual,2024-01-25 13:00:00,78.39197
2030,annual,2024-01-25 14:00:00,89.67638
2031,annual,2024-01-25 15:00:00,98.43
2032,annual,2024-01-25 16:00:00,108.56
2033,annual,2024-01-25 17:00:00,126.56
2034,annual,2024-01-25 18:00:00,122.00018
2035,annual,2024-01-25 19:00:00,120.0
2036,annual,2024-01-25 20:00:00,106.13
2037,annual,2024-01-25 21:00:00,99.89
2038,annual,2024-01-25 22:00:00,96.82
2039,annual,2024-01-25 23:00:00,95.68
2040,annual,2024-01-26 00:00:00,93.8
2041,annual,2024-01-26 01:00:00,88.89
2042,annual,2024-01-26 02:00:00,85.8
2043,annual,2024-01-26 03:00:00,83.0
2044,annual,2024-01-26 04:00:00,85.0
2045,annual,2024-01-26 05:00:00,90.01
2046,annual,2024-01-26 06:00:00,99.3
2047,annual,2024-01-26 07:00:00,120.05
2048,annual,2024-01-26 08:00:00,135.0
2049,annual,2024-01-26 09:00:00,120.05
2050,annual,2024-01-26 10:00:00,100.31
2051,annual,2024-01-26 11:00:00,96.87346
2052,annual,2024-01-26 12:00:00,86.44
2053,annual,2024-01-26 13:00:00,87.52317
2054,annual,2024-01-26 14:00:00,95.01
2055,annual,2024-01-26 15:00:00,101.6558
2056,annual,2024-01-26 16:00:00,117.45
2057,annual,2024-01-26 17:00:00,128.0
2058,annual,2024-01-26 18:00:00,119.99
2059,annual,2024-01-26 19:00:00,115.0
2060,annual,2024-01-26 20:00:00,101.24552
2061,annual,2024-01-26 21:00:00,98.57
2062,annual,2024-01-26 22:00:00,95.48
2063,annual,2024-01-26 23:00:00,94.05
2064,annual,2024-01-27 00:00:00,97.29
2065,annual,2024-01-27 01:00:00,93.27
2066,annual,2024-01-27 02:00:00,90.46
2067,annual,2024-01-27 03:00:00,86.44
2068,annual,2024-01-27 04:00:00,85.7
2069,annual,2024-01-27 05:00:00,86.44
2070,annual,2024-01-27 06:00:00,95.21
2071,annual,2024-01-27 07:00:00,104.94
2072,annual,2024-01-27 08:00:00,114.2
2073,annual,2024-01-27 09:00:00,104.23
2074,annual,2024-01-27 10:00:00,95.0
2075,annual,2024-01-27 11:00:00,85.0
2076,annual,2024-01-27 12:00:00,70.57
2077,annual,2024-01-27 13:00:00,70.19
2078,annual,2024-01-27 14:00:00,71.95
2079,annual,2024-01-27 15:00:00,78.34
2080,annual,2024-01-27 16:00:00,96.33
2081,annual,2024-01-27 17:00:00,101.94
2082,annual,2024-01-27 18:00:00,105.78
2083,annual,2024-01-27 19:00:00,105.33
2084,annual,2024-01-27 20:00:00,98.61
2085,annual,2024-01-27 21:00:00,97.29
2086,annual,2024-01-27 22:00:00,90.78
2087,annual,2024-01-27 23:00:00,84.0
2088,annual,2024-01-28 00:00:00,75.11
2089,annual,2024-01-28 01:00:00,73.27
2090,annual,2024-01-28 02:00:00,70.46
2091,annual,2024-01-28 03:00:00,66.44
2092,annual,2024-01-28 04:00:00,61.93
2093,annual,2024-01-28 05:00:00,61.82058
2094,annual,2024-01-28 06:00:00,70.4
2095,annual,2024-01-28 07:00:00,75.19
2096,annual,2024-01-28 08:00:00,90.0
2097,annual,2024-01-28 09:00:00,89.37
2098,annual,2024-01-28 10:00:00,65.0
2099,annual,2024-01-28 11:00:00,49.99
2100,annual,2024-01-28 12:00:00,50.0
2101,annual,2024-01-28 13:00:00,48.33318
2102,annual,2024-01-28 14:00:00,67.08
2103,annual,2024-01-28 15:00:00,77.30454
2104,annual,2024-01-28 16:00:00,88.28622
2105,annual,2024-01-28 17:00:00,98.35821
2106,annual,2024-01-28 18:00:00,100.0
2107,annual,2024-01-28 19:00:00,100.56
2108,annual,2024-01-28 20:00:00,97.44
2109,annual,2024-01-28 21:00:00,97.0
2110,annual,2024-01-28 22:00:00,90.93
2111,annual,2024-01-28 23:00:00,75.11
2112,annual,2024-01-29 00:00:00,75.11
2113,annual,2024-01-29 01:00:00,68.11
2114,annual,2024-01-29 02:00:00,70.46
2115,annual,2024-01-29 03:00:00,66.44
2116,annual,2024-01-29 04:00:00,62.77
2117,annual,2024-01-29 05:00:00,78.8
2118,annual,2024-01-29 06:00:00,96.78
2119,annual,2024-01-29 07:00:00,103.14
2120,annual,2024-01-29 08:00:00,126.2
2121,annual,2024-01-29 09:00:00,105.0
2122,annual,2024-01-29 10:00:00,98.61
2123,annual,2024-01-29 11:00:00,95.96789
2124,annual,2024-01-29 12:00:00,90.11
2125,annual,2024-01-29 13:00:00,90.5
2126,annual,2024-01-29 14:00:00,96.0
2127,annual,2024-01-29 15:00:00,100.42531
2128,annual,2024-01-29 16:00:00,109.78
2129,annual,2024-01-29 17:00:00,126.3
2130,annual,2024-01-29 18:00:00,120.69
2131,annual,2024-01-29 19:00:00,113.28
2132,annual,2024-01-29 20:00:00,101.0
2133,annual,2024-01-29 21:00:00,99.0
2134,annual,2024-01-29 22:00:00,96.21
2135,annual,2024-01-29 23:00:00,92.52
2136,annual,2024-01-30 00:00:00,84.7
2137,annual,2024-01-30 01:00:00,83.03
2138,annual,2024-01-30 02:00:00,78.34
2139,annual,2024-01-30 03:00:00,79.91
2140,annual,2024-01-30 04:00:00,83.03
2141,annual,2024-01-30 05:00:00,83.78
2142,annual,2024-01-30 06:00:00,97.8
2143,annual,2024-01-30 07:00:00,107.61
2144,annual,2024-01-30 08:00:00,127.01
2145,annual,2024-01-30 09:00:00,110.16
2146,annual,2024-01-30 10:00:00,100.0
2147,annual,2024-01-30 11:00:00,95.5
2148,annual,2024-01-30 12:00:00,84.0
2149,annual,2024-01-30 13:00:00,84.0
2150,annual,2024-01-30 14:00:00,94.52
2151,annual,2024-01-30 15:00:00,100.0
2152,annual,2024-01-30 16:00:00,110.0
2153,annual,2024-01-30 17:00:00,124.34
2154,annual,2024-01-30 18:00:00,123.69
2155,annual,2024-01-30 19:00:00,118.14
2156,annual,2024-01-30 20:00:00,108.14343
2157,annual,2024-01-30 21:00:00,102.02
2158,annual,2024-01-30 22:00:00,98.0
2159,annual,2024-01-30 23:00:00,96.78
2160,annual,2024-01-31 00:00:00,95.2
2161,annual,2024-01-31 01:00:00,95.2
2162,annual,2024-01-31 02:00:00,85.52
2163,annual,2024-01-31 03:00:00,89.81
2164,annual,2024-01-31 04:00:00,91.03
2165,annual,2024-01-31 05:00:00,95.13
2166,annual,2024-01-31 06:00:00,103.37
2167,annual,2024-01-31 07:00:00,111.76
2168,annual,2024-01-31 08:00:00,123.39974
2169,annual,2024-01-31 09:00:00,115.63
2170,annual,2024-01-31 10:00:00,99.38
2171,annual,2024-01-31 11:00:00,94.73
2172,annual,2024-01-31 12:00:00,80.5
2173,annual,2024-01-31 13:00:00,79.99
2174,annual,2024-01-31 14:00:00,89.5
2175,annual,2024-01-31 15:00:00,97.53
2176,annual,2024-01-31 16:00:00,103.58
2177,annual,2024-01-31 17:00:00,116.52
2178,annual,2024-01-31 18:00:00,115.0
2179,annual,2024-01-31 19:00:00,117.15
2180,annual,2024-01-31 20:00:00,105.0
2181,annual,2024-01-31 21:00:00,101.37
2182,annual,2024-01-31 22:00:00,99.38
2183,annual,2024-01-31 23:00:00,96.2
2184,annual,2024-02-01 00:00:00,94.0
2185,annual,2024-02-01 01:00:00,87.32
2186,annual,2024-02-01 02:00:00,83.68
2187,annual,2024-02-01 03:00:00,79.56
2188,annual,2024-02-01 04:00:00,83.8
2189,annual,2024-02-01 05:00:00,91.8
2190,annual,2024-02-01 06:00:00,99.47
2191,annual,2024-02-01 07:00:00,107.68107
2192,annual,2024-02-01 08:00:00,119.02
2193,annual,2024-02-01 09:00:00,103.18
2194,annual,2024-02-01 10:00:00,98.7
2195,annual,2024-02-01 11:00:00,97.28
2196,annual,2024-02-01 12:00:00,94.33
2197,annual,2024-02-01 13:00:00,90.79
2198,annual,2024-02-01 14:00:00,97.53
2199,annual,2024-02-01 15:00:00,99.02
2200,annual,2024-02-01 16:00:00,102.56
2201,annual,2024-02-01 17:00:00,110.49
2202,annual,2024-02-01 18:00:00,119.0
2203,annual,2024-02-01 19:00:00,121.0
2204,annual,2024-02-01 20:00:00,110.66907
2205,annual,2024-02-01 21:00:00,105.18
2206,annual,2024-02-01 22:00:00,99.48
2207,annual,2024-02-01 23:00:00,98.0
2208,annual,2024-02-02 00:00:00,101.0
2209,annual,2024-02-02 01:00:00,100.05
2210,annual,2024-02-02 02:00:00,99.82
2211,annual,2024-02-02 03:00:00,98.9
2212,annual,2024-02-02 04:00:00,94.52
2213,annual,2024-02-02 05:00:00,99.82
2214,annual,2024-02-02 06:00:00,105.0
2215,annual,2024-02-02 07:00:00,135.0
2216,annual,2024-02-02 08:00:00,150.0
2217,annual,2024-02-02 09:00:00,119.19
2218,annual,2024-02-02 10:00:00,95.44056
2219,annual,2024-02-02 11:00:00,92.12043
2220,annual,2024-02-02 12:00:00,83.5946
2221,annual,2024-02-02 13:00:00,83.73474
2222,annual,2024-02-02 14:00:00,92.6254
2223,annual,2024-02-02 15:00:00,97.4878
2224,annual,2024-02-02 16:00:00,106.41
2225,annual,2024-02-02 17:00:00,118.59
2226,annual,2024-02-02 18:00:00,121.52
2227,annual,2024-02-02 19:00:00,120.0
2228,annual,2024-02-02 20:00:00,109.0
2229,annual,2024-02-02 21:00:00,100.96
2230,annual,2024-02-02 22:00:00,99.82
2231,annual,2024-02-02 23:00:00,90.95
2232,annual,2024-02-03 00:00:00,91.09
2233,annual,2024-02-03 01:00:00,88.25
2234,annual,2024-02-03 02:00:00,83.0
2235,annual,2024-02-03 03:00:00,76.5
2236,annual,2024-02-03 04:00:00,76.5
2237,annual,2024-02-03 05:00:00,78.7
2238,annual,2024-02-03 06:00:00,98.09
2239,annual,2024-02-03 07:00:00,103.17
2240,annual,2024-02-03 08:00:00,105.0
2241,annual,2024-02-03 09:00:00,100.0
2242,annual,2024-02-03 10:00:00,94.18
2243,annual,2024-02-03 11:00:00,75.72
2244,annual,2024-02-03 12:00:00,65.29
2245,annual,2024-02-03 13:00:00,65.05
2246,annual,2024-02-03 14:00:00,59.97
2247,annual,2024-02-03 15:00:00,74.0
2248,annual,2024-02-03 16:00:00,97.3
2249,annual,2024-02-03 17:00:00,104.94249
2250,annual,2024-02-03 18:00:00,110.84025
2251,annual,2024-02-03 19:00:00,111.14426
2252,annual,2024-02-03 20:00:00,104.33
2253,annual,2024-02-03 21:00:00,99.34
2254,annual,2024-02-03 22:00:00,94.53
2255,annual,2024-02-03 23:00:00,85.1
2256,annual,2024-02-04 00:00:00,85.85
2257,annual,2024-02-04 01:00:00,85.0
2258,annual,2024-02-04 02:00:00,77.13
2259,annual,2024-02-04 03:00:00,71.01
2260,annual,2024-02-04 04:00:00,70.0
2261,annual,2024-02-04 05:00:00,66.36
2262,annual,2024-02-04 06:00:00,77.13
2263,annual,2024-02-04 07:00:00,86.15
2264,annual,2024-02-04 08:00:00,95.5
2265,annual,2024-02-04 09:00:00,84.5
2266,annual,2024-02-04 10:00:00,60.0
2267,annual,2024-02-04 11:00:00,48.12
2268,annual,2024-02-04 12:00:00,45.0
2269,annual,2024-02-04 13:00:00,55.27
2270,annual,2024-02-04 14:00:00,67.3
2271,annual,2024-02-04 15:00:00,85.0
2272,annual,2024-02-04 16:00:00,97.0
2273,annual,2024-02-04 17:00:00,101.68
2274,annual,2024-02-04 18:00:00,105.0
2275,annual,2024-02-04 19:00:00,111.0
2276,annual,2024-02-04 20:00:00,107.12
2277,annual,2024-02-04 21:00:00,100.0
2278,annual,2024-02-04 22:00:00,97.15
2279,annual,2024-02-04 23:00:00,85.0
2280,annual,2024-02-05 00:00:00,80.93
2281,annual,2024-02-05 01:00:00,79.7
2282,annual,2024-02-05 02:00:00,70.27
2283,annual,2024-02-05 03:00:00,70.3
2284,annual,2024-02-05 04:00:00,70.0
2285,annual,2024-02-05 05:00:00,74.37
2286,annual,2024-02-05 06:00:00,100.58
2287,annual,2024-02-05 07:00:00,110.0
2288,annual,2024-02-05 08:00:00,120.0
2289,annual,2024-02-05 09:00:00,104.17409
2290,annual,2024-02-05 10:00:00,98.91813
2291,annual,2024-02-05 11:00:00,94.51509
2292,annual,2024-02-05 12:00:00,86.53889
2293,annual,2024-02-05 13:00:00,86.11561
2294,annual,2024-02-05 14:00:00,93.47126
2295,annual,2024-02-05 15:00:00,98.23
2296,annual,2024-02-05 16:00:00,105.21
2297,annual,2024-02-05 17:00:00,110.57
2298,annual,2024-02-05 18:00:00,116.0
2299,annual,2024-02-05 19:00:00,111.38
2300,annual,2024-02-05 20:00:00,100.87
2301,annual,2024-02-05 21:00:00,100.0
2302,annual,2024-02-05 22:00:00,97.49
2303,annual,2024-02-05 23:00:00,90.0
2304,annual,2024-02-06 00:00:00,83.85
2305,annual,2024-02-06 01:00:00,78.5
2306,annual,2024-02-06 02:00:00,72.6
2307,annual,2024-02-06 03:00:00,72.25
2308,annual,2024-02-06 04:00:00,73.08
2309,annual,2024-02-06 05:00:00,83.03
2310,annual,2024-02-06 06:00:00,99.36
2311,annual,2024-02-06 07:00:00,107.52
2312,annual,2024-02-06 08:00:00,114.93
2313,annual,2024-02-06 09:00:00,108.97
2314,annual,2024-02-06 10:00:00,99.35482
2315,annual,2024-02-06 11:00:00,92.74383
2316,annual,2024-02-06 12:00:00,86.29506
2317,annual,2024-02-06 13:00:00,82.23109
2318,annual,2024-02-06 14:00:00,92.5
2319,annual,2024-02-06 15:00:00,98.42
2320,annual,2024-02-06 16:00:00,105.0
2321,annual,2024-02-06 17:00:00,114.42
2322,annual,2024-02-06 18:00:00,120.0
2323,annual,2024-02-06 19:00:00,117.0
2324,annual,2024-02-06 20:00:00,109.32
2325,annual,2024-02-06 21:00:00,101.1
2326,annual,2024-02-06 22:00:00,98.0
2327,annual,2024-02-06 23:00:00,91.72
2328,annual,2024-02-07 00:00:00,90.27
2329,annual,2024-02-07 01:00:00,86.25
2330,annual,2024-02-07 02:00:00,85.76
2331,annual,2024-02-07 03:00:00,85.96
2332,annual,2024-02-07 04:00:00,85.96
2333,annual,2024-02-07 05:00:00,87.18
2334,annual,2024-02-07 06:00:00,99.99
2335,annual,2024-02-07 07:00:00,120.99037
2336,annual,2024-02-07 08:00:00,153.04499
2337,annual,2024-02-07 09:00:00,140.63813
2338,annual,2024-02-07 10:00:00,110.67516
2339,annual,2024-02-07 11:00:00,100.18412
2340,annual,2024-02-07 12:00:00,96.3538
2341,annual,2024-02-07 13:00:00,95.15939
2342,annual,2024-02-07 14:00:00,97.21476
2343,annual,2024-02-07 15:00:00,99.89746
2344,annual,2024-02-07 16:00:00,115.0
2345,annual,2024-02-07 17:00:00,131.48
2346,annual,2024-02-07 18:00:00,140.0
2347,annual,2024-02-07 19:00:00,131.48
2348,annual,2024-02-07 20:00:00,117.55
2349,annual,2024-02-07 21:00:00,100.43
2350,annual,2024-02-07 22:00:00,97.0
2351,annual,2024-02-07 23:00:00,96.55
2352,annual,2024-02-08 00:00:00,77.17
2353,annual,2024-02-08 01:00:00,73.20403
2354,annual,2024-02-08 02:00:00,72.1527
2355,annual,2024-02-08 03:00:00,70.25072
2356,annual,2024-02-08 04:00:00,70.81
2357,annual,2024-02-08 05:00:00,76.5
2358,annual,2024-02-08 06:00:00,96.1
2359,annual,2024-02-08 07:00:00,106.82
2360,annual,2024-02-08 08:00:00,125.94
2361,annual,2024-02-08 09:00:00,109.61705
2362,annual,2024-02-08 10:00:00,96.26427
2363,annual,2024-02-08 11:00:00,89.32555
2364,annual,2024-02-08 12:00:00,83.28647
2365,annual,2024-02-08 13:00:00,79.50255
2366,annual,2024-02-08 14:00:00,89.23195
2367,annual,2024-02-08 15:00:00,95.34501
2368,annual,2024-02-08 16:00:00,100.0
2369,annual,2024-02-08 17:00:00,114.0
2370,annual,2024-02-08 18:00:00,127.39
2371,annual,2024-02-08 19:00:00,120.37
2372,annual,2024-02-08 20:00:00,105.0
2373,annual,2024-02-08 21:00:00,98.0
2374,annual,2024-02-08 22:00:00,94.49
2375,annual,2024-02-08 23:00:00,83.37
2376,annual,2024-02-09 00:00:00,85.27
2377,annual,2024-02-09 01:00:00,75.05
2378,annual,2024-02-09 02:00:00,73.84
2379,annual,2024-02-09 03:00:00,71.59
2380,annual,2024-02-09 04:00:00,71.73
2381,annual,2024-02-09 05:00:00,76.73
2382,annual,2024-02-09 06:00:00,95.76
2383,annual,2024-02-09 07:00:00,101.0
2384,annual,2024-02-09 08:00:00,109.2
2385,annual,2024-02-09 09:00:00,102.52
2386,annual,2024-02-09 10:00:00,97.38932
2387,annual,2024-02-09 11:00:00,91.54425
2388,annual,2024-02-09 12:00:00,88.56153
2389,annual,2024-02-09 13:00:00,91.43646
2390,annual,2024-02-09 14:00:00,96.73427
2391,annual,2024-02-09 15:00:00,98.0
2392,annual,2024-02-09 16:00:00,103.58
2393,annual,2024-02-09 17:00:00,101.21
2394,annual,2024-02-09 18:00:00,110.11
2395,annual,2024-02-09 19:00:00,102.35
2396,annual,2024-02-09 20:00:00,98.1
2397,annual,2024-02-09 21:00:00,96.6
2398,annual,2024-02-09 22:00:00,86.07
2399,annual,2024-02-09 23:00:00,77.1
2400,annual,2024-02-10 00:00:00,91.1
2401,annual,2024-02-10 01:00:00,81.9
2402,annual,2024-02-10 02:00:00,71.13
2403,annual,2024-02-10 03:00:00,64.38763
2404,annual,2024-02-10 04:00:00,64.41364
2405,annual,2024-02-10 05:00:00,65.81881
2406,annual,2024-02-10 06:00:00,78.0
2407,annual,2024-02-10 07:00:00,95.07
2408,annual,2024-02-10 08:00:00,97.0
2409,annual,2024-02-10 09:00:00,96.98
2410,annual,2024-02-10 10:00:00,95.19883
2411,annual,2024-02-10 11:00:00,85.84
2412,annual,2024-02-10 12:00:00,81.4
2413,annual,2024-02-10 13:00:00,70.0
2414,annual,2024-02-10 14:00:00,69.53398
2415,annual,2024-02-10 15:00:00,79.9
2416,annual,2024-02-10 16:00:00,85.32
2417,annual,2024-02-10 17:00:00,95.22
2418,annual,2024-02-10 18:00:00,97.97
2419,annual,2024-02-10 19:00:00,99.2
2420,annual,2024-02-10 20:00:00,95.93
2421,annual,2024-02-10 21:00:00,90.0
2422,annual,2024-02-10 22:00:00,72.2
2423,annual,2024-02-10 23:00:00,65.29
2424,annual,2024-02-11 00:00:00,60.48477
2425,annual,2024-02-11 01:00:00,55.65679
2426,annual,2024-02-11 02:00:00,52.60093
2427,annual,2024-02-11 03:00:00,46.82558
2428,annual,2024-02-11 04:00:00,43.4016
2429,annual,2024-02-11 05:00:00,46.12373
2430,annual,2024-02-11 06:00:00,49.21814
2431,annual,2024-02-11 07:00:00,65.0
2432,annual,2024-02-11 08:00:00,70.0
2433,annual,2024-02-11 09:00:00,73.84
2434,annual,2024-02-11 10:00:00,74.5
2435,annual,2024-02-11 11:00:00,64.24596
2436,annual,2024-02-11 12:00:00,60.49639
2437,annual,2024-02-11 13:00:00,55.23588
2438,annual,2024-02-11 14:00:00,56.16633
2439,annual,2024-02-11 15:00:00,60.74
2440,annual,2024-02-11 16:00:00,83.91
2441,annual,2024-02-11 17:00:00,92.18
2442,annual,2024-02-11 18:00:00,95.29
2443,annual,2024-02-11 19:00:00,97.4
2444,annual,2024-02-11 20:00:00,95.69
2445,annual,2024-02-11 21:00:00,94.61
2446,annual,2024-02-11 22:00:00,86.0
2447,annual,2024-02-11 23:00:00,70.0
2448,annual,2024-02-12 00:00:00,64.34652
2449,annual,2024-02-12 01:00:00,61.87346
2450,annual,2024-02-12 02:00:00,61.00578
2451,annual,2024-02-12 03:00:00,59.75026
2452,annual,2024-02-12 04:00:00,59.2127
2453,annual,2024-02-12 05:00:00,65.0
2454,annual,2024-02-12 06:00:00,94.06
2455,annual,2024-02-12 07:00:00,101.76
2456,annual,2024-02-12 08:00:00,117.76
2457,annual,2024-02-12 09:00:00,109.49734
2458,annual,2024-02-12 10:00:00,101.22
2459,annual,2024-02-12 11:00:00,97.40508
2460,annual,2024-02-12 12:00:00,93.43
2461,annual,2024-02-12 13:00:00,93.43
2462,annual,2024-02-12 14:00:00,95.19
2463,annual,2024-02-12 15:00:00,101.14
2464,annual,2024-02-12 16:00:00,110.0
2465,annual,2024-02-12 17:00:00,112.95
2466,annual,2024-02-12 18:00:00,117.17
2467,annual,2024-02-12 19:00:00,115.71
2468,annual,2024-02-12 20:00:00,110.0
2469,annual,2024-02-12 21:00:00,101.24
2470,annual,2024-02-12 22:00:00,97.0
2471,annual,2024-02-12 23:00:00,93.43
2472,annual,2024-02-13 00:00:00,90.0
2473,annual,2024-02-13 01:00:00,84.58
2474,annual,2024-02-13 02:00:00,83.0
2475,annual,2024-02-13 03:00:00,82.12
2476,annual,2024-02-13 04:00:00,84.69
2477,annual,2024-02-13 05:00:00,89.0
2478,annual,2024-02-13 06:00:00,95.0
2479,annual,2024-02-13 07:00:00,100.66
2480,annual,2024-02-13 08:00:00,122.8
2481,annual,2024-02-13 09:00:00,102.92
2482,annual,2024-02-13 10:00:00,92.94
2483,annual,2024-02-13 11:00:00,85.0
2484,annual,2024-02-13 12:00:00,65.0
2485,annual,2024-02-13 13:00:00,63.8
2486,annual,2024-02-13 14:00:00,72.65
2487,annual,2024-02-13 15:00:00,81.22064
2488,annual,2024-02-13 16:00:00,93.93
2489,annual,2024-02-13 17:00:00,99.3351
2490,annual,2024-02-13 18:00:00,104.46
2491,annual,2024-02-13 19:00:00,98.1288
2492,annual,2024-02-13 20:00:00,94.0
2493,annual,2024-02-13 21:00:00,93.43
2494,annual,2024-02-13 22:00:00,85.0
2495,annual,2024-02-13 23:00:00,76.0
2496,annual,2024-02-14 00:00:00,71.95
2497,annual,2024-02-14 01:00:00,64.58
2498,annual,2024-02-14 02:00:00,60.96
2499,annual,2024-02-14 03:00:00,58.9
2500,annual,2024-02-14 04:00:00,58.9
2501,annual,2024-02-14 05:00:00,68.77825
2502,annual,2024-02-14 06:00:00,92.06
2503,annual,2024-02-14 07:00:00,102.93
2504,annual,2024-02-14 08:00:00,111.81
2505,annual,2024-02-14 09:00:00,99.84371
2506,annual,2024-02-14 10:00:00,80.64013
2507,annual,2024-02-14 11:00:00,63.62543
2508,annual,2024-02-14 12:00:00,43.60435
2509,annual,2024-02-14 13:00:00,45.82904
2510,annual,2024-02-14 14:00:00,71.82487
2511,annual,2024-02-14 15:00:00,86.75373
2512,annual,2024-02-14 16:00:00,103.93
2513,annual,2024-02-14 17:00:00,129.34
2514,annual,2024-02-14 18:00:00,127.93
2515,annual,2024-02-14 19:00:00,128.13
2516,annual,2024-02-14 20:00:00,111.0
2517,annual,2024-02-14 21:00:00,98.07
2518,annual,2024-02-14 22:00:00,92.77
2519,annual,2024-02-14 23:00:00,92.0
2520,annual,2024-02-15 00:00:00,80.6
2521,annual,2024-02-15 01:00:00,72.19
2522,annual,2024-02-15 02:00:00,70.95
2523,annual,2024-02-15 03:00:00,70.95
2524,annual,2024-02-15 04:00:00,70.95
2525,annual,2024-02-15 05:00:00,78.27
2526,annual,2024-02-15 06:00:00,91.42
2527,annual,2024-02-15 07:00:00,110.0
2528,annual,2024-02-15 08:00:00,128.02398
2529,annual,2024-02-15 09:00:00,109.16132
2530,annual,2024-02-15 10:00:00,91.58
2531,annual,2024-02-15 11:00:00,85.0
2532,annual,2024-02-15 12:00:00,72.53
2533,annual,2024-02-15 13:00:00,75.0
2534,annual,2024-02-15 14:00:00,83.46
2535,annual,2024-02-15 15:00:00,93.40797
2536,annual,2024-02-15 16:00:00,98.0
2537,annual,2024-02-15 17:00:00,112.85
2538,annual,2024-02-15 18:00:00,115.0
2539,annual,2024-02-15 19:00:00,118.7
2540,annual,2024-02-15 20:00:00,104.08
2541,annual,2024-02-15 21:00:00,91.78
2542,annual,2024-02-15 22:00:00,91.28
2543,annual,2024-02-15 23:00:00,89.0
2544,annual,2024-02-16 00:00:00,87.32
2545,annual,2024-02-16 01:00:00,81.62
2546,annual,2024-02-16 02:00:00,79.9
2547,annual,2024-02-16 03:00:00,78.32
2548,annual,2024-02-16 04:00:00,78.32
2549,annual,2024-02-16 05:00:00,82.86
2550,annual,2024-02-16 06:00:00,89.93
2551,annual,2024-02-16 07:00:00,99.07
2552,annual,2024-02-16 08:00:00,110.27
2553,annual,2024-02-16 09:00:00,97.79
2554,annual,2024-02-16 10:00:00,89.21
2555,annual,2024-02-16 11:00:00,84.21
2556,annual,2024-02-16 12:00:00,75.72
2557,annual,2024-02-16 13:00:00,75.72
2558,annual,2024-02-16 14:00:00,84.21
2559,annual,2024-02-16 15:00:00,88.99
2560,annual,2024-02-16 16:00:00,94.0
2561,annual,2024-02-16 17:00:00,101.13
2562,annual,2024-02-16 18:00:00,109.7
2563,annual,2024-02-16 19:00:00,110.0
2564,annual,2024-02-16 20:00:00,97.2
2565,annual,2024-02-16 21:00:00,90.36497
2566,annual,2024-02-16 22:00:00,90.0
2567,annual,2024-02-16 23:00:00,88.88
2568,annual,2024-02-17 00:00:00,88.38
2569,annual,2024-02-17 01:00:00,88.0
2570,annual,2024-02-17 02:00:00,80.2
2571,annual,2024-02-17 03:00:00,75.82
2572,annual,2024-02-17 04:00:00,79.73
2573,annual,2024-02-17 05:00:00,80.0
2574,annual,2024-02-17 06:00:00,90.0
2575,annual,2024-02-17 07:00:00,102.25
2576,annual,2024-02-17 08:00:00,100.0
2577,annual,2024-02-17 09:00:00,90.48
2578,annual,2024-02-17 10:00:00,84.0
2579,annual,2024-02-17 11:00:00,67.74
2580,annual,2024-02-17 12:00:00,61.6
2581,annual,2024-02-17 13:00:00,55.29
2582,annual,2024-02-17 14:00:00,59.09376
2583,annual,2024-02-17 15:00:00,68.0
2584,annual,2024-02-17 16:00:00,88.45
2585,annual,2024-02-17 17:00:00,102.62
2586,annual,2024-02-17 18:00:00,119.7
2587,annual,2024-02-17 19:00:00,120.0
2588,annual,2024-02-17 20:00:00,111.97
2589,annual,2024-02-17 21:00:00,100.0
2590,annual,2024-02-17 22:00:00,90.0
2591,annual,2024-02-17 23:00:00,88.73
2592,annual,2024-02-18 00:00:00,90.0
2593,annual,2024-02-18 01:00:00,88.48
2594,annual,2024-02-18 02:00:00,85.92
2595,annual,2024-02-18 03:00:00,80.2
2596,annual,2024-02-18 04:00:00,77.69
2597,annual,2024-02-18 05:00:00,84.51
2598,annual,2024-02-18 06:00:00,86.92
2599,annual,2024-02-18 07:00:00,87.17
2600,annual,2024-02-18 08:00:00,86.63
2601,annual,2024-02-18 09:00:00,81.0
2602,annual,2024-02-18 10:00:00,70.0
2603,annual,2024-02-18 11:00:00,70.0
2604,annual,2024-02-18 12:00:00,70.0
2605,annual,2024-02-18 13:00:00,64.41
2606,annual,2024-02-18 14:00:00,59.59
2607,annual,2024-02-18 15:00:00,52.56531
2608,annual,2024-02-18 16:00:00,80.76
2609,annual,2024-02-18 17:00:00,92.0
2610,annual,2024-02-18 18:00:00,105.67
2611,annual,2024-02-18 19:00:00,113.77
2612,annual,2024-02-18 20:00:00,106.25
2613,annual,2024-02-18 21:00:00,96.96
2614,annual,2024-02-18 22:00:00,91.57
2615,annual,2024-02-18 23:00:00,88.0
2616,annual,2024-02-19 00:00:00,85.0
2617,annual,2024-02-19 01:00:00,77.33
2618,annual,2024-02-19 02:00:00,70.0
2619,annual,2024-02-19 03:00:00,61.86
2620,annual,2024-02-19 04:00:00,59.5
2621,annual,2024-02-19 05:00:00,77.9
2622,annual,2024-02-19 06:00:00,91.0
2623,annual,2024-02-19 07:00:00,98.57
2624,annual,2024-02-19 08:00:00,114.56
2625,annual,2024-02-19 09:00:00,105.0
2626,annual,2024-02-19 10:00:00,92.57
2627,annual,2024-02-19 11:00:00,88.88
2628,annual,2024-02-19 12:00:00,80.0
2629,annual,2024-02-19 13:00:00,81.54
2630,annual,2024-02-19 14:00:00,88.88
2631,annual,2024-02-19 15:00:00,91.13
2632,annual,2024-02-19 16:00:00,96.88
2633,annual,2024-02-19 17:00:00,109.2
2634,annual,2024-02-19 18:00:00,116.5
2635,annual,2024-02-19 19:00:00,118.77
2636,annual,2024-02-19 20:00:00,103.28
2637,annual,2024-02-19 21:00:00,91.66
2638,annual,2024-02-19 22:00:00,88.82
2639,annual,2024-02-19 23:00:00,85.0
2640,annual,2024-02-20 00:00:00,79.3
2641,annual,2024-02-20 01:00:00,69.5
2642,annual,2024-02-20 02:00:00,57.16
2643,annual,2024-02-20 03:00:00,57.16
2644,annual,2024-02-20 04:00:00,59.9
2645,annual,2024-02-20 05:00:00,78.55617
2646,annual,2024-02-20 06:00:00,89.0
2647,annual,2024-02-20 07:00:00,97.3
2648,annual,2024-02-20 08:00:00,110.58
2649,annual,2024-02-20 09:00:00,95.35
2650,annual,2024-02-20 10:00:00,88.88
2651,annual,2024-02-20 11:00:00,80.2
2652,annual,2024-02-20 12:00:00,72.5
2653,annual,2024-02-20 13:00:00,70.87
2654,annual,2024-02-20 14:00:00,79.15
2655,annual,2024-02-20 15:00:00,87.0
2656,annual,2024-02-20 16:00:00,91.66
2657,annual,2024-02-20 17:00:00,99.5
2658,annual,2024-02-20 18:00:00,110.47
2659,annual,2024-02-20 19:00:00,105.0
2660,annual,2024-02-20 20:00:00,94.0
2661,annual,2024-02-20 21:00:00,89.0
2662,annual,2024-02-20 22:00:00,86.08
2663,annual,2024-02-20 23:00:00,80.13
2664,annual,2024-02-21 00:00:00,75.04
2665,annual,2024-02-21 01:00:00,66.8
2666,annual,2024-02-21 02:00:00,60.0
2667,annual,2024-02-21 03:00:00,60.75
2668,annual,2024-02-21 04:00:00,70.87
2669,annual,2024-02-21 05:00:00,81.44
2670,annual,2024-02-21 06:00:00,90.0
2671,annual,2024-02-21 07:00:00,100.0
2672,annual,2024-02-21 08:00:00,103.95
2673,annual,2024-02-21 09:00:00,90.0
2674,annual,2024-02-21 10:00:00,84.91
2675,annual,2024-02-21 11:00:00,62.9
2676,annual,2024-02-21 12:00:00,53.00768
2677,annual,2024-02-21 13:00:00,54.1
2678,annual,2024-02-21 14:00:00,71.84
2679,annual,2024-02-21 15:00:00,86.1
2680,annual,2024-02-21 16:00:00,89.55
2681,annual,2024-02-21 17:00:00,104.0
2682,annual,2024-02-21 18:00:00,118.61
2683,annual,2024-02-21 19:00:00,116.25642
2684,annual,2024-02-21 20:00:00,96.87421
2685,annual,2024-02-21 21:00:00,90.0
2686,annual,2024-02-21 22:00:00,88.36
2687,annual,2024-02-21 23:00:00,86.84
2688,annual,2024-02-22 00:00:00,78.92189
2689,annual,2024-02-22 01:00:00,72.38666
2690,annual,2024-02-22 02:00:00,66.0
2691,annual,2024-02-22 03:00:00,65.77132
2692,annual,2024-02-22 04:00:00,73.23
2693,annual,2024-02-22 05:00:00,80.97
2694,annual,2024-02-22 06:00:00,90.0
2695,annual,2024-02-22 07:00:00,116.59321
2696,annual,2024-02-22 08:00:00,145.65306
2697,annual,2024-02-22 09:00:00,145.08292
2698,annual,2024-02-22 10:00:00,96.22255
2699,annual,2024-02-22 11:00:00,85.93725
2700,annual,2024-02-22 12:00:00,78.72052
2701,annual,2024-02-22 13:00:00,79.86301
2702,annual,2024-02-22 14:00:00,84.89667
2703,annual,2024-02-22 15:00:00,92.75424
2704,annual,2024-02-22 16:00:00,90.68
2705,annual,2024-02-22 17:00:00,95.78
2706,annual,2024-02-22 18:00:00,103.34
2707,annual,2024-02-22 19:00:00,97.61
2708,annual,2024-02-22 20:00:00,88.42
2709,annual,2024-02-22 21:00:00,85.68
2710,annual,2024-02-22 22:00:00,81.1
2711,annual,2024-02-22 23:00:00,70.6
2712,annual,2024-02-23 00:00:00,60.59
2713,annual,2024-02-23 01:00:00,52.31
2714,annual,2024-02-23 02:00:00,46.0
2715,annual,2024-02-23 03:00:00,46.0
2716,annual,2024-02-23 04:00:00,49.99
2717,annual,2024-02-23 05:00:00,55.4
2718,annual,2024-02-23 06:00:00,83.12
2719,annual,2024-02-23 07:00:00,91.76
2720,annual,2024-02-23 08:00:00,100.23
2721,annual,2024-02-23 09:00:00,97.70493
2722,annual,2024-02-23 10:00:00,90.83296
2723,annual,2024-02-23 11:00:00,83.90194
2724,annual,2024-02-23 12:00:00,79.51433
2725,annual,2024-02-23 13:00:00,77.01942
2726,annual,2024-02-23 14:00:00,83.82026
2727,annual,2024-02-23 15:00:00,86.77
2728,annual,2024-02-23 16:00:00,90.0
2729,annual,2024-02-23 17:00:00,92.08
2730,annual,2024-02-23 18:00:00,103.68
2731,annual,2024-02-23 19:00:00,101.63
2732,annual,2024-02-23 20:00:00,91.76
2733,annual,2024-02-23 21:00:00,85.73
2734,annual,2024-02-23 22:00:00,73.89
2735,annual,2024-02-23 23:00:00,65.1
2736,annual,2024-02-24 00:00:00,66.46545
2737,annual,2024-02-24 01:00:00,63.9
2738,annual,2024-02-24 02:00:00,59.5
2739,annual,2024-02-24 03:00:00,55.2
2740,annual,2024-02-24 04:00:00,55.39
2741,annual,2024-02-24 05:00:00,60.37
2742,annual,2024-02-24 06:00:00,75.1
2743,annual,2024-02-24 07:00:00,86.0
2744,annual,2024-02-24 08:00:00,86.52342
2745,annual,2024-02-24 09:00:00,86.60025
2746,annual,2024-02-24 10:00:00,80.8607
2747,annual,2024-02-24 11:00:00,64.2043
2748,annual,2024-02-24 12:00:00,63.12845
2749,annual,2024-02-24 13:00:00,59.41281
2750,annual,2024-02-24 14:00:00,57.62705
2751,annual,2024-02-24 15:00:00,57.58837
2752,annual,2024-02-24 16:00:00,79.46
2753,annual,2024-02-24 17:00:00,86.26
2754,annual,2024-02-24 18:00:00,103.72
2755,annual,2024-02-24 19:00:00,108.63
2756,annual,2024-02-24 20:00:00,93.49
2757,annual,2024-02-24 21:00:00,86.14
2758,annual,2024-02-24 22:00:00,80.95
2759,annual,2024-02-24 23:00:00,71.01
2760,annual,2024-02-25 00:00:00,75.1
2761,annual,2024-02-25 01:00:00,66.62
2762,annual,2024-02-25 02:00:00,69.83
2763,annual,2024-02-25 03:00:00,65.9
2764,annual,2024-02-25 04:00:00,63.89
2765,annual,2024-02-25 05:00:00,66.61
2766,annual,2024-02-25 06:00:00,66.62
2767,annual,2024-02-25 07:00:00,71.0
2768,annual,2024-02-25 08:00:00,66.62
2769,annual,2024-02-25 09:00:00,66.62
2770,annual,2024-02-25 10:00:00,69.91
2771,annual,2024-02-25 11:00:00,68.96
2772,annual,2024-02-25 12:00:00,72.79
2773,annual,2024-02-25 13:00:00,66.61
2774,annual,2024-02-25 14:00:00,58.54
2775,annual,2024-02-25 15:00:00,66.61
2776,annual,2024-02-25 16:00:00,66.85613
2777,annual,2024-02-25 17:00:00,82.77
2778,annual,2024-02-25 18:00:00,90.44681
2779,annual,2024-02-25 19:00:00,95.0
2780,annual,2024-02-25 20:00:00,91.78
2781,annual,2024-02-25 21:00:00,82.96
2782,annual,2024-02-25 22:00:00,75.1
2783,annual,2024-02-25 23:00:00,66.61
2784,annual,2024-02-26 00:00:00,61.59
2785,annual,2024-02-26 01:00:00,59.19
2786,annual,2024-02-26 02:00:00,65.0
2787,annual,2024-02-26 03:00:00,65.0
2788,annual,2024-02-26 04:00:00,67.99
2789,annual,2024-02-26 05:00:00,64.84
2790,annual,2024-02-26 06:00:00,83.52
2791,annual,2024-02-26 07:00:00,90.25923
2792,annual,2024-02-26 08:00:00,96.23269
2793,annual,2024-02-26 09:00:00,92.50479
2794,annual,2024-02-26 10:00:00,86.35918
2795,annual,2024-02-26 11:00:00,84.86859
2796,annual,2024-02-26 12:00:00,82.85
2797,annual,2024-02-26 13:00:00,78.84173
2798,annual,2024-02-26 14:00:00,84.61357
2799,annual,2024-02-26 15:00:00,85.4613
2800,annual,2024-02-26 16:00:00,88.82591
2801,annual,2024-02-26 17:00:00,93.0
2802,annual,2024-02-26 18:00:00,94.76
2803,annual,2024-02-26 19:00:00,95.0
2804,annual,2024-02-26 20:00:00,88.72
2805,annual,2024-02-26 21:00:00,84.1
2806,annual,2024-02-26 22:00:00,81.46
2807,annual,2024-02-26 23:00:00,73.57
2808,annual,2024-02-27 00:00:00,73.52
2809,annual,2024-02-27 01:00:00,69.0
2810,annual,2024-02-27 02:00:00,69.0
2811,annual,2024-02-27 03:00:00,69.0
2812,annual,2024-02-27 04:00:00,69.0
2813,annual,2024-02-27 05:00:00,69.41
2814,annual,2024-02-27 06:00:00,83.18
2815,annual,2024-02-27 07:00:00,91.24995
2816,annual,2024-02-27 08:00:00,98.0
2817,annual,2024-02-27 09:00:00,95.12
2818,annual,2024-02-27 10:00:00,89.77032
2819,annual,2024-02-27 11:00:00,86.67626
2820,annual,2024-02-27 12:00:00,81.10574
2821,annual,2024-02-27 13:00:00,81.12813
2822,annual,2024-02-27 14:00:00,82.97514
2823,annual,2024-02-27 15:00:00,85.16236
2824,annual,2024-02-27 16:00:00,88.50257
2825,annual,2024-02-27 17:00:00,97.5
2826,annual,2024-02-27 18:00:00,110.25781
2827,annual,2024-02-27 19:00:00,105.17
2828,annual,2024-02-27 20:00:00,90.63
2829,annual,2024-02-27 21:00:00,84.72
2830,annual,2024-02-27 22:00:00,82.39
2831,annual,2024-02-27 23:00:00,77.7
2832,annual,2024-02-28 00:00:00,73.21
2833,annual,2024-02-28 01:00:00,70.33
2834,annual,2024-02-28 02:00:00,68.19
2835,annual,2024-02-28 03:00:00,67.4
2836,annual,2024-02-28 04:00:00,67.4
2837,annual,2024-02-28 05:00:00,70.47356
2838,annual,2024-02-28 06:00:00,87.02
2839,annual,2024-02-28 07:00:00,96.55527
2840,annual,2024-02-28 08:00:00,104.49194
2841,annual,2024-02-28 09:00:00,109.22019
2842,annual,2024-02-28 10:00:00,92.40906
2843,annual,2024-02-28 11:00:00,87.28785
2844,annual,2024-02-28 12:00:00,82.25344
2845,annual,2024-02-28 13:00:00,80.53115
2846,annual,2024-02-28 14:00:00,83.38397
2847,annual,2024-02-28 15:00:00,86.22028
2848,annual,2024-02-28 16:00:00,90.16424
2849,annual,2024-02-28 17:00:00,92.66
2850,annual,2024-02-28 18:00:00,98.02255
2851,annual,2024-02-28 19:00:00,96.15
2852,annual,2024-02-28 20:00:00,88.82
2853,annual,2024-02-28 21:00:00,85.75
2854,annual,2024-02-28 22:00:00,82.66
2855,annual,2024-02-28 23:00:00,68.2
2856,annual,2024-02-29 00:00:00,72.2
2857,annual,2024-02-29 01:00:00,62.45
2858,annual,2024-02-29 02:00:00,60.0
2859,annual,2024-02-29 03:00:00,58.60895
2860,annual,2024-02-29 04:00:00,62.03
2861,annual,2024-02-29 05:00:00,72.2
2862,annual,2024-02-29 06:00:00,85.18
2863,annual,2024-02-29 07:00:00,90.0
2864,annual,2024-02-29 08:00:00,93.44321
2865,annual,2024-02-29 09:00:00,93.87
2866,annual,2024-02-29 10:00:00,89.0
2867,annual,2024-02-29 11:00:00,86.0864
2868,annual,2024-02-29 12:00:00,83.62
2869,annual,2024-02-29 13:00:00,83.59
2870,annual,2024-02-29 14:00:00,85.31
2871,annual,2024-02-29 15:00:00,89.0
2872,annual,2024-02-29 16:00:00,95.0
2873,annual,2024-02-29 17:00:00,102.64
2874,annual,2024-02-29 18:00:00,108.07
2875,annual,2024-02-29 19:00:00,106.1
2876,annual,2024-02-29 20:00:00,95.94
2877,annual,2024-02-29 21:00:00,94.0
2878,annual,2024-02-29 22:00:00,90.0
2879,annual,2024-02-29 23:00:00,85.46
2880,annual,2024-03-01 00:00:00,87.49
2881,annual,2024-03-01 01:00:00,84.0
2882,annual,2024-03-01 02:00:00,79.1
2883,annual,2024-03-01 03:00:00,75.1
2884,annual,2024-03-01 04:00:00,77.42
2885,annual,2024-03-01 05:00:00,87.91
2886,annual,2024-03-01 06:00:00,93.27
2887,annual,2024-03-01 07:00:00,98.36
2888,annual,2024-03-01 08:00:00,114.99
2889,annual,2024-03-01 09:00:00,109.1
2890,annual,2024-03-01 10:00:00,101.0
2891,annual,2024-03-01 11:00:00,97.7
2892,annual,2024-03-01 12:00:00,90.0
2893,annual,2024-03-01 13:00:00,89.49
2894,annual,2024-03-01 14:00:00,90.91
2895,annual,2024-03-01 15:00:00,95.12
2896,annual,2024-03-01 16:00:00,100.36
2897,annual,2024-03-01 17:00:00,103.77
2898,annual,2024-03-01 18:00:00,112.4
2899,annual,2024-03-01 19:00:00,112.1
2900,annual,2024-03-01 20:00:00,100.36
2901,annual,2024-03-01 21:00:00,95.04
2902,annual,2024-03-01 22:00:00,90.0
2903,annual,2024-03-01 23:00:00,87.84
2904,annual,2024-03-02 00:00:00,85.38
2905,annual,2024-03-02 01:00:00,79.4
2906,annual,2024-03-02 02:00:00,74.97762
2907,annual,2024-03-02 03:00:00,76.3
2908,annual,2024-03-02 04:00:00,76.3
2909,annual,2024-03-02 05:00:00,80.0
2910,annual,2024-03-02 06:00:00,89.98
2911,annual,2024-03-02 07:00:00,93.04
2912,annual,2024-03-02 08:00:00,93.22
2913,annual,2024-03-02 09:00:00,90.13
2914,annual,2024-03-02 10:00:00,85.13
2915,annual,2024-03-02 11:00:00,75.9
2916,annual,2024-03-02 12:00:00,71.03
2917,annual,2024-03-02 13:00:00,66.68
2918,annual,2024-03-02 14:00:00,70.0
2919,annual,2024-03-02 15:00:00,67.82
2920,annual,2024-03-02 16:00:00,80.0
2921,annual,2024-03-02 17:00:00,90.9
2922,annual,2024-03-02 18:00:00,112.4
2923,annual,2024-03-02 19:00:00,117.08
2924,annual,2024-03-02 20:00:00,100.36
2925,annual,2024-03-02 21:00:00,90.04
2926,annual,2024-03-02 22:00:00,84.13
2927,annual,2024-03-02 23:00:00,77.0
2928,annual,2024-03-03 00:00:00,79.5
2929,annual,2024-03-03 01:00:00,77.1
2930,annual,2024-03-03 02:00:00,79.0
2931,annual,2024-03-03 03:00:00,76.1
2932,annual,2024-03-03 04:00:00,76.1
2933,annual,2024-03-03 05:00:00,76.92
2934,annual,2024-03-03 06:00:00,78.38
2935,annual,2024-03-03 07:00:00,77.0
2936,annual,2024-03-03 08:00:00,70.31
2937,annual,2024-03-03 09:00:00,63.95
2938,annual,2024-03-03 10:00:00,65.13
2939,annual,2024-03-03 11:00:00,60.53483
2940,annual,2024-03-03 12:00:00,51.03
2941,annual,2024-03-03 13:00:00,58.38
2942,annual,2024-03-03 14:00:00,46.83831
2943,annual,2024-03-03 15:00:00,66.24
2944,annual,2024-03-03 16:00:00,70.0
2945,annual,2024-03-03 17:00:00,82.38
2946,annual,2024-03-03 18:00:00,92.4
2947,annual,2024-03-03 19:00:00,95.0
2948,annual,2024-03-03 20:00:00,91.24
2949,annual,2024-03-03 21:00:00,89.5
2950,annual,2024-03-03 22:00:00,82.0
2951,annual,2024-03-03 23:00:00,74.0
2952,annual,2024-03-04 00:00:00,73.67179
2953,annual,2024-03-04 01:00:00,73.2
2954,annual,2024-03-04 02:00:00,73.3
2955,annual,2024-03-04 03:00:00,73.3
2956,annual,2024-03-04 04:00:00,70.7
2957,annual,2024-03-04 05:00:00,70.8349
2958,annual,2024-03-04 06:00:00,87.5
2959,annual,2024-03-04 07:00:00,96.67379
2960,annual,2024-03-04 08:00:00,102.97205
2961,annual,2024-03-04 09:00:00,98.66
2962,annual,2024-03-04 10:00:00,94.00817
2963,annual,2024-03-04 11:00:00,91.53
2964,annual,2024-03-04 12:00:00,87.34
2965,annual,2024-03-04 13:00:00,86.28
2966,annual,2024-03-04 14:00:00,89.87
2967,annual,2024-03-04 15:00:00,91.02
2968,annual,2024-03-04 16:00:00,93.63
2969,annual,2024-03-04 17:00:00,97.34
2970,annual,2024-03-04 18:00:00,105.18452
2971,annual,2024-03-04 19:00:00,108.0
2972,annual,2024-03-04 20:00:00,99.0
2973,annual,2024-03-04 21:00:00,94.07
2974,annual,2024-03-04 22:00:00,91.2
2975,annual,2024-03-04 23:00:00,89.87
2976,annual,2024-03-05 00:00:00,79.15
2977,annual,2024-03-05 01:00:00,76.5
2978,annual,2024-03-05 02:00:00,72.46
2979,annual,2024-03-05 03:00:00,72.46
2980,annual,2024-03-05 04:00:00,72.46
2981,annual,2024-03-05 05:00:00,78.1
2982,annual,2024-03-05 06:00:00,89.74
2983,annual,2024-03-05 07:00:00,94.93663
2984,annual,2024-03-05 08:00:00,97.46258
2985,annual,2024-03-05 09:00:00,89.91549
2986,annual,2024-03-05 10:00:00,83.64853
2987,annual,2024-03-05 11:00:00,75.50691
2988,annual,2024-03-05 12:00:00,72.6431
2989,annual,2024-03-05 13:00:00,75.38452
2990,annual,2024-03-05 14:00:00,84.7479
2991,annual,2024-03-05 15:00:00,87.69411
2992,annual,2024-03-05 16:00:00,95.0
2993,annual,2024-03-05 17:00:00,101.47
2994,annual,2024-03-05 18:00:00,124.9
2995,annual,2024-03-05 19:00:00,125.69
2996,annual,2024-03-05 20:00:00,104.28577
2997,annual,2024-03-05 21:00:00,92.22
2998,annual,2024-03-05 22:00:00,90.24
2999,annual,2024-03-05 23:00:00,85.0
3000,annual,2024-03-06 00:00:00,85.0
3001,annual,2024-03-06 01:00:00,78.35
3002,annual,2024-03-06 02:00:00,74.22
3003,annual,2024-03-06 03:00:00,74.45
3004,annual,2024-03-06 04:00:00,75.43
3005,annual,2024-03-06 05:00:00,81.9
3006,annual,2024-03-06 06:00:00,96.55
3007,annual,2024-03-06 07:00:00,106.92
3008,annual,2024-03-06 08:00:00,113.99564
3009,annual,2024-03-06 09:00:00,102.86901
3010,annual,2024-03-06 10:00:00,94.39677
3011,annual,2024-03-06 11:00:00,85.9812
3012,annual,2024-03-06 12:00:00,78.64906
3013,annual,2024-03-06 13:00:00,79.46862
3014,annual,2024-03-06 14:00:00,82.42082
3015,annual,2024-03-06 15:00:00,87.29051
3016,annual,2024-03-06 16:00:00,93.89
3017,annual,2024-03-06 17:00:00,101.26
3018,annual,2024-03-06 18:00:00,122.02
3019,annual,2024-03-06 19:00:00,122.46
3020,annual,2024-03-06 20:00:00,102.11
3021,annual,2024-03-06 21:00:00,99.88
3022,annual,2024-03-06 22:00:00,91.35
3023,annual,2024-03-06 23:00:00,89.73
3024,annual,2024-03-07 00:00:00,83.0
3025,annual,2024-03-07 01:00:00,76.89
3026,annual,2024-03-07 02:00:00,76.0
3027,annual,2024-03-07 03:00:00,76.89
3028,annual,2024-03-07 04:00:00,76.89
3029,annual,2024-03-07 05:00:00,87.1
3030,annual,2024-03-07 06:00:00,103.31
3031,annual,2024-03-07 07:00:00,105.36735
3032,annual,2024-03-07 08:00:00,108.59
3033,annual,2024-03-07 09:00:00,99.21
3034,annual,2024-03-07 10:00:00,91.17
3035,annual,2024-03-07 11:00:00,84.67
3036,annual,2024-03-07 12:00:00,78.42
3037,annual,2024-03-07 13:00:00,78.7
3038,annual,2024-03-07 14:00:00,84.5
3039,annual,2024-03-07 15:00:00,92.62
3040,annual,2024-03-07 16:00:00,100.41
3041,annual,2024-03-07 17:00:00,103.59
3042,annual,2024-03-07 18:00:00,131.21
3043,annual,2024-03-07 19:00:00,137.47
3044,annual,2024-03-07 20:00:00,118.46
3045,annual,2024-03-07 21:00:00,103.94
3046,annual,2024-03-07 22:00:00,99.62
3047,annual,2024-03-07 23:00:00,97.0
3048,annual,2024-03-08 00:00:00,89.98
3049,annual,2024-03-08 01:00:00,83.1
3050,annual,2024-03-08 02:00:00,81.33
3051,annual,2024-03-08 03:00:00,82.42
3052,annual,2024-03-08 04:00:00,83.1
3053,annual,2024-03-08 05:00:00,90.0
3054,annual,2024-03-08 06:00:00,103.48
3055,annual,2024-03-08 07:00:00,110.0
3056,annual,2024-03-08 08:00:00,128.28
3057,annual,2024-03-08 09:00:00,104.28
3058,annual,2024-03-08 10:00:00,98.15
3059,annual,2024-03-08 11:00:00,95.0
3060,annual,2024-03-08 12:00:00,88.0
3061,annual,2024-03-08 13:00:00,88.8
3062,annual,2024-03-08 14:00:00,96.76
3063,annual,2024-03-08 15:00:00,98.38
3064,annual,2024-03-08 16:00:00,104.44
3065,annual,2024-03-08 17:00:00,105.53
3066,annual,2024-03-08 18:00:00,122.43
3067,annual,2024-03-08 19:00:00,123.43
3068,annual,2024-03-08 20:00:00,111.38745
3069,annual,2024-03-08 21:00:00,99.69
3070,annual,2024-03-08 22:00:00,97.5
3071,annual,2024-03-08 23:00:00,94.01
3072,annual,2024-03-09 00:00:00,93.12
3073,annual,2024-03-09 01:00:00,90.0
3074,annual,2024-03-09 02:00:00,85.0
3075,annual,2024-03-09 03:00:00,82.1
3076,annual,2024-03-09 04:00:00,82.0
3077,annual,2024-03-09 05:00:00,84.3
3078,annual,2024-03-09 06:00:00,93.0
3079,annual,2024-03-09 07:00:00,97.01
3080,annual,2024-03-09 08:00:00,101.16
3081,annual,2024-03-09 09:00:00,99.16
3082,annual,2024-03-09 10:00:00,95.0
3083,annual,2024-03-09 11:00:00,90.52
3084,annual,2024-03-09 12:00:00,81.0
3085,annual,2024-03-09 13:00:00,71.4
3086,annual,2024-03-09 14:00:00,72.24
3087,annual,2024-03-09 15:00:00,75.0
3088,annual,2024-03-09 16:00:00,90.0
3089,annual,2024-03-09 17:00:00,97.09
3090,annual,2024-03-09 18:00:00,115.0
3091,annual,2024-03-09 19:00:00,120.94
3092,annual,2024-03-09 20:00:00,101.08
3093,annual,2024-03-09 21:00:00,95.55
3094,annual,2024-03-09 22:00:00,93.0
3095,annual,2024-03-09 23:00:00,90.0
3096,annual,2024-03-10 00:00:00,84.38
3097,annual,2024-03-10 01:00:00,85.0
3098,annual,2024-03-10 02:00:00,82.1
3099,annual,2024-03-10 03:00:00,88.88
3100,annual,2024-03-10 04:00:00,89.0
3101,annual,2024-03-10 05:00:00,89.0
3102,annual,2024-03-10 06:00:00,85.0
3103,annual,2024-03-10 07:00:00,88.0
3104,annual,2024-03-10 08:00:00,85.0
3105,annual,2024-03-10 09:00:00,70.7
3106,annual,2024-03-10 10:00:00,64.12
3107,annual,2024-03-10 11:00:00,53.85445
3108,annual,2024-03-10 12:00:00,50.07548
3109,annual,2024-03-10 13:00:00,31.37821
3110,annual,2024-03-10 14:00:00,28.22321
3111,annual,2024-03-10 15:00:00,45.81
3112,annual,2024-03-10 16:00:00,77.93
3113,annual,2024-03-10 17:00:00,89.0
3114,annual,2024-03-10 18:00:00,95.0
3115,annual,2024-03-10 19:00:00,100.0
3116,annual,2024-03-10 20:00:00,96.02
3117,annual,2024-03-10 21:00:00,92.92
3118,annual,2024-03-10 22:00:00,94.02
3119,annual,2024-03-10 23:00:00,89.24
3120,annual,2024-03-11 00:00:00,83.85
3121,annual,2024-03-11 01:00:00,92.0
3122,annual,2024-03-11 02:00:00,91.27
3123,annual,2024-03-11 03:00:00,88.11
3124,annual,2024-03-11 04:00:00,84.78
3125,annual,2024-03-11 05:00:00,82.34
3126,annual,2024-03-11 06:00:00,98.36
3127,annual,2024-03-11 07:00:00,104.46
3128,annual,2024-03-11 08:00:00,117.53
3129,annual,2024-03-11 09:00:00,98.02
3130,annual,2024-03-11 10:00:00,95.0
3131,annual,2024-03-11 11:00:00,90.87584
3132,annual,2024-03-11 12:00:00,79.22661
3133,annual,2024-03-11 13:00:00,81.4317
3134,annual,2024-03-11 14:00:00,88.11181
3135,annual,2024-03-11 15:00:00,92.80914
3136,annual,2024-03-11 16:00:00,97.99
3137,annual,2024-03-11 17:00:00,100.0
3138,annual,2024-03-11 18:00:00,120.0
3139,annual,2024-03-11 19:00:00,124.16
3140,annual,2024-03-11 20:00:00,110.64
3141,annual,2024-03-11 21:00:00,96.7
3142,annual,2024-03-11 22:00:00,95.36
3143,annual,2024-03-11 23:00:00,89.99
3144,annual,2024-03-12 00:00:00,80.0
3145,annual,2024-03-12 01:00:00,76.14
3146,annual,2024-03-12 02:00:00,72.3
3147,annual,2024-03-12 03:00:00,71.95
3148,annual,2024-03-12 04:00:00,71.2
3149,annual,2024-03-12 05:00:00,76.3
3150,annual,2024-03-12 06:00:00,93.57
3151,annual,2024-03-12 07:00:00,95.09976
3152,annual,2024-03-12 08:00:00,100.40362
3153,annual,2024-03-12 09:00:00,93.57
3154,annual,2024-03-12 10:00:00,80.44381
3155,annual,2024-03-12 11:00:00,75.38467
3156,annual,2024-03-12 12:00:00,71.58201
3157,annual,2024-03-12 13:00:00,71.39805
3158,annual,2024-03-12 14:00:00,74.21627
3159,annual,2024-03-12 15:00:00,81.06551
3160,annual,2024-03-12 16:00:00,91.37297
3161,annual,2024-03-12 17:00:00,99.05668
3162,annual,2024-03-12 18:00:00,122.39697
3163,annual,2024-03-12 19:00:00,119.53231
3164,annual,2024-03-12 20:00:00,102.0
3165,annual,2024-03-12 21:00:00,95.0
3166,annual,2024-03-12 22:00:00,93.57
3167,annual,2024-03-12 23:00:00,90.08
3168,annual,2024-03-13 00:00:00,86.47
3169,annual,2024-03-13 01:00:00,77.14
3170,annual,2024-03-13 02:00:00,76.41
3171,annual,2024-03-13 03:00:00,76.41
3172,annual,2024-03-13 04:00:00,77.0
3173,annual,2024-03-13 05:00:00,89.0
3174,annual,2024-03-13 06:00:00,100.0
3175,annual,2024-03-13 07:00:00,108.65
3176,annual,2024-03-13 08:00:00,108.65
3177,annual,2024-03-13 09:00:00,94.0
3178,annual,2024-03-13 10:00:00,85.87
3179,annual,2024-03-13 11:00:00,71.9
3180,annual,2024-03-13 12:00:00,70.21
3181,annual,2024-03-13 13:00:00,70.0
3182,annual,2024-03-13 14:00:00,80.23
3183,annual,2024-03-13 15:00:00,89.0
3184,annual,2024-03-13 16:00:00,92.0
3185,annual,2024-03-13 17:00:00,115.0
3186,annual,2024-03-13 18:00:00,119.76
3187,annual,2024-03-13 19:00:00,122.04
3188,annual,2024-03-13 20:00:00,105.25
3189,annual,2024-03-13 21:00:00,95.27
3190,annual,2024-03-13 22:00:00,92.89
3191,annual,2024-03-13 23:00:00,91.81
3192,annual,2024-03-14 00:00:00,91.83
3193,annual,2024-03-14 01:00:00,90.66
3194,annual,2024-03-14 02:00:00,89.44
3195,annual,2024-03-14 03:00:00,88.05
3196,annual,2024-03-14 04:00:00,89.0
3197,annual,2024-03-14 05:00:00,91.07
3198,annual,2024-03-14 06:00:00,115.66
3199,annual,2024-03-14 07:00:00,116.44
3200,annual,2024-03-14 08:00:00,112.83575
3201,annual,2024-03-14 09:00:00,100.0
3202,annual,2024-03-14 10:00:00,89.01
3203,annual,2024-03-14 11:00:00,82.94
3204,annual,2024-03-14 12:00:00,74.16
3205,annual,2024-03-14 13:00:00,75.66
3206,annual,2024-03-14 14:00:00,83.0
3207,annual,2024-03-14 15:00:00,89.69
3208,annual,2024-03-14 16:00:00,93.96963
3209,annual,2024-03-14 17:00:00,101.63213
3210,annual,2024-03-14 18:00:00,114.8405
3211,annual,2024-03-14 19:00:00,120.63
3212,annual,2024-03-14 20:00:00,103.95516
3213,annual,2024-03-14 21:00:00,98.24565
3214,annual,2024-03-14 22:00:00,91.07
3215,annual,2024-03-14 23:00:00,90.56
3216,annual,2024-03-15 00:00:00,90.0
3217,annual,2024-03-15 01:00:00,78.23
3218,annual,2024-03-15 02:00:00,74.2
3219,annual,2024-03-15 03:00:00,74.25
3220,annual,2024-03-15 04:00:00,76.0
3221,annual,2024-03-15 05:00:00,85.0
3222,annual,2024-03-15 06:00:00,95.66
3223,annual,2024-03-15 07:00:00,99.98
3224,annual,2024-03-15 08:00:00,105.0
3225,annual,2024-03-15 09:00:00,98.6
3226,annual,2024-03-15 10:00:00,89.98
3227,annual,2024-03-15 11:00:00,86.14
3228,annual,2024-03-15 12:00:00,74.8654
3229,annual,2024-03-15 13:00:00,76.5
3230,annual,2024-03-15 14:00:00,84.37
3231,annual,2024-03-15 15:00:00,90.0
3232,annual,2024-03-15 16:00:00,92.87
3233,annual,2024-03-15 17:00:00,97.14
3234,annual,2024-03-15 18:00:00,103.48
3235,annual,2024-03-15 19:00:00,107.0
3236,annual,2024-03-15 20:00:00,101.73
3237,annual,2024-03-15 21:00:00,94.1
3238,annual,2024-03-15 22:00:00,90.05
3239,annual,2024-03-15 23:00:00,89.3
3240,annual,2024-03-16 00:00:00,90.43
3241,annual,2024-03-16 01:00:00,85.23
3242,annual,2024-03-16 02:00:00,80.84
3243,annual,2024-03-16 03:00:00,79.81
3244,annual,2024-03-16 04:00:00,80.0
3245,annual,2024-03-16 05:00:00,82.54
3246,annual,2024-03-16 06:00:00,90.43
3247,annual,2024-03-16 07:00:00,94.86
3248,annual,2024-03-16 08:00:00,94.11
3249,annual,2024-03-16 09:00:00,90.0
3250,annual,2024-03-16 10:00:00,67.97
3251,annual,2024-03-16 11:00:00,59.66137
3252,annual,2024-03-16 12:00:00,37.16042
3253,annual,2024-03-16 13:00:00,31.37687
3254,annual,2024-03-16 14:00:00,36.37406
3255,annual,2024-03-16 15:00:00,48.43411
3256,annual,2024-03-16 16:00:00,74.27763
3257,annual,2024-03-16 17:00:00,92.85217
3258,annual,2024-03-16 18:00:00,111.9066
3259,annual,2024-03-16 19:00:00,123.83085
3260,annual,2024-03-16 20:00:00,111.27901
3261,annual,2024-03-16 21:00:00,98.6
3262,annual,2024-03-16 22:00:00,92.74
3263,annual,2024-03-16 23:00:00,90.36
3264,annual,2024-03-17 00:00:00,91.25322
3265,annual,2024-03-17 01:00:00,90.0
3266,annual,2024-03-17 02:00:00,84.8
3267,annual,2024-03-17 03:00:00,82.1
3268,annual,2024-03-17 04:00:00,83.63
3269,annual,2024-03-17 05:00:00,85.0
3270,annual,2024-03-17 06:00:00,85.0
3271,annual,2024-03-17 07:00:00,87.97
3272,annual,2024-03-17 08:00:00,75.0
3273,annual,2024-03-17 09:00:00,54.0
3274,annual,2024-03-17 10:00:00,39.2
3275,annual,2024-03-17 11:00:00,34.78
3276,annual,2024-03-17 12:00:00,37.7121
3277,annual,2024-03-17 13:00:00,29.35609
3278,annual,2024-03-17 14:00:00,40.0
3279,annual,2024-03-17 15:00:00,51.72456
3280,annual,2024-03-17 16:00:00,70.82
3281,annual,2024-03-17 17:00:00,95.0
3282,annual,2024-03-17 18:00:00,105.0
3283,annual,2024-03-17 19:00:00,113.77973
3284,annual,2024-03-17 20:00:00,109.32181
3285,annual,2024-03-17 21:00:00,101.9323
3286,annual,2024-03-17 22:00:00,95.77913
3287,annual,2024-03-17 23:00:00,89.77902
3288,annual,2024-03-18 00:00:00,82.1
3289,annual,2024-03-18 01:00:00,75.7
3290,annual,2024-03-18 02:00:00,72.07
3291,annual,2024-03-18 03:00:00,69.77
3292,annual,2024-03-18 04:00:00,63.07
3293,annual,2024-03-18 05:00:00,68.4
3294,annual,2024-03-18 06:00:00,95.6
3295,annual,2024-03-18 07:00:00,100.57
3296,annual,2024-03-18 08:00:00,110.0
3297,annual,2024-03-18 09:00:00,101.78
3298,annual,2024-03-18 10:00:00,94.7
3299,annual,2024-03-18 11:00:00,90.87259
3300,annual,2024-03-18 12:00:00,83.50858
3301,annual,2024-03-18 13:00:00,85.24141
3302,annual,2024-03-18 14:00:00,92.32085
3303,annual,2024-03-18 15:00:00,96.7
3304,annual,2024-03-18 16:00:00,102.67
3305,annual,2024-03-18 17:00:00,102.83
3306,annual,2024-03-18 18:00:00,113.91
3307,annual,2024-03-18 19:00:00,125.16
3308,annual,2024-03-18 20:00:00,107.46
3309,annual,2024-03-18 21:00:00,97.0
3310,annual,2024-03-18 22:00:00,94.7
3311,annual,2024-03-18 23:00:00,92.92
3312,annual,2024-03-19 00:00:00,90.94
3313,annual,2024-03-19 01:00:00,82.5
3314,annual,2024-03-19 02:00:00,82.1
3315,annual,2024-03-19 03:00:00,85.3
3316,annual,2024-03-19 04:00:00,92.0
3317,annual,2024-03-19 05:00:00,94.6
3318,annual,2024-03-19 06:00:00,103.87
3319,annual,2024-03-19 07:00:00,109.88868
3320,annual,2024-03-19 08:00:00,108.41
3321,annual,2024-03-19 09:00:00,97.99
3322,annual,2024-03-19 10:00:00,89.03
3323,annual,2024-03-19 11:00:00,78.9
3324,annual,2024-03-19 12:00:00,64.13
3325,annual,2024-03-19 13:00:00,65.0
3326,annual,2024-03-19 14:00:00,75.25
3327,annual,2024-03-19 15:00:00,80.29
3328,annual,2024-03-19 16:00:00,94.46
3329,annual,2024-03-19 17:00:00,102.02
3330,annual,2024-03-19 18:00:00,124.7
3331,annual,2024-03-19 19:00:00,128.96006
3332,annual,2024-03-19 20:00:00,110.0
3333,annual,2024-03-19 21:00:00,98.23
3334,annual,2024-03-19 22:00:00,94.77
3335,annual,2024-03-19 23:00:00,94.46
3336,annual,2024-03-20 00:00:00,91.46
3337,annual,2024-03-20 01:00:00,85.1
3338,annual,2024-03-20 02:00:00,84.5
3339,annual,2024-03-20 03:00:00,85.1
3340,annual,2024-03-20 04:00:00,85.1
3341,annual,2024-03-20 05:00:00,94.62
3342,annual,2024-03-20 06:00:00,107.07
3343,annual,2024-03-20 07:00:00,120.0
3344,annual,2024-03-20 08:00:00,105.0
3345,annual,2024-03-20 09:00:00,102.65
3346,annual,2024-03-20 10:00:00,95.19
3347,annual,2024-03-20 11:00:00,83.11173
3348,annual,2024-03-20 12:00:00,68.0
3349,annual,2024-03-20 13:00:00,74.0
3350,annual,2024-03-20 14:00:00,84.14211
3351,annual,2024-03-20 15:00:00,94.18
3352,annual,2024-03-20 16:00:00,99.19
3353,annual,2024-03-20 17:00:00,117.02
3354,annual,2024-03-20 18:00:00,145.0
3355,annual,2024-03-20 19:00:00,156.39
3356,annual,2024-03-20 20:00:00,125.35735
3357,annual,2024-03-20 21:00:00,105.79
3358,annual,2024-03-20 22:00:00,100.9
3359,annual,2024-03-20 23:00:00,98.22
3360,annual,2024-03-21 00:00:00,95.8
3361,annual,2024-03-21 01:00:00,90.0
3362,annual,2024-03-21 02:00:00,85.0
3363,annual,2024-03-21 03:00:00,85.1
3364,annual,2024-03-21 04:00:00,85.1
3365,annual,2024-03-21 05:00:00,95.0
3366,annual,2024-03-21 06:00:00,105.0
3367,annual,2024-03-21 07:00:00,115.0
3368,annual,2024-03-21 08:00:00,115.0
3369,annual,2024-03-21 09:00:00,99.49
3370,annual,2024-03-21 10:00:00,92.28
3371,annual,2024-03-21 11:00:00,83.1
3372,annual,2024-03-21 12:00:00,76.82649
3373,annual,2024-03-21 13:00:00,70.38
3374,annual,2024-03-21 14:00:00,85.1
3375,annual,2024-03-21 15:00:00,91.65
3376,annual,2024-03-21 16:00:00,95.6
3377,annual,2024-03-21 17:00:00,99.89
3378,annual,2024-03-21 18:00:00,121.89
3379,annual,2024-03-21 19:00:00,122.00578
3380,annual,2024-03-21 20:00:00,104.89
3381,annual,2024-03-21 21:00:00,97.5
3382,annual,2024-03-21 22:00:00,95.0
3383,annual,2024-03-21 23:00:00,91.5
3384,annual,2024-03-22 00:00:00,92.01
3385,annual,2024-03-22 01:00:00,88.1
3386,annual,2024-03-22 02:00:00,87.13
3387,annual,2024-03-22 03:00:00,87.44
3388,annual,2024-03-22 04:00:00,88.1
3389,annual,2024-03-22 05:00:00,92.5
3390,annual,2024-03-22 06:00:00,101.68
3391,annual,2024-03-22 07:00:00,105.0
3392,annual,2024-03-22 08:00:00,109.0
3393,annual,2024-03-22 09:00:00,97.17
3394,annual,2024-03-22 10:00:00,92.01
3395,annual,2024-03-22 11:00:00,85.81924
3396,annual,2024-03-22 12:00:00,76.62681
3397,annual,2024-03-22 13:00:00,74.47011
3398,annual,2024-03-22 14:00:00,85.1
3399,annual,2024-03-22 15:00:00,92.01
3400,annual,2024-03-22 16:00:00,95.21
3401,annual,2024-03-22 17:00:00,100.96
3402,annual,2024-03-22 18:00:00,110.85908
3403,annual,2024-03-22 19:00:00,113.4657
3404,annual,2024-03-22 20:00:00,103.74
3405,annual,2024-03-22 21:00:00,98.16
3406,annual,2024-03-22 22:00:00,95.78
3407,annual,2024-03-22 23:00:00,94.34
3408,annual,2024-03-23 00:00:00,95.05
3409,annual,2024-03-23 01:00:00,93.5
3410,annual,2024-03-23 02:00:00,94.06
3411,annual,2024-03-23 03:00:00,94.39
3412,annual,2024-03-23 04:00:00,95.08
3413,annual,2024-03-23 05:00:00,96.25
3414,annual,2024-03-23 06:00:00,97.25
3415,annual,2024-03-23 07:00:00,95.0
3416,annual,2024-03-23 08:00:00,90.0
3417,annual,2024-03-23 09:00:00,81.69
3418,annual,2024-03-23 10:00:00,74.43884
3419,annual,2024-03-23 11:00:00,63.24
3420,annual,2024-03-23 12:00:00,45.0
3421,annual,2024-03-23 13:00:00,31.02793
3422,annual,2024-03-23 14:00:00,36.05597
3423,annual,2024-03-23 15:00:00,54.2735
3424,annual,2024-03-23 16:00:00,54.77377
3425,annual,2024-03-23 17:00:00,80.0
3426,annual,2024-03-23 18:00:00,102.02
3427,annual,2024-03-23 19:00:00,109.0
3428,annual,2024-03-23 20:00:00,97.0
3429,annual,2024-03-23 21:00:00,93.79
3430,annual,2024-03-23 22:00:00,87.0
3431,annual,2024-03-23 23:00:00,80.0
3432,annual,2024-03-24 00:00:00,84.0
3433,annual,2024-03-24 01:00:00,78.02881
3434,annual,2024-03-24 02:00:00,75.0
3435,annual,2024-03-24 03:00:00,63.0
3436,annual,2024-03-24 04:00:00,71.35
3437,annual,2024-03-24 05:00:00,75.0
3438,annual,2024-03-24 06:00:00,75.0
3439,annual,2024-03-24 07:00:00,50.55502
3440,annual,2024-03-24 08:00:00,39.99
3441,annual,2024-03-24 09:00:00,15.00423
3442,annual,2024-03-24 10:00:00,5.0
3443,annual,2024-03-24 11:00:00,1.88959
3444,annual,2024-03-24 12:00:00,9.33157
3445,annual,2024-03-24 13:00:00,0.61999
3446,annual,2024-03-24 14:00:00,13.32428
3447,annual,2024-03-24 15:00:00,9.5035
3448,annual,2024-03-24 16:00:00,47.01856
3449,annual,2024-03-24 17:00:00,72.52436
3450,annual,2024-03-24 18:00:00,92.72573
3451,annual,2024-03-24 19:00:00,95.47
3452,annual,2024-03-24 20:00:00,95.0
3453,annual,2024-03-24 21:00:00,94.84
3454,annual,2024-03-24 22:00:00,91.66
3455,annual,2024-03-24 23:00:00,80.0
3456,annual,2024-03-25 00:00:00,91.0
3457,annual,2024-03-25 01:00:00,90.0
3458,annual,2024-03-25 02:00:00,90.0
3459,annual,2024-03-25 03:00:00,90.0
3460,annual,2024-03-25 04:00:00,90.0
3461,annual,2024-03-25 05:00:00,93.85
3462,annual,2024-03-25 06:00:00,106.42
3463,annual,2024-03-25 07:00:00,115.0
3464,annual,2024-03-25 08:00:00,110.0
3465,annual,2024-03-25 09:00:00,97.73
3466,annual,2024-03-25 10:00:00,93.64
3467,annual,2024-03-25 11:00:00,87.1
3468,annual,2024-03-25 12:00:00,69.68
3469,annual,2024-03-25 13:00:00,78.0
3470,annual,2024-03-25 14:00:00,93.0
3471,annual,2024-03-25 15:00:00,96.78
3472,annual,2024-03-25 16:00:00,100.52
3473,annual,2024-03-25 17:00:00,106.18
3474,annual,2024-03-25 18:00:00,130.0
3475,annual,2024-03-25 19:00:00,145.0
3476,annual,2024-03-25 20:00:00,113.11
3477,annual,2024-03-25 21:00:00,100.36
3478,annual,2024-03-25 22:00:00,94.5
3479,annual,2024-03-25 23:00:00,90.34
3480,annual,2024-03-26 00:00:00,83.95
3481,annual,2024-03-26 01:00:00,79.5
3482,annual,2024-03-26 02:00:00,79.15
3483,annual,2024-03-26 03:00:00,82.29
3484,annual,2024-03-26 04:00:00,83.22
3485,annual,2024-03-26 05:00:00,89.26
3486,annual,2024-03-26 06:00:00,96.0
3487,annual,2024-03-26 07:00:00,109.67
3488,annual,2024-03-26 08:00:00,119.84081
3489,annual,2024-03-26 09:00:00,118.36
3490,annual,2024-03-26 10:00:00,107.62309
3491,annual,2024-03-26 11:00:00,103.23978
3492,annual,2024-03-26 12:00:00,98.0
3493,annual,2024-03-26 13:00:00,98.98867
3494,annual,2024-03-26 14:00:00,101.34476
3495,annual,2024-03-26 15:00:00,103.55641
3496,annual,2024-03-26 16:00:00,104.12
3497,annual,2024-03-26 17:00:00,101.9
3498,annual,2024-03-26 18:00:00,108.36
3499,annual,2024-03-26 19:00:00,114.77
3500,annual,2024-03-26 20:00:00,104.13
3501,annual,2024-03-26 21:00:00,98.67
3502,annual,2024-03-26 22:00:00,94.93
3503,annual,2024-03-26 23:00:00,90.0
3504,annual,2024-03-27 00:00:00,90.1
3505,annual,2024-03-27 01:00:00,80.56
3506,annual,2024-03-27 02:00:00,78.9
3507,annual,2024-03-27 03:00:00,78.9
3508,annual,2024-03-27 04:00:00,78.9
3509,annual,2024-03-27 05:00:00,88.0
3510,annual,2024-03-27 06:00:00,98.0
3511,annual,2024-03-27 07:00:00,110.54
3512,annual,2024-03-27 08:00:00,121.0
3513,annual,2024-03-27 09:00:00,116.57406
3514,annual,2024-03-27 10:00:00,109.24886
3515,annual,2024-03-27 11:00:00,99.61725
3516,annual,2024-03-27 12:00:00,91.19404
3517,annual,2024-03-27 13:00:00,91.41357
3518,annual,2024-03-27 14:00:00,93.38013
3519,annual,2024-03-27 15:00:00,94.76112
3520,annual,2024-03-27 16:00:00,94.95914
3521,annual,2024-03-27 17:00:00,99.366
3522,annual,2024-03-27 18:00:00,115.91336
3523,annual,2024-03-27 19:00:00,117.38211
3524,annual,2024-03-27 20:00:00,103.05
3525,annual,2024-03-27 21:00:00,98.73
3526,annual,2024-03-27 22:00:00,90.1
3527,annual,2024-03-27 23:00:00,78.9
3528,annual,2024-03-28 00:00:00,78.35
3529,annual,2024-03-28 01:00:00,75.85
3530,annual,2024-03-28 02:00:00,78.35
3531,annual,2024-03-28 03:00:00,78.35
3532,annual,2024-03-28 04:00:00,74.93
3533,annual,2024-03-28 05:00:00,76.99377
3534,annual,2024-03-28 06:00:00,94.73534
3535,annual,2024-03-28 07:00:00,99.37681
3536,annual,2024-03-28 08:00:00,101.81
3537,annual,2024-03-28 09:00:00,92.33297
3538,annual,2024-03-28 10:00:00,87.05976
3539,annual,2024-03-28 11:00:00,84.95578
3540,annual,2024-03-28 12:00:00,73.8964
3541,annual,2024-03-28 13:00:00,74.15855
3542,annual,2024-03-28 14:00:00,76.0719
3543,annual,2024-03-28 15:00:00,78.34033
3544,annual,2024-03-28 16:00:00,93.78651
3545,annual,2024-03-28 17:00:00,100.0
3546,annual,2024-03-28 18:00:00,111.68
3547,annual,2024-03-28 19:00:00,115.63
3548,annual,2024-03-28 20:00:00,110.0
3549,annual,2024-03-28 21:00:00,100.85
3550,annual,2024-03-28 22:00:00,92.33
3551,annual,2024-03-28 23:00:00,85.0
3552,annual,2024-03-29 00:00:00,74.83
3553,annual,2024-03-29 01:00:00,70.0
3554,annual,2024-03-29 02:00:00,73.59
3555,annual,2024-03-29 03:00:00,72.4
3556,annual,2024-03-29 04:00:00,71.49
3557,annual,2024-03-29 05:00:00,79.8
3558,annual,2024-03-29 06:00:00,98.7
3559,annual,2024-03-29 07:00:00,103.23
3560,annual,2024-03-29 08:00:00,106.0
3561,annual,2024-03-29 09:00:00,100.28
3562,annual,2024-03-29 10:00:00,95.76176
3563,annual,2024-03-29 11:00:00,88.391
3564,annual,2024-03-29 12:00:00,78.0
3565,annual,2024-03-29 13:00:00,78.50346
3566,annual,2024-03-29 14:00:00,87.19296
3567,annual,2024-03-29 15:00:00,91.81673
3568,annual,2024-03-29 16:00:00,98.8
3569,annual,2024-03-29 17:00:00,100.63
3570,annual,2024-03-29 18:00:00,110.0
3571,annual,2024-03-29 19:00:00,116.29
3572,annual,2024-03-29 20:00:00,110.05
3573,annual,2024-03-29 21:00:00,100.63
3574,annual,2024-03-29 22:00:00,96.05
3575,annual,2024-03-29 23:00:00,89.46
3576,annual,2024-03-30 00:00:00,97.91
3577,annual,2024-03-30 01:00:00,97.84
3578,annual,2024-03-30 02:00:00,97.91
3579,annual,2024-03-30 03:00:00,95.0
3580,annual,2024-03-30 04:00:00,95.0
3581,annual,2024-03-30 05:00:00,97.84
3582,annual,2024-03-30 06:00:00,95.84
3583,annual,2024-03-30 07:00:00,98.49
3584,annual,2024-03-30 08:00:00,95.0
3585,annual,2024-03-30 09:00:00,80.0
3586,annual,2024-03-30 10:00:00,47.6512
3587,annual,2024-03-30 11:00:00,25.75411
3588,annual,2024-03-30 12:00:00,24.0618
3589,annual,2024-03-30 13:00:00,23.13211
3590,annual,2024-03-30 14:00:00,11.39528
3591,annual,2024-03-30 15:00:00,24.70756
3592,annual,2024-03-30 16:00:00,68.0
3593,annual,2024-03-30 17:00:00,91.46
3594,annual,2024-03-30 18:00:00,95.0
3595,annual,2024-03-30 19:00:00,101.98
3596,annual,2024-03-30 20:00:00,99.09
3597,annual,2024-03-30 21:00:00,95.0
3598,annual,2024-03-30 22:00:00,95.0
3599,annual,2024-03-30 23:00:00,89.45
3600,annual,2024-03-31 00:00:00,93.77
3601,annual,2024-03-31 01:00:00,95.0
3602,annual,2024-03-31 02:00:00,95.24
3603,annual,2024-03-31 03:00:00,95.0
3604,annual,2024-03-31 04:00:00,95.46
3605,annual,2024-03-31 05:00:00,95.52
3606,annual,2024-03-31 06:00:00,96.38
3607,annual,2024-03-31 07:00:00,96.38
3608,annual,2024-03-31 08:00:00,94.07
3609,annual,2024-03-31 09:00:00,91.02
3610,annual,2024-03-31 10:00:00,74.99638
3611,annual,2024-03-31 11:00:00,50.56283
3612,annual,2024-03-31 12:00:00,32.78476
3613,annual,2024-03-31 13:00:00,2.20053
3614,annual,2024-03-31 14:00:00,8.88454
3615,annual,2024-03-31 15:00:00,59.0
3616,annual,2024-03-31 16:00:00,95.52
3617,annual,2024-03-31 17:00:00,102.94
3618,annual,2024-03-31 18:00:00,124.02
3619,annual,2024-03-31 19:00:00,134.9
3620,annual,2024-03-31 20:00:00,127.34
3621,annual,2024-03-31 21:00:00,111.2
3622,annual,2024-03-31 22:00:00,99.44
3623,annual,2024-03-31 23:00:00,99.44
3624,annual,2024-04-01 00:00:00,90.84
3625,annual,2024-04-01 01:00:00,90.0
3626,annual,2024-04-01 02:00:00,87.67
3627,annual,2024-04-01 03:00:00,85.67
3628,annual,2024-04-01 04:00:00,87.26
3629,annual,2024-04-01 05:00:00,85.61
3630,annual,2024-04-01 06:00:00,87.61
3631,annual,2024-04-01 07:00:00,87.67
3632,annual,2024-04-01 08:00:00,86.55
3633,annual,2024-04-01 09:00:00,87.07
3634,annual,2024-04-01 10:00:00,71.35161
3635,annual,2024-04-01 11:00:00,41.51275
3636,annual,2024-04-01 12:00:00,18.74783
3637,annual,2024-04-01 13:00:00,0.71091
3638,annual,2024-04-01 14:00:00,3.09048
3639,annual,2024-04-01 15:00:00,4.12191
3640,annual,2024-04-01 16:00:00,29.23278
3641,annual,2024-04-01 17:00:00,83.30383
3642,annual,2024-04-01 18:00:00,88.7018
3643,annual,2024-04-01 19:00:00,90.08
3644,annual,2024-04-01 20:00:00,90.38
3645,annual,2024-04-01 21:00:00,80.18
3646,annual,2024-04-01 22:00:00,78.61
3647,annual,2024-04-01 23:00:00,77.9
3648,annual,2024-04-02 00:00:00,65.29
3649,annual,2024-04-02 01:00:00,65.86
3650,annual,2024-04-02 02:00:00,60.0
3651,annual,2024-04-02 03:00:00,46.13
3652,annual,2024-04-02 04:00:00,50.0
3653,annual,2024-04-02 05:00:00,69.95
3654,annual,2024-04-02 06:00:00,87.6
3655,annual,2024-04-02 07:00:00,95.0
3656,annual,2024-04-02 08:00:00,102.92
3657,annual,2024-04-02 09:00:00,94.37
3658,annual,2024-04-02 10:00:00,87.1
3659,annual,2024-04-02 11:00:00,74.07
3660,annual,2024-04-02 12:00:00,44.12234
3661,annual,2024-04-02 13:00:00,35.76733
3662,annual,2024-04-02 14:00:00,42.74096
3663,annual,2024-04-02 15:00:00,44.60227
3664,annual,2024-04-02 16:00:00,68.27
3665,annual,2024-04-02 17:00:00,82.55
3666,annual,2024-04-02 18:00:00,101.56
3667,annual,2024-04-02 19:00:00,120.0
3668,annual,2024-04-02 20:00:00,119.17
3669,annual,2024-04-02 21:00:00,102.0
3670,annual,2024-04-02 22:00:00,90.11
3671,annual,2024-04-02 23:00:00,87.86
3672,annual,2024-04-03 00:00:00,85.54
3673,annual,2024-04-03 01:00:00,73.79
3674,annual,2024-04-03 02:00:00,71.7
3675,annual,2024-04-03 03:00:00,72.45
3676,annual,2024-04-03 04:00:00,78.83
3677,annual,2024-04-03 05:00:00,87.43
3678,annual,2024-04-03 06:00:00,106.44
3679,annual,2024-04-03 07:00:00,125.0
3680,annual,2024-04-03 08:00:00,147.81851
3681,annual,2024-04-03 09:00:00,131.78038
3682,annual,2024-04-03 10:00:00,106.09278
3683,annual,2024-04-03 11:00:00,93.54367
3684,annual,2024-04-03 12:00:00,86.96
3685,annual,2024-04-03 13:00:00,79.34013
3686,annual,2024-04-03 14:00:00,81.92348
3687,annual,2024-04-03 15:00:00,84.89456
3688,annual,2024-04-03 16:00:00,87.43
3689,annual,2024-04-03 17:00:00,90.1
3690,annual,2024-04-03 18:00:00,101.46029
3691,annual,2024-04-03 19:00:00,125.0
3692,annual,2024-04-03 20:00:00,113.62
3693,annual,2024-04-03 21:00:00,95.0
3694,annual,2024-04-03 22:00:00,90.0
3695,annual,2024-04-03 23:00:00,87.2
3696,annual,2024-04-04 00:00:00,68.1
3697,annual,2024-04-04 01:00:00,60.0
3698,annual,2024-04-04 02:00:00,56.91
3699,annual,2024-04-04 03:00:00,57.72
3700,annual,2024-04-04 04:00:00,61.95
3701,annual,2024-04-04 05:00:00,70.59
3702,annual,2024-04-04 06:00:00,87.86
3703,annual,2024-04-04 07:00:00,94.75
3704,annual,2024-04-04 08:00:00,105.21
3705,annual,2024-04-04 09:00:00,91.64446
3706,annual,2024-04-04 10:00:00,81.65
3707,annual,2024-04-04 11:00:00,69.0
3708,annual,2024-04-04 12:00:00,51.92593
3709,annual,2024-04-04 13:00:00,50.59463
3710,annual,2024-04-04 14:00:00,58.99364
3711,annual,2024-04-04 15:00:00,69.18
3712,annual,2024-04-04 16:00:00,78.0
3713,annual,2024-04-04 17:00:00,84.18
3714,annual,2024-04-04 18:00:00,92.7
3715,annual,2024-04-04 19:00:00,110.0
3716,annual,2024-04-04 20:00:00,101.03
3717,annual,2024-04-04 21:00:00,92.7
3718,annual,2024-04-04 22:00:00,88.06
3719,annual,2024-04-04 23:00:00,87.0
3720,annual,2024-04-05 00:00:00,77.46
3721,annual,2024-04-05 01:00:00,70.7
3722,annual,2024-04-05 02:00:00,69.25
3723,annual,2024-04-05 03:00:00,68.42
3724,annual,2024-04-05 04:00:00,67.8
3725,annual,2024-04-05 05:00:00,77.3
3726,annual,2024-04-05 06:00:00,88.71
3727,annual,2024-04-05 07:00:00,95.0
3728,annual,2024-04-05 08:00:00,104.3
3729,annual,2024-04-05 09:00:00,87.58
3730,annual,2024-04-05 10:00:00,79.3
3731,annual,2024-04-05 11:00:00,65.23
3732,annual,2024-04-05 12:00:00,50.0
3733,annual,2024-04-05 13:00:00,50.0
3734,annual,2024-04-05 14:00:00,54.75
3735,annual,2024-04-05 15:00:00,61.97
3736,annual,2024-04-05 16:00:00,75.7
3737,annual,2024-04-05 17:00:00,84.45
3738,annual,2024-04-05 18:00:00,91.31
3739,annual,2024-04-05 19:00:00,105.42
3740,annual,2024-04-05 20:00:00,105.42504
3741,annual,2024-04-05 21:00:00,90.61261
3742,annual,2024-04-05 22:00:00,86.52
3743,annual,2024-04-05 23:00:00,85.02421
3744,annual,2024-04-06 00:00:00,83.74
3745,annual,2024-04-06 01:00:00,83.55
3746,annual,2024-04-06 02:00:00,82.8
3747,annual,2024-04-06 03:00:00,81.46
3748,annual,2024-04-06 04:00:00,80.90811
3749,annual,2024-04-06 05:00:00,82.1
3750,annual,2024-04-06 06:00:00,84.51
3751,annual,2024-04-06 07:00:00,89.46
3752,annual,2024-04-06 08:00:00,83.68
3753,annual,2024-04-06 09:00:00,71.07
3754,annual,2024-04-06 10:00:00,50.0
3755,annual,2024-04-06 11:00:00,54.52
3756,annual,2024-04-06 12:00:00,60.0
3757,annual,2024-04-06 13:00:00,45.5
3758,annual,2024-04-06 14:00:00,36.44
3759,annual,2024-04-06 15:00:00,29.6
3760,annual,2024-04-06 16:00:00,39.0
3761,annual,2024-04-06 17:00:00,64.77
3762,annual,2024-04-06 18:00:00,83.86
3763,annual,2024-04-06 19:00:00,93.87798
3764,annual,2024-04-06 20:00:00,98.24949
3765,annual,2024-04-06 21:00:00,91.32
3766,annual,2024-04-06 22:00:00,83.95528
3767,annual,2024-04-06 23:00:00,83.55
3768,annual,2024-04-07 00:00:00,83.5
3769,annual,2024-04-07 01:00:00,80.46
3770,annual,2024-04-07 02:00:00,78.7
3771,annual,2024-04-07 03:00:00,72.44
3772,annual,2024-04-07 04:00:00,70.1
3773,annual,2024-04-07 05:00:00,70.1
3774,annual,2024-04-07 06:00:00,75.0
3775,annual,2024-04-07 07:00:00,69.46
3776,annual,2024-04-07 08:00:00,63.68
3777,annual,2024-04-07 09:00:00,75.61
3778,annual,2024-04-07 10:00:00,37.0
3779,annual,2024-04-07 11:00:00,30.0
3780,annual,2024-04-07 12:00:00,7.01
3781,annual,2024-04-07 13:00:00,0.1
3782,annual,2024-04-07 14:00:00,1.0
3783,annual,2024-04-07 15:00:00,4.54
3784,annual,2024-04-07 16:00:00,37.0
3785,annual,2024-04-07 17:00:00,62.1
3786,annual,2024-04-07 18:00:00,87.0
3787,annual,2024-04-07 19:00:00,98.69
3788,annual,2024-04-07 20:00:00,100.85
3789,annual,2024-04-07 21:00:00,85.85
3790,annual,2024-04-07 22:00:00,85.48
3791,annual,2024-04-07 23:00:00,80.46
3792,annual,2024-04-08 00:00:00,69.74
3793,annual,2024-04-08 01:00:00,65.27404
3794,annual,2024-04-08 02:00:00,62.40925
3795,annual,2024-04-08 03:00:00,64.18852
3796,annual,2024-04-08 04:00:00,67.66
3797,annual,2024-04-08 05:00:00,74.94
3798,annual,2024-04-08 06:00:00,90.1
3799,annual,2024-04-08 07:00:00,121.8
3800,annual,2024-04-08 08:00:00,112.99
3801,annual,2024-04-08 09:00:00,88.73
3802,annual,2024-04-08 10:00:00,75.6
3803,annual,2024-04-08 11:00:00,59.45
3804,annual,2024-04-08 12:00:00,29.99
3805,annual,2024-04-08 13:00:00,27.43
3806,annual,2024-04-08 14:00:00,46.8
3807,annual,2024-04-08 15:00:00,57.9
3808,annual,2024-04-08 16:00:00,70.0
3809,annual,2024-04-08 17:00:00,80.46
3810,annual,2024-04-08 18:00:00,92.54
3811,annual,2024-04-08 19:00:00,121.75
3812,annual,2024-04-08 20:00:00,120.0
3813,annual,2024-04-08 21:00:00,97.88
3814,annual,2024-04-08 22:00:00,90.0
3815,annual,2024-04-08 23:00:00,86.23
3816,annual,2024-04-09 00:00:00,75.77821
3817,annual,2024-04-09 01:00:00,69.5
3818,annual,2024-04-09 02:00:00,63.87
3819,annual,2024-04-09 03:00:00,64.28
3820,annual,2024-04-09 04:00:00,63.5
3821,annual,2024-04-09 05:00:00,73.24
3822,annual,2024-04-09 06:00:00,89.09
3823,annual,2024-04-09 07:00:00,102.0
3824,annual,2024-04-09 08:00:00,117.76
3825,annual,2024-04-09 09:00:00,90.1
3826,annual,2024-04-09 10:00:00,86.23
3827,annual,2024-04-09 11:00:00,76.4
3828,annual,2024-04-09 12:00:00,53.0
3829,annual,2024-04-09 13:00:00,50.0
3830,annual,2024-04-09 14:00:00,53.0
3831,annual,2024-04-09 15:00:00,61.0
3832,annual,2024-04-09 16:00:00,78.71
3833,annual,2024-04-09 17:00:00,80.7
3834,annual,2024-04-09 18:00:00,90.0
3835,annual,2024-04-09 19:00:00,105.13
3836,annual,2024-04-09 20:00:00,104.22
3837,annual,2024-04-09 21:00:00,90.0
3838,annual,2024-04-09 22:00:00,85.02
3839,annual,2024-04-09 23:00:00,78.34
3840,annual,2024-04-10 00:00:00,71.9
3841,annual,2024-04-10 01:00:00,63.22
3842,annual,2024-04-10 02:00:00,58.55
3843,annual,2024-04-10 03:00:00,55.4
3844,annual,2024-04-10 04:00:00,56.5
3845,annual,2024-04-10 05:00:00,61.68
3846,annual,2024-04-10 06:00:00,87.87
3847,annual,2024-04-10 07:00:00,107.55
3848,annual,2024-04-10 08:00:00,125.0
3849,annual,2024-04-10 09:00:00,118.86396
3850,annual,2024-04-10 10:00:00,99.97727
3851,annual,2024-04-10 11:00:00,88.54648
3852,annual,2024-04-10 12:00:00,70.9354
3853,annual,2024-04-10 13:00:00,58.79378
3854,annual,2024-04-10 14:00:00,70.0
3855,annual,2024-04-10 15:00:00,77.19
3856,annual,2024-04-10 16:00:00,84.65637
3857,annual,2024-04-10 17:00:00,82.74128
3858,annual,2024-04-10 18:00:00,93.98023
3859,annual,2024-04-10 19:00:00,134.84
3860,annual,2024-04-10 20:00:00,134.22
3861,annual,2024-04-10 21:00:00,106.48344
3862,annual,2024-04-10 22:00:00,90.1
3863,annual,2024-04-10 23:00:00,86.35
3864,annual,2024-04-11 00:00:00,80.0
3865,annual,2024-04-11 01:00:00,79.08
3866,annual,2024-04-11 02:00:00,70.0
3867,annual,2024-04-11 03:00:00,70.0
3868,annual,2024-04-11 04:00:00,67.3
3869,annual,2024-04-11 05:00:00,75.29
3870,annual,2024-04-11 06:00:00,92.55
3871,annual,2024-04-11 07:00:00,118.0
3872,annual,2024-04-11 08:00:00,126.0
3873,annual,2024-04-11 09:00:00,95.46
3874,annual,2024-04-11 10:00:00,84.92
3875,annual,2024-04-11 11:00:00,67.3
3876,annual,2024-04-11 12:00:00,31.0
3877,annual,2024-04-11 13:00:00,30.0
3878,annual,2024-04-11 14:00:00,35.85
3879,annual,2024-04-11 15:00:00,45.0
3880,annual,2024-04-11 16:00:00,50.15014
3881,annual,2024-04-11 17:00:00,71.99
3882,annual,2024-04-11 18:00:00,88.81
3883,annual,2024-04-11 19:00:00,119.97086
3884,annual,2024-04-11 20:00:00,126.0
3885,annual,2024-04-11 21:00:00,94.98
3886,annual,2024-04-11 22:00:00,89.39
3887,annual,2024-04-11 23:00:00,85.0
3888,annual,2024-04-12 00:00:00,76.27
3889,annual,2024-04-12 01:00:00,65.2
3890,annual,2024-04-12 02:00:00,61.1
3891,annual,2024-04-12 03:00:00,60.00063
3892,annual,2024-04-12 04:00:00,63.73
3893,annual,2024-04-12 05:00:00,72.76403
3894,annual,2024-04-12 06:00:00,94.89
3895,annual,2024-04-12 07:00:00,119.33
3896,annual,2024-04-12 08:00:00,127.1
3897,annual,2024-04-12 09:00:00,90.1
3898,annual,2024-04-12 10:00:00,70.74
3899,annual,2024-04-12 11:00:00,40.0
3900,annual,2024-04-12 12:00:00,33.13
3901,annual,2024-04-12 13:00:00,24.88
3902,annual,2024-04-12 14:00:00,32.8
3903,annual,2024-04-12 15:00:00,38.17
3904,annual,2024-04-12 16:00:00,39.16
3905,annual,2024-04-12 17:00:00,69.74
3906,annual,2024-04-12 18:00:00,91.1
3907,annual,2024-04-12 19:00:00,125.6
3908,annual,2024-04-12 20:00:00,130.2
3909,annual,2024-04-12 21:00:00,98.51
3910,annual,2024-04-12 22:00:00,90.74
3911,annual,2024-04-12 23:00:00,88.0
3912,annual,2024-04-13 00:00:00,90.65
3913,annual,2024-04-13 01:00:00,85.98
3914,annual,2024-04-13 02:00:00,71.1
3915,annual,2024-04-13 03:00:00,70.83
3916,annual,2024-04-13 04:00:00,71.0
3917,annual,2024-04-13 05:00:00,72.02
3918,annual,2024-04-13 06:00:00,85.58
3919,annual,2024-04-13 07:00:00,91.69
3920,annual,2024-04-13 08:00:00,90.65
3921,annual,2024-04-13 09:00:00,74.86
3922,annual,2024-04-13 10:00:00,36.99
3923,annual,2024-04-13 11:00:00,42.0
3924,annual,2024-04-13 12:00:00,26.0
3925,annual,2024-04-13 13:00:00,15.0
3926,annual,2024-04-13 14:00:00,26.0
3927,annual,2024-04-13 15:00:00,30.89
3928,annual,2024-04-13 16:00:00,35.0
3929,annual,2024-04-13 17:00:00,64.87
3930,annual,2024-04-13 18:00:00,93.83
3931,annual,2024-04-13 19:00:00,100.02
3932,annual,2024-04-13 20:00:00,100.29
3933,annual,2024-04-13 21:00:00,91.51
3934,annual,2024-04-13 22:00:00,91.08038
3935,annual,2024-04-13 23:00:00,88.83
3936,annual,2024-04-14 00:00:00,92.99
3937,annual,2024-04-14 01:00:00,90.0
3938,annual,2024-04-14 02:00:00,92.0
3939,annual,2024-04-14 03:00:00,82.08
3940,annual,2024-04-14 04:00:00,74.55
3941,annual,2024-04-14 05:00:00,71.55
3942,annual,2024-04-14 06:00:00,94.65
3943,annual,2024-04-14 07:00:00,95.95
3944,annual,2024-04-14 08:00:00,94.9
3945,annual,2024-04-14 09:00:00,94.65
3946,annual,2024-04-14 10:00:00,36.0
3947,annual,2024-04-14 11:00:00,15.0
3948,annual,2024-04-14 12:00:00,9.65
3949,annual,2024-04-14 13:00:00,8.0
3950,annual,2024-04-14 14:00:00,8.0
3951,annual,2024-04-14 15:00:00,9.65
3952,annual,2024-04-14 16:00:00,38.15
3953,annual,2024-04-14 17:00:00,94.65
3954,annual,2024-04-14 18:00:00,109.15
3955,annual,2024-04-14 19:00:00,135.0
3956,annual,2024-04-14 20:00:00,135.2
3957,annual,2024-04-14 21:00:00,120.0
3958,annual,2024-04-14 22:00:00,99.68063
3959,annual,2024-04-14 23:00:00,95.23973
3960,annual,2024-04-15 00:00:00,86.0
3961,annual,2024-04-15 01:00:00,76.61431
3962,annual,2024-04-15 02:00:00,73.80053
3963,annual,2024-04-15 03:00:00,75.3
3964,annual,2024-04-15 04:00:00,71.84166
3965,annual,2024-04-15 05:00:00,82.49634
3966,annual,2024-04-15 06:00:00,106.99
3967,annual,2024-04-15 07:00:00,145.95
3968,annual,2024-04-15 08:00:00,143.13432
3969,annual,2024-04-15 09:00:00,103.72
3970,annual,2024-04-15 10:00:00,94.62
3971,annual,2024-04-15 11:00:00,82.37
3972,annual,2024-04-15 12:00:00,69.5
3973,annual,2024-04-15 13:00:00,61.04
3974,annual,2024-04-15 14:00:00,70.0
3975,annual,2024-04-15 15:00:00,75.0
3976,annual,2024-04-15 16:00:00,85.0
3977,annual,2024-04-15 17:00:00,90.1
3978,annual,2024-04-15 18:00:00,96.64
3979,annual,2024-04-15 19:00:00,127.6
3980,annual,2024-04-15 20:00:00,126.23
3981,annual,2024-04-15 21:00:00,102.41
3982,annual,2024-04-15 22:00:00,95.0
3983,annual,2024-04-15 23:00:00,87.74
3984,annual,2024-04-16 00:00:00,73.89
3985,annual,2024-04-16 01:00:00,48.75975
3986,annual,2024-04-16 02:00:00,55.0
3987,annual,2024-04-16 03:00:00,55.0
3988,annual,2024-04-16 04:00:00,55.80689
3989,annual,2024-04-16 05:00:00,62.72
3990,annual,2024-04-16 06:00:00,95.0
3991,annual,2024-04-16 07:00:00,106.36
3992,annual,2024-04-16 08:00:00,120.43
3993,annual,2024-04-16 09:00:00,96.58
3994,annual,2024-04-16 10:00:00,75.0
3995,annual,2024-04-16 11:00:00,61.07761
3996,annual,2024-04-16 12:00:00,38.95719
3997,annual,2024-04-16 13:00:00,38.98524
3998,annual,2024-04-16 14:00:00,42.97837
3999,annual,2024-04-16 15:00:00,53.67407
4000,annual,2024-04-16 16:00:00,65.0
4001,annual,2024-04-16 17:00:00,78.21022
4002,annual,2024-04-16 18:00:00,94.97
4003,annual,2024-04-16 19:00:00,113.65
4004,annual,2024-04-16 20:00:00,122.52
4005,annual,2024-04-16 21:00:00,98.76
4006,annual,2024-04-16 22:00:00,93.0
4007,annual,2024-04-16 23:00:00,80.4
4008,annual,2024-04-17 00:00:00,90.0
4009,annual,2024-04-17 01:00:00,90.0
4010,annual,2024-04-17 02:00:00,90.0
4011,annual,2024-04-17 03:00:00,90.0
4012,annual,2024-04-17 04:00:00,89.67
4013,annual,2024-04-17 05:00:00,90.1
4014,annual,2024-04-17 06:00:00,109.81
4015,annual,2024-04-17 07:00:00,140.0
4016,annual,2024-04-17 08:00:00,131.61
4017,annual,2024-04-17 09:00:00,108.04
4018,annual,2024-04-17 10:00:00,102.52656
4019,annual,2024-04-17 11:00:00,97.70879
4020,annual,2024-04-17 12:00:00,81.73899
4021,annual,2024-04-17 13:00:00,76.78823
4022,annual,2024-04-17 14:00:00,85.49884
4023,annual,2024-04-17 15:00:00,95.66708
4024,annual,2024-04-17 16:00:00,98.56871
4025,annual,2024-04-17 17:00:00,101.63629
4026,annual,2024-04-17 18:00:00,108.34
4027,annual,2024-04-17 19:00:00,146.1
4028,annual,2024-04-17 20:00:00,151.62
4029,annual,2024-04-17 21:00:00,125.0
4030,annual,2024-04-17 22:00:00,106.9
4031,annual,2024-04-17 23:00:00,100.9
4032,annual,2024-04-18 00:00:00,93.57
4033,annual,2024-04-18 01:00:00,87.1
4034,annual,2024-04-18 02:00:00,86.48
4035,annual,2024-04-18 03:00:00,87.76
4036,annual,2024-04-18 04:00:00,88.0
4037,annual,2024-04-18 05:00:00,99.76
4038,annual,2024-04-18 06:00:00,120.66
4039,annual,2024-04-18 07:00:00,155.0
4040,annual,2024-04-18 08:00:00,152.85
4041,annual,2024-04-18 09:00:00,113.41171
4042,annual,2024-04-18 10:00:00,101.41069
4043,annual,2024-04-18 11:00:00,92.12894
4044,annual,2024-04-18 12:00:00,85.52314
4045,annual,2024-04-18 13:00:00,90.65507
4046,annual,2024-04-18 14:00:00,87.93989
4047,annual,2024-04-18 15:00:00,101.34672
4048,annual,2024-04-18 16:00:00,102.44643
4049,annual,2024-04-18 17:00:00,105.9
4050,annual,2024-04-18 18:00:00,108.23
4051,annual,2024-04-18 19:00:00,146.21
4052,annual,2024-04-18 20:00:00,151.12
4053,annual,2024-04-18 21:00:00,129.95
4054,annual,2024-04-18 22:00:00,107.0
4055,annual,2024-04-18 23:00:00,104.99
4056,annual,2024-04-19 00:00:00,90.49
4057,annual,2024-04-19 01:00:00,90.09
4058,annual,2024-04-19 02:00:00,84.92
4059,annual,2024-04-19 03:00:00,79.5
4060,annual,2024-04-19 04:00:00,75.73
4061,annual,2024-04-19 05:00:00,79.76
4062,annual,2024-04-19 06:00:00,106.11
4063,annual,2024-04-19 07:00:00,119.28
4064,annual,2024-04-19 08:00:00,115.06
4065,annual,2024-04-19 09:00:00,105.0
4066,annual,2024-04-19 10:00:00,90.1
4067,annual,2024-04-19 11:00:00,83.5
4068,annual,2024-04-19 12:00:00,78.19949
4069,annual,2024-04-19 13:00:00,67.28057
4070,annual,2024-04-19 14:00:00,65.43596
4071,annual,2024-04-19 15:00:00,58.80096
4072,annual,2024-04-19 16:00:00,66.19
4073,annual,2024-04-19 17:00:00,74.21
4074,annual,2024-04-19 18:00:00,96.09
4075,annual,2024-04-19 19:00:00,119.4
4076,annual,2024-04-19 20:00:00,125.18
4077,annual,2024-04-19 21:00:00,106.64
4078,annual,2024-04-19 22:00:00,102.99
4079,annual,2024-04-19 23:00:00,96.23
4080,annual,2024-04-20 00:00:00,100.43
4081,annual,2024-04-20 01:00:00,95.26
4082,annual,2024-04-20 02:00:00,90.0
4083,annual,2024-04-20 03:00:00,91.08
4084,annual,2024-04-20 04:00:00,90.1
4085,annual,2024-04-20 05:00:00,97.0
4086,annual,2024-04-20 06:00:00,101.74
4087,annual,2024-04-20 07:00:00,109.29
4088,annual,2024-04-20 08:00:00,110.07
4089,annual,2024-04-20 09:00:00,102.87384
4090,annual,2024-04-20 10:00:00,93.64272
4091,annual,2024-04-20 11:00:00,57.68
4092,annual,2024-04-20 12:00:00,32.4
4093,annual,2024-04-20 13:00:00,31.13765
4094,annual,2024-04-20 14:00:00,32.4
4095,annual,2024-04-20 15:00:00,50.0
4096,annual,2024-04-20 16:00:00,87.39158
4097,annual,2024-04-20 17:00:00,98.88711
4098,annual,2024-04-20 18:00:00,108.13
4099,annual,2024-04-20 19:00:00,128.6
4100,annual,2024-04-20 20:00:00,118.07
4101,annual,2024-04-20 21:00:00,108.09
4102,annual,2024-04-20 22:00:00,101.46
4103,annual,2024-04-20 23:00:00,100.43
4104,annual,2024-04-21 00:00:00,102.47
4105,annual,2024-04-21 01:00:00,102.43
4106,annual,2024-04-21 02:00:00,102.4
4107,annual,2024-04-21 03:00:00,102.27
4108,annual,2024-04-21 04:00:00,102.27
4109,annual,2024-04-21 05:00:00,100.43
4110,annual,2024-04-21 06:00:00,102.27
4111,annual,2024-04-21 07:00:00,102.3
4112,annual,2024-04-21 08:00:00,90.0
4113,annual,2024-04-21 09:00:00,85.0
4114,annual,2024-04-21 10:00:00,20.0
4115,annual,2024-04-21 11:00:00,9.65
4116,annual,2024-04-21 12:00:00,9.65
4117,annual,2024-04-21 13:00:00,4.0
4118,annual,2024-04-21 14:00:00,5.0
4119,annual,2024-04-21 15:00:00,28.41458
4120,annual,2024-04-21 16:00:00,86.45
4121,annual,2024-04-21 17:00:00,100.43
4122,annual,2024-04-21 18:00:00,105.11
4123,annual,2024-04-21 19:00:00,120.0
4124,annual,2024-04-21 20:00:00,117.23748
4125,annual,2024-04-21 21:00:00,111.01241
4126,annual,2024-04-21 22:00:00,103.29399
4127,annual,2024-04-21 23:00:00,100.0
4128,annual,2024-04-22 00:00:00,101.14
4129,annual,2024-04-22 01:00:00,93.99
4130,annual,2024-04-22 02:00:00,93.99
4131,annual,2024-04-22 03:00:00,90.1
4132,annual,2024-04-22 04:00:00,90.1
4133,annual,2024-04-22 05:00:00,90.1
4134,annual,2024-04-22 06:00:00,106.06
4135,annual,2024-04-22 07:00:00,130.05811
4136,annual,2024-04-22 08:00:00,140.2
4137,annual,2024-04-22 09:00:00,133.0
4138,annual,2024-04-22 10:00:00,103.66723
4139,annual,2024-04-22 11:00:00,102.88458
4140,annual,2024-04-22 12:00:00,100.42118
4141,annual,2024-04-22 13:00:00,100.28135
4142,annual,2024-04-22 14:00:00,101.2276
4143,annual,2024-04-22 15:00:00,101.24003
4144,annual,2024-04-22 16:00:00,103.48665
4145,annual,2024-04-22 17:00:00,106.06
4146,annual,2024-04-22 18:00:00,115.23128
4147,annual,2024-04-22 19:00:00,151.04
4148,annual,2024-04-22 20:00:00,162.54687
4149,annual,2024-04-22 21:00:00,132.0
4150,annual,2024-04-22 22:00:00,106.34
4151,annual,2024-04-22 23:00:00,109.08
4152,annual,2024-04-23 00:00:00,99.4
4153,annual,2024-04-23 01:00:00,100.0
4154,annual,2024-04-23 02:00:00,90.23
4155,annual,2024-04-23 03:00:00,90.1
4156,annual,2024-04-23 04:00:00,90.1
4157,annual,2024-04-23 05:00:00,99.02
4158,annual,2024-04-23 06:00:00,118.8
4159,annual,2024-04-23 07:00:00,146.48
4160,annual,2024-04-23 08:00:00,138.18
4161,annual,2024-04-23 09:00:00,130.0
4162,annual,2024-04-23 10:00:00,103.5055
4163,annual,2024-04-23 11:00:00,101.43766
4164,annual,2024-04-23 12:00:00,88.24734
4165,annual,2024-04-23 13:00:00,85.78234
4166,annual,2024-04-23 14:00:00,88.05743
4167,annual,2024-04-23 15:00:00,89.78852
4168,annual,2024-04-23 16:00:00,93.6908
4169,annual,2024-04-23 17:00:00,96.13964
4170,annual,2024-04-23 18:00:00,105.35
4171,annual,2024-04-23 19:00:00,126.92
4172,annual,2024-04-23 20:00:00,133.36
4173,annual,2024-04-23 21:00:00,112.81
4174,annual,2024-04-23 22:00:00,101.5
4175,annual,2024-04-23 23:00:00,99.02
4176,annual,2024-04-24 00:00:00,88.75
4177,annual,2024-04-24 01:00:00,90.1
4178,annual,2024-04-24 02:00:00,84.1
4179,annual,2024-04-24 03:00:00,88.0
4180,annual,2024-04-24 04:00:00,86.03
4181,annual,2024-04-24 05:00:00,90.1
4182,annual,2024-04-24 06:00:00,105.46
4183,annual,2024-04-24 07:00:00,125.86935
4184,annual,2024-04-24 08:00:00,120.0
4185,annual,2024-04-24 09:00:00,105.39
4186,annual,2024-04-24 10:00:00,100.0
4187,annual,2024-04-24 11:00:00,88.06016
4188,annual,2024-04-24 12:00:00,86.76316
4189,annual,2024-04-24 13:00:00,83.73438
4190,annual,2024-04-24 14:00:00,87.07743
4191,annual,2024-04-24 15:00:00,81.93768
4192,annual,2024-04-24 16:00:00,86.8546
4193,annual,2024-04-24 17:00:00,92.25947
4194,annual,2024-04-24 18:00:00,105.39
4195,annual,2024-04-24 19:00:00,140.0
4196,annual,2024-04-24 20:00:00,145.43
4197,annual,2024-04-24 21:00:00,120.0
4198,annual,2024-04-24 22:00:00,105.46
4199,annual,2024-04-24 23:00:00,98.81
4200,annual,2024-04-25 00:00:00,96.61
4201,annual,2024-04-25 01:00:00,96.84
4202,annual,2024-04-25 02:00:00,100.0
4203,annual,2024-04-25 03:00:00,103.37
4204,annual,2024-04-25 04:00:00,105.05
4205,annual,2024-04-25 05:00:00,105.05
4206,annual,2024-04-25 06:00:00,105.0
4207,annual,2024-04-25 07:00:00,106.9
4208,annual,2024-04-25 08:00:00,105.05
4209,annual,2024-04-25 09:00:00,92.8
4210,annual,2024-04-25 10:00:00,77.65826
4211,annual,2024-04-25 11:00:00,75.94144
4212,annual,2024-04-25 12:00:00,71.79387
4213,annual,2024-04-25 13:00:00,59.59845
4214,annual,2024-04-25 14:00:00,55.36861
4215,annual,2024-04-25 15:00:00,58.40637
4216,annual,2024-04-25 16:00:00,73.31
4217,annual,2024-04-25 17:00:00,94.59
4218,annual,2024-04-25 18:00:00,105.0
4219,annual,2024-04-25 19:00:00,134.1
4220,annual,2024-04-25 20:00:00,150.0
4221,annual,2024-04-25 21:00:00,142.0
4222,annual,2024-04-25 22:00:00,136.1
4223,annual,2024-04-25 23:00:00,106.09
4224,annual,2024-04-26 00:00:00,98.08
4225,annual,2024-04-26 01:00:00,96.53
4226,annual,2024-04-26 02:00:00,85.45
4227,annual,2024-04-26 03:00:00,85.0
4228,annual,2024-04-26 04:00:00,85.0
4229,annual,2024-04-26 05:00:00,94.0
4230,annual,2024-04-26 06:00:00,102.74
4231,annual,2024-04-26 07:00:00,145.0
4232,annual,2024-04-26 08:00:00,156.0
4233,annual,2024-04-26 09:00:00,155.0
4234,annual,2024-04-26 10:00:00,140.2
4235,annual,2024-04-26 11:00:00,131.19
4236,annual,2024-04-26 12:00:00,103.03
4237,annual,2024-04-26 13:00:00,100.09
4238,annual,2024-04-26 14:00:00,106.52
4239,annual,2024-04-26 15:00:00,131.19
4240,annual,2024-04-26 16:00:00,144.0
4241,annual,2024-04-26 17:00:00,150.0
4242,annual,2024-04-26 18:00:00,140.0
4243,annual,2024-04-26 19:00:00,144.0
4244,annual,2024-04-26 20:00:00,146.9
4245,annual,2024-04-26 21:00:00,121.79
4246,annual,2024-04-26 22:00:00,105.0
4247,annual,2024-04-26 23:00:00,97.81
4248,annual,2024-04-27 00:00:00,97.2
4249,annual,2024-04-27 01:00:00,96.09
4250,annual,2024-04-27 02:00:00,90.1
4251,annual,2024-04-27 03:00:00,90.1
4252,annual,2024-04-27 04:00:00,90.1
4253,annual,2024-04-27 05:00:00,93.09
4254,annual,2024-04-27 06:00:00,98.6
4255,annual,2024-04-27 07:00:00,105.0
4256,annual,2024-04-27 08:00:00,117.73
4257,annual,2024-04-27 09:00:00,106.0
4258,annual,2024-04-27 10:00:00,99.91
4259,annual,2024-04-27 11:00:00,97.09
4260,annual,2024-04-27 12:00:00,93.53
4261,annual,2024-04-27 13:00:00,84.57
4262,annual,2024-04-27 14:00:00,82.56367
4263,annual,2024-04-27 15:00:00,89.5
4264,annual,2024-04-27 16:00:00,97.2
4265,annual,2024-04-27 17:00:00,101.28
4266,annual,2024-04-27 18:00:00,105.0
4267,annual,2024-04-27 19:00:00,120.0
4268,annual,2024-04-27 20:00:00,116.16804
4269,annual,2024-04-27 21:00:00,101.50479
4270,annual,2024-04-27 22:00:00,97.60795
4271,annual,2024-04-27 23:00:00,94.1
4272,annual,2024-04-28 00:00:00,98.93769
4273,annual,2024-04-28 01:00:00,93.44328
4274,annual,2024-04-28 02:00:00,91.22529
4275,annual,2024-04-28 03:00:00,88.23791
4276,annual,2024-04-28 04:00:00,90.6
4277,annual,2024-04-28 05:00:00,94.0
4278,annual,2024-04-28 06:00:00,96.47
4279,annual,2024-04-28 07:00:00,96.95
4280,annual,2024-04-28 08:00:00,100.09
4281,annual,2024-04-28 09:00:00,96.47
4282,annual,2024-04-28 10:00:00,93.69726
4283,annual,2024-04-28 11:00:00,84.49433
4284,annual,2024-04-28 12:00:00,67.8728
4285,annual,2024-04-28 13:00:00,25.81432
4286,annual,2024-04-28 14:00:00,14.69451
4287,annual,2024-04-28 15:00:00,48.61828
4288,annual,2024-04-28 16:00:00,76.5102
4289,annual,2024-04-28 17:00:00,96.95
4290,annual,2024-04-28 18:00:00,97.21
4291,annual,2024-04-28 19:00:00,104.48
4292,annual,2024-04-28 20:00:00,107.2
4293,annual,2024-04-28 21:00:00,99.31736
4294,annual,2024-04-28 22:00:00,96.47
4295,annual,2024-04-28 23:00:00,91.0
4296,annual,2024-04-29 00:00:00,82.15
4297,annual,2024-04-29 01:00:00,77.7
4298,annual,2024-04-29 02:00:00,76.12
4299,annual,2024-04-29 03:00:00,79.0
4300,annual,2024-04-29 04:00:00,75.64
4301,annual,2024-04-29 05:00:00,82.0
4302,annual,2024-04-29 06:00:00,98.48552
4303,annual,2024-04-29 07:00:00,108.12433
4304,annual,2024-04-29 08:00:00,101.1
4305,annual,2024-04-29 09:00:00,99.39
4306,annual,2024-04-29 10:00:00,91.0
4307,annual,2024-04-29 11:00:00,77.7
4308,annual,2024-04-29 12:00:00,64.04252
4309,annual,2024-04-29 13:00:00,58.72194
4310,annual,2024-04-29 14:00:00,63.25257
4311,annual,2024-04-29 15:00:00,66.04409
4312,annual,2024-04-29 16:00:00,69.03643
4313,annual,2024-04-29 17:00:00,85.77
4314,annual,2024-04-29 18:00:00,98.86
4315,annual,2024-04-29 19:00:00,124.26
4316,annual,2024-04-29 20:00:00,133.6
4317,annual,2024-04-29 21:00:00,107.38
4318,annual,2024-04-29 22:00:00,97.0
4319,annual,2024-04-29 23:00:00,96.0
4320,annual,2024-04-30 00:00:00,89.0
4321,annual,2024-04-30 01:00:00,82.17
4322,annual,2024-04-30 02:00:00,80.55
4323,annual,2024-04-30 03:00:00,77.0
4324,annual,2024-04-30 04:00:00,77.76
4325,annual,2024-04-30 05:00:00,83.81
4326,annual,2024-04-30 06:00:00,96.9
4327,annual,2024-04-30 07:00:00,101.7096
4328,annual,2024-04-30 08:00:00,101.3
4329,annual,2024-04-30 09:00:00,93.68
4330,annual,2024-04-30 10:00:00,84.0
4331,annual,2024-04-30 11:00:00,73.05
4332,annual,2024-04-30 12:00:00,54.28
4333,annual,2024-04-30 13:00:00,48.33
4334,annual,2024-04-30 14:00:00,55.32
4335,annual,2024-04-30 15:00:00,56.17
4336,annual,2024-04-30 16:00:00,73.78
4337,annual,2024-04-30 17:00:00,84.45
4338,annual,2024-04-30 18:00:00,96.42
4339,annual,2024-04-30 19:00:00,115.0
4340,annual,2024-04-30 20:00:00,124.04
4341,annual,2024-04-30 21:00:00,100.0
4342,annual,2024-04-30 22:00:00,95.46
4343,annual,2024-04-30 23:00:00,89.0
4344,annual,2024-05-01 00:00:00,92.85
4345,annual,2024-05-01 01:00:00,87.0
4346,annual,2024-05-01 02:00:00,82.24
4347,annual,2024-05-01 03:00:00,87.0
4348,annual,2024-05-01 04:00:00,91.94
4349,annual,2024-05-01 05:00:00,90.1
4350,annual,2024-05-01 06:00:00,88.0
4351,annual,2024-05-01 07:00:00,85.5
4352,annual,2024-05-01 08:00:00,88.0
4353,annual,2024-05-01 09:00:00,90.0
4354,annual,2024-05-01 10:00:00,92.85
4355,annual,2024-05-01 11:00:00,93.22
4356,annual,2024-05-01 12:00:00,92.34991
4357,annual,2024-05-01 13:00:00,80.49
4358,annual,2024-05-01 14:00:00,73.49462
4359,annual,2024-05-01 15:00:00,77.91
4360,annual,2024-05-01 16:00:00,90.1
4361,annual,2024-05-01 17:00:00,93.22
4362,annual,2024-05-01 18:00:00,95.0
4363,annual,2024-05-01 19:00:00,96.38
4364,annual,2024-05-01 20:00:00,99.64092
4365,annual,2024-05-01 21:00:00,93.46
4366,annual,2024-05-01 22:00:00,94.76
4367,annual,2024-05-01 23:00:00,88.0
4368,annual,2024-05-02 00:00:00,72.85
4369,annual,2024-05-02 01:00:00,71.1
4370,annual,2024-05-02 02:00:00,77.0
4371,annual,2024-05-02 03:00:00,77.0
4372,annual,2024-05-02 04:00:00,78.9
4373,annual,2024-05-02 05:00:00,84.58387
4374,annual,2024-05-02 06:00:00,95.0
4375,annual,2024-05-02 07:00:00,107.03
4376,annual,2024-05-02 08:00:00,109.51
4377,annual,2024-05-02 09:00:00,108.73
4378,annual,2024-05-02 10:00:00,101.20957
4379,annual,2024-05-02 11:00:00,88.59329
4380,annual,2024-05-02 12:00:00,81.72972
4381,annual,2024-05-02 13:00:00,81.56996
4382,annual,2024-05-02 14:00:00,82.34606
4383,annual,2024-05-02 15:00:00,79.93771
4384,annual,2024-05-02 16:00:00,87.41207
4385,annual,2024-05-02 17:00:00,91.17957
4386,annual,2024-05-02 18:00:00,100.0
4387,annual,2024-05-02 19:00:00,115.0
4388,annual,2024-05-02 20:00:00,127.29
4389,annual,2024-05-02 21:00:00,108.26
4390,annual,2024-05-02 22:00:00,99.5
4391,annual,2024-05-02 23:00:00,90.1
4392,annual,2024-05-03 00:00:00,77.09
4393,annual,2024-05-03 01:00:00,73.13
4394,annual,2024-05-03 02:00:00,65.0
4395,annual,2024-05-03 03:00:00,71.63
4396,annual,2024-05-03 04:00:00,58.9
4397,annual,2024-05-03 05:00:00,67.59
4398,annual,2024-05-03 06:00:00,90.1
4399,annual,2024-05-03 07:00:00,94.77
4400,annual,2024-05-03 08:00:00,91.72445
4401,annual,2024-05-03 09:00:00,80.15056
4402,annual,2024-05-03 10:00:00,76.48967
4403,annual,2024-05-03 11:00:00,68.54398
4404,annual,2024-05-03 12:00:00,63.09198
4405,annual,2024-05-03 13:00:00,58.51
4406,annual,2024-05-03 14:00:00,66.29326
4407,annual,2024-05-03 15:00:00,67.94727
4408,annual,2024-05-03 16:00:00,71.57377
4409,annual,2024-05-03 17:00:00,78.13
4410,annual,2024-05-03 18:00:00,92.2
4411,annual,2024-05-03 19:00:00,101.43
4412,annual,2024-05-03 20:00:00,114.0476
4413,annual,2024-05-03 21:00:00,105.0
4414,annual,2024-05-03 22:00:00,97.15
4415,annual,2024-05-03 23:00:00,93.2
4416,annual,2024-05-04 00:00:00,92.99
4417,annual,2024-05-04 01:00:00,86.08
4418,annual,2024-05-04 02:00:00,81.49934
4419,annual,2024-05-04 03:00:00,82.12
4420,annual,2024-05-04 04:00:00,84.0633
4421,annual,2024-05-04 05:00:00,81.2
4422,annual,2024-05-04 06:00:00,86.4
4423,annual,2024-05-04 07:00:00,92.99
4424,annual,2024-05-04 08:00:00,93.06
4425,annual,2024-05-04 09:00:00,85.0
4426,annual,2024-05-04 10:00:00,55.0
4427,annual,2024-05-04 11:00:00,62.5
4428,annual,2024-05-04 12:00:00,60.0
4429,annual,2024-05-04 13:00:00,50.98
4430,annual,2024-05-04 14:00:00,30.67536
4431,annual,2024-05-04 15:00:00,31.2
4432,annual,2024-05-04 16:00:00,32.08155
4433,annual,2024-05-04 17:00:00,71.59289
4434,annual,2024-05-04 18:00:00,91.91
4435,annual,2024-05-04 19:00:00,109.93549
4436,annual,2024-05-04 20:00:00,120.5047
4437,annual,2024-05-04 21:00:00,106.2
4438,annual,2024-05-04 22:00:00,100.0
4439,annual,2024-05-04 23:00:00,93.78581
4440,annual,2024-05-05 00:00:00,84.93241
4441,annual,2024-05-05 01:00:00,80.44424
4442,annual,2024-05-05 02:00:00,79.09
4443,annual,2024-05-05 03:00:00,75.4
4444,annual,2024-05-05 04:00:00,70.0
4445,annual,2024-05-05 05:00:00,67.5861
4446,annual,2024-05-05 06:00:00,70.0
4447,annual,2024-05-05 07:00:00,75.4
4448,annual,2024-05-05 08:00:00,73.06
4449,annual,2024-05-05 09:00:00,65.0
4450,annual,2024-05-05 10:00:00,25.0
4451,annual,2024-05-05 11:00:00,24.78
4452,annual,2024-05-05 12:00:00,30.0
4453,annual,2024-05-05 13:00:00,10.12
4454,annual,2024-05-05 14:00:00,10.0
4455,annual,2024-05-05 15:00:00,31.0
4456,annual,2024-05-05 16:00:00,49.87
4457,annual,2024-05-05 17:00:00,70.0
4458,annual,2024-05-05 18:00:00,95.0
4459,annual,2024-05-05 19:00:00,97.6277
4460,annual,2024-05-05 20:00:00,118.05
4461,annual,2024-05-05 21:00:00,108.62452
4462,annual,2024-05-05 22:00:00,101.49318
4463,annual,2024-05-05 23:00:00,92.99
4464,annual,2024-05-06 00:00:00,84.93
4465,annual,2024-05-06 01:00:00,78.7
4466,annual,2024-05-06 02:00:00,77.36
4467,annual,2024-05-06 03:00:00,77.14701
4468,annual,2024-05-06 04:00:00,78.77685
4469,annual,2024-05-06 05:00:00,90.1
4470,annual,2024-05-06 06:00:00,104.72
4471,annual,2024-05-06 07:00:00,125.32204
4472,annual,2024-05-06 08:00:00,125.52
4473,annual,2024-05-06 09:00:00,117.21
4474,annual,2024-05-06 10:00:00,104.24
4475,annual,2024-05-06 11:00:00,103.51
4476,annual,2024-05-06 12:00:00,98.18
4477,annual,2024-05-06 13:00:00,98.18
4478,annual,2024-05-06 14:00:00,100.0
4479,annual,2024-05-06 15:00:00,99.4
4480,annual,2024-05-06 16:00:00,103.51
4481,annual,2024-05-06 17:00:00,103.87
4482,annual,2024-05-06 18:00:00,110.85
4483,annual,2024-05-06 19:00:00,132.95438
4484,annual,2024-05-06 20:00:00,140.60626
4485,annual,2024-05-06 21:00:00,118.0
4486,annual,2024-05-06 22:00:00,104.36
4487,annual,2024-05-06 23:00:00,98.65
4488,annual,2024-05-07 00:00:00,102.09
4489,annual,2024-05-07 01:00:00,98.92
4490,annual,2024-05-07 02:00:00,90.5
4491,annual,2024-05-07 03:00:00,90.1
4492,annual,2024-05-07 04:00:00,90.1
4493,annual,2024-05-07 05:00:00,98.92
4494,annual,2024-05-07 06:00:00,102.38
4495,annual,2024-05-07 07:00:00,120.34
4496,annual,2024-05-07 08:00:00,140.0
4497,annual,2024-05-07 09:00:00,139.84
4498,annual,2024-05-07 10:00:00,114.17
4499,annual,2024-05-07 11:00:00,105.69
4500,annual,2024-05-07 12:00:00,100.0
4501,annual,2024-05-07 13:00:00,98.53
4502,annual,2024-05-07 14:00:00,100.61
4503,annual,2024-05-07 15:00:00,101.12
4504,annual,2024-05-07 16:00:00,102.09
4505,annual,2024-05-07 17:00:00,102.09
4506,annual,2024-05-07 18:00:00,107.19
4507,annual,2024-05-07 19:00:00,134.93
4508,annual,2024-05-07 20:00:00,141.86308
4509,annual,2024-05-07 21:00:00,118.0
4510,annual,2024-05-07 22:00:00,105.0
4511,annual,2024-05-07 23:00:00,102.38
4512,annual,2024-05-08 00:00:00,100.0
4513,annual,2024-05-08 01:00:00,93.8
4514,annual,2024-05-08 02:00:00,94.97
4515,annual,2024-05-08 03:00:00,90.0
4516,annual,2024-05-08 04:00:00,86.04
4517,annual,2024-05-08 05:00:00,93.6
4518,annual,2024-05-08 06:00:00,104.5
4519,annual,2024-05-08 07:00:00,110.78
4520,annual,2024-05-08 08:00:00,116.45
4521,annual,2024-05-08 09:00:00,108.02
4522,annual,2024-05-08 10:00:00,101.99
4523,annual,2024-05-08 11:00:00,92.0
4524,annual,2024-05-08 12:00:00,80.0
4525,annual,2024-05-08 13:00:00,80.0
4526,annual,2024-05-08 14:00:00,89.21
4527,annual,2024-05-08 15:00:00,96.0
4528,annual,2024-05-08 16:00:00,98.5
4529,annual,2024-05-08 17:00:00,99.1
4530,annual,2024-05-08 18:00:00,103.0
4531,annual,2024-05-08 19:00:00,120.01698
4532,annual,2024-05-08 20:00:00,128.75
4533,annual,2024-05-08 21:00:00,111.46
4534,annual,2024-05-08 22:00:00,102.0
4535,annual,2024-05-08 23:00:00,99.97
4536,annual,2024-05-09 00:00:00,94.32
4537,annual,2024-05-09 01:00:00,87.42
4538,annual,2024-05-09 02:00:00,79.54
4539,annual,2024-05-09 03:00:00,78.9
4540,annual,2024-05-09 04:00:00,83.6
4541,annual,2024-05-09 05:00:00,85.53
4542,annual,2024-05-09 06:00:00,100.25
4543,annual,2024-05-09 07:00:00,110.0
4544,annual,2024-05-09 08:00:00,122.65
4545,annual,2024-05-09 09:00:00,105.0
4546,annual,2024-05-09 10:00:00,97.5
4547,annual,2024-05-09 11:00:00,80.0
4548,annual,2024-05-09 12:00:00,60.0
4549,annual,2024-05-09 13:00:00,54.9
4550,annual,2024-05-09 14:00:00,66.1
4551,annual,2024-05-09 15:00:00,70.0
4552,annual,2024-05-09 16:00:00,80.0
4553,annual,2024-05-09 17:00:00,81.1
4554,annual,2024-05-09 18:00:00,100.0
4555,annual,2024-05-09 19:00:00,123.35
4556,annual,2024-05-09 20:00:00,133.81
4557,annual,2024-05-09 21:00:00,113.32
4558,annual,2024-05-09 22:00:00,100.0
4559,annual,2024-05-09 23:00:00,90.1
4560,annual,2024-05-10 00:00:00,84.0
4561,annual,2024-05-10 01:00:00,76.58887
4562,annual,2024-05-10 02:00:00,69.41005
4563,annual,2024-05-10 03:00:00,70.59
4564,annual,2024-05-10 04:00:00,70.0
4565,annual,2024-05-10 05:00:00,83.36118
4566,annual,2024-05-10 06:00:00,99.66
4567,annual,2024-05-10 07:00:00,114.11
4568,annual,2024-05-10 08:00:00,114.11
4569,annual,2024-05-10 09:00:00,90.03
4570,annual,2024-05-10 10:00:00,77.3
4571,annual,2024-05-10 11:00:00,62.72527
4572,annual,2024-05-10 12:00:00,46.9
4573,annual,2024-05-10 13:00:00,25.0
4574,annual,2024-05-10 14:00:00,43.0
4575,annual,2024-05-10 15:00:00,35.0002
4576,annual,2024-05-10 16:00:00,60.0
4577,annual,2024-05-10 17:00:00,77.83876
4578,annual,2024-05-10 18:00:00,96.92
4579,annual,2024-05-10 19:00:00,123.33
4580,annual,2024-05-10 20:00:00,136.21
4581,annual,2024-05-10 21:00:00,117.93544
4582,annual,2024-05-10 22:00:00,100.0
4583,annual,2024-05-10 23:00:00,97.0
4584,annual,2024-05-11 00:00:00,95.0
4585,annual,2024-05-11 01:00:00,89.0
4586,annual,2024-05-11 02:00:00,85.0
4587,annual,2024-05-11 03:00:00,82.7
4588,annual,2024-05-11 04:00:00,83.04
4589,annual,2024-05-11 05:00:00,83.3
4590,annual,2024-05-11 06:00:00,85.0
4591,annual,2024-05-11 07:00:00,90.1
4592,annual,2024-05-11 08:00:00,96.3
4593,annual,2024-05-11 09:00:00,90.0
4594,annual,2024-05-11 10:00:00,70.0
4595,annual,2024-05-11 11:00:00,60.0
4596,annual,2024-05-11 12:00:00,15.0
4597,annual,2024-05-11 13:00:00,15.0
4598,annual,2024-05-11 14:00:00,14.84622
4599,annual,2024-05-11 15:00:00,25.0
4600,annual,2024-05-11 16:00:00,70.0
4601,annual,2024-05-11 17:00:00,85.0
4602,annual,2024-05-11 18:00:00,108.0
4603,annual,2024-05-11 19:00:00,122.0
4604,annual,2024-05-11 20:00:00,128.1195
4605,annual,2024-05-11 21:00:00,117.66087
4606,annual,2024-05-11 22:00:00,101.83633
4607,annual,2024-05-11 23:00:00,97.73815
4608,annual,2024-05-12 00:00:00,85.08339
4609,annual,2024-05-12 01:00:00,77.5571
4610,annual,2024-05-12 02:00:00,75.95073
4611,annual,2024-05-12 03:00:00,78.50493
4612,annual,2024-05-12 04:00:00,83.15893
4613,annual,2024-05-12 05:00:00,83.10629
4614,annual,2024-05-12 06:00:00,94.5
4615,annual,2024-05-12 07:00:00,94.0
4616,annual,2024-05-12 08:00:00,90.1
4617,annual,2024-05-12 09:00:00,94.0
4618,annual,2024-05-12 10:00:00,50.0
4619,annual,2024-05-12 11:00:00,16.9
4620,annual,2024-05-12 12:00:00,9.65
4621,annual,2024-05-12 13:00:00,5.0
4622,annual,2024-05-12 14:00:00,2.06
4623,annual,2024-05-12 15:00:00,10.0
4624,annual,2024-05-12 16:00:00,65.63
4625,annual,2024-05-12 17:00:00,77.55
4626,annual,2024-05-12 18:00:00,94.5
4627,annual,2024-05-12 19:00:00,107.93
4628,annual,2024-05-12 20:00:00,121.48292
4629,annual,2024-05-12 21:00:00,106.50844
4630,annual,2024-05-12 22:00:00,95.41644
4631,annual,2024-05-12 23:00:00,84.95458
4632,annual,2024-05-13 00:00:00,87.09412
4633,annual,2024-05-13 01:00:00,63.87682
4634,annual,2024-05-13 02:00:00,58.54244
4635,annual,2024-05-13 03:00:00,54.43706
4636,annual,2024-05-13 04:00:00,63.2591
4637,annual,2024-05-13 05:00:00,79.80988
4638,annual,2024-05-13 06:00:00,102.0
4639,annual,2024-05-13 07:00:00,115.0
4640,annual,2024-05-13 08:00:00,113.68
4641,annual,2024-05-13 09:00:00,105.0
4642,annual,2024-05-13 10:00:00,95.85
4643,annual,2024-05-13 11:00:00,92.03
4644,annual,2024-05-13 12:00:00,74.42
4645,annual,2024-05-13 13:00:00,75.0
4646,annual,2024-05-13 14:00:00,85.0
4647,annual,2024-05-13 15:00:00,90.44135
4648,annual,2024-05-13 16:00:00,100.39
4649,annual,2024-05-13 17:00:00,104.42
4650,annual,2024-05-13 18:00:00,104.3
4651,annual,2024-05-13 19:00:00,134.16507
4652,annual,2024-05-13 20:00:00,138.28671
4653,annual,2024-05-13 21:00:00,120.42932
4654,annual,2024-05-13 22:00:00,99.72387
4655,annual,2024-05-13 23:00:00,95.83
4656,annual,2024-05-14 00:00:00,94.97296
4657,annual,2024-05-14 01:00:00,93.88
4658,annual,2024-05-14 02:00:00,90.0
4659,annual,2024-05-14 03:00:00,86.08
4660,annual,2024-05-14 04:00:00,86.08
4661,annual,2024-05-14 05:00:00,94.96711
4662,annual,2024-05-14 06:00:00,112.50546
4663,annual,2024-05-14 07:00:00,143.0
4664,annual,2024-05-14 08:00:00,136.3
4665,annual,2024-05-14 09:00:00,110.0
4666,annual,2024-05-14 10:00:00,95.0
4667,annual,2024-05-14 11:00:00,89.02187
4668,annual,2024-05-14 12:00:00,76.57
4669,annual,2024-05-14 13:00:00,73.0
4670,annual,2024-05-14 14:00:00,82.35
4671,annual,2024-05-14 15:00:00,89.01025
4672,annual,2024-05-14 16:00:00,96.64
4673,annual,2024-05-14 17:00:00,96.77438
4674,annual,2024-05-14 18:00:00,104.93
4675,annual,2024-05-14 19:00:00,138.67
4676,annual,2024-05-14 20:00:00,147.33
4677,annual,2024-05-14 21:00:00,135.01666
4678,annual,2024-05-14 22:00:00,100.91
4679,annual,2024-05-14 23:00:00,98.09
4680,annual,2024-05-15 00:00:00,91.26
4681,annual,2024-05-15 01:00:00,90.1
4682,annual,2024-05-15 02:00:00,88.0
4683,annual,2024-05-15 03:00:00,86.10691
4684,annual,2024-05-15 04:00:00,87.0
4685,annual,2024-05-15 05:00:00,93.25
4686,annual,2024-05-15 06:00:00,106.11
4687,annual,2024-05-15 07:00:00,126.0
4688,annual,2024-05-15 08:00:00,134.22
4689,annual,2024-05-15 09:00:00,113.33
4690,annual,2024-05-15 10:00:00,99.86
4691,annual,2024-05-15 11:00:00,97.23052
4692,annual,2024-05-15 12:00:00,93.47973
4693,annual,2024-05-15 13:00:00,91.37381
4694,annual,2024-05-15 14:00:00,91.42314
4695,annual,2024-05-15 15:00:00,88.35254
4696,annual,2024-05-15 16:00:00,92.0
4697,annual,2024-05-15 17:00:00,93.35586
4698,annual,2024-05-15 18:00:00,97.75577
4699,annual,2024-05-15 19:00:00,132.66
4700,annual,2024-05-15 20:00:00,141.77085
4701,annual,2024-05-15 21:00:00,125.62491
4702,annual,2024-05-15 22:00:00,97.76567
4703,annual,2024-05-15 23:00:00,96.0
4704,annual,2024-05-16 00:00:00,97.37
4705,annual,2024-05-16 01:00:00,88.52201
4706,annual,2024-05-16 02:00:00,85.43
4707,annual,2024-05-16 03:00:00,82.3972
4708,annual,2024-05-16 04:00:00,83.46
4709,annual,2024-05-16 05:00:00,85.0
4710,annual,2024-05-16 06:00:00,98.5
4711,annual,2024-05-16 07:00:00,127.26
4712,annual,2024-05-16 08:00:00,130.0
4713,annual,2024-05-16 09:00:00,104.06
4714,annual,2024-05-16 10:00:00,98.5
4715,annual,2024-05-16 11:00:00,90.1
4716,annual,2024-05-16 12:00:00,78.34203
4717,annual,2024-05-16 13:00:00,79.83281
4718,annual,2024-05-16 14:00:00,87.57
4719,annual,2024-05-16 15:00:00,89.47663
4720,annual,2024-05-16 16:00:00,94.02
4721,annual,2024-05-16 17:00:00,91.46
4722,annual,2024-05-16 18:00:00,100.57
4723,annual,2024-05-16 19:00:00,125.53
4724,annual,2024-05-16 20:00:00,133.88935
4725,annual,2024-05-16 21:00:00,119.26
4726,annual,2024-05-16 22:00:00,101.43488
4727,annual,2024-05-16 23:00:00,99.49
4728,annual,2024-05-17 00:00:00,85.00612
4729,annual,2024-05-17 01:00:00,83.20765
4730,annual,2024-05-17 02:00:00,82.08111
4731,annual,2024-05-17 03:00:00,82.58855
4732,annual,2024-05-17 04:00:00,85.81532
4733,annual,2024-05-17 05:00:00,90.47702
4734,annual,2024-05-17 06:00:00,113.73
4735,annual,2024-05-17 07:00:00,137.07314
4736,annual,2024-05-17 08:00:00,130.23
4737,annual,2024-05-17 09:00:00,103.32173
4738,annual,2024-05-17 10:00:00,93.66
4739,annual,2024-05-17 11:00:00,81.9
4740,annual,2024-05-17 12:00:00,59.67
4741,annual,2024-05-17 13:00:00,45.50101
4742,annual,2024-05-17 14:00:00,54.47874
4743,annual,2024-05-17 15:00:00,60.00892
4744,annual,2024-05-17 16:00:00,76.2
4745,annual,2024-05-17 17:00:00,89.49
4746,annual,2024-05-17 18:00:00,101.22846
4747,annual,2024-05-17 19:00:00,131.6
4748,annual,2024-05-17 20:00:00,139.66143
4749,annual,2024-05-17 21:00:00,128.4
4750,annual,2024-05-17 22:00:00,104.01322
4751,annual,2024-05-17 23:00:00,100.93423
4752,annual,2024-05-18 00:00:00,101.01
4753,annual,2024-05-18 01:00:00,96.1
4754,annual,2024-05-18 02:00:00,91.83
4755,annual,2024-05-18 03:00:00,87.44
4756,annual,2024-05-18 04:00:00,87.44
4757,annual,2024-05-18 05:00:00,90.0
4758,annual,2024-05-18 06:00:00,94.29
4759,annual,2024-05-18 07:00:00,97.73
4760,annual,2024-05-18 08:00:00,96.88
4761,annual,2024-05-18 09:00:00,81.82
4762,annual,2024-05-18 10:00:00,78.22
4763,annual,2024-05-18 11:00:00,90.1
4764,annual,2024-05-18 12:00:00,78.96
4765,annual,2024-05-18 13:00:00,61.73
4766,annual,2024-05-18 14:00:00,64.48
4767,annual,2024-05-18 15:00:00,75.61
4768,annual,2024-05-18 16:00:00,93.46
4769,annual,2024-05-18 17:00:00,93.25
4770,annual,2024-05-18 18:00:00,104.7153
4771,annual,2024-05-18 19:00:00,122.52691
4772,annual,2024-05-18 20:00:00,125.91997
4773,annual,2024-05-18 21:00:00,113.46795
4774,annual,2024-05-18 22:00:00,98.94826
4775,annual,2024-05-18 23:00:00,95.49576
4776,annual,2024-05-19 00:00:00,99.2493
4777,annual,2024-05-19 01:00:00,92.0
4778,annual,2024-05-19 02:00:00,85.15235
4779,annual,2024-05-19 03:00:00,83.22058
4780,annual,2024-05-19 04:00:00,82.22462
4781,annual,2024-05-19 05:00:00,84.0
4782,annual,2024-05-19 06:00:00,75.45
4783,annual,2024-05-19 07:00:00,71.95042
4784,annual,2024-05-19 08:00:00,80.0
4785,annual,2024-05-19 09:00:00,76.0
4786,annual,2024-05-19 10:00:00,69.0
4787,annual,2024-05-19 11:00:00,90.73
4788,annual,2024-05-19 12:00:00,85.0
4789,annual,2024-05-19 13:00:00,70.0
4790,annual,2024-05-19 14:00:00,70.0
4791,annual,2024-05-19 15:00:00,63.65
4792,annual,2024-05-19 16:00:00,90.0
4793,annual,2024-05-19 17:00:00,85.0
4794,annual,2024-05-19 18:00:00,98.0
4795,annual,2024-05-19 19:00:00,113.68854
4796,annual,2024-05-19 20:00:00,122.48
4797,annual,2024-05-19 21:00:00,121.24
4798,annual,2024-05-19 22:00:00,109.0
4799,annual,2024-05-19 23:00:00,100.0
4800,annual,2024-05-20 00:00:00,90.64492
4801,annual,2024-05-20 01:00:00,87.36
4802,annual,2024-05-20 02:00:00,81.639
4803,annual,2024-05-20 03:00:00,81.67528
4804,annual,2024-05-20 04:00:00,83.25577
4805,annual,2024-05-20 05:00:00,88.28862
4806,annual,2024-05-20 06:00:00,101.82
4807,annual,2024-05-20 07:00:00,115.21
4808,annual,2024-05-20 08:00:00,119.29
4809,annual,2024-05-20 09:00:00,109.42
4810,annual,2024-05-20 10:00:00,98.49
4811,annual,2024-05-20 11:00:00,93.83
4812,annual,2024-05-20 12:00:00,82.6
4813,annual,2024-05-20 13:00:00,82.6
4814,annual,2024-05-20 14:00:00,94.2
4815,annual,2024-05-20 15:00:00,95.0
4816,annual,2024-05-20 16:00:00,95.47
4817,annual,2024-05-20 17:00:00,102.5
4818,annual,2024-05-20 18:00:00,104.86
4819,annual,2024-05-20 19:00:00,131.0
4820,annual,2024-05-20 20:00:00,137.34313
4821,annual,2024-05-20 21:00:00,117.65642
4822,annual,2024-05-20 22:00:00,100.26367
4823,annual,2024-05-20 23:00:00,94.48471
4824,annual,2024-05-21 00:00:00,95.62632
4825,annual,2024-05-21 01:00:00,89.72224
4826,annual,2024-05-21 02:00:00,78.78304
4827,annual,2024-05-21 03:00:00,80.6
4828,annual,2024-05-21 04:00:00,80.6
4829,annual,2024-05-21 05:00:00,81.5
4830,annual,2024-05-21 06:00:00,99.82
4831,annual,2024-05-21 07:00:00,119.42
4832,annual,2024-05-21 08:00:00,118.13
4833,annual,2024-05-21 09:00:00,109.87
4834,annual,2024-05-21 10:00:00,96.18288
4835,annual,2024-05-21 11:00:00,87.44825
4836,annual,2024-05-21 12:00:00,79.94532
4837,annual,2024-05-21 13:00:00,67.39977
4838,annual,2024-05-21 14:00:00,67.79
4839,annual,2024-05-21 15:00:00,74.08926
4840,annual,2024-05-21 16:00:00,84.04583
4841,annual,2024-05-21 17:00:00,92.74142
4842,annual,2024-05-21 18:00:00,98.18
4843,annual,2024-05-21 19:00:00,122.63476
4844,annual,2024-05-21 20:00:00,131.87283
4845,annual,2024-05-21 21:00:00,111.69
4846,annual,2024-05-21 22:00:00,99.7709
4847,annual,2024-05-21 23:00:00,91.99214
4848,annual,2024-05-22 00:00:00,84.31
4849,annual,2024-05-22 01:00:00,80.86446
4850,annual,2024-05-22 02:00:00,71.38433
4851,annual,2024-05-22 03:00:00,74.22824
4852,annual,2024-05-22 04:00:00,77.21053
4853,annual,2024-05-22 05:00:00,78.06085
4854,annual,2024-05-22 06:00:00,100.22017
4855,annual,2024-05-22 07:00:00,123.46
4856,annual,2024-05-22 08:00:00,125.15
4857,annual,2024-05-22 09:00:00,103.99
4858,annual,2024-05-22 10:00:00,89.06
4859,annual,2024-05-22 11:00:00,76.83388
4860,annual,2024-05-22 12:00:00,69.71
4861,annual,2024-05-22 13:00:00,59.07181
4862,annual,2024-05-22 14:00:00,66.05933
4863,annual,2024-05-22 15:00:00,80.89253
4864,annual,2024-05-22 16:00:00,90.33635
4865,annual,2024-05-22 17:00:00,99.38
4866,annual,2024-05-22 18:00:00,102.40829
4867,annual,2024-05-22 19:00:00,133.06658
4868,annual,2024-05-22 20:00:00,143.99141
4869,annual,2024-05-22 21:00:00,128.31169
4870,annual,2024-05-22 22:00:00,107.21958
4871,annual,2024-05-22 23:00:00,100.40757
4872,annual,2024-05-23 00:00:00,95.0021
4873,annual,2024-05-23 01:00:00,91.41718
4874,annual,2024-05-23 02:00:00,86.5063
4875,annual,2024-05-23 03:00:00,88.12504
4876,annual,2024-05-23 04:00:00,89.47316
4877,annual,2024-05-23 05:00:00,91.21728
4878,annual,2024-05-23 06:00:00,109.79478
4879,annual,2024-05-23 07:00:00,144.5
4880,annual,2024-05-23 08:00:00,142.51
4881,annual,2024-05-23 09:00:00,111.52
4882,annual,2024-05-23 10:00:00,97.1
4883,annual,2024-05-23 11:00:00,85.0
4884,annual,2024-05-23 12:00:00,60.0
4885,annual,2024-05-23 13:00:00,60.0
4886,annual,2024-05-23 14:00:00,63.4
4887,annual,2024-05-23 15:00:00,77.39
4888,annual,2024-05-23 16:00:00,88.0
4889,annual,2024-05-23 17:00:00,95.82636
4890,annual,2024-05-23 18:00:00,108.8595
4891,annual,2024-05-23 19:00:00,141.44452
4892,annual,2024-05-23 20:00:00,157.85422
4893,annual,2024-05-23 21:00:00,144.92437
4894,annual,2024-05-23 22:00:00,120.20892
4895,annual,2024-05-23 23:00:00,107.00459
4896,annual,2024-05-24 00:00:00,104.18108
4897,annual,2024-05-24 01:00:00,93.70111
4898,annual,2024-05-24 02:00:00,91.29763
4899,annual,2024-05-24 03:00:00,91.57557
4900,annual,2024-05-24 04:00:00,91.30232
4901,annual,2024-05-24 05:00:00,100.63768
4902,annual,2024-05-24 06:00:00,117.7861
4903,annual,2024-05-24 07:00:00,148.68
4904,annual,2024-05-24 08:00:00,142.0
4905,annual,2024-05-24 09:00:00,116.0
4906,annual,2024-05-24 10:00:00,108.28
4907,annual,2024-05-24 11:00:00,90.74
4908,annual,2024-05-24 12:00:00,71.79
4909,annual,2024-05-24 13:00:00,67.70314
4910,annual,2024-05-24 14:00:00,84.73
4911,annual,2024-05-24 15:00:00,97.1
4912,annual,2024-05-24 16:00:00,97.0
4913,annual,2024-05-24 17:00:00,105.1465
4914,annual,2024-05-24 18:00:00,116.03807
4915,annual,2024-05-24 19:00:00,142.06174
4916,annual,2024-05-24 20:00:00,153.06777
4917,annual,2024-05-24 21:00:00,136.93915
4918,annual,2024-05-24 22:00:00,120.53702
4919,annual,2024-05-24 23:00:00,112.85987
4920,annual,2024-05-25 00:00:00,113.92033
4921,annual,2024-05-25 01:00:00,111.78358
4922,annual,2024-05-25 02:00:00,106.52067
4923,annual,2024-05-25 03:00:00,102.69
4924,annual,2024-05-25 04:00:00,101.48131
4925,annual,2024-05-25 05:00:00,100.47903
4926,annual,2024-05-25 06:00:00,106.95481
4927,annual,2024-05-25 07:00:00,106.15621
4928,annual,2024-05-25 08:00:00,106.9728
4929,annual,2024-05-25 09:00:00,98.49626
4930,annual,2024-05-25 10:00:00,95.35046
4931,annual,2024-05-25 11:00:00,93.93
4932,annual,2024-05-25 12:00:00,79.28
4933,annual,2024-05-25 13:00:00,68.77
4934,annual,2024-05-25 14:00:00,85.0
4935,annual,2024-05-25 15:00:00,84.33
4936,annual,2024-05-25 16:00:00,80.5
4937,annual,2024-05-25 17:00:00,90.40409
4938,annual,2024-05-25 18:00:00,102.61059
4939,annual,2024-05-25 19:00:00,122.9591
4940,annual,2024-05-25 20:00:00,143.3724
4941,annual,2024-05-25 21:00:00,133.62735
4942,annual,2024-05-25 22:00:00,117.013
4943,annual,2024-05-25 23:00:00,106.83047
4944,annual,2024-05-26 00:00:00,110.18974
4945,annual,2024-05-26 01:00:00,99.48888
4946,annual,2024-05-26 02:00:00,93.01823
4947,annual,2024-05-26 03:00:00,92.04054
4948,annual,2024-05-26 04:00:00,89.57429
4949,annual,2024-05-26 05:00:00,87.44193
4950,annual,2024-05-26 06:00:00,85.07
4951,annual,2024-05-26 07:00:00,85.07
4952,annual,2024-05-26 08:00:00,85.0
4953,annual,2024-05-26 09:00:00,74.03
4954,annual,2024-05-26 10:00:00,30.0
4955,annual,2024-05-26 11:00:00,8.1
4956,annual,2024-05-26 12:00:00,9.0
4957,annual,2024-05-26 13:00:00,5.0
4958,annual,2024-05-26 14:00:00,3.0
4959,annual,2024-05-26 15:00:00,9.65
4960,annual,2024-05-26 16:00:00,18.19
4961,annual,2024-05-26 17:00:00,51.99291
4962,annual,2024-05-26 18:00:00,104.0
4963,annual,2024-05-26 19:00:00,118.30999
4964,annual,2024-05-26 20:00:00,127.24917
4965,annual,2024-05-26 21:00:00,124.05179
4966,annual,2024-05-26 22:00:00,114.35079
4967,annual,2024-05-26 23:00:00,103.0
4968,annual,2024-05-27 00:00:00,97.02268
4969,annual,2024-05-27 01:00:00,89.05461
4970,annual,2024-05-27 02:00:00,89.44639
4971,annual,2024-05-27 03:00:00,86.84746
4972,annual,2024-05-27 04:00:00,84.60891
4973,annual,2024-05-27 05:00:00,92.71604
4974,annual,2024-05-27 06:00:00,115.9
4975,annual,2024-05-27 07:00:00,129.16
4976,annual,2024-05-27 08:00:00,122.76
4977,annual,2024-05-27 09:00:00,110.32
4978,annual,2024-05-27 10:00:00,97.1
4979,annual,2024-05-27 11:00:00,90.5
4980,annual,2024-05-27 12:00:00,72.98
4981,annual,2024-05-27 13:00:00,82.73
4982,annual,2024-05-27 14:00:00,90.5
4983,annual,2024-05-27 15:00:00,97.1
4984,annual,2024-05-27 16:00:00,111.56
4985,annual,2024-05-27 17:00:00,108.69836
4986,annual,2024-05-27 18:00:00,124.49538
4987,annual,2024-05-27 19:00:00,152.67098
4988,annual,2024-05-27 20:00:00,164.85865
4989,annual,2024-05-27 21:00:00,153.89057
4990,annual,2024-05-27 22:00:00,134.74508
4991,annual,2024-05-27 23:00:00,123.03832
4992,annual,2024-05-28 00:00:00,109.27908
4993,annual,2024-05-28 01:00:00,106.04671
4994,annual,2024-05-28 02:00:00,102.42533
4995,annual,2024-05-28 03:00:00,100.00565
4996,annual,2024-05-28 04:00:00,98.30478
4997,annual,2024-05-28 05:00:00,102.06879
4998,annual,2024-05-28 06:00:00,118.38326
4999,annual,2024-05-28 07:00:00,144.42458
5000,annual,2024-05-28 08:00:00,143.69
5001,annual,2024-05-28 09:00:00,131.15043
5002,annual,2024-05-28 10:00:00,122.68125
5003,annual,2024-05-28 11:00:00,115.92866
5004,annual,2024-05-28 12:00:00,98.06369
5005,annual,2024-05-28 13:00:00,97.53263
5006,annual,2024-05-28 14:00:00,104.35729
5007,annual,2024-05-28 15:00:00,104.90495
5008,annual,2024-05-28 16:00:00,114.68033
5009,annual,2024-05-28 17:00:00,112.36
5010,annual,2024-05-28 18:00:00,119.82623
5011,annual,2024-05-28 19:00:00,145.0
5012,annual,2024-05-28 20:00:00,159.37872
5013,annual,2024-05-28 21:00:00,142.01907
5014,annual,2024-05-28 22:00:00,122.88392
5015,annual,2024-05-28 23:00:00,114.2
5016,annual,2024-05-29 00:00:00,108.0
5017,annual,2024-05-29 01:00:00,102.93229
5018,annual,2024-05-29 02:00:00,98.85432
5019,annual,2024-05-29 03:00:00,99.46236
5020,annual,2024-05-29 04:00:00,100.81053
5021,annual,2024-05-29 05:00:00,102.9777
5022,annual,2024-05-29 06:00:00,114.67
5023,annual,2024-05-29 07:00:00,139.59497
5024,annual,2024-05-29 08:00:00,135.36173
5025,annual,2024-05-29 09:00:00,114.69594
5026,annual,2024-05-29 10:00:00,105.52813
5027,annual,2024-05-29 11:00:00,103.97989
5028,annual,2024-05-29 12:00:00,92.42901
5029,annual,2024-05-29 13:00:00,97.26263
5030,annual,2024-05-29 14:00:00,100.56449
5031,annual,2024-05-29 15:00:00,103.3
5032,annual,2024-05-29 16:00:00,111.57944
5033,annual,2024-05-29 17:00:00,112.0
5034,annual,2024-05-29 18:00:00,118.14103
5035,annual,2024-05-29 19:00:00,149.65212
5036,annual,2024-05-29 20:00:00,163.7662
5037,annual,2024-05-29 21:00:00,145.80341
5038,annual,2024-05-29 22:00:00,116.70115
5039,annual,2024-05-29 23:00:00,110.0
5040,annual,2024-05-30 00:00:00,106.22891
5041,annual,2024-05-30 01:00:00,99.44909
5042,annual,2024-05-30 02:00:00,100.0
5043,annual,2024-05-30 03:00:00,97.83654
5044,annual,2024-05-30 04:00:00,101.28759
5045,annual,2024-05-30 05:00:00,101.40695
5046,annual,2024-05-30 06:00:00,116.51206
5047,annual,2024-05-30 07:00:00,146.16307
5048,annual,2024-05-30 08:00:00,151.01639
5049,annual,2024-05-30 09:00:00,133.76969
5050,annual,2024-05-30 10:00:00,118.26748
5051,annual,2024-05-30 11:00:00,109.58538
5052,annual,2024-05-30 12:00:00,98.13745
5053,annual,2024-05-30 13:00:00,96.34956
5054,annual,2024-05-30 14:00:00,99.91972
5055,annual,2024-05-30 15:00:00,97.36267
5056,annual,2024-05-30 16:00:00,100.45638
5057,annual,2024-05-30 17:00:00,103.29943
5058,annual,2024-05-30 18:00:00,112.02371
5059,annual,2024-05-30 19:00:00,136.29836
5060,annual,2024-05-30 20:00:00,146.65753
5061,annual,2024-05-30 21:00:00,136.69788
5062,annual,2024-05-30 22:00:00,113.80132
5063,annual,2024-05-30 23:00:00,104.68463
5064,annual,2024-05-31 00:00:00,91.74547
5065,annual,2024-05-31 01:00:00,91.29547
5066,annual,2024-05-31 02:00:00,81.08114
5067,annual,2024-05-31 03:00:00,80.4267
5068,annual,2024-05-31 04:00:00,82.60758
5069,annual,2024-05-31 05:00:00,82.71647
5070,annual,2024-05-31 06:00:00,102.49814
5071,annual,2024-05-31 07:00:00,123.26766
5072,annual,2024-05-31 08:00:00,125.47814
5073,annual,2024-05-31 09:00:00,110.49278
5074,annual,2024-05-31 10:00:00,96.74
5075,annual,2024-05-31 11:00:00,88.05361
5076,annual,2024-05-31 12:00:00,68.67741
5077,annual,2024-05-31 13:00:00,66.16643
5078,annual,2024-05-31 14:00:00,64.36284
5079,annual,2024-05-31 15:00:00,79.94072
5080,annual,2024-05-31 16:00:00,80.88876
5081,annual,2024-05-31 17:00:00,92.05418
5082,annual,2024-05-31 18:00:00,108.81328
5083,annual,2024-05-31 19:00:00,127.64107
5084,annual,2024-05-31 20:00:00,139.28414
5085,annual,2024-05-31 21:00:00,129.85997
5086,annual,2024-05-31 22:00:00,109.86008
5087,annual,2024-05-31 23:00:00,99.49746
5088,annual,2024-06-01 00:00:00,102.06515
5089,annual,2024-06-01 01:00:00,101.76793
5090,annual,2024-06-01 02:00:00,94.26225
5091,annual,2024-06-01 03:00:00,97.01761
5092,annual,2024-06-01 04:00:00,91.92039
5093,annual,2024-06-01 05:00:00,93.69012
5094,annual,2024-06-01 06:00:00,106.27234
5095,annual,2024-06-01 07:00:00,99.67689
5096,annual,2024-06-01 08:00:00,100.65461
5097,annual,2024-06-01 09:00:00,91.1
5098,annual,2024-06-01 10:00:00,73.96
5099,annual,2024-06-01 11:00:00,50.0
5100,annual,2024-06-01 12:00:00,19.0
5101,annual,2024-06-01 13:00:00,9.65
5102,annual,2024-06-01 14:00:00,11.0
5103,annual,2024-06-01 15:00:00,21.0
5104,annual,2024-06-01 16:00:00,74.46
5105,annual,2024-06-01 17:00:00,88.53
5106,annual,2024-06-01 18:00:00,109.4566
5107,annual,2024-06-01 19:00:00,125.31099
5108,annual,2024-06-01 20:00:00,127.2381
5109,annual,2024-06-01 21:00:00,127.1755
5110,annual,2024-06-01 22:00:00,107.07777
5111,annual,2024-06-01 23:00:00,101.18176
5112,annual,2024-06-02 00:00:00,97.43235
5113,annual,2024-06-02 01:00:00,92.4384
5114,annual,2024-06-02 02:00:00,94.16
5115,annual,2024-06-02 03:00:00,91.69824
5116,annual,2024-06-02 04:00:00,93.52711
5117,annual,2024-06-02 05:00:00,91.67871
5118,annual,2024-06-02 06:00:00,77.33458
5119,annual,2024-06-02 07:00:00,61.85829
5120,annual,2024-06-02 08:00:00,60.11839
5121,annual,2024-06-02 09:00:00,70.06259
5122,annual,2024-06-02 10:00:00,48.95
5123,annual,2024-06-02 11:00:00,49.0
5124,annual,2024-06-02 12:00:00,38.78462
5125,annual,2024-06-02 13:00:00,30.67923
5126,annual,2024-06-02 14:00:00,41.0
5127,annual,2024-06-02 15:00:00,38.17
5128,annual,2024-06-02 16:00:00,89.0
5129,annual,2024-06-02 17:00:00,101.0
5130,annual,2024-06-02 18:00:00,110.93
5131,annual,2024-06-02 19:00:00,122.39115
5132,annual,2024-06-02 20:00:00,125.45567
5133,annual,2024-06-02 21:00:00,124.82704
5134,annual,2024-06-02 22:00:00,114.55496
5135,annual,2024-06-02 23:00:00,96.71376
5136,annual,2024-06-03 00:00:00,92.46065
5137,annual,2024-06-03 01:00:00,94.85223
5138,annual,2024-06-03 02:00:00,91.0511
5139,annual,2024-06-03 03:00:00,90.21692
5140,annual,2024-06-03 04:00:00,88.66002
5141,annual,2024-06-03 05:00:00,99.45
5142,annual,2024-06-03 06:00:00,119.57
5143,annual,2024-06-03 07:00:00,141.75
5144,annual,2024-06-03 08:00:00,143.92
5145,annual,2024-06-03 09:00:00,128.08
5146,annual,2024-06-03 10:00:00,112.38
5147,annual,2024-06-03 11:00:00,104.0
5148,annual,2024-06-03 12:00:00,89.31499
5149,annual,2024-06-03 13:00:00,88.80195
5150,annual,2024-06-03 14:00:00,93.69842
5151,annual,2024-06-03 15:00:00,100.13491
5152,annual,2024-06-03 16:00:00,107.73721
5153,annual,2024-06-03 17:00:00,107.0
5154,annual,2024-06-03 18:00:00,116.09
5155,annual,2024-06-03 19:00:00,141.9
5156,annual,2024-06-03 20:00:00,150.0
5157,annual,2024-06-03 21:00:00,148.95
5158,annual,2024-06-03 22:00:00,120.0
5159,annual,2024-06-03 23:00:00,115.0
5160,annual,2024-06-04 00:00:00,109.763
5161,annual,2024-06-04 01:00:00,104.41518
5162,annual,2024-06-04 02:00:00,101.5186
5163,annual,2024-06-04 03:00:00,98.78255
5164,annual,2024-06-04 04:00:00,100.02245
5165,annual,2024-06-04 05:00:00,107.83472
5166,annual,2024-06-04 06:00:00,120.28
5167,annual,2024-06-04 07:00:00,166.98
5168,annual,2024-06-04 08:00:00,160.2
5169,annual,2024-06-04 09:00:00,120.0
5170,annual,2024-06-04 10:00:00,109.0
5171,annual,2024-06-04 11:00:00,99.37
5172,annual,2024-06-04 12:00:00,90.11
5173,annual,2024-06-04 13:00:00,90.12
5174,annual,2024-06-04 14:00:00,95.5
5175,annual,2024-06-04 15:00:00,95.0
5176,annual,2024-06-04 16:00:00,109.15
5177,annual,2024-06-04 17:00:00,110.0
5178,annual,2024-06-04 18:00:00,120.0
5179,annual,2024-06-04 19:00:00,153.96
5180,annual,2024-06-04 20:00:00,160.96
5181,annual,2024-06-04 21:00:00,154.7
5182,annual,2024-06-04 22:00:00,120.0
5183,annual,2024-06-04 23:00:00,115.0
5184,annual,2024-06-05 00:00:00,102.28298
5185,annual,2024-06-05 01:00:00,95.17707
5186,annual,2024-06-05 02:00:00,93.33662
5187,annual,2024-06-05 03:00:00,93.47203
5188,annual,2024-06-05 04:00:00,93.31021
5189,annual,2024-06-05 05:00:00,97.72193
5190,annual,2024-06-05 06:00:00,111.0
5191,annual,2024-06-05 07:00:00,152.1
5192,annual,2024-06-05 08:00:00,136.28
5193,annual,2024-06-05 09:00:00,117.11
5194,annual,2024-06-05 10:00:00,111.2
5195,annual,2024-06-05 11:00:00,105.0
5196,annual,2024-06-05 12:00:00,89.38
5197,annual,2024-06-05 13:00:00,89.38
5198,annual,2024-06-05 14:00:00,95.9
5199,annual,2024-06-05 15:00:00,96.0
5200,annual,2024-06-05 16:00:00,100.9
5201,annual,2024-06-05 17:00:00,101.98
5202,annual,2024-06-05 18:00:00,111.0
5203,annual,2024-06-05 19:00:00,142.37
5204,annual,2024-06-05 20:00:00,155.25
5205,annual,2024-06-05 21:00:00,148.0
5206,annual,2024-06-05 22:00:00,120.5
5207,annual,2024-06-05 23:00:00,112.57
5208,annual,2024-06-06 00:00:00,110.0
5209,annual,2024-06-06 01:00:00,109.13
5210,annual,2024-06-06 02:00:00,105.0
5211,annual,2024-06-06 03:00:00,102.00679
5212,annual,2024-06-06 04:00:00,100.0
5213,annual,2024-06-06 05:00:00,105.0
5214,annual,2024-06-06 06:00:00,117.86
5215,annual,2024-06-06 07:00:00,132.20786
5216,annual,2024-06-06 08:00:00,125.19
5217,annual,2024-06-06 09:00:00,110.0
5218,annual,2024-06-06 10:00:00,104.74
5219,annual,2024-06-06 11:00:00,97.1
5220,annual,2024-06-06 12:00:00,69.0
5221,annual,2024-06-06 13:00:00,65.0
5222,annual,2024-06-06 14:00:00,75.36
5223,annual,2024-06-06 15:00:00,74.24
5224,annual,2024-06-06 16:00:00,90.59
5225,annual,2024-06-06 17:00:00,94.60895
5226,annual,2024-06-06 18:00:00,111.58102
5227,annual,2024-06-06 19:00:00,138.13
5228,annual,2024-06-06 20:00:00,143.72
5229,annual,2024-06-06 21:00:00,138.6
5230,annual,2024-06-06 22:00:00,117.72
5231,annual,2024-06-06 23:00:00,110.4
5232,annual,2024-06-07 00:00:00,103.02712
5233,annual,2024-06-07 01:00:00,99.09633
5234,annual,2024-06-07 02:00:00,93.95978
5235,annual,2024-06-07 03:00:00,92.60341
5236,annual,2024-06-07 04:00:00,92.02394
5237,annual,2024-06-07 05:00:00,96.45489
5238,annual,2024-06-07 06:00:00,109.47
5239,annual,2024-06-07 07:00:00,122.18
5240,annual,2024-06-07 08:00:00,121.47
5241,annual,2024-06-07 09:00:00,109.58
5242,annual,2024-06-07 10:00:00,104.3
5243,annual,2024-06-07 11:00:00,100.19
5244,annual,2024-06-07 12:00:00,68.52
5245,annual,2024-06-07 13:00:00,64.79
5246,annual,2024-06-07 14:00:00,90.0
5247,annual,2024-06-07 15:00:00,95.0
5248,annual,2024-06-07 16:00:00,99.26
5249,annual,2024-06-07 17:00:00,105.0
5250,annual,2024-06-07 18:00:00,113.61
5251,annual,2024-06-07 19:00:00,136.04106
5252,annual,2024-06-07 20:00:00,147.39334
5253,annual,2024-06-07 21:00:00,139.56734
5254,annual,2024-06-07 22:00:00,115.42431
5255,annual,2024-06-07 23:00:00,106.7677
5256,annual,2024-06-08 00:00:00,122.95
5257,annual,2024-06-08 01:00:00,115.74612
5258,annual,2024-06-08 02:00:00,108.85
5259,annual,2024-06-08 03:00:00,108.42
5260,annual,2024-06-08 04:00:00,104.18669
5261,annual,2024-06-08 05:00:00,106.46
5262,annual,2024-06-08 06:00:00,106.76222
5263,annual,2024-06-08 07:00:00,110.71414
5264,annual,2024-06-08 08:00:00,110.42
5265,annual,2024-06-08 09:00:00,98.0
5266,annual,2024-06-08 10:00:00,97.0
5267,annual,2024-06-08 11:00:00,93.87
5268,annual,2024-06-08 12:00:00,82.17
5269,annual,2024-06-08 13:00:00,85.1
5270,annual,2024-06-08 14:00:00,93.87
5271,annual,2024-06-08 15:00:00,97.0
5272,annual,2024-06-08 16:00:00,97.1
5273,annual,2024-06-08 17:00:00,103.64
5274,annual,2024-06-08 18:00:00,113.68498
5275,annual,2024-06-08 19:00:00,141.33551
5276,annual,2024-06-08 20:00:00,150.41108
5277,annual,2024-06-08 21:00:00,142.43884
5278,annual,2024-06-08 22:00:00,132.97449
5279,annual,2024-06-08 23:00:00,119.62144
5280,annual,2024-06-09 00:00:00,104.59
5281,annual,2024-06-09 01:00:00,104.59
5282,annual,2024-06-09 02:00:00,101.25
5283,annual,2024-06-09 03:00:00,97.17887
5284,annual,2024-06-09 04:00:00,95.52502
5285,annual,2024-06-09 05:00:00,95.76469
5286,annual,2024-06-09 06:00:00,87.45399
5287,annual,2024-06-09 07:00:00,75.2552
5288,annual,2024-06-09 08:00:00,73.0
5289,annual,2024-06-09 09:00:00,78.5
5290,annual,2024-06-09 10:00:00,78.73
5291,annual,2024-06-09 11:00:00,82.65
5292,annual,2024-06-09 12:00:00,65.5
5293,annual,2024-06-09 13:00:00,63.41
5294,annual,2024-06-09 14:00:00,72.18
5295,annual,2024-06-09 15:00:00,77.11
5296,annual,2024-06-09 16:00:00,95.79
5297,annual,2024-06-09 17:00:00,100.0
5298,annual,2024-06-09 18:00:00,103.69
5299,annual,2024-06-09 19:00:00,111.19
5300,annual,2024-06-09 20:00:00,121.13
5301,annual,2024-06-09 21:00:00,119.4
5302,annual,2024-06-09 22:00:00,110.0
5303,annual,2024-06-09 23:00:00,100.7
5304,annual,2024-06-10 00:00:00,86.11222
5305,annual,2024-06-10 01:00:00,79.36
5306,annual,2024-06-10 02:00:00,80.58
5307,annual,2024-06-10 03:00:00,77.0
5308,annual,2024-06-10 04:00:00,77.0
5309,annual,2024-06-10 05:00:00,87.37
5310,annual,2024-06-10 06:00:00,105.94172
5311,annual,2024-06-10 07:00:00,120.26
5312,annual,2024-06-10 08:00:00,123.26
5313,annual,2024-06-10 09:00:00,108.0
5314,annual,2024-06-10 10:00:00,89.9
5315,annual,2024-06-10 11:00:00,75.57705
5316,annual,2024-06-10 12:00:00,56.89
5317,annual,2024-06-10 13:00:00,45.08
5318,annual,2024-06-10 14:00:00,56.41988
5319,annual,2024-06-10 15:00:00,74.9
5320,annual,2024-06-10 16:00:00,79.0
5321,annual,2024-06-10 17:00:00,92.82
5322,annual,2024-06-10 18:00:00,104.5
5323,annual,2024-06-10 19:00:00,116.0
5324,annual,2024-06-10 20:00:00,123.26
5325,annual,2024-06-10 21:00:00,119.4
5326,annual,2024-06-10 22:00:00,106.62
5327,annual,2024-06-10 23:00:00,100.0
5328,annual,2024-06-11 00:00:00,90.85
5329,annual,2024-06-11 01:00:00,80.7
5330,annual,2024-06-11 02:00:00,78.32
5331,annual,2024-06-11 03:00:00,83.0
5332,annual,2024-06-11 04:00:00,83.05
5333,annual,2024-06-11 05:00:00,87.07
5334,annual,2024-06-11 06:00:00,105.13
5335,annual,2024-06-11 07:00:00,116.0
5336,annual,2024-06-11 08:00:00,120.34
5337,annual,2024-06-11 09:00:00,107.66
5338,annual,2024-06-11 10:00:00,99.0
5339,annual,2024-06-11 11:00:00,97.1
5340,annual,2024-06-11 12:00:00,86.89
5341,annual,2024-06-11 13:00:00,83.0
5342,annual,2024-06-11 14:00:00,95.9
5343,annual,2024-06-11 15:00:00,99.0
5344,annual,2024-06-11 16:00:00,108.19
5345,annual,2024-06-11 17:00:00,110.91
5346,annual,2024-06-11 18:00:00,116.42
5347,annual,2024-06-11 19:00:00,140.0
5348,annual,2024-06-11 20:00:00,146.0
5349,annual,2024-06-11 21:00:00,136.3
5350,annual,2024-06-11 22:00:00,110.91
5351,annual,2024-06-11 23:00:00,108.54
5352,annual,2024-06-12 00:00:00,107.73252
5353,annual,2024-06-12 01:00:00,105.30033
5354,annual,2024-06-12 02:00:00,101.56591
5355,annual,2024-06-12 03:00:00,95.95283
5356,annual,2024-06-12 04:00:00,96.0
5357,annual,2024-06-12 05:00:00,100.78122
5358,annual,2024-06-12 06:00:00,113.62756
5359,annual,2024-06-12 07:00:00,127.39
5360,annual,2024-06-12 08:00:00,131.39
5361,annual,2024-06-12 09:00:00,118.0
5362,annual,2024-06-12 10:00:00,110.55
5363,annual,2024-06-12 11:00:00,104.5
5364,annual,2024-06-12 12:00:00,85.95
5365,annual,2024-06-12 13:00:00,85.95
5366,annual,2024-06-12 14:00:00,94.99465
5367,annual,2024-06-12 15:00:00,100.0
5368,annual,2024-06-12 16:00:00,105.0
5369,annual,2024-06-12 17:00:00,110.68
5370,annual,2024-06-12 18:00:00,115.0
5371,annual,2024-06-12 19:00:00,132.18
5372,annual,2024-06-12 20:00:00,139.16
5373,annual,2024-06-12 21:00:00,130.25335
5374,annual,2024-06-12 22:00:00,111.69
5375,annual,2024-06-12 23:00:00,106.57901
5376,annual,2024-06-13 00:00:00,102.81757
5377,annual,2024-06-13 01:00:00,98.74155
5378,annual,2024-06-13 02:00:00,93.89638
5379,annual,2024-06-13 03:00:00,86.08746
5380,annual,2024-06-13 04:00:00,87.2
5381,annual,2024-06-13 05:00:00,93.24393
5382,annual,2024-06-13 06:00:00,109.77
5383,annual,2024-06-13 07:00:00,123.05584
5384,annual,2024-06-13 08:00:00,133.91
5385,annual,2024-06-13 09:00:00,112.39
5386,annual,2024-06-13 10:00:00,107.41
5387,annual,2024-06-13 11:00:00,96.52894
5388,annual,2024-06-13 12:00:00,76.43762
5389,annual,2024-06-13 13:00:00,74.03076
5390,annual,2024-06-13 14:00:00,83.87098
5391,annual,2024-06-13 15:00:00,88.18
5392,annual,2024-06-13 16:00:00,94.60291
5393,annual,2024-06-13 17:00:00,101.08928
5394,annual,2024-06-13 18:00:00,110.85
5395,annual,2024-06-13 19:00:00,129.99
5396,annual,2024-06-13 20:00:00,146.0
5397,annual,2024-06-13 21:00:00,126.7868
5398,annual,2024-06-13 22:00:00,110.62526
5399,annual,2024-06-13 23:00:00,105.11671
5400,annual,2024-06-14 00:00:00,109.08
5401,annual,2024-06-14 01:00:00,101.74241
5402,annual,2024-06-14 02:00:00,93.22154
5403,annual,2024-06-14 03:00:00,88.23544
5404,annual,2024-06-14 04:00:00,92.29037
5405,annual,2024-06-14 05:00:00,98.74775
5406,annual,2024-06-14 06:00:00,114.01
5407,annual,2024-06-14 07:00:00,132.87
5408,annual,2024-06-14 08:00:00,129.11
5409,annual,2024-06-14 09:00:00,113.51
5410,annual,2024-06-14 10:00:00,104.84
5411,annual,2024-06-14 11:00:00,94.19
5412,annual,2024-06-14 12:00:00,73.27
5413,annual,2024-06-14 13:00:00,70.52
5414,annual,2024-06-14 14:00:00,85.13
5415,annual,2024-06-14 15:00:00,95.45
5416,annual,2024-06-14 16:00:00,100.91
5417,annual,2024-06-14 17:00:00,103.45
5418,annual,2024-06-14 18:00:00,112.92
5419,annual,2024-06-14 19:00:00,137.34
5420,annual,2024-06-14 20:00:00,150.81912
5421,annual,2024-06-14 21:00:00,132.32218
5422,annual,2024-06-14 22:00:00,114.0
5423,annual,2024-06-14 23:00:00,109.08
5424,annual,2024-06-15 00:00:00,107.19531
5425,annual,2024-06-15 01:00:00,103.19905
5426,annual,2024-06-15 02:00:00,94.44946
5427,annual,2024-06-15 03:00:00,91.82245
5428,annual,2024-06-15 04:00:00,90.18927
5429,annual,2024-06-15 05:00:00,81.52
5430,annual,2024-06-15 06:00:00,87.64938
5431,annual,2024-06-15 07:00:00,100.0
5432,annual,2024-06-15 08:00:00,107.49964
5433,annual,2024-06-15 09:00:00,103.20402
5434,annual,2024-06-15 10:00:00,103.54303
5435,annual,2024-06-15 11:00:00,103.42716
5436,annual,2024-06-15 12:00:00,87.54057
5437,annual,2024-06-15 13:00:00,72.44
5438,annual,2024-06-15 14:00:00,72.06723
5439,annual,2024-06-15 15:00:00,86.08755
5440,annual,2024-06-15 16:00:00,87.52608
5441,annual,2024-06-15 17:00:00,94.46
5442,annual,2024-06-15 18:00:00,105.13202
5443,annual,2024-06-15 19:00:00,117.00303
5444,annual,2024-06-15 20:00:00,130.5076
5445,annual,2024-06-15 21:00:00,130.86037
5446,annual,2024-06-15 22:00:00,109.53951
5447,annual,2024-06-15 23:00:00,103.2203
5448,annual,2024-06-16 00:00:00,101.34994
5449,annual,2024-06-16 01:00:00,88.5012
5450,annual,2024-06-16 02:00:00,84.48237
5451,annual,2024-06-16 03:00:00,90.08432
5452,annual,2024-06-16 04:00:00,80.25529
5453,annual,2024-06-16 05:00:00,75.77036
5454,annual,2024-06-16 06:00:00,58.35
5455,annual,2024-06-16 07:00:00,83.71
5456,annual,2024-06-16 08:00:00,88.51
5457,annual,2024-06-16 09:00:00,100.0
5458,annual,2024-06-16 10:00:00,83.54
5459,annual,2024-06-16 11:00:00,80.15
5460,annual,2024-06-16 12:00:00,50.0
5461,annual,2024-06-16 13:00:00,20.0
5462,annual,2024-06-16 14:00:00,9.65
5463,annual,2024-06-16 15:00:00,10.0
5464,annual,2024-06-16 16:00:00,40.0
5465,annual,2024-06-16 17:00:00,91.46
5466,annual,2024-06-16 18:00:00,105.31
5467,annual,2024-06-16 19:00:00,110.49
5468,annual,2024-06-16 20:00:00,121.38609
5469,annual,2024-06-16 21:00:00,120.4
5470,annual,2024-06-16 22:00:00,112.51153
5471,annual,2024-06-16 23:00:00,100.31062
5472,annual,2024-06-17 00:00:00,90.33498
5473,annual,2024-06-17 01:00:00,83.11246
5474,annual,2024-06-17 02:00:00,73.03163
5475,annual,2024-06-17 03:00:00,79.69257
5476,annual,2024-06-17 04:00:00,88.56
5477,annual,2024-06-17 05:00:00,99.0
5478,annual,2024-06-17 06:00:00,115.0
5479,annual,2024-06-17 07:00:00,136.43
5480,annual,2024-06-17 08:00:00,137.31
5481,annual,2024-06-17 09:00:00,121.47
5482,annual,2024-06-17 10:00:00,111.19
5483,annual,2024-06-17 11:00:00,108.83
5484,annual,2024-06-17 12:00:00,97.1
5485,annual,2024-06-17 13:00:00,97.1
5486,annual,2024-06-17 14:00:00,111.0
5487,annual,2024-06-17 15:00:00,111.97
5488,annual,2024-06-17 16:00:00,113.82
5489,annual,2024-06-17 17:00:00,114.17
5490,annual,2024-06-17 18:00:00,126.3
5491,annual,2024-06-17 19:00:00,160.0
5492,annual,2024-06-17 20:00:00,165.0
5493,annual,2024-06-17 21:00:00,170.4
5494,annual,2024-06-17 22:00:00,136.71031
5495,annual,2024-06-17 23:00:00,115.14
5496,annual,2024-06-18 00:00:00,110.03
5497,annual,2024-06-18 01:00:00,106.45
5498,annual,2024-06-18 02:00:00,100.1
5499,annual,2024-06-18 03:00:00,100.0
5500,annual,2024-06-18 04:00:00,98.51
5501,annual,2024-06-18 05:00:00,105.75
5502,annual,2024-06-18 06:00:00,111.21
5503,annual,2024-06-18 07:00:00,123.12
5504,annual,2024-06-18 08:00:00,115.0
5505,annual,2024-06-18 09:00:00,110.03
5506,annual,2024-06-18 10:00:00,101.0
5507,annual,2024-06-18 11:00:00,96.12
5508,annual,2024-06-18 12:00:00,80.0
5509,annual,2024-06-18 13:00:00,83.7
5510,annual,2024-06-18 14:00:00,93.4
5511,annual,2024-06-18 15:00:00,100.0
5512,annual,2024-06-18 16:00:00,101.93
5513,annual,2024-06-18 17:00:00,110.03
5514,annual,2024-06-18 18:00:00,116.93
5515,annual,2024-06-18 19:00:00,141.87
5516,annual,2024-06-18 20:00:00,150.55
5517,annual,2024-06-18 21:00:00,141.87
5518,annual,2024-06-18 22:00:00,115.0
5519,annual,2024-06-18 23:00:00,110.03
5520,annual,2024-06-19 00:00:00,109.81
5521,annual,2024-06-19 01:00:00,107.53
5522,annual,2024-06-19 02:00:00,104.17
5523,annual,2024-06-19 03:00:00,100.1
5524,annual,2024-06-19 04:00:00,99.6
5525,annual,2024-06-19 05:00:00,102.5
5526,annual,2024-06-19 06:00:00,110.57
5527,annual,2024-06-19 07:00:00,113.98
5528,annual,2024-06-19 08:00:00,114.59
5529,annual,2024-06-19 09:00:00,111.82
5530,annual,2024-06-19 10:00:00,108.45
5531,annual,2024-06-19 11:00:00,100.25
5532,annual,2024-06-19 12:00:00,89.25
5533,annual,2024-06-19 13:00:00,90.0
5534,annual,2024-06-19 14:00:00,100.1
5535,annual,2024-06-19 15:00:00,108.45
5536,annual,2024-06-19 16:00:00,110.0
5537,annual,2024-06-19 17:00:00,111.85
5538,annual,2024-06-19 18:00:00,115.0
5539,annual,2024-06-19 19:00:00,147.49182
5540,annual,2024-06-19 20:00:00,149.78655
5541,annual,2024-06-19 21:00:00,138.89512
5542,annual,2024-06-19 22:00:00,114.5
5543,annual,2024-06-19 23:00:00,109.75
5544,annual,2024-06-20 00:00:00,110.0
5545,annual,2024-06-20 01:00:00,110.0
5546,annual,2024-06-20 02:00:00,108.44
5547,annual,2024-06-20 03:00:00,104.19016
5548,annual,2024-06-20 04:00:00,102.53181
5549,annual,2024-06-20 05:00:00,104.46226
5550,annual,2024-06-20 06:00:00,113.65
5551,annual,2024-06-20 07:00:00,114.0
5552,annual,2024-06-20 08:00:00,117.42
5553,annual,2024-06-20 09:00:00,123.09
5554,annual,2024-06-20 10:00:00,114.28
5555,annual,2024-06-20 11:00:00,112.38
5556,annual,2024-06-20 12:00:00,105.0
5557,annual,2024-06-20 13:00:00,106.07
5558,annual,2024-06-20 14:00:00,109.51
5559,annual,2024-06-20 15:00:00,110.53
5560,annual,2024-06-20 16:00:00,115.75
5561,annual,2024-06-20 17:00:00,117.57
5562,annual,2024-06-20 18:00:00,120.5
5563,annual,2024-06-20 19:00:00,148.0
5564,annual,2024-06-20 20:00:00,154.60725
5565,annual,2024-06-20 21:00:00,143.36689
5566,annual,2024-06-20 22:00:00,116.61264
5567,annual,2024-06-20 23:00:00,111.2
5568,annual,2024-06-21 00:00:00,109.9
5569,annual,2024-06-21 01:00:00,106.05
5570,annual,2024-06-21 02:00:00,100.93568
5571,annual,2024-06-21 03:00:00,100.1
5572,annual,2024-06-21 04:00:00,100.1
5573,annual,2024-06-21 05:00:00,101.46
5574,annual,2024-06-21 06:00:00,109.9
5575,annual,2024-06-21 07:00:00,120.0
5576,annual,2024-06-21 08:00:00,121.0
5577,annual,2024-06-21 09:00:00,125.41
5578,annual,2024-06-21 10:00:00,115.83
5579,annual,2024-06-21 11:00:00,113.2
5580,annual,2024-06-21 12:00:00,109.1
5581,annual,2024-06-21 13:00:00,109.26
5582,annual,2024-06-21 14:00:00,111.95
5583,annual,2024-06-21 15:00:00,113.95
5584,annual,2024-06-21 16:00:00,114.68
5585,annual,2024-06-21 17:00:00,117.95
5586,annual,2024-06-21 18:00:00,121.18
5587,annual,2024-06-21 19:00:00,143.05211
5588,annual,2024-06-21 20:00:00,150.08766
5589,annual,2024-06-21 21:00:00,135.31508
5590,annual,2024-06-21 22:00:00,115.01155
5591,annual,2024-06-21 23:00:00,112.0
5592,annual,2024-06-22 00:00:00,118.9276
5593,annual,2024-06-22 01:00:00,113.85
5594,annual,2024-06-22 02:00:00,108.00818
5595,annual,2024-06-22 03:00:00,105.36
5596,annual,2024-06-22 04:00:00,103.1
5597,annual,2024-06-22 05:00:00,102.5
5598,annual,2024-06-22 06:00:00,102.5
5599,annual,2024-06-22 07:00:00,105.0
5600,annual,2024-06-22 08:00:00,102.5
5601,annual,2024-06-22 09:00:00,96.08
5602,annual,2024-06-22 10:00:00,93.64
5603,annual,2024-06-22 11:00:00,87.46
5604,annual,2024-06-22 12:00:00,67.85244
5605,annual,2024-06-22 13:00:00,50.0
5606,annual,2024-06-22 14:00:00,33.0
5607,annual,2024-06-22 15:00:00,60.26341
5608,annual,2024-06-22 16:00:00,84.81809
5609,annual,2024-06-22 17:00:00,98.21
5610,annual,2024-06-22 18:00:00,117.85
5611,annual,2024-06-22 19:00:00,125.51
5612,annual,2024-06-22 20:00:00,135.98409
5613,annual,2024-06-22 21:00:00,128.17894
5614,annual,2024-06-22 22:00:00,117.21
5615,annual,2024-06-22 23:00:00,109.4
5616,annual,2024-06-23 00:00:00,110.65
5617,annual,2024-06-23 01:00:00,105.0
5618,annual,2024-06-23 02:00:00,100.1
5619,annual,2024-06-23 03:00:00,100.1
5620,annual,2024-06-23 04:00:00,97.78702
5621,annual,2024-06-23 05:00:00,94.7
5622,annual,2024-06-23 06:00:00,96.53
5623,annual,2024-06-23 07:00:00,104.59
5624,annual,2024-06-23 08:00:00,105.29
5625,annual,2024-06-23 09:00:00,108.07
5626,annual,2024-06-23 10:00:00,105.0
5627,annual,2024-06-23 11:00:00,100.1
5628,annual,2024-06-23 12:00:00,99.0
5629,annual,2024-06-23 13:00:00,80.8
5630,annual,2024-06-23 14:00:00,61.97485
5631,annual,2024-06-23 15:00:00,80.74292
5632,annual,2024-06-23 16:00:00,85.6
5633,annual,2024-06-23 17:00:00,99.0
5634,annual,2024-06-23 18:00:00,108.21
5635,annual,2024-06-23 19:00:00,119.00967
5636,annual,2024-06-23 20:00:00,132.4382
5637,annual,2024-06-23 21:00:00,133.37827
5638,annual,2024-06-23 22:00:00,124.43137
5639,annual,2024-06-23 23:00:00,102.65096
5640,annual,2024-06-24 00:00:00,98.63001
5641,annual,2024-06-24 01:00:00,94.51478
5642,annual,2024-06-24 02:00:00,92.23
5643,annual,2024-06-24 03:00:00,90.0
5644,annual,2024-06-24 04:00:00,90.0
5645,annual,2024-06-24 05:00:00,96.32945
5646,annual,2024-06-24 06:00:00,110.58194
5647,annual,2024-06-24 07:00:00,112.86
5648,annual,2024-06-24 08:00:00,124.0
5649,annual,2024-06-24 09:00:00,109.92
5650,annual,2024-06-24 10:00:00,108.0
5651,annual,2024-06-24 11:00:00,103.75
5652,annual,2024-06-24 12:00:00,93.63
5653,annual,2024-06-24 13:00:00,92.7
5654,annual,2024-06-24 14:00:00,99.82
5655,annual,2024-06-24 15:00:00,106.12
5656,annual,2024-06-24 16:00:00,108.06
5657,annual,2024-06-24 17:00:00,108.33
5658,annual,2024-06-24 18:00:00,112.29
5659,annual,2024-06-24 19:00:00,130.0
5660,annual,2024-06-24 20:00:00,135.46157
5661,annual,2024-06-24 21:00:00,128.92641
5662,annual,2024-06-24 22:00:00,113.7
5663,annual,2024-06-24 23:00:00,108.93
5664,annual,2024-06-25 00:00:00,104.88062
5665,annual,2024-06-25 01:00:00,101.40834
5666,annual,2024-06-25 02:00:00,98.28092
5667,annual,2024-06-25 03:00:00,99.05571
5668,annual,2024-06-25 04:00:00,98.58507
5669,annual,2024-06-25 05:00:00,101.1
5670,annual,2024-06-25 06:00:00,114.8
5671,annual,2024-06-25 07:00:00,134.94
5672,annual,2024-06-25 08:00:00,144.92
5673,annual,2024-06-25 09:00:00,133.31
5674,annual,2024-06-25 10:00:00,119.22
5675,annual,2024-06-25 11:00:00,114.0
5676,annual,2024-06-25 12:00:00,101.29
5677,annual,2024-06-25 13:00:00,100.2
5678,annual,2024-06-25 14:00:00,108.96
5679,annual,2024-06-25 15:00:00,110.27752
5680,annual,2024-06-25 16:00:00,112.5
5681,annual,2024-06-25 17:00:00,113.63
5682,annual,2024-06-25 18:00:00,114.85
5683,annual,2024-06-25 19:00:00,133.24
5684,annual,2024-06-25 20:00:00,136.69128
5685,annual,2024-06-25 21:00:00,122.72318
5686,annual,2024-06-25 22:00:00,110.09177
5687,annual,2024-06-25 23:00:00,107.38
5688,annual,2024-06-26 00:00:00,108.0
5689,annual,2024-06-26 01:00:00,101.25
5690,annual,2024-06-26 02:00:00,99.47099
5691,annual,2024-06-26 03:00:00,98.05217
5692,annual,2024-06-26 04:00:00,96.21
5693,annual,2024-06-26 05:00:00,101.80096
5694,annual,2024-06-26 06:00:00,109.88698
5695,annual,2024-06-26 07:00:00,130.0
5696,annual,2024-06-26 08:00:00,131.62
5697,annual,2024-06-26 09:00:00,119.8
5698,annual,2024-06-26 10:00:00,109.54
5699,annual,2024-06-26 11:00:00,105.0
5700,annual,2024-06-26 12:00:00,90.54
5701,annual,2024-06-26 13:00:00,90.9
5702,annual,2024-06-26 14:00:00,92.4
5703,annual,2024-06-26 15:00:00,92.99903
5704,annual,2024-06-26 16:00:00,104.0
5705,annual,2024-06-26 17:00:00,108.59
5706,annual,2024-06-26 18:00:00,114.98
5707,annual,2024-06-26 19:00:00,144.45033
5708,annual,2024-06-26 20:00:00,155.2781
5709,annual,2024-06-26 21:00:00,137.18
5710,annual,2024-06-26 22:00:00,118.98
5711,annual,2024-06-26 23:00:00,110.0
5712,annual,2024-06-27 00:00:00,100.21658
5713,annual,2024-06-27 01:00:00,94.10185
5714,annual,2024-06-27 02:00:00,90.9108
5715,annual,2024-06-27 03:00:00,89.88993
5716,annual,2024-06-27 04:00:00,86.9376
5717,annual,2024-06-27 05:00:00,91.51039
5718,annual,2024-06-27 06:00:00,108.07048
5719,annual,2024-06-27 07:00:00,123.06661
5720,annual,2024-06-27 08:00:00,115.0
5721,annual,2024-06-27 09:00:00,109.0
5722,annual,2024-06-27 10:00:00,100.1
5723,annual,2024-06-27 11:00:00,89.9
5724,annual,2024-06-27 12:00:00,80.0
5725,annual,2024-06-27 13:00:00,82.49315
5726,annual,2024-06-27 14:00:00,88.49
5727,annual,2024-06-27 15:00:00,91.06
5728,annual,2024-06-27 16:00:00,100.1
5729,annual,2024-06-27 17:00:00,103.35548
5730,annual,2024-06-27 18:00:00,110.23459
5731,annual,2024-06-27 19:00:00,136.30853
5732,annual,2024-06-27 20:00:00,143.95447
5733,annual,2024-06-27 21:00:00,136.83814
5734,annual,2024-06-27 22:00:00,114.37497
5735,annual,2024-06-27 23:00:00,108.1771
5736,annual,2024-06-28 00:00:00,104.61592
5737,annual,2024-06-28 01:00:00,104.08901
5738,annual,2024-06-28 02:00:00,98.56
5739,annual,2024-06-28 03:00:00,101.57929
5740,annual,2024-06-28 04:00:00,103.00116
5741,annual,2024-06-28 05:00:00,107.14
5742,annual,2024-06-28 06:00:00,114.52
5743,annual,2024-06-28 07:00:00,123.48
5744,annual,2024-06-28 08:00:00,122.1
5745,annual,2024-06-28 09:00:00,111.0
5746,annual,2024-06-28 10:00:00,107.33
5747,annual,2024-06-28 11:00:00,102.0
5748,annual,2024-06-28 12:00:00,90.81
5749,annual,2024-06-28 13:00:00,86.46
5750,annual,2024-06-28 14:00:00,90.81
5751,annual,2024-06-28 15:00:00,99.32
5752,annual,2024-06-28 16:00:00,106.09
5753,annual,2024-06-28 17:00:00,109.71
5754,annual,2024-06-28 18:00:00,110.0
5755,annual,2024-06-28 19:00:00,138.56
5756,annual,2024-06-28 20:00:00,143.0
5757,annual,2024-06-28 21:00:00,130.70499
5758,annual,2024-06-28 22:00:00,115.0
5759,annual,2024-06-28 23:00:00,108.55
5760,annual,2024-06-29 00:00:00,108.62905
5761,annual,2024-06-29 01:00:00,105.94869
5762,annual,2024-06-29 02:00:00,102.19503
5763,annual,2024-06-29 03:00:00,101.4284
5764,annual,2024-06-29 04:00:00,99.35996
5765,annual,2024-06-29 05:00:00,95.56933
5766,annual,2024-06-29 06:00:00,98.61785
5767,annual,2024-06-29 07:00:00,99.82735
5768,annual,2024-06-29 08:00:00,96.87216
5769,annual,2024-06-29 09:00:00,90.43
5770,annual,2024-06-29 10:00:00,97.63
5771,annual,2024-06-29 11:00:00,83.0
5772,annual,2024-06-29 12:00:00,70.0
5773,annual,2024-06-29 13:00:00,40.0
5774,annual,2024-06-29 14:00:00,20.0
5775,annual,2024-06-29 15:00:00,39.7846
5776,annual,2024-06-29 16:00:00,55.0175
5777,annual,2024-06-29 17:00:00,90.66935
5778,annual,2024-06-29 18:00:00,107.90275
5779,annual,2024-06-29 19:00:00,139.70165
5780,annual,2024-06-29 20:00:00,145.94135
5781,annual,2024-06-29 21:00:00,132.97316
5782,annual,2024-06-29 22:00:00,115.88689
5783,annual,2024-06-29 23:00:00,104.5184
5784,annual,2024-06-30 00:00:00,97.9244
5785,annual,2024-06-30 01:00:00,83.84248
5786,annual,2024-06-30 02:00:00,81.15815
5787,annual,2024-06-30 03:00:00,79.12955
5788,annual,2024-06-30 04:00:00,74.16365
5789,annual,2024-06-30 05:00:00,64.34286
5790,annual,2024-06-30 06:00:00,59.86106
5791,annual,2024-06-30 07:00:00,79.5
5792,annual,2024-06-30 08:00:00,79.5
5793,annual,2024-06-30 09:00:00,79.5
5794,annual,2024-06-30 10:00:00,79.5
5795,annual,2024-06-30 11:00:00,47.54
5796,annual,2024-06-30 12:00:00,12.83
5797,annual,2024-06-30 13:00:00,9.65
5798,annual,2024-06-30 14:00:00,9.65
5799,annual,2024-06-30 15:00:00,10.0
5800,annual,2024-06-30 16:00:00,43.48
5801,annual,2024-06-30 17:00:00,82.99
5802,annual,2024-06-30 18:00:00,102.03
5803,annual,2024-06-30 19:00:00,121.03
5804,annual,2024-06-30 20:00:00,140.64
5805,annual,2024-06-30 21:00:00,129.5
5806,annual,2024-06-30 22:00:00,109.08
5807,annual,2024-06-30 23:00:00,102.09317
5808,annual,2024-07-01 00:00:00,94.91227
5809,annual,2024-07-01 01:00:00,86.79579
5810,annual,2024-07-01 02:00:00,84.91796
5811,annual,2024-07-01 03:00:00,86.77125
5812,annual,2024-07-01 04:00:00,87.92546
5813,annual,2024-07-01 05:00:00,92.97878
5814,annual,2024-07-01 06:00:00,107.72326
5815,annual,2024-07-01 07:00:00,130.75
5816,annual,2024-07-01 08:00:00,146.0
5817,annual,2024-07-01 09:00:00,127.45
5818,annual,2024-07-01 10:00:00,110.32
5819,annual,2024-07-01 11:00:00,106.91
5820,annual,2024-07-01 12:00:00,104.46
5821,annual,2024-07-01 13:00:00,103.13
5822,annual,2024-07-01 14:00:00,102.0
5823,annual,2024-07-01 15:00:00,111.91
5824,annual,2024-07-01 16:00:00,114.32
5825,annual,2024-07-01 17:00:00,118.64
5826,annual,2024-07-01 18:00:00,124.11
5827,annual,2024-07-01 19:00:00,147.72385
5828,annual,2024-07-01 20:00:00,154.6476
5829,annual,2024-07-01 21:00:00,141.26381
5830,annual,2024-07-01 22:00:00,122.90783
5831,annual,2024-07-01 23:00:00,108.78668
5832,annual,2024-07-02 00:00:00,103.7815
5833,annual,2024-07-02 01:00:00,101.1345
5834,annual,2024-07-02 02:00:00,93.86417
5835,annual,2024-07-02 03:00:00,91.96882
5836,annual,2024-07-02 04:00:00,91.85678
5837,annual,2024-07-02 05:00:00,96.21
5838,annual,2024-07-02 06:00:00,106.61062
5839,annual,2024-07-02 07:00:00,111.33
5840,annual,2024-07-02 08:00:00,120.0
5841,annual,2024-07-02 09:00:00,107.13
5842,annual,2024-07-02 10:00:00,99.41931
5843,annual,2024-07-02 11:00:00,94.63449
5844,annual,2024-07-02 12:00:00,88.08625
5845,annual,2024-07-02 13:00:00,87.60513
5846,annual,2024-07-02 14:00:00,87.68083
5847,annual,2024-07-02 15:00:00,95.72035
5848,annual,2024-07-02 16:00:00,100.34701
5849,annual,2024-07-02 17:00:00,102.24351
5850,annual,2024-07-02 18:00:00,107.81
5851,annual,2024-07-02 19:00:00,130.14562
5852,annual,2024-07-02 20:00:00,144.08
5853,annual,2024-07-02 21:00:00,120.19087
5854,annual,2024-07-02 22:00:00,109.45
5855,annual,2024-07-02 23:00:00,106.91
5856,annual,2024-07-03 00:00:00,100.1
5857,annual,2024-07-03 01:00:00,97.46
5858,annual,2024-07-03 02:00:00,89.7
5859,annual,2024-07-03 03:00:00,89.4
5860,annual,2024-07-03 04:00:00,90.5
5861,annual,2024-07-03 05:00:00,95.46
5862,annual,2024-07-03 06:00:00,110.43
5863,annual,2024-07-03 07:00:00,121.28875
5864,annual,2024-07-03 08:00:00,133.54
5865,annual,2024-07-03 09:00:00,120.66
5866,annual,2024-07-03 10:00:00,111.25394
5867,annual,2024-07-03 11:00:00,103.67185
5868,annual,2024-07-03 12:00:00,96.57912
5869,annual,2024-07-03 13:00:00,95.41042
5870,annual,2024-07-03 14:00:00,97.47142
5871,annual,2024-07-03 15:00:00,102.11236
5872,annual,2024-07-03 16:00:00,103.23919
5873,annual,2024-07-03 17:00:00,103.48877
5874,annual,2024-07-03 18:00:00,109.21
5875,annual,2024-07-03 19:00:00,135.16
5876,annual,2024-07-03 20:00:00,144.44
5877,annual,2024-07-03 21:00:00,122.603
5878,annual,2024-07-03 22:00:00,107.07419
5879,annual,2024-07-03 23:00:00,106.49673
5880,annual,2024-07-04 00:00:00,109.3
5881,annual,2024-07-04 01:00:00,104.0
5882,annual,2024-07-04 02:00:00,99.04658
5883,annual,2024-07-04 03:00:00,100.0
5884,annual,2024-07-04 04:00:00,99.04927
5885,annual,2024-07-04 05:00:00,100.71
5886,annual,2024-07-04 06:00:00,113.94
5887,annual,2024-07-04 07:00:00,137.07
5888,annual,2024-07-04 08:00:00,139.25
5889,annual,2024-07-04 09:00:00,119.18
5890,annual,2024-07-04 10:00:00,100.79
5891,annual,2024-07-04 11:00:00,96.59829
5892,annual,2024-07-04 12:00:00,88.11194
5893,annual,2024-07-04 13:00:00,89.08529
5894,annual,2024-07-04 14:00:00,94.98749
5895,annual,2024-07-04 15:00:00,97.7961
5896,annual,2024-07-04 16:00:00,97.78977
5897,annual,2024-07-04 17:00:00,101.59
5898,annual,2024-07-04 18:00:00,107.34312
5899,annual,2024-07-04 19:00:00,131.703
5900,annual,2024-07-04 20:00:00,147.16478
5901,annual,2024-07-04 21:00:00,125.17399
5902,annual,2024-07-04 22:00:00,105.04793
5903,annual,2024-07-04 23:00:00,102.65592
5904,annual,2024-07-05 00:00:00,105.41751
5905,annual,2024-07-05 01:00:00,94.42411
5906,annual,2024-07-05 02:00:00,92.75289
5907,annual,2024-07-05 03:00:00,90.73675
5908,annual,2024-07-05 04:00:00,90.74366
5909,annual,2024-07-05 05:00:00,94.46556
5910,annual,2024-07-05 06:00:00,101.50307
5911,annual,2024-07-05 07:00:00,113.84
5912,annual,2024-07-05 08:00:00,123.74
5913,annual,2024-07-05 09:00:00,102.51
5914,annual,2024-07-05 10:00:00,97.43
5915,annual,2024-07-05 11:00:00,94.64
5916,annual,2024-07-05 12:00:00,84.0
5917,annual,2024-07-05 13:00:00,82.1
5918,annual,2024-07-05 14:00:00,86.38
5919,annual,2024-07-05 15:00:00,92.08
5920,annual,2024-07-05 16:00:00,96.54
5921,annual,2024-07-05 17:00:00,97.13056
5922,annual,2024-07-05 18:00:00,105.65163
5923,annual,2024-07-05 19:00:00,132.0771
5924,annual,2024-07-05 20:00:00,146.0
5925,annual,2024-07-05 21:00:00,128.86462
5926,annual,2024-07-05 22:00:00,112.06
5927,annual,2024-07-05 23:00:00,104.23884
5928,annual,2024-07-06 00:00:00,111.62583
5929,annual,2024-07-06 01:00:00,107.93187
5930,annual,2024-07-06 02:00:00,102.0
5931,annual,2024-07-06 03:00:00,100.32188
5932,annual,2024-07-06 04:00:00,98.24045
5933,annual,2024-07-06 05:00:00,96.25831
5934,annual,2024-07-06 06:00:00,97.27994
5935,annual,2024-07-06 07:00:00,97.45967
5936,annual,2024-07-06 08:00:00,98.0757
5937,annual,2024-07-06 09:00:00,90.86689
5938,annual,2024-07-06 10:00:00,90.72222
5939,annual,2024-07-06 11:00:00,93.33
5940,annual,2024-07-06 12:00:00,90.0
5941,annual,2024-07-06 13:00:00,80.0
5942,annual,2024-07-06 14:00:00,90.0
5943,annual,2024-07-06 15:00:00,90.5
5944,annual,2024-07-06 16:00:00,99.05
5945,annual,2024-07-06 17:00:00,99.05
5946,annual,2024-07-06 18:00:00,102.17384
5947,annual,2024-07-06 19:00:00,112.90605
5948,annual,2024-07-06 20:00:00,116.80083
5949,annual,2024-07-06 21:00:00,113.48044
5950,annual,2024-07-06 22:00:00,103.73936
5951,annual,2024-07-06 23:00:00,100.07461
5952,annual,2024-07-07 00:00:00,104.27223
5953,annual,2024-07-07 01:00:00,100.77709
5954,annual,2024-07-07 02:00:00,99.00891
5955,annual,2024-07-07 03:00:00,100.80845
5956,annual,2024-07-07 04:00:00,101.97821
5957,annual,2024-07-07 05:00:00,98.11009
5958,annual,2024-07-07 06:00:00,97.73277
5959,annual,2024-07-07 07:00:00,96.4
5960,annual,2024-07-07 08:00:00,97.0
5961,annual,2024-07-07 09:00:00,97.0
5962,annual,2024-07-07 10:00:00,95.12
5963,annual,2024-07-07 11:00:00,95.85
5964,annual,2024-07-07 12:00:00,97.23
5965,annual,2024-07-07 13:00:00,91.5
5966,annual,2024-07-07 14:00:00,81.17
5967,annual,2024-07-07 15:00:00,89.29
5968,annual,2024-07-07 16:00:00,97.42
5969,annual,2024-07-07 17:00:00,98.08
5970,annual,2024-07-07 18:00:00,104.16286
5971,annual,2024-07-07 19:00:00,126.92064
5972,annual,2024-07-07 20:00:00,142.11981
5973,annual,2024-07-07 21:00:00,128.99976
5974,annual,2024-07-07 22:00:00,117.12665
5975,annual,2024-07-07 23:00:00,104.47
5976,annual,2024-07-08 00:00:00,99.04066
5977,annual,2024-07-08 01:00:00,93.91424
5978,annual,2024-07-08 02:00:00,90.94035
5979,annual,2024-07-08 03:00:00,89.28209
5980,annual,2024-07-08 04:00:00,88.60036
5981,annual,2024-07-08 05:00:00,96.31
5982,annual,2024-07-08 06:00:00,113.01384
5983,annual,2024-07-08 07:00:00,128.321
5984,annual,2024-07-08 08:00:00,130.0
5985,annual,2024-07-08 09:00:00,115.04
5986,annual,2024-07-08 10:00:00,106.4
5987,annual,2024-07-08 11:00:00,101.08
5988,annual,2024-07-08 12:00:00,94.63
5989,annual,2024-07-08 13:00:00,89.46
5990,annual,2024-07-08 14:00:00,98.0
5991,annual,2024-07-08 15:00:00,98.0
5992,annual,2024-07-08 16:00:00,101.72085
5993,annual,2024-07-08 17:00:00,104.86107
5994,annual,2024-07-08 18:00:00,111.95788
5995,annual,2024-07-08 19:00:00,130.95
5996,annual,2024-07-08 20:00:00,140.68882
5997,annual,2024-07-08 21:00:00,134.0
5998,annual,2024-07-08 22:00:00,114.56111
5999,annual,2024-07-08 23:00:00,105.59173
6000,annual,2024-07-09 00:00:00,108.40971
6001,annual,2024-07-09 01:00:00,107.01
6002,annual,2024-07-09 02:00:00,103.3244
6003,annual,2024-07-09 03:00:00,105.0
6004,annual,2024-07-09 04:00:00,101.83854
6005,annual,2024-07-09 05:00:00,102.4
6006,annual,2024-07-09 06:00:00,108.43
6007,annual,2024-07-09 07:00:00,124.44
6008,annual,2024-07-09 08:00:00,125.96
6009,annual,2024-07-09 09:00:00,116.22
6010,annual,2024-07-09 10:00:00,107.5
6011,annual,2024-07-09 11:00:00,105.0
6012,annual,2024-07-09 12:00:00,97.37
6013,annual,2024-07-09 13:00:00,95.0
6014,annual,2024-07-09 14:00:00,104.2
6015,annual,2024-07-09 15:00:00,105.38
6016,annual,2024-07-09 16:00:00,109.48
6017,annual,2024-07-09 17:00:00,115.48
6018,annual,2024-07-09 18:00:00,125.57113
6019,annual,2024-07-09 19:00:00,156.35881
6020,annual,2024-07-09 20:00:00,158.76441
6021,annual,2024-07-09 21:00:00,144.61196
6022,annual,2024-07-09 22:00:00,114.92031
6023,annual,2024-07-09 23:00:00,109.01
6024,annual,2024-07-10 00:00:00,109.22757
6025,annual,2024-07-10 01:00:00,106.9
6026,annual,2024-07-10 02:00:00,105.0
6027,annual,2024-07-10 03:00:00,101.5
6028,annual,2024-07-10 04:00:00,100.1
6029,annual,2024-07-10 05:00:00,100.0
6030,annual,2024-07-10 06:00:00,103.5
6031,annual,2024-07-10 07:00:00,116.84
6032,annual,2024-07-10 08:00:00,124.02
6033,annual,2024-07-10 09:00:00,108.54
6034,annual,2024-07-10 10:00:00,101.5
6035,annual,2024-07-10 11:00:00,100.35
6036,annual,2024-07-10 12:00:00,99.02
6037,annual,2024-07-10 13:00:00,100.0
6038,annual,2024-07-10 14:00:00,101.5
6039,annual,2024-07-10 15:00:00,107.18
6040,annual,2024-07-10 16:00:00,109.65
6041,annual,2024-07-10 17:00:00,110.71
6042,annual,2024-07-10 18:00:00,139.6
6043,annual,2024-07-10 19:00:00,169.89936
6044,annual,2024-07-10 20:00:00,164.75849
6045,annual,2024-07-10 21:00:00,157.47266
6046,annual,2024-07-10 22:00:00,130.0
6047,annual,2024-07-10 23:00:00,110.84905
6048,annual,2024-07-11 00:00:00,112.65657
6049,annual,2024-07-11 01:00:00,105.19476
6050,annual,2024-07-11 02:00:00,103.9
6051,annual,2024-07-11 03:00:00,104.06
6052,annual,2024-07-11 04:00:00,103.65
6053,annual,2024-07-11 05:00:00,104.06
6054,annual,2024-07-11 06:00:00,112.65
6055,annual,2024-07-11 07:00:00,113.91912
6056,annual,2024-07-11 08:00:00,115.12
6057,annual,2024-07-11 09:00:00,111.27
6058,annual,2024-07-11 10:00:00,105.0
6059,annual,2024-07-11 11:00:00,103.44
6060,annual,2024-07-11 12:00:00,101.44
6061,annual,2024-07-11 13:00:00,103.9
6062,annual,2024-07-11 14:00:00,105.44
6063,annual,2024-07-11 15:00:00,105.0
6064,annual,2024-07-11 16:00:00,114.3
6065,annual,2024-07-11 17:00:00,114.38
6066,annual,2024-07-11 18:00:00,137.8
6067,annual,2024-07-11 19:00:00,175.46524
6068,annual,2024-07-11 20:00:00,183.72534
6069,annual,2024-07-11 21:00:00,165.0
6070,annual,2024-07-11 22:00:00,130.0513
6071,annual,2024-07-11 23:00:00,114.71962
6072,annual,2024-07-12 00:00:00,110.01193
6073,annual,2024-07-12 01:00:00,104.3519
6074,annual,2024-07-12 02:00:00,100.90616
6075,annual,2024-07-12 03:00:00,100.7751
6076,annual,2024-07-12 04:00:00,99.9459
6077,annual,2024-07-12 05:00:00,100.95738
6078,annual,2024-07-12 06:00:00,103.41811
6079,annual,2024-07-12 07:00:00,122.74
6080,annual,2024-07-12 08:00:00,116.6
6081,annual,2024-07-12 09:00:00,113.28
6082,annual,2024-07-12 10:00:00,105.0
6083,annual,2024-07-12 11:00:00,103.74
6084,annual,2024-07-12 12:00:00,100.5
6085,annual,2024-07-12 13:00:00,100.1
6086,annual,2024-07-12 14:00:00,100.1
6087,annual,2024-07-12 15:00:00,103.0
6088,annual,2024-07-12 16:00:00,104.53
6089,annual,2024-07-12 17:00:00,107.11076
6090,annual,2024-07-12 18:00:00,120.02009
6091,annual,2024-07-12 19:00:00,156.18066
6092,annual,2024-07-12 20:00:00,156.84079
6093,annual,2024-07-12 21:00:00,148.19
6094,annual,2024-07-12 22:00:00,122.71182
6095,annual,2024-07-12 23:00:00,108.86205
6096,annual,2024-07-13 00:00:00,134.69285
6097,annual,2024-07-13 01:00:00,116.12772
6098,annual,2024-07-13 02:00:00,104.25305
6099,annual,2024-07-13 03:00:00,102.14604
6100,annual,2024-07-13 04:00:00,100.03704
6101,annual,2024-07-13 05:00:00,100.0
6102,annual,2024-07-13 06:00:00,100.15802
6103,annual,2024-07-13 07:00:00,100.22216
6104,annual,2024-07-13 08:00:00,97.53
6105,annual,2024-07-13 09:00:00,99.76118
6106,annual,2024-07-13 10:00:00,94.63761
6107,annual,2024-07-13 11:00:00,92.16888
6108,annual,2024-07-13 12:00:00,74.68674
6109,annual,2024-07-13 13:00:00,86.69312
6110,annual,2024-07-13 14:00:00,93.89205
6111,annual,2024-07-13 15:00:00,93.0
6112,annual,2024-07-13 16:00:00,95.16
6113,annual,2024-07-13 17:00:00,99.51179
6114,annual,2024-07-13 18:00:00,115.30524
6115,annual,2024-07-13 19:00:00,153.39025
6116,annual,2024-07-13 20:00:00,158.21655
6117,annual,2024-07-13 21:00:00,152.27311
6118,annual,2024-07-13 22:00:00,142.58086
6119,annual,2024-07-13 23:00:00,122.41472
6120,annual,2024-07-14 00:00:00,119.21439
6121,annual,2024-07-14 01:00:00,115.44378
6122,annual,2024-07-14 02:00:00,98.21346
6123,annual,2024-07-14 03:00:00,92.17657
6124,annual,2024-07-14 04:00:00,90.23439
6125,annual,2024-07-14 05:00:00,90.16389
6126,annual,2024-07-14 06:00:00,90.14641
6127,annual,2024-07-14 07:00:00,95.47108
6128,annual,2024-07-14 08:00:00,98.0
6129,annual,2024-07-14 09:00:00,96.0
6130,annual,2024-07-14 10:00:00,100.0
6131,annual,2024-07-14 11:00:00,98.83
6132,annual,2024-07-14 12:00:00,100.0
6133,annual,2024-07-14 13:00:00,100.0
6134,annual,2024-07-14 14:00:00,100.0
6135,annual,2024-07-14 15:00:00,100.1
6136,annual,2024-07-14 16:00:00,97.0
6137,annual,2024-07-14 17:00:00,100.1
6138,annual,2024-07-14 18:00:00,114.61699
6139,annual,2024-07-14 19:00:00,148.60205
6140,annual,2024-07-14 20:00:00,170.37656
6141,annual,2024-07-14 21:00:00,172.16849
6142,annual,2024-07-14 22:00:00,150.19185
6143,annual,2024-07-14 23:00:00,127.50356
6144,annual,2024-07-15 00:00:00,121.16279
6145,annual,2024-07-15 01:00:00,110.03656
6146,annual,2024-07-15 02:00:00,100.93
6147,annual,2024-07-15 03:00:00,90.68578
6148,annual,2024-07-15 04:00:00,92.90421
6149,annual,2024-07-15 05:00:00,106.67366
6150,annual,2024-07-15 06:00:00,106.08593
6151,annual,2024-07-15 07:00:00,123.09348
6152,annual,2024-07-15 08:00:00,115.14
6153,annual,2024-07-15 09:00:00,105.83
6154,annual,2024-07-15 10:00:00,105.58
6155,annual,2024-07-15 11:00:00,104.56
6156,annual,2024-07-15 12:00:00,100.1
6157,annual,2024-07-15 13:00:00,101.0
6158,annual,2024-07-15 14:00:00,103.14
6159,annual,2024-07-15 15:00:00,104.25
6160,annual,2024-07-15 16:00:00,105.58
6161,annual,2024-07-15 17:00:00,107.45
6162,annual,2024-07-15 18:00:00,117.381
6163,annual,2024-07-15 19:00:00,164.74004
6164,annual,2024-07-15 20:00:00,173.46228
6165,annual,2024-07-15 21:00:00,164.64138
6166,annual,2024-07-15 22:00:00,143.46197
6167,annual,2024-07-15 23:00:00,123.54866
6168,annual,2024-07-16 00:00:00,111.85582
6169,annual,2024-07-16 01:00:00,105.10563
6170,annual,2024-07-16 02:00:00,100.48862
6171,annual,2024-07-16 03:00:00,100.1
6172,annual,2024-07-16 04:00:00,100.1
6173,annual,2024-07-16 05:00:00,100.1
6174,annual,2024-07-16 06:00:00,103.14
6175,annual,2024-07-16 07:00:00,104.43162
6176,annual,2024-07-16 08:00:00,105.0
6177,annual,2024-07-16 09:00:00,103.89
6178,annual,2024-07-16 10:00:00,102.0
6179,annual,2024-07-16 11:00:00,103.14
6180,annual,2024-07-16 12:00:00,100.1
6181,annual,2024-07-16 13:00:00,102.3
6182,annual,2024-07-16 14:00:00,103.33
6183,annual,2024-07-16 15:00:00,106.75
6184,annual,2024-07-16 16:00:00,108.27
6185,annual,2024-07-16 17:00:00,117.22
6186,annual,2024-07-16 18:00:00,152.44473
6187,annual,2024-07-16 19:00:00,179.42005
6188,annual,2024-07-16 20:00:00,181.81042
6189,annual,2024-07-16 21:00:00,171.52774
6190,annual,2024-07-16 22:00:00,160.0278
6191,annual,2024-07-16 23:00:00,117.24927
6192,annual,2024-07-17 00:00:00,112.28898
6193,annual,2024-07-17 01:00:00,107.0
6194,annual,2024-07-17 02:00:00,106.72
6195,annual,2024-07-17 03:00:00,107.0
6196,annual,2024-07-17 04:00:00,104.77
6197,annual,2024-07-17 05:00:00,104.0
6198,annual,2024-07-17 06:00:00,108.77
6199,annual,2024-07-17 07:00:00,109.58682
6200,annual,2024-07-17 08:00:00,111.83
6201,annual,2024-07-17 09:00:00,110.0
6202,annual,2024-07-17 10:00:00,106.99
6203,annual,2024-07-17 11:00:00,106.28
6204,annual,2024-07-17 12:00:00,101.25
6205,annual,2024-07-17 13:00:00,104.8
6206,annual,2024-07-17 14:00:00,104.8
6207,annual,2024-07-17 15:00:00,108.77
6208,annual,2024-07-17 16:00:00,114.83558
6209,annual,2024-07-17 17:00:00,131.58
6210,annual,2024-07-17 18:00:00,165.62867
6211,annual,2024-07-17 19:00:00,185.50157
6212,annual,2024-07-17 20:00:00,185.58317
6213,annual,2024-07-17 21:00:00,174.30605
6214,annual,2024-07-17 22:00:00,162.26908
6215,annual,2024-07-17 23:00:00,148.94761
6216,annual,2024-07-18 00:00:00,118.82485
6217,annual,2024-07-18 01:00:00,106.33708
6218,annual,2024-07-18 02:00:00,106.51962
6219,annual,2024-07-18 03:00:00,103.40265
6220,annual,2024-07-18 04:00:00,100.01
6221,annual,2024-07-18 05:00:00,102.71
6222,annual,2024-07-18 06:00:00,109.38
6223,annual,2024-07-18 07:00:00,113.68327
6224,annual,2024-07-18 08:00:00,113.26
6225,annual,2024-07-18 09:00:00,109.74544
6226,annual,2024-07-18 10:00:00,106.64592
6227,annual,2024-07-18 11:00:00,103.93357
6228,annual,2024-07-18 12:00:00,102.52084
6229,annual,2024-07-18 13:00:00,103.98532
6230,annual,2024-07-18 14:00:00,105.98
6231,annual,2024-07-18 15:00:00,106.13
6232,annual,2024-07-18 16:00:00,108.8209
6233,annual,2024-07-18 17:00:00,117.17857
6234,annual,2024-07-18 18:00:00,161.39514
6235,annual,2024-07-18 19:00:00,185.90435
6236,annual,2024-07-18 20:00:00,184.48981
6237,annual,2024-07-18 21:00:00,183.95487
6238,annual,2024-07-18 22:00:00,152.21579
6239,annual,2024-07-18 23:00:00,119.40847
6240,annual,2024-07-19 00:00:00,111.7316
6241,annual,2024-07-19 01:00:00,105.34432
6242,annual,2024-07-19 02:00:00,100.442
6243,annual,2024-07-19 03:00:00,101.34205
6244,annual,2024-07-19 04:00:00,101.27841
6245,annual,2024-07-19 05:00:00,101.08338
6246,annual,2024-07-19 06:00:00,109.28
6247,annual,2024-07-19 07:00:00,108.67365
6248,annual,2024-07-19 08:00:00,110.32555
6249,annual,2024-07-19 09:00:00,109.312
6250,annual,2024-07-19 10:00:00,103.7
6251,annual,2024-07-19 11:00:00,101.20413
6252,annual,2024-07-19 12:00:00,102.31621
6253,annual,2024-07-19 13:00:00,106.85127
6254,annual,2024-07-19 14:00:00,107.5069
6255,annual,2024-07-19 15:00:00,108.85763
6256,annual,2024-07-19 16:00:00,119.28
6257,annual,2024-07-19 17:00:00,119.99
6258,annual,2024-07-19 18:00:00,137.54938
6259,annual,2024-07-19 19:00:00,174.03296
6260,annual,2024-07-19 20:00:00,177.03487
6261,annual,2024-07-19 21:00:00,166.35685
6262,annual,2024-07-19 22:00:00,135.58802
6263,annual,2024-07-19 23:00:00,116.33389
6264,annual,2024-07-20 00:00:00,116.57061
6265,annual,2024-07-20 01:00:00,115.34
6266,annual,2024-07-20 02:00:00,105.90604
6267,annual,2024-07-20 03:00:00,104.77466
6268,annual,2024-07-20 04:00:00,103.23707
6269,annual,2024-07-20 05:00:00,102.65217
6270,annual,2024-07-20 06:00:00,101.7
6271,annual,2024-07-20 07:00:00,102.34
6272,annual,2024-07-20 08:00:00,100.46326
6273,annual,2024-07-20 09:00:00,99.53821
6274,annual,2024-07-20 10:00:00,99.20799
6275,annual,2024-07-20 11:00:00,94.70045
6276,annual,2024-07-20 12:00:00,93.96
6277,annual,2024-07-20 13:00:00,91.0
6278,annual,2024-07-20 14:00:00,92.06156
6279,annual,2024-07-20 15:00:00,93.14082
6280,annual,2024-07-20 16:00:00,99.83213
6281,annual,2024-07-20 17:00:00,102.34297
6282,annual,2024-07-20 18:00:00,112.85037
6283,annual,2024-07-20 19:00:00,161.25927
6284,annual,2024-07-20 20:00:00,168.83426
6285,annual,2024-07-20 21:00:00,160.51497
6286,annual,2024-07-20 22:00:00,127.55642
6287,annual,2024-07-20 23:00:00,108.69343
6288,annual,2024-07-21 00:00:00,103.82563
6289,annual,2024-07-21 01:00:00,107.6998
6290,annual,2024-07-21 02:00:00,96.14231
6291,annual,2024-07-21 03:00:00,101.55614
6292,annual,2024-07-21 04:00:00,104.56
6293,annual,2024-07-21 05:00:00,98.8405
6294,annual,2024-07-21 06:00:00,96.71
6295,annual,2024-07-21 07:00:00,93.31911
6296,annual,2024-07-21 08:00:00,86.66
6297,annual,2024-07-21 09:00:00,92.6288
6298,annual,2024-07-21 10:00:00,74.25563
6299,annual,2024-07-21 11:00:00,65.15788
6300,annual,2024-07-21 12:00:00,81.11
6301,annual,2024-07-21 13:00:00,85.41
6302,annual,2024-07-21 14:00:00,86.54
6303,annual,2024-07-21 15:00:00,82.87
6304,annual,2024-07-21 16:00:00,85.10177
6305,annual,2024-07-21 17:00:00,90.42657
6306,annual,2024-07-21 18:00:00,98.82366
6307,annual,2024-07-21 19:00:00,113.40333
6308,annual,2024-07-21 20:00:00,135.16
6309,annual,2024-07-21 21:00:00,139.51428
6310,annual,2024-07-21 22:00:00,111.59737
6311,annual,2024-07-21 23:00:00,99.16853
6312,annual,2024-07-22 00:00:00,110.22512
6313,annual,2024-07-22 01:00:00,99.44676
6314,annual,2024-07-22 02:00:00,98.27934
6315,annual,2024-07-22 03:00:00,95.59326
6316,annual,2024-07-22 04:00:00,97.36991
6317,annual,2024-07-22 05:00:00,101.85303
6318,annual,2024-07-22 06:00:00,112.61
6319,annual,2024-07-22 07:00:00,123.8
6320,annual,2024-07-22 08:00:00,123.8
6321,annual,2024-07-22 09:00:00,120.0
6322,annual,2024-07-22 10:00:00,112.61
6323,annual,2024-07-22 11:00:00,108.04
6324,annual,2024-07-22 12:00:00,101.28832
6325,annual,2024-07-22 13:00:00,102.659
6326,annual,2024-07-22 14:00:00,105.15979
6327,annual,2024-07-22 15:00:00,107.59
6328,annual,2024-07-22 16:00:00,108.81
6329,annual,2024-07-22 17:00:00,112.61
6330,annual,2024-07-22 18:00:00,142.45
6331,annual,2024-07-22 19:00:00,161.76608
6332,annual,2024-07-22 20:00:00,168.20481
6333,annual,2024-07-22 21:00:00,149.59365
6334,annual,2024-07-22 22:00:00,111.13271
6335,annual,2024-07-22 23:00:00,105.1937
6336,annual,2024-07-23 00:00:00,105.43159
6337,annual,2024-07-23 01:00:00,103.57913
6338,annual,2024-07-23 02:00:00,100.91345
6339,annual,2024-07-23 03:00:00,100.0
6340,annual,2024-07-23 04:00:00,96.36
6341,annual,2024-07-23 05:00:00,99.04771
6342,annual,2024-07-23 06:00:00,105.0
6343,annual,2024-07-23 07:00:00,115.21047
6344,annual,2024-07-23 08:00:00,122.0602
6345,annual,2024-07-23 09:00:00,106.77
6346,annual,2024-07-23 10:00:00,100.8
6347,annual,2024-07-23 11:00:00,99.0
6348,annual,2024-07-23 12:00:00,97.79
6349,annual,2024-07-23 13:00:00,99.99
6350,annual,2024-07-23 14:00:00,103.08
6351,annual,2024-07-23 15:00:00,108.04
6352,annual,2024-07-23 16:00:00,108.04
6353,annual,2024-07-23 17:00:00,108.04
6354,annual,2024-07-23 18:00:00,131.43806
6355,annual,2024-07-23 19:00:00,158.91268
6356,annual,2024-07-23 20:00:00,178.85604
6357,annual,2024-07-23 21:00:00,160.0
6358,annual,2024-07-23 22:00:00,119.92113
6359,annual,2024-07-23 23:00:00,108.08
6360,annual,2024-07-24 00:00:00,109.58
6361,annual,2024-07-24 01:00:00,105.0
6362,annual,2024-07-24 02:00:00,103.0
6363,annual,2024-07-24 03:00:00,103.07
6364,annual,2024-07-24 04:00:00,102.84
6365,annual,2024-07-24 05:00:00,103.99
6366,annual,2024-07-24 06:00:00,110.88
6367,annual,2024-07-24 07:00:00,110.23
6368,annual,2024-07-24 08:00:00,114.5
6369,annual,2024-07-24 09:00:00,105.0
6370,annual,2024-07-24 10:00:00,102.09
6371,annual,2024-07-24 11:00:00,97.51035
6372,annual,2024-07-24 12:00:00,96.33225
6373,annual,2024-07-24 13:00:00,97.44829
6374,annual,2024-07-24 14:00:00,100.41344
6375,annual,2024-07-24 15:00:00,100.84195
6376,annual,2024-07-24 16:00:00,101.52608
6377,annual,2024-07-24 17:00:00,102.25033
6378,annual,2024-07-24 18:00:00,111.44
6379,annual,2024-07-24 19:00:00,139.79
6380,annual,2024-07-24 20:00:00,157.17639
6381,annual,2024-07-24 21:00:00,141.31577
6382,annual,2024-07-24 22:00:00,113.32512
6383,annual,2024-07-24 23:00:00,104.70852
6384,annual,2024-07-25 00:00:00,110.82057
6385,annual,2024-07-25 01:00:00,107.22338
6386,annual,2024-07-25 02:00:00,108.33895
6387,annual,2024-07-25 03:00:00,104.0
6388,annual,2024-07-25 04:00:00,101.21923
6389,annual,2024-07-25 05:00:00,103.35615
6390,annual,2024-07-25 06:00:00,109.12052
6391,annual,2024-07-25 07:00:00,119.92107
6392,annual,2024-07-25 08:00:00,122.73
6393,annual,2024-07-25 09:00:00,116.0
6394,annual,2024-07-25 10:00:00,114.65716
6395,annual,2024-07-25 11:00:00,106.68639
6396,annual,2024-07-25 12:00:00,98.0
6397,annual,2024-07-25 13:00:00,99.04424
6398,annual,2024-07-25 14:00:00,102.35854
6399,annual,2024-07-25 15:00:00,104.70748
6400,annual,2024-07-25 16:00:00,105.8472
6401,annual,2024-07-25 17:00:00,107.27316
6402,annual,2024-07-25 18:00:00,119.70292
6403,annual,2024-07-25 19:00:00,159.95265
6404,annual,2024-07-25 20:00:00,172.423
6405,annual,2024-07-25 21:00:00,160.6398
6406,annual,2024-07-25 22:00:00,118.49791
6407,annual,2024-07-25 23:00:00,111.01002
6408,annual,2024-07-26 00:00:00,113.68821
6409,annual,2024-07-26 01:00:00,111.61338
6410,annual,2024-07-26 02:00:00,106.15
6411,annual,2024-07-26 03:00:00,105.0
6412,annual,2024-07-26 04:00:00,105.0
6413,annual,2024-07-26 05:00:00,105.11
6414,annual,2024-07-26 06:00:00,110.11
6415,annual,2024-07-26 07:00:00,120.0
6416,annual,2024-07-26 08:00:00,128.46
6417,annual,2024-07-26 09:00:00,123.15
6418,annual,2024-07-26 10:00:00,114.19489
6419,annual,2024-07-26 11:00:00,112.04946
6420,annual,2024-07-26 12:00:00,103.43962
6421,annual,2024-07-26 13:00:00,105.29908
6422,annual,2024-07-26 14:00:00,110.56107
6423,annual,2024-07-26 15:00:00,108.07745
6424,annual,2024-07-26 16:00:00,105.36094
6425,annual,2024-07-26 17:00:00,107.86001
6426,annual,2024-07-26 18:00:00,128.44
6427,annual,2024-07-26 19:00:00,168.57
6428,annual,2024-07-26 20:00:00,179.07548
6429,annual,2024-07-26 21:00:00,157.4644
6430,annual,2024-07-26 22:00:00,126.89
6431,annual,2024-07-26 23:00:00,117.4781
6432,annual,2024-07-27 00:00:00,107.25268
6433,annual,2024-07-27 01:00:00,105.13071
6434,annual,2024-07-27 02:00:00,104.49123
6435,annual,2024-07-27 03:00:00,101.79705
6436,annual,2024-07-27 04:00:00,101.33471
6437,annual,2024-07-27 05:00:00,99.89704
6438,annual,2024-07-27 06:00:00,98.82571
6439,annual,2024-07-27 07:00:00,101.84412
6440,annual,2024-07-27 08:00:00,102.83
6441,annual,2024-07-27 09:00:00,100.9084
6442,annual,2024-07-27 10:00:00,97.15
6443,annual,2024-07-27 11:00:00,91.13
6444,annual,2024-07-27 12:00:00,92.34
6445,annual,2024-07-27 13:00:00,92.06
6446,annual,2024-07-27 14:00:00,85.99749
6447,annual,2024-07-27 15:00:00,92.35
6448,annual,2024-07-27 16:00:00,102.98
6449,annual,2024-07-27 17:00:00,105.0
6450,annual,2024-07-27 18:00:00,110.37469
6451,annual,2024-07-27 19:00:00,142.82024
6452,annual,2024-07-27 20:00:00,154.37611
6453,annual,2024-07-27 21:00:00,144.45413
6454,annual,2024-07-27 22:00:00,114.37218
6455,annual,2024-07-27 23:00:00,103.30929
6456,annual,2024-07-28 00:00:00,116.09454
6457,annual,2024-07-28 01:00:00,110.65
6458,annual,2024-07-28 02:00:00,109.65
6459,annual,2024-07-28 03:00:00,105.63994
6460,annual,2024-07-28 04:00:00,104.88951
6461,annual,2024-07-28 05:00:00,104.80015
6462,annual,2024-07-28 06:00:00,103.30916
6463,annual,2024-07-28 07:00:00,103.3
6464,annual,2024-07-28 08:00:00,105.9
6465,annual,2024-07-28 09:00:00,99.96438
6466,annual,2024-07-28 10:00:00,97.06
6467,annual,2024-07-28 11:00:00,100.1
6468,annual,2024-07-28 12:00:00,103.15
6469,annual,2024-07-28 13:00:00,103.15
6470,annual,2024-07-28 14:00:00,103.15
6471,annual,2024-07-28 15:00:00,100.0
6472,annual,2024-07-28 16:00:00,103.15
6473,annual,2024-07-28 17:00:00,107.0
6474,annual,2024-07-28 18:00:00,109.28
6475,annual,2024-07-28 19:00:00,132.08946
6476,annual,2024-07-28 20:00:00,150.16989
6477,annual,2024-07-28 21:00:00,149.35099
6478,annual,2024-07-28 22:00:00,128.81189
6479,annual,2024-07-28 23:00:00,107.16
6480,annual,2024-07-29 00:00:00,123.9
6481,annual,2024-07-29 01:00:00,109.65
6482,annual,2024-07-29 02:00:00,115.0
6483,annual,2024-07-29 03:00:00,110.0
6484,annual,2024-07-29 04:00:00,110.0
6485,annual,2024-07-29 05:00:00,115.0
6486,annual,2024-07-29 06:00:00,134.9541
6487,annual,2024-07-29 07:00:00,123.9
6488,annual,2024-07-29 08:00:00,134.0
6489,annual,2024-07-29 09:00:00,131.86
6490,annual,2024-07-29 10:00:00,123.9
6491,annual,2024-07-29 11:00:00,117.0
6492,annual,2024-07-29 12:00:00,107.62
6493,annual,2024-07-29 13:00:00,108.31
6494,annual,2024-07-29 14:00:00,120.0
6495,annual,2024-07-29 15:00:00,115.0
6496,annual,2024-07-29 16:00:00,115.0
6497,annual,2024-07-29 17:00:00,123.9
6498,annual,2024-07-29 18:00:00,139.43
6499,annual,2024-07-29 19:00:00,166.50898
6500,annual,2024-07-29 20:00:00,173.02
6501,annual,2024-07-29 21:00:00,159.92
6502,annual,2024-07-29 22:00:00,131.4
6503,annual,2024-07-29 23:00:00,112.2
6504,annual,2024-07-30 00:00:00,105.09009
6505,annual,2024-07-30 01:00:00,104.38
6506,annual,2024-07-30 02:00:00,98.57498
6507,annual,2024-07-30 03:00:00,95.22
6508,annual,2024-07-30 04:00:00,93.82
6509,annual,2024-07-30 05:00:00,95.0
6510,annual,2024-07-30 06:00:00,104.7
6511,annual,2024-07-30 07:00:00,105.68
6512,annual,2024-07-30 08:00:00,108.42
6513,annual,2024-07-30 09:00:00,106.68
6514,annual,2024-07-30 10:00:00,107.5
6515,annual,2024-07-30 11:00:00,107.11
6516,annual,2024-07-30 12:00:00,95.0
6517,annual,2024-07-30 13:00:00,93.66
6518,annual,2024-07-30 14:00:00,98.42
6519,annual,2024-07-30 15:00:00,95.34
6520,annual,2024-07-30 16:00:00,102.7
6521,annual,2024-07-30 17:00:00,104.97
6522,annual,2024-07-30 18:00:00,116.17572
6523,annual,2024-07-30 19:00:00,142.70792
6524,annual,2024-07-30 20:00:00,153.62067
6525,annual,2024-07-30 21:00:00,136.60073
6526,annual,2024-07-30 22:00:00,119.07108
6527,annual,2024-07-30 23:00:00,108.43972
6528,annual,2024-07-31 00:00:00,110.59
6529,annual,2024-07-31 01:00:00,108.65
6530,annual,2024-07-31 02:00:00,109.0
6531,annual,2024-07-31 03:00:00,107.76
6532,annual,2024-07-31 04:00:00,107.37
6533,annual,2024-07-31 05:00:00,105.27
6534,annual,2024-07-31 06:00:00,110.95
6535,annual,2024-07-31 07:00:00,107.95
6536,annual,2024-07-31 08:00:00,112.75
6537,annual,2024-07-31 09:00:00,109.2
6538,annual,2024-07-31 10:00:00,107.37
6539,annual,2024-07-31 11:00:00,106.48
6540,annual,2024-07-31 12:00:00,104.5
6541,annual,2024-07-31 13:00:00,105.0
6542,annual,2024-07-31 14:00:00,106.0
6543,annual,2024-07-31 15:00:00,109.49
6544,annual,2024-07-31 16:00:00,110.11
6545,annual,2024-07-31 17:00:00,111.37
6546,annual,2024-07-31 18:00:00,146.36385
6547,annual,2024-07-31 19:00:00,179.66253
6548,annual,2024-07-31 20:00:00,184.48361
6549,annual,2024-07-31 21:00:00,176.72384
6550,annual,2024-07-31 22:00:00,130.94049
6551,annual,2024-07-31 23:00:00,115.0
6552,annual,2024-08-01 00:00:00,115.2724
6553,annual,2024-08-01 01:00:00,113.75
6554,annual,2024-08-01 02:00:00,108.16
6555,annual,2024-08-01 03:00:00,105.28
6556,annual,2024-08-01 04:00:00,106.46
6557,annual,2024-08-01 05:00:00,110.0
6558,annual,2024-08-01 06:00:00,118.0
6559,annual,2024-08-01 07:00:00,113.0
6560,annual,2024-08-01 08:00:00,115.44
6561,annual,2024-08-01 09:00:00,115.37
6562,annual,2024-08-01 10:00:00,112.5
6563,annual,2024-08-01 11:00:00,112.22
6564,annual,2024-08-01 12:00:00,109.5
6565,annual,2024-08-01 13:00:00,111.87
6566,annual,2024-08-01 14:00:00,110.2
6567,annual,2024-08-01 15:00:00,113.75
6568,annual,2024-08-01 16:00:00,115.0
6569,annual,2024-08-01 17:00:00,116.2439
6570,annual,2024-08-01 18:00:00,152.03479
6571,annual,2024-08-01 19:00:00,201.80185
6572,annual,2024-08-01 20:00:00,197.0
6573,annual,2024-08-01 21:00:00,174.36059
6574,annual,2024-08-01 22:00:00,121.54068
6575,annual,2024-08-01 23:00:00,114.25736
6576,annual,2024-08-02 00:00:00,114.42
6577,annual,2024-08-02 01:00:00,113.25
6578,annual,2024-08-02 02:00:00,112.3
6579,annual,2024-08-02 03:00:00,109.3
6580,annual,2024-08-02 04:00:00,109.3
6581,annual,2024-08-02 05:00:00,112.0
6582,annual,2024-08-02 06:00:00,117.22
6583,annual,2024-08-02 07:00:00,118.70439
6584,annual,2024-08-02 08:00:00,116.0
6585,annual,2024-08-02 09:00:00,116.0
6586,annual,2024-08-02 10:00:00,111.41
6587,annual,2024-08-02 11:00:00,110.02
6588,annual,2024-08-02 12:00:00,109.81
6589,annual,2024-08-02 13:00:00,109.81
6590,annual,2024-08-02 14:00:00,109.81
6591,annual,2024-08-02 15:00:00,109.81
6592,annual,2024-08-02 16:00:00,113.34
6593,annual,2024-08-02 17:00:00,113.84165
6594,annual,2024-08-02 18:00:00,129.5
6595,annual,2024-08-02 19:00:00,176.50561
6596,annual,2024-08-02 20:00:00,184.96262
6597,annual,2024-08-02 21:00:00,149.22497
6598,annual,2024-08-02 22:00:00,117.27136
6599,annual,2024-08-02 23:00:00,113.05695
6600,annual,2024-08-03 00:00:00,117.07
6601,annual,2024-08-03 01:00:00,115.46535
6602,annual,2024-08-03 02:00:00,114.24385
6603,annual,2024-08-03 03:00:00,113.0
6604,annual,2024-08-03 04:00:00,113.46137
6605,annual,2024-08-03 05:00:00,111.33
6606,annual,2024-08-03 06:00:00,113.9
6607,annual,2024-08-03 07:00:00,114.62
6608,annual,2024-08-03 08:00:00,113.94811
6609,annual,2024-08-03 09:00:00,110.97349
6610,annual,2024-08-03 10:00:00,106.62726
6611,annual,2024-08-03 11:00:00,101.95
6612,annual,2024-08-03 12:00:00,100.96729
6613,annual,2024-08-03 13:00:00,103.75851
6614,annual,2024-08-03 14:00:00,105.0
6615,annual,2024-08-03 15:00:00,104.97939
6616,annual,2024-08-03 16:00:00,109.24812
6617,annual,2024-08-03 17:00:00,111.78921
6618,annual,2024-08-03 18:00:00,119.53374
6619,annual,2024-08-03 19:00:00,147.23199
6620,annual,2024-08-03 20:00:00,159.97463
6621,annual,2024-08-03 21:00:00,151.43394
6622,annual,2024-08-03 22:00:00,124.23297
6623,annual,2024-08-03 23:00:00,114.2157
6624,annual,2024-08-04 00:00:00,147.6904
6625,annual,2024-08-04 01:00:00,136.17114
6626,annual,2024-08-04 02:00:00,129.65
6627,annual,2024-08-04 03:00:00,134.67634
6628,annual,2024-08-04 04:00:00,134.44558
6629,annual,2024-08-04 05:00:00,130.60311
6630,annual,2024-08-04 06:00:00,123.31
6631,annual,2024-08-04 07:00:00,110.43827
6632,annual,2024-08-04 08:00:00,109.59762
6633,annual,2024-08-04 09:00:00,105.33826
6634,annual,2024-08-04 10:00:00,102.97
6635,annual,2024-08-04 11:00:00,107.54
6636,annual,2024-08-04 12:00:00,111.13
6637,annual,2024-08-04 13:00:00,114.51
6638,annual,2024-08-04 14:00:00,114.77
6639,annual,2024-08-04 15:00:00,111.13
6640,annual,2024-08-04 16:00:00,106.9278
6641,annual,2024-08-04 17:00:00,108.84874
6642,annual,2024-08-04 18:00:00,119.49739
6643,annual,2024-08-04 19:00:00,144.01218
6644,annual,2024-08-04 20:00:00,174.49821
6645,annual,2024-08-04 21:00:00,162.09067
6646,annual,2024-08-04 22:00:00,141.86707
6647,annual,2024-08-04 23:00:00,118.00286
6648,annual,2024-08-05 00:00:00,112.17557
6649,annual,2024-08-05 01:00:00,110.57294
6650,annual,2024-08-05 02:00:00,111.70209
6651,annual,2024-08-05 03:00:00,114.75
6652,annual,2024-08-05 04:00:00,112.09213
6653,annual,2024-08-05 05:00:00,114.64028
6654,annual,2024-08-05 06:00:00,114.58948
6655,annual,2024-08-05 07:00:00,124.02758
6656,annual,2024-08-05 08:00:00,118.0
6657,annual,2024-08-05 09:00:00,115.0
6658,annual,2024-08-05 10:00:00,108.08
6659,annual,2024-08-05 11:00:00,106.13
6660,annual,2024-08-05 12:00:00,101.36
6661,annual,2024-08-05 13:00:00,102.97
6662,annual,2024-08-05 14:00:00,108.69445
6663,annual,2024-08-05 15:00:00,111.80633
6664,annual,2024-08-05 16:00:00,112.80122
6665,annual,2024-08-05 17:00:00,114.16725
6666,annual,2024-08-05 18:00:00,141.57202
6667,annual,2024-08-05 19:00:00,181.38539
6668,annual,2024-08-05 20:00:00,180.22181
6669,annual,2024-08-05 21:00:00,175.38764
6670,annual,2024-08-05 22:00:00,138.01638
6671,annual,2024-08-05 23:00:00,112.84161
6672,annual,2024-08-06 00:00:00,117.86034
6673,annual,2024-08-06 01:00:00,116.36314
6674,annual,2024-08-06 02:00:00,114.63359
6675,annual,2024-08-06 03:00:00,114.02
6676,annual,2024-08-06 04:00:00,114.50949
6677,annual,2024-08-06 05:00:00,115.12881
6678,annual,2024-08-06 06:00:00,119.4138
6679,annual,2024-08-06 07:00:00,134.17603
6680,annual,2024-08-06 08:00:00,125.79
6681,annual,2024-08-06 09:00:00,117.77
6682,annual,2024-08-06 10:00:00,115.0
6683,annual,2024-08-06 11:00:00,113.52
6684,annual,2024-08-06 12:00:00,112.42768
6685,annual,2024-08-06 13:00:00,111.0
6686,annual,2024-08-06 14:00:00,115.0
6687,annual,2024-08-06 15:00:00,117.75
6688,annual,2024-08-06 16:00:00,121.0
6689,annual,2024-08-06 17:00:00,123.06393
6690,annual,2024-08-06 18:00:00,157.78556
6691,annual,2024-08-06 19:00:00,185.12261
6692,annual,2024-08-06 20:00:00,181.94492
6693,annual,2024-08-06 21:00:00,179.66003
6694,annual,2024-08-06 22:00:00,151.86575
6695,annual,2024-08-06 23:00:00,117.40849
6696,annual,2024-08-07 00:00:00,124.46453
6697,annual,2024-08-07 01:00:00,116.18354
6698,annual,2024-08-07 02:00:00,114.43999
6699,annual,2024-08-07 03:00:00,110.28309
6700,annual,2024-08-07 04:00:00,110.10031
6701,annual,2024-08-07 05:00:00,112.67409
6702,annual,2024-08-07 06:00:00,118.6374
6703,annual,2024-08-07 07:00:00,126.27211
6704,annual,2024-08-07 08:00:00,125.0
6705,annual,2024-08-07 09:00:00,120.0
6706,annual,2024-08-07 10:00:00,116.0
6707,annual,2024-08-07 11:00:00,115.09
6708,annual,2024-08-07 12:00:00,112.12
6709,annual,2024-08-07 13:00:00,111.7
6710,annual,2024-08-07 14:00:00,112.93
6711,annual,2024-08-07 15:00:00,116.0
6712,annual,2024-08-07 16:00:00,119.79
6713,annual,2024-08-07 17:00:00,124.0
6714,annual,2024-08-07 18:00:00,153.02406
6715,annual,2024-08-07 19:00:00,191.46045
6716,annual,2024-08-07 20:00:00,186.17834
6717,annual,2024-08-07 21:00:00,172.72295
6718,annual,2024-08-07 22:00:00,142.47241
6719,annual,2024-08-07 23:00:00,120.35605
6720,annual,2024-08-08 00:00:00,142.86765
6721,annual,2024-08-08 01:00:00,117.40235
6722,annual,2024-08-08 02:00:00,115.54114
6723,annual,2024-08-08 03:00:00,115.08
6724,annual,2024-08-08 04:00:00,114.91677
6725,annual,2024-08-08 05:00:00,115.3
6726,annual,2024-08-08 06:00:00,123.64
6727,annual,2024-08-08 07:00:00,126.52923
6728,annual,2024-08-08 08:00:00,122.01
6729,annual,2024-08-08 09:00:00,118.82
6730,annual,2024-08-08 10:00:00,115.64528
6731,annual,2024-08-08 11:00:00,115.3
6732,annual,2024-08-08 12:00:00,115.0
6733,annual,2024-08-08 13:00:00,115.08
6734,annual,2024-08-08 14:00:00,115.81022
6735,annual,2024-08-08 15:00:00,117.93
6736,annual,2024-08-08 16:00:00,122.01
6737,annual,2024-08-08 17:00:00,129.19192
6738,annual,2024-08-08 18:00:00,178.69954
6739,annual,2024-08-08 19:00:00,191.43713
6740,annual,2024-08-08 20:00:00,194.00393
6741,annual,2024-08-08 21:00:00,189.32736
6742,annual,2024-08-08 22:00:00,156.73691
6743,annual,2024-08-08 23:00:00,141.62273
6744,annual,2024-08-09 00:00:00,125.0
6745,annual,2024-08-09 01:00:00,120.0
6746,annual,2024-08-09 02:00:00,116.94
6747,annual,2024-08-09 03:00:00,116.94
6748,annual,2024-08-09 04:00:00,116.94
6749,annual,2024-08-09 05:00:00,117.22
6750,annual,2024-08-09 06:00:00,122.42
6751,annual,2024-08-09 07:00:00,123.42
6752,annual,2024-08-09 08:00:00,120.0
6753,annual,2024-08-09 09:00:00,118.0
6754,annual,2024-08-09 10:00:00,117.0
6755,annual,2024-08-09 11:00:00,114.11
6756,annual,2024-08-09 12:00:00,110.83
6757,annual,2024-08-09 13:00:00,112.2
6758,annual,2024-08-09 14:00:00,113.49
6759,annual,2024-08-09 15:00:00,115.69
6760,annual,2024-08-09 16:00:00,118.0
6761,annual,2024-08-09 17:00:00,120.84
6762,annual,2024-08-09 18:00:00,136.38
6763,annual,2024-08-09 19:00:00,175.1186
6764,annual,2024-08-09 20:00:00,198.81751
6765,annual,2024-08-09 21:00:00,159.18939
6766,annual,2024-08-09 22:00:00,131.61347
6767,annual,2024-08-09 23:00:00,123.98
6768,annual,2024-08-10 00:00:00,151.31103
6769,annual,2024-08-10 01:00:00,131.29844
6770,annual,2024-08-10 02:00:00,123.28
6771,annual,2024-08-10 03:00:00,125.0
6772,annual,2024-08-10 04:00:00,126.0
6773,annual,2024-08-10 05:00:00,125.47
6774,annual,2024-08-10 06:00:00,125.81
6775,annual,2024-08-10 07:00:00,121.68
6776,annual,2024-08-10 08:00:00,118.56
6777,annual,2024-08-10 09:00:00,116.77
6778,annual,2024-08-10 10:00:00,110.77
6779,annual,2024-08-10 11:00:00,106.78
6780,annual,2024-08-10 12:00:00,111.65
6781,annual,2024-08-10 13:00:00,110.64
6782,annual,2024-08-10 14:00:00,100.69
6783,annual,2024-08-10 15:00:00,112.65
6784,annual,2024-08-10 16:00:00,118.61
6785,annual,2024-08-10 17:00:00,124.0
6786,annual,2024-08-10 18:00:00,146.54
6787,annual,2024-08-10 19:00:00,174.83
6788,annual,2024-08-10 20:00:00,190.42689
6789,annual,2024-08-10 21:00:00,170.07
6790,annual,2024-08-10 22:00:00,145.54
6791,annual,2024-08-10 23:00:00,126.04
6792,annual,2024-08-11 00:00:00,150.0
6793,annual,2024-08-11 01:00:00,136.9
6794,annual,2024-08-11 02:00:00,128.0
6795,annual,2024-08-11 03:00:00,126.96
6796,annual,2024-08-11 04:00:00,125.09
6797,annual,2024-08-11 05:00:00,129.0
6798,annual,2024-08-11 06:00:00,124.5
6799,annual,2024-08-11 07:00:00,123.58
6800,annual,2024-08-11 08:00:00,121.98
6801,annual,2024-08-11 09:00:00,113.0
6802,annual,2024-08-11 10:00:00,114.0
6803,annual,2024-08-11 11:00:00,117.0
6804,annual,2024-08-11 12:00:00,120.06
6805,annual,2024-08-11 13:00:00,123.29
6806,annual,2024-08-11 14:00:00,111.49
6807,annual,2024-08-11 15:00:00,109.14
6808,annual,2024-08-11 16:00:00,114.34
6809,annual,2024-08-11 17:00:00,123.29
6810,annual,2024-08-11 18:00:00,135.16
6811,annual,2024-08-11 19:00:00,162.09
6812,annual,2024-08-11 20:00:00,178.15492
6813,annual,2024-08-11 21:00:00,170.07
6814,annual,2024-08-11 22:00:00,153.62196
6815,annual,2024-08-11 23:00:00,134.66
6816,annual,2024-08-12 00:00:00,125.48
6817,annual,2024-08-12 01:00:00,134.17
6818,annual,2024-08-12 02:00:00,128.0
6819,annual,2024-08-12 03:00:00,125.48
6820,annual,2024-08-12 04:00:00,125.48
6821,annual,2024-08-12 05:00:00,130.0
6822,annual,2024-08-12 06:00:00,146.39
6823,annual,2024-08-12 07:00:00,130.17
6824,annual,2024-08-12 08:00:00,125.62
6825,annual,2024-08-12 09:00:00,120.48495
6826,annual,2024-08-12 10:00:00,118.99701
6827,annual,2024-08-12 11:00:00,115.59323
6828,annual,2024-08-12 12:00:00,117.05418
6829,annual,2024-08-12 13:00:00,122.1432
6830,annual,2024-08-12 14:00:00,124.87232
6831,annual,2024-08-12 15:00:00,125.12
6832,annual,2024-08-12 16:00:00,125.48
6833,annual,2024-08-12 17:00:00,130.7
6834,annual,2024-08-12 18:00:00,153.5255
6835,annual,2024-08-12 19:00:00,192.60557
6836,annual,2024-08-12 20:00:00,198.81468
6837,annual,2024-08-12 21:00:00,171.98758
6838,annual,2024-08-12 22:00:00,149.96421
6839,annual,2024-08-12 23:00:00,132.63481
6840,annual,2024-08-13 00:00:00,121.63837
6841,annual,2024-08-13 01:00:00,119.89169
6842,annual,2024-08-13 02:00:00,119.99
6843,annual,2024-08-13 03:00:00,119.5
6844,annual,2024-08-13 04:00:00,118.08
6845,annual,2024-08-13 05:00:00,121.0
6846,annual,2024-08-13 06:00:00,121.45381
6847,annual,2024-08-13 07:00:00,124.0
6848,annual,2024-08-13 08:00:00,117.89486
6849,annual,2024-08-13 09:00:00,117.78
6850,annual,2024-08-13 10:00:00,115.77222
6851,annual,2024-08-13 11:00:00,113.76648
6852,annual,2024-08-13 12:00:00,115.05452
6853,annual,2024-08-13 13:00:00,114.70554
6854,annual,2024-08-13 14:00:00,115.77351
6855,annual,2024-08-13 15:00:00,119.5
6856,annual,2024-08-13 16:00:00,125.89
6857,annual,2024-08-13 17:00:00,128.55
6858,annual,2024-08-13 18:00:00,157.31151
6859,annual,2024-08-13 19:00:00,212.02667
6860,annual,2024-08-13 20:00:00,214.55176
6861,annual,2024-08-13 21:00:00,198.97407
6862,annual,2024-08-13 22:00:00,160.14532
6863,annual,2024-08-13 23:00:00,133.34
6864,annual,2024-08-14 00:00:00,125.0927
6865,annual,2024-08-14 01:00:00,125.0
6866,annual,2024-08-14 02:00:00,123.0
6867,annual,2024-08-14 03:00:00,121.98
6868,annual,2024-08-14 04:00:00,123.0
6869,annual,2024-08-14 05:00:00,123.29
6870,annual,2024-08-14 06:00:00,124.69059
6871,annual,2024-08-14 07:00:00,122.10235
6872,annual,2024-08-14 08:00:00,119.6657
6873,annual,2024-08-14 09:00:00,116.5
6874,annual,2024-08-14 10:00:00,115.29
6875,annual,2024-08-14 11:00:00,110.64
6876,annual,2024-08-14 12:00:00,108.92
6877,annual,2024-08-14 13:00:00,106.42
6878,annual,2024-08-14 14:00:00,107.81
6879,annual,2024-08-14 15:00:00,114.65
6880,annual,2024-08-14 16:00:00,118.5
6881,annual,2024-08-14 17:00:00,125.0
6882,annual,2024-08-14 18:00:00,169.3287
6883,annual,2024-08-14 19:00:00,210.16781
6884,annual,2024-08-14 20:00:00,210.99484
6885,annual,2024-08-14 21:00:00,176.15664
6886,annual,2024-08-14 22:00:00,151.42985
6887,annual,2024-08-14 23:00:00,136.30458
6888,annual,2024-08-15 00:00:00,134.61969
6889,annual,2024-08-15 01:00:00,139.48
6890,annual,2024-08-15 02:00:00,130.5
6891,annual,2024-08-15 03:00:00,125.4
6892,annual,2024-08-15 04:00:00,123.29
6893,annual,2024-08-15 05:00:00,124.65
6894,annual,2024-08-15 06:00:00,125.08817
6895,annual,2024-08-15 07:00:00,122.0
6896,annual,2024-08-15 08:00:00,116.14
6897,annual,2024-08-15 09:00:00,110.0
6898,annual,2024-08-15 10:00:00,106.0
6899,annual,2024-08-15 11:00:00,115.04
6900,annual,2024-08-15 12:00:00,117.98
6901,annual,2024-08-15 13:00:00,117.98
6902,annual,2024-08-15 14:00:00,117.98
6903,annual,2024-08-15 15:00:00,117.98
6904,annual,2024-08-15 16:00:00,117.85
6905,annual,2024-08-15 17:00:00,121.57
6906,annual,2024-08-15 18:00:00,139.12
6907,annual,2024-08-15 19:00:00,172.94919
6908,annual,2024-08-15 20:00:00,205.22442
6909,annual,2024-08-15 21:00:00,180.33367
6910,annual,2024-08-15 22:00:00,153.72997
6911,annual,2024-08-15 23:00:00,140.18047
6912,annual,2024-08-16 00:00:00,121.90779
6913,annual,2024-08-16 01:00:00,120.73722
6914,annual,2024-08-16 02:00:00,119.58614
6915,annual,2024-08-16 03:00:00,118.0
6916,annual,2024-08-16 04:00:00,119.51
6917,annual,2024-08-16 05:00:00,118.0
6918,annual,2024-08-16 06:00:00,121.86645
6919,annual,2024-08-16 07:00:00,122.0
6920,annual,2024-08-16 08:00:00,118.0
6921,annual,2024-08-16 09:00:00,113.95
6922,annual,2024-08-16 10:00:00,112.83
6923,annual,2024-08-16 11:00:00,112.2
6924,annual,2024-08-16 12:00:00,112.75
6925,annual,2024-08-16 13:00:00,111.23
6926,annual,2024-08-16 14:00:00,112.75
6927,annual,2024-08-16 15:00:00,116.34
6928,annual,2024-08-16 16:00:00,120.0
6929,annual,2024-08-16 17:00:00,122.55
6930,annual,2024-08-16 18:00:00,141.65785
6931,annual,2024-08-16 19:00:00,178.20157
6932,annual,2024-08-16 20:00:00,200.0
6933,annual,2024-08-16 21:00:00,175.93584
6934,annual,2024-08-16 22:00:00,140.79425
6935,annual,2024-08-16 23:00:00,133.81843
6936,annual,2024-08-17 00:00:00,126.02081
6937,annual,2024-08-17 01:00:00,123.3872
6938,annual,2024-08-17 02:00:00,121.38
6939,annual,2024-08-17 03:00:00,121.98
6940,annual,2024-08-17 04:00:00,121.04
6941,annual,2024-08-17 05:00:00,121.98
6942,annual,2024-08-17 06:00:00,121.98
6943,annual,2024-08-17 07:00:00,119.65
6944,annual,2024-08-17 08:00:00,117.56
6945,annual,2024-08-17 09:00:00,113.01
6946,annual,2024-08-17 10:00:00,107.95
6947,annual,2024-08-17 11:00:00,99.0
6948,annual,2024-08-17 12:00:00,98.16
6949,annual,2024-08-17 13:00:00,97.71
6950,annual,2024-08-17 14:00:00,104.02
6951,annual,2024-08-17 15:00:00,108.08
6952,annual,2024-08-17 16:00:00,116.54
6953,annual,2024-08-17 17:00:00,122.98241
6954,annual,2024-08-17 18:00:00,146.74885
6955,annual,2024-08-17 19:00:00,173.56826
6956,annual,2024-08-17 20:00:00,180.05355
6957,annual,2024-08-17 21:00:00,167.80726
6958,annual,2024-08-17 22:00:00,139.3134
6959,annual,2024-08-17 23:00:00,128.02856
6960,annual,2024-08-18 00:00:00,123.98265
6961,annual,2024-08-18 01:00:00,120.72148
6962,annual,2024-08-18 02:00:00,120.66888
6963,annual,2024-08-18 03:00:00,120.51
6964,annual,2024-08-18 04:00:00,118.86
6965,annual,2024-08-18 05:00:00,118.0
6966,annual,2024-08-18 06:00:00,117.54
6967,annual,2024-08-18 07:00:00,117.18
6968,annual,2024-08-18 08:00:00,115.97
6969,annual,2024-08-18 09:00:00,116.67
6970,annual,2024-08-18 10:00:00,112.52
6971,annual,2024-08-18 11:00:00,111.48
6972,annual,2024-08-18 12:00:00,114.15
6973,annual,2024-08-18 13:00:00,111.76
6974,annual,2024-08-18 14:00:00,110.0
6975,annual,2024-08-18 15:00:00,106.31
6976,annual,2024-08-18 16:00:00,109.35078
6977,annual,2024-08-18 17:00:00,119.87
6978,annual,2024-08-18 18:00:00,122.0
6979,annual,2024-08-18 19:00:00,140.4
6980,annual,2024-08-18 20:00:00,166.07224
6981,annual,2024-08-18 21:00:00,154.35382
6982,annual,2024-08-18 22:00:00,139.66207
6983,annual,2024-08-18 23:00:00,126.61852
6984,annual,2024-08-19 00:00:00,118.0
6985,annual,2024-08-19 01:00:00,112.06
6986,annual,2024-08-19 02:00:00,110.04
6987,annual,2024-08-19 03:00:00,108.15
6988,annual,2024-08-19 04:00:00,107.8
6989,annual,2024-08-19 05:00:00,113.30203
6990,annual,2024-08-19 06:00:00,119.65
6991,annual,2024-08-19 07:00:00,124.0
6992,annual,2024-08-19 08:00:00,127.68
6993,annual,2024-08-19 09:00:00,119.06
6994,annual,2024-08-19 10:00:00,114.72
6995,annual,2024-08-19 11:00:00,111.48
6996,annual,2024-08-19 12:00:00,108.62
6997,annual,2024-08-19 13:00:00,108.55
6998,annual,2024-08-19 14:00:00,110.0
6999,annual,2024-08-19 15:00:00,116.04
7000,annual,2024-08-19 16:00:00,118.0
7001,annual,2024-08-19 17:00:00,121.98
7002,annual,2024-08-19 18:00:00,130.0
7003,annual,2024-08-19 19:00:00,147.12
7004,annual,2024-08-19 20:00:00,165.00992
7005,annual,2024-08-19 21:00:00,141.99
7006,annual,2024-08-19 22:00:00,125.0
7007,annual,2024-08-19 23:00:00,121.0
7008,annual,2024-08-20 00:00:00,115.27
7009,annual,2024-08-20 01:00:00,107.66496
7010,annual,2024-08-20 02:00:00,102.45659
7011,annual,2024-08-20 03:00:00,101.84
7012,annual,2024-08-20 04:00:00,101.22
7013,annual,2024-08-20 05:00:00,108.68
7014,annual,2024-08-20 06:00:00,119.32
7015,annual,2024-08-20 07:00:00,124.95
7016,annual,2024-08-20 08:00:00,122.0
7017,annual,2024-08-20 09:00:00,118.64
7018,annual,2024-08-20 10:00:00,112.44
7019,annual,2024-08-20 11:00:00,108.69
7020,annual,2024-08-20 12:00:00,101.66
7021,annual,2024-08-20 13:00:00,101.84
7022,annual,2024-08-20 14:00:00,107.14
7023,annual,2024-08-20 15:00:00,106.0
7024,annual,2024-08-20 16:00:00,112.1
7025,annual,2024-08-20 17:00:00,118.42
7026,annual,2024-08-20 18:00:00,130.0
7027,annual,2024-08-20 19:00:00,155.34133
7028,annual,2024-08-20 20:00:00,166.14182
7029,annual,2024-08-20 21:00:00,149.59274
7030,annual,2024-08-20 22:00:00,128.23
7031,annual,2024-08-20 23:00:00,121.6
7032,annual,2024-08-21 00:00:00,133.45
7033,annual,2024-08-21 01:00:00,121.59
7034,annual,2024-08-21 02:00:00,117.97
7035,annual,2024-08-21 03:00:00,115.72
7036,annual,2024-08-21 04:00:00,114.97909
7037,annual,2024-08-21 05:00:00,120.08109
7038,annual,2024-08-21 06:00:00,139.39757
7039,annual,2024-08-21 07:00:00,141.23118
7040,annual,2024-08-21 08:00:00,136.22
7041,annual,2024-08-21 09:00:00,119.0
7042,annual,2024-08-21 10:00:00,119.0
7043,annual,2024-08-21 11:00:00,114.87
7044,annual,2024-08-21 12:00:00,109.14
7045,annual,2024-08-21 13:00:00,106.39
7046,annual,2024-08-21 14:00:00,108.76
7047,annual,2024-08-21 15:00:00,114.87
7048,annual,2024-08-21 16:00:00,119.0
7049,annual,2024-08-21 17:00:00,123.39
7050,annual,2024-08-21 18:00:00,133.45
7051,annual,2024-08-21 19:00:00,152.65998
7052,annual,2024-08-21 20:00:00,168.02344
7053,annual,2024-08-21 21:00:00,151.27
7054,annual,2024-08-21 22:00:00,126.27
7055,annual,2024-08-21 23:00:00,122.0
7056,annual,2024-08-22 00:00:00,118.5
7057,annual,2024-08-22 01:00:00,110.0
7058,annual,2024-08-22 02:00:00,108.76
7059,annual,2024-08-22 03:00:00,107.0
7060,annual,2024-08-22 04:00:00,106.4
7061,annual,2024-08-22 05:00:00,110.0
7062,annual,2024-08-22 06:00:00,120.35604
7063,annual,2024-08-22 07:00:00,127.04
7064,annual,2024-08-22 08:00:00,120.0
7065,annual,2024-08-22 09:00:00,111.71
7066,annual,2024-08-22 10:00:00,107.56
7067,annual,2024-08-22 11:00:00,102.81
7068,annual,2024-08-22 12:00:00,99.74
7069,annual,2024-08-22 13:00:00,99.74
7070,annual,2024-08-22 14:00:00,103.01298
7071,annual,2024-08-22 15:00:00,107.59
7072,annual,2024-08-22 16:00:00,113.97
7073,annual,2024-08-22 17:00:00,120.0
7074,annual,2024-08-22 18:00:00,129.76
7075,annual,2024-08-22 19:00:00,162.25609
7076,annual,2024-08-22 20:00:00,172.466
7077,annual,2024-08-22 21:00:00,147.51883
7078,annual,2024-08-22 22:00:00,125.83402
7079,annual,2024-08-22 23:00:00,118.96944
7080,annual,2024-08-23 00:00:00,122.30701
7081,annual,2024-08-23 01:00:00,118.0
7082,annual,2024-08-23 02:00:00,115.5
7083,annual,2024-08-23 03:00:00,115.0
7084,annual,2024-08-23 04:00:00,115.77
7085,annual,2024-08-23 05:00:00,116.0
7086,annual,2024-08-23 06:00:00,133.36
7087,annual,2024-08-23 07:00:00,136.0
7088,annual,2024-08-23 08:00:00,130.0
7089,annual,2024-08-23 09:00:00,121.0
7090,annual,2024-08-23 10:00:00,109.63
7091,annual,2024-08-23 11:00:00,105.25
7092,annual,2024-08-23 12:00:00,105.0
7093,annual,2024-08-23 13:00:00,104.69
7094,annual,2024-08-23 14:00:00,108.0
7095,annual,2024-08-23 15:00:00,114.7
7096,annual,2024-08-23 16:00:00,121.68
7097,annual,2024-08-23 17:00:00,131.41
7098,annual,2024-08-23 18:00:00,160.0
7099,annual,2024-08-23 19:00:00,193.98788
7100,annual,2024-08-23 20:00:00,201.34783
7101,annual,2024-08-23 21:00:00,158.92092
7102,annual,2024-08-23 22:00:00,138.17259
7103,annual,2024-08-23 23:00:00,133.17039
7104,annual,2024-08-24 00:00:00,132.9139
7105,annual,2024-08-24 01:00:00,129.65
7106,annual,2024-08-24 02:00:00,123.96
7107,annual,2024-08-24 03:00:00,116.5
7108,annual,2024-08-24 04:00:00,116.5
7109,annual,2024-08-24 05:00:00,118.0
7110,annual,2024-08-24 06:00:00,120.0
7111,annual,2024-08-24 07:00:00,120.0
7112,annual,2024-08-24 08:00:00,110.65
7113,annual,2024-08-24 09:00:00,105.45
7114,annual,2024-08-24 10:00:00,105.15
7115,annual,2024-08-24 11:00:00,105.39
7116,annual,2024-08-24 12:00:00,109.5
7117,annual,2024-08-24 13:00:00,104.93
7118,annual,2024-08-24 14:00:00,98.0
7119,annual,2024-08-24 15:00:00,98.76
7120,annual,2024-08-24 16:00:00,109.9
7121,annual,2024-08-24 17:00:00,122.66
7122,annual,2024-08-24 18:00:00,140.0
7123,annual,2024-08-24 19:00:00,174.00526
7124,annual,2024-08-24 20:00:00,178.18096
7125,annual,2024-08-24 21:00:00,149.03076
7126,annual,2024-08-24 22:00:00,132.51831
7127,annual,2024-08-24 23:00:00,120.97083
7128,annual,2024-08-25 00:00:00,131.14123
7129,annual,2024-08-25 01:00:00,120.8133
7130,annual,2024-08-25 02:00:00,124.46
7131,annual,2024-08-25 03:00:00,120.0
7132,annual,2024-08-25 04:00:00,120.0
7133,annual,2024-08-25 05:00:00,116.2
7134,annual,2024-08-25 06:00:00,115.0
7135,annual,2024-08-25 07:00:00,115.0
7136,annual,2024-08-25 08:00:00,110.5
7137,annual,2024-08-25 09:00:00,110.65
7138,annual,2024-08-25 10:00:00,110.5
7139,annual,2024-08-25 11:00:00,110.65
7140,annual,2024-08-25 12:00:00,115.0
7141,annual,2024-08-25 13:00:00,111.0
7142,annual,2024-08-25 14:00:00,112.0
7143,annual,2024-08-25 15:00:00,110.52
7144,annual,2024-08-25 16:00:00,110.65
7145,annual,2024-08-25 17:00:00,119.99
7146,annual,2024-08-25 18:00:00,135.42
7147,annual,2024-08-25 19:00:00,175.22
7148,annual,2024-08-25 20:00:00,196.33431
7149,annual,2024-08-25 21:00:00,178.376
7150,annual,2024-08-25 22:00:00,149.70529
7151,annual,2024-08-25 23:00:00,125.07879
7152,annual,2024-08-26 00:00:00,115.0
7153,annual,2024-08-26 01:00:00,111.57
7154,annual,2024-08-26 02:00:00,110.2
7155,annual,2024-08-26 03:00:00,109.95
7156,annual,2024-08-26 04:00:00,108.12
7157,annual,2024-08-26 05:00:00,114.99
7158,annual,2024-08-26 06:00:00,126.0
7159,annual,2024-08-26 07:00:00,141.72
7160,annual,2024-08-26 08:00:00,137.99
7161,annual,2024-08-26 09:00:00,125.0
7162,annual,2024-08-26 10:00:00,118.83
7163,annual,2024-08-26 11:00:00,116.73
7164,annual,2024-08-26 12:00:00,115.0
7165,annual,2024-08-26 13:00:00,116.0
7166,annual,2024-08-26 14:00:00,115.14985
7167,annual,2024-08-26 15:00:00,121.44899
7168,annual,2024-08-26 16:00:00,130.0
7169,annual,2024-08-26 17:00:00,133.01
7170,annual,2024-08-26 18:00:00,170.8026
7171,annual,2024-08-26 19:00:00,213.6
7172,annual,2024-08-26 20:00:00,220.01
7173,annual,2024-08-26 21:00:00,169.46313
7174,annual,2024-08-26 22:00:00,137.22256
7175,annual,2024-08-26 23:00:00,119.54915
7176,annual,2024-08-27 00:00:00,120.53297
7177,annual,2024-08-27 01:00:00,117.24804
7178,annual,2024-08-27 02:00:00,115.37
7179,annual,2024-08-27 03:00:00,110.81
7180,annual,2024-08-27 04:00:00,114.73
7181,annual,2024-08-27 05:00:00,115.0
7182,annual,2024-08-27 06:00:00,128.0
7183,annual,2024-08-27 07:00:00,135.18
7184,annual,2024-08-27 08:00:00,129.94
7185,annual,2024-08-27 09:00:00,120.72
7186,annual,2024-08-27 10:00:00,123.68
7187,annual,2024-08-27 11:00:00,117.41
7188,annual,2024-08-27 12:00:00,117.11
7189,annual,2024-08-27 13:00:00,118.0
7190,annual,2024-08-27 14:00:00,126.91
7191,annual,2024-08-27 15:00:00,134.79
7192,annual,2024-08-27 16:00:00,189.63295
7193,annual,2024-08-27 17:00:00,186.00555
7194,annual,2024-08-27 18:00:00,198.07868
7195,annual,2024-08-27 19:00:00,229.87262
7196,annual,2024-08-27 20:00:00,227.53497
7197,annual,2024-08-27 21:00:00,170.45924
7198,annual,2024-08-27 22:00:00,135.5985
7199,annual,2024-08-27 23:00:00,127.45606
7200,annual,2024-08-28 00:00:00,122.61157
7201,annual,2024-08-28 01:00:00,117.17753
7202,annual,2024-08-28 02:00:00,115.27
7203,annual,2024-08-28 03:00:00,112.68
7204,annual,2024-08-28 04:00:00,114.37079
7205,annual,2024-08-28 05:00:00,117.24
7206,annual,2024-08-28 06:00:00,128.0
7207,annual,2024-08-28 07:00:00,135.0
7208,annual,2024-08-28 08:00:00,130.0
7209,annual,2024-08-28 09:00:00,121.0
7210,annual,2024-08-28 10:00:00,118.52
7211,annual,2024-08-28 11:00:00,116.75
7212,annual,2024-08-28 12:00:00,116.97
7213,annual,2024-08-28 13:00:00,116.97
7214,annual,2024-08-28 14:00:00,121.91
7215,annual,2024-08-28 15:00:00,130.0
7216,annual,2024-08-28 16:00:00,147.85
7217,annual,2024-08-28 17:00:00,170.10294
7218,annual,2024-08-28 18:00:00,220.38445
7219,annual,2024-08-28 19:00:00,244.72306
7220,annual,2024-08-28 20:00:00,244.72753
7221,annual,2024-08-28 21:00:00,195.81666
7222,annual,2024-08-28 22:00:00,147.08
7223,annual,2024-08-28 23:00:00,130.52144
7224,annual,2024-08-29 00:00:00,125.0
7225,annual,2024-08-29 01:00:00,120.53
7226,annual,2024-08-29 02:00:00,115.0
7227,annual,2024-08-29 03:00:00,112.69695
7228,annual,2024-08-29 04:00:00,112.55
7229,annual,2024-08-29 05:00:00,119.29
7230,annual,2024-08-29 06:00:00,125.93388
7231,annual,2024-08-29 07:00:00,133.9
7232,annual,2024-08-29 08:00:00,126.24
7233,annual,2024-08-29 09:00:00,119.42
7234,annual,2024-08-29 10:00:00,115.0
7235,annual,2024-08-29 11:00:00,109.9
7236,annual,2024-08-29 12:00:00,112.43
7237,annual,2024-08-29 13:00:00,115.0
7238,annual,2024-08-29 14:00:00,120.94
7239,annual,2024-08-29 15:00:00,122.92
7240,annual,2024-08-29 16:00:00,139.0
7241,annual,2024-08-29 17:00:00,165.0
7242,annual,2024-08-29 18:00:00,220.0
7243,annual,2024-08-29 19:00:00,245.43703
7244,annual,2024-08-29 20:00:00,250.0
7245,annual,2024-08-29 21:00:00,188.86599
7246,annual,2024-08-29 22:00:00,134.55172
7247,annual,2024-08-29 23:00:00,126.59852
7248,annual,2024-08-30 00:00:00,123.08
7249,annual,2024-08-30 01:00:00,122.52
7250,annual,2024-08-30 02:00:00,120.0
7251,annual,2024-08-30 03:00:00,115.58
7252,annual,2024-08-30 04:00:00,116.08
7253,annual,2024-08-30 05:00:00,122.0
7254,annual,2024-08-30 06:00:00,135.1333
7255,annual,2024-08-30 07:00:00,149.9
7256,annual,2024-08-30 08:00:00,133.50613
7257,annual,2024-08-30 09:00:00,122.37
7258,annual,2024-08-30 10:00:00,117.01
7259,annual,2024-08-30 11:00:00,115.0
7260,annual,2024-08-30 12:00:00,108.41
7261,annual,2024-08-30 13:00:00,110.0
7262,annual,2024-08-30 14:00:00,115.01947
7263,annual,2024-08-30 15:00:00,119.56
7264,annual,2024-08-30 16:00:00,124.45
7265,annual,2024-08-30 17:00:00,143.87
7266,annual,2024-08-30 18:00:00,181.30251
7267,annual,2024-08-30 19:00:00,220.0
7268,annual,2024-08-30 20:00:00,215.45551
7269,annual,2024-08-30 21:00:00,175.43649
7270,annual,2024-08-30 22:00:00,135.51875
7271,annual,2024-08-30 23:00:00,124.59412
7272,annual,2024-08-31 00:00:00,123.66
7273,annual,2024-08-31 01:00:00,123.45
7274,annual,2024-08-31 02:00:00,121.96
7275,annual,2024-08-31 03:00:00,120.11
7276,annual,2024-08-31 04:00:00,120.0
7277,annual,2024-08-31 05:00:00,118.36
7278,annual,2024-08-31 06:00:00,120.0
7279,annual,2024-08-31 07:00:00,119.96
7280,annual,2024-08-31 08:00:00,117.2
7281,annual,2024-08-31 09:00:00,113.73
7282,annual,2024-08-31 10:00:00,103.86
7283,annual,2024-08-31 11:00:00,101.5
7284,annual,2024-08-31 12:00:00,99.0
7285,annual,2024-08-31 13:00:00,97.68
7286,annual,2024-08-31 14:00:00,99.0
7287,annual,2024-08-31 15:00:00,109.22
7288,annual,2024-08-31 16:00:00,116.26
7289,annual,2024-08-31 17:00:00,122.65
7290,annual,2024-08-31 18:00:00,150.79527
7291,annual,2024-08-31 19:00:00,183.311
7292,annual,2024-08-31 20:00:00,185.72781
7293,annual,2024-08-31 21:00:00,156.01713
7294,annual,2024-08-31 22:00:00,132.7282
7295,annual,2024-08-31 23:00:00,123.35178
7296,annual,2024-09-01 00:00:00,123.67
7297,annual,2024-09-01 01:00:00,123.48
7298,annual,2024-09-01 02:00:00,121.2
7299,annual,2024-09-01 03:00:00,118.18
7300,annual,2024-09-01 04:00:00,116.41
7301,annual,2024-09-01 05:00:00,113.33
7302,annual,2024-09-01 06:00:00,116.0
7303,annual,2024-09-01 07:00:00,112.5
7304,annual,2024-09-01 08:00:00,108.49
7305,annual,2024-09-01 09:00:00,100.2
7306,annual,2024-09-01 10:00:00,92.04
7307,annual,2024-09-01 11:00:00,94.67
7308,annual,2024-09-01 12:00:00,102.24
7309,annual,2024-09-01 13:00:00,96.62
7310,annual,2024-09-01 14:00:00,91.88
7311,annual,2024-09-01 15:00:00,93.56
7312,annual,2024-09-01 16:00:00,104.95
7313,annual,2024-09-01 17:00:00,116.44
7314,annual,2024-09-01 18:00:00,143.4
7315,annual,2024-09-01 19:00:00,171.65605
7316,annual,2024-09-01 20:00:00,176.17112
7317,annual,2024-09-01 21:00:00,166.2899
7318,annual,2024-09-01 22:00:00,163.76577
7319,annual,2024-09-01 23:00:00,139.74347
7320,annual,2024-09-02 00:00:00,123.0
7321,annual,2024-09-02 01:00:00,120.0
7322,annual,2024-09-02 02:00:00,117.0
7323,annual,2024-09-02 03:00:00,116.74
7324,annual,2024-09-02 04:00:00,117.0
7325,annual,2024-09-02 05:00:00,121.28
7326,annual,2024-09-02 06:00:00,166.0
7327,annual,2024-09-02 07:00:00,191.67
7328,annual,2024-09-02 08:00:00,192.43
7329,annual,2024-09-02 09:00:00,173.21
7330,annual,2024-09-02 10:00:00,132.79
7331,annual,2024-09-02 11:00:00,130.0
7332,annual,2024-09-02 12:00:00,130.0
7333,annual,2024-09-02 13:00:00,128.68
7334,annual,2024-09-02 14:00:00,170.0
7335,annual,2024-09-02 15:00:00,198.17828
7336,annual,2024-09-02 16:00:00,209.17
7337,annual,2024-09-02 17:00:00,210.0
7338,annual,2024-09-02 18:00:00,210.15547
7339,annual,2024-09-02 19:00:00,215.16339
7340,annual,2024-09-02 20:00:00,215.42653
7341,annual,2024-09-02 21:00:00,206.73983
7342,annual,2024-09-02 22:00:00,170.25302
7343,annual,2024-09-02 23:00:00,148.95919
7344,annual,2024-09-03 00:00:00,139.98788
7345,annual,2024-09-03 01:00:00,121.92001
7346,annual,2024-09-03 02:00:00,122.13444
7347,annual,2024-09-03 03:00:00,120.50383
7348,annual,2024-09-03 04:00:00,121.32254
7349,annual,2024-09-03 05:00:00,123.0
7350,annual,2024-09-03 06:00:00,140.72
7351,annual,2024-09-03 07:00:00,157.08369
7352,annual,2024-09-03 08:00:00,167.43
7353,annual,2024-09-03 09:00:00,146.0
7354,annual,2024-09-03 10:00:00,128.7
7355,annual,2024-09-03 11:00:00,124.38
7356,annual,2024-09-03 12:00:00,122.01
7357,annual,2024-09-03 13:00:00,122.04
7358,annual,2024-09-03 14:00:00,125.72
7359,annual,2024-09-03 15:00:00,130.0
7360,annual,2024-09-03 16:00:00,167.12
7361,annual,2024-09-03 17:00:00,182.29238
7362,annual,2024-09-03 18:00:00,214.12236
7363,annual,2024-09-03 19:00:00,217.24383
7364,annual,2024-09-03 20:00:00,214.77393
7365,annual,2024-09-03 21:00:00,200.9627
7366,annual,2024-09-03 22:00:00,165.48
7367,annual,2024-09-03 23:00:00,130.49676
7368,annual,2024-09-04 00:00:00,126.15
7369,annual,2024-09-04 01:00:00,119.3433
7370,annual,2024-09-04 02:00:00,118.88572
7371,annual,2024-09-04 03:00:00,118.88099
7372,annual,2024-09-04 04:00:00,120.0
7373,annual,2024-09-04 05:00:00,120.0
7374,annual,2024-09-04 06:00:00,148.54344
7375,annual,2024-09-04 07:00:00,177.44747
7376,annual,2024-09-04 08:00:00,180.0
7377,annual,2024-09-04 09:00:00,180.0
7378,annual,2024-09-04 10:00:00,141.76
7379,annual,2024-09-04 11:00:00,125.0
7380,annual,2024-09-04 12:00:00,122.36
7381,annual,2024-09-04 13:00:00,122.36
7382,annual,2024-09-04 14:00:00,123.14
7383,annual,2024-09-04 15:00:00,130.0
7384,annual,2024-09-04 16:00:00,163.08
7385,annual,2024-09-04 17:00:00,185.0
7386,annual,2024-09-04 18:00:00,212.8802
7387,annual,2024-09-04 19:00:00,214.11347
7388,annual,2024-09-04 20:00:00,214.2676
7389,annual,2024-09-04 21:00:00,185.62533
7390,annual,2024-09-04 22:00:00,151.21613
7391,annual,2024-09-04 23:00:00,125.5759
7392,annual,2024-09-05 00:00:00,121.01
7393,annual,2024-09-05 01:00:00,119.05
7394,annual,2024-09-05 02:00:00,116.69
7395,annual,2024-09-05 03:00:00,112.3
7396,annual,2024-09-05 04:00:00,114.71
7397,annual,2024-09-05 05:00:00,116.69
7398,annual,2024-09-05 06:00:00,128.54
7399,annual,2024-09-05 07:00:00,141.93
7400,annual,2024-09-05 08:00:00,164.2
7401,annual,2024-09-05 09:00:00,182.93
7402,annual,2024-09-05 10:00:00,174.95194
7403,annual,2024-09-05 11:00:00,152.45513
7404,annual,2024-09-05 12:00:00,119.11508
7405,annual,2024-09-05 13:00:00,118.29775
7406,annual,2024-09-05 14:00:00,118.13688
7407,annual,2024-09-05 15:00:00,119.58327
7408,annual,2024-09-05 16:00:00,130.0
7409,annual,2024-09-05 17:00:00,143.5
7410,annual,2024-09-05 18:00:00,175.22388
7411,annual,2024-09-05 19:00:00,197.52404
7412,annual,2024-09-05 20:00:00,188.95943
7413,annual,2024-09-05 21:00:00,160.85675
7414,annual,2024-09-05 22:00:00,125.73888
7415,annual,2024-09-05 23:00:00,120.32526
7416,annual,2024-09-06 00:00:00,110.44
7417,annual,2024-09-06 01:00:00,106.34
7418,annual,2024-09-06 02:00:00,105.46
7419,annual,2024-09-06 03:00:00,105.26
7420,annual,2024-09-06 04:00:00,105.26
7421,annual,2024-09-06 05:00:00,106.34
7422,annual,2024-09-06 06:00:00,130.62
7423,annual,2024-09-06 07:00:00,135.74046
7424,annual,2024-09-06 08:00:00,165.0
7425,annual,2024-09-06 09:00:00,165.0
7426,annual,2024-09-06 10:00:00,132.17
7427,annual,2024-09-06 11:00:00,118.84
7428,annual,2024-09-06 12:00:00,105.46
7429,annual,2024-09-06 13:00:00,105.46
7430,annual,2024-09-06 14:00:00,110.0
7431,annual,2024-09-06 15:00:00,111.26
7432,annual,2024-09-06 16:00:00,119.52
7433,annual,2024-09-06 17:00:00,130.0
7434,annual,2024-09-06 18:00:00,180.95302
7435,annual,2024-09-06 19:00:00,202.66499
7436,annual,2024-09-06 20:00:00,191.93194
7437,annual,2024-09-06 21:00:00,174.41136
7438,annual,2024-09-06 22:00:00,123.44525
7439,annual,2024-09-06 23:00:00,118.26
7440,annual,2024-09-07 00:00:00,151.96777
7441,annual,2024-09-07 01:00:00,142.28248
7442,annual,2024-09-07 02:00:00,135.19
7443,annual,2024-09-07 03:00:00,123.11
7444,annual,2024-09-07 04:00:00,120.0
7445,annual,2024-09-07 05:00:00,119.0
7446,annual,2024-09-07 06:00:00,139.68
7447,annual,2024-09-07 07:00:00,143.54
7448,annual,2024-09-07 08:00:00,141.32
7449,annual,2024-09-07 09:00:00,113.86
7450,annual,2024-09-07 10:00:00,105.0
7451,annual,2024-09-07 11:00:00,96.0
7452,annual,2024-09-07 12:00:00,89.5
7453,annual,2024-09-07 13:00:00,83.03
7454,annual,2024-09-07 14:00:00,86.06
7455,annual,2024-09-07 15:00:00,92.36
7456,annual,2024-09-07 16:00:00,103.85
7457,annual,2024-09-07 17:00:00,117.25693
7458,annual,2024-09-07 18:00:00,159.47244
7459,annual,2024-09-07 19:00:00,184.86418
7460,annual,2024-09-07 20:00:00,182.01069
7461,annual,2024-09-07 21:00:00,156.39265
7462,annual,2024-09-07 22:00:00,119.30488
7463,annual,2024-09-07 23:00:00,117.3
7464,annual,2024-09-08 00:00:00,123.59834
7465,annual,2024-09-08 01:00:00,118.4805
7466,annual,2024-09-08 02:00:00,115.69
7467,annual,2024-09-08 03:00:00,115.1
7468,annual,2024-09-08 04:00:00,113.87
7469,annual,2024-09-08 05:00:00,115.14
7470,annual,2024-09-08 06:00:00,113.65
7471,annual,2024-09-08 07:00:00,113.72
7472,annual,2024-09-08 08:00:00,113.1
7473,annual,2024-09-08 09:00:00,111.49
7474,annual,2024-09-08 10:00:00,113.49
7475,annual,2024-09-08 11:00:00,107.09
7476,annual,2024-09-08 12:00:00,106.73
7477,annual,2024-09-08 13:00:00,106.71
7478,annual,2024-09-08 14:00:00,107.92
7479,annual,2024-09-08 15:00:00,105.1
7480,annual,2024-09-08 16:00:00,108.5
7481,annual,2024-09-08 17:00:00,111.49
7482,annual,2024-09-08 18:00:00,120.53791
7483,annual,2024-09-08 19:00:00,142.25422
7484,annual,2024-09-08 20:00:00,144.41702
7485,annual,2024-09-08 21:00:00,129.63336
7486,annual,2024-09-08 22:00:00,115.1
7487,annual,2024-09-08 23:00:00,112.89
7488,annual,2024-09-09 00:00:00,105.28
7489,annual,2024-09-09 01:00:00,102.03
7490,annual,2024-09-09 02:00:00,98.96
7491,annual,2024-09-09 03:00:00,98.9
7492,annual,2024-09-09 04:00:00,98.9
7493,annual,2024-09-09 05:00:00,105.28
7494,annual,2024-09-09 06:00:00,121.85032
7495,annual,2024-09-09 07:00:00,139.28057
7496,annual,2024-09-09 08:00:00,153.0
7497,annual,2024-09-09 09:00:00,155.42
7498,annual,2024-09-09 10:00:00,118.27
7499,annual,2024-09-09 11:00:00,112.9
7500,annual,2024-09-09 12:00:00,104.20543
7501,annual,2024-09-09 13:00:00,103.83013
7502,annual,2024-09-09 14:00:00,107.14389
7503,annual,2024-09-09 15:00:00,112.65147
7504,annual,2024-09-09 16:00:00,118.42912
7505,annual,2024-09-09 17:00:00,121.96217
7506,annual,2024-09-09 18:00:00,149.29345
7507,annual,2024-09-09 19:00:00,164.0
7508,annual,2024-09-09 20:00:00,151.14729
7509,annual,2024-09-09 21:00:00,132.1
7510,annual,2024-09-09 22:00:00,116.42
7511,annual,2024-09-09 23:00:00,111.9
7512,annual,2024-09-10 00:00:00,96.8
7513,annual,2024-09-10 01:00:00,96.0
7514,annual,2024-09-10 02:00:00,96.8
7515,annual,2024-09-10 03:00:00,95.0
7516,annual,2024-09-10 04:00:00,95.0
7517,annual,2024-09-10 05:00:00,98.7
7518,annual,2024-09-10 06:00:00,115.8
7519,annual,2024-09-10 07:00:00,125.71
7520,annual,2024-09-10 08:00:00,133.19
7521,annual,2024-09-10 09:00:00,110.97908
7522,annual,2024-09-10 10:00:00,98.27
7523,annual,2024-09-10 11:00:00,92.45
7524,annual,2024-09-10 12:00:00,86.62
7525,annual,2024-09-10 13:00:00,80.43758
7526,annual,2024-09-10 14:00:00,88.50792
7527,annual,2024-09-10 15:00:00,93.50999
7528,annual,2024-09-10 16:00:00,100.0
7529,annual,2024-09-10 17:00:00,108.37
7530,annual,2024-09-10 18:00:00,121.68
7531,annual,2024-09-10 19:00:00,153.9
7532,annual,2024-09-10 20:00:00,146.27
7533,annual,2024-09-10 21:00:00,118.27
7534,annual,2024-09-10 22:00:00,110.0
7535,annual,2024-09-10 23:00:00,105.46
7536,annual,2024-09-11 00:00:00,107.51
7537,annual,2024-09-11 01:00:00,105.1
7538,annual,2024-09-11 02:00:00,104.27
7539,annual,2024-09-11 03:00:00,105.1
7540,annual,2024-09-11 04:00:00,104.54
7541,annual,2024-09-11 05:00:00,108.0
7542,annual,2024-09-11 06:00:00,126.8
7543,annual,2024-09-11 07:00:00,159.60704
7544,annual,2024-09-11 08:00:00,165.96
7545,annual,2024-09-11 09:00:00,120.25
7546,annual,2024-09-11 10:00:00,113.05
7547,annual,2024-09-11 11:00:00,107.23964
7548,annual,2024-09-11 12:00:00,101.22399
7549,annual,2024-09-11 13:00:00,101.13295
7550,annual,2024-09-11 14:00:00,104.34718
7551,annual,2024-09-11 15:00:00,108.93659
7552,annual,2024-09-11 16:00:00,117.04277
7553,annual,2024-09-11 17:00:00,121.2
7554,annual,2024-09-11 18:00:00,151.12
7555,annual,2024-09-11 19:00:00,182.85
7556,annual,2024-09-11 20:00:00,173.26144
7557,annual,2024-09-11 21:00:00,133.05664
7558,annual,2024-09-11 22:00:00,110.90755
7559,annual,2024-09-11 23:00:00,107.51
7560,annual,2024-09-12 00:00:00,105.8514
7561,annual,2024-09-12 01:00:00,103.49
7562,annual,2024-09-12 02:00:00,97.0
7563,annual,2024-09-12 03:00:00,97.0
7564,annual,2024-09-12 04:00:00,98.43
7565,annual,2024-09-12 05:00:00,103.66826
7566,annual,2024-09-12 06:00:00,124.27254
7567,annual,2024-09-12 07:00:00,138.51417
7568,annual,2024-09-12 08:00:00,139.52
7569,annual,2024-09-12 09:00:00,122.65
7570,annual,2024-09-12 10:00:00,115.48
7571,annual,2024-09-12 11:00:00,110.07
7572,annual,2024-09-12 12:00:00,93.2
7573,annual,2024-09-12 13:00:00,91.07967
7574,annual,2024-09-12 14:00:00,93.3
7575,annual,2024-09-12 15:00:00,99.1314
7576,annual,2024-09-12 16:00:00,106.94
7577,annual,2024-09-12 17:00:00,116.18
7578,annual,2024-09-12 18:00:00,129.49
7579,annual,2024-09-12 19:00:00,155.87598
7580,annual,2024-09-12 20:00:00,145.8
7581,annual,2024-09-12 21:00:00,117.85
7582,annual,2024-09-12 22:00:00,104.33146
7583,annual,2024-09-12 23:00:00,97.56
7584,annual,2024-09-13 00:00:00,96.24
7585,annual,2024-09-13 01:00:00,89.09358
7586,annual,2024-09-13 02:00:00,83.69839
7587,annual,2024-09-13 03:00:00,80.1849
7588,annual,2024-09-13 04:00:00,77.74679
7589,annual,2024-09-13 05:00:00,88.14
7590,annual,2024-09-13 06:00:00,110.83
7591,annual,2024-09-13 07:00:00,131.2242
7592,annual,2024-09-13 08:00:00,132.04
7593,annual,2024-09-13 09:00:00,116.34
7594,annual,2024-09-13 10:00:00,104.37517
7595,annual,2024-09-13 11:00:00,95.25228
7596,annual,2024-09-13 12:00:00,88.86715
7597,annual,2024-09-13 13:00:00,84.72987
7598,annual,2024-09-13 14:00:00,92.01855
7599,annual,2024-09-13 15:00:00,91.60715
7600,annual,2024-09-13 16:00:00,95.87274
7601,annual,2024-09-13 17:00:00,102.0
7602,annual,2024-09-13 18:00:00,111.0
7603,annual,2024-09-13 19:00:00,131.1
7604,annual,2024-09-13 20:00:00,125.8
7605,annual,2024-09-13 21:00:00,111.26
7606,annual,2024-09-13 22:00:00,100.08
7607,annual,2024-09-13 23:00:00,100.56
7608,annual,2024-09-14 00:00:00,93.58
7609,annual,2024-09-14 01:00:00,94.59
7610,annual,2024-09-14 02:00:00,93.36
7611,annual,2024-09-14 03:00:00,88.0
7612,annual,2024-09-14 04:00:00,88.0
7613,annual,2024-09-14 05:00:00,93.6
7614,annual,2024-09-14 06:00:00,105.0
7615,annual,2024-09-14 07:00:00,111.0
7616,annual,2024-09-14 08:00:00,104.84496
7617,annual,2024-09-14 09:00:00,97.5
7618,annual,2024-09-14 10:00:00,87.88
7619,annual,2024-09-14 11:00:00,75.0
7620,annual,2024-09-14 12:00:00,79.18
7621,annual,2024-09-14 13:00:00,80.0
7622,annual,2024-09-14 14:00:00,81.5
7623,annual,2024-09-14 15:00:00,77.5
7624,annual,2024-09-14 16:00:00,90.5
7625,annual,2024-09-14 17:00:00,105.02
7626,annual,2024-09-14 18:00:00,119.08288
7627,annual,2024-09-14 19:00:00,140.71633
7628,annual,2024-09-14 20:00:00,141.39669
7629,annual,2024-09-14 21:00:00,118.15
7630,annual,2024-09-14 22:00:00,107.04541
7631,annual,2024-09-14 23:00:00,101.33622
7632,annual,2024-09-15 00:00:00,105.28263
7633,annual,2024-09-15 01:00:00,98.95402
7634,annual,2024-09-15 02:00:00,93.99
7635,annual,2024-09-15 03:00:00,93.98
7636,annual,2024-09-15 04:00:00,92.87
7637,annual,2024-09-15 05:00:00,93.95
7638,annual,2024-09-15 06:00:00,95.76
7639,annual,2024-09-15 07:00:00,95.77
7640,annual,2024-09-15 08:00:00,94.44
7641,annual,2024-09-15 09:00:00,94.53
7642,annual,2024-09-15 10:00:00,90.0
7643,annual,2024-09-15 11:00:00,71.3
7644,annual,2024-09-15 12:00:00,59.18
7645,annual,2024-09-15 13:00:00,33.0
7646,annual,2024-09-15 14:00:00,23.63548
7647,annual,2024-09-15 15:00:00,47.8822
7648,annual,2024-09-15 16:00:00,77.00505
7649,annual,2024-09-15 17:00:00,99.0
7650,annual,2024-09-15 18:00:00,107.24
7651,annual,2024-09-15 19:00:00,141.29375
7652,annual,2024-09-15 20:00:00,150.43785
7653,annual,2024-09-15 21:00:00,122.64991
7654,annual,2024-09-15 22:00:00,113.94911
7655,annual,2024-09-15 23:00:00,102.09402
7656,annual,2024-09-16 00:00:00,98.9209
7657,annual,2024-09-16 01:00:00,98.20018
7658,annual,2024-09-16 02:00:00,92.7
7659,annual,2024-09-16 03:00:00,93.98
7660,annual,2024-09-16 04:00:00,92.87
7661,annual,2024-09-16 05:00:00,102.5
7662,annual,2024-09-16 06:00:00,117.0
7663,annual,2024-09-16 07:00:00,133.56601
7664,annual,2024-09-16 08:00:00,141.02007
7665,annual,2024-09-16 09:00:00,119.23613
7666,annual,2024-09-16 10:00:00,108.12
7667,annual,2024-09-16 11:00:00,105.1
7668,annual,2024-09-16 12:00:00,97.63
7669,annual,2024-09-16 13:00:00,96.56
7670,annual,2024-09-16 14:00:00,100.0
7671,annual,2024-09-16 15:00:00,110.34
7672,annual,2024-09-16 16:00:00,118.15
7673,annual,2024-09-16 17:00:00,130.0
7674,annual,2024-09-16 18:00:00,138.7361
7675,annual,2024-09-16 19:00:00,180.31607
7676,annual,2024-09-16 20:00:00,167.22829
7677,annual,2024-09-16 21:00:00,121.89709
7678,annual,2024-09-16 22:00:00,105.61415
7679,annual,2024-09-16 23:00:00,102.07571
7680,annual,2024-09-17 00:00:00,108.31
7681,annual,2024-09-17 01:00:00,105.1
7682,annual,2024-09-17 02:00:00,103.0
7683,annual,2024-09-17 03:00:00,100.0
7684,annual,2024-09-17 04:00:00,101.03
7685,annual,2024-09-17 05:00:00,104.49245
7686,annual,2024-09-17 06:00:00,118.5
7687,annual,2024-09-17 07:00:00,136.59
7688,annual,2024-09-17 08:00:00,139.85
7689,annual,2024-09-17 09:00:00,115.25789
7690,annual,2024-09-17 10:00:00,107.86
7691,annual,2024-09-17 11:00:00,105.1
7692,annual,2024-09-17 12:00:00,100.0
7693,annual,2024-09-17 13:00:00,101.56
7694,annual,2024-09-17 14:00:00,104.87
7695,annual,2024-09-17 15:00:00,105.81
7696,annual,2024-09-17 16:00:00,111.74
7697,annual,2024-09-17 17:00:00,119.16
7698,annual,2024-09-17 18:00:00,128.0
7699,annual,2024-09-17 19:00:00,159.40501
7700,annual,2024-09-17 20:00:00,151.14653
7701,annual,2024-09-17 21:00:00,115.0
7702,annual,2024-09-17 22:00:00,107.72
7703,annual,2024-09-17 23:00:00,106.26
7704,annual,2024-09-18 00:00:00,104.16
7705,annual,2024-09-18 01:00:00,98.97
7706,annual,2024-09-18 02:00:00,95.07
7707,annual,2024-09-18 03:00:00,95.0
7708,annual,2024-09-18 04:00:00,95.0
7709,annual,2024-09-18 05:00:00,103.57
7710,annual,2024-09-18 06:00:00,112.8
7711,annual,2024-09-18 07:00:00,138.17697
7712,annual,2024-09-18 08:00:00,135.0
7713,annual,2024-09-18 09:00:00,115.26
7714,annual,2024-09-18 10:00:00,108.5
7715,annual,2024-09-18 11:00:00,107.97
7716,annual,2024-09-18 12:00:00,103.0
7717,annual,2024-09-18 13:00:00,102.59
7718,annual,2024-09-18 14:00:00,105.0
7719,annual,2024-09-18 15:00:00,106.78
7720,annual,2024-09-18 16:00:00,109.0
7721,annual,2024-09-18 17:00:00,112.8
7722,annual,2024-09-18 18:00:00,123.0
7723,annual,2024-09-18 19:00:00,157.30127
7724,annual,2024-09-18 20:00:00,141.49112
7725,annual,2024-09-18 21:00:00,114.78
7726,annual,2024-09-18 22:00:00,108.06
7727,annual,2024-09-18 23:00:00,106.54
7728,annual,2024-09-19 00:00:00,107.21
7729,annual,2024-09-19 01:00:00,99.65
7730,annual,2024-09-19 02:00:00,98.0
7731,annual,2024-09-19 03:00:00,97.5
7732,annual,2024-09-19 04:00:00,98.0
7733,annual,2024-09-19 05:00:00,102.08
7734,annual,2024-09-19 06:00:00,109.94
7735,annual,2024-09-19 07:00:00,135.12
7736,annual,2024-09-19 08:00:00,136.22
7737,annual,2024-09-19 09:00:00,114.18
7738,annual,2024-09-19 10:00:00,108.0
7739,annual,2024-09-19 11:00:00,100.47825
7740,annual,2024-09-19 12:00:00,92.49153
7741,annual,2024-09-19 13:00:00,92.51174
7742,annual,2024-09-19 14:00:00,96.82893
7743,annual,2024-09-19 15:00:00,101.60655
7744,annual,2024-09-19 16:00:00,107.5
7745,annual,2024-09-19 17:00:00,107.8
7746,annual,2024-09-19 18:00:00,122.0707
7747,annual,2024-09-19 19:00:00,150.50657
7748,annual,2024-09-19 20:00:00,131.86965
7749,annual,2024-09-19 21:00:00,114.09183
7750,annual,2024-09-19 22:00:00,107.89928
7751,annual,2024-09-19 23:00:00,107.5
7752,annual,2024-09-20 00:00:00,111.0
7753,annual,2024-09-20 01:00:00,109.72
7754,annual,2024-09-20 02:00:00,108.13
7755,annual,2024-09-20 03:00:00,103.8
7756,annual,2024-09-20 04:00:00,106.79
7757,annual,2024-09-20 05:00:00,108.13
7758,annual,2024-09-20 06:00:00,116.67
7759,annual,2024-09-20 07:00:00,150.65
7760,annual,2024-09-20 08:00:00,143.86158
7761,annual,2024-09-20 09:00:00,130.85519
7762,annual,2024-09-20 10:00:00,124.51458
7763,annual,2024-09-20 11:00:00,116.64392
7764,annual,2024-09-20 12:00:00,106.89054
7765,annual,2024-09-20 13:00:00,97.76844
7766,annual,2024-09-20 14:00:00,105.81557
7767,annual,2024-09-20 15:00:00,112.49
7768,annual,2024-09-20 16:00:00,116.72011
7769,annual,2024-09-20 17:00:00,115.14
7770,annual,2024-09-20 18:00:00,127.0
7771,annual,2024-09-20 19:00:00,161.01791
7772,annual,2024-09-20 20:00:00,145.51743
7773,annual,2024-09-20 21:00:00,124.07164
7774,annual,2024-09-20 22:00:00,113.97343
7775,annual,2024-09-20 23:00:00,113.09
7776,annual,2024-09-21 00:00:00,105.12
7777,annual,2024-09-21 01:00:00,102.07169
7778,annual,2024-09-21 02:00:00,102.75816
7779,annual,2024-09-21 03:00:00,102.06335
7780,annual,2024-09-21 04:00:00,102.06357
7781,annual,2024-09-21 05:00:00,103.02
7782,annual,2024-09-21 06:00:00,110.92
7783,annual,2024-09-21 07:00:00,125.0
7784,annual,2024-09-21 08:00:00,115.0
7785,annual,2024-09-21 09:00:00,104.99
7786,annual,2024-09-21 10:00:00,96.5
7787,annual,2024-09-21 11:00:00,81.49872
7788,annual,2024-09-21 12:00:00,80.5888
7789,annual,2024-09-21 13:00:00,80.0
7790,annual,2024-09-21 14:00:00,79.4305
7791,annual,2024-09-21 15:00:00,81.19814
7792,annual,2024-09-21 16:00:00,98.18462
7793,annual,2024-09-21 17:00:00,103.60037
7794,annual,2024-09-21 18:00:00,125.73085
7795,annual,2024-09-21 19:00:00,148.19024
7796,annual,2024-09-21 20:00:00,145.58475
7797,annual,2024-09-21 21:00:00,120.78039
7798,annual,2024-09-21 22:00:00,110.0
7799,annual,2024-09-21 23:00:00,107.5
7800,annual,2024-09-22 00:00:00,108.236
7801,annual,2024-09-22 01:00:00,95.84795
7802,annual,2024-09-22 02:00:00,92.96936
7803,annual,2024-09-22 03:00:00,89.87085
7804,annual,2024-09-22 04:00:00,89.23068
7805,annual,2024-09-22 05:00:00,91.78603
7806,annual,2024-09-22 06:00:00,92.03252
7807,annual,2024-09-22 07:00:00,92.12375
7808,annual,2024-09-22 08:00:00,91.93622
7809,annual,2024-09-22 09:00:00,95.19862
7810,annual,2024-09-22 10:00:00,96.38291
7811,annual,2024-09-22 11:00:00,94.69436
7812,annual,2024-09-22 12:00:00,100.48046
7813,annual,2024-09-22 13:00:00,95.66
7814,annual,2024-09-22 14:00:00,95.65
7815,annual,2024-09-22 15:00:00,91.19
7816,annual,2024-09-22 16:00:00,97.75636
7817,annual,2024-09-22 17:00:00,105.22
7818,annual,2024-09-22 18:00:00,124.37
7819,annual,2024-09-22 19:00:00,157.52866
7820,annual,2024-09-22 20:00:00,148.09705
7821,annual,2024-09-22 21:00:00,121.66074
7822,annual,2024-09-22 22:00:00,109.37
7823,annual,2024-09-22 23:00:00,102.66687
7824,annual,2024-09-23 00:00:00,106.4
7825,annual,2024-09-23 01:00:00,102.56
7826,annual,2024-09-23 02:00:00,100.0
7827,annual,2024-09-23 03:00:00,98.0
7828,annual,2024-09-23 04:00:00,102.58
7829,annual,2024-09-23 05:00:00,107.44
7830,annual,2024-09-23 06:00:00,133.0
7831,annual,2024-09-23 07:00:00,186.38
7832,annual,2024-09-23 08:00:00,215.0
7833,annual,2024-09-23 09:00:00,200.0
7834,annual,2024-09-23 10:00:00,200.0
7835,annual,2024-09-23 11:00:00,170.0
7836,annual,2024-09-23 12:00:00,113.51
7837,annual,2024-09-23 13:00:00,106.44703
7838,annual,2024-09-23 14:00:00,113.48849
7839,annual,2024-09-23 15:00:00,132.50033
7840,annual,2024-09-23 16:00:00,147.53
7841,annual,2024-09-23 17:00:00,161.49
7842,annual,2024-09-23 18:00:00,180.0
7843,annual,2024-09-23 19:00:00,206.29853
7844,annual,2024-09-23 20:00:00,182.65079
7845,annual,2024-09-23 21:00:00,123.94266
7846,annual,2024-09-23 22:00:00,107.76391
7847,annual,2024-09-23 23:00:00,102.67
7848,annual,2024-09-24 00:00:00,96.53
7849,annual,2024-09-24 01:00:00,90.66
7850,annual,2024-09-24 02:00:00,88.48
7851,annual,2024-09-24 03:00:00,86.73
7852,annual,2024-09-24 04:00:00,85.17
7853,annual,2024-09-24 05:00:00,88.94
7854,annual,2024-09-24 06:00:00,108.76463
7855,annual,2024-09-24 07:00:00,135.76
7856,annual,2024-09-24 08:00:00,141.55
7857,annual,2024-09-24 09:00:00,115.0
7858,annual,2024-09-24 10:00:00,103.94
7859,annual,2024-09-24 11:00:00,97.91
7860,annual,2024-09-24 12:00:00,92.0
7861,annual,2024-09-24 13:00:00,90.24742
7862,annual,2024-09-24 14:00:00,94.0
7863,annual,2024-09-24 15:00:00,98.46
7864,annual,2024-09-24 16:00:00,104.18128
7865,annual,2024-09-24 17:00:00,110.0
7866,annual,2024-09-24 18:00:00,126.36
7867,annual,2024-09-24 19:00:00,159.43468
7868,annual,2024-09-24 20:00:00,142.86901
7869,annual,2024-09-24 21:00:00,111.09286
7870,annual,2024-09-24 22:00:00,100.81
7871,annual,2024-09-24 23:00:00,99.4
7872,annual,2024-09-25 00:00:00,102.37
7873,annual,2024-09-25 01:00:00,102.04
7874,annual,2024-09-25 02:00:00,99.64
7875,annual,2024-09-25 03:00:00,96.37
7876,annual,2024-09-25 04:00:00,96.07
7877,annual,2024-09-25 05:00:00,102.0
7878,annual,2024-09-25 06:00:00,112.25
7879,annual,2024-09-25 07:00:00,144.91769
7880,annual,2024-09-25 08:00:00,170.0
7881,annual,2024-09-25 09:00:00,140.04
7882,annual,2024-09-25 10:00:00,110.0
7883,annual,2024-09-25 11:00:00,103.13
7884,annual,2024-09-25 12:00:00,94.7
7885,annual,2024-09-25 13:00:00,91.44663
7886,annual,2024-09-25 14:00:00,92.67668
7887,annual,2024-09-25 15:00:00,97.86275
7888,annual,2024-09-25 16:00:00,106.25
7889,annual,2024-09-25 17:00:00,110.0
7890,annual,2024-09-25 18:00:00,131.81229
7891,annual,2024-09-25 19:00:00,169.04195
7892,annual,2024-09-25 20:00:00,142.08827
7893,annual,2024-09-25 21:00:00,110.0
7894,annual,2024-09-25 22:00:00,106.55
7895,annual,2024-09-25 23:00:00,105.0
7896,annual,2024-09-26 00:00:00,98.63
7897,annual,2024-09-26 01:00:00,96.99938
7898,annual,2024-09-26 02:00:00,94.32322
7899,annual,2024-09-26 03:00:00,92.6
7900,annual,2024-09-26 04:00:00,92.32277
7901,annual,2024-09-26 05:00:00,96.75
7902,annual,2024-09-26 06:00:00,111.21
7903,annual,2024-09-26 07:00:00,130.0
7904,annual,2024-09-26 08:00:00,139.36
7905,annual,2024-09-26 09:00:00,121.51275
7906,annual,2024-09-26 10:00:00,110.0
7907,annual,2024-09-26 11:00:00,106.76369
7908,annual,2024-09-26 12:00:00,97.90764
7909,annual,2024-09-26 13:00:00,93.61106
7910,annual,2024-09-26 14:00:00,97.21018
7911,annual,2024-09-26 15:00:00,101.90251
7912,annual,2024-09-26 16:00:00,107.81078
7913,annual,2024-09-26 17:00:00,110.4
7914,annual,2024-09-26 18:00:00,125.4
7915,annual,2024-09-26 19:00:00,148.31528
7916,annual,2024-09-26 20:00:00,127.53
7917,annual,2024-09-26 21:00:00,109.92
7918,annual,2024-09-26 22:00:00,104.3
7919,annual,2024-09-26 23:00:00,108.0
7920,annual,2024-09-27 00:00:00,98.72
7921,annual,2024-09-27 01:00:00,96.08185
7922,annual,2024-09-27 02:00:00,95.0
7923,annual,2024-09-27 03:00:00,95.0
7924,annual,2024-09-27 04:00:00,95.2
7925,annual,2024-09-27 05:00:00,103.5
7926,annual,2024-09-27 06:00:00,110.0
7927,annual,2024-09-27 07:00:00,135.07
7928,annual,2024-09-27 08:00:00,137.3
7929,annual,2024-09-27 09:00:00,130.07
7930,annual,2024-09-27 10:00:00,109.49
7931,annual,2024-09-27 11:00:00,99.52942
7932,annual,2024-09-27 12:00:00,88.54682
7933,annual,2024-09-27 13:00:00,80.8049
7934,annual,2024-09-27 14:00:00,81.98051
7935,annual,2024-09-27 15:00:00,96.53009
7936,annual,2024-09-27 16:00:00,103.0
7937,annual,2024-09-27 17:00:00,109.61515
7938,annual,2024-09-27 18:00:00,128.7
7939,annual,2024-09-27 19:00:00,156.90382
7940,annual,2024-09-27 20:00:00,136.5015
7941,annual,2024-09-27 21:00:00,111.41
7942,annual,2024-09-27 22:00:00,108.3774
7943,annual,2024-09-27 23:00:00,110.26
7944,annual,2024-09-28 00:00:00,116.08209
7945,annual,2024-09-28 01:00:00,108.31204
7946,annual,2024-09-28 02:00:00,106.33466
7947,annual,2024-09-28 03:00:00,105.41261
7948,annual,2024-09-28 04:00:00,105.50251
7949,annual,2024-09-28 05:00:00,105.2491
7950,annual,2024-09-28 06:00:00,110.93
7951,annual,2024-09-28 07:00:00,119.02
7952,annual,2024-09-28 08:00:00,123.67
7953,annual,2024-09-28 09:00:00,105.47485
7954,annual,2024-09-28 10:00:00,95.41769
7955,annual,2024-09-28 11:00:00,80.97819
7956,annual,2024-09-28 12:00:00,75.07908
7957,annual,2024-09-28 13:00:00,70.24565
7958,annual,2024-09-28 14:00:00,66.07187
7959,annual,2024-09-28 15:00:00,79.0
7960,annual,2024-09-28 16:00:00,83.16651
7961,annual,2024-09-28 17:00:00,101.74351
7962,annual,2024-09-28 18:00:00,118.91
7963,annual,2024-09-28 19:00:00,139.15
7964,annual,2024-09-28 20:00:00,134.67
7965,annual,2024-09-28 21:00:00,110.0
7966,annual,2024-09-28 22:00:00,105.0
7967,annual,2024-09-28 23:00:00,103.32
7968,annual,2024-09-29 00:00:00,101.08
7969,annual,2024-09-29 01:00:00,101.57
7970,annual,2024-09-29 02:00:00,101.74
7971,annual,2024-09-29 03:00:00,101.81
7972,annual,2024-09-29 04:00:00,101.08
7973,annual,2024-09-29 05:00:00,101.81
7974,annual,2024-09-29 06:00:00,105.1
7975,annual,2024-09-29 07:00:00,105.1
7976,annual,2024-09-29 08:00:00,103.0
7977,annual,2024-09-29 09:00:00,69.36558
7978,annual,2024-09-29 10:00:00,46.76231
7979,annual,2024-09-29 11:00:00,43.79489
7980,annual,2024-09-29 12:00:00,8.56387
7981,annual,2024-09-29 13:00:00,0.9666
7982,annual,2024-09-29 14:00:00,3.10253
7983,annual,2024-09-29 15:00:00,31.04633
7984,annual,2024-09-29 16:00:00,66.95532
7985,annual,2024-09-29 17:00:00,94.17321
7986,annual,2024-09-29 18:00:00,114.62795
7987,annual,2024-09-29 19:00:00,135.91
7988,annual,2024-09-29 20:00:00,131.98
7989,annual,2024-09-29 21:00:00,120.0
7990,annual,2024-09-29 22:00:00,105.35
7991,annual,2024-09-29 23:00:00,100.39
7992,annual,2024-09-30 00:00:00,103.56
7993,annual,2024-09-30 01:00:00,101.08
7994,annual,2024-09-30 02:00:00,100.0
7995,annual,2024-09-30 03:00:00,99.28
7996,annual,2024-09-30 04:00:00,95.85
7997,annual,2024-09-30 05:00:00,101.81
7998,annual,2024-09-30 06:00:00,115.0
7999,annual,2024-09-30 07:00:00,138.81929
8000,annual,2024-09-30 08:00:00,144.0
8001,annual,2024-09-30 09:00:00,117.42
8002,annual,2024-09-30 10:00:00,105.48
8003,annual,2024-09-30 11:00:00,99.22
8004,annual,2024-09-30 12:00:00,69.13696
8005,annual,2024-09-30 13:00:00,68.50185
8006,annual,2024-09-30 14:00:00,89.0446
8007,annual,2024-09-30 15:00:00,100.22749
8008,annual,2024-09-30 16:00:00,106.54
8009,annual,2024-09-30 17:00:00,118.29
8010,annual,2024-09-30 18:00:00,135.0
8011,annual,2024-09-30 19:00:00,165.49137
8012,annual,2024-09-30 20:00:00,142.54635
8013,annual,2024-09-30 21:00:00,117.29
8014,annual,2024-09-30 22:00:00,114.99
8015,annual,2024-09-30 23:00:00,113.0
8016,annual,2024-10-01 00:00:00,109.91
8017,annual,2024-10-01 01:00:00,109.05
8018,annual,2024-10-01 02:00:00,105.17
8019,annual,2024-10-01 03:00:00,105.0
8020,annual,2024-10-01 04:00:00,105.1
8021,annual,2024-10-01 05:00:00,109.52
8022,annual,2024-10-01 06:00:00,125.0
8023,annual,2024-10-01 07:00:00,160.99
8024,annual,2024-10-01 08:00:00,157.93
8025,annual,2024-10-01 09:00:00,139.0
8026,annual,2024-10-01 10:00:00,125.0
8027,annual,2024-10-01 11:00:00,117.3
8028,annual,2024-10-01 12:00:00,105.53
8029,annual,2024-10-01 13:00:00,103.40186
8030,annual,2024-10-01 14:00:00,109.80745
8031,annual,2024-10-01 15:00:00,116.05495
8032,annual,2024-10-01 16:00:00,119.1
8033,annual,2024-10-01 17:00:00,130.42634
8034,annual,2024-10-01 18:00:00,151.76718
8035,annual,2024-10-01 19:00:00,187.4613
8036,annual,2024-10-01 20:00:00,153.38996
8037,annual,2024-10-01 21:00:00,124.60639
8038,annual,2024-10-01 22:00:00,117.30806
8039,annual,2024-10-01 23:00:00,115.0
8040,annual,2024-10-02 00:00:00,112.83
8041,annual,2024-10-02 01:00:00,110.7782
8042,annual,2024-10-02 02:00:00,108.46
8043,annual,2024-10-02 03:00:00,104.05
8044,annual,2024-10-02 04:00:00,106.05
8045,annual,2024-10-02 05:00:00,108.84
8046,annual,2024-10-02 06:00:00,128.58252
8047,annual,2024-10-02 07:00:00,160.5566
8048,annual,2024-10-02 08:00:00,167.46
8049,annual,2024-10-02 09:00:00,157.81
8050,annual,2024-10-02 10:00:00,152.97
8051,annual,2024-10-02 11:00:00,121.03
8052,annual,2024-10-02 12:00:00,112.82849
8053,annual,2024-10-02 13:00:00,105.13648
8054,annual,2024-10-02 14:00:00,109.25474
8055,annual,2024-10-02 15:00:00,115.67415
8056,annual,2024-10-02 16:00:00,118.32
8057,annual,2024-10-02 17:00:00,129.0
8058,annual,2024-10-02 18:00:00,154.81
8059,annual,2024-10-02 19:00:00,186.38526
8060,annual,2024-10-02 20:00:00,153.28234
8061,annual,2024-10-02 21:00:00,117.9
8062,annual,2024-10-02 22:00:00,110.87
8063,annual,2024-10-02 23:00:00,110.14
8064,annual,2024-10-03 00:00:00,110.0
8065,annual,2024-10-03 01:00:00,108.42
8066,annual,2024-10-03 02:00:00,102.1
8067,annual,2024-10-03 03:00:00,107.2
8068,annual,2024-10-03 04:00:00,108.08
8069,annual,2024-10-03 05:00:00,108.11
8070,annual,2024-10-03 06:00:00,117.19141
8071,annual,2024-10-03 07:00:00,129.58
8072,annual,2024-10-03 08:00:00,133.46
8073,annual,2024-10-03 09:00:00,133.89
8074,annual,2024-10-03 10:00:00,128.0
8075,annual,2024-10-03 11:00:00,118.11
8076,annual,2024-10-03 12:00:00,113.13
8077,annual,2024-10-03 13:00:00,110.03
8078,annual,2024-10-03 14:00:00,112.83645
8079,annual,2024-10-03 15:00:00,116.17699
8080,annual,2024-10-03 16:00:00,117.61
8081,annual,2024-10-03 17:00:00,120.0
8082,annual,2024-10-03 18:00:00,125.0
8083,annual,2024-10-03 19:00:00,143.57
8084,annual,2024-10-03 20:00:00,122.31
8085,annual,2024-10-03 21:00:00,105.98
8086,annual,2024-10-03 22:00:00,96.26467
8087,annual,2024-10-03 23:00:00,94.04
8088,annual,2024-10-04 00:00:00,102.23
8089,annual,2024-10-04 01:00:00,95.79521
8090,annual,2024-10-04 02:00:00,90.70496
8091,annual,2024-10-04 03:00:00,87.22625
8092,annual,2024-10-04 04:00:00,88.78
8093,annual,2024-10-04 05:00:00,97.73
8094,annual,2024-10-04 06:00:00,117.76
8095,annual,2024-10-04 07:00:00,154.08
8096,annual,2024-10-04 08:00:00,163.46
8097,annual,2024-10-04 09:00:00,151.08363
8098,annual,2024-10-04 10:00:00,126.82264
8099,annual,2024-10-04 11:00:00,110.94095
8100,annual,2024-10-04 12:00:00,94.94359
8101,annual,2024-10-04 13:00:00,89.81153
8102,annual,2024-10-04 14:00:00,91.07765
8103,annual,2024-10-04 15:00:00,108.77936
8104,annual,2024-10-04 16:00:00,118.75184
8105,annual,2024-10-04 17:00:00,126.75077
8106,annual,2024-10-04 18:00:00,140.0
8107,annual,2024-10-04 19:00:00,164.94296
8108,annual,2024-10-04 20:00:00,149.97909
8109,annual,2024-10-04 21:00:00,122.75109
8110,annual,2024-10-04 22:00:00,116.7
8111,annual,2024-10-04 23:00:00,116.18
8112,annual,2024-10-05 00:00:00,115.714
8113,annual,2024-10-05 01:00:00,114.78875
8114,annual,2024-10-05 02:00:00,112.93
8115,annual,2024-10-05 03:00:00,114.13
8116,annual,2024-10-05 04:00:00,113.35
8117,annual,2024-10-05 05:00:00,114.35
8118,annual,2024-10-05 06:00:00,123.0
8119,annual,2024-10-05 07:00:00,129.02874
8120,annual,2024-10-05 08:00:00,130.9
8121,annual,2024-10-05 09:00:00,117.92
8122,annual,2024-10-05 10:00:00,105.13718
8123,annual,2024-10-05 11:00:00,89.18747
8124,annual,2024-10-05 12:00:00,77.63757
8125,annual,2024-10-05 13:00:00,87.32456
8126,annual,2024-10-05 14:00:00,83.89509
8127,annual,2024-10-05 15:00:00,87.39951
8128,annual,2024-10-05 16:00:00,102.36179
8129,annual,2024-10-05 17:00:00,114.7
8130,annual,2024-10-05 18:00:00,141.87377
8131,annual,2024-10-05 19:00:00,158.55501
8132,annual,2024-10-05 20:00:00,147.08505
8133,annual,2024-10-05 21:00:00,124.78899
8134,annual,2024-10-05 22:00:00,114.31469
8135,annual,2024-10-05 23:00:00,115.13125
8136,annual,2024-10-06 00:00:00,125.10332
8137,annual,2024-10-06 01:00:00,117.29597
8138,annual,2024-10-06 02:00:00,112.49951
8139,annual,2024-10-06 03:00:00,111.11382
8140,annual,2024-10-06 04:00:00,111.09881
8141,annual,2024-10-06 05:00:00,111.46303
8142,annual,2024-10-06 06:00:00,119.11218
8143,annual,2024-10-06 07:00:00,116.59887
8144,annual,2024-10-06 08:00:00,130.0
8145,annual,2024-10-06 09:00:00,120.91
8146,annual,2024-10-06 10:00:00,114.19
8147,annual,2024-10-06 11:00:00,113.57
8148,annual,2024-10-06 12:00:00,105.44
8149,annual,2024-10-06 13:00:00,106.83389
8150,annual,2024-10-06 14:00:00,104.95092
8151,annual,2024-10-06 15:00:00,106.38
8152,annual,2024-10-06 16:00:00,106.99
8153,annual,2024-10-06 17:00:00,117.0
8154,annual,2024-10-06 18:00:00,137.76
8155,annual,2024-10-06 19:00:00,148.7587
8156,annual,2024-10-06 20:00:00,144.76
8157,annual,2024-10-06 21:00:00,131.3659
8158,annual,2024-10-06 22:00:00,117.96397
8159,annual,2024-10-06 23:00:00,109.51864
8160,annual,2024-10-07 00:00:00,110.0
8161,annual,2024-10-07 01:00:00,107.81
8162,annual,2024-10-07 02:00:00,104.25
8163,annual,2024-10-07 03:00:00,101.48
8164,annual,2024-10-07 04:00:00,101.48
8165,annual,2024-10-07 05:00:00,109.66
8166,annual,2024-10-07 06:00:00,116.409
8167,annual,2024-10-07 07:00:00,149.98699
8168,annual,2024-10-07 08:00:00,155.21864
8169,annual,2024-10-07 09:00:00,136.18506
8170,annual,2024-10-07 10:00:00,122.34917
8171,annual,2024-10-07 11:00:00,120.16682
8172,annual,2024-10-07 12:00:00,108.15404
8173,annual,2024-10-07 13:00:00,106.37334
8174,annual,2024-10-07 14:00:00,114.03071
8175,annual,2024-10-07 15:00:00,120.08595
8176,annual,2024-10-07 16:00:00,125.47657
8177,annual,2024-10-07 17:00:00,147.15815
8178,annual,2024-10-07 18:00:00,156.39626
8179,annual,2024-10-07 19:00:00,179.30357
8180,annual,2024-10-07 20:00:00,147.55929
8181,annual,2024-10-07 21:00:00,125.05402
8182,annual,2024-10-07 22:00:00,123.0805
8183,annual,2024-10-07 23:00:00,118.18411
8184,annual,2024-10-08 00:00:00,104.96233
8185,annual,2024-10-08 01:00:00,99.31736
8186,annual,2024-10-08 02:00:00,96.56146
8187,annual,2024-10-08 03:00:00,93.7
8188,annual,2024-10-08 04:00:00,92.58
8189,annual,2024-10-08 05:00:00,100.00342
8190,annual,2024-10-08 06:00:00,113.76544
8191,annual,2024-10-08 07:00:00,134.6574
8192,annual,2024-10-08 08:00:00,148.91861
8193,annual,2024-10-08 09:00:00,131.6
8194,annual,2024-10-08 10:00:00,119.46
8195,annual,2024-10-08 11:00:00,111.66
8196,annual,2024-10-08 12:00:00,101.60463
8197,annual,2024-10-08 13:00:00,104.31089
8198,annual,2024-10-08 14:00:00,103.59991
8199,annual,2024-10-08 15:00:00,106.00585
8200,annual,2024-10-08 16:00:00,115.65
8201,annual,2024-10-08 17:00:00,123.40086
8202,annual,2024-10-08 18:00:00,139.94972
8203,annual,2024-10-08 19:00:00,157.17961
8204,annual,2024-10-08 20:00:00,122.33679
8205,annual,2024-10-08 21:00:00,107.00218
8206,annual,2024-10-08 22:00:00,101.38115
8207,annual,2024-10-08 23:00:00,96.40416
8208,annual,2024-10-09 00:00:00,97.90513
8209,annual,2024-10-09 01:00:00,94.10075
8210,annual,2024-10-09 02:00:00,93.80092
8211,annual,2024-10-09 03:00:00,92.00409
8212,annual,2024-10-09 04:00:00,94.15763
8213,annual,2024-10-09 05:00:00,101.86331
8214,annual,2024-10-09 06:00:00,119.60459
8215,annual,2024-10-09 07:00:00,128.1659
8216,annual,2024-10-09 08:00:00,156.62469
8217,annual,2024-10-09 09:00:00,143.38605
8218,annual,2024-10-09 10:00:00,107.02
8219,annual,2024-10-09 11:00:00,96.75802
8220,annual,2024-10-09 12:00:00,81.6
8221,annual,2024-10-09 13:00:00,77.26044
8222,annual,2024-10-09 14:00:00,91.00136
8223,annual,2024-10-09 15:00:00,105.0215
8224,annual,2024-10-09 16:00:00,114.89896
8225,annual,2024-10-09 17:00:00,125.40082
8226,annual,2024-10-09 18:00:00,150.15764
8227,annual,2024-10-09 19:00:00,166.4354
8228,annual,2024-10-09 20:00:00,136.49182
8229,annual,2024-10-09 21:00:00,119.56191
8230,annual,2024-10-09 22:00:00,109.20282
8231,annual,2024-10-09 23:00:00,105.55102
8232,annual,2024-10-10 00:00:00,77.9
8233,annual,2024-10-10 01:00:00,47.33769
8234,annual,2024-10-10 02:00:00,44.44576
8235,annual,2024-10-10 03:00:00,65.63941
8236,annual,2024-10-10 04:00:00,62.63853
8237,annual,2024-10-10 05:00:00,84.73519
8238,annual,2024-10-10 06:00:00,105.33734
8239,annual,2024-10-10 07:00:00,125.43514
8240,annual,2024-10-10 08:00:00,155.45434
8241,annual,2024-10-10 09:00:00,148.5
8242,annual,2024-10-10 10:00:00,111.47012
8243,annual,2024-10-10 11:00:00,101.28496
8244,annual,2024-10-10 12:00:00,87.60349
8245,annual,2024-10-10 13:00:00,78.0299
8246,annual,2024-10-10 14:00:00,87.10007
8247,annual,2024-10-10 15:00:00,92.47502
8248,annual,2024-10-10 16:00:00,102.43827
8249,annual,2024-10-10 17:00:00,116.12849
8250,annual,2024-10-10 18:00:00,155.24464
8251,annual,2024-10-10 19:00:00,161.0979
8252,annual,2024-10-10 20:00:00,140.09632
8253,annual,2024-10-10 21:00:00,116.93043
8254,annual,2024-10-10 22:00:00,107.53902
8255,annual,2024-10-10 23:00:00,104.02077
8256,annual,2024-10-11 00:00:00,89.84826
8257,annual,2024-10-11 01:00:00,82.68
8258,annual,2024-10-11 02:00:00,75.82882
8259,annual,2024-10-11 03:00:00,71.45359
8260,annual,2024-10-11 04:00:00,73.30703
8261,annual,2024-10-11 05:00:00,85.76117
8262,annual,2024-10-11 06:00:00,112.35363
8263,annual,2024-10-11 07:00:00,141.45222
8264,annual,2024-10-11 08:00:00,155.70013
8265,annual,2024-10-11 09:00:00,139.0
8266,annual,2024-10-11 10:00:00,106.25694
8267,annual,2024-10-11 11:00:00,88.14436
8268,annual,2024-10-11 12:00:00,62.24521
8269,annual,2024-10-11 13:00:00,55.77791
8270,annual,2024-10-11 14:00:00,58.15322
8271,annual,2024-10-11 15:00:00,86.43598
8272,annual,2024-10-11 16:00:00,106.31905
8273,annual,2024-10-11 17:00:00,122.28916
8274,annual,2024-10-11 18:00:00,150.54868
8275,annual,2024-10-11 19:00:00,160.19578
8276,annual,2024-10-11 20:00:00,136.96
8277,annual,2024-10-11 21:00:00,115.79231
8278,annual,2024-10-11 22:00:00,109.23154
8279,annual,2024-10-11 23:00:00,107.78379
8280,annual,2024-10-12 00:00:00,102.3504
8281,annual,2024-10-12 01:00:00,93.75374
8282,annual,2024-10-12 02:00:00,90.6224
8283,annual,2024-10-12 03:00:00,86.57444
8284,annual,2024-10-12 04:00:00,84.80504
8285,annual,2024-10-12 05:00:00,90.83633
8286,annual,2024-10-12 06:00:00,103.41132
8287,annual,2024-10-12 07:00:00,123.76018
8288,annual,2024-10-12 08:00:00,122.34148
8289,annual,2024-10-12 09:00:00,106.36252
8290,annual,2024-10-12 10:00:00,91.30547
8291,annual,2024-10-12 11:00:00,68.71116
8292,annual,2024-10-12 12:00:00,60.0
8293,annual,2024-10-12 13:00:00,49.17245
8294,annual,2024-10-12 14:00:00,23.3903
8295,annual,2024-10-12 15:00:00,51.37054
8296,annual,2024-10-12 16:00:00,73.70983
8297,annual,2024-10-12 17:00:00,117.41811
8298,annual,2024-10-12 18:00:00,131.35302
8299,annual,2024-10-12 19:00:00,155.85492
8300,annual,2024-10-12 20:00:00,134.67431
8301,annual,2024-10-12 21:00:00,123.05869
8302,annual,2024-10-12 22:00:00,110.83293
8303,annual,2024-10-12 23:00:00,106.27775
8304,annual,2024-10-13 00:00:00,113.62575
8305,annual,2024-10-13 01:00:00,114.09549
8306,annual,2024-10-13 02:00:00,110.93268
8307,annual,2024-10-13 03:00:00,109.96566
8308,annual,2024-10-13 04:00:00,106.4468
8309,annual,2024-10-13 05:00:00,106.47606
8310,annual,2024-10-13 06:00:00,107.04918
8311,annual,2024-10-13 07:00:00,109.58652
8312,annual,2024-10-13 08:00:00,116.37166
8313,annual,2024-10-13 09:00:00,108.3524
8314,annual,2024-10-13 10:00:00,101.63935
8315,annual,2024-10-13 11:00:00,45.0
8316,annual,2024-10-13 12:00:00,29.37809
8317,annual,2024-10-13 13:00:00,8.56334
8318,annual,2024-10-13 14:00:00,14.01628
8319,annual,2024-10-13 15:00:00,40.64114
8320,annual,2024-10-13 16:00:00,85.22153
8321,annual,2024-10-13 17:00:00,105.09528
8322,annual,2024-10-13 18:00:00,134.02035
8323,annual,2024-10-13 19:00:00,142.91483
8324,annual,2024-10-13 20:00:00,124.57228
8325,annual,2024-10-13 21:00:00,113.5482
8326,annual,2024-10-13 22:00:00,108.42754
8327,annual,2024-10-13 23:00:00,99.40163
8328,annual,2024-10-14 00:00:00,103.82246
8329,annual,2024-10-14 01:00:00,103.22816
8330,annual,2024-10-14 02:00:00,102.46016
8331,annual,2024-10-14 03:00:00,100.0
8332,annual,2024-10-14 04:00:00,99.68289
8333,annual,2024-10-14 05:00:00,99.78076
8334,annual,2024-10-14 06:00:00,117.73505
8335,annual,2024-10-14 07:00:00,136.67566
8336,annual,2024-10-14 08:00:00,152.70661
8337,annual,2024-10-14 09:00:00,128.17698
8338,annual,2024-10-14 10:00:00,110.97085
8339,annual,2024-10-14 11:00:00,101.47044
8340,annual,2024-10-14 12:00:00,95.78046
8341,annual,2024-10-14 13:00:00,95.6968
8342,annual,2024-10-14 14:00:00,99.58378
8343,annual,2024-10-14 15:00:00,106.33474
8344,annual,2024-10-14 16:00:00,117.46619
8345,annual,2024-10-14 17:00:00,136.23602
8346,annual,2024-10-14 18:00:00,157.19457
8347,annual,2024-10-14 19:00:00,185.34523
8348,annual,2024-10-14 20:00:00,162.51282
8349,annual,2024-10-14 21:00:00,123.73383
8350,annual,2024-10-14 22:00:00,115.45664
8351,annual,2024-10-14 23:00:00,108.55947
8352,annual,2024-10-15 00:00:00,97.16429
8353,annual,2024-10-15 01:00:00,88.81697
8354,annual,2024-10-15 02:00:00,87.78449
8355,annual,2024-10-15 03:00:00,85.5564
8356,annual,2024-10-15 04:00:00,87.37287
8357,annual,2024-10-15 05:00:00,96.16324
8358,annual,2024-10-15 06:00:00,115.30437
8359,annual,2024-10-15 07:00:00,144.89069
8360,annual,2024-10-15 08:00:00,153.68004
8361,annual,2024-10-15 09:00:00,113.53688
8362,annual,2024-10-15 10:00:00,103.13656
8363,annual,2024-10-15 11:00:00,93.70999
8364,annual,2024-10-15 12:00:00,80.98686
8365,annual,2024-10-15 13:00:00,74.71331
8366,annual,2024-10-15 14:00:00,91.88677
8367,annual,2024-10-15 15:00:00,99.19956
8368,annual,2024-10-15 16:00:00,108.2742
8369,annual,2024-10-15 17:00:00,129.61204
8370,annual,2024-10-15 18:00:00,150.71765
8371,annual,2024-10-15 19:00:00,162.94359
8372,annual,2024-10-15 20:00:00,127.26628
8373,annual,2024-10-15 21:00:00,112.16447
8374,annual,2024-10-15 22:00:00,107.72017
8375,annual,2024-10-15 23:00:00,102.98699
8376,annual,2024-10-16 00:00:00,97.11599
8377,annual,2024-10-16 01:00:00,96.35894
8378,annual,2024-10-16 02:00:00,94.80219
8379,annual,2024-10-16 03:00:00,91.58075
8380,annual,2024-10-16 04:00:00,91.14786
8381,annual,2024-10-16 05:00:00,96.38823
8382,annual,2024-10-16 06:00:00,114.95085
8383,annual,2024-10-16 07:00:00,145.44483
8384,annual,2024-10-16 08:00:00,159.35
8385,annual,2024-10-16 09:00:00,145.0
8386,annual,2024-10-16 10:00:00,136.28043
8387,annual,2024-10-16 11:00:00,144.35979
8388,annual,2024-10-16 12:00:00,117.12
8389,annual,2024-10-16 13:00:00,117.17
8390,annual,2024-10-16 14:00:00,125.0
8391,annual,2024-10-16 15:00:00,132.09
8392,annual,2024-10-16 16:00:00,136.86048
8393,annual,2024-10-16 17:00:00,135.0
8394,annual,2024-10-16 18:00:00,151.38633
8395,annual,2024-10-16 19:00:00,162.55591
8396,annual,2024-10-16 20:00:00,126.05175
8397,annual,2024-10-16 21:00:00,118.6072
8398,annual,2024-10-16 22:00:00,109.83807
8399,annual,2024-10-16 23:00:00,107.06742
8400,annual,2024-10-17 00:00:00,97.21806
8401,annual,2024-10-17 01:00:00,85.80815
8402,annual,2024-10-17 02:00:00,100.2209
8403,annual,2024-10-17 03:00:00,98.09112
8404,annual,2024-10-17 04:00:00,102.26919
8405,annual,2024-10-17 05:00:00,104.01296
8406,annual,2024-10-17 06:00:00,116.6291
8407,annual,2024-10-17 07:00:00,130.39
8408,annual,2024-10-17 08:00:00,160.73854
8409,annual,2024-10-17 09:00:00,139.71595
8410,annual,2024-10-17 10:00:00,129.8
8411,annual,2024-10-17 11:00:00,130.0
8412,annual,2024-10-17 12:00:00,108.68848
8413,annual,2024-10-17 13:00:00,113.50279
8414,annual,2024-10-17 14:00:00,115.76884
8415,annual,2024-10-17 15:00:00,118.57
8416,annual,2024-10-17 16:00:00,119.39597
8417,annual,2024-10-17 17:00:00,120.56525
8418,annual,2024-10-17 18:00:00,141.35559
8419,annual,2024-10-17 19:00:00,152.64697
8420,annual,2024-10-17 20:00:00,117.83305
8421,annual,2024-10-17 21:00:00,117.74335
8422,annual,2024-10-17 22:00:00,117.73642
8423,annual,2024-10-17 23:00:00,103.16768
8424,annual,2024-10-18 00:00:00,104.73149
8425,annual,2024-10-18 01:00:00,101.39497
8426,annual,2024-10-18 02:00:00,93.93
8427,annual,2024-10-18 03:00:00,94.83894
8428,annual,2024-10-18 04:00:00,94.92215
8429,annual,2024-10-18 05:00:00,95.14821
8430,annual,2024-10-18 06:00:00,111.32654
8431,annual,2024-10-18 07:00:00,133.33413
8432,annual,2024-10-18 08:00:00,149.74123
8433,annual,2024-10-18 09:00:00,152.82
8434,annual,2024-10-18 10:00:00,133.06683
8435,annual,2024-10-18 11:00:00,130.22229
8436,annual,2024-10-18 12:00:00,109.78056
8437,annual,2024-10-18 13:00:00,108.45915
8438,annual,2024-10-18 14:00:00,110.80166
8439,annual,2024-10-18 15:00:00,106.53167
8440,annual,2024-10-18 16:00:00,111.32115
8441,annual,2024-10-18 17:00:00,121.74766
8442,annual,2024-10-18 18:00:00,139.06663
8443,annual,2024-10-18 19:00:00,145.51624
8444,annual,2024-10-18 20:00:00,116.15887
8445,annual,2024-10-18 21:00:00,107.81507
8446,annual,2024-10-18 22:00:00,103.59713
8447,annual,2024-10-18 23:00:00,99.77
8448,annual,2024-10-19 00:00:00,110.81406
8449,annual,2024-10-19 01:00:00,105.1
8450,annual,2024-10-19 02:00:00,96.07246
8451,annual,2024-10-19 03:00:00,94.31374
8452,annual,2024-10-19 04:00:00,91.36115
8453,annual,2024-10-19 05:00:00,92.11456
8454,annual,2024-10-19 06:00:00,105.0
8455,annual,2024-10-19 07:00:00,110.78584
8456,annual,2024-10-19 08:00:00,129.43293
8457,annual,2024-10-19 09:00:00,128.39745
8458,annual,2024-10-19 10:00:00,124.18997
8459,annual,2024-10-19 11:00:00,111.54967
8460,annual,2024-10-19 12:00:00,105.0
8461,annual,2024-10-19 13:00:00,98.44192
8462,annual,2024-10-19 14:00:00,94.63731
8463,annual,2024-10-19 15:00:00,99.20203
8464,annual,2024-10-19 16:00:00,105.0
8465,annual,2024-10-19 17:00:00,113.22498
8466,annual,2024-10-19 18:00:00,144.14143
8467,annual,2024-10-19 19:00:00,151.06501
8468,annual,2024-10-19 20:00:00,120.0
8469,annual,2024-10-19 21:00:00,110.68608
8470,annual,2024-10-19 22:00:00,95.39461
8471,annual,2024-10-19 23:00:00,92.04264
8472,annual,2024-10-20 00:00:00,104.57651
8473,annual,2024-10-20 01:00:00,103.83471
8474,annual,2024-10-20 02:00:00,111.3701
8475,annual,2024-10-20 03:00:00,111.10011
8476,annual,2024-10-20 04:00:00,111.5892
8477,annual,2024-10-20 05:00:00,111.14055
8478,annual,2024-10-20 06:00:00,112.02398
8479,annual,2024-10-20 07:00:00,120.43972
8480,annual,2024-10-20 08:00:00,119.98219
8481,annual,2024-10-20 09:00:00,127.93456
8482,annual,2024-10-20 10:00:00,131.77274
8483,annual,2024-10-20 11:00:00,127.12
8484,annual,2024-10-20 12:00:00,117.77643
8485,annual,2024-10-20 13:00:00,111.41285
8486,annual,2024-10-20 14:00:00,110.8755
8487,annual,2024-10-20 15:00:00,115.88688
8488,annual,2024-10-20 16:00:00,115.83593
8489,annual,2024-10-20 17:00:00,122.51067
8490,annual,2024-10-20 18:00:00,141.24142
8491,annual,2024-10-20 19:00:00,147.9488
8492,annual,2024-10-20 20:00:00,131.35154
8493,annual,2024-10-20 21:00:00,116.00169
8494,annual,2024-10-20 22:00:00,111.32839
8495,annual,2024-10-20 23:00:00,107.84576
8496,annual,2024-10-21 00:00:00,106.24407
8497,annual,2024-10-21 01:00:00,101.0222
8498,annual,2024-10-21 02:00:00,98.18867
8499,annual,2024-10-21 03:00:00,98.1819
8500,annual,2024-10-21 04:00:00,98.17354
8501,annual,2024-10-21 05:00:00,99.20397
8502,annual,2024-10-21 06:00:00,122.50943
8503,annual,2024-10-21 07:00:00,164.74
8504,annual,2024-10-21 08:00:00,171.51467
8505,annual,2024-10-21 09:00:00,164.26
8506,annual,2024-10-21 10:00:00,136.43416
8507,annual,2024-10-21 11:00:00,120.56075
8508,annual,2024-10-21 12:00:00,106.31393
8509,annual,2024-10-21 13:00:00,105.93185
8510,annual,2024-10-21 14:00:00,113.13065
8511,annual,2024-10-21 15:00:00,118.49356
8512,annual,2024-10-21 16:00:00,131.91
8513,annual,2024-10-21 17:00:00,163.09823
8514,annual,2024-10-21 18:00:00,174.04354
8515,annual,2024-10-21 19:00:00,178.91967
8516,annual,2024-10-21 20:00:00,160.72043
8517,annual,2024-10-21 21:00:00,129.18235
8518,annual,2024-10-21 22:00:00,118.33
8519,annual,2024-10-21 23:00:00,111.80956
8520,annual,2024-10-22 00:00:00,104.72
8521,annual,2024-10-22 01:00:00,103.26651
8522,annual,2024-10-22 02:00:00,101.13338
8523,annual,2024-10-22 03:00:00,101.13605
8524,annual,2024-10-22 04:00:00,101.35699
8525,annual,2024-10-22 05:00:00,103.68904
8526,annual,2024-10-22 06:00:00,119.70511
8527,annual,2024-10-22 07:00:00,160.0
8528,annual,2024-10-22 08:00:00,165.63
8529,annual,2024-10-22 09:00:00,152.48468
8530,annual,2024-10-22 10:00:00,131.68
8531,annual,2024-10-22 11:00:00,114.50967
8532,annual,2024-10-22 12:00:00,102.63
8533,annual,2024-10-22 13:00:00,101.81
8534,annual,2024-10-22 14:00:00,107.33
8535,annual,2024-10-22 15:00:00,116.25702
8536,annual,2024-10-22 16:00:00,124.75478
8537,annual,2024-10-22 17:00:00,148.60027
8538,annual,2024-10-22 18:00:00,162.2029
8539,annual,2024-10-22 19:00:00,165.60037
8540,annual,2024-10-22 20:00:00,144.18297
8541,annual,2024-10-22 21:00:00,120.34739
8542,annual,2024-10-22 22:00:00,117.28238
8543,annual,2024-10-22 23:00:00,109.412
8544,annual,2024-10-23 00:00:00,103.42835
8545,annual,2024-10-23 01:00:00,101.0198
8546,annual,2024-10-23 02:00:00,100.08261
8547,annual,2024-10-23 03:00:00,98.55591
8548,annual,2024-10-23 04:00:00,99.25145
8549,annual,2024-10-23 05:00:00,98.85127
8550,annual,2024-10-23 06:00:00,114.33468
8551,annual,2024-10-23 07:00:00,158.25897
8552,annual,2024-10-23 08:00:00,172.49453
8553,annual,2024-10-23 09:00:00,155.86
8554,annual,2024-10-23 10:00:00,130.21806
8555,annual,2024-10-23 11:00:00,115.36938
8556,annual,2024-10-23 12:00:00,110.76051
8557,annual,2024-10-23 13:00:00,110.731
8558,annual,2024-10-23 14:00:00,115.3803
8559,annual,2024-10-23 15:00:00,115.91633
8560,annual,2024-10-23 16:00:00,117.87972
8561,annual,2024-10-23 17:00:00,136.94976
8562,annual,2024-10-23 18:00:00,165.54127
8563,annual,2024-10-23 19:00:00,170.59992
8564,annual,2024-10-23 20:00:00,135.56052
8565,annual,2024-10-23 21:00:00,115.98387
8566,annual,2024-10-23 22:00:00,112.95187
8567,annual,2024-10-23 23:00:00,105.94941
8568,annual,2024-10-24 00:00:00,106.39575
8569,annual,2024-10-24 01:00:00,100.55988
8570,annual,2024-10-24 02:00:00,97.02838
8571,annual,2024-10-24 03:00:00,97.85499
8572,annual,2024-10-24 04:00:00,95.73356
8573,annual,2024-10-24 05:00:00,96.64522
8574,annual,2024-10-24 06:00:00,120.44775
8575,annual,2024-10-24 07:00:00,143.67712
8576,annual,2024-10-24 08:00:00,162.27951
8577,annual,2024-10-24 09:00:00,142.0
8578,annual,2024-10-24 10:00:00,125.61868
8579,annual,2024-10-24 11:00:00,113.79412
8580,annual,2024-10-24 12:00:00,106.92315
8581,annual,2024-10-24 13:00:00,105.67737
8582,annual,2024-10-24 14:00:00,109.10464
8583,annual,2024-10-24 15:00:00,113.11674
8584,annual,2024-10-24 16:00:00,114.82491
8585,annual,2024-10-24 17:00:00,133.72966
8586,annual,2024-10-24 18:00:00,150.94142
8587,annual,2024-10-24 19:00:00,158.55966
8588,annual,2024-10-24 20:00:00,131.11778
8589,annual,2024-10-24 21:00:00,116.56342
8590,annual,2024-10-24 22:00:00,119.32595
8591,annual,2024-10-24 23:00:00,109.10238
8592,annual,2024-10-25 00:00:00,105.27695
8593,annual,2024-10-25 01:00:00,99.6961
8594,annual,2024-10-25 02:00:00,98.71926
8595,annual,2024-10-25 03:00:00,98.67664
8596,annual,2024-10-25 04:00:00,98.72814
8597,annual,2024-10-25 05:00:00,97.891
8598,annual,2024-10-25 06:00:00,118.85422
8599,annual,2024-10-25 07:00:00,144.43699
8600,annual,2024-10-25 08:00:00,162.861
8601,annual,2024-10-25 09:00:00,145.1
8602,annual,2024-10-25 10:00:00,128.68448
8603,annual,2024-10-25 11:00:00,120.77654
8604,annual,2024-10-25 12:00:00,115.39803
8605,annual,2024-10-25 13:00:00,112.0295
8606,annual,2024-10-25 14:00:00,114.44188
8607,annual,2024-10-25 15:00:00,115.38237
8608,annual,2024-10-25 16:00:00,122.09768
8609,annual,2024-10-25 17:00:00,134.2183
8610,annual,2024-10-25 18:00:00,155.54274
8611,annual,2024-10-25 19:00:00,160.99789
8612,annual,2024-10-25 20:00:00,132.50058
8613,annual,2024-10-25 21:00:00,118.46404
8614,annual,2024-10-25 22:00:00,113.55
8615,annual,2024-10-25 23:00:00,108.3
8616,annual,2024-10-26 00:00:00,118.57
8617,annual,2024-10-26 01:00:00,109.14
8618,annual,2024-10-26 02:00:00,105.1
8619,annual,2024-10-26 03:00:00,104.3
8620,annual,2024-10-26 04:00:00,101.46
8621,annual,2024-10-26 05:00:00,101.46
8622,annual,2024-10-26 06:00:00,111.46
8623,annual,2024-10-26 07:00:00,118.91195
8624,annual,2024-10-26 08:00:00,135.93
8625,annual,2024-10-26 09:00:00,130.39
8626,annual,2024-10-26 10:00:00,115.0
8627,annual,2024-10-26 11:00:00,110.0
8628,annual,2024-10-26 12:00:00,98.79
8629,annual,2024-10-26 13:00:00,90.9
8630,annual,2024-10-26 14:00:00,88.79
8631,annual,2024-10-26 15:00:00,95.28
8632,annual,2024-10-26 16:00:00,110.0
8633,annual,2024-10-26 17:00:00,130.98011
8634,annual,2024-10-26 18:00:00,153.78303
8635,annual,2024-10-26 19:00:00,151.95105
8636,annual,2024-10-26 20:00:00,127.5217
8637,annual,2024-10-26 21:00:00,119.25158
8638,annual,2024-10-26 22:00:00,111.46
8639,annual,2024-10-26 23:00:00,105.0
8640,annual,2024-10-27 00:00:00,97.71
8641,annual,2024-10-27 01:00:00,99.28
8642,annual,2024-10-27 02:00:00,95.35
8643,annual,2024-10-27 03:00:00,97.64
8644,annual,2024-10-27 04:00:00,105.1
8645,annual,2024-10-27 05:00:00,107.26
8646,annual,2024-10-27 06:00:00,105.9
8647,annual,2024-10-27 07:00:00,106.92
8648,annual,2024-10-27 08:00:00,115.93
8649,annual,2024-10-27 09:00:00,109.18
8650,annual,2024-10-27 10:00:00,106.81
8651,annual,2024-10-27 11:00:00,117.45
8652,annual,2024-10-27 12:00:00,110.0
8653,annual,2024-10-27 13:00:00,109.97
8654,annual,2024-10-27 14:00:00,105.1
8655,annual,2024-10-27 15:00:00,105.1
8656,annual,2024-10-27 16:00:00,116.36501
8657,annual,2024-10-27 17:00:00,130.0
8658,annual,2024-10-27 18:00:00,141.72332
8659,annual,2024-10-27 19:00:00,146.10309
8660,annual,2024-10-27 20:00:00,142.92
8661,annual,2024-10-27 21:00:00,131.44
8662,annual,2024-10-27 22:00:00,122.04099
8663,annual,2024-10-27 23:00:00,116.20894
8664,annual,2024-10-28 00:00:00,110.0
8665,annual,2024-10-28 01:00:00,105.1
8666,annual,2024-10-28 02:00:00,99.1
8667,annual,2024-10-28 03:00:00,97.71
8668,annual,2024-10-28 04:00:00,100.28
8669,annual,2024-10-28 05:00:00,102.7
8670,annual,2024-10-28 06:00:00,120.98349
8671,annual,2024-10-28 07:00:00,125.04
8672,annual,2024-10-28 08:00:00,122.61336
8673,annual,2024-10-28 09:00:00,112.9
8674,annual,2024-10-28 10:00:00,106.81
8675,annual,2024-10-28 11:00:00,105.1
8676,annual,2024-10-28 12:00:00,98.88
8677,annual,2024-10-28 13:00:00,103.11518
8678,annual,2024-10-28 14:00:00,115.73
8679,annual,2024-10-28 15:00:00,126.4941
8680,annual,2024-10-28 16:00:00,140.78112
8681,annual,2024-10-28 17:00:00,145.11657
8682,annual,2024-10-28 18:00:00,159.93305
8683,annual,2024-10-28 19:00:00,155.97305
8684,annual,2024-10-28 20:00:00,134.50028
8685,annual,2024-10-28 21:00:00,123.47035
8686,annual,2024-10-28 22:00:00,116.14536
8687,annual,2024-10-28 23:00:00,104.93868
8688,annual,2024-10-29 00:00:00,117.15
8689,annual,2024-10-29 01:00:00,111.46
8690,annual,2024-10-29 02:00:00,111.46
8691,annual,2024-10-29 03:00:00,110.0
8692,annual,2024-10-29 04:00:00,111.46
8693,annual,2024-10-29 05:00:00,115.56607
8694,annual,2024-10-29 06:00:00,130.15476
8695,annual,2024-10-29 07:00:00,152.5
8696,annual,2024-10-29 08:00:00,153.70477
8697,annual,2024-10-29 09:00:00,130.60371
8698,annual,2024-10-29 10:00:00,120.34
8699,annual,2024-10-29 11:00:00,113.65
8700,annual,2024-10-29 12:00:00,105.89
8701,annual,2024-10-29 13:00:00,109.26
8702,annual,2024-10-29 14:00:00,122.3
8703,annual,2024-10-29 15:00:00,134.78
8704,annual,2024-10-29 16:00:00,164.46
8705,annual,2024-10-29 17:00:00,160.0
8706,annual,2024-10-29 18:00:00,162.57954
8707,annual,2024-10-29 19:00:00,167.1431
8708,annual,2024-10-29 20:00:00,139.87993
8709,annual,2024-10-29 21:00:00,125.72774
8710,annual,2024-10-29 22:00:00,121.03712
8711,annual,2024-10-29 23:00:00,115.11
8712,annual,2024-10-30 00:00:00,113.21594
8713,annual,2024-10-30 01:00:00,113.55333
8714,annual,2024-10-30 02:00:00,108.00456
8715,annual,2024-10-30 03:00:00,106.58439
8716,annual,2024-10-30 04:00:00,106.13312
8717,annual,2024-10-30 05:00:00,113.39
8718,annual,2024-10-30 06:00:00,127.82069
8719,annual,2024-10-30 07:00:00,149.65472
8720,annual,2024-10-30 08:00:00,152.99177
8721,annual,2024-10-30 09:00:00,125.59964
8722,annual,2024-10-30 10:00:00,116.87
8723,annual,2024-10-30 11:00:00,110.64
8724,annual,2024-10-30 12:00:00,102.71
8725,annual,2024-10-30 13:00:00,106.7
8726,annual,2024-10-30 14:00:00,113.27452
8727,annual,2024-10-30 15:00:00,127.57
8728,annual,2024-10-30 16:00:00,162.9445
8729,annual,2024-10-30 17:00:00,160.0
8730,annual,2024-10-30 18:00:00,164.22845
8731,annual,2024-10-30 19:00:00,162.8943
8732,annual,2024-10-30 20:00:00,132.22718
8733,annual,2024-10-30 21:00:00,124.28653
8734,annual,2024-10-30 22:00:00,121.04
8735,annual,2024-10-30 23:00:00,117.34983
8736,annual,2024-10-31 00:00:00,107.52671
8737,annual,2024-10-31 01:00:00,102.09004
8738,annual,2024-10-31 02:00:00,101.72273
8739,annual,2024-10-31 03:00:00,99.15551
8740,annual,2024-10-31 04:00:00,101.42979
8741,annual,2024-10-31 05:00:00,105.21156
8742,annual,2024-10-31 06:00:00,123.34963
8743,annual,2024-10-31 07:00:00,136.18048
8744,annual,2024-10-31 08:00:00,136.73892
8745,annual,2024-10-31 09:00:00,115.31629
8746,annual,2024-10-31 10:00:00,107.32004
8747,annual,2024-10-31 11:00:00,100.57148
8748,annual,2024-10-31 12:00:00,91.17194
8749,annual,2024-10-31 13:00:00,95.28388
8750,annual,2024-10-31 14:00:00,102.43185
8751,annual,2024-10-31 15:00:00,116.14633
8752,annual,2024-10-31 16:00:00,143.45208
8753,annual,2024-10-31 17:00:00,142.65788
8754,annual,2024-10-31 18:00:00,144.16496
8755,annual,2024-10-31 19:00:00,146.41475
8756,annual,2024-10-31 20:00:00,130.08
8757,annual,2024-10-31 21:00:00,123.88926
8758,annual,2024-10-31 22:00:00,116.49436
8759,annual,2024-10-31 23:00:00,105.66865
8760,annual,2024-11-01 00:00:00,102.25029
8761,annual,2024-11-01 01:00:00,100.48684
8762,annual,2024-11-01 02:00:00,102.90747
8763,annual,2024-11-01 03:00:00,104.86195
8764,annual,2024-11-01 04:00:00,102.14767
8765,annual,2024-11-01 05:00:00,99.69549
8766,annual,2024-11-01 06:00:00,99.2272
8767,annual,2024-11-01 07:00:00,104.52864
8768,annual,2024-11-01 08:00:00,104.85761
8769,annual,2024-11-01 09:00:00,98.35482
8770,annual,2024-11-01 10:00:00,93.14242
8771,annual,2024-11-01 11:00:00,91.25
8772,annual,2024-11-01 12:00:00,91.86257
8773,annual,2024-11-01 13:00:00,93.92237
8774,annual,2024-11-01 14:00:00,102.43627
8775,annual,2024-11-01 15:00:00,109.95431
8776,annual,2024-11-01 16:00:00,129.31111
8777,annual,2024-11-01 17:00:00,134.19606
8778,annual,2024-11-01 18:00:00,132.82044
8779,annual,2024-11-01 19:00:00,130.17016
8780,annual,2024-11-01 20:00:00,118.61631
8781,annual,2024-11-01 21:00:00,116.19021
8782,annual,2024-11-01 22:00:00,110.64726
8783,annual,2024-11-01 23:00:00,105.17846
8784,annual,2024-11-02 00:00:00,110.09352
8785,annual,2024-11-02 01:00:00,111.11118
8786,annual,2024-11-02 02:00:00,108.50845
8787,annual,2024-11-02 03:00:00,105.01509
8788,annual,2024-11-02 04:00:00,107.28456
8789,annual,2024-11-02 05:00:00,103.25957
8790,annual,2024-11-02 06:00:00,105.87817
8791,annual,2024-11-02 07:00:00,116.11661
8792,annual,2024-11-02 08:00:00,116.32277
8793,annual,2024-11-02 09:00:00,116.11819
8794,annual,2024-11-02 10:00:00,107.71364
8795,annual,2024-11-02 11:00:00,104.07327
8796,annual,2024-11-02 12:00:00,103.07097
8797,annual,2024-11-02 13:00:00,103.92
8798,annual,2024-11-02 14:00:00,106.97417
8799,annual,2024-11-02 15:00:00,116.08546
8800,annual,2024-11-02 16:00:00,134.9
8801,annual,2024-11-02 17:00:00,144.26427
8802,annual,2024-11-02 18:00:00,148.68856
8803,annual,2024-11-02 19:00:00,137.12545
8804,annual,2024-11-02 20:00:00,125.46141
8805,annual,2024-11-02 21:00:00,112.87092
8806,annual,2024-11-02 22:00:00,106.34957
8807,annual,2024-11-02 23:00:00,104.26
8808,annual,2024-11-03 00:00:00,103.28664
8809,annual,2024-11-03 01:00:00,107.38
8810,annual,2024-11-03 02:00:00,100.0
8811,annual,2024-11-03 03:00:00,103.04
8812,annual,2024-11-03 04:00:00,107.3
8813,annual,2024-11-03 05:00:00,102.68
8814,annual,2024-11-03 06:00:00,106.75
8815,annual,2024-11-03 07:00:00,107.37
8816,annual,2024-11-03 08:00:00,107.0
8817,annual,2024-11-03 09:00:00,100.19
8818,annual,2024-11-03 10:00:00,86.11
8819,annual,2024-11-03 11:00:00,83.53
8820,annual,2024-11-03 12:00:00,87.46
8821,annual,2024-11-03 13:00:00,86.79
8822,annual,2024-11-03 14:00:00,100.86
8823,annual,2024-11-03 15:00:00,113.08
8824,annual,2024-11-03 16:00:00,125.93
8825,annual,2024-11-03 17:00:00,133.69001
8826,annual,2024-11-03 18:00:00,137.81322
8827,annual,2024-11-03 19:00:00,134.62909
8828,annual,2024-11-03 20:00:00,122.90161
8829,annual,2024-11-03 21:00:00,112.45999
8830,annual,2024-11-03 22:00:00,109.76762
8831,annual,2024-11-03 23:00:00,104.70796
8832,annual,2024-11-04 00:00:00,107.0
8833,annual,2024-11-04 01:00:00,106.58
8834,annual,2024-11-04 02:00:00,105.0
8835,annual,2024-11-04 03:00:00,102.68
8836,annual,2024-11-04 04:00:00,101.0
8837,annual,2024-11-04 05:00:00,105.0
8838,annual,2024-11-04 06:00:00,131.08
8839,annual,2024-11-04 07:00:00,152.71
8840,annual,2024-11-04 08:00:00,152.71
8841,annual,2024-11-04 09:00:00,131.08
8842,annual,2024-11-04 10:00:00,116.78
8843,annual,2024-11-04 11:00:00,109.39
8844,annual,2024-11-04 12:00:00,103.16
8845,annual,2024-11-04 13:00:00,104.65
8846,annual,2024-11-04 14:00:00,115.88
8847,annual,2024-11-04 15:00:00,136.87
8848,annual,2024-11-04 16:00:00,170.68
8849,annual,2024-11-04 17:00:00,170.0
8850,annual,2024-11-04 18:00:00,177.15
8851,annual,2024-11-04 19:00:00,177.15
8852,annual,2024-11-04 20:00:00,147.32282
8853,annual,2024-11-04 21:00:00,127.0
8854,annual,2024-11-04 22:00:00,117.39
8855,annual,2024-11-04 23:00:00,113.0
8856,annual,2024-11-05 00:00:00,107.58
8857,annual,2024-11-05 01:00:00,102.3
8858,annual,2024-11-05 02:00:00,100.67
8859,annual,2024-11-05 03:00:00,100.56
8860,annual,2024-11-05 04:00:00,100.39
8861,annual,2024-11-05 05:00:00,105.47
8862,annual,2024-11-05 06:00:00,123.64744
8863,annual,2024-11-05 07:00:00,134.75
8864,annual,2024-11-05 08:00:00,133.14
8865,annual,2024-11-05 09:00:00,118.23
8866,annual,2024-11-05 10:00:00,106.8
8867,annual,2024-11-05 11:00:00,103.01
8868,annual,2024-11-05 12:00:00,96.69
8869,annual,2024-11-05 13:00:00,99.25
8870,annual,2024-11-05 14:00:00,109.74
8871,annual,2024-11-05 15:00:00,133.02
8872,annual,2024-11-05 16:00:00,155.56
8873,annual,2024-11-05 17:00:00,170.34718
8874,annual,2024-11-05 18:00:00,193.0
8875,annual,2024-11-05 19:00:00,186.20228
8876,annual,2024-11-05 20:00:00,154.45005
8877,annual,2024-11-05 21:00:00,130.8818
8878,annual,2024-11-05 22:00:00,117.80056
8879,annual,2024-11-05 23:00:00,114.06
8880,annual,2024-11-06 00:00:00,110.3
8881,annual,2024-11-06 01:00:00,105.11
8882,annual,2024-11-06 02:00:00,105.11
8883,annual,2024-11-06 03:00:00,105.1
8884,annual,2024-11-06 04:00:00,105.01
8885,annual,2024-11-06 05:00:00,109.0
8886,annual,2024-11-06 06:00:00,125.0
8887,annual,2024-11-06 07:00:00,131.61
8888,annual,2024-11-06 08:00:00,144.44
8889,annual,2024-11-06 09:00:00,131.61
8890,annual,2024-11-06 10:00:00,118.27353
8891,annual,2024-11-06 11:00:00,115.76005
8892,annual,2024-11-06 12:00:00,111.0
8893,annual,2024-11-06 13:00:00,114.66
8894,annual,2024-11-06 14:00:00,123.72
8895,annual,2024-11-06 15:00:00,131.61
8896,annual,2024-11-06 16:00:00,150.49
8897,annual,2024-11-06 17:00:00,155.0
8898,annual,2024-11-06 18:00:00,171.89
8899,annual,2024-11-06 19:00:00,167.02
8900,annual,2024-11-06 20:00:00,139.0
8901,annual,2024-11-06 21:00:00,131.6
8902,annual,2024-11-06 22:00:00,118.7
8903,annual,2024-11-06 23:00:00,115.94
8904,annual,2024-11-07 00:00:00,110.09702
8905,annual,2024-11-07 01:00:00,103.56
8906,annual,2024-11-07 02:00:00,100.41
8907,annual,2024-11-07 03:00:00,100.52
8908,annual,2024-11-07 04:00:00,103.67855
8909,annual,2024-11-07 05:00:00,115.75
8910,annual,2024-11-07 06:00:00,125.0
8911,annual,2024-11-07 07:00:00,141.61
8912,annual,2024-11-07 08:00:00,149.1
8913,annual,2024-11-07 09:00:00,134.16424
8914,annual,2024-11-07 10:00:00,119.32062
8915,annual,2024-11-07 11:00:00,118.41
8916,annual,2024-11-07 12:00:00,113.03
8917,annual,2024-11-07 13:00:00,116.0
8918,annual,2024-11-07 14:00:00,124.35568
8919,annual,2024-11-07 15:00:00,138.85
8920,annual,2024-11-07 16:00:00,160.74
8921,annual,2024-11-07 17:00:00,167.84
8922,annual,2024-11-07 18:00:00,164.52221
8923,annual,2024-11-07 19:00:00,163.07922
8924,annual,2024-11-07 20:00:00,135.0
8925,annual,2024-11-07 21:00:00,118.88494
8926,annual,2024-11-07 22:00:00,114.69147
8927,annual,2024-11-07 23:00:00,108.38
8928,annual,2024-11-08 00:00:00,104.05505
8929,annual,2024-11-08 01:00:00,100.89
8930,annual,2024-11-08 02:00:00,99.06
8931,annual,2024-11-08 03:00:00,98.77
8932,annual,2024-11-08 04:00:00,100.31
8933,annual,2024-11-08 05:00:00,105.15
8934,annual,2024-11-08 06:00:00,119.26
8935,annual,2024-11-08 07:00:00,130.0
8936,annual,2024-11-08 08:00:00,135.90586
8937,annual,2024-11-08 09:00:00,124.1
8938,annual,2024-11-08 10:00:00,117.34
8939,annual,2024-11-08 11:00:00,110.94
8940,annual,2024-11-08 12:00:00,105.59279
8941,annual,2024-11-08 13:00:00,106.80586
8942,annual,2024-11-08 14:00:00,114.0
8943,annual,2024-11-08 15:00:00,122.8
8944,annual,2024-11-08 16:00:00,135.39
8945,annual,2024-11-08 17:00:00,144.14466
8946,annual,2024-11-08 18:00:00,149.8703
8947,annual,2024-11-08 19:00:00,149.90441
8948,annual,2024-11-08 20:00:00,122.82845
8949,annual,2024-11-08 21:00:00,116.27344
8950,annual,2024-11-08 22:00:00,117.55
8951,annual,2024-11-08 23:00:00,113.19
8952,annual,2024-11-09 00:00:00,111.54
8953,annual,2024-11-09 01:00:00,110.89
8954,annual,2024-11-09 02:00:00,105.1
8955,annual,2024-11-09 03:00:00,104.43
8956,annual,2024-11-09 04:00:00,102.4
8957,annual,2024-11-09 05:00:00,104.48
8958,annual,2024-11-09 06:00:00,113.68
8959,annual,2024-11-09 07:00:00,122.58
8960,annual,2024-11-09 08:00:00,123.85
8961,annual,2024-11-09 09:00:00,124.36
8962,annual,2024-11-09 10:00:00,117.48
8963,annual,2024-11-09 11:00:00,113.54
8964,annual,2024-11-09 12:00:00,106.88125
8965,annual,2024-11-09 13:00:00,108.0
8966,annual,2024-11-09 14:00:00,110.18
8967,annual,2024-11-09 15:00:00,122.12
8968,annual,2024-11-09 16:00:00,134.0
8969,annual,2024-11-09 17:00:00,145.42879
8970,annual,2024-11-09 18:00:00,150.0
8971,annual,2024-11-09 19:00:00,142.31054
8972,annual,2024-11-09 20:00:00,129.62
8973,annual,2024-11-09 21:00:00,122.87
8974,annual,2024-11-09 22:00:00,120.0
8975,annual,2024-11-09 23:00:00,114.77
8976,annual,2024-11-10 00:00:00,125.0
8977,annual,2024-11-10 01:00:00,120.0
8978,annual,2024-11-10 02:00:00,116.03
8979,annual,2024-11-10 03:00:00,116.05
8980,annual,2024-11-10 04:00:00,116.32
8981,annual,2024-11-10 05:00:00,116.1
8982,annual,2024-11-10 06:00:00,117.51
8983,annual,2024-11-10 07:00:00,114.43
8984,annual,2024-11-10 08:00:00,110.53
8985,annual,2024-11-10 09:00:00,111.03516
8986,annual,2024-11-10 10:00:00,109.73567
8987,annual,2024-11-10 11:00:00,110.12504
8988,annual,2024-11-10 12:00:00,110.92325
8989,annual,2024-11-10 13:00:00,106.3
8990,annual,2024-11-10 14:00:00,109.72
8991,annual,2024-11-10 15:00:00,123.91
8992,annual,2024-11-10 16:00:00,130.12
8993,annual,2024-11-10 17:00:00,143.0
8994,annual,2024-11-10 18:00:00,144.5198
8995,annual,2024-11-10 19:00:00,138.44318
8996,annual,2024-11-10 20:00:00,127.7
8997,annual,2024-11-10 21:00:00,125.87
8998,annual,2024-11-10 22:00:00,123.8
8999,annual,2024-11-10 23:00:00,114.32
9000,annual,2024-11-11 00:00:00,109.72
9001,annual,2024-11-11 01:00:00,103.8855
9002,annual,2024-11-11 02:00:00,100.0638
9003,annual,2024-11-11 03:00:00,99.18304
9004,annual,2024-11-11 04:00:00,99.28923
9005,annual,2024-11-11 05:00:00,105.33248
9006,annual,2024-11-11 06:00:00,125.0
9007,annual,2024-11-11 07:00:00,140.37
9008,annual,2024-11-11 08:00:00,149.07
9009,annual,2024-11-11 09:00:00,127.61
9010,annual,2024-11-11 10:00:00,125.07
9011,annual,2024-11-11 11:00:00,122.23
9012,annual,2024-11-11 12:00:00,117.99
9013,annual,2024-11-11 13:00:00,118.91
9014,annual,2024-11-11 14:00:00,128.06
9015,annual,2024-11-11 15:00:00,149.59
9016,annual,2024-11-11 16:00:00,151.0
9017,annual,2024-11-11 17:00:00,154.47
9018,annual,2024-11-11 18:00:00,156.7
9019,annual,2024-11-11 19:00:00,158.28
9020,annual,2024-11-11 20:00:00,136.94
9021,annual,2024-11-11 21:00:00,127.28
9022,annual,2024-11-11 22:00:00,125.0
9023,annual,2024-11-11 23:00:00,120.0
9024,annual,2024-11-12 00:00:00,116.59
9025,annual,2024-11-12 01:00:00,111.18
9026,annual,2024-11-12 02:00:00,111.6
9027,annual,2024-11-12 03:00:00,111.6
9028,annual,2024-11-12 04:00:00,115.27
9029,annual,2024-11-12 05:00:00,121.89473
9030,annual,2024-11-12 06:00:00,140.0
9031,annual,2024-11-12 07:00:00,168.14
9032,annual,2024-11-12 08:00:00,175.05
9033,annual,2024-11-12 09:00:00,157.83746
9034,annual,2024-11-12 10:00:00,147.40031
9035,annual,2024-11-12 11:00:00,139.30004
9036,annual,2024-11-12 12:00:00,130.36075
9037,annual,2024-11-12 13:00:00,139.10414
9038,annual,2024-11-12 14:00:00,143.7858
9039,annual,2024-11-12 15:00:00,150.41707
9040,annual,2024-11-12 16:00:00,153.11162
9041,annual,2024-11-12 17:00:00,168.52
9042,annual,2024-11-12 18:00:00,161.84
9043,annual,2024-11-12 19:00:00,159.5
9044,annual,2024-11-12 20:00:00,145.22307
9045,annual,2024-11-12 21:00:00,134.95265
9046,annual,2024-11-12 22:00:00,128.47
9047,annual,2024-11-12 23:00:00,119.46142
9048,annual,2024-11-13 00:00:00,118.93
9049,annual,2024-11-13 01:00:00,113.2
9050,annual,2024-11-13 02:00:00,108.9
9051,annual,2024-11-13 03:00:00,110.52
9052,annual,2024-11-13 04:00:00,112.88889
9053,annual,2024-11-13 05:00:00,123.01
9054,annual,2024-11-13 06:00:00,131.23
9055,annual,2024-11-13 07:00:00,145.30743
9056,annual,2024-11-13 08:00:00,154.97605
9057,annual,2024-11-13 09:00:00,141.18333
9058,annual,2024-11-13 10:00:00,130.97911
9059,annual,2024-11-13 11:00:00,127.0
9060,annual,2024-11-13 12:00:00,126.42
9061,annual,2024-11-13 13:00:00,129.22805
9062,annual,2024-11-13 14:00:00,139.81873
9063,annual,2024-11-13 15:00:00,152.94722
9064,annual,2024-11-13 16:00:00,179.0
9065,annual,2024-11-13 17:00:00,186.54
9066,annual,2024-11-13 18:00:00,185.7
9067,annual,2024-11-13 19:00:00,162.47272
9068,annual,2024-11-13 20:00:00,144.68
9069,annual,2024-11-13 21:00:00,135.59
9070,annual,2024-11-13 22:00:00,129.52
9071,annual,2024-11-13 23:00:00,123.58
9072,annual,2024-11-14 00:00:00,118.63
9073,annual,2024-11-14 01:00:00,113.65
9074,annual,2024-11-14 02:00:00,113.46
9075,annual,2024-11-14 03:00:00,112.43
9076,annual,2024-11-14 04:00:00,111.69
9077,annual,2024-11-14 05:00:00,122.0
9078,annual,2024-11-14 06:00:00,133.52
9079,annual,2024-11-14 07:00:00,136.1
9080,annual,2024-11-14 08:00:00,155.0
9081,annual,2024-11-14 09:00:00,146.0
9082,annual,2024-11-14 10:00:00,130.17765
9083,annual,2024-11-14 11:00:00,130.27
9084,annual,2024-11-14 12:00:00,128.62
9085,annual,2024-11-14 13:00:00,128.62
9086,annual,2024-11-14 14:00:00,131.93
9087,annual,2024-11-14 15:00:00,147.59
9088,annual,2024-11-14 16:00:00,155.0
9089,annual,2024-11-14 17:00:00,161.681
9090,annual,2024-11-14 18:00:00,159.29379
9091,annual,2024-11-14 19:00:00,151.63
9092,annual,2024-11-14 20:00:00,140.09591
9093,annual,2024-11-14 21:00:00,130.0
9094,annual,2024-11-14 22:00:00,127.86
9095,annual,2024-11-14 23:00:00,118.49
9096,annual,2024-11-15 00:00:00,121.2
9097,annual,2024-11-15 01:00:00,112.78
9098,annual,2024-11-15 02:00:00,110.1
9099,annual,2024-11-15 03:00:00,108.2573
9100,annual,2024-11-15 04:00:00,109.72721
9101,annual,2024-11-15 05:00:00,113.6
9102,annual,2024-11-15 06:00:00,137.90306
9103,annual,2024-11-15 07:00:00,160.0
9104,annual,2024-11-15 08:00:00,165.0
9105,annual,2024-11-15 09:00:00,145.05507
9106,annual,2024-11-15 10:00:00,130.62014
9107,annual,2024-11-15 11:00:00,124.67753
9108,annual,2024-11-15 12:00:00,119.92132
9109,annual,2024-11-15 13:00:00,119.34888
9110,annual,2024-11-15 14:00:00,126.15739
9111,annual,2024-11-15 15:00:00,140.22
9112,annual,2024-11-15 16:00:00,150.54674
9113,annual,2024-11-15 17:00:00,160.8
9114,annual,2024-11-15 18:00:00,161.15
9115,annual,2024-11-15 19:00:00,161.95
9116,annual,2024-11-15 20:00:00,150.0
9117,annual,2024-11-15 21:00:00,140.22
9118,annual,2024-11-15 22:00:00,134.0
9119,annual,2024-11-15 23:00:00,125.97338
9120,annual,2024-11-16 00:00:00,124.16
9121,annual,2024-11-16 01:00:00,121.5
9122,annual,2024-11-16 02:00:00,116.26116
9123,annual,2024-11-16 03:00:00,111.62741
9124,annual,2024-11-16 04:00:00,118.24
9125,annual,2024-11-16 05:00:00,122.71
9126,annual,2024-11-16 06:00:00,140.0
9127,annual,2024-11-16 07:00:00,155.0
9128,annual,2024-11-16 08:00:00,155.33174
9129,annual,2024-11-16 09:00:00,131.64
9130,annual,2024-11-16 10:00:00,121.62
9131,annual,2024-11-16 11:00:00,106.34506
9132,annual,2024-11-16 12:00:00,103.41
9133,annual,2024-11-16 13:00:00,106.1
9134,annual,2024-11-16 14:00:00,123.06
9135,annual,2024-11-16 15:00:00,135.72
9136,annual,2024-11-16 16:00:00,154.68
9137,annual,2024-11-16 17:00:00,167.54321
9138,annual,2024-11-16 18:00:00,166.62377
9139,annual,2024-11-16 19:00:00,164.50457
9140,annual,2024-11-16 20:00:00,152.04106
9141,annual,2024-11-16 21:00:00,137.16769
9142,annual,2024-11-16 22:00:00,131.84886
9143,annual,2024-11-16 23:00:00,129.6402
9144,annual,2024-11-17 00:00:00,123.18661
9145,annual,2024-11-17 01:00:00,119.99029
9146,annual,2024-11-17 02:00:00,114.22
9147,annual,2024-11-17 03:00:00,110.9
9148,annual,2024-11-17 04:00:00,108.77641
9149,annual,2024-11-17 05:00:00,118.0
9150,annual,2024-11-17 06:00:00,120.59232
9151,annual,2024-11-17 07:00:00,123.26732
9152,annual,2024-11-17 08:00:00,121.32
9153,annual,2024-11-17 09:00:00,119.71
9154,annual,2024-11-17 10:00:00,109.19105
9155,annual,2024-11-17 11:00:00,103.11
9156,annual,2024-11-17 12:00:00,104.5
9157,annual,2024-11-17 13:00:00,103.17
9158,annual,2024-11-17 14:00:00,116.0
9159,annual,2024-11-17 15:00:00,130.92
9160,annual,2024-11-17 16:00:00,141.0
9161,annual,2024-11-17 17:00:00,146.5
9162,annual,2024-11-17 18:00:00,155.85
9163,annual,2024-11-17 19:00:00,159.24
9164,annual,2024-11-17 20:00:00,147.19
9165,annual,2024-11-17 21:00:00,134.65
9166,annual,2024-11-17 22:00:00,126.0
9167,annual,2024-11-17 23:00:00,115.3
9168,annual,2024-11-18 00:00:00,114.44
9169,annual,2024-11-18 01:00:00,106.83139
9170,annual,2024-11-18 02:00:00,103.45
9171,annual,2024-11-18 03:00:00,111.0
9172,annual,2024-11-18 04:00:00,111.0
9173,annual,2024-11-18 05:00:00,117.1
9174,annual,2024-11-18 06:00:00,140.43
9175,annual,2024-11-18 07:00:00,153.0
9176,annual,2024-11-18 08:00:00,150.0
9177,annual,2024-11-18 09:00:00,141.66
9178,annual,2024-11-18 10:00:00,133.96
9179,annual,2024-11-18 11:00:00,130.36
9180,annual,2024-11-18 12:00:00,124.0
9181,annual,2024-11-18 13:00:00,127.8
9182,annual,2024-11-18 14:00:00,133.1
9183,annual,2024-11-18 15:00:00,155.0
9184,annual,2024-11-18 16:00:00,164.23
9185,annual,2024-11-18 17:00:00,169.75
9186,annual,2024-11-18 18:00:00,174.61525
9187,annual,2024-11-18 19:00:00,170.56223
9188,annual,2024-11-18 20:00:00,156.25576
9189,annual,2024-11-18 21:00:00,141.66
9190,annual,2024-11-18 22:00:00,132.91
9191,annual,2024-11-18 23:00:00,129.93
9192,annual,2024-11-19 00:00:00,123.27
9193,annual,2024-11-19 01:00:00,120.0
9194,annual,2024-11-19 02:00:00,116.84
9195,annual,2024-11-19 03:00:00,116.0
9196,annual,2024-11-19 04:00:00,116.36
9197,annual,2024-11-19 05:00:00,124.6
9198,annual,2024-11-19 06:00:00,150.0
9199,annual,2024-11-19 07:00:00,164.9
9200,annual,2024-11-19 08:00:00,171.36
9201,annual,2024-11-19 09:00:00,160.0
9202,annual,2024-11-19 10:00:00,152.80748
9203,annual,2024-11-19 11:00:00,152.14078
9204,annual,2024-11-19 12:00:00,134.16615
9205,annual,2024-11-19 13:00:00,136.41926
9206,annual,2024-11-19 14:00:00,148.86602
9207,annual,2024-11-19 15:00:00,157.73697
9208,annual,2024-11-19 16:00:00,164.9
9209,annual,2024-11-19 17:00:00,168.75
9210,annual,2024-11-19 18:00:00,152.42772
9211,annual,2024-11-19 19:00:00,145.34897
9212,annual,2024-11-19 20:00:00,136.06
9213,annual,2024-11-19 21:00:00,132.34
9214,annual,2024-11-19 22:00:00,130.0
9215,annual,2024-11-19 23:00:00,117.86
9216,annual,2024-11-20 00:00:00,111.11
9217,annual,2024-11-20 01:00:00,110.0
9218,annual,2024-11-20 02:00:00,106.9
9219,annual,2024-11-20 03:00:00,105.9
9220,annual,2024-11-20 04:00:00,105.89
9221,annual,2024-11-20 05:00:00,109.17
9222,annual,2024-11-20 06:00:00,135.4
9223,annual,2024-11-20 07:00:00,140.0
9224,annual,2024-11-20 08:00:00,151.36
9225,annual,2024-11-20 09:00:00,146.77
9226,annual,2024-11-20 10:00:00,136.97
9227,annual,2024-11-20 11:00:00,134.61821
9228,annual,2024-11-20 12:00:00,127.23439
9229,annual,2024-11-20 13:00:00,130.91676
9230,annual,2024-11-20 14:00:00,138.38609
9231,annual,2024-11-20 15:00:00,144.25
9232,annual,2024-11-20 16:00:00,152.99
9233,annual,2024-11-20 17:00:00,154.93
9234,annual,2024-11-20 18:00:00,154.7
9235,annual,2024-11-20 19:00:00,148.84223
9236,annual,2024-11-20 20:00:00,135.98
9237,annual,2024-11-20 21:00:00,126.61988
9238,annual,2024-11-20 22:00:00,123.65
9239,annual,2024-11-20 23:00:00,111.02
9240,annual,2024-11-21 00:00:00,110.0
9241,annual,2024-11-21 01:00:00,108.82
9242,annual,2024-11-21 02:00:00,106.41
9243,annual,2024-11-21 03:00:00,107.3
9244,annual,2024-11-21 04:00:00,108.82
9245,annual,2024-11-21 05:00:00,111.65
9246,annual,2024-11-21 06:00:00,131.93
9247,annual,2024-11-21 07:00:00,148.15
9248,annual,2024-11-21 08:00:00,160.0
9249,annual,2024-11-21 09:00:00,140.0
9250,annual,2024-11-21 10:00:00,134.0
9251,annual,2024-11-21 11:00:00,130.37
9252,annual,2024-11-21 12:00:00,124.49
9253,annual,2024-11-21 13:00:00,130.68
9254,annual,2024-11-21 14:00:00,144.42718
9255,annual,2024-11-21 15:00:00,156.9169
9256,annual,2024-11-21 16:00:00,167.42
9257,annual,2024-11-21 17:00:00,170.0
9258,annual,2024-11-21 18:00:00,162.24
9259,annual,2024-11-21 19:00:00,154.63138
9260,annual,2024-11-21 20:00:00,135.78
9261,annual,2024-11-21 21:00:00,134.0
9262,annual,2024-11-21 22:00:00,128.23
9263,annual,2024-11-21 23:00:00,116.96
9264,annual,2024-11-22 00:00:00,120.38
9265,annual,2024-11-22 01:00:00,116.56
9266,annual,2024-11-22 02:00:00,113.0
9267,annual,2024-11-22 03:00:00,112.5
9268,annual,2024-11-22 04:00:00,106.4273
9269,annual,2024-11-22 05:00:00,114.66
9270,annual,2024-11-22 06:00:00,142.01
9271,annual,2024-11-22 07:00:00,155.0
9272,annual,2024-11-22 08:00:00,170.0
9273,annual,2024-11-22 09:00:00,149.19728
9274,annual,2024-11-22 10:00:00,139.2566
9275,annual,2024-11-22 11:00:00,129.95748
9276,annual,2024-11-22 12:00:00,126.45818
9277,annual,2024-11-22 13:00:00,126.24849
9278,annual,2024-11-22 14:00:00,136.14553
9279,annual,2024-11-22 15:00:00,142.60311
9280,annual,2024-11-22 16:00:00,156.0
9281,annual,2024-11-22 17:00:00,158.50473
9282,annual,2024-11-22 18:00:00,153.0
9283,annual,2024-11-22 19:00:00,153.67
9284,annual,2024-11-22 20:00:00,142.87
9285,annual,2024-11-22 21:00:00,140.0
9286,annual,2024-11-22 22:00:00,135.91
9287,annual,2024-11-22 23:00:00,133.0
9288,annual,2024-11-23 00:00:00,131.87
9289,annual,2024-11-23 01:00:00,130.4
9290,annual,2024-11-23 02:00:00,126.5
9291,annual,2024-11-23 03:00:00,121.8
9292,annual,2024-11-23 04:00:00,122.5
9293,annual,2024-11-23 05:00:00,125.0
9294,annual,2024-11-23 06:00:00,137.83
9295,annual,2024-11-23 07:00:00,150.95309
9296,annual,2024-11-23 08:00:00,152.31
9297,annual,2024-11-23 09:00:00,138.59
9298,annual,2024-11-23 10:00:00,125.6
9299,annual,2024-11-23 11:00:00,118.15
9300,annual,2024-11-23 12:00:00,120.0
9301,annual,2024-11-23 13:00:00,118.09
9302,annual,2024-11-23 14:00:00,126.9
9303,annual,2024-11-23 15:00:00,135.84694
9304,annual,2024-11-23 16:00:00,158.53799
9305,annual,2024-11-23 17:00:00,160.88272
9306,annual,2024-11-23 18:00:00,168.83637
9307,annual,2024-11-23 19:00:00,167.55749
9308,annual,2024-11-23 20:00:00,154.61583
9309,annual,2024-11-23 21:00:00,144.0
9310,annual,2024-11-23 22:00:00,138.07
9311,annual,2024-11-23 23:00:00,134.67
9312,annual,2024-11-24 00:00:00,131.87
9313,annual,2024-11-24 01:00:00,123.38
9314,annual,2024-11-24 02:00:00,120.88
9315,annual,2024-11-24 03:00:00,120.4
9316,annual,2024-11-24 04:00:00,119.0
9317,annual,2024-11-24 05:00:00,119.26
9318,annual,2024-11-24 06:00:00,127.54
9319,annual,2024-11-24 07:00:00,124.4
9320,annual,2024-11-24 08:00:00,124.9
9321,annual,2024-11-24 09:00:00,121.0
9322,annual,2024-11-24 10:00:00,117.7
9323,annual,2024-11-24 11:00:00,110.07
9324,annual,2024-11-24 12:00:00,117.0
9325,annual,2024-11-24 13:00:00,111.07
9326,annual,2024-11-24 14:00:00,121.79
9327,annual,2024-11-24 15:00:00,140.47
9328,annual,2024-11-24 16:00:00,153.21
9329,annual,2024-11-24 17:00:00,165.44
9330,annual,2024-11-24 18:00:00,170.0
9331,annual,2024-11-24 19:00:00,166.30264
9332,annual,2024-11-24 20:00:00,157.03327
9333,annual,2024-11-24 21:00:00,147.0
9334,annual,2024-11-24 22:00:00,134.0
9335,annual,2024-11-24 23:00:00,130.82
9336,annual,2024-11-25 00:00:00,124.5
9337,annual,2024-11-25 01:00:00,117.46
9338,annual,2024-11-25 02:00:00,116.63
9339,annual,2024-11-25 03:00:00,117.0
9340,annual,2024-11-25 04:00:00,118.6
9341,annual,2024-11-25 05:00:00,124.0
9342,annual,2024-11-25 06:00:00,143.5
9343,annual,2024-11-25 07:00:00,160.0
9344,annual,2024-11-25 08:00:00,162.0824
9345,annual,2024-11-25 09:00:00,153.50111
9346,annual,2024-11-25 10:00:00,134.0
9347,annual,2024-11-25 11:00:00,135.0
9348,annual,2024-11-25 12:00:00,129.24
9349,annual,2024-11-25 13:00:00,134.08
9350,annual,2024-11-25 14:00:00,149.44762
9351,annual,2024-11-25 15:00:00,170.60046
9352,annual,2024-11-25 16:00:00,178.67399
9353,annual,2024-11-25 17:00:00,176.48
9354,annual,2024-11-25 18:00:00,170.15919
9355,annual,2024-11-25 19:00:00,165.44143
9356,annual,2024-11-25 20:00:00,153.69866
9357,annual,2024-11-25 21:00:00,139.81
9358,annual,2024-11-25 22:00:00,135.18
9359,annual,2024-11-25 23:00:00,130.37
9360,annual,2024-11-26 00:00:00,131.03
9361,annual,2024-11-26 01:00:00,126.69
9362,annual,2024-11-26 02:00:00,124.0
9363,annual,2024-11-26 03:00:00,123.95
9364,annual,2024-11-26 04:00:00,122.17
9365,annual,2024-11-26 05:00:00,126.17
9366,annual,2024-11-26 06:00:00,141.37564
9367,annual,2024-11-26 07:00:00,164.19907
9368,annual,2024-11-26 08:00:00,170.02
9369,annual,2024-11-26 09:00:00,172.80138
9370,annual,2024-11-26 10:00:00,162.19281
9371,annual,2024-11-26 11:00:00,160.0399
9372,annual,2024-11-26 12:00:00,141.34635
9373,annual,2024-11-26 13:00:00,141.36764
9374,annual,2024-11-26 14:00:00,154.70498
9375,annual,2024-11-26 15:00:00,175.0
9376,annual,2024-11-26 16:00:00,185.0
9377,annual,2024-11-26 17:00:00,183.13547
9378,annual,2024-11-26 18:00:00,170.5
9379,annual,2024-11-26 19:00:00,167.06211
9380,annual,2024-11-26 20:00:00,150.0
9381,annual,2024-11-26 21:00:00,139.75979
9382,annual,2024-11-26 22:00:00,137.99
9383,annual,2024-11-26 23:00:00,133.62
9384,annual,2024-11-27 00:00:00,136.64
9385,annual,2024-11-27 01:00:00,135.01
9386,annual,2024-11-27 02:00:00,134.13
9387,annual,2024-11-27 03:00:00,134.13
9388,annual,2024-11-27 04:00:00,134.11
9389,annual,2024-11-27 05:00:00,137.46
9390,annual,2024-11-27 06:00:00,151.62403
9391,annual,2024-11-27 07:00:00,180.0
9392,annual,2024-11-27 08:00:00,187.39
9393,annual,2024-11-27 09:00:00,179.22001
9394,annual,2024-11-27 10:00:00,165.68105
9395,annual,2024-11-27 11:00:00,162.77006
9396,annual,2024-11-27 12:00:00,148.68042
9397,annual,2024-11-27 13:00:00,152.6928
9398,annual,2024-11-27 14:00:00,156.95101
9399,annual,2024-11-27 15:00:00,172.40114
9400,annual,2024-11-27 16:00:00,186.77836
9401,annual,2024-11-27 17:00:00,187.39
9402,annual,2024-11-27 18:00:00,169.19
9403,annual,2024-11-27 19:00:00,164.08785
9404,annual,2024-11-27 20:00:00,152.31
9405,annual,2024-11-27 21:00:00,141.10003
9406,annual,2024-11-27 22:00:00,137.94
9407,annual,2024-11-27 23:00:00,130.36
9408,annual,2024-11-28 00:00:00,120.93
9409,annual,2024-11-28 01:00:00,116.7
9410,annual,2024-11-28 02:00:00,117.4
9411,annual,2024-11-28 03:00:00,116.59
9412,annual,2024-11-28 04:00:00,116.59
9413,annual,2024-11-28 05:00:00,125.32404
9414,annual,2024-11-28 06:00:00,137.68
9415,annual,2024-11-28 07:00:00,163.51107
9416,annual,2024-11-28 08:00:00,174.31303
9417,annual,2024-11-28 09:00:00,171.23494
9418,annual,2024-11-28 10:00:00,158.47378
9419,annual,2024-11-28 11:00:00,152.18499
9420,annual,2024-11-28 12:00:00,135.08376
9421,annual,2024-11-28 13:00:00,138.11
9422,annual,2024-11-28 14:00:00,147.84755
9423,annual,2024-11-28 15:00:00,164.0
9424,annual,2024-11-28 16:00:00,170.0
9425,annual,2024-11-28 17:00:00,175.0
9426,annual,2024-11-28 18:00:00,169.1
9427,annual,2024-11-28 19:00:00,160.0
9428,annual,2024-11-28 20:00:00,144.1
9429,annual,2024-11-28 21:00:00,135.3869
9430,annual,2024-11-28 22:00:00,133.0
9431,annual,2024-11-28 23:00:00,127.88
9432,annual,2024-11-29 00:00:00,121.07
9433,annual,2024-11-29 01:00:00,117.68
9434,annual,2024-11-29 02:00:00,117.35
9435,annual,2024-11-29 03:00:00,121.3
9436,annual,2024-11-29 04:00:00,122.3
9437,annual,2024-11-29 05:00:00,130.09
9438,annual,2024-11-29 06:00:00,141.0
9439,annual,2024-11-29 07:00:00,164.30314
9440,annual,2024-11-29 08:00:00,177.8
9441,annual,2024-11-29 09:00:00,161.76
9442,annual,2024-11-29 10:00:00,143.99
9443,annual,2024-11-29 11:00:00,134.72
9444,annual,2024-11-29 12:00:00,126.0
9445,annual,2024-11-29 13:00:00,127.22514
9446,annual,2024-11-29 14:00:00,137.14
9447,annual,2024-11-29 15:00:00,146.02
9448,annual,2024-11-29 16:00:00,158.81
9449,annual,2024-11-29 17:00:00,160.0
9450,annual,2024-11-29 18:00:00,150.0
9451,annual,2024-11-29 19:00:00,140.0
9452,annual,2024-11-29 20:00:00,132.97
9453,annual,2024-11-29 21:00:00,123.62082
9454,annual,2024-11-29 22:00:00,117.49
9455,annual,2024-11-29 23:00:00,108.61859
9456,annual,2024-11-30 00:00:00,111.27
9457,annual,2024-11-30 01:00:00,109.84
9458,annual,2024-11-30 02:00:00,104.3
9459,annual,2024-11-30 03:00:00,102.07
9460,annual,2024-11-30 04:00:00,103.087
9461,annual,2024-11-30 05:00:00,104.01
9462,annual,2024-11-30 06:00:00,113.1
9463,annual,2024-11-30 07:00:00,136.0
9464,annual,2024-11-30 08:00:00,143.35
9465,annual,2024-11-30 09:00:00,144.69
9466,annual,2024-11-30 10:00:00,120.12
9467,annual,2024-11-30 11:00:00,109.3
9468,annual,2024-11-30 12:00:00,105.65938
9469,annual,2024-11-30 13:00:00,107.83206
9470,annual,2024-11-30 14:00:00,112.46
9471,annual,2024-11-30 15:00:00,130.43158
9472,annual,2024-11-30 16:00:00,144.69
9473,annual,2024-11-30 17:00:00,148.19
9474,annual,2024-11-30 18:00:00,144.23
9475,annual,2024-11-30 19:00:00,144.0
9476,annual,2024-11-30 20:00:00,130.0
9477,annual,2024-11-30 21:00:00,120.63
9478,annual,2024-11-30 22:00:00,114.78
9479,annual,2024-11-30 23:00:00,106.67169
9480,annual,2024-12-01 00:00:00,125.57
9481,annual,2024-12-01 01:00:00,110.96
9482,annual,2024-12-01 02:00:00,96.3
9483,annual,2024-12-01 03:00:00,85.7
9484,annual,2024-12-01 04:00:00,85.09863
9485,annual,2024-12-01 05:00:00,86.15532
9486,annual,2024-12-01 06:00:00,106.22
9487,annual,2024-12-01 07:00:00,110.58
9488,annual,2024-12-01 08:00:00,120.1
9489,annual,2024-12-01 09:00:00,121.54
9490,annual,2024-12-01 10:00:00,106.22
9491,annual,2024-12-01 11:00:00,82.38
9492,annual,2024-12-01 12:00:00,85.2458
9493,annual,2024-12-01 13:00:00,83.08316
9494,annual,2024-12-01 14:00:00,100.0
9495,annual,2024-12-01 15:00:00,125.09
9496,annual,2024-12-01 16:00:00,140.0
9497,annual,2024-12-01 17:00:00,151.68
9498,annual,2024-12-01 18:00:00,153.44
9499,annual,2024-12-01 19:00:00,157.86
9500,annual,2024-12-01 20:00:00,147.53
9501,annual,2024-12-01 21:00:00,138.86
9502,annual,2024-12-01 22:00:00,128.54
9503,annual,2024-12-01 23:00:00,119.5
9504,annual,2024-12-02 00:00:00,104.72
9505,annual,2024-12-02 01:00:00,100.6
9506,annual,2024-12-02 02:00:00,97.0
9507,annual,2024-12-02 03:00:00,100.0
9508,annual,2024-12-02 04:00:00,97.88
9509,annual,2024-12-02 05:00:00,107.32325
9510,annual,2024-12-02 06:00:00,132.43
9511,annual,2024-12-02 07:00:00,153.94
9512,annual,2024-12-02 08:00:00,160.14
9513,annual,2024-12-02 09:00:00,150.0
9514,annual,2024-12-02 10:00:00,136.0
9515,annual,2024-12-02 11:00:00,132.38
9516,annual,2024-12-02 12:00:00,126.0769
9517,annual,2024-12-02 13:00:00,130.0
9518,annual,2024-12-02 14:00:00,146.0
9519,annual,2024-12-02 15:00:00,163.05817
9520,annual,2024-12-02 16:00:00,172.9142
9521,annual,2024-12-02 17:00:00,175.31
9522,annual,2024-12-02 18:00:00,169.29392
9523,annual,2024-12-02 19:00:00,166.88215
9524,annual,2024-12-02 20:00:00,160.14
9525,annual,2024-12-02 21:00:00,145.58396
9526,annual,2024-12-02 22:00:00,140.0
9527,annual,2024-12-02 23:00:00,134.84
9528,annual,2024-12-03 00:00:00,129.94
9529,annual,2024-12-03 01:00:00,125.6
9530,annual,2024-12-03 02:00:00,121.0
9531,annual,2024-12-03 03:00:00,123.66
9532,annual,2024-12-03 04:00:00,123.17
9533,annual,2024-12-03 05:00:00,124.04
9534,annual,2024-12-03 06:00:00,146.89307
9535,annual,2024-12-03 07:00:00,170.0
9536,annual,2024-12-03 08:00:00,192.1133
9537,annual,2024-12-03 09:00:00,188.36
9538,annual,2024-12-03 10:00:00,168.87
9539,annual,2024-12-03 11:00:00,162.38
9540,annual,2024-12-03 12:00:00,153.7202
9541,annual,2024-12-03 13:00:00,154.76008
9542,annual,2024-12-03 14:00:00,173.33307
9543,annual,2024-12-03 15:00:00,188.05515
9544,annual,2024-12-03 16:00:00,195.19157
9545,annual,2024-12-03 17:00:00,203.23703
9546,annual,2024-12-03 18:00:00,197.87911
9547,annual,2024-12-03 19:00:00,189.8344
9548,annual,2024-12-03 20:00:00,171.91
9549,annual,2024-12-03 21:00:00,154.14
9550,annual,2024-12-03 22:00:00,143.0
9551,annual,2024-12-03 23:00:00,135.16
9552,annual,2024-12-04 00:00:00,135.08
9553,annual,2024-12-04 01:00:00,129.4
9554,annual,2024-12-04 02:00:00,130.0
9555,annual,2024-12-04 03:00:00,123.5
9556,annual,2024-12-04 04:00:00,123.02
9557,annual,2024-12-04 05:00:00,134.12
9558,annual,2024-12-04 06:00:00,148.6
9559,annual,2024-12-04 07:00:00,193.05901
9560,annual,2024-12-04 08:00:00,202.41751
9561,annual,2024-12-04 09:00:00,212.70223
9562,annual,2024-12-04 10:00:00,191.10598
9563,annual,2024-12-04 11:00:00,171.13253
9564,annual,2024-12-04 12:00:00,154.24195
9565,annual,2024-12-04 13:00:00,159.97798
9566,annual,2024-12-04 14:00:00,175.65352
9567,annual,2024-12-04 15:00:00,198.65557
9568,annual,2024-12-04 16:00:00,228.07544
9569,annual,2024-12-04 17:00:00,225.87
9570,annual,2024-12-04 18:00:00,204.75
9571,annual,2024-12-04 19:00:00,196.17054
9572,annual,2024-12-04 20:00:00,170.0
9573,annual,2024-12-04 21:00:00,145.76
9574,annual,2024-12-04 22:00:00,141.72783
9575,annual,2024-12-04 23:00:00,135.69
9576,annual,2024-12-05 00:00:00,135.64
9577,annual,2024-12-05 01:00:00,129.54
9578,annual,2024-12-05 02:00:00,123.33
9579,annual,2024-12-05 03:00:00,123.23
9580,annual,2024-12-05 04:00:00,124.01
9581,annual,2024-12-05 05:00:00,130.34
9582,annual,2024-12-05 06:00:00,144.87
9583,annual,2024-12-05 07:00:00,179.37
9584,annual,2024-12-05 08:00:00,191.29819
9585,annual,2024-12-05 09:00:00,172.8
9586,annual,2024-12-05 10:00:00,154.21186
9587,annual,2024-12-05 11:00:00,142.66
9588,annual,2024-12-05 12:00:00,136.26
9589,annual,2024-12-05 13:00:00,138.29
9590,annual,2024-12-05 14:00:00,141.95
9591,annual,2024-12-05 15:00:00,164.54889
9592,annual,2024-12-05 16:00:00,177.60726
9593,annual,2024-12-05 17:00:00,171.41
9594,annual,2024-12-05 18:00:00,167.35461
9595,annual,2024-12-05 19:00:00,160.0
9596,annual,2024-12-05 20:00:00,151.6
9597,annual,2024-12-05 21:00:00,144.04
9598,annual,2024-12-05 22:00:00,135.8
9599,annual,2024-12-05 23:00:00,124.62
9600,annual,2024-12-06 00:00:00,115.64
9601,annual,2024-12-06 01:00:00,111.69
9602,annual,2024-12-06 02:00:00,111.82
9603,annual,2024-12-06 03:00:00,109.38
9604,annual,2024-12-06 04:00:00,109.38
9605,annual,2024-12-06 05:00:00,118.58158
9606,annual,2024-12-06 06:00:00,140.0
9607,annual,2024-12-06 07:00:00,160.58
9608,annual,2024-12-06 08:00:00,179.4
9609,annual,2024-12-06 09:00:00,171.76443
9610,annual,2024-12-06 10:00:00,151.68415
9611,annual,2024-12-06 11:00:00,145.05207
9612,annual,2024-12-06 12:00:00,140.27448
9613,annual,2024-12-06 13:00:00,140.33928
9614,annual,2024-12-06 14:00:00,148.93234
9615,annual,2024-12-06 15:00:00,167.71
9616,annual,2024-12-06 16:00:00,175.0
9617,annual,2024-12-06 17:00:00,180.97
9618,annual,2024-12-06 18:00:00,166.0
9619,annual,2024-12-06 19:00:00,163.58
9620,annual,2024-12-06 20:00:00,155.0
9621,annual,2024-12-06 21:00:00,140.68469
9622,annual,2024-12-06 22:00:00,137.67
9623,annual,2024-12-06 23:00:00,132.62
9624,annual,2024-12-07 00:00:00,136.0
9625,annual,2024-12-07 01:00:00,134.5
9626,annual,2024-12-07 02:00:00,126.03
9627,annual,2024-12-07 03:00:00,120.1
9628,annual,2024-12-07 04:00:00,118.94
9629,annual,2024-12-07 05:00:00,120.1
9630,annual,2024-12-07 06:00:00,141.06947
9631,annual,2024-12-07 07:00:00,155.55454
9632,annual,2024-12-07 08:00:00,167.82202
9633,annual,2024-12-07 09:00:00,160.0
9634,annual,2024-12-07 10:00:00,142.77
9635,annual,2024-12-07 11:00:00,133.95067
9636,annual,2024-12-07 12:00:00,129.5
9637,annual,2024-12-07 13:00:00,129.58
9638,annual,2024-12-07 14:00:00,136.31
9639,annual,2024-12-07 15:00:00,145.1513
9640,annual,2024-12-07 16:00:00,157.15122
9641,annual,2024-12-07 17:00:00,168.45094
9642,annual,2024-12-07 18:00:00,175.0
9643,annual,2024-12-07 19:00:00,170.39136
9644,annual,2024-12-07 20:00:00,154.0
9645,annual,2024-12-07 21:00:00,140.42
9646,annual,2024-12-07 22:00:00,134.01
9647,annual,2024-12-07 23:00:00,130.9
9648,annual,2024-12-08 00:00:00,133.79
9649,annual,2024-12-08 01:00:00,120.1
9650,annual,2024-12-08 02:00:00,107.29
9651,annual,2024-12-08 03:00:00,100.1
9652,annual,2024-12-08 04:00:00,95.0
9653,annual,2024-12-08 05:00:00,98.26
9654,annual,2024-12-08 06:00:00,109.46
9655,annual,2024-12-08 07:00:00,120.1
9656,annual,2024-12-08 08:00:00,125.0
9657,annual,2024-12-08 09:00:00,138.18
9658,annual,2024-12-08 10:00:00,135.0
9659,annual,2024-12-08 11:00:00,124.10258
9660,annual,2024-12-08 12:00:00,137.71997
9661,annual,2024-12-08 13:00:00,125.08
9662,annual,2024-12-08 14:00:00,127.99
9663,annual,2024-12-08 15:00:00,131.24362
9664,annual,2024-12-08 16:00:00,138.0
9665,annual,2024-12-08 17:00:00,146.0
9666,annual,2024-12-08 18:00:00,152.96
9667,annual,2024-12-08 19:00:00,160.09
9668,annual,2024-12-08 20:00:00,150.35
9669,annual,2024-12-08 21:00:00,140.04
9670,annual,2024-12-08 22:00:00,135.85
9671,annual,2024-12-08 23:00:00,120.0
9672,annual,2024-12-09 00:00:00,92.92
9673,annual,2024-12-09 01:00:00,84.0
9674,annual,2024-12-09 02:00:00,35.43962
9675,annual,2024-12-09 03:00:00,60.46
9676,annual,2024-12-09 04:00:00,63.2
9677,annual,2024-12-09 05:00:00,98.26
9678,annual,2024-12-09 06:00:00,121.35
9679,annual,2024-12-09 07:00:00,142.49
9680,annual,2024-12-09 08:00:00,154.62
9681,annual,2024-12-09 09:00:00,155.0
9682,annual,2024-12-09 10:00:00,143.51
9683,annual,2024-12-09 11:00:00,142.63
9684,annual,2024-12-09 12:00:00,140.201
9685,annual,2024-12-09 13:00:00,143.80311
9686,annual,2024-12-09 14:00:00,153.66792
9687,annual,2024-12-09 15:00:00,161.80674
9688,annual,2024-12-09 16:00:00,164.6
9689,annual,2024-12-09 17:00:00,164.42
9690,annual,2024-12-09 18:00:00,164.19
9691,annual,2024-12-09 19:00:00,166.77777
9692,annual,2024-12-09 20:00:00,155.81
9693,annual,2024-12-09 21:00:00,141.0
9694,annual,2024-12-09 22:00:00,136.56
9695,annual,2024-12-09 23:00:00,129.46
9696,annual,2024-12-10 00:00:00,133.76
9697,annual,2024-12-10 01:00:00,129.96
9698,annual,2024-12-10 02:00:00,125.0
9699,annual,2024-12-10 03:00:00,123.53
9700,annual,2024-12-10 04:00:00,123.54
9701,annual,2024-12-10 05:00:00,129.43
9702,annual,2024-12-10 06:00:00,144.97089
9703,annual,2024-12-10 07:00:00,165.0
9704,annual,2024-12-10 08:00:00,177.56057
9705,annual,2024-12-10 09:00:00,174.50448
9706,annual,2024-12-10 10:00:00,173.87229
9707,annual,2024-12-10 11:00:00,174.83343
9708,annual,2024-12-10 12:00:00,167.66201
9709,annual,2024-12-10 13:00:00,166.75081
9710,annual,2024-12-10 14:00:00,178.7568
9711,annual,2024-12-10 15:00:00,186.99408
9712,annual,2024-12-10 16:00:00,183.73686
9713,annual,2024-12-10 17:00:00,190.01
9714,annual,2024-12-10 18:00:00,181.0
9715,annual,2024-12-10 19:00:00,179.41018
9716,annual,2024-12-10 20:00:00,165.21718
9717,annual,2024-12-10 21:00:00,149.70211
9718,annual,2024-12-10 22:00:00,139.90227
9719,annual,2024-12-10 23:00:00,134.55
9720,annual,2024-12-11 00:00:00,132.56
9721,annual,2024-12-11 01:00:00,127.77
9722,annual,2024-12-11 02:00:00,121.8
9723,annual,2024-12-11 03:00:00,121.83
9724,annual,2024-12-11 04:00:00,122.44
9725,annual,2024-12-11 05:00:00,132.49
9726,annual,2024-12-11 06:00:00,154.3
9727,annual,2024-12-11 07:00:00,208.39525
9728,annual,2024-12-11 08:00:00,213.09461
9729,annual,2024-12-11 09:00:00,214.52958
9730,annual,2024-12-11 10:00:00,196.65492
9731,annual,2024-12-11 11:00:00,184.20127
9732,annual,2024-12-11 12:00:00,168.2261
9733,annual,2024-12-11 13:00:00,168.53386
9734,annual,2024-12-11 14:00:00,186.58608
9735,annual,2024-12-11 15:00:00,220.24
9736,annual,2024-12-11 16:00:00,237.85823
9737,annual,2024-12-11 17:00:00,270.67664
9738,annual,2024-12-11 18:00:00,275.12371
9739,annual,2024-12-11 19:00:00,255.0
9740,annual,2024-12-11 20:00:00,202.06783
9741,annual,2024-12-11 21:00:00,169.48219
9742,annual,2024-12-11 22:00:00,150.0
9743,annual,2024-12-11 23:00:00,136.96
9744,annual,2024-12-12 00:00:00,130.65
9745,annual,2024-12-12 01:00:00,122.18
9746,annual,2024-12-12 02:00:00,119.3
9747,annual,2024-12-12 03:00:00,120.99
9748,annual,2024-12-12 04:00:00,119.32
9749,annual,2024-12-12 05:00:00,125.2
9750,annual,2024-12-12 06:00:00,155.81
9751,annual,2024-12-12 07:00:00,187.51182
9752,annual,2024-12-12 08:00:00,243.48154
9753,annual,2024-12-12 09:00:00,210.70071
9754,annual,2024-12-12 10:00:00,163.81947
9755,annual,2024-12-12 11:00:00,167.67125
9756,annual,2024-12-12 12:00:00,159.3321
9757,annual,2024-12-12 13:00:00,150.90284
9758,annual,2024-12-12 14:00:00,154.05668
9759,annual,2024-12-12 15:00:00,179.73459
9760,annual,2024-12-12 16:00:00,217.12684
9761,annual,2024-12-12 17:00:00,268.99161
9762,annual,2024-12-12 18:00:00,269.7242
9763,annual,2024-12-12 19:00:00,255.66106
9764,annual,2024-12-12 20:00:00,204.20178
9765,annual,2024-12-12 21:00:00,169.40253
9766,annual,2024-12-12 22:00:00,150.0
9767,annual,2024-12-12 23:00:00,134.75405
9768,annual,2024-12-13 00:00:00,130.06934
9769,annual,2024-12-13 01:00:00,122.90186
9770,annual,2024-12-13 02:00:00,118.96522
9771,annual,2024-12-13 03:00:00,116.19
9772,annual,2024-12-13 04:00:00,115.64
9773,annual,2024-12-13 05:00:00,125.31
9774,annual,2024-12-13 06:00:00,145.86176
9775,annual,2024-12-13 07:00:00,182.37067
9776,annual,2024-12-13 08:00:00,245.76518
9777,annual,2024-12-13 09:00:00,234.72677
9778,annual,2024-12-13 10:00:00,198.90882
9779,annual,2024-12-13 11:00:00,168.28325
9780,annual,2024-12-13 12:00:00,161.00029
9781,annual,2024-12-13 13:00:00,160.54339
9782,annual,2024-12-13 14:00:00,178.29253
9783,annual,2024-12-13 15:00:00,205.4393
9784,annual,2024-12-13 16:00:00,235.55695
9785,annual,2024-12-13 17:00:00,262.58092
9786,annual,2024-12-13 18:00:00,253.05751
9787,annual,2024-12-13 19:00:00,222.17248
9788,annual,2024-12-13 20:00:00,174.97669
9789,annual,2024-12-13 21:00:00,146.22
9790,annual,2024-12-13 22:00:00,136.19
9791,annual,2024-12-13 23:00:00,131.31
9792,annual,2024-12-14 00:00:00,117.86
9793,annual,2024-12-14 01:00:00,114.0
9794,annual,2024-12-14 02:00:00,113.4
9795,annual,2024-12-14 03:00:00,109.0
9796,annual,2024-12-14 04:00:00,107.48
9797,annual,2024-12-14 05:00:00,113.4
9798,annual,2024-12-14 06:00:00,120.1
9799,annual,2024-12-14 07:00:00,134.53
9800,annual,2024-12-14 08:00:00,139.68
9801,annual,2024-12-14 09:00:00,139.96
9802,annual,2024-12-14 10:00:00,127.65097
9803,annual,2024-12-14 11:00:00,124.98
9804,annual,2024-12-14 12:00:00,122.0
9805,annual,2024-12-14 13:00:00,120.3
9806,annual,2024-12-14 14:00:00,123.55
9807,annual,2024-12-14 15:00:00,128.76
9808,annual,2024-12-14 16:00:00,135.23
9809,annual,2024-12-14 17:00:00,140.0
9810,annual,2024-12-14 18:00:00,142.24
9811,annual,2024-12-14 19:00:00,139.68
9812,annual,2024-12-14 20:00:00,128.82247
9813,annual,2024-12-14 21:00:00,122.2
9814,annual,2024-12-14 22:00:00,121.03
9815,annual,2024-12-14 23:00:00,114.2
9816,annual,2024-12-15 00:00:00,114.96
9817,annual,2024-12-15 01:00:00,99.3
9818,annual,2024-12-15 02:00:00,98.16
9819,annual,2024-12-15 03:00:00,97.11
9820,annual,2024-12-15 04:00:00,97.6
9821,annual,2024-12-15 05:00:00,98.7
9822,annual,2024-12-15 06:00:00,111.49
9823,annual,2024-12-15 07:00:00,122.28
9824,annual,2024-12-15 08:00:00,138.56
9825,annual,2024-12-15 09:00:00,120.87
9826,annual,2024-12-15 10:00:00,119.12
9827,annual,2024-12-15 11:00:00,100.11
9828,annual,2024-12-15 12:00:00,100.0
9829,annual,2024-12-15 13:00:00,96.37133
9830,annual,2024-12-15 14:00:00,101.17
9831,annual,2024-12-15 15:00:00,119.77693
9832,annual,2024-12-15 16:00:00,138.56
9833,annual,2024-12-15 17:00:00,155.0
9834,annual,2024-12-15 18:00:00,159.34
9835,annual,2024-12-15 19:00:00,160.51399
9836,annual,2024-12-15 20:00:00,157.0
9837,annual,2024-12-15 21:00:00,137.83
9838,annual,2024-12-15 22:00:00,119.0
9839,annual,2024-12-15 23:00:00,105.36808
9840,annual,2024-12-16 00:00:00,107.57
9841,annual,2024-12-16 01:00:00,97.3
9842,annual,2024-12-16 02:00:00,95.59
9843,annual,2024-12-16 03:00:00,96.84
9844,annual,2024-12-16 04:00:00,98.9
9845,annual,2024-12-16 05:00:00,120.1
9846,annual,2024-12-16 06:00:00,154.61
9847,annual,2024-12-16 07:00:00,169.31
9848,annual,2024-12-16 08:00:00,169.48
9849,annual,2024-12-16 09:00:00,160.0
9850,annual,2024-12-16 10:00:00,125.19
9851,annual,2024-12-16 11:00:00,119.85
9852,annual,2024-12-16 12:00:00,110.34
9853,annual,2024-12-16 13:00:00,116.89
9854,annual,2024-12-16 14:00:00,127.86
9855,annual,2024-12-16 15:00:00,147.11749
9856,annual,2024-12-16 16:00:00,164.3
9857,annual,2024-12-16 17:00:00,164.55682
9858,annual,2024-12-16 18:00:00,164.98851
9859,annual,2024-12-16 19:00:00,163.48479
9860,annual,2024-12-16 20:00:00,158.37017
9861,annual,2024-12-16 21:00:00,138.6975
9862,annual,2024-12-16 22:00:00,128.85
9863,annual,2024-12-16 23:00:00,121.33
9864,annual,2024-12-17 00:00:00,116.63
9865,annual,2024-12-17 01:00:00,110.36
9866,annual,2024-12-17 02:00:00,109.5
9867,annual,2024-12-17 03:00:00,110.18
9868,annual,2024-12-17 04:00:00,109.9
9869,annual,2024-12-17 05:00:00,117.57
9870,annual,2024-12-17 06:00:00,135.0
9871,annual,2024-12-17 07:00:00,168.65082
9872,annual,2024-12-17 08:00:00,179.18
9873,annual,2024-12-17 09:00:00,156.39
9874,annual,2024-12-17 10:00:00,125.08
9875,annual,2024-12-17 11:00:00,118.73
9876,annual,2024-12-17 12:00:00,109.3
9877,annual,2024-12-17 13:00:00,109.24
9878,annual,2024-12-17 14:00:00,120.0
9879,annual,2024-12-17 15:00:00,146.27754
9880,annual,2024-12-17 16:00:00,179.18
9881,annual,2024-12-17 17:00:00,179.18
9882,annual,2024-12-17 18:00:00,174.43
9883,annual,2024-12-17 19:00:00,169.53547
9884,annual,2024-12-17 20:00:00,140.0
9885,annual,2024-12-17 21:00:00,130.72
9886,annual,2024-12-17 22:00:00,124.83
9887,annual,2024-12-17 23:00:00,117.5
9888,annual,2024-12-18 00:00:00,104.4
9889,annual,2024-12-18 01:00:00,103.1
9890,annual,2024-12-18 02:00:00,101.19
9891,annual,2024-12-18 03:00:00,98.71
9892,annual,2024-12-18 04:00:00,100.1
9893,annual,2024-12-18 05:00:00,109.87
9894,annual,2024-12-18 06:00:00,124.61
9895,annual,2024-12-18 07:00:00,170.0
9896,annual,2024-12-18 08:00:00,178.55135
9897,annual,2024-12-18 09:00:00,157.26117
9898,annual,2024-12-18 10:00:00,122.76
9899,annual,2024-12-18 11:00:00,119.94
9900,annual,2024-12-18 12:00:00,110.03
9901,annual,2024-12-18 13:00:00,113.28
9902,annual,2024-12-18 14:00:00,122.55
9903,annual,2024-12-18 15:00:00,135.97165
9904,annual,2024-12-18 16:00:00,170.54
9905,annual,2024-12-18 17:00:00,158.91
9906,annual,2024-12-18 18:00:00,152.46844
9907,annual,2024-12-18 19:00:00,137.33755
9908,annual,2024-12-18 20:00:00,129.31329
9909,annual,2024-12-18 21:00:00,126.12888
9910,annual,2024-12-18 22:00:00,124.42296
9911,annual,2024-12-18 23:00:00,116.9
9912,annual,2024-12-19 00:00:00,107.99
9913,annual,2024-12-19 01:00:00,102.25
9914,annual,2024-12-19 02:00:00,101.17
9915,annual,2024-12-19 03:00:00,98.6
9916,annual,2024-12-19 04:00:00,99.29
9917,annual,2024-12-19 05:00:00,104.24
9918,annual,2024-12-19 06:00:00,121.28
9919,annual,2024-12-19 07:00:00,143.12
9920,annual,2024-12-19 08:00:00,155.0
9921,annual,2024-12-19 09:00:00,135.0
9922,annual,2024-12-19 10:00:00,120.1
9923,annual,2024-12-19 11:00:00,118.57
9924,annual,2024-12-19 12:00:00,110.0
9925,annual,2024-12-19 13:00:00,109.13
9926,annual,2024-12-19 14:00:00,117.73
9927,annual,2024-12-19 15:00:00,127.24
9928,annual,2024-12-19 16:00:00,144.0
9929,annual,2024-12-19 17:00:00,139.85
9930,annual,2024-12-19 18:00:00,137.25662
9931,annual,2024-12-19 19:00:00,136.26852
9932,annual,2024-12-19 20:00:00,123.88
9933,annual,2024-12-19 21:00:00,114.08
9934,annual,2024-12-19 22:00:00,104.42
9935,annual,2024-12-19 23:00:00,96.9
9936,annual,2024-12-20 00:00:00,100.05
9937,annual,2024-12-20 01:00:00,93.84
9938,annual,2024-12-20 02:00:00,89.1
9939,annual,2024-12-20 03:00:00,48.65
9940,annual,2024-12-20 04:00:00,46.64624
9941,annual,2024-12-20 05:00:00,85.21
9942,annual,2024-12-20 06:00:00,116.6
9943,annual,2024-12-20 07:00:00,135.7
9944,annual,2024-12-20 08:00:00,152.74
9945,annual,2024-12-20 09:00:00,154.41009
9946,annual,2024-12-20 10:00:00,136.87227
9947,annual,2024-12-20 11:00:00,116.30132
9948,annual,2024-12-20 12:00:00,105.81153
9949,annual,2024-12-20 13:00:00,102.9773
9950,annual,2024-12-20 14:00:00,112.35392
9951,annual,2024-12-20 15:00:00,124.34
9952,annual,2024-12-20 16:00:00,142.56655
9953,annual,2024-12-20 17:00:00,149.21091
9954,annual,2024-12-20 18:00:00,144.11
9955,annual,2024-12-20 19:00:00,141.48
9956,annual,2024-12-20 20:00:00,123.93
9957,annual,2024-12-20 21:00:00,115.84
9958,annual,2024-12-20 22:00:00,107.1
9959,annual,2024-12-20 23:00:00,96.07
9960,annual,2024-12-21 00:00:00,101.06
9961,annual,2024-12-21 01:00:00,87.5
9962,annual,2024-12-21 02:00:00,41.99
9963,annual,2024-12-21 03:00:00,35.96
9964,annual,2024-12-21 04:00:00,53.3
9965,annual,2024-12-21 05:00:00,60.0
9966,annual,2024-12-21 06:00:00,96.1
9967,annual,2024-12-21 07:00:00,109.22
9968,annual,2024-12-21 08:00:00,119.33
9969,annual,2024-12-21 09:00:00,108.46111
9970,annual,2024-12-21 10:00:00,80.40363
9971,annual,2024-12-21 11:00:00,54.51281
9972,annual,2024-12-21 12:00:00,60.0
9973,annual,2024-12-21 13:00:00,72.8
9974,annual,2024-12-21 14:00:00,99.97
9975,annual,2024-12-21 15:00:00,122.89
9976,annual,2024-12-21 16:00:00,136.49
9977,annual,2024-12-21 17:00:00,147.19
9978,annual,2024-12-21 18:00:00,149.9804
9979,annual,2024-12-21 19:00:00,151.61
9980,annual,2024-12-21 20:00:00,138.59
9981,annual,2024-12-21 21:00:00,130.0
9982,annual,2024-12-21 22:00:00,127.18
9983,annual,2024-12-21 23:00:00,120.0
9984,annual,2024-12-22 00:00:00,117.44658
9985,annual,2024-12-22 01:00:00,106.9
9986,annual,2024-12-22 02:00:00,99.15
9987,annual,2024-12-22 03:00:00,100.0
9988,annual,2024-12-22 04:00:00,98.82
9989,annual,2024-12-22 05:00:00,99.04756
9990,annual,2024-12-22 06:00:00,108.85
9991,annual,2024-12-22 07:00:00,115.17422
9992,annual,2024-12-22 08:00:00,116.0
9993,annual,2024-12-22 09:00:00,107.76
9994,annual,2024-12-22 10:00:00,99.11
9995,annual,2024-12-22 11:00:00,93.39
9996,annual,2024-12-22 12:00:00,100.83
9997,annual,2024-12-22 13:00:00,99.74
9998,annual,2024-12-22 14:00:00,105.58
9999,annual,2024-12-22 15:00:00,119.37
10000,annual,2024-12-22 16:00:00,131.56
10001,annual,2024-12-22 17:00:00,133.09
10002,annual,2024-12-22 18:00:00,135.14
10003,annual,2024-12-22 19:00:00,143.18
10004,annual,2024-12-22 20:00:00,128.0
10005,annual,2024-12-22 21:00:00,120.1
10006,annual,2024-12-22 22:00:00,104.7
10007,annual,2024-12-22 23:00:00,71.69
10008,annual,2024-12-23 00:00:00,51.12319
10009,annual,2024-12-23 01:00:00,30.54267
10010,annual,2024-12-23 02:00:00,10.1926
10011,annual,2024-12-23 03:00:00,7.33
10012,annual,2024-12-23 04:00:00,6.0
10013,annual,2024-12-23 05:00:00,51.02803
10014,annual,2024-12-23 06:00:00,99.99
10015,annual,2024-12-23 07:00:00,128.6
10016,annual,2024-12-23 08:00:00,141.19
10017,annual,2024-12-23 09:00:00,122.8
10018,annual,2024-12-23 10:00:00,112.07
10019,annual,2024-12-23 11:00:00,103.61133
10020,annual,2024-12-23 12:00:00,100.0
10021,annual,2024-12-23 13:00:00,99.01628
10022,annual,2024-12-23 14:00:00,108.02
10023,annual,2024-12-23 15:00:00,114.84925
10024,annual,2024-12-23 16:00:00,123.0
10025,annual,2024-12-23 17:00:00,128.55821
10026,annual,2024-12-23 18:00:00,125.3372
10027,annual,2024-12-23 19:00:00,127.77422
10028,annual,2024-12-23 20:00:00,119.1
10029,annual,2024-12-23 21:00:00,109.28
10030,annual,2024-12-23 22:00:00,105.82437
10031,annual,2024-12-23 23:00:00,105.49476
10032,annual,2024-12-24 00:00:00,86.03084
10033,annual,2024-12-24 01:00:00,82.84154
10034,annual,2024-12-24 02:00:00,81.89067
10035,annual,2024-12-24 03:00:00,78.0
10036,annual,2024-12-24 04:00:00,78.77997
10037,annual,2024-12-24 05:00:00,80.6
10038,annual,2024-12-24 06:00:00,108.86
10039,annual,2024-12-24 07:00:00,153.52518
10040,annual,2024-12-24 08:00:00,166.27513
10041,annual,2024-12-24 09:00:00,151.99285
10042,annual,2024-12-24 10:00:00,119.4634
10043,annual,2024-12-24 11:00:00,117.90104
10044,annual,2024-12-24 12:00:00,117.49
10045,annual,2024-12-24 13:00:00,115.38
10046,annual,2024-12-24 14:00:00,117.97842
10047,annual,2024-12-24 15:00:00,139.65
10048,annual,2024-12-24 16:00:00,161.0
10049,annual,2024-12-24 17:00:00,172.75
10050,annual,2024-12-24 18:00:00,173.66
10051,annual,2024-12-24 19:00:00,171.81
10052,annual,2024-12-24 20:00:00,157.71
10053,annual,2024-12-24 21:00:00,141.31
10054,annual,2024-12-24 22:00:00,127.36
10055,annual,2024-12-24 23:00:00,109.9
10056,annual,2024-12-25 00:00:00,116.03
10057,annual,2024-12-25 01:00:00,105.98
10058,annual,2024-12-25 02:00:00,85.06923
10059,annual,2024-12-25 03:00:00,80.80603
10060,annual,2024-12-25 04:00:00,75.99397
10061,annual,2024-12-25 05:00:00,80.80743
10062,annual,2024-12-25 06:00:00,107.85
10063,annual,2024-12-25 07:00:00,121.0
10064,annual,2024-12-25 08:00:00,119.0
10065,annual,2024-12-25 09:00:00,99.24
10066,annual,2024-12-25 10:00:00,89.79043
10067,annual,2024-12-25 11:00:00,82.17512
10068,annual,2024-12-25 12:00:00,86.34794
10069,annual,2024-12-25 13:00:00,77.42948
10070,annual,2024-12-25 14:00:00,77.57299
10071,annual,2024-12-25 15:00:00,97.9
10072,annual,2024-12-25 16:00:00,123.5
10073,annual,2024-12-25 17:00:00,148.16889
10074,annual,2024-12-25 18:00:00,155.02114
10075,annual,2024-12-25 19:00:00,156.53566
10076,annual,2024-12-25 20:00:00,149.07574
10077,annual,2024-12-25 21:00:00,138.96
10078,annual,2024-12-25 22:00:00,126.96
10079,annual,2024-12-25 23:00:00,110.8
10080,annual,2024-12-26 00:00:00,114.39
10081,annual,2024-12-26 01:00:00,105.3
10082,annual,2024-12-26 02:00:00,96.1
10083,annual,2024-12-26 03:00:00,95.67
10084,annual,2024-12-26 04:00:00,90.86664
10085,annual,2024-12-26 05:00:00,95.0975
10086,annual,2024-12-26 06:00:00,99.0
10087,annual,2024-12-26 07:00:00,115.82
10088,annual,2024-12-26 08:00:00,119.44
10089,annual,2024-12-26 09:00:00,118.23383
10090,annual,2024-12-26 10:00:00,112.95383
10091,annual,2024-12-26 11:00:00,105.51582
10092,annual,2024-12-26 12:00:00,107.70756
10093,annual,2024-12-26 13:00:00,103.90136
10094,annual,2024-12-26 14:00:00,109.63851
10095,annual,2024-12-26 15:00:00,120.75
10096,annual,2024-12-26 16:00:00,126.53
10097,annual,2024-12-26 17:00:00,149.98
10098,annual,2024-12-26 18:00:00,155.71
10099,annual,2024-12-26 19:00:00,160.3
10100,annual,2024-12-26 20:00:00,155.28
10101,annual,2024-12-26 21:00:00,146.83
10102,annual,2024-12-26 22:00:00,132.43
10103,annual,2024-12-26 23:00:00,118.27
10104,annual,2024-12-27 00:00:00,118.61
10105,annual,2024-12-27 01:00:00,113.0
10106,annual,2024-12-27 02:00:00,106.16
10107,annual,2024-12-27 03:00:00,101.76
10108,annual,2024-12-27 04:00:00,99.57933
10109,annual,2024-12-27 05:00:00,106.2
10110,annual,2024-12-27 06:00:00,121.0
10111,annual,2024-12-27 07:00:00,140.0
10112,annual,2024-12-27 08:00:00,157.23
10113,annual,2024-12-27 09:00:00,144.06
10114,annual,2024-12-27 10:00:00,123.46
10115,annual,2024-12-27 11:00:00,119.06
10116,annual,2024-12-27 12:00:00,118.3
10117,annual,2024-12-27 13:00:00,120.1
10118,annual,2024-12-27 14:00:00,124.4
10119,annual,2024-12-27 15:00:00,144.06
10120,annual,2024-12-27 16:00:00,152.0
10121,annual,2024-12-27 17:00:00,168.21
10122,annual,2024-12-27 18:00:00,168.21
10123,annual,2024-12-27 19:00:00,167.62
10124,annual,2024-12-27 20:00:00,160.59
10125,annual,2024-12-27 21:00:00,149.65
10126,annual,2024-12-27 22:00:00,135.0
10127,annual,2024-12-27 23:00:00,122.11
10128,annual,2024-12-28 00:00:00,126.39654
10129,annual,2024-12-28 01:00:00,116.63
10130,annual,2024-12-28 02:00:00,110.15404
10131,annual,2024-12-28 03:00:00,105.92479
10132,annual,2024-12-28 04:00:00,102.93
10133,annual,2024-12-28 05:00:00,105.5792
10134,annual,2024-12-28 06:00:00,120.1
10135,annual,2024-12-28 07:00:00,127.5
10136,annual,2024-12-28 08:00:00,128.09
10137,annual,2024-12-28 09:00:00,128.3
10138,annual,2024-12-28 10:00:00,122.83286
10139,annual,2024-12-28 11:00:00,113.40358
10140,annual,2024-12-28 12:00:00,108.96945
10141,annual,2024-12-28 13:00:00,110.00606
10142,annual,2024-12-28 14:00:00,114.09
10143,annual,2024-12-28 15:00:00,130.77
10144,annual,2024-12-28 16:00:00,147.5
10145,annual,2024-12-28 17:00:00,159.77
10146,annual,2024-12-28 18:00:00,165.0
10147,annual,2024-12-28 19:00:00,166.62
10148,annual,2024-12-28 20:00:00,160.59
10149,annual,2024-12-28 21:00:00,149.61
10150,annual,2024-12-28 22:00:00,132.98
10151,annual,2024-12-28 23:00:00,129.16
10152,annual,2024-12-29 00:00:00,137.74
10153,annual,2024-12-29 01:00:00,129.43
10154,annual,2024-12-29 02:00:00,127.56
10155,annual,2024-12-29 03:00:00,126.07
10156,annual,2024-12-29 04:00:00,125.82
10157,annual,2024-12-29 05:00:00,127.45
10158,annual,2024-12-29 06:00:00,137.74
10159,annual,2024-12-29 07:00:00,156.11
10160,annual,2024-12-29 08:00:00,147.0
10161,annual,2024-12-29 09:00:00,137.74
10162,annual,2024-12-29 10:00:00,124.3
10163,annual,2024-12-29 11:00:00,119.78
10164,annual,2024-12-29 12:00:00,123.01
10165,annual,2024-12-29 13:00:00,120.1
10166,annual,2024-12-29 14:00:00,120.89
10167,annual,2024-12-29 15:00:00,138.96884
10168,annual,2024-12-29 16:00:00,167.0
10169,annual,2024-12-29 17:00:00,178.42
10170,annual,2024-12-29 18:00:00,176.83
10171,annual,2024-12-29 19:00:00,178.88149
10172,annual,2024-12-29 20:00:00,178.88553
10173,annual,2024-12-29 21:00:00,170.09
10174,annual,2024-12-29 22:00:00,158.62
10175,annual,2024-12-29 23:00:00,138.0
10176,annual,2024-12-30 00:00:00,133.3
10177,annual,2024-12-30 01:00:00,127.39
10178,annual,2024-12-30 02:00:00,124.4
10179,annual,2024-12-30 03:00:00,123.46
10180,annual,2024-12-30 04:00:00,123.46
10181,annual,2024-12-30 05:00:00,130.1
10182,annual,2024-12-30 06:00:00,149.78
10183,annual,2024-12-30 07:00:00,165.88329
10184,annual,2024-12-30 08:00:00,162.4
10185,annual,2024-12-30 09:00:00,149.85
10186,annual,2024-12-30 10:00:00,135.0
10187,annual,2024-12-30 11:00:00,131.39
10188,annual,2024-12-30 12:00:00,125.66
10189,annual,2024-12-30 13:00:00,126.62
10190,annual,2024-12-30 14:00:00,130.05
10191,annual,2024-12-30 15:00:00,150.0
10192,annual,2024-12-30 16:00:00,174.0
10193,annual,2024-12-30 17:00:00,178.95143
10194,annual,2024-12-30 18:00:00,178.47347
10195,annual,2024-12-30 19:00:00,178.92673
10196,annual,2024-12-30 20:00:00,175.61664
10197,annual,2024-12-30 21:00:00,168.77
10198,annual,2024-12-30 22:00:00,160.0
10199,annual,2024-12-30 23:00:00,139.64
10200,annual,2024-12-31 00:00:00,131.12
10201,annual,2024-12-31 01:00:00,124.53
10202,annual,2024-12-31 02:00:00,120.1
10203,annual,2024-12-31 03:00:00,120.1
10204,annual,2024-12-31 04:00:00,120.1
10205,annual,2024-12-31 05:00:00,123.51
10206,annual,2024-12-31 06:00:00,134.32
10207,annual,2024-12-31 07:00:00,154.34663
10208,annual,2024-12-31 08:00:00,155.08
10209,annual,2024-12-31 09:00:00,134.32
10210,annual,2024-12-31 10:00:00,127.56
10211,annual,2024-12-31 11:00:00,115.67
10212,annual,2024-12-31 12:00:00,110.41
10213,annual,2024-12-31 13:00:00,110.62
10214,annual,2024-12-31 14:00:00,123.41
10215,annual,2024-12-31 15:00:00,140.0
10216,annual,2024-12-31 16:00:00,162.43902
10217,annual,2024-12-31 17:00:00,173.41202
10218,annual,2024-12-31 18:00:00,173.39699
10219,annual,2024-12-31 19:00:00,169.43347
10220,annual,2024-12-31 20:00:00,160.52245
10221,annual,2024-12-31 21:00:00,146.55621
10222,annual,2024-12-31 22:00:00,141.0
10223,annual,2024-12-31 23:00:00,134.32
