error_distribution,day,avg_price,price_volatility,milp_net_profit,ppo_net_profit,milp_arbitrage,ppo_arbitrage,milp_flexibility,ppo_flexibility,milp_degradation,ppo_degradation,milp_fcr_revenue,milp_afrr_revenue,milp_mfrr_revenue,ppo_fcr_revenue,ppo_afrr_revenue,ppo_mfrr_revenue,milp_exec_time,ppo_exec_time,milp_utilization,ppo_utilization,milp_cumulative,ppo_cumulative,milp_throughput_cum,ppo_throughput_cum,ppo_arbitrage_throughput,ppo_activation_throughput,ppo_total_throughput
uniform,1,95.55813683562333,23.791233636978447,4432.525444733373,2529.007311662204,176.602244733373,121.21562759490071,4355.9232,2422.2395074507835,100.0,14.447823383480134,0.0,2722.452,0.0,0.0,2422.2395074507835,0.0,1.036938190460205,0.03668951988220215,0.5,0.03166666666666666,4432.525444733373,2529.007311662204,1.52,1.5199999999999998,1.5199999999999998,5.414955224070464,6.934955224070464
uniform,2,82.08723996277698,22.38376505555918,4018.201979283368,2505.4317341344054,192.98229928336693,97.64005006710227,3925.219680000001,2422.2395074507835,100.0,14.447823383480134,0.0,2453.2623000000012,0.0,0.0,2422.2395074507835,0.0,0.08469343185424805,0.03769874572753906,0.5,0.03166666666666666,8450.72742401674,5034.439045796609,3.04,3.0399999999999996,1.5199999999999998,5.414955224070464,6.934955224070464
uniform,3,81.77862283174728,19.27722629490675,4029.5937115626657,2506.8160963096893,177.5972315626651,99.0244122423858,3951.9964800000007,2422.2395074507835,100.0,14.447823383480134,0.0,2469.9977999999996,0.0,0.0,2422.2395074507835,0.0,0.15291237831115723,0.04394078254699707,0.5,0.03166666666666666,12480.321135579406,7541.255142106298,4.5600000000000005,4.56,1.5199999999999998,5.414955224070464,6.934955224070464
uniform,4,89.42705178675055,22.94887910050355,4443.993837045388,2516.771595309467,196.52503704538722,108.97991124216394,4347.4688000000015,2422.2395074507835,100.0,14.447823383480134,0.0,2717.1680000000006,0.0,0.0,2422.2395074507835,0.0,0.09626936912536621,0.040045738220214844,0.5,0.03166666666666666,16924.314972624794,10058.026737415765,6.08,6.079999999999999,1.5199999999999998,5.414955224070464,6.934955224070464
uniform,5,89.73922861852304,20.97342098605987,4449.089235170441,2522.356485992115,191.08123517044018,114.56480192481138,4358.008000000001,2422.2395074507835,100.0,14.447823383480134,0.0,2723.7549999999997,0.0,0.0,2422.2395074507835,0.0,0.10460400581359863,0.05552268028259277,0.5,0.03166666666666666,21373.404207795233,12580.38322340788,7.6,7.599999999999999,1.5199999999999998,5.414955224070464,6.934955224070464
uniform,6,88.19691199516744,22.08783812762239,4422.790292430458,2513.3580449286974,187.94549243045796,105.56636086139386,4334.8448,2422.2395074507835,100.0,14.447823383480134,0.0,2709.2779999999993,0.0,0.0,2422.2395074507835,0.0,0.11789727210998535,0.05443120002746582,0.5,0.03166666666666666,25796.19450022569,15093.741268336576,9.12,9.12,1.5199999999999998,5.414955224070464,6.934955224070464
uniform,7,89.29004388564353,24.373765168004773,4428.775118838437,2509.6343168655453,181.68871883843732,101.8426327982418,4347.0864,2422.2395074507835,100.0,14.447823383480134,0.0,2716.929,0.0,0.0,2422.2395074507835,0.0,0.10698890686035156,0.030505657196044922,0.5,0.03166666666666666,30224.969619064126,17603.37558520212,10.639999999999999,10.639999999999999,1.5199999999999998,5.414955224070464,6.934955224070464
uniform,8,90.98888547132698,24.361042792644177,4459.194690142607,2518.520884768968,185.76109014260666,110.72920070166455,4373.4336,2422.2395074507835,100.0,14.447823383480134,0.0,2733.396,0.0,0.0,2422.2395074507835,0.0,0.0993807315826416,0.04410243034362793,0.5,0.03166666666666666,34684.16430920673,20121.89646997109,12.159999999999998,12.159999999999998,1.5199999999999998,5.414955224070464,6.934955224070464
uniform,9,79.3093697011217,19.690341863265832,4008.517807544944,2509.1328361685423,166.00660754494248,101.34115210123908,3942.5112000000013,2422.2395074507835,100.0,14.447823383480134,0.0,2464.0695000000005,0.0,0.0,2422.2395074507835,0.0,0.08003425598144531,0.03600168228149414,0.5,0.03166666666666666,38692.682116751675,22631.02930613963,13.679999999999998,13.679999999999998,1.5199999999999998,5.414955224070464,6.934955224070464
uniform,10,80.47458712028997,20.492507965523867,3999.8625975933473,2510.4784612378644,166.689797593347,102.68677717056127,3933.1728000000007,2422.2395074507835,100.0,14.447823383480134,0.0,2458.2329999999997,0.0,0.0,2422.2395074507835,0.0,0.1071164608001709,0.04378986358642578,0.5,0.03166666666666666,42692.54471434502,25141.507767377494,15.199999999999998,15.199999999999998,1.5199999999999998,5.414955224070464,6.934955224070464
uniform,11,85.71444573567375,23.441018507847307,4440.80878040843,2514.569811427082,172.4247804084287,106.77812735977892,4368.384000000001,2422.2395074507835,100.0,14.447823383480134,0.0,2730.2400000000007,0.0,0.0,2422.2395074507835,0.0,0.08673286437988281,0.043077945709228516,0.5,0.03166666666666666,47133.35349475345,27656.077578804576,16.72,16.72,1.5199999999999998,5.414955224070464,6.934955224070464
uniform,12,88.01024999731855,20.564409416886882,4445.633443107035,2518.8929303996083,170.1150431070354,111.10124633230488,4375.5184,2422.2395074507835,100.0,14.447823383480134,0.0,2734.699,0.0,0.0,2422.2395074507835,0.0,0.10133504867553711,0.04660677909851074,0.5,0.03166666666666666,51578.986937860485,30174.970509204184,18.24,18.24,1.5199999999999998,5.414955224070464,6.934955224070464
uniform,13,86.59660289117387,22.350084450024116,4435.373808786579,2514.283177427514,179.61380878657914,106.49149336021092,4355.759999999999,2422.2395074507835,100.0,14.447823383480134,0.0,2722.3499999999995,0.0,0.0,2422.2395074507835,0.0,0.08066654205322266,0.040985822677612305,0.5,0.03166666666666666,56014.360746647064,32689.2536866317,19.759999999999998,19.759999999999998,1.5199999999999998,5.414955224070464,6.934955224070464
uniform,14,88.27578401602047,19.68353494201407,4438.798752919296,2521.8709773731534,179.3091529192951,114.07929330585014,4359.489600000001,2422.2395074507835,100.0,14.447823383480134,0.0,2724.6809999999996,0.0,0.0,2422.2395074507835,0.0,0.09204936027526855,0.04809093475341797,0.5,0.03166666666666666,60453.15949956636,35211.12466400485,21.279999999999998,21.279999999999998,1.5199999999999998,5.414955224070464,6.934955224070464
uniform,15,85.33888045225613,23.689810820613708,4439.929695465281,2510.987778351643,189.11369546528118,103.19609428433978,4350.816,2422.2395074507835,100.0,14.447823383480134,0.0,2719.26,0.0,0.0,2422.2395074507835,0.0,0.1004185676574707,0.07567620277404785,0.5,0.03166666666666666,64893.08919503164,37722.11244235649,22.799999999999997,22.799999999999997,1.5199999999999998,5.414955224070464,6.934955224070464
uniform,16,77.4565413339472,19.320176277694465,3988.460097158692,2501.643130969347,147.481057158691,93.8514469020437,3940.979040000001,2422.2395074507835,100.0,14.447823383480134,0.0,2463.111900000001,0.0,0.0,2422.2395074507835,0.0,0.15521240234375,0.057935237884521484,0.5,0.03166666666666666,68881.54929219034,40223.755573325834,24.319999999999997,24.319999999999997,1.5199999999999998,5.414955224070464,6.934955224070464
uniform,17,76.7688835292059,21.79433135686027,4023.8293378894086,2506.7652675405366,171.83285788940782,98.97358347323346,3951.9964800000007,2422.2395074507835,100.0,14.447823383480134,0.0,2469.9977999999996,0.0,0.0,2422.2395074507835,0.0,0.16450762748718262,0.06743311882019043,0.5,0.03166666666666666,72905.37863007974,42730.52084086637,25.839999999999996,25.839999999999996,1.5199999999999998,5.414955224070464,6.934955224070464
uniform,18,87.06897422060221,22.364422236755967,4433.261606782943,2514.243358353258,187.49520678294178,106.45167428595478,4345.766400000001,2422.2395074507835,100.0,14.447823383480134,0.0,2716.1040000000007,0.0,0.0,2422.2395074507835,0.0,0.13427233695983887,0.03699898719787598,0.5,0.03166666666666666,77338.64023686267,45244.76419921962,27.359999999999996,27.359999999999996,1.5199999999999998,5.414955224070464,6.934955224070464
uniform,19,82.95392994050128,24.628405271333843,4433.787725530692,2510.3845588257877,177.48212553069246,102.59287475848434,4356.3056,2422.2395074507835,100.0,14.447823383480134,0.0,2722.6910000000003,0.0,0.0,2422.2395074507835,0.0,0.08304882049560547,0.047388315200805664,0.5,0.03166666666666666,81772.42796239337,47755.14875804541,28.879999999999995,28.879999999999995,1.5199999999999998,5.414955224070464,6.934955224070464
uniform,20,82.60020912336067,24.303778721802527,4415.314644150689,2509.958841147852,159.55464415068974,102.1671570805487,4355.759999999999,2422.2395074507835,100.0,14.447823383480134,0.0,2722.3499999999995,0.0,0.0,2422.2395074507835,0.0,0.14137506484985352,0.04552459716796875,0.5,0.03166666666666666,86187.74260654405,50265.10759919327,30.399999999999995,30.399999999999995,1.5199999999999998,5.414955224070464,6.934955224070464
uniform,21,81.20828187948342,24.558608323078438,4430.66765901014,2506.568863444099,188.688459010139,98.77717937679543,4341.979200000001,2422.2395074507835,100.0,14.447823383480134,0.0,2713.737,0.0,0.0,2422.2395074507835,0.0,0.10606980323791504,0.16667699813842773,0.5,0.03166666666666666,90618.4102655542,52771.67646263736,31.919999999999995,31.919999999999995,1.5199999999999998,5.414955224070464,6.934955224070464
uniform,22,81.75441438053086,22.27701407274462,4437.430640813192,2507.189702572622,184.91224081319297,99.39801850531856,4352.5184,2422.2395074507835,100.0,14.447823383480134,0.0,2720.3240000000005,0.0,0.0,2422.2395074507835,0.0,0.10681891441345215,0.07706403732299805,0.5,0.03166666666666666,95055.84090636739,55278.86616520998,33.44,33.44,1.5199999999999998,5.414955224070464,6.934955224070464
uniform,23,74.88631276670993,20.490975669468387,3994.825307499783,2501.478674729347,150.7819474997814,93.68699066204371,3944.0433600000015,2422.2395074507835,100.0,14.447823383480134,0.0,2465.027100000001,0.0,0.0,2422.2395074507835,0.0,0.13199138641357422,0.0290069580078125,0.5,0.03166666666666666,99050.66621386717,57780.34483993933,34.96,34.96,1.5199999999999998,5.414955224070464,6.934955224070464
uniform,24,77.3107741976847,18.62351214774844,3991.3370401208904,2504.001082419863,155.09992012088952,96.20939835255955,3936.2371200000007,2422.2395074507835,100.0,14.447823383480134,0.0,2460.1482,0.0,0.0,2422.2395074507835,0.0,0.13779473304748535,0.08501791954040527,0.5,0.03166666666666666,103042.00325398806,60284.34592235919,36.480000000000004,36.480000000000004,1.5199999999999998,5.414955224070464,6.934955224070464
uniform,25,81.87965777103982,20.88465198751037,4427.495649179929,2508.7588856539724,181.7292491799281,100.9672015866691,4345.766400000001,2422.2395074507835,100.0,14.447823383480134,0.0,2716.1040000000007,0.0,0.0,2422.2395074507835,0.0,0.10004281997680664,0.0445101261138916,0.5,0.03166666666666666,107469.49890316799,62793.104808013166,38.00000000000001,38.00000000000001,1.5199999999999998,5.414955224070464,6.934955224070464
uniform,26,83.3302640329544,23.28421500187989,4460.7787600774,2510.730893050766,204.47316007740048,102.93920898346266,4356.3056,2422.2395074507835,100.0,14.447823383480134,0.0,2722.6910000000003,0.0,0.0,2422.2395074507835,0.0,0.09064817428588867,0.03700089454650879,0.5,0.03166666666666666,111930.27766324539,65303.83570106393,39.52000000000001,39.52000000000001,1.5199999999999998,5.414955224070464,6.934955224070464
uniform,27,80.10644267253019,19.31128588010697,4405.055146822358,2507.323664858262,170.21034682235842,99.53198079095874,4334.8448,2422.2395074507835,100.0,14.447823383480134,0.0,2709.2779999999993,0.0,0.0,2422.2395074507835,0.0,0.12860393524169922,0.09209132194519043,0.5,0.03166666666666666,116335.33281006775,67811.1593659222,41.04000000000001,41.04000000000001,1.5199999999999998,5.414955224070464,6.934955224070464
uniform,28,82.07959905318405,21.04151608383958,4428.902075553451,2510.8002281139047,166.00767555345064,103.00854404660146,4362.8944,2422.2395074507835,100.0,14.447823383480134,0.0,2726.8089999999993,0.0,0.0,2422.2395074507835,0.0,0.12406539916992188,0.04954838752746582,0.5,0.03166666666666666,120764.2348856212,70321.9595940361,42.56000000000002,42.56000000000002,1.5199999999999998,5.414955224070464,6.934955224070464
uniform,29,83.70659262692932,22.531073020721543,4463.480551771221,2510.1631692729725,190.04695177122062,102.37148520566906,4373.4336,2422.2395074507835,100.0,14.447823383480134,0.0,2733.396,0.0,0.0,2422.2395074507835,0.0,0.1042478084564209,0.05186343193054199,0.5,0.03166666666666666,125227.71543739243,72832.12276330907,44.08000000000002,44.08000000000002,1.5199999999999998,5.414955224070464,6.934955224070464
uniform,30,73.7763487645965,18.94935556760742,3989.577079096658,2504.484970095711,145.53371909665637,96.69328602840761,3944.0433600000015,2422.2395074507835,100.0,14.447823383480134,0.0,2465.027100000001,0.0,0.0,2422.2395074507835,0.0,0.12960386276245117,0.044916629791259766,0.5,0.03166666666666666,129217.29251648909,75336.60773340479,45.60000000000002,45.60000000000002,1.5199999999999998,5.414955224070464,6.934955224070464
uniform,31,72.39121688885952,19.74335432583654,4001.7881282928874,2502.171021966012,149.79164829288712,94.37933789870897,3951.9964800000007,2422.2395074507835,100.0,14.447823383480134,0.0,2469.9977999999996,0.0,0.0,2422.2395074507835,0.0,0.358367919921875,0.020995140075683594,0.5,0.03166666666666666,133219.080644782,77838.7787553708,47.120000000000026,47.120000000000026,1.5199999999999998,5.414955224070464,6.934955224070464
uniform,32,79.09036226736328,20.761757764227557,4415.934059685999,2505.362047104081,163.35805968599877,97.57036303677761,4352.576000000001,2422.2395074507835,100.0,14.447823383480134,0.0,2720.3600000000006,0.0,0.0,2422.2395074507835,0.0,0.10023880004882812,0.025115966796875,0.5,0.03166666666666666,137635.014704468,80344.14080247488,48.64000000000003,48.64000000000003,1.5199999999999998,5.414955224070464,6.934955224070464
uniform,33,80.44200357265336,18.916508938148386,4416.249047887612,2510.699264577595,161.64584788761118,102.90758051029155,4354.6032000000005,2422.2395074507835,100.0,14.447823383480134,0.0,2721.627,0.0,0.0,2422.2395074507835,0.0,0.10089588165283203,0.024338483810424805,0.5,0.03166666666666666,142051.2637523556,82854.84006705247,50.16000000000003,50.16000000000003,1.5199999999999998,5.414955224070464,6.934955224070464
uniform,34,76.79502470260041,23.090152196691232,4397.70247762363,2498.7735449194265,143.64487762363115,90.98186085212299,4354.057599999999,2422.2395074507835,100.0,14.447823383480134,0.0,2721.2859999999996,0.0,0.0,2422.2395074507835,0.0,0.07980179786682129,0.017560958862304688,0.5,0.03166666666666666,146448.9662299792,85353.6136119719,51.680000000000035,51.680000000000035,1.5199999999999998,5.414955224070464,6.934955224070464
uniform,35,76.93722414252143,23.577329717726155,4413.777718771303,2501.2552965339974,166.6913187713029,93.46361246669399,4347.0864,2422.2395074507835,100.0,14.447823383480134,0.0,2716.929,0.0,0.0,2422.2395074507835,0.0,0.0910346508026123,0.036916494369506836,0.5,0.03166666666666666,150862.74394875052,87854.8689085059,53.20000000000004,53.20000000000004,1.5199999999999998,5.414955224070464,6.934955224070464
uniform,36,80.6226085820366,25.621006145545955,4446.2387617869845,2510.910476586843,172.80516178698403,103.11879251953938,4373.4336,2422.2395074507835,100.0,14.447823383480134,0.0,2733.396,0.0,0.0,2422.2395074507835,0.0,0.10207271575927734,0.02613091468811035,0.5,0.03166666666666666,155308.9827105375,90365.77938509274,54.72000000000004,54.72000000000004,1.5199999999999998,5.414955224070464,6.934955224070464
uniform,37,73.1835630921488,22.137080563586576,4013.4018466047783,2499.0624608217477,169.35848660477674,91.27077675444414,3944.0433600000015,2422.2395074507835,100.0,14.447823383480134,0.0,2465.027100000001,0.0,0.0,2422.2395074507835,0.0,0.11869406700134277,0.021432161331176758,0.5,0.03166666666666666,159322.38455714227,92864.84184591449,56.240000000000045,56.240000000000045,1.5199999999999998,5.414955224070464,6.934955224070464
uniform,38,71.63476970112283,21.4937009600007,3998.263410924579,2489.083570790096,165.09061092457847,81.2918867227927,3933.1728000000007,2422.2395074507835,100.0,14.447823383480134,0.0,2458.2329999999997,0.0,0.0,2422.2395074507835,0.0,0.09225869178771973,0.01666402816772461,0.5,0.03166666666666666,163320.64796806686,95353.92541670459,57.76000000000005,57.76000000000005,1.5199999999999998,5.414955224070464,6.934955224070464
uniform,39,78.01423744943293,26.891969586901624,4442.753646096717,2499.194364171483,193.58244609671587,91.40268010417972,4349.171200000001,2422.2395074507835,100.0,14.447823383480134,0.0,2718.232000000001,0.0,0.0,2422.2395074507835,0.0,0.0987699031829834,0.030162811279296875,0.5,0.03166666666666666,167763.40161416357,97853.11978087608,59.28000000000005,59.28000000000005,1.5199999999999998,5.414955224070464,6.934955224070464
uniform,40,74.37527489759269,21.80102026918698,4428.431691804484,2496.9774711084706,168.721291804484,89.18578704116742,4359.7104,2422.2395074507835,100.0,14.447823383480134,0.0,2724.819,0.0,0.0,2422.2395074507835,0.0,0.11804795265197754,0.048958778381347656,0.5,0.03166666666666666,172191.83330596806,100350.09725198455,60.800000000000054,60.800000000000054,1.5199999999999998,5.414955224070464,6.934955224070464
uniform,41,73.08664293528388,22.597400470580162,4415.65155206248,2495.1257162246343,179.10435206247993,87.33403215733114,4336.5472,2422.2395074507835,100.0,14.447823383480134,0.0,2710.3419999999996,0.0,0.0,2422.2395074507835,0.0,0.11564302444458008,0.03599691390991211,0.5,0.03166666666666666,176607.48485803054,102845.22296820919,62.32000000000006,62.32000000000006,1.5199999999999998,5.414955224070464,6.934955224070464
uniform,42,77.52909227231953,20.03173828976841,4431.445354873948,2504.051136825103,166.84855487394807,96.25945275779993,4364.5968,2422.2395074507835,100.0,14.447823383480134,0.0,2727.8730000000005,0.0,0.0,2422.2395074507835,0.0,0.11018133163452148,0.03282284736633301,0.5,0.03166666666666666,181038.9302129045,105349.27410503429,63.84000000000006,63.84000000000006,1.5199999999999998,5.414955224070464,6.934955224070464
uniform,43,72.7159364493449,18.249691143969706,4425.6523542247605,2497.5547744966148,152.21875422476046,89.76309042931143,4373.4336,2422.2395074507835,100.0,14.447823383480134,0.0,2733.396,0.0,0.0,2422.2395074507835,0.0,0.10301709175109863,0.03319597244262695,0.5,0.03166666666666666,185464.58256712926,107846.8288795309,65.36000000000006,65.36000000000006,1.5199999999999998,5.414955224070464,6.934955224070464
uniform,44,69.26482972250261,20.280163225806913,3980.821855647634,2486.095234402259,139.8428156476332,78.3035503349555,3940.979040000001,2422.2395074507835,100.0,14.447823383480134,0.0,2463.111900000001,0.0,0.0,2422.2395074507835,0.0,0.10111570358276367,0.026032447814941406,0.5,0.03166666666666666,189445.4044227769,110332.92411393317,66.88000000000005,66.88000000000005,1.5199999999999998,5.414955224070464,6.934955224070464
uniform,45,69.51270231332946,23.193321244799492,3992.276545597034,2488.1683961934677,156.0394255970334,80.37671212616462,3936.2371200000007,2422.2395074507835,100.0,14.447823383480134,0.0,2460.1482,0.0,0.0,2422.2395074507835,0.0,0.10610222816467285,0.06067705154418945,0.5,0.03166666666666666,193437.68096837393,112821.09251012663,68.40000000000005,68.40000000000005,1.5199999999999998,5.414955224070464,6.934955224070464
uniform,46,75.90164725314445,22.09088543726733,4405.973804907988,2498.5620601715295,158.5050049079868,90.77037610422639,4347.4688000000015,2422.2395074507835,100.0,14.447823383480134,0.0,2717.1680000000006,0.0,0.0,2422.2395074507835,0.0,0.15131115913391113,0.04815530776977539,0.5,0.03166666666666666,197843.65477328192,115319.65457029817,69.92000000000004,69.92000000000004,1.5199999999999998,5.414955224070464,6.934955224070464
uniform,47,74.23952435413854,22.5146155849436,4422.615743234973,2492.1058891288076,166.31014323497328,84.3142050615042,4356.3056,2422.2395074507835,100.0,14.447823383480134,0.0,2722.6910000000003,0.0,0.0,2422.2395074507835,0.0,0.1050264835357666,0.041704654693603516,0.5,0.03166666666666666,202266.2705165169,117811.76045942698,71.44000000000004,71.44000000000004,1.5199999999999998,5.414955224070464,6.934955224070464
uniform,48,76.58206955392593,21.67741093378266,4405.616381513038,2499.7744971019247,149.85638151303857,91.9828130346213,4355.759999999999,2422.2395074507835,100.0,14.447823383480134,0.0,2722.3499999999995,0.0,0.0,2422.2395074507835,0.0,0.11228203773498535,0.02531909942626953,0.5,0.03166666666666666,206671.88689802994,120311.5349565289,72.96000000000004,72.96000000000004,1.5199999999999998,5.414955224070464,6.934955224070464
uniform,49,71.09059662312639,24.119963025893714,4414.412038558996,2492.10796684367,170.73043855899633,84.31628277636686,4343.6816,2422.2395074507835,100.0,14.447823383480134,0.0,2714.8009999999995,0.0,0.0,2422.2395074507835,0.0,0.1183931827545166,0.025135278701782227,0.5,0.03166666666666666,211086.29893658895,122803.64292337258,74.48000000000003,74.48000000000003,1.5199999999999998,5.414955224070464,6.934955224070464
uniform,50,73.9395542371823,22.16245150500325,4426.264891275275,2496.473885333407,172.04409127527447,88.6822012661035,4354.2208,2422.2395074507835,100.0,14.447823383480134,0.0,2721.3880000000004,0.0,0.0,2422.2395074507835,0.0,0.09933590888977051,0.02077317237854004,0.5,0.03166666666666666,215512.5638278642,125300.11680870599,76.00000000000003,76.00000000000003,1.5199999999999998,5.414955224070464,6.934955224070464
uniform,51,63.755396401225774,21.522120325535244,3963.35195734667,2485.9294722843015,122.37291734666923,78.13778821699817,3940.979040000001,2422.2395074507835,100.0,14.447823383480134,0.0,2463.111900000001,0.0,0.0,2422.2395074507835,0.0,0.09629178047180176,0.013707637786865234,0.5,0.03166666666666666,219475.91578521088,127786.0462809903,77.52000000000002,77.52000000000002,1.5199999999999998,5.414955224070464,6.934955224070464
uniform,52,64.28181342087605,22.696410622417417,3991.2880468604303,2483.3007925180646,158.1152468604296,75.50910845076115,3933.1728000000007,2422.2395074507835,100.0,14.447823383480134,0.0,2458.2329999999997,0.0,0.0,2422.2395074507835,0.0,0.09150218963623047,0.04110097885131836,0.5,0.03166666666666666,223467.2038320713,130269.34707350837,79.04000000000002,79.04000000000002,1.5199999999999998,5.414955224070464,6.934955224070464
uniform,53,71.04117573884541,24.46719986841848,4423.364958748326,2489.0227814713385,154.98095874832487,81.23109740403521,4368.384000000001,2422.2395074507835,100.0,14.447823383480134,0.0,2730.2400000000007,0.0,0.0,2422.2395074507835,0.0,0.0949254035949707,0.03200101852416992,0.5,0.03166666666666666,227890.56879081964,132758.3698549797,80.56000000000002,80.56000000000002,1.5199999999999998,5.414955224070464,6.934955224070464
uniform,54,69.44477701234001,22.232348002433984,4428.410612378535,2489.639960201807,152.89221237853494,81.84827613450332,4375.5184,2422.2395074507835,100.0,14.447823383480134,0.0,2734.699,0.0,0.0,2422.2395074507835,0.0,0.10585904121398926,0.02209329605102539,0.5,0.03166666666666666,232318.97940319817,135248.00981518152,82.08000000000001,82.08000000000001,1.5199999999999998,5.414955224070464,6.934955224070464
uniform,55,71.84536135709374,21.70627799095501,4385.512616704403,2490.9408342109455,150.6678167044028,83.14915014364233,4334.8448,2422.2395074507835,100.0,14.447823383480134,0.0,2709.2779999999993,0.0,0.0,2422.2395074507835,0.0,0.1250309944152832,0.0489964485168457,0.5,0.03166666666666666,236704.49201990257,137738.95064939247,83.60000000000001,83.60000000000001,1.5199999999999998,5.414955224070464,6.934955224070464
uniform,56,71.27336299891819,24.95055733285317,4402.936364412413,2483.090941929842,157.55236441241215,75.29925786253831,4345.384000000001,2422.2395074507835,100.0,14.447823383480134,0.0,2715.865,0.0,0.0,2422.2395074507835,0.0,0.11412692070007324,0.028167724609375,0.5,0.03166666666666666,241107.428384315,140222.0415913223,85.12,85.12,1.5199999999999998,5.414955224070464,6.934955224070464
uniform,57,70.05178991127536,23.20889173777168,4425.791858954123,2490.146600794684,152.35825895412307,82.35491672738112,4373.4336,2422.2395074507835,100.0,14.447823383480134,0.0,2733.396,0.0,0.0,2422.2395074507835,0.0,0.10621881484985352,0.04299354553222656,0.5,0.03166666666666666,245533.2202432691,142712.188192117,86.64,86.64,1.5199999999999998,5.414955224070464,6.934955224070464
uniform,58,62.44732074350557,21.178799008191984,3982.57684118132,2474.810064806406,138.53348118131862,67.0183807391025,3944.0433600000015,2422.2395074507835,100.0,14.447823383480134,0.0,2465.027100000001,0.0,0.0,2422.2395074507835,0.0,0.12555432319641113,0.041832685470581055,0.5,0.03166666666666666,249515.79708445043,145186.9982569234,88.16,88.16,1.5199999999999998,5.414955224070464,6.934955224070464
uniform,59,64.38902929786,18.825309288956277,3973.2546094156423,2483.483385292885,124.32244941564169,75.69170122558185,3948.9321600000007,2422.2395074507835,100.0,14.447823383480134,0.0,2468.0826,0.0,0.0,2422.2395074507835,0.0,0.11928606033325195,0.03315234184265137,0.5,0.03166666666666666,253489.0516938661,147670.48164221627,89.67999999999999,89.67999999999999,1.5199999999999998,5.414955224070464,6.934955224070464
uniform,60,65.40638309779442,24.067124508893922,4402.400201095251,2485.5500047047044,149.82420109524992,77.75832063740128,4352.576000000001,2422.2395074507835,100.0,14.447823383480134,0.0,2720.3600000000006,0.0,0.0,2422.2395074507835,0.0,0.15314960479736328,0.02510213851928711,0.5,0.03166666666666666,257891.45189496133,150156.03164692098,91.19999999999999,91.19999999999999,1.5199999999999998,5.414955224070464,6.934955224070464
uniform,61,68.063645224713,19.91036216054047,4412.435337591937,2492.8730402426663,152.72493759193716,85.08135617536318,4359.7104,2422.2395074507835,100.0,14.447823383480134,0.0,2724.819,0.0,0.0,2422.2395074507835,0.0,0.11941170692443848,0.0378267765045166,0.5,0.03166666666666666,262303.8872325533,152648.90468716365,92.71999999999998,92.71999999999998,1.5199999999999998,5.414955224070464,6.934955224070464
uniform,62,69.01342000636863,24.005533598879154,4407.218637508362,2487.174972135864,170.67143750836166,79.38328806856092,4336.5472,2422.2395074507835,100.0,14.447823383480134,0.0,2710.3419999999996,0.0,0.0,2422.2395074507835,0.0,0.1106407642364502,0.03822135925292969,0.5,0.03166666666666666,266711.1058700616,155136.07965929952,94.23999999999998,94.23999999999998,1.5199999999999998,5.414955224070464,6.934955224070464
uniform,63,68.02294997720396,23.40484375621865,4411.667829088767,2482.6230575205655,167.98622908876683,74.83137345326227,4343.6816,2422.2395074507835,100.0,14.447823383480134,0.0,2714.8009999999995,0.0,0.0,2422.2395074507835,0.0,0.10417008399963379,0.036637306213378906,0.5,0.03166666666666666,271122.77369915036,157618.7027168201,95.75999999999998,95.75999999999998,1.5199999999999998,5.414955224070464,6.934955224070464
uniform,64,66.02231015891157,24.89119038924703,4431.9185531527255,2478.454712608438,158.48495315272515,70.66302854113472,4373.4336,2422.2395074507835,100.0,14.447823383480134,0.0,2733.396,0.0,0.0,2422.2395074507835,0.0,0.12127947807312012,0.032180070877075195,0.5,0.03166666666666666,275554.69225230307,160097.15742942854,97.27999999999997,97.27999999999997,1.5199999999999998,5.414955224070464,6.934955224070464
uniform,65,62.938945943814396,22.233144425912847,3976.843701002167,2480.0993224393574,150.09186100216587,72.30763837205414,3926.7518400000013,2422.2395074507835,100.0,14.447823383480134,0.0,2454.219900000001,0.0,0.0,2422.2395074507835,0.0,0.11011385917663574,0.020947933197021484,0.5,0.03166666666666666,279531.53595330525,162577.25675186788,98.79999999999997,98.79999999999997,1.5199999999999998,5.414955224070464,6.934955224070464
uniform,66,60.31213214309662,21.465166791040055,3990.2126612102547,2476.5547191754667,138.21618121025423,68.76303510816342,3951.9964800000007,2422.2395074507835,100.0,14.447823383480134,0.0,2469.9977999999996,0.0,0.0,2422.2395074507835,0.0,0.09743785858154297,0.01611018180847168,0.5,0.03166666666666666,283521.7486145155,165053.81147104336,100.31999999999996,100.31999999999996,1.5199999999999998,5.414955224070464,6.934955224070464
uniform,67,65.77484510939998,22.445162648946045,4404.99989564858,2481.369378011078,138.31829564857884,73.57769394377483,4366.681600000001,2422.2395074507835,100.0,14.447823383480134,0.0,2729.1760000000004,0.0,0.0,2422.2395074507835,0.0,0.1472187042236328,0.02253556251525879,0.5,0.03166666666666666,287926.7485101641,167535.18084905445,101.83999999999996,101.83999999999996,1.5199999999999998,5.414955224070464,6.934955224070464
uniform,68,67.10954927507268,21.693751947045982,4411.20116733514,2483.0161848568387,133.98036733513987,75.22450078953518,4377.2208,2422.2395074507835,100.0,14.447823383480134,0.0,2735.763,0.0,0.0,2422.2395074507835,0.0,0.10393643379211426,0.02184772491455078,0.5,0.03166666666666666,292337.94967749924,170018.1970339113,103.35999999999996,103.35999999999996,1.5199999999999998,5.414955224070464,6.934955224070464
uniform,69,64.06529014238073,21.988337052490582,4385.310887246173,2477.66146955234,152.1684872461724,69.86978548503679,4333.1424,2422.2395074507835,100.0,14.447823383480134,0.0,2708.2139999999995,0.0,0.0,2422.2395074507835,0.0,0.09924530982971191,0.019997358322143555,0.5,0.03166666666666666,296723.2605647454,172495.85850346365,104.87999999999995,104.87999999999995,1.5199999999999998,5.414955224070464,6.934955224070464
uniform,70,66.31330141728326,22.87025498453884,4405.554486274638,2486.5857560199806,140.9576862746384,78.79407195267726,4364.5968,2422.2395074507835,100.0,14.447823383480134,0.0,2727.8730000000005,0.0,0.0,2422.2395074507835,0.0,0.09971261024475098,0.01964402198791504,0.5,0.03166666666666666,301128.81505102006,174982.44425948363,106.39999999999995,106.39999999999995,1.5199999999999998,5.414955224070464,6.934955224070464
uniform,71,67.2174341679452,19.82075507354983,4385.369697837713,2485.4380798659695,134.5536978377134,77.64639579866615,4350.816,2422.2395074507835,100.0,14.447823383480134,0.0,2719.26,0.0,0.0,2422.2395074507835,0.0,0.0879526138305664,0.019134521484375,0.5,0.03166666666666666,305514.1847488578,177467.8823393496,107.91999999999994,107.91999999999994,1.5199999999999998,5.414955224070464,6.934955224070464
uniform,72,58.16194922361857,19.955626252156197,3986.570386035235,2477.14330833784,161.35070603523397,69.35162427053702,3925.219680000001,2422.2395074507835,100.0,14.447823383480134,0.0,2453.2623000000012,0.0,0.0,2422.2395074507835,0.0,0.11836099624633789,0.0215303897857666,0.5,0.03166666666666666,309500.75513489306,179945.02564768743,109.43999999999994,109.43999999999994,1.5199999999999998,5.414955224070464,6.934955224070464
uniform,73,55.062300670365424,21.25843907517822,3966.7735498366774,2473.4031935611397,130.5364298366766,65.6115094938363,3936.2371200000007,2422.2395074507835,100.0,14.447823383480134,0.0,2460.1482,0.0,0.0,2422.2395074507835,0.0,0.09526920318603516,0.028456687927246094,0.5,0.03166666666666666,313467.5286847297,182418.42884124856,110.95999999999994,110.95999999999994,1.5199999999999998,5.414955224070464,6.934955224070464
uniform,74,64.48514502937071,23.121770037214326,4404.931216966756,2478.0992764831312,154.05761696675538,70.30759241582777,4350.873600000001,2422.2395074507835,100.0,14.447823383480134,0.0,2719.2960000000007,0.0,0.0,2422.2395074507835,0.0,0.16165590286254883,0.02266216278076172,0.5,0.03166666666666666,317872.4599016965,184896.52811773168,112.47999999999993,112.47999999999993,1.5199999999999998,5.414955224070464,6.934955224070464
uniform,75,63.71693699619069,20.161137171281872,4399.085739614156,2482.0229219208663,139.37533961415622,74.23123785356299,4359.7104,2422.2395074507835,100.0,14.447823383480134,0.0,2724.819,0.0,0.0,2422.2395074507835,0.0,0.09485101699829102,0.02299952507019043,0.5,0.03166666666666666,322271.54564131063,187378.55103965255,113.99999999999993,113.99999999999993,1.5199999999999998,5.414955224070464,6.934955224070464
uniform,76,63.51638972813557,21.708189730232622,4387.327842776883,2478.4625976356865,149.07824277688226,70.67091356838299,4338.2496,2422.2395074507835,100.0,14.447823383480134,0.0,2711.4059999999995,0.0,0.0,2422.2395074507835,0.0,0.09228277206420898,0.01419520378112793,0.5,0.03166666666666666,326658.8734840875,189857.01363728824,115.51999999999992,115.51999999999992,1.5199999999999998,5.414955224070464,6.934955224070464
uniform,77,60.61197806109228,22.225340118528493,4400.332145333585,2473.0666424294272,139.14014533358431,65.2749583621241,4361.192,2422.2395074507835,100.0,14.447823383480134,0.0,2725.745,0.0,0.0,2422.2395074507835,0.0,0.07080221176147461,0.007999181747436523,0.5,0.03166666666666666,331059.2056294211,192330.08027971766,117.03999999999992,117.03999999999992,1.5199999999999998,5.414955224070464,6.934955224070464
uniform,78,64.5585908360077,25.661627247224295,4425.057294515452,2475.166752210881,155.0284945154516,67.37506814357776,4370.0288,2422.2395074507835,100.0,14.447823383480134,0.0,2731.2680000000005,0.0,0.0,2422.2395074507835,0.0,0.0728306770324707,0.06627607345581055,0.5,0.03166666666666666,335484.26292393653,194805.24703192853,118.55999999999992,118.55999999999992,1.5199999999999998,5.414955224070464,6.934955224070464
uniform,79,55.91879099028677,20.70246656196347,3971.4948360378967,2474.506981254152,127.45147603789502,66.71529718684877,3944.0433600000015,2422.2395074507835,100.0,14.447823383480134,0.0,2465.027100000001,0.0,0.0,2422.2395074507835,0.0,0.09297037124633789,0.02329111099243164,0.5,0.03166666666666666,339455.75775997445,197279.75401318268,120.07999999999991,120.07999999999991,1.5199999999999998,5.414955224070464,6.934955224070464
uniform,80,53.59622975902753,22.13180284560607,3972.7165732667468,2469.981532854936,120.720093266746,62.18984878763265,3951.9964800000007,2422.2395074507835,100.0,14.447823383480134,0.0,2469.9977999999996,0.0,0.0,2422.2395074507835,0.0,0.08124732971191406,0.02364206314086914,0.5,0.03166666666666666,343428.4743332412,199749.7355460376,121.59999999999991,121.59999999999991,1.5199999999999998,5.414955224070464,6.934955224070464
uniform,81,58.978915413409766,21.21855728164276,4377.73900278431,2469.9177738268663,130.27020278430845,62.12608975956309,4347.4688000000015,2422.2395074507835,100.0,14.447823383480134,0.0,2717.1680000000006,0.0,0.0,2422.2395074507835,0.0,0.08643102645874023,0.025978803634643555,0.5,0.03166666666666666,347806.2133360255,202219.65331986448,123.1199999999999,123.1199999999999,1.5199999999999998,5.414955224070464,6.934955224070464
uniform,82,58.437271008625736,21.07338366419708,4403.9571484869775,2468.8815779939355,144.24674848697748,61.08989392663213,4359.7104,2422.2395074507835,100.0,14.447823383480134,0.0,2724.819,0.0,0.0,2422.2395074507835,0.0,0.11280632019042969,0.022977590560913086,0.5,0.03166666666666666,352210.17048451246,204688.53489785842,124.6399999999999,124.6399999999999,1.5199999999999998,5.414955224070464,6.934955224070464
uniform,83,62.14461809897603,25.177474658997905,4400.65975946393,2467.307599210498,144.8997594639301,59.51591514319493,4355.759999999999,2422.2395074507835,100.0,14.447823383480134,0.0,2722.3499999999995,0.0,0.0,2422.2395074507835,0.0,0.1069188117980957,0.023099184036254883,0.5,0.03166666666666666,356610.8302439764,207155.84249706892,126.1599999999999,126.1599999999999,1.5199999999999998,5.414955224070464,6.934955224070464
uniform,84,62.22046488779629,23.09744081791274,4394.781944919676,2473.9201356072185,151.10034491967608,66.12845153991512,4343.6816,2422.2395074507835,100.0,14.447823383480134,0.0,2714.8009999999995,0.0,0.0,2422.2395074507835,0.0,0.1058502197265625,0.030308246612548828,0.5,0.03166666666666666,361005.61218889605,209629.76263267614,127.6799999999999,127.6799999999999,1.5199999999999998,5.414955224070464,6.934955224070464
uniform,85,59.660714619294026,24.33958557165145,4407.043091285369,2468.793478034737,154.52469128536862,61.00179396743338,4352.5184,2422.2395074507835,100.0,14.447823383480134,0.0,2720.3240000000005,0.0,0.0,2422.2395074507835,0.0,0.10037088394165039,0.02093958854675293,0.5,0.03166666666666666,365412.65528018144,212098.55611071087,129.1999999999999,129.1999999999999,1.5199999999999998,5.414955224070464,6.934955224070464
uniform,86,56.574924098125685,18.55812961047008,3979.227069210333,2476.3804962060517,135.18370921033156,68.5888121387484,3944.0433600000015,2422.2395074507835,100.0,14.447823383480134,0.0,2465.027100000001,0.0,0.0,2422.2395074507835,0.0,0.07664966583251953,0.020012378692626953,0.5,0.03166666666666666,369391.88234939176,214574.93660691692,130.7199999999999,130.7199999999999,1.5199999999999998,5.414955224070464,6.934955224070464
uniform,87,53.59190945695809,19.99580201335803,3969.2425143771907,2469.2089942312036,118.7781943771896,61.41731016390045,3950.464320000001,2422.2395074507835,100.0,14.447823383480134,0.0,2469.0402,0.0,0.0,2422.2395074507835,0.0,0.06325674057006836,0.013999700546264648,0.5,0.03166666666666666,373361.1248637689,217044.14560114814,132.23999999999992,132.23999999999992,1.5199999999999998,5.414955224070464,6.934955224070464
uniform,88,60.04684230407816,22.953308354569437,4396.024773076648,2475.094658356348,127.6407730766472,67.30297428904491,4368.384000000001,2422.2395074507835,100.0,14.447823383480134,0.0,2730.2400000000007,0.0,0.0,2422.2395074507835,0.0,0.09152984619140625,0.01057124137878418,0.5,0.03166666666666666,377757.14963684557,219519.24025950447,133.75999999999993,133.75999999999993,1.5199999999999998,5.414955224070464,6.934955224070464
uniform,89,60.14195686276033,24.29566299336134,4410.845947112818,2473.502812481577,154.54034711281804,65.71112841427401,4356.3056,2422.2395074507835,100.0,14.447823383480134,0.0,2722.6910000000003,0.0,0.0,2422.2395074507835,0.0,0.0883169174194336,0.033115386962890625,0.5,0.03166666666666666,382167.9955839584,221992.74307198604,135.27999999999994,135.27999999999994,1.5199999999999998,5.414955224070464,6.934955224070464
uniform,90,61.35026660835263,23.245678851953112,4392.430491041851,2476.660324666161,138.37289104185203,68.86864059885784,4354.057599999999,2422.2395074507835,100.0,14.447823383480134,0.0,2721.2859999999996,0.0,0.0,2422.2395074507835,0.0,0.10406088829040527,0.019528627395629883,0.5,0.03166666666666666,386560.42607500026,224469.4033966522,136.79999999999995,136.79999999999995,1.5199999999999998,5.414955224070464,6.934955224070464
uniform,91,59.8737660921748,20.856730187786074,4395.010897441692,2478.032025255825,132.11649744169193,70.24034118852154,4362.8944,2422.2395074507835,100.0,14.447823383480134,0.0,2726.8089999999993,0.0,0.0,2422.2395074507835,0.0,0.11902594566345215,0.03342604637145996,0.5,0.03166666666666666,390955.43697244197,226947.435421908,138.31999999999996,138.31999999999996,1.5199999999999998,5.414955224070464,6.934955224070464
uniform,92,58.994710139004816,21.28998201776202,4400.163654042325,2478.9911438100935,149.34765404232556,71.1994597427903,4350.816,2422.2395074507835,100.0,14.447823383480134,0.0,2719.26,0.0,0.0,2422.2395074507835,0.0,0.12849640846252441,0.05829906463623047,0.5,0.03166666666666666,395355.6006264843,229426.4265657181,139.83999999999997,139.83999999999997,1.5199999999999998,5.414955224070464,6.934955224070464
uniform,93,53.63280233752471,18.894109406430882,3954.2091470980163,2474.083665053562,110.16578709801458,66.29198098625864,3944.0433600000015,2422.2395074507835,100.0,14.447823383480134,0.0,2465.027100000001,0.0,0.0,2422.2395074507835,0.0,0.14277338981628418,0.027541160583496094,0.5,0.03166666666666666,399309.8097735823,231900.51023077167,141.35999999999999,141.35999999999999,1.5199999999999998,5.414955224070464,6.934955224070464
uniform,94,51.70400100311114,22.443635858732016,3964.2379488285874,2462.0520539062823,113.77362882858637,54.260369838978704,3950.464320000001,2422.2395074507835,100.0,14.447823383480134,0.0,2469.0402,0.0,0.0,2422.2395074507835,0.0,0.09563684463500977,0.020519256591796875,0.5,0.03166666666666666,403274.04772241093,234362.56228467796,142.88,142.88,1.5199999999999998,5.414955224070464,6.934955224070464
uniform,95,56.632244685914934,22.852851933501228,4379.060009787982,2462.5296184789077,133.29360978798124,54.73793441160427,4345.766400000001,2422.2395074507835,100.0,14.447823383480134,0.0,2716.1040000000007,0.0,0.0,2422.2395074507835,0.0,0.1080009937286377,0.02234935760498047,0.5,0.03166666666666666,407653.1077321989,236825.09190315686,144.4,144.4,1.5199999999999998,5.414955224070464,6.934955224070464
uniform,96,59.020531983189386,23.81214442054662,4425.98573193756,2477.8880074175163,167.97773193755918,70.0963233502132,4358.008000000001,2422.2395074507835,100.0,14.447823383480134,0.0,2723.7549999999997,0.0,0.0,2422.2395074507835,0.0,0.11639690399169922,0.04725027084350586,0.5,0.03166666666666666,412079.0934641365,239302.9799105744,145.92000000000002,145.92000000000002,1.5199999999999998,5.414955224070464,6.934955224070464
uniform,97,58.22451609719612,19.542709990314965,4362.038996338509,2472.946023209212,125.49179633850916,65.15433914190882,4336.5472,2422.2395074507835,100.0,14.447823383480134,0.0,2710.3419999999996,0.0,0.0,2422.2395074507835,0.0,0.1260817050933838,0.044710397720336914,0.5,0.03166666666666666,416441.13246047497,241775.9259337836,147.44000000000003,147.44000000000003,1.5199999999999998,5.414955224070464,6.934955224070464
uniform,98,57.444674521712564,20.477262446391663,4393.385187640662,2472.362409058767,132.19318764066142,64.57072499146345,4361.192,2422.2395074507835,100.0,14.447823383480134,0.0,2725.745,0.0,0.0,2422.2395074507835,0.0,0.10336589813232422,0.04539942741394043,0.5,0.03166666666666666,420834.51764811564,244248.28834284237,148.96000000000004,148.96000000000004,1.5199999999999998,5.414955224070464,6.934955224070464
uniform,99,54.98482231484365,22.153209052684726,4397.000420267687,2464.7351524458277,144.48202026768737,56.9434683785245,4352.5184,2422.2395074507835,100.0,14.447823383480134,0.0,2720.3240000000005,0.0,0.0,2422.2395074507835,0.0,0.13036179542541504,0.04355669021606445,0.5,0.03166666666666666,425231.51806838333,246713.0234952882,150.48000000000005,150.48000000000005,1.5199999999999998,5.414955224070464,6.934955224070464
uniform,100,52.91454745711434,19.3106729000628,3975.5955955248087,2468.832027215632,133.08439552480752,61.0403431483288,3942.5112000000013,2422.2395074507835,100.0,14.447823383480134,0.0,2464.0695000000005,0.0,0.0,2422.2395074507835,0.0,0.1481471061706543,0.04419374465942383,0.5,0.03166666666666666,429207.11366390815,249181.8555225038,152.00000000000006,152.00000000000006,1.5199999999999998,5.414955224070464,6.934955224070464
uniform,101,49.933749474122145,19.876365489589876,3951.368000000001,2463.1588859707167,0.0,55.36720190341359,4051.368000000001,2422.2395074507835,100.0,14.447823383480134,0.0,2532.105,0.0,0.0,2422.2395074507835,0.0,0.121337890625,0.04586958885192871,0.5,0.03166666666666666,433158.48166390817,251645.01440847453,152.00000000000006,153.52000000000007,1.5199999999999998,5.414955224070464,6.934955224070464
uniform,102,55.07193535586938,21.741245238697864,4390.405096646095,2468.3938046472977,122.02109664609482,60.602120579994505,4368.384000000001,2422.2395074507835,100.0,14.447823383480134,0.0,2730.2400000000007,0.0,0.0,2422.2395074507835,0.0,0.12534713745117188,0.06145358085632324,0.5,0.03166666666666666,437548.8867605543,254113.40821312182,153.52000000000007,155.04000000000008,1.5199999999999998,5.414955224070464,6.934955224070464
uniform,103,53.573188138268456,24.698300518241656,4397.360235615294,2457.1263375210606,139.35223561529318,49.334653453757426,4358.008000000001,2422.2395074507835,100.0,14.447823383480134,0.0,2723.7549999999997,0.0,0.0,2422.2395074507835,0.0,0.1202700138092041,0.04052329063415527,0.5,0.03166666666666666,441946.24699616956,256570.5345506429,155.04000000000008,156.5600000000001,1.5199999999999998,5.414955224070464,6.934955224070464
uniform,104,54.654275043576,23.121358537689364,4390.578951758453,2460.9988227265794,134.81895175845315,53.2071386592761,4355.759999999999,2422.2395074507835,100.0,14.447823383480134,0.0,2722.3499999999995,0.0,0.0,2422.2395074507835,0.0,0.1301259994506836,0.04995608329772949,0.5,0.03166666666666666,446336.825947928,259031.53337336946,156.5600000000001,158.0800000000001,1.5199999999999998,5.414955224070464,6.934955224070464
uniform,105,56.68855799815143,22.58014409922162,4387.992134371659,2472.627441725154,140.90573437165884,64.83575765785055,4347.0864,2422.2395074507835,100.0,14.447823383480134,0.0,2716.929,0.0,0.0,2422.2395074507835,0.0,0.13697075843811035,0.05880427360534668,0.5,0.03166666666666666,450724.81808229967,261504.1608150946,158.0800000000001,159.6000000000001,1.5199999999999998,5.414955224070464,6.934955224070464
uniform,106,55.49911127276505,21.46111047814788,4400.85512093677,2468.3220082260113,150.03912093677016,60.53032415870787,4350.816,2422.2395074507835,100.0,14.447823383480134,0.0,2719.26,0.0,0.0,2422.2395074507835,0.0,0.13896727561950684,0.04369521141052246,0.5,0.03166666666666666,455125.6732032364,263972.4828233206,159.6000000000001,161.12000000000012,1.5199999999999998,5.414955224070464,6.934955224070464
uniform,107,50.45195242807839,19.95580473937459,3947.7550356720053,2458.5753310273917,119.47103567200443,50.78364696008862,3928.284000000001,2422.2395074507835,100.0,14.447823383480134,0.0,2455.1775000000007,0.0,0.0,2422.2395074507835,0.0,0.13430404663085938,0.0396120548248291,0.5,0.03166666666666666,459073.4282389084,266431.058154348,161.12000000000012,162.64000000000013,1.5199999999999998,5.414955224070464,6.934955224070464
uniform,108,50.20047809344135,19.588835576657292,3950.8598183179574,2467.4067060438188,116.15485831795651,59.61502197651527,3934.704960000001,2422.2395074507835,100.0,14.447823383480134,0.0,2459.1906000000004,0.0,0.0,2422.2395074507835,0.0,0.09541940689086914,0.0457453727722168,0.5,0.03166666666666666,463024.2880572264,268898.4648603918,162.64000000000013,164.16000000000014,1.5199999999999998,5.414955224070464,6.934955224070464
uniform,109,55.78672617513312,19.19665592324132,4376.4631118748175,2470.918763670098,123.8871118748167,63.12707960279455,4352.576000000001,2422.2395074507835,100.0,14.447823383480134,0.0,2720.3600000000006,0.0,0.0,2422.2395074507835,0.0,0.1625354290008545,0.05186796188354492,0.5,0.03166666666666666,467400.7511691012,271369.3836240619,164.16000000000014,165.68000000000015,1.5199999999999998,5.414955224070464,6.934955224070464
uniform,110,53.78060159181181,21.27533029051775,4392.173387559806,2471.3159528345896,114.95258755980527,63.524268767286074,4377.2208,2422.2395074507835,100.0,14.447823383480134,0.0,2735.763,0.0,0.0,2422.2395074507835,0.0,0.12400174140930176,0.04081296920776367,0.5,0.03166666666666666,471792.92455666105,273840.6995768965,165.68000000000015,167.20000000000016,1.5199999999999998,5.414955224070464,6.934955224070464
uniform,111,56.586134313268495,20.788080531412266,4386.438867226113,2468.74682931862,130.67886722611357,60.95514525131668,4355.759999999999,2422.2395074507835,100.0,14.447823383480134,0.0,2722.3499999999995,0.0,0.0,2422.2395074507835,0.0,0.13523173332214355,0.03989887237548828,0.5,0.03166666666666666,476179.3634238872,276309.44640621514,167.20000000000016,168.72000000000017,1.5199999999999998,5.414955224070464,6.934955224070464
uniform,112,56.10645076081829,21.86663043971882,4379.8402042131,2469.957393712008,115.24340421310035,62.165709644704606,4364.5968,2422.2395074507835,100.0,14.447823383480134,0.0,2727.8730000000005,0.0,0.0,2422.2395074507835,0.0,0.11024856567382812,0.038790225982666016,0.5,0.03166666666666666,480559.2036281003,278779.40379992715,168.72000000000017,170.24000000000018,1.5199999999999998,5.414955224070464,6.934955224070464
uniform,113,56.28930227360954,24.8523395642367,4400.610511159895,2463.8268425196184,127.17691115989527,56.035158452314896,4373.4336,2422.2395074507835,100.0,14.447823383480134,0.0,2733.396,0.0,0.0,2422.2395074507835,0.0,0.11655616760253906,0.04108119010925293,0.5,0.03166666666666666,484959.81413926015,281243.2306424468,170.24000000000018,171.7600000000002,1.5199999999999998,5.414955224070464,6.934955224070464
uniform,114,48.38979969340716,19.619012567831305,3942.723884031634,2463.2263319602416,119.03636403163262,55.43464789293833,3923.6875200000013,2422.2395074507835,100.0,14.447823383480134,0.0,2452.304700000001,0.0,0.0,2422.2395074507835,0.0,0.1290745735168457,0.0411076545715332,0.5,0.03166666666666666,488902.5380232918,283706.456974407,171.7600000000002,173.2800000000002,1.5199999999999998,5.414955224070464,6.934955224070464
uniform,115,49.96508492343886,24.114287903761255,3972.6872579535197,2459.7413688453644,141.04661795351868,51.94968477806092,3931.640640000001,2422.2395074507835,100.0,14.447823383480134,0.0,2457.2754,0.0,0.0,2422.2395074507835,0.0,0.10292816162109375,0.0423731803894043,0.5,0.03166666666666666,492875.2252812453,286166.19834325236,173.2800000000002,174.8000000000002,1.5199999999999998,5.414955224070464,6.934955224070464
uniform,116,59.19099261252609,23.11901488799595,4401.323092195747,2469.3102479266636,132.9390921957469,61.518563859360384,4368.384000000001,2422.2395074507835,100.0,14.447823383480134,0.0,2730.2400000000007,0.0,0.0,2422.2395074507835,0.0,0.14444589614868164,0.04024219512939453,0.5,0.03166666666666666,497276.54837344104,288635.50859117904,174.8000000000002,176.32000000000022,1.5199999999999998,5.414955224070464,6.934955224070464
uniform,117,57.0703263394949,22.563224675029094,4401.094446398044,2473.0115940789956,123.87364639804395,65.21991001169238,4377.2208,2422.2395074507835,100.0,14.447823383480134,0.0,2735.763,0.0,0.0,2422.2395074507835,0.0,0.12744450569152832,0.02100825309753418,0.5,0.03166666666666666,501677.64281983906,291108.520185258,176.32000000000022,177.84000000000023,1.5199999999999998,5.414955224070464,6.934955224070464
uniform,118,54.55256411642057,24.223810352146653,4373.34478973421,2464.4362568518254,117.58478973421114,56.644572784522026,4355.759999999999,2422.2395074507835,100.0,14.447823383480134,0.0,2722.3499999999995,0.0,0.0,2422.2395074507835,0.0,0.11427664756774902,0.03798365592956543,0.5,0.03166666666666666,506050.9876095733,293572.95644210983,177.84000000000023,179.36000000000024,1.5199999999999998,5.414955224070464,6.934955224070464
uniform,119,54.98692169913736,20.82383559800744,4390.317925520024,2469.5603161286026,148.33872552002356,61.768632061299236,4341.979200000001,2422.2395074507835,100.0,14.447823383480134,0.0,2713.737,0.0,0.0,2422.2395074507835,0.0,0.11950063705444336,0.041005849838256836,0.5,0.03166666666666666,510441.3055350933,296042.51675823843,179.36000000000024,180.88000000000025,1.5199999999999998,5.414955224070464,6.934955224070464
uniform,120,56.02652143925963,21.932842827502135,4407.3706634959,2466.832375039445,153.1498634959,59.0406909721421,4354.2208,2422.2395074507835,100.0,14.447823383480134,0.0,2721.3880000000004,0.0,0.0,2422.2395074507835,0.0,0.11707496643066406,0.033908843994140625,0.5,0.03166666666666666,514848.6761985892,298509.3491332779,180.88000000000025,182.40000000000026,1.5199999999999998,5.414955224070464,6.934955224070464
uniform,121,48.800246541746986,22.82773664724308,3961.87707397492,2410.9583507339703,117.8337139749188,0.0,3944.0433600000015,2422.2395074507835,100.0,11.281156716813468,0.0,2465.027100000001,0.0,0.0,2422.2395074507835,0.0,0.1470661163330078,0.03335428237915039,0.5,0.0,518810.55327256414,300920.30748401186,182.40000000000026,182.40000000000026,0.0,5.414955224070464,5.414955224070464
uniform,122,47.453963678782365,21.1832792243011,3978.504443908238,2410.9583507339703,128.04012390823718,0.0,3950.464320000001,2422.2395074507835,100.0,11.281156716813468,0.0,2469.0402,0.0,0.0,2422.2395074507835,0.0,0.11274027824401855,0.042012691497802734,0.5,0.0,522789.05771647237,303331.26583474583,183.92000000000027,182.40000000000026,0.0,5.414955224070464,5.414955224070464
uniform,123,54.48777040936975,22.48224952721972,4402.020916363413,2410.9583507339703,152.84971636341186,0.0,4349.171200000001,2422.2395074507835,100.0,11.281156716813468,0.0,2718.232000000001,0.0,0.0,2422.2395074507835,0.0,0.13532567024230957,0.038482666015625,0.5,0.0,527191.0786328358,305742.2241854798,185.44000000000028,182.40000000000026,0.0,5.414955224070464,5.414955224070464
uniform,124,53.05430965215286,24.24777651193461,4399.396947308915,2410.9583507339703,143.09134730891483,0.0,4356.3056,2422.2395074507835,100.0,11.281156716813468,0.0,2722.6910000000003,0.0,0.0,2422.2395074507835,0.0,0.11420655250549316,0.04220271110534668,0.5,0.0,531590.4755801447,308153.1825362138,186.9600000000003,182.40000000000026,0.0,5.414955224070464,5.414955224070464
uniform,125,54.97065167074279,19.976705715055893,4363.428153380852,2410.9583507339703,125.17855338085161,0.0,4338.2496,2422.2395074507835,100.0,11.281156716813468,0.0,2711.4059999999995,0.0,0.0,2422.2395074507835,0.0,0.12851834297180176,0.039995431900024414,0.5,0.0,535953.9037335255,310564.14088694775,188.4800000000003,182.40000000000026,0.0,5.414955224070464,5.414955224070464
uniform,126,54.6211800617788,23.637213610099796,4408.799076654406,2410.9583507339703,145.90467665440647,0.0,4362.8944,2422.2395074507835,100.0,11.281156716813468,0.0,2726.8089999999993,0.0,0.0,2422.2395074507835,0.0,0.124755859375,0.040728092193603516,0.5,0.0,540362.7028101799,312975.0992376817,190.0000000000003,182.40000000000026,0.0,5.414955224070464,5.414955224070464
uniform,127,57.26068036701133,22.111529594522082,4405.812584984134,2410.9583507339703,132.37898498413438,0.0,4373.4336,2422.2395074507835,100.0,11.281156716813468,0.0,2733.396,0.0,0.0,2422.2395074507835,0.0,0.1282958984375,0.039725303649902344,0.5,0.0,544768.515395164,315386.0575884157,191.52000000000032,182.40000000000026,0.0,5.414955224070464,5.414955224070464
uniform,128,47.66870372363751,19.276363500771083,3956.5642575592046,2410.9583507339703,114.05305755920348,0.0,3942.5112000000013,2422.2395074507835,100.0,11.281156716813468,0.0,2464.0695000000005,0.0,0.0,2422.2395074507835,0.0,0.10970759391784668,0.039005279541015625,0.5,0.0,548725.0796527233,317797.01593914966,193.04000000000033,182.40000000000026,0.0,5.414955224070464,5.414955224070464
uniform,129,50.1923890572099,19.102356145624203,3962.2432929565757,2410.9583507339703,129.07049295657512,0.0,3933.1728000000007,2422.2395074507835,100.0,11.281156716813468,0.0,2458.2329999999997,0.0,0.0,2422.2395074507835,0.0,0.12088847160339355,0.03869462013244629,0.5,0.0,552687.3229456799,320207.9742898836,194.56000000000034,182.40000000000026,0.0,5.414955224070464,5.414955224070464
uniform,130,55.0501966815776,22.259755325368154,4393.870265090045,2410.9583507339703,142.99666509004456,0.0,4350.873600000001,2422.2395074507835,100.0,11.281156716813468,0.0,2719.2960000000007,0.0,0.0,2422.2395074507835,0.0,0.12058305740356445,0.040001869201660156,0.5,0.0,557081.1932107699,322618.9326406176,196.08000000000035,182.40000000000026,0.0,5.414955224070464,5.414955224070464
uniform,131,55.655531220630856,23.073087324272876,4397.790261942244,2410.9583507339703,120.56946194224419,0.0,4377.2208,2422.2395074507835,100.0,11.281156716813468,0.0,2735.763,0.0,0.0,2422.2395074507835,0.0,0.12366890907287598,0.038655757904052734,0.5,0.0,561478.9834727121,325029.89099135157,197.60000000000036,182.40000000000026,0.0,5.414955224070464,5.414955224070464
uniform,132,58.142906956666344,23.641738849342403,4393.2957108294495,2410.9583507339703,139.23811082945,0.0,4354.057599999999,2422.2395074507835,100.0,11.281156716813468,0.0,2721.2859999999996,0.0,0.0,2422.2395074507835,0.0,0.18002605438232422,0.041878700256347656,0.5,0.0,565872.2791835415,327440.84934208554,199.12000000000037,182.40000000000026,0.0,5.414955224070464,5.414955224070464
uniform,133,54.40926838635454,26.017833880729995,4389.0148044860725,2410.9583507339703,124.41800448607263,0.0,4364.5968,2422.2395074507835,100.0,11.281156716813468,0.0,2727.8730000000005,0.0,0.0,2422.2395074507835,0.0,0.11499524116516113,0.04245805740356445,0.5,0.0,570261.2939880276,329851.8076928195,200.64000000000038,182.40000000000026,0.0,5.414955224070464,5.414955224070464
uniform,134,52.69478802752972,24.029746761009548,4396.428608205952,2410.9583507339703,122.9950082059511,0.0,4373.4336,2422.2395074507835,100.0,11.281156716813468,0.0,2733.396,0.0,0.0,2422.2395074507835,0.0,0.11180377006530762,0.030437946319580078,0.5,0.0,574657.7225962336,332262.7660435535,202.1600000000004,182.40000000000026,0.0,5.414955224070464,5.414955224070464
uniform,135,50.12110923974577,23.619277964272293,3964.6984728108864,2410.9583507339703,139.47879281088524,0.0,3925.219680000001,2422.2395074507835,100.0,11.281156716813468,0.0,2453.2623000000012,0.0,0.0,2422.2395074507835,0.0,0.10390138626098633,0.03863167762756348,0.5,0.0,578622.4210690445,334673.72439428745,203.6800000000004,182.40000000000026,0.0,5.414955224070464,5.414955224070464
uniform,136,49.076017118375184,20.811199985753426,3959.9024592670758,2410.9583507339703,109.43813926707463,0.0,3950.464320000001,2422.2395074507835,100.0,11.281156716813468,0.0,2469.0402,0.0,0.0,2422.2395074507835,0.0,0.11056375503540039,0.04099702835083008,0.5,0.0,582582.3235283116,337084.6827450214,205.20000000000041,182.40000000000026,0.0,5.414955224070464,5.414955224070464
uniform,137,55.39032687466073,22.173933387450735,4389.9546595479815,2410.9583507339703,140.7834595479804,0.0,4349.171200000001,2422.2395074507835,100.0,11.281156716813468,0.0,2718.232000000001,0.0,0.0,2422.2395074507835,0.0,0.1681685447692871,0.0401153564453125,0.5,0.0,586972.2781878596,339495.6410957554,206.72000000000043,182.40000000000026,0.0,5.414955224070464,5.414955224070464
uniform,138,54.90236726991125,22.951418047622646,4387.953548140434,2410.9583507339703,128.24314814043345,0.0,4359.7104,2422.2395074507835,100.0,11.281156716813468,0.0,2724.819,0.0,0.0,2422.2395074507835,0.0,0.1254405975341797,0.03222489356994629,0.5,0.0,591360.231736,341906.59944648936,208.24000000000044,182.40000000000026,0.0,5.414955224070464,5.414955224070464
uniform,139,57.475810546719366,25.044232654328013,4368.166799153273,2410.9583507339703,112.40679915327411,0.0,4355.759999999999,2422.2395074507835,100.0,11.281156716813468,0.0,2722.3499999999995,0.0,0.0,2422.2395074507835,0.0,0.09589767456054688,0.0214385986328125,0.5,0.0,595728.3985351534,344317.55779722333,209.76000000000045,182.40000000000026,0.0,5.414955224070464,5.414955224070464
uniform,140,54.09991123676272,22.63930256769185,4398.495549776963,2410.9583507339703,154.8139497769632,0.0,4343.6816,2422.2395074507835,100.0,11.281156716813468,0.0,2714.8009999999995,0.0,0.0,2422.2395074507835,0.0,0.10783529281616211,0.03965592384338379,0.5,0.0,600126.8940849303,346728.5161479573,211.28000000000046,182.40000000000026,0.0,5.414955224070464,5.414955224070464
uniform,141,55.65673241237469,21.786394809242474,4401.011519208716,2410.9583507339703,130.98271920871574,0.0,4370.0288,2422.2395074507835,100.0,11.281156716813468,0.0,2731.2680000000005,0.0,0.0,2422.2395074507835,0.0,0.12098240852355957,0.04274272918701172,0.5,0.0,604527.905604139,349139.47449869127,212.80000000000047,182.40000000000026,0.0,5.414955224070464,5.414955224070464
uniform,142,46.87517623180696,17.488068480558866,3971.141804410756,2410.9583507339703,127.09844441075444,0.0,3944.0433600000015,2422.2395074507835,100.0,11.281156716813468,0.0,2465.027100000001,0.0,0.0,2422.2395074507835,0.0,0.12815284729003906,0.041046857833862305,0.5,0.0,608499.0474085497,351550.43284942524,214.32000000000048,182.40000000000026,0.0,5.414955224070464,5.414955224070464
uniform,143,49.607366744555556,19.90676094966602,3972.7890031245443,2410.9583507339703,120.79252312454358,0.0,3951.9964800000007,2422.2395074507835,100.0,11.281156716813468,0.0,2469.9977999999996,0.0,0.0,2422.2395074507835,0.0,0.11854147911071777,0.03858518600463867,0.5,0.0,612471.8364116743,353961.3912001592,215.8400000000005,182.40000000000026,0.0,5.414955224070464,5.414955224070464
uniform,144,54.82633952012109,24.74436869653214,4405.937306361153,2410.9583507339703,137.55330636115167,0.0,4368.384000000001,2422.2395074507835,100.0,11.281156716813468,0.0,2730.2400000000007,0.0,0.0,2422.2395074507835,0.0,0.12389945983886719,0.03511452674865723,0.5,0.0,616877.7737180354,356372.3495508932,217.3600000000005,182.40000000000026,0.0,5.414955224070464,5.414955224070464
uniform,145,57.445335292217685,22.38203502161649,4401.723527745294,2410.9583507339703,124.50272774529408,0.0,4377.2208,2422.2395074507835,100.0,11.281156716813468,0.0,2735.763,0.0,0.0,2422.2395074507835,0.0,0.1274869441986084,0.03690075874328613,0.5,0.0,621279.4972457808,358783.30790162715,218.8800000000005,182.40000000000026,0.0,5.414955224070464,5.414955224070464
uniform,146,57.2807396718566,24.437652691867697,4376.973817379926,2410.9583507339703,121.2138173799268,0.0,4355.759999999999,2422.2395074507835,100.0,11.281156716813468,0.0,2722.3499999999995,0.0,0.0,2422.2395074507835,0.0,0.12484931945800781,0.03887295722961426,0.5,0.0,625656.4710631607,361194.2662523611,220.40000000000052,182.40000000000026,0.0,5.414955224070464,5.414955224070464
uniform,147,57.42536768690892,21.715656492142788,4398.15880024484,2410.9583507339703,133.5620002448399,0.0,4364.5968,2422.2395074507835,100.0,11.281156716813468,0.0,2727.8730000000005,0.0,0.0,2422.2395074507835,0.0,0.12266254425048828,0.04078364372253418,0.5,0.0,630054.6298634055,363605.2246030951,221.92000000000053,182.40000000000026,0.0,5.414955224070464,5.414955224070464
uniform,148,55.87313356925379,24.045761535828685,4414.015597925298,2410.9583507339703,142.2843979252977,0.0,4371.7312,2422.2395074507835,100.0,11.281156716813468,0.0,2732.3320000000003,0.0,0.0,2422.2395074507835,0.0,0.12109589576721191,0.0389864444732666,0.5,0.0,634468.6454613308,366016.18295382906,223.44000000000054,182.40000000000026,0.0,5.414955224070464,5.414955224070464
uniform,149,50.1808150596057,18.633384340551064,3955.1774181565934,2410.9583507339703,112.66621815659211,0.0,3942.5112000000013,2422.2395074507835,100.0,11.281156716813468,0.0,2464.0695000000005,0.0,0.0,2422.2395074507835,0.0,0.1094365119934082,0.03400444984436035,0.5,0.0,638423.8228794874,368427.14130456303,224.96000000000055,182.40000000000026,0.0,5.414955224070464,5.414955224070464
uniform,150,49.33714952819989,22.4168411965965,3968.1996456681977,2410.9583507339703,117.73532566819662,0.0,3950.464320000001,2422.2395074507835,100.0,11.281156716813468,0.0,2469.0402,0.0,0.0,2422.2395074507835,0.0,0.11076831817626953,0.035808563232421875,0.5,0.0,642392.0225251556,370838.099655297,226.48000000000056,182.40000000000026,0.0,5.414955224070464,5.414955224070464
uniform,151,56.68731772866042,24.27728167143354,4395.867225724244,2410.9583507339703,146.69602572424347,0.0,4349.171200000001,2422.2395074507835,100.0,11.281156716813468,0.0,2718.232000000001,0.0,0.0,2422.2395074507835,0.0,0.15389037132263184,0.031423091888427734,0.5,0.0,646787.8897508798,373249.058006031,228.00000000000057,182.40000000000026,0.0,5.414955224070464,5.414955224070464
uniform,152,58.273506046454344,23.88853372777856,4396.741668028048,2410.9583507339703,138.7336680280464,0.0,4358.008000000001,2422.2395074507835,100.0,11.281156716813468,0.0,2723.7549999999997,0.0,0.0,2422.2395074507835,0.0,0.13592910766601562,0.0419926643371582,0.5,0.0,651184.6314189079,375660.01635676494,229.52000000000058,182.40000000000026,0.0,5.414955224070464,5.414955224070464
uniform,153,59.155911828027946,23.204184724703445,4396.32112913043,2410.9583507339703,140.56112913043032,0.0,4355.759999999999,2422.2395074507835,100.0,11.281156716813468,0.0,2722.3499999999995,0.0,0.0,2422.2395074507835,0.0,0.12007904052734375,0.04780459403991699,0.5,0.0,655580.9525480383,378070.9747074989,231.0400000000006,182.40000000000026,0.0,5.414955224070464,5.414955224070464
uniform,154,59.01824212622245,22.192795759075228,4398.6407254355,2410.9583507339703,134.04392543549952,0.0,4364.5968,2422.2395074507835,100.0,11.281156716813468,0.0,2727.8730000000005,0.0,0.0,2422.2395074507835,0.0,0.15988707542419434,0.032639503479003906,0.5,0.0,659979.5932734738,380481.9330582329,232.5600000000006,182.40000000000026,0.0,5.414955224070464,5.414955224070464
uniform,155,57.2847582548535,24.4542266400804,4421.762551250961,2410.9583507339703,148.3289512509613,0.0,4373.4336,2422.2395074507835,100.0,11.281156716813468,0.0,2733.396,0.0,0.0,2422.2395074507835,0.0,0.09619903564453125,0.041829824447631836,0.5,0.0,664401.3558247248,382892.89140896685,234.0800000000006,182.40000000000026,0.0,5.414955224070464,5.414955224070464
uniform,156,54.037465295888126,22.767899444533818,3985.085896344351,2410.9583507339703,141.0425363443498,0.0,3944.0433600000015,2422.2395074507835,100.0,11.281156716813468,0.0,2465.027100000001,0.0,0.0,2422.2395074507835,0.0,0.14083647727966309,0.048775672912597656,0.5,0.0,668386.4417210692,385303.8497597008,235.60000000000062,182.40000000000026,0.0,5.414955224070464,5.414955224070464
uniform,157,51.16236397647976,22.313877670076575,3969.7269487246026,2410.9583507339703,133.48982872460206,0.0,3936.2371200000007,2422.2395074507835,100.0,11.281156716813468,0.0,2460.1482,0.0,0.0,2422.2395074507835,0.0,0.11816573143005371,0.04364180564880371,0.5,0.0,672356.1686697938,387714.8081104348,237.12000000000063,182.40000000000026,0.0,5.414955224070464,5.414955224070464
uniform,158,59.7238401477613,24.40032347181823,4395.502281247134,2410.9583507339703,127.11828124713374,0.0,4368.384000000001,2422.2395074507835,100.0,11.281156716813468,0.0,2730.2400000000007,0.0,0.0,2422.2395074507835,0.0,0.11321568489074707,0.04279780387878418,0.5,0.0,676751.6709510409,390125.76646116877,238.64000000000064,182.40000000000026,0.0,5.414955224070464,5.414955224070464
uniform,159,62.83053530252685,24.55053667744493,4412.7654332786715,2410.9583507339703,135.54463327867126,0.0,4377.2208,2422.2395074507835,100.0,11.281156716813468,0.0,2735.763,0.0,0.0,2422.2395074507835,0.0,0.10843992233276367,0.04289436340332031,0.5,0.0,681164.4363843196,392536.72481190274,240.16000000000065,182.40000000000026,0.0,5.414955224070464,5.414955224070464
uniform,160,58.5987893782559,21.927758965055496,4396.717694412381,2410.9583507339703,140.95769441238193,0.0,4355.759999999999,2422.2395074507835,100.0,11.281156716813468,0.0,2722.3499999999995,0.0,0.0,2422.2395074507835,0.0,0.14072918891906738,0.043900251388549805,0.5,0.0,685561.1540787319,394947.6831626367,241.68000000000066,182.40000000000026,0.0,5.414955224070464,5.414955224070464
uniform,161,61.75977671687062,24.497043004108868,4384.649476263457,2410.9583507339703,140.9678762634569,0.0,4343.6816,2422.2395074507835,100.0,11.281156716813468,0.0,2714.8009999999995,0.0,0.0,2422.2395074507835,0.0,0.12368488311767578,0.044561147689819336,0.5,0.0,689945.8035549953,397358.6415133707,243.20000000000067,182.40000000000026,0.0,5.414955224070464,5.414955224070464
uniform,162,62.122230450043084,20.803374219214703,4398.7009957739565,2410.9583507339703,126.9697957739564,0.0,4371.7312,2422.2395074507835,100.0,11.281156716813468,0.0,2732.3320000000003,0.0,0.0,2422.2395074507835,0.0,0.12076210975646973,0.0418698787689209,0.5,0.0,694344.5045507693,399769.59986410465,244.72000000000068,182.40000000000026,0.0,5.414955224070464,5.414955224070464
uniform,163,56.24948888826651,19.443175763820026,3962.99773382972,2410.9583507339703,136.24589382971854,0.0,3926.7518400000013,2422.2395074507835,100.0,11.281156716813468,0.0,2454.219900000001,0.0,0.0,2422.2395074507835,0.0,0.12405037879943848,0.04022812843322754,0.5,0.0,698307.5022845991,402180.5582148386,246.2400000000007,182.40000000000026,0.0,5.414955224070464,5.414955224070464
uniform,164,56.87879118480694,22.339126377623476,3984.7707029228077,2410.9583507339703,134.3063829228067,0.0,3950.464320000001,2422.2395074507835,100.0,11.281156716813468,0.0,2469.0402,0.0,0.0,2422.2395074507835,0.0,0.1153111457824707,0.04338979721069336,0.5,0.0,702292.272987522,404591.5165655726,247.7600000000007,182.40000000000026,0.0,5.414955224070464,5.414955224070464
uniform,165,61.219687170570985,21.361518259842573,4384.599907948919,2410.9583507339703,133.72630794891862,0.0,4350.873600000001,2422.2395074507835,100.0,11.281156716813468,0.0,2719.2960000000007,0.0,0.0,2422.2395074507835,0.0,0.13212871551513672,0.04277300834655762,0.5,0.0,706676.8728954708,407002.47491630656,249.2800000000007,182.40000000000026,0.0,5.414955224070464,5.414955224070464
uniform,166,61.45049377696767,24.15257853326547,4412.732658112568,2410.9583507339703,153.02225811256818,0.0,4359.7104,2422.2395074507835,100.0,11.281156716813468,0.0,2724.819,0.0,0.0,2422.2395074507835,0.0,0.11219573020935059,0.04499983787536621,0.5,0.0,711089.6055535834,409413.4332670405,250.80000000000072,182.40000000000026,0.0,5.414955224070464,5.414955224070464
uniform,167,61.095087016692595,22.070533101313764,4392.946066469056,2410.9583507339703,137.18606646905627,0.0,4355.759999999999,2422.2395074507835,100.0,11.281156716813468,0.0,2722.3499999999995,0.0,0.0,2422.2395074507835,0.0,0.12494540214538574,0.035549163818359375,0.5,0.0,715482.5516200524,411824.3916177745,252.32000000000073,182.40000000000026,0.0,5.414955224070464,5.414955224070464
uniform,168,63.120279229465986,21.887574860256564,4390.282951182261,2410.9583507339703,146.60135118226106,0.0,4343.6816,2422.2395074507835,100.0,11.281156716813468,0.0,2714.8009999999995,0.0,0.0,2422.2395074507835,0.0,0.11867094039916992,0.042655229568481445,0.5,0.0,719872.8345712346,414235.34996850847,253.84000000000074,182.40000000000026,0.0,5.414955224070464,5.414955224070464
uniform,169,62.083245668849976,24.161703700222404,4430.807435397358,2410.9583507339703,157.37383539735765,0.0,4373.4336,2422.2395074507835,100.0,11.281156716813468,0.0,2733.396,0.0,0.0,2422.2395074507835,0.0,0.13675642013549805,0.030898571014404297,0.5,0.0,724303.642006632,416646.30831924244,255.36000000000075,182.40000000000026,0.0,5.414955224070464,5.414955224070464
uniform,170,53.71403248739431,19.09422472623007,3970.101738292687,2410.9583507339703,126.05837829268536,0.0,3944.0433600000015,2422.2395074507835,100.0,11.281156716813468,0.0,2465.027100000001,0.0,0.0,2422.2395074507835,0.0,0.12838125228881836,0.059128761291503906,0.5,0.0,728273.7437449248,419057.2666699764,256.88000000000073,182.40000000000026,0.0,5.414955224070464,5.414955224070464
uniform,171,55.13348153286514,19.396543526400574,3977.9309641528075,2410.9583507339703,125.93448415280679,0.0,3951.9964800000007,2422.2395074507835,100.0,11.281156716813468,0.0,2469.9977999999996,0.0,0.0,2422.2395074507835,0.0,0.11226034164428711,0.04830503463745117,0.5,0.0,732251.6747090776,421468.2250207104,258.4000000000007,182.40000000000026,0.0,5.414955224070464,5.414955224070464
uniform,172,65.23109419914344,21.494358946740796,4393.610807499053,2410.9583507339703,146.1420074990519,0.0,4347.4688000000015,2422.2395074507835,100.0,11.281156716813468,0.0,2717.1680000000006,0.0,0.0,2422.2395074507835,0.0,0.19742226600646973,0.034012556076049805,0.5,0.0,736645.2855165766,423879.18337144435,259.9200000000007,182.40000000000026,0.0,5.414955224070464,5.414955224070464
uniform,173,63.87649764135225,22.79001898103333,4402.895439628982,2410.9583507339703,146.58983962898256,0.0,4356.3056,2422.2395074507835,100.0,11.281156716813468,0.0,2722.6910000000003,0.0,0.0,2422.2395074507835,0.0,0.12483096122741699,0.032189130783081055,0.5,0.0,741048.1809562056,426290.1417221783,261.4400000000007,182.40000000000026,0.0,5.414955224070464,5.414955224070464
uniform,174,65.8050137334734,21.512821626007423,4382.512453959243,2410.9583507339703,144.26285395924307,0.0,4338.2496,2422.2395074507835,100.0,11.281156716813468,0.0,2711.4059999999995,0.0,0.0,2422.2395074507835,0.0,0.13889789581298828,0.03200101852416992,0.5,0.0,745430.6934101648,428701.1000729123,262.96000000000066,182.40000000000026,0.0,5.414955224070464,5.414955224070464
uniform,175,63.93778206822773,22.1062178413134,4411.194293732837,2410.9583507339703,148.29989373283675,0.0,4362.8944,2422.2395074507835,100.0,11.281156716813468,0.0,2726.8089999999993,0.0,0.0,2422.2395074507835,0.0,0.1287224292755127,0.05461525917053223,0.5,0.0,749841.8877038977,431112.05842364626,264.48000000000064,182.40000000000026,0.0,5.414955224070464,5.414955224070464
uniform,176,62.386669041931036,21.562395111526513,4404.349230130496,2410.9583507339703,130.91563013049586,0.0,4373.4336,2422.2395074507835,100.0,11.281156716813468,0.0,2733.396,0.0,0.0,2422.2395074507835,0.0,0.11957359313964844,0.04276466369628906,0.5,0.0,754246.2369340282,433523.01677438023,266.0000000000006,182.40000000000026,0.0,5.414955224070464,5.414955224070464
uniform,177,58.298417239524305,19.176523121121516,3970.6099349876804,2410.9583507339703,128.09873498767897,0.0,3942.5112000000013,2422.2395074507835,100.0,11.281156716813468,0.0,2464.0695000000005,0.0,0.0,2422.2395074507835,0.0,0.1322188377380371,0.04201054573059082,0.5,0.0,758216.846869016,435933.9751251142,267.5200000000006,182.40000000000026,0.0,5.414955224070464,5.414955224070464
uniform,178,59.41522926945256,21.06544790619253,3974.4193494967108,2410.9583507339703,142.77870949670995,0.0,3931.640640000001,2422.2395074507835,100.0,11.281156716813468,0.0,2457.2754,0.0,0.0,2422.2395074507835,0.0,0.10577154159545898,0.04184460639953613,0.5,0.0,762191.2662185127,438344.9334758482,269.0400000000006,182.40000000000026,0.0,5.414955224070464,5.414955224070464
uniform,179,66.0296587233803,24.570236950537495,4433.24988843391,2410.9583507339703,182.3762884339098,0.0,4350.873600000001,2422.2395074507835,100.0,11.281156716813468,0.0,2719.2960000000007,0.0,0.0,2422.2395074507835,0.0,0.17259550094604492,0.03999972343444824,0.5,0.0,766624.5161069466,440755.89182658214,270.56000000000057,182.40000000000026,0.0,5.414955224070464,5.414955224070464
uniform,180,65.610394469496,23.500836817935195,4412.1026791448585,2410.9583507339703,136.58427914485844,0.0,4375.5184,2422.2395074507835,100.0,11.281156716813468,0.0,2734.699,0.0,0.0,2422.2395074507835,0.0,0.13720226287841797,0.04487490653991699,0.5,0.0,771036.6187860915,443166.8501773161,272.08000000000055,182.40000000000026,0.0,5.414955224070464,5.414955224070464
uniform,181,69.10753657379082,24.84304180565935,4426.8626820675945,2410.9583507339703,171.10268206759494,0.0,4355.759999999999,2422.2395074507835,100.0,11.281156716813468,0.0,2722.3499999999995,0.0,0.0,2422.2395074507835,0.0,0.1710035800933838,0.04445672035217285,0.5,0.0,775463.481468159,445577.8085280501,273.60000000000053,182.40000000000026,0.0,5.414955224070464,5.414955224070464
uniform,182,67.80321109234661,23.045232004530916,4395.491150104484,2410.9583507339703,150.1071501044838,0.0,4345.384000000001,2422.2395074507835,100.0,11.281156716813468,0.0,2715.865,0.0,0.0,2422.2395074507835,0.0,0.10704159736633301,0.03811502456665039,0.5,0.0,779858.9726182634,447988.76687878405,275.1200000000005,182.40000000000026,0.0,5.414955224070464,5.414955224070464
uniform,183,67.63739347547047,21.56063740979482,4416.552336163361,2410.9583507339703,143.11873616336138,0.0,4373.4336,2422.2395074507835,100.0,11.281156716813468,0.0,2733.396,0.0,0.0,2422.2395074507835,0.0,0.11798977851867676,0.0444798469543457,0.5,0.0,784275.5249544268,450399.725229518,276.6400000000005,182.40000000000026,0.0,5.414955224070464,5.414955224070464
uniform,184,60.90873342515963,23.39393602525782,3975.9291649437173,2410.9583507339703,150.70948494371643,0.0,3925.219680000001,2422.2395074507835,100.0,11.281156716813468,0.0,2453.2623000000012,0.0,0.0,2422.2395074507835,0.0,0.12946867942810059,0.030234336853027344,0.5,0.0,788251.4541193706,452810.683580252,278.1600000000005,182.40000000000026,0.0,5.414955224070464,5.414955224070464
uniform,185,64.39650229598227,20.200283503059946,3988.4998174777584,2410.9583507339703,156.85917747775719,0.0,3931.640640000001,2422.2395074507835,100.0,11.281156716813468,0.0,2457.2754,0.0,0.0,2422.2395074507835,0.0,0.12868380546569824,0.041155338287353516,0.5,0.0,792239.9539368483,455221.64193098596,279.68000000000046,182.40000000000026,0.0,5.414955224070464,5.414955224070464
uniform,186,72.91439051811676,24.412990720637453,4405.695748372552,2410.9583507339703,153.11974837255082,0.0,4352.576000000001,2422.2395074507835,100.0,11.281156716813468,0.0,2720.3600000000006,0.0,0.0,2422.2395074507835,0.0,0.1872999668121338,0.04226541519165039,0.5,0.0,796645.6496852209,457632.60028171993,281.20000000000044,182.40000000000026,0.0,5.414955224070464,5.414955224070464
uniform,187,71.08677553908332,22.97461524898611,4411.454421458476,2410.9583507339703,150.04162145847582,0.0,4361.4128,2422.2395074507835,100.0,11.281156716813468,0.0,2725.883,0.0,0.0,2422.2395074507835,0.0,0.11757516860961914,0.0417635440826416,0.5,0.0,801057.1041066794,460043.5586324539,282.7200000000004,182.40000000000026,0.0,5.414955224070464,5.414955224070464
uniform,188,67.1192151031503,21.148690033457047,4408.029087398113,2410.9583507339703,152.26908739811407,0.0,4355.759999999999,2422.2395074507835,100.0,11.281156716813468,0.0,2722.3499999999995,0.0,0.0,2422.2395074507835,0.0,0.11362838745117188,0.04089164733886719,0.5,0.0,805465.1331940775,462454.5169831879,284.2400000000004,182.40000000000026,0.0,5.414955224070464,5.414955224070464
uniform,189,70.43912578346031,24.27910692593236,4406.179214570558,2410.9583507339703,164.20001457055736,0.0,4341.979200000001,2422.2395074507835,100.0,11.281156716813468,0.0,2713.737,0.0,0.0,2422.2395074507835,0.0,0.14871430397033691,0.04282784461975098,0.5,0.0,809871.3124086481,464865.47533392184,285.7600000000004,182.40000000000026,0.0,5.414955224070464,5.414955224070464
uniform,190,67.13854558328812,22.65840195572177,4421.0852170910075,2410.9583507339703,149.35401709100697,0.0,4371.7312,2422.2395074507835,100.0,11.281156716813468,0.0,2732.3320000000003,0.0,0.0,2422.2395074507835,0.0,0.12186241149902344,0.03896522521972656,0.5,0.0,814292.3976257391,467276.4336846558,287.28000000000037,182.40000000000026,0.0,5.414955224070464,5.414955224070464
uniform,191,61.089734155337474,20.537169200363834,3969.8184104715533,2410.9583507339703,128.83937047155214,0.0,3940.979040000001,2422.2395074507835,100.0,11.281156716813468,0.0,2463.111900000001,0.0,0.0,2422.2395074507835,0.0,0.1312854290008545,0.04087090492248535,0.5,0.0,818262.2160362107,469687.3920353898,288.80000000000035,182.40000000000026,0.0,5.414955224070464,5.414955224070464
uniform,192,63.662491340690956,21.932551324066242,3974.2811607124663,2410.9583507339703,142.64052071246536,0.0,3931.640640000001,2422.2395074507835,100.0,11.281156716813468,0.0,2457.2754,0.0,0.0,2422.2395074507835,0.0,0.12470102310180664,0.043424129486083984,0.5,0.0,822236.4971969231,472098.35038612376,290.32000000000033,182.40000000000026,0.0,5.414955224070464,5.414955224070464
uniform,193,70.27309508983275,24.019005274349087,4414.398728153939,2410.9583507339703,146.0147281539381,0.0,4368.384000000001,2422.2395074507835,100.0,11.281156716813468,0.0,2730.2400000000007,0.0,0.0,2422.2395074507835,0.0,0.16776180267333984,0.04824256896972656,0.5,0.0,826650.895925077,474509.3087368577,291.8400000000003,182.40000000000026,0.0,5.414955224070464,5.414955224070464
uniform,194,70.02827577625989,21.51019714876259,4426.429663925622,2410.9583507339703,149.20886392562127,0.0,4377.2208,2422.2395074507835,100.0,11.281156716813468,0.0,2735.763,0.0,0.0,2422.2395074507835,0.0,0.1602802276611328,0.04447293281555176,0.5,0.0,831077.3255890027,476920.2670875917,293.3600000000003,182.40000000000026,0.0,5.414955224070464,5.414955224070464
uniform,195,72.32580441960101,24.31519022182215,4419.264703994977,2410.9583507339703,182.71750399497685,0.0,4336.5472,2422.2395074507835,100.0,11.281156716813468,0.0,2710.3419999999996,0.0,0.0,2422.2395074507835,0.0,0.13513565063476562,0.039932966232299805,0.5,0.0,835496.5902929977,479331.22543832567,294.8800000000003,182.40000000000026,0.0,5.414955224070464,5.414955224070464
uniform,196,74.26111979640984,19.780798052886336,4401.044702339694,2410.9583507339703,155.66070233969282,0.0,4345.384000000001,2422.2395074507835,100.0,11.281156716813468,0.0,2715.865,0.0,0.0,2422.2395074507835,0.0,0.13787412643432617,0.027994871139526367,0.5,0.0,839897.6349953373,481742.18378905964,296.40000000000026,182.40000000000026,0.0,5.414955224070464,5.414955224070464
uniform,197,71.45095553392356,24.238409799896882,4433.8962158146305,2410.9583507339703,179.67541581463038,0.0,4354.2208,2422.2395074507835,100.0,11.281156716813468,0.0,2721.3880000000004,0.0,0.0,2422.2395074507835,0.0,0.1549689769744873,0.03801846504211426,0.5,0.0,844331.531211152,484153.1421397936,297.92000000000024,182.40000000000026,0.0,5.414955224070464,5.414955224070464
uniform,198,64.96544313941659,18.005468968428023,3973.327444186287,2410.9583507339703,149.63992418628544,0.0,3923.6875200000013,2422.2395074507835,100.0,11.281156716813468,0.0,2452.304700000001,0.0,0.0,2422.2395074507835,0.0,0.1268298625946045,0.04185128211975098,0.5,0.0,848304.8586553383,486564.1004905276,299.4400000000002,182.40000000000026,0.0,5.414955224070464,5.414955224070464
uniform,199,66.26418103300598,20.075113841569877,4004.9737896432043,2410.9583507339703,152.9773096432034,0.0,3951.9964800000007,2422.2395074507835,100.0,11.281156716813468,0.0,2469.9977999999996,0.0,0.0,2422.2395074507835,0.0,0.13199234008789062,0.03997635841369629,0.5,0.0,852309.8324449814,488975.05884126155,300.9600000000002,182.40000000000026,0.0,5.414955224070464,5.414955224070464
uniform,200,73.86155383057145,23.464294691434056,4423.196202772101,2410.9583507339703,154.8122027720997,0.0,4368.384000000001,2422.2395074507835,100.0,11.281156716813468,0.0,2730.2400000000007,0.0,0.0,2422.2395074507835,0.0,0.1360306739807129,0.04072928428649902,0.5,0.0,856733.0286477535,491386.0171919955,302.4800000000002,182.40000000000026,0.0,5.414955224070464,5.414955224070464
uniform,201,75.16702471845572,22.600775897201004,4428.5460838554,2410.9583507339703,170.53808385539904,0.0,4358.008000000001,2422.2395074507835,100.0,11.281156716813468,0.0,2723.7549999999997,0.0,0.0,2422.2395074507835,0.0,0.14657902717590332,0.03800559043884277,0.5,0.0,861161.574731609,493796.9755427295,304.00000000000017,182.40000000000026,0.0,5.414955224070464,5.414955224070464
uniform,202,76.22836388852572,25.58531388822953,4420.43288464582,2410.9583507339703,164.67288464582126,0.0,4355.759999999999,2422.2395074507835,100.0,11.281156716813468,0.0,2722.3499999999995,0.0,0.0,2422.2395074507835,0.0,0.15046167373657227,0.04108786582946777,0.5,0.0,865582.0076162547,496207.93389346346,305.52000000000015,182.40000000000026,0.0,5.414955224070464,5.414955224070464
uniform,203,74.33966639714576,22.68157747349098,4422.345569089779,2410.9583507339703,178.6639690897791,0.0,4343.6816,2422.2395074507835,100.0,11.281156716813468,0.0,2714.8009999999995,0.0,0.0,2422.2395074507835,0.0,0.1408219337463379,0.03997945785522461,0.5,0.0,870004.3531853445,498618.8922441974,307.04000000000013,182.40000000000026,0.0,5.414955224070464,5.414955224070464
uniform,204,75.87820261182219,24.36118331240573,4440.654762266229,2410.9583507339703,189.83876226622965,0.0,4350.816,2422.2395074507835,100.0,11.281156716813468,0.0,2719.26,0.0,0.0,2422.2395074507835,0.0,0.13189482688903809,0.04250073432922363,0.5,0.0,874445.0079476107,501029.8505949314,308.5600000000001,182.40000000000026,0.0,5.414955224070464,5.414955224070464
uniform,205,69.66710545558354,20.629350756877724,3987.9693168886347,2410.9583507339703,143.92595688863335,0.0,3944.0433600000015,2422.2395074507835,100.0,11.281156716813468,0.0,2465.027100000001,0.0,0.0,2422.2395074507835,0.0,0.15601062774658203,0.04645419120788574,0.5,0.0,878432.9772644993,503440.80894566537,310.0800000000001,182.40000000000026,0.0,5.414955224070464,5.414955224070464
uniform,206,69.47570124616813,20.946778564391515,3977.125919916326,2410.9583507339703,145.48527991632508,0.0,3931.640640000001,2422.2395074507835,100.0,11.281156716813468,0.0,2457.2754,0.0,0.0,2422.2395074507835,0.0,0.13189291954040527,0.03991580009460449,0.5,0.0,882410.1031844156,505851.76729639934,311.6000000000001,182.40000000000026,0.0,5.414955224070464,5.414955224070464
uniform,207,77.12572411695417,22.26948479512534,4431.890396532894,2410.9583507339703,179.3143965328929,0.0,4352.576000000001,2422.2395074507835,100.0,11.281156716813468,0.0,2720.3600000000006,0.0,0.0,2422.2395074507835,0.0,0.14547491073608398,0.041986703872680664,0.5,0.0,886841.9935809486,508262.7256471333,313.12000000000006,182.40000000000026,0.0,5.414955224070464,5.414955224070464
uniform,208,76.70671369473838,23.776666991110393,4429.1514166131055,2410.9583507339703,151.93061661310503,0.0,4377.2208,2422.2395074507835,100.0,11.281156716813468,0.0,2735.763,0.0,0.0,2422.2395074507835,0.0,0.12958931922912598,0.04622769355773926,0.5,0.0,891271.1449975617,510673.6839978673,314.64000000000004,182.40000000000026,0.0,5.414955224070464,5.414955224070464
uniform,209,81.80321136307873,23.290265281214126,4432.818190536656,2410.9583507339703,177.05819053665687,0.0,4355.759999999999,2422.2395074507835,100.0,11.281156716813468,0.0,2722.3499999999995,0.0,0.0,2422.2395074507835,0.0,0.10983037948608398,0.04036355018615723,0.5,0.0,895703.9631880984,513084.64234860125,316.16,182.40000000000026,0.0,5.414955224070464,5.414955224070464
uniform,210,78.6036606354538,25.064270704086745,4439.315440682607,2410.9583507339703,195.6338406826067,0.0,4343.6816,2422.2395074507835,100.0,11.281156716813468,0.0,2714.8009999999995,0.0,0.0,2422.2395074507835,0.0,0.11419177055358887,0.030036449432373047,0.5,0.0,900143.278628781,515495.6006993352,317.68,182.40000000000026,0.0,5.414955224070464,5.414955224070464
uniform,211,80.49998203503635,18.933623907873827,4426.85060942067,2502.9196309354757,170.92740942066922,95.12794686817239,4355.9232,2422.2395074507835,100.0,14.447823383480134,0.0,2722.452,0.0,0.0,2422.2395074507835,0.0,0.13138818740844727,0.04111337661743164,0.5,0.03166666666666666,904570.1292382017,517998.5203302707,319.2,183.92000000000027,1.5199999999999998,5.414955224070464,6.934955224070464
uniform,212,71.16707104317659,17.037203111271484,3982.274445679236,2492.237651970869,141.2954056792351,84.44596790356583,3940.979040000001,2422.2395074507835,100.0,14.447823383480134,0.0,2463.111900000001,0.0,0.0,2422.2395074507835,0.0,0.1316206455230713,0.03887438774108887,0.5,0.03166666666666666,908552.4036838809,520490.7579822416,320.71999999999997,185.44000000000028,1.5199999999999998,5.414955224070464,6.934955224070464
uniform,213,69.75134630215267,22.129738399557635,4000.7110136834826,2494.551013318955,150.24669368348188,86.75932925165189,3950.464320000001,2422.2395074507835,100.0,14.447823383480134,0.0,2469.0402,0.0,0.0,2422.2395074507835,0.0,0.11464047431945801,0.04168367385864258,0.5,0.03166666666666666,912553.1146975644,522985.3089955605,322.23999999999995,186.9600000000003,1.5199999999999998,5.414955224070464,6.934955224070464
uniform,214,78.94647962245057,22.735818821903937,4431.220875258853,2502.2241647565425,182.04967525885206,94.43248068923916,4349.171200000001,2422.2395074507835,100.0,14.447823383480134,0.0,2718.232000000001,0.0,0.0,2422.2395074507835,0.0,0.12307381629943848,0.040728092193603516,0.5,0.03166666666666666,916984.3355728233,525487.5331603171,323.75999999999993,188.4800000000003,1.5199999999999998,5.414955224070464,6.934955224070464
uniform,215,79.69218979253121,24.853549999437558,4452.122168533413,2497.8646277164808,174.90136853341264,90.07294364917755,4377.2208,2422.2395074507835,100.0,14.447823383480134,0.0,2735.763,0.0,0.0,2422.2395074507835,0.0,0.12337303161621094,0.042821407318115234,0.5,0.03166666666666666,921436.4577413567,527985.3977880336,325.2799999999999,190.0000000000003,1.5199999999999998,5.414955224070464,6.934955224070464
uniform,216,80.68526400750473,20.873818116458107,4438.142747286266,2506.3734944035773,182.38274728626664,98.58181033627375,4355.759999999999,2422.2395074507835,100.0,14.447823383480134,0.0,2722.3499999999995,0.0,0.0,2422.2395074507835,0.0,0.1345360279083252,0.04111671447753906,0.5,0.03166666666666666,925874.6004886429,530491.7712824371,326.7999999999999,191.52000000000032,1.5199999999999998,5.414955224070464,6.934955224070464
uniform,217,79.33466149503745,22.534710003184745,4436.254712601341,2503.4033586744868,171.65791260134154,95.61167460718346,4364.5968,2422.2395074507835,100.0,14.447823383480134,0.0,2727.8730000000005,0.0,0.0,2422.2395074507835,0.0,0.12900900840759277,0.0417475700378418,0.5,0.03166666666666666,930310.8552012442,532995.1746411116,328.3199999999999,193.04000000000033,1.5199999999999998,5.414955224070464,6.934955224070464
uniform,218,80.25261145838502,24.711053474938414,4432.169847209445,2501.9180443403916,176.24664720944443,94.1263602730884,4355.9232,2422.2395074507835,100.0,14.447823383480134,0.0,2722.452,0.0,0.0,2422.2395074507835,0.0,0.1412949562072754,0.040532588958740234,0.5,0.03166666666666666,934743.0250484537,535497.0926854521,329.83999999999986,194.56000000000034,1.5199999999999998,5.414955224070464,6.934955224070464
uniform,219,72.52409420616554,21.334799077247645,4001.48808160315,2496.716734102925,157.44472160314882,88.92505003562178,3944.0433600000015,2422.2395074507835,100.0,14.447823383480134,0.0,2465.027100000001,0.0,0.0,2422.2395074507835,0.0,0.11783027648925781,0.0443575382232666,0.5,0.03166666666666666,938744.5131300569,537993.809419555,331.35999999999984,196.08000000000035,1.5199999999999998,5.414955224070464,6.934955224070464
uniform,220,73.18503352887042,22.38643120524184,4014.5415480466363,2498.6896890383377,162.54506804663558,90.89800497103457,3951.9964800000007,2422.2395074507835,100.0,14.447823383480134,0.0,2469.9977999999996,0.0,0.0,2422.2395074507835,0.0,0.12213659286499023,0.03165602684020996,0.5,0.03166666666666666,942759.0546781035,540492.4991085933,332.8799999999998,197.60000000000036,1.5199999999999998,5.414955224070464,6.934955224070464
uniform,221,83.41454036304863,22.976168288075804,4436.869245245144,2508.265114113094,170.18764524514344,100.47343004579062,4366.681600000001,2422.2395074507835,100.0,14.447823383480134,0.0,2729.1760000000004,0.0,0.0,2422.2395074507835,0.0,0.14075374603271484,0.039974212646484375,0.5,0.03166666666666666,947195.9239233487,543000.7642227064,334.3999999999998,199.12000000000037,1.5199999999999998,5.414955224070464,6.934955224070464
uniform,222,84.9911160564511,21.92605323957532,4441.522669824442,2511.5603295027277,186.91946982444196,103.76864543542419,4354.6032000000005,2422.2395074507835,100.0,14.447823383480134,0.0,2721.627,0.0,0.0,2422.2395074507835,0.0,0.12283682823181152,0.03900718688964844,0.5,0.03166666666666666,951637.4465931731,545512.3245522091,335.9199999999998,200.64000000000038,1.5199999999999998,5.414955224070464,6.934955224070464
uniform,223,82.87666822740407,22.910541786282657,4426.503787234214,2513.4454232173907,189.9565872342139,105.65373915008725,4336.5472,2422.2395074507835,100.0,14.447823383480134,0.0,2710.3419999999996,0.0,0.0,2422.2395074507835,0.0,0.1061561107635498,0.04263591766357422,0.5,0.03166666666666666,956063.9503804073,548025.7699754265,337.43999999999977,202.1600000000004,1.5199999999999998,5.414955224070464,6.934955224070464
uniform,224,84.88548182093353,23.013732973873935,4444.990397305354,2512.162880391986,180.39359730535364,104.37119632468261,4364.5968,2422.2395074507835,100.0,14.447823383480134,0.0,2727.8730000000005,0.0,0.0,2422.2395074507835,0.0,0.14242148399353027,0.04653596878051758,0.5,0.03166666666666666,960508.9407777126,550537.9328558184,338.95999999999975,203.6800000000004,1.5199999999999998,5.414955224070464,6.934955224070464
uniform,225,83.5869581133221,20.895749651940154,4434.746250607755,2512.4373423209536,163.0150506077548,104.64565825365004,4371.7312,2422.2395074507835,100.0,14.447823383480134,0.0,2732.3320000000003,0.0,0.0,2422.2395074507835,0.0,0.12126970291137695,0.043726205825805664,0.5,0.03166666666666666,964943.6870283204,553050.3701981393,340.47999999999973,205.20000000000041,1.5199999999999998,5.414955224070464,6.934955224070464
uniform,226,77.09530981475741,20.88301721622349,3987.6916285100933,2501.563842046933,145.18042851009187,93.77215797963002,3942.5112000000013,2422.2395074507835,100.0,14.447823383480134,0.0,2464.0695000000005,0.0,0.0,2422.2395074507835,0.0,0.13315510749816895,0.04185914993286133,0.5,0.03166666666666666,968931.3786568305,555551.9340401862,341.9999999999997,206.72000000000043,1.5199999999999998,5.414955224070464,6.934955224070464
uniform,227,75.27074084518883,19.713568189845162,4000.1837615947416,2502.0021435978906,165.47880159474025,94.21045953058741,3934.704960000001,2422.2395074507835,100.0,14.447823383480134,0.0,2459.1906000000004,0.0,0.0,2422.2395074507835,0.0,0.10025715827941895,0.04231405258178711,0.5,0.03166666666666666,972931.5624184252,558053.9361837842,343.5199999999997,208.24000000000044,1.5199999999999998,5.414955224070464,6.934955224070464
uniform,228,84.2937320143834,20.424489438787756,4438.2126387495355,2510.711513299436,190.7438387495341,102.91982923213247,4347.4688000000015,2422.2395074507835,100.0,14.447823383480134,0.0,2717.1680000000006,0.0,0.0,2422.2395074507835,0.0,0.1286766529083252,0.04215550422668457,0.5,0.03166666666666666,977369.7750571747,560564.6476970835,345.0399999999997,209.76000000000045,1.5199999999999998,5.414955224070464,6.934955224070464
uniform,229,84.89367479375393,20.709826052407884,4447.302207114237,2511.495377262569,187.59180711423718,103.7036931952658,4359.7104,2422.2395074507835,100.0,14.447823383480134,0.0,2724.819,0.0,0.0,2422.2395074507835,0.0,0.12936139106750488,0.0417325496673584,0.5,0.03166666666666666,981817.077264289,563076.1430743461,346.55999999999966,211.28000000000046,1.5199999999999998,5.414955224070464,6.934955224070464
uniform,230,88.46501449390422,27.347272545546364,4432.980523075823,2506.7881971751312,194.73092307582246,98.99651310782771,4338.2496,2422.2395074507835,100.0,14.447823383480134,0.0,2711.4059999999995,0.0,0.0,2422.2395074507835,0.0,0.11804437637329102,0.0302121639251709,0.5,0.03166666666666666,986250.0577873648,565582.9312715213,348.07999999999964,212.80000000000047,1.5199999999999998,5.414955224070464,6.934955224070464
uniform,231,88.78991491053712,25.05061904001668,4438.850867341212,2518.3245064872804,193.46686734121076,110.53282241997687,4345.384000000001,2422.2395074507835,100.0,14.447823383480134,0.0,2715.865,0.0,0.0,2422.2395074507835,0.0,0.12195467948913574,0.04005146026611328,0.5,0.03166666666666666,990688.908654706,568101.2557780085,349.5999999999996,214.32000000000048,1.5199999999999998,5.414955224070464,6.934955224070464
uniform,232,84.34409027993597,24.02585679042642,4444.148075284511,2510.4419239171384,189.92727528451084,102.6502398498353,4354.2208,2422.2395074507835,100.0,14.447823383480134,0.0,2721.3880000000004,0.0,0.0,2422.2395074507835,0.0,0.12955284118652344,0.03514218330383301,0.5,0.03166666666666666,995133.0567299905,570611.6977019256,351.1199999999996,215.8400000000005,1.5199999999999998,5.414955224070464,6.934955224070464
uniform,233,80.16942590497666,21.351022102089512,3988.214643658649,2499.65355576796,148.76776365864765,91.86187170065652,3939.4468800000013,2422.2395074507835,100.0,14.447823383480134,0.0,2462.154300000001,0.0,0.0,2422.2395074507835,0.0,0.12056112289428711,0.04114866256713867,0.5,0.03166666666666666,999121.2713736491,573111.3512576936,352.6399999999996,217.3600000000005,1.5199999999999998,5.414955224070464,6.934955224070464
uniform,234,80.93097097381752,21.87044849713116,4015.0536844507424,2502.883000037639,163.0572044507418,95.0913159703354,3951.9964800000007,2422.2395074507835,100.0,14.447823383480134,0.0,2469.9977999999996,0.0,0.0,2422.2395074507835,0.0,0.09670233726501465,0.04094076156616211,0.5,0.03166666666666666,1003136.3250580998,575614.2342577312,354.15999999999957,218.8800000000005,1.5199999999999998,5.414955224070464,6.934955224070464
uniform,235,90.16215652691652,22.032637217114807,4446.895430169295,2524.56471966519,178.51143016929416,116.77303559788656,4368.384000000001,2422.2395074507835,100.0,14.447823383480134,0.0,2730.2400000000007,0.0,0.0,2422.2395074507835,0.0,0.11656904220581055,0.043496131896972656,0.5,0.03166666666666666,1007583.2204882691,578138.7989773965,355.67999999999955,220.40000000000052,1.5199999999999998,5.414955224070464,6.934955224070464
uniform,236,89.85759965681564,19.52090896940532,4459.7322382877255,2522.470621316657,182.5114382877259,114.67893724935352,4377.2208,2422.2395074507835,100.0,14.447823383480134,0.0,2735.763,0.0,0.0,2422.2395074507835,0.0,0.11693859100341797,0.042952775955200195,0.5,0.03166666666666666,1012042.9527265568,580661.2695987131,357.19999999999953,221.92000000000053,1.5199999999999998,5.414955224070464,6.934955224070464
uniform,237,88.46347809801284,20.990200385194644,4426.672828721511,2520.6499404404153,170.91282872151174,112.85825637311216,4355.759999999999,2422.2395074507835,100.0,14.447823383480134,0.0,2722.3499999999995,0.0,0.0,2422.2395074507835,0.0,0.1485903263092041,0.04259920120239258,0.5,0.03166666666666666,1016469.6255552783,583181.9195391536,358.7199999999995,223.44000000000054,1.5199999999999998,5.414955224070464,6.934955224070464
uniform,238,91.52328704600946,23.90787531788533,4463.036381452497,2518.377264806457,215.949981452497,110.58558073915343,4347.0864,2422.2395074507835,100.0,14.447823383480134,0.0,2716.929,0.0,0.0,2422.2395074507835,0.0,0.10355114936828613,0.03251314163208008,0.5,0.03166666666666666,1020932.6619367307,585700.29680396,360.2399999999995,224.96000000000055,1.5199999999999998,5.414955224070464,6.934955224070464
uniform,239,92.57678459690737,19.91384434728242,4441.276488752223,2526.0960218606174,190.46048875222246,118.30433779331429,4350.816,2422.2395074507835,100.0,14.447823383480134,0.0,2719.26,0.0,0.0,2422.2395074507835,0.0,0.11799478530883789,0.03880882263183594,0.5,0.03166666666666666,1025373.938425483,588226.3928258206,361.7599999999995,226.48000000000056,1.5199999999999998,5.414955224070464,6.934955224070464
uniform,240,80.96556862702896,18.702788108699057,3998.8703437431095,2510.683998699216,172.11850374310836,102.89231463191236,3926.7518400000013,2422.2395074507835,100.0,14.447823383480134,0.0,2454.219900000001,0.0,0.0,2422.2395074507835,0.0,0.12943124771118164,0.04219937324523926,0.5,0.03166666666666666,1029372.8087692261,590737.0768245198,363.27999999999946,228.00000000000057,1.5199999999999998,5.414955224070464,6.934955224070464
uniform,241,80.57278543384025,16.87480313618073,4000.3287888420564,2410.9583507339703,148.33230884205523,0.0,3951.9964800000007,2422.2395074507835,100.0,11.281156716813468,0.0,2469.9977999999996,0.0,0.0,2422.2395074507835,0.0,0.1305081844329834,0.04651522636413574,0.5,0.0,1033373.1375580681,593148.0351752538,364.79999999999944,228.00000000000057,0.0,5.414955224070464,5.414955224070464
uniform,242,90.97204208996767,25.78699334250964,4453.815908074538,2410.9583507339703,204.64470807453702,0.0,4349.171200000001,2422.2395074507835,100.0,11.281156716813468,0.0,2718.232000000001,0.0,0.0,2422.2395074507835,0.0,0.13712167739868164,0.04605889320373535,0.5,0.0,1037826.9534661426,595558.9935259877,366.3199999999994,228.00000000000057,0.0,5.414955224070464,5.414955224070464
uniform,243,93.54669654038985,22.87856743779303,4454.09802969873,2410.9583507339703,197.79242969873013,0.0,4356.3056,2422.2395074507835,100.0,11.281156716813468,0.0,2722.6910000000003,0.0,0.0,2422.2395074507835,0.0,0.12007784843444824,0.04098033905029297,0.5,0.0,1042281.0514958414,597969.9518767217,367.8399999999994,228.00000000000057,0.0,5.414955224070464,5.414955224070464
uniform,244,92.30080929022358,23.62637994118057,4444.96155748524,2410.9583507339703,190.9039574852406,0.0,4354.057599999999,2422.2395074507835,100.0,11.281156716813468,0.0,2721.2859999999996,0.0,0.0,2422.2395074507835,0.0,0.09441471099853516,0.0465700626373291,0.5,0.0,1046726.0130533266,600380.9102274557,369.3599999999994,228.00000000000057,0.0,5.414955224070464,5.414955224070464
uniform,245,90.24680202180939,21.73849141629442,4455.455022060656,2410.9583507339703,192.56062206065553,0.0,4362.8944,2422.2395074507835,100.0,11.281156716813468,0.0,2726.8089999999993,0.0,0.0,2422.2395074507835,0.0,0.15117740631103516,0.043845176696777344,0.5,0.0,1051181.4680753872,602791.8685781896,370.87999999999937,228.00000000000057,0.0,5.414955224070464,5.414955224070464
uniform,246,94.62163452947846,26.116232687698133,4461.291733825653,2410.9583507339703,189.56053382565247,0.0,4371.7312,2422.2395074507835,100.0,11.281156716813468,0.0,2732.3320000000003,0.0,0.0,2422.2395074507835,0.0,0.12303471565246582,0.04201030731201172,0.5,0.0,1055642.7598092128,605202.8269289236,372.39999999999935,228.00000000000057,0.0,5.414955224070464,5.414955224070464
uniform,247,83.23722394124384,18.677784010296165,4007.1621762587793,2410.9583507339703,164.65097625877792,0.0,3942.5112000000013,2422.2395074507835,100.0,11.281156716813468,0.0,2464.0695000000005,0.0,0.0,2422.2395074507835,0.0,0.1292095184326172,0.04336810111999512,0.5,0.0,1059649.9219854716,607613.7852796576,373.91999999999933,228.00000000000057,0.0,5.414955224070464,5.414955224070464
uniform,248,81.96593440785772,18.275953253347865,4010.6772062889013,2410.9583507339703,161.74504628890054,0.0,3948.9321600000007,2422.2395074507835,100.0,11.281156716813468,0.0,2468.0826,0.0,0.0,2422.2395074507835,0.0,0.0843505859375,0.04433417320251465,0.5,0.0,1063660.5991917604,610024.7436303915,375.4399999999993,228.00000000000057,0.0,5.414955224070464,5.414955224070464
uniform,249,91.63068571762524,24.05925068392158,4471.602126504639,2410.9583507339703,222.43092650463842,0.0,4349.171200000001,2422.2395074507835,100.0,11.281156716813468,0.0,2718.232000000001,0.0,0.0,2422.2395074507835,0.0,0.1413440704345703,0.05225992202758789,0.5,0.0,1068132.201318265,612435.7019811255,376.9599999999993,228.00000000000057,0.0,5.414955224070464,5.414955224070464
uniform,250,94.04307611621141,23.67109665974906,4450.16267880286,2410.9583507339703,188.74987880285997,0.0,4361.4128,2422.2395074507835,100.0,11.281156716813468,0.0,2725.883,0.0,0.0,2422.2395074507835,0.0,0.12184762954711914,0.042172908782958984,0.5,0.0,1072582.3639970678,614846.6603318595,378.4799999999993,228.00000000000057,0.0,5.414955224070464,5.414955224070464
uniform,251,93.98507856350938,21.957730783025347,4436.828510258338,2410.9583507339703,184.47331025833796,0.0,4352.3552,2422.2395074507835,100.0,11.281156716813468,0.0,2720.2219999999993,0.0,0.0,2422.2395074507835,0.0,0.12255978584289551,0.04401111602783203,0.5,0.0,1077019.1925073261,617257.6186825935,379.99999999999926,228.00000000000057,0.0,5.414955224070464,5.414955224070464
uniform,252,94.498245163913,20.998824630532194,4445.7966943559295,2410.9583507339703,198.7102943559291,0.0,4347.0864,2422.2395074507835,100.0,11.281156716813468,0.0,2716.929,0.0,0.0,2422.2395074507835,0.0,0.1536102294921875,0.03930306434631348,0.5,0.0,1081464.9892016822,619668.5770333274,381.51999999999924,228.00000000000057,0.0,5.414955224070464,5.414955224070464
uniform,253,90.73077794292023,22.765639694755023,4454.353218847356,2410.9583507339703,201.8348188473568,0.0,4352.5184,2422.2395074507835,100.0,11.281156716813468,0.0,2720.3240000000005,0.0,0.0,2422.2395074507835,0.0,0.1252913475036621,0.0269927978515625,0.5,0.0,1085919.3424205296,622079.5353840614,383.0399999999992,228.00000000000057,0.0,5.414955224070464,5.414955224070464
uniform,254,86.96525604470567,19.94452012224757,4007.4777927752084,2410.9583507339703,164.96659277520735,0.0,3942.5112000000013,2422.2395074507835,100.0,11.281156716813468,0.0,2464.0695000000005,0.0,0.0,2422.2395074507835,0.0,0.11979436874389648,0.04389071464538574,0.5,0.0,1089926.8202133048,624490.4937347954,384.5599999999992,228.00000000000057,0.0,5.414955224070464,5.414955224070464
uniform,255,88.03474561561461,20.540611646262047,4019.0987890989036,2410.9583507339703,168.63446909890277,0.0,3950.464320000001,2422.2395074507835,100.0,11.281156716813468,0.0,2469.0402,0.0,0.0,2422.2395074507835,0.0,0.11073613166809082,0.045710086822509766,0.5,0.0,1093945.9190024037,626901.4520855293,386.0799999999992,228.00000000000057,0.0,5.414955224070464,5.414955224070464
uniform,256,95.61854811498544,22.86994348272615,4443.396633230377,2410.9583507339703,195.92783323037577,0.0,4347.4688000000015,2422.2395074507835,100.0,11.281156716813468,0.0,2717.1680000000006,0.0,0.0,2422.2395074507835,0.0,0.1268138885498047,0.038230180740356445,0.5,0.0,1098389.3156356341,629312.4104362633,387.59999999999917,228.00000000000057,0.0,5.414955224070464,5.414955224070464
uniform,257,95.84009609419581,21.611055895079513,4447.222944301758,2410.9583507339703,185.810144301758,0.0,4361.4128,2422.2395074507835,100.0,11.281156716813468,0.0,2725.883,0.0,0.0,2422.2395074507835,0.0,0.10637927055358887,0.04458117485046387,0.5,0.0,1102836.538579936,631723.3687869973,389.11999999999915,228.00000000000057,0.0,5.414955224070464,5.414955224070464
uniform,258,97.00127917814854,23.41812086543842,4437.655534826336,2410.9583507339703,183.59793482633722,0.0,4354.057599999999,2422.2395074507835,100.0,11.281156716813468,0.0,2721.2859999999996,0.0,0.0,2422.2395074507835,0.0,0.12268614768981934,0.04028511047363281,0.5,0.0,1107274.1941147624,634134.3271377312,390.63999999999913,228.00000000000057,0.0,5.414955224070464,5.414955224070464
uniform,259,95.58346017315306,22.273946065831282,4459.678627961783,2410.9583507339703,196.78422796178296,0.0,4362.8944,2422.2395074507835,100.0,11.281156716813468,0.0,2726.8089999999993,0.0,0.0,2422.2395074507835,0.0,0.10777688026428223,0.040941476821899414,0.5,0.0,1111733.8727427241,636545.2854884652,392.1599999999991,228.00000000000057,0.0,5.414955224070464,5.414955224070464
uniform,260,97.15403959963383,25.340035721347224,4469.214083942986,2410.9583507339703,218.39808394298623,0.0,4350.816,2422.2395074507835,100.0,11.281156716813468,0.0,2719.26,0.0,0.0,2422.2395074507835,0.0,0.12118697166442871,0.04738450050354004,0.5,0.0,1116203.0868266672,638956.2438391992,393.6799999999991,228.00000000000057,0.0,5.414955224070464,5.414955224070464
uniform,261,86.29101336419622,22.47659420492121,4023.414089859265,2410.9583507339703,179.3707298592637,0.0,3944.0433600000015,2422.2395074507835,100.0,11.281156716813468,0.0,2465.027100000001,0.0,0.0,2422.2395074507835,0.0,0.13100552558898926,0.031108379364013672,0.5,0.0,1120226.5009165264,641367.2021899332,395.1999999999991,228.00000000000057,0.0,5.414955224070464,5.414955224070464
uniform,262,88.01951304722634,20.01946273177169,4019.2036268460915,2410.9583507339703,187.56298684609055,0.0,3931.640640000001,2422.2395074507835,100.0,11.281156716813468,0.0,2457.2754,0.0,0.0,2422.2395074507835,0.0,0.11303019523620605,0.04288172721862793,0.5,0.0,1124245.7045433726,643778.1605406671,396.71999999999906,228.00000000000057,0.0,5.414955224070464,5.414955224070464
uniform,263,96.15877211030663,22.9674345754542,4448.077135582995,2410.9583507339703,200.60833558299308,0.0,4347.4688000000015,2422.2395074507835,100.0,11.281156716813468,0.0,2717.1680000000006,0.0,0.0,2422.2395074507835,0.0,0.14299917221069336,0.04666471481323242,0.5,0.0,1128693.7816789555,646189.1188914011,398.23999999999904,228.00000000000057,0.0,5.414955224070464,5.414955224070464
uniform,264,97.51736117101059,23.261750912499227,4470.936177188336,2410.9583507339703,212.9281771883353,0.0,4358.008000000001,2422.2395074507835,100.0,11.281156716813468,0.0,2723.7549999999997,0.0,0.0,2422.2395074507835,0.0,0.12301492691040039,0.03702187538146973,0.5,0.0,1133164.7178561438,648600.0772421351,399.759999999999,228.00000000000057,0.0,5.414955224070464,5.414955224070464
uniform,265,98.5724263014838,21.760738409350676,4440.2345253036165,2410.9583507339703,184.4745253036169,0.0,4355.759999999999,2422.2395074507835,100.0,11.281156716813468,0.0,2722.3499999999995,0.0,0.0,2422.2395074507835,0.0,0.12310504913330078,0.044980764389038086,0.5,0.0,1137604.9523814474,651011.035592869,401.279999999999,228.00000000000057,0.0,5.414955224070464,5.414955224070464
uniform,266,99.05460751540731,20.206257019665884,4442.822814633236,2410.9583507339703,181.63081463323604,0.0,4361.192,2422.2395074507835,100.0,11.281156716813468,0.0,2725.745,0.0,0.0,2422.2395074507835,0.0,0.1217489242553711,0.043419599533081055,0.5,0.0,1142047.7751960806,653421.993943603,402.799999999999,228.00000000000057,0.0,5.414955224070464,5.414955224070464
uniform,267,101.1484823529626,22.19959456711976,4467.6093021824345,2410.9583507339703,194.17570218243443,0.0,4373.4336,2422.2395074507835,100.0,11.281156716813468,0.0,2733.396,0.0,0.0,2422.2395074507835,0.0,0.12391185760498047,0.031171321868896484,0.5,0.0,1146515.384498263,655832.952294337,404.31999999999897,228.00000000000057,0.0,5.414955224070464,5.414955224070464
uniform,268,88.9113050780013,18.065317082129315,4003.710612300926,2410.9583507339703,159.66725230092464,0.0,3944.0433600000015,2422.2395074507835,100.0,11.281156716813468,0.0,2465.027100000001,0.0,0.0,2422.2395074507835,0.0,0.13102316856384277,0.041778564453125,0.5,0.0,1150519.095110564,658243.910645071,405.83999999999895,228.00000000000057,0.0,5.414955224070464,5.414955224070464
uniform,269,88.78165905125485,19.157777140445912,4029.7756896036217,2410.9583507339703,195.07072960362117,0.0,3934.704960000001,2422.2395074507835,100.0,11.281156716813468,0.0,2459.1906000000004,0.0,0.0,2422.2395074507835,0.0,0.11078906059265137,0.041838645935058594,0.5,0.0,1154548.8708001676,660654.8689958049,407.35999999999893,228.00000000000057,0.0,5.414955224070464,5.414955224070464
uniform,270,99.31046294137246,19.47677183164167,4445.030814110266,2410.9583507339703,199.26441411026494,0.0,4345.766400000001,2422.2395074507835,100.0,11.281156716813468,0.0,2716.1040000000007,0.0,0.0,2422.2395074507835,0.0,0.12387609481811523,0.04261898994445801,0.5,0.0,1158993.9016142779,663065.8273465389,408.8799999999989,228.00000000000057,0.0,5.414955224070464,5.414955224070464
uniform,271,99.45083332887152,21.92083418263438,4453.455868331209,2529.7441947006687,176.23506833120854,121.95251063336532,4377.2208,2422.2395074507835,100.0,14.447823383480134,0.0,2735.763,0.0,0.0,2422.2395074507835,0.0,0.10118389129638672,0.028997182846069336,0.5,0.03166666666666666,1163447.357482609,665595.5715412395,410.3999999999989,229.52000000000058,1.5199999999999998,5.414955224070464,6.934955224070464
uniform,272,99.90596117670475,22.24431919705356,4456.748779170691,2535.3731031605184,200.9887791706916,127.5814190932149,4355.759999999999,2422.2395074507835,100.0,14.447823383480134,0.0,2722.3499999999995,0.0,0.0,2422.2395074507835,0.0,0.1242671012878418,0.029638051986694336,0.5,0.03166666666666666,1167904.1062617798,668130.9446444,411.9199999999989,231.0400000000006,1.5199999999999998,5.414955224070464,6.934955224070464
uniform,273,102.14663386476366,21.991673125620075,4449.500344670569,2541.687523670691,202.41394467056895,133.89583960338763,4347.0864,2422.2395074507835,100.0,14.447823383480134,0.0,2716.929,0.0,0.0,2422.2395074507835,0.0,0.11284589767456055,0.05041170120239258,0.5,0.03166666666666666,1172353.6066064504,670672.6321680708,413.43999999999886,232.5600000000006,1.5199999999999998,5.414955224070464,6.934955224070464
uniform,274,100.49691455142003,22.667150508681537,4454.456597987697,2539.2388209982337,201.9381979876967,131.44713693093033,4352.5184,2422.2395074507835,100.0,14.447823383480134,0.0,2720.3240000000005,0.0,0.0,2422.2395074507835,0.0,0.0950627326965332,0.04357314109802246,0.5,0.03166666666666666,1176808.0632044382,673211.870989069,414.95999999999884,234.0800000000006,1.5199999999999998,5.414955224070464,6.934955224070464
uniform,275,93.33712924625365,20.301727691604043,4024.8766069968297,2529.1187055660694,180.8332469968278,121.327021498766,3944.0433600000015,2422.2395074507835,100.0,14.447823383480134,0.0,2465.027100000001,0.0,0.0,2422.2395074507835,0.0,0.12186932563781738,0.044530391693115234,0.5,0.03166666666666666,1180832.939811435,675740.989694635,416.4799999999988,235.60000000000062,1.5199999999999998,5.414955224070464,6.934955224070464
uniform,276,92.31014295271767,22.162046754061752,4016.0084246062197,2516.1236890041423,182.83562460621908,108.33200493683917,3933.1728000000007,2422.2395074507835,100.0,14.447823383480134,0.0,2458.2329999999997,0.0,0.0,2422.2395074507835,0.0,0.11200666427612305,0.03853106498718262,0.5,0.03166666666666666,1184848.9482360412,678257.1133836391,417.9999999999988,237.12000000000063,1.5199999999999998,5.414955224070464,6.934955224070464
uniform,277,104.48877977418033,23.93562070402709,4463.665957015317,2542.8657687767104,216.19715701531513,135.0740847094072,4347.4688000000015,2422.2395074507835,100.0,14.447823383480134,0.0,2717.1680000000006,0.0,0.0,2422.2395074507835,0.0,0.14873528480529785,0.029579877853393555,0.5,0.03166666666666666,1189312.6141930565,680799.9791524159,419.5199999999988,238.64000000000064,1.5199999999999998,5.414955224070464,6.934955224070464
uniform,278,103.39119140770163,22.799893232570955,4480.997943378097,2545.256557212149,203.77714337809715,137.46487314484557,4377.2208,2422.2395074507835,100.0,14.447823383480134,0.0,2735.763,0.0,0.0,2422.2395074507835,0.0,0.08962583541870117,0.04288744926452637,0.5,0.03166666666666666,1193793.6121364345,683345.235709628,421.03999999999877,240.16000000000065,1.5199999999999998,5.414955224070464,6.934955224070464
uniform,279,101.74279442022078,23.80231671886622,4457.927913132823,2534.4127983362655,203.87031313282412,126.6211142689621,4354.057599999999,2422.2395074507835,100.0,14.447823383480134,0.0,2721.2859999999996,0.0,0.0,2422.2395074507835,0.0,0.1058967113494873,0.028304100036621094,0.5,0.03166666666666666,1198251.5400495674,685879.6485079642,422.55999999999875,241.68000000000066,1.5199999999999998,5.414955224070464,6.934955224070464
uniform,280,103.1608835773136,22.39758351571945,4464.714468466767,2545.6468170428006,200.11766846676713,137.85513297549713,4364.5968,2422.2395074507835,100.0,14.447823383480134,0.0,2727.8730000000005,0.0,0.0,2422.2395074507835,0.0,0.11258125305175781,0.023375272750854492,0.5,0.03166666666666666,1202716.2545180342,688425.295325007,424.07999999999873,243.20000000000067,1.5199999999999998,5.414955224070464,6.934955224070464
uniform,281,102.28009389357344,19.841461908592024,4474.959605914839,2544.0510295831746,201.52600591483832,136.25934551587105,4373.4336,2422.2395074507835,100.0,14.447823383480134,0.0,2733.396,0.0,0.0,2422.2395074507835,0.0,0.1108555793762207,0.04085183143615723,0.5,0.03166666666666666,1207191.214123949,690969.3463545903,425.5999999999987,244.72000000000068,1.5199999999999998,5.414955224070464,6.934955224070464
uniform,282,92.30962813833519,20.245777911293082,4007.7829015056413,2529.12091091676,163.7395415056397,121.32922684945675,3944.0433600000015,2422.2395074507835,100.0,14.447823383480134,0.0,2465.027100000001,0.0,0.0,2422.2395074507835,0.0,0.11779928207397461,0.040943145751953125,0.5,0.03166666666666666,1211198.9970254546,693498.467265507,427.1199999999987,246.2400000000007,1.5199999999999998,5.414955224070464,6.934955224070464
uniform,283,91.61323634496013,19.90853122765057,4021.725608058654,2524.4068335944003,187.02064805865274,116.61514952709715,3934.704960000001,2422.2395074507835,100.0,14.447823383480134,0.0,2459.1906000000004,0.0,0.0,2422.2395074507835,0.0,0.1128835678100586,0.03202629089355469,0.5,0.03166666666666666,1215220.7226335134,696022.8740991014,428.6399999999987,247.7600000000007,1.5199999999999998,5.414955224070464,6.934955224070464
uniform,284,103.29514017827,21.882973449135232,4469.722738648261,2540.166953048011,218.84913864826004,132.37526898070735,4350.873600000001,2422.2395074507835,100.0,14.447823383480134,0.0,2719.2960000000007,0.0,0.0,2422.2395074507835,0.0,0.1643993854522705,0.02360248565673828,0.5,0.03166666666666666,1219690.4453721617,698563.0410521494,430.15999999999866,249.2800000000007,1.5199999999999998,5.414955224070464,6.934955224070464
uniform,285,104.9856975988768,23.662272340653576,4488.945881016487,2538.531256791796,213.42748101648743,130.73957272449255,4375.5184,2422.2395074507835,100.0,14.447823383480134,0.0,2734.699,0.0,0.0,2422.2395074507835,0.0,0.10139584541320801,0.027945280075073242,0.5,0.03166666666666666,1224179.3912531782,701101.5723089412,431.67999999999864,250.80000000000072,1.5199999999999998,5.414955224070464,6.934955224070464
uniform,286,104.11401093086876,21.823835467010596,4459.996989273981,2541.3488105730153,204.23698927398124,133.55712650571184,4355.759999999999,2422.2395074507835,100.0,14.447823383480134,0.0,2722.3499999999995,0.0,0.0,2422.2395074507835,0.0,0.12218689918518066,0.04242682456970215,0.5,0.03166666666666666,1228639.3882424522,703642.9211195142,433.1999999999986,252.32000000000073,1.5199999999999998,5.414955224070464,6.934955224070464
uniform,287,102.53923131636816,23.527711950363425,4450.052065552319,2535.109053701541,188.86006555231887,127.31736963423789,4361.192,2422.2395074507835,100.0,14.447823383480134,0.0,2725.745,0.0,0.0,2422.2395074507835,0.0,0.11961102485656738,0.020984649658203125,0.5,0.03166666666666666,1233089.4403080044,706178.0301732157,434.7199999999986,253.84000000000074,1.5199999999999998,5.414955224070464,6.934955224070464
uniform,288,104.46141685391304,22.871359766529967,4469.635253346893,2550.7136879907544,217.11685334689278,142.92200392345117,4352.5184,2422.2395074507835,100.0,14.447823383480134,0.0,2720.3240000000005,0.0,0.0,2422.2395074507835,0.0,0.11132574081420898,0.04487204551696777,0.5,0.03166666666666666,1237559.0755613514,708728.7438612065,436.2399999999986,255.36000000000075,1.5199999999999998,5.414955224070464,6.934955224070464
uniform,289,92.92411751749297,21.186176967930013,4014.8542739448494,2524.6936457950064,170.81091394484815,116.90196172770311,3944.0433600000015,2422.2395074507835,100.0,14.447823383480134,0.0,2465.027100000001,0.0,0.0,2422.2395074507835,0.0,0.1251382827758789,0.045068979263305664,0.5,0.03166666666666666,1241573.9298352962,711253.4375070015,437.75999999999857,256.88000000000073,1.5199999999999998,5.414955224070464,6.934955224070464
uniform,290,93.32378268094561,22.44385907731666,4035.7372953413615,2525.561713067388,201.03233534136092,117.77002900008468,3934.704960000001,2422.2395074507835,100.0,14.447823383480134,0.0,2459.1906000000004,0.0,0.0,2422.2395074507835,0.0,0.1177511215209961,0.024991512298583984,0.5,0.03166666666666666,1245609.6671306377,713778.9992200688,439.27999999999855,258.4000000000007,1.5199999999999998,5.414955224070464,6.934955224070464
uniform,291,105.80420165690914,21.10072017658651,4461.653431754508,2542.804873346354,210.77983175450734,135.01318927905052,4350.873600000001,2422.2395074507835,100.0,14.447823383480134,0.0,2719.2960000000007,0.0,0.0,2422.2395074507835,0.0,0.10428524017333984,0.022072792053222656,0.5,0.03166666666666666,1250071.3205623922,716321.8040934152,440.79999999999853,259.9200000000007,1.5199999999999998,5.414955224070464,6.934955224070464
uniform,292,107.72975625189417,20.284453880589375,4463.167637480714,2547.4877965189703,201.7548374807137,139.6961124516671,4361.4128,2422.2395074507835,100.0,14.447823383480134,0.0,2725.883,0.0,0.0,2422.2395074507835,0.0,0.09592676162719727,0.03785967826843262,0.5,0.03166666666666666,1254534.488199873,718869.2918899341,442.3199999999985,261.4400000000007,1.5199999999999998,5.414955224070464,6.934955224070464
uniform,293,103.73098792909768,21.073494526096937,4443.9374224738785,2542.60170681778,207.39022247387817,134.8100227504763,4336.5472,2422.2395074507835,100.0,14.447823383480134,0.0,2710.3419999999996,0.0,0.0,2422.2395074507835,0.0,0.11908769607543945,0.02107381820678711,0.5,0.03166666666666666,1258978.4256223468,721411.8935967518,443.8399999999985,262.96000000000066,1.5199999999999998,5.414955224070464,6.934955224070464
uniform,294,105.73210856683602,22.287119891639968,4461.44898864047,2543.887938063917,196.85218864046954,136.0962539966133,4364.5968,2422.2395074507835,100.0,14.447823383480134,0.0,2727.8730000000005,0.0,0.0,2422.2395074507835,0.0,0.11432290077209473,0.031055212020874023,0.5,0.03166666666666666,1263439.8746109873,723955.7815348158,445.3599999999985,264.48000000000064,1.5199999999999998,5.414955224070464,6.934955224070464
uniform,295,102.95197883652064,18.60851952643353,4456.5853207337395,2548.111326283434,204.06692073373924,140.31964221613106,4352.5184,2422.2395074507835,100.0,14.447823383480134,0.0,2720.3240000000005,0.0,0.0,2422.2395074507835,0.0,0.12923741340637207,0.03620553016662598,0.5,0.03166666666666666,1267896.459931721,726503.8928610992,446.87999999999846,266.0000000000006,1.5199999999999998,5.414955224070464,6.934955224070464
uniform,296,96.84505836034698,21.769022648505853,4023.9396351867917,2529.7612386087076,179.89627518679,121.96955454140404,3944.0433600000015,2422.2395074507835,100.0,14.447823383480134,0.0,2465.027100000001,0.0,0.0,2422.2395074507835,0.0,0.12769579887390137,0.04612994194030762,0.5,0.03166666666666666,1271920.3995669077,729033.654099708,448.39999999999844,267.5200000000006,1.5199999999999998,5.414955224070464,6.934955224070464
uniform,297,96.10171626975536,20.547926001934325,4029.193226301555,2536.15334037871,177.1967463015544,128.36165631140645,3951.9964800000007,2422.2395074507835,100.0,14.447823383480134,0.0,2469.9977999999996,0.0,0.0,2422.2395074507835,0.0,0.11445999145507812,0.0382540225982666,0.5,0.03166666666666666,1275949.5927932092,731569.8074400866,449.9199999999984,269.0400000000006,1.5199999999999998,5.414955224070464,6.934955224070464
uniform,298,101.10337927557555,25.367897613728257,4474.509008072061,2531.162675246492,223.63540807206013,123.37099117918896,4350.873600000001,2422.2395074507835,100.0,14.447823383480134,0.0,2719.2960000000007,0.0,0.0,2422.2395074507835,0.0,0.10259103775024414,0.045812368392944336,0.5,0.03166666666666666,1280424.1018012813,734100.9701153331,451.4399999999984,270.56000000000057,1.5199999999999998,5.414955224070464,6.934955224070464
uniform,299,104.9549011693163,22.876571157113997,4475.363588572437,2542.4215181423947,220.76038857243685,134.6298340750915,4354.6032000000005,2422.2395074507835,100.0,14.447823383480134,0.0,2721.627,0.0,0.0,2422.2395074507835,0.0,0.12349224090576172,0.0335693359375,0.5,0.03166666666666666,1284899.4653898538,736643.3916334755,452.9599999999984,272.08000000000055,1.5199999999999998,5.414955224070464,6.934955224070464
uniform,300,105.01744245907584,24.258973063142033,4463.8964562545125,2540.8337075811696,209.83885625451347,133.04202351386613,4354.057599999999,2422.2395074507835,100.0,14.447823383480134,0.0,2721.2859999999996,0.0,0.0,2422.2395074507835,0.0,0.1411576271057129,0.06038069725036621,0.5,0.03166666666666666,1289363.3618461082,739184.2253410567,454.47999999999837,273.60000000000053,1.5199999999999998,5.414955224070464,6.934955224070464
uniform,301,104.41166980639866,20.554666206905267,4466.761756212195,2543.2973745702147,221.37775621219438,135.5056905029115,4345.384000000001,2422.2395074507835,100.0,14.447823383480134,0.0,2715.865,0.0,0.0,2422.2395074507835,0.0,0.39251089096069336,0.04197502136230469,0.5,0.03166666666666666,1293830.1236023204,741727.5227156269,455.99999999999835,275.1200000000005,1.5199999999999998,5.414955224070464,6.934955224070464
uniform,302,104.80838246600354,22.98074466032848,4453.482169914088,2540.368310238681,197.55896991408804,132.57662617137746,4355.9232,2422.2395074507835,100.0,14.447823383480134,0.0,2722.452,0.0,0.0,2422.2395074507835,0.0,0.10745882987976074,0.044846534729003906,0.5,0.03166666666666666,1298283.6057722345,744267.8910258656,457.51999999999833,276.6400000000005,1.5199999999999998,5.414955224070464,6.934955224070464
uniform,303,92.95367758447772,20.706344764775192,4029.7461853145487,2528.314049656726,187.2349853145473,120.52236558942278,3942.5112000000013,2422.2395074507835,100.0,14.447823383480134,0.0,2464.0695000000005,0.0,0.0,2422.2395074507835,0.0,0.12726306915283203,0.03100299835205078,0.5,0.03166666666666666,1302313.351957549,746796.2050755223,459.0399999999983,278.1600000000005,1.5199999999999998,5.414955224070464,6.934955224070464
uniform,304,96.49061019457656,21.547778165270717,4014.0278227955996,2535.5000679824425,179.32286279559892,127.70838391513935,3934.704960000001,2422.2395074507835,100.0,14.447823383480134,0.0,2459.1906000000004,0.0,0.0,2422.2395074507835,0.0,0.08356261253356934,0.02013254165649414,0.5,0.03166666666666666,1306327.3797803447,749331.7051435048,460.5599999999983,279.68000000000046,1.5199999999999998,5.414955224070464,6.934955224070464
uniform,305,103.8589762698344,20.378505079201915,4473.037127870232,2543.1861140845867,206.35552787023158,135.39443001728355,4366.681600000001,2422.2395074507835,100.0,14.447823383480134,0.0,2729.1760000000004,0.0,0.0,2422.2395074507835,0.0,0.09249424934387207,0.02313852310180664,0.5,0.03166666666666666,1310800.4169082148,751874.8912575893,462.0799999999983,281.20000000000044,1.5199999999999998,5.414955224070464,6.934955224070464
uniform,306,103.91526396195452,20.603381225353676,4475.024697800542,2549.0380123219093,215.3142978005421,141.24632825460574,4359.7104,2422.2395074507835,100.0,14.447823383480134,0.0,2724.819,0.0,0.0,2422.2395074507835,0.0,0.09227108955383301,0.04985499382019043,0.5,0.03166666666666666,1315275.4416060154,754423.9292699113,463.59999999999826,282.7200000000004,1.5199999999999998,5.414955224070464,6.934955224070464
uniform,307,108.29030982961918,23.789350438522174,4456.976261748978,2544.2283941638634,220.42906174897757,136.43671009655995,4336.5472,2422.2395074507835,100.0,14.447823383480134,0.0,2710.3419999999996,0.0,0.0,2422.2395074507835,0.0,0.16161584854125977,0.042742013931274414,0.5,0.03166666666666666,1319732.4178677644,756968.1576640751,465.11999999999824,284.2400000000004,1.5199999999999998,5.414955224070464,6.934955224070464
uniform,308,104.94840616740426,21.63093635879551,4430.902340215837,2549.9402309207044,185.5183402158363,142.14854685340123,4345.384000000001,2422.2395074507835,100.0,14.447823383480134,0.0,2715.865,0.0,0.0,2422.2395074507835,0.0,0.12043237686157227,0.03495025634765625,0.5,0.03166666666666666,1324163.3202079802,759518.0978949958,466.6399999999982,285.7600000000004,1.5199999999999998,5.414955224070464,6.934955224070464
uniform,309,103.49292960755973,24.315137518648,4467.821388825247,2536.0712334408295,217.00538882524688,128.27954937352615,4350.816,2422.2395074507835,100.0,14.447823383480134,0.0,2719.26,0.0,0.0,2422.2395074507835,0.0,0.11252474784851074,0.04287314414978027,0.5,0.03166666666666666,1328631.1415968055,762054.1691284366,468.1599999999982,287.28000000000037,1.5199999999999998,5.414955224070464,6.934955224070464
uniform,310,94.44591505346598,23.376764769432615,4024.3761482524287,2527.5431693856926,196.09214825242768,119.7514853183891,3928.284000000001,2422.2395074507835,100.0,14.447823383480134,0.0,2455.1775000000007,0.0,0.0,2422.2395074507835,0.0,0.10567736625671387,0.03908348083496094,0.5,0.03166666666666666,1332655.517745058,764581.7122978222,469.6799999999982,288.80000000000035,1.5199999999999998,5.414955224070464,6.934955224070464
uniform,311,96.26754455611054,22.150190321194934,4038.4323757500006,2531.790855130993,187.96805574999956,123.99917106368936,3950.464320000001,2422.2395074507835,100.0,14.447823383480134,0.0,2469.0402,0.0,0.0,2422.2395074507835,0.0,0.09835147857666016,0.044119834899902344,0.5,0.03166666666666666,1336693.950120808,767113.5031529532,471.19999999999817,290.32000000000033,1.5199999999999998,5.414955224070464,6.934955224070464
uniform,312,104.54557560051278,22.88093181062318,4464.376033689745,2539.608249062971,211.8000336897438,131.81656499566756,4352.576000000001,2422.2395074507835,100.0,14.447823383480134,0.0,2720.3600000000006,0.0,0.0,2422.2395074507835,0.0,0.16313695907592773,0.0439000129699707,0.5,0.03166666666666666,1341158.326154498,769653.1114020162,472.71999999999815,291.8400000000003,1.5199999999999998,5.414955224070464,6.934955224070464
uniform,313,105.18883625407823,23.18995663041597,4466.24666582277,2541.316455965542,192.43066582277072,133.5247718982388,4373.816,2422.2395074507835,100.0,14.447823383480134,0.0,2733.635,0.0,0.0,2422.2395074507835,0.0,0.11759376525878906,0.043581485748291016,0.5,0.03166666666666666,1345624.5728203207,772194.4278579818,474.23999999999813,293.3600000000003,1.5199999999999998,5.414955224070464,6.934955224070464
uniform,314,102.81206069829807,24.1771767544462,4441.953551387358,2536.3678330263356,187.89595138735922,128.57614895903222,4354.057599999999,2422.2395074507835,100.0,14.447823383480134,0.0,2721.2859999999996,0.0,0.0,2422.2395074507835,0.0,0.12136507034301758,0.04780745506286621,0.5,0.03166666666666666,1350066.5263717081,774730.7956910081,475.7599999999981,294.8800000000003,1.5199999999999998,5.414955224070464,6.934955224070464
uniform,315,101.77440096518698,22.01837938854977,4447.774282710596,2536.1351949041186,188.28468271059486,128.34351083681528,4359.489600000001,2422.2395074507835,100.0,14.447823383480134,0.0,2724.6809999999996,0.0,0.0,2422.2395074507835,0.0,0.12044858932495117,0.031702518463134766,0.5,0.03166666666666666,1354514.3006544188,777266.9308859123,477.2799999999981,296.40000000000026,1.5199999999999998,5.414955224070464,6.934955224070464
uniform,316,105.03434464655966,21.837483161918044,4489.98736642954,2545.1067584696266,216.5537664295401,137.31507440232312,4373.4336,2422.2395074507835,100.0,14.447823383480134,0.0,2733.396,0.0,0.0,2422.2395074507835,0.0,0.12047553062438965,0.032102108001708984,0.5,0.03166666666666666,1359004.2880208483,779812.0376443819,478.7999999999981,297.92000000000024,1.5199999999999998,5.414955224070464,6.934955224070464
uniform,317,97.85229882816945,21.039362913130198,4016.1480983912197,2532.3868469147196,187.86409839121833,124.59516284741612,3928.284000000001,2422.2395074507835,100.0,14.447823383480134,0.0,2455.1775000000007,0.0,0.0,2422.2395074507835,0.0,0.1188502311706543,0.02201557159423828,0.5,0.03166666666666666,1363020.4361192395,782344.4244912966,480.31999999999806,299.4400000000002,1.5199999999999998,5.414955224070464,6.934955224070464
uniform,318,94.44283254787672,24.510999449129002,4035.6615904907403,2524.7566846361938,183.66511049073966,116.96500056889052,3951.9964800000007,2422.2395074507835,100.0,14.447823383480134,0.0,2469.9977999999996,0.0,0.0,2422.2395074507835,0.0,0.09276843070983887,0.04284477233886719,0.5,0.03166666666666666,1367056.0977097303,784869.1811759329,481.83999999999804,300.9600000000002,1.5199999999999998,5.414955224070464,6.934955224070464
uniform,319,101.1147751221636,22.803898185522694,4452.111036813649,2538.4642827051825,183.72703681364786,130.672598637879,4368.384000000001,2422.2395074507835,100.0,14.447823383480134,0.0,2730.2400000000007,0.0,0.0,2422.2395074507835,0.0,0.16216135025024414,0.043785810470581055,0.5,0.03166666666666666,1371508.2087465439,787407.6454586381,483.359999999998,302.4800000000002,1.5199999999999998,5.414955224070464,6.934955224070464
uniform,320,103.15443038751107,23.929738146606955,4464.239618886964,2543.9427397324102,206.23161888696316,136.15105566510698,4358.008000000001,2422.2395074507835,100.0,14.447823383480134,0.0,2723.7549999999997,0.0,0.0,2422.2395074507835,0.0,0.11750459671020508,0.046678781509399414,0.5,0.03166666666666666,1375972.4483654308,789951.5881983705,484.879999999998,304.00000000000017,1.5199999999999998,5.414955224070464,6.934955224070464
uniform,321,102.02332670036685,23.178910834888832,4443.274211810919,2536.5601175418155,210.1318118109195,128.76843347451225,4333.1424,2422.2395074507835,100.0,14.447823383480134,0.0,2708.2139999999995,0.0,0.0,2422.2395074507835,0.0,0.1222836971282959,0.04584074020385742,0.5,0.03166666666666666,1380415.7225772417,792488.1483159123,486.399999999998,305.52000000000015,1.5199999999999998,5.414955224070464,6.934955224070464
uniform,322,105.79645640997644,22.878704830451742,4450.039959667654,2542.120582889895,204.65595966765312,134.3288988225919,4345.384000000001,2422.2395074507835,100.0,14.447823383480134,0.0,2715.865,0.0,0.0,2422.2395074507835,0.0,0.1179053783416748,0.045015573501586914,0.5,0.03166666666666666,1384865.7625369094,795030.2688988022,487.91999999999797,307.04000000000013,1.5199999999999998,5.414955224070464,6.934955224070464
uniform,323,104.53534308928484,23.562647250349414,4481.053310661969,2545.8045205010403,209.32211066196845,138.01283643373685,4371.7312,2422.2395074507835,100.0,14.447823383480134,0.0,2732.3320000000003,0.0,0.0,2422.2395074507835,0.0,0.10857748985290527,0.030812978744506836,0.5,0.03166666666666666,1389346.8158475715,797576.0734193033,489.43999999999795,308.5600000000001,1.5199999999999998,5.414955224070464,6.934955224070464
uniform,324,92.25466572938603,21.667912365910183,4030.3349360288266,2524.7552018123793,203.5830960288255,116.96351774507582,3926.7518400000013,2422.2395074507835,100.0,14.447823383480134,0.0,2454.219900000001,0.0,0.0,2422.2395074507835,0.0,0.11928343772888184,0.04684734344482422,0.5,0.03166666666666666,1393377.1507836003,800100.8286211157,490.95999999999793,310.0800000000001,1.5199999999999998,5.414955224070464,6.934955224070464
uniform,325,92.00136177822712,18.656806294850522,4034.6240385770116,2525.208613207398,182.6275585770111,117.4169291400943,3951.9964800000007,2422.2395074507835,100.0,14.447823383480134,0.0,2469.9977999999996,0.0,0.0,2422.2395074507835,0.0,0.11235880851745605,0.04479813575744629,0.5,0.03166666666666666,1397411.7748221774,802626.0372343231,492.4799999999979,311.6000000000001,1.5199999999999998,5.414955224070464,6.934955224070464
uniform,326,103.93263017010025,24.952745017486713,4457.07275840353,2536.9930679260983,209.6039584035287,129.2013838587948,4347.4688000000015,2422.2395074507835,100.0,14.447823383480134,0.0,2717.1680000000006,0.0,0.0,2422.2395074507835,0.0,0.1780099868774414,0.04886364936828613,0.5,0.03166666666666666,1401868.847580581,805163.0303022492,493.9999999999979,313.12000000000006,1.5199999999999998,5.414955224070464,6.934955224070464
uniform,327,100.47721057938013,22.417752515012918,4458.558655483156,2535.8588563542676,200.55065548315542,128.06717228696414,4358.008000000001,2422.2395074507835,100.0,14.447823383480134,0.0,2723.7549999999997,0.0,0.0,2422.2395074507835,0.0,1.9566457271575928,0.05612015724182129,0.5,0.03166666666666666,1406327.4062360642,807698.8891586035,495.5199999999979,314.64000000000004,1.5199999999999998,5.414955224070464,6.934955224070464
uniform,328,100.83965988550706,23.021871570839455,4456.843473321759,2533.5181248927097,201.0834733217601,125.72644082540631,4355.759999999999,2422.2395074507835,100.0,14.447823383480134,0.0,2722.3499999999995,0.0,0.0,2422.2395074507835,0.0,0.13402771949768066,0.054117679595947266,0.5,0.03166666666666666,1410784.249709386,810232.4072834962,497.03999999999786,316.16,1.5199999999999998,5.414955224070464,6.934955224070464
uniform,329,101.14768134765315,24.326155309998665,4472.330612433978,2536.002704946494,228.64901243397762,128.21102087919047,4343.6816,2422.2395074507835,100.0,14.447823383480134,0.0,2714.8009999999995,0.0,0.0,2422.2395074507835,0.0,0.12331676483154297,0.04878425598144531,0.5,0.03166666666666666,1415256.58032182,812768.4099884427,498.55999999999784,317.68,1.5199999999999998,5.414955224070464,6.934955224070464
uniform,330,100.76630287957919,22.7387631636071,4465.427429634613,2535.3856352325056,193.6962296346128,127.59395116520248,4371.7312,2422.2395074507835,100.0,14.447823383480134,0.0,2732.3320000000003,0.0,0.0,2422.2395074507835,0.0,0.12224340438842773,0.0415191650390625,0.5,0.03166666666666666,1419722.0077514546,815303.7956236752,500.0799999999978,319.2,1.5199999999999998,5.414955224070464,6.934955224070464
uniform,331,94.22059715423308,21.308585982236732,4016.883527414544,2410.9583507339703,174.37232741454238,0.0,3942.5112000000013,2422.2395074507835,100.0,11.281156716813468,0.0,2464.0695000000005,0.0,0.0,2422.2395074507835,0.0,0.1214451789855957,0.04237842559814453,0.5,0.0,1423738.8912788692,817714.7539744092,501.5999999999978,319.2,0.0,5.414955224070464,5.414955224070464
uniform,332,91.83407426662647,22.297544116295082,4045.7181818294475,2410.9583507339703,212.54538182944708,0.0,3933.1728000000007,2422.2395074507835,100.0,11.281156716813468,0.0,2458.2329999999997,0.0,0.0,2422.2395074507835,0.0,0.09276080131530762,0.04016685485839844,0.5,0.0,1427784.6094606987,820125.7123251432,503.1199999999978,319.2,0.0,5.414955224070464,5.414955224070464
uniform,333,100.41908255670812,24.49559839354018,4456.110930268274,2410.9583507339703,205.23733026827338,0.0,4350.873600000001,2422.2395074507835,100.0,11.281156716813468,0.0,2719.2960000000007,0.0,0.0,2422.2395074507835,0.0,0.12580180168151855,0.0449979305267334,0.5,0.0,1432240.7203909669,822536.6706758771,504.63999999999777,319.2,0.0,5.414955224070464,5.414955224070464
uniform,334,101.70904052639764,20.2297592262643,4474.769994498154,2410.9583507339703,216.761994498153,0.0,4358.008000000001,2422.2395074507835,100.0,11.281156716813468,0.0,2723.7549999999997,0.0,0.0,2422.2395074507835,0.0,0.10550570487976074,0.03588366508483887,0.5,0.0,1436715.490385465,824947.6290266111,506.15999999999775,319.2,0.0,5.414955224070464,5.414955224070464
uniform,335,102.62837967032108,20.278434363696206,4431.209510762125,2410.9583507339703,180.5567107621254,0.0,4350.6528,2422.2395074507835,100.0,11.281156716813468,0.0,2719.158,0.0,0.0,2422.2395074507835,0.0,0.12112188339233398,0.038995981216430664,0.5,0.0,1441146.699896227,827358.5873773451,507.67999999999773,319.2,0.0,5.414955224070464,5.414955224070464
uniform,336,99.7590272169037,22.46807614168323,4448.44532932457,2410.9583507339703,188.9557293245691,0.0,4359.489600000001,2422.2395074507835,100.0,11.281156716813468,0.0,2724.6809999999996,0.0,0.0,2422.2395074507835,0.0,0.11797857284545898,0.04521489143371582,0.5,0.0,1445595.1452255517,829769.545728079,509.1999999999977,319.2,0.0,5.414955224070464,5.414955224070464
uniform,337,101.37601908577169,20.590740337703586,4468.455973000631,2410.9583507339703,195.02237300063132,0.0,4373.4336,2422.2395074507835,100.0,11.281156716813468,0.0,2733.396,0.0,0.0,2422.2395074507835,0.0,0.12088537216186523,0.04113435745239258,0.5,0.0,1450063.6011985524,832180.504078813,510.7199999999977,319.2,0.0,5.414955224070464,5.414955224070464
uniform,338,90.31905971156375,22.535628244536273,4031.0108707842974,2410.9583507339703,202.7268707842968,0.0,3928.284000000001,2422.2395074507835,100.0,11.281156716813468,0.0,2455.1775000000007,0.0,0.0,2422.2395074507835,0.0,0.11874818801879883,0.04309821128845215,0.5,0.0,1454094.6120693367,834591.462429547,512.2399999999977,319.2,0.0,5.414955224070464,5.414955224070464
uniform,339,89.36832825683378,18.38730368891117,4025.5055727199715,2410.9583507339703,189.26845271997084,0.0,3936.2371200000007,2422.2395074507835,100.0,11.281156716813468,0.0,2460.1482,0.0,0.0,2422.2395074507835,0.0,0.11220979690551758,0.045866966247558594,0.5,0.0,1458120.1176420567,837002.420780281,513.7599999999977,319.2,0.0,5.414955224070464,5.414955224070464
uniform,340,100.86677575963296,22.44384608411732,4445.3157198528925,2410.9583507339703,176.93171985289115,0.0,4368.384000000001,2422.2395074507835,100.0,11.281156716813468,0.0,2730.2400000000007,0.0,0.0,2422.2395074507835,0.0,0.11512255668640137,0.05242586135864258,0.5,0.0,1462565.4333619096,839413.3791310149,515.2799999999977,319.2,0.0,5.414955224070464,5.414955224070464
uniform,341,104.46959237503991,23.49490970788536,4486.030888504207,2410.9583507339703,208.81008850420676,0.0,4377.2208,2422.2395074507835,100.0,11.281156716813468,0.0,2735.763,0.0,0.0,2422.2395074507835,0.0,0.12752127647399902,0.040091753005981445,0.5,0.0,1467051.4642504137,841824.3374817489,516.7999999999977,319.2,0.0,5.414955224070464,5.414955224070464
uniform,342,100.85675085629562,22.61931420458629,4445.26048624898,2410.9583507339703,191.20288624898023,0.0,4354.057599999999,2422.2395074507835,100.0,11.281156716813468,0.0,2721.2859999999996,0.0,0.0,2422.2395074507835,0.0,0.10086488723754883,0.054479122161865234,0.5,0.0,1471496.7247366626,844235.2958324829,518.3199999999977,319.2,0.0,5.414955224070464,5.414955224070464
uniform,343,101.1586926643616,22.52000678329597,4452.896777044987,2410.9583507339703,188.29997704498703,0.0,4364.5968,2422.2395074507835,100.0,11.281156716813468,0.0,2727.8730000000005,0.0,0.0,2422.2395074507835,0.0,0.1325850486755371,0.03220796585083008,0.5,0.0,1475949.6215137076,846646.2541832168,519.8399999999976,319.2,0.0,5.414955224070464,5.414955224070464
uniform,344,102.11758270248417,19.270330024136918,4468.607215914417,2410.9583507339703,195.17361591441656,0.0,4373.4336,2422.2395074507835,100.0,11.281156716813468,0.0,2733.396,0.0,0.0,2422.2395074507835,0.0,0.11765050888061523,0.06407332420349121,0.5,0.0,1480418.228729622,849057.2125339508,521.3599999999976,319.2,0.0,5.414955224070464,5.414955224070464
uniform,345,90.07297413983383,18.665026499283957,3995.472570637916,2410.9583507339703,171.78505063791457,0.0,3923.6875200000013,2422.2395074507835,100.0,11.281156716813468,0.0,2452.304700000001,0.0,0.0,2422.2395074507835,0.0,0.18218278884887695,0.040998220443725586,0.5,0.0,1484413.70130026,851468.1708846848,522.8799999999976,319.2,0.0,5.414955224070464,5.414955224070464
uniform,346,89.48671127615819,21.610714956179617,4039.6619711323156,2410.9583507339703,190.7298111323145,0.0,3948.9321600000007,2422.2395074507835,100.0,11.281156716813468,0.0,2468.0826,0.0,0.0,2422.2395074507835,0.0,0.10871076583862305,0.052860260009765625,0.5,0.0,1488453.3632713922,853879.1292354187,524.3999999999976,319.2,0.0,5.414955224070464,5.414955224070464
uniform,347,98.80097760027168,27.783677557954878,4457.38393448476,2410.9583507339703,188.99993448475948,0.0,4368.384000000001,2422.2395074507835,100.0,11.281156716813468,0.0,2730.2400000000007,0.0,0.0,2422.2395074507835,0.0,0.1210932731628418,0.042970895767211914,0.5,0.0,1492910.747205877,856290.0875861527,525.9199999999976,319.2,0.0,5.414955224070464,5.414955224070464
uniform,348,99.22621602345676,20.05473467017421,4452.218754915104,2410.9583507339703,194.21075491510297,0.0,4358.008000000001,2422.2395074507835,100.0,11.281156716813468,0.0,2723.7549999999997,0.0,0.0,2422.2395074507835,0.0,0.12411236763000488,0.05434107780456543,0.5,0.0,1497362.965960792,858701.0459368867,527.4399999999976,319.2,0.0,5.414955224070464,5.414955224070464
uniform,349,94.601538860254,22.421512467333756,4440.243461899111,2410.9583507339703,184.48346189911143,0.0,4355.759999999999,2422.2395074507835,100.0,11.281156716813468,0.0,2722.3499999999995,0.0,0.0,2422.2395074507835,0.0,0.12007975578308105,0.04946088790893555,0.5,0.0,1501803.2094226913,861112.0042876207,528.9599999999975,319.2,0.0,5.414955224070464,5.414955224070464
uniform,350,96.17027626299019,22.624930748508724,4454.623296282307,2410.9583507339703,191.728896282307,0.0,4362.8944,2422.2395074507835,100.0,11.281156716813468,0.0,2726.8089999999993,0.0,0.0,2422.2395074507835,0.0,0.11475515365600586,0.04799008369445801,0.5,0.0,1506257.8327189735,863522.9626383546,530.4799999999975,319.2,0.0,5.414955224070464,5.414955224070464
uniform,351,96.45450242187162,22.707238146820323,4467.732498902485,2410.9583507339703,194.29889890248432,0.0,4373.4336,2422.2395074507835,100.0,11.281156716813468,0.0,2733.396,0.0,0.0,2422.2395074507835,0.0,0.11852765083312988,0.04721689224243164,0.5,0.0,1510725.565217876,865933.9209890886,531.9999999999975,319.2,0.0,5.414955224070464,5.414955224070464
uniform,352,86.68656255556589,20.0639387601372,4007.3305111416294,2410.9583507339703,179.0465111416281,0.0,3928.284000000001,2422.2395074507835,100.0,11.281156716813468,0.0,2455.1775000000007,0.0,0.0,2422.2395074507835,0.0,0.12674927711486816,0.052118778228759766,0.5,0.0,1514732.8957290177,868344.8793398226,533.5199999999975,319.2,0.0,5.414955224070464,5.414955224070464
uniform,353,87.11628077872338,22.094515154451006,4023.3965529763345,2410.9583507339703,187.15943297633385,0.0,3936.2371200000007,2422.2395074507835,100.0,11.281156716813468,0.0,2460.1482,0.0,0.0,2422.2395074507835,0.0,0.10890555381774902,0.048194169998168945,0.5,0.0,1518756.292281994,870755.8376905565,535.0399999999975,319.2,0.0,5.414955224070464,5.414955224070464
uniform,354,98.94387136187873,24.40749811721571,4463.53207642594,2410.9583507339703,195.1480764259391,0.0,4368.384000000001,2422.2395074507835,100.0,11.281156716813468,0.0,2730.2400000000007,0.0,0.0,2422.2395074507835,0.0,0.1251838207244873,0.05028200149536133,0.5,0.0,1523219.8243584197,873166.7960412905,536.5599999999974,319.2,0.0,5.414955224070464,5.414955224070464
uniform,355,95.6535436621886,23.322567328924023,4454.85605450241,2410.9583507339703,179.33765450241003,0.0,4375.5184,2422.2395074507835,100.0,11.281156716813468,0.0,2734.699,0.0,0.0,2422.2395074507835,0.0,0.13394427299499512,0.04264354705810547,0.5,0.0,1527674.680412922,875577.7543920245,538.0799999999974,319.2,0.0,5.414955224070464,5.414955224070464
uniform,356,95.74325363650549,21.97735039170286,4440.146609047548,2410.9583507339703,203.59940904754782,0.0,4336.5472,2422.2395074507835,100.0,11.281156716813468,0.0,2710.3419999999996,0.0,0.0,2422.2395074507835,0.0,0.12730717658996582,0.042246341705322266,0.5,0.0,1532114.8270219697,877988.7127427584,539.5999999999974,319.2,0.0,5.414955224070464,5.414955224070464
uniform,357,97.92881932988769,21.72552525484615,4455.003186372557,2410.9583507339703,209.61918637255664,0.0,4345.384000000001,2422.2395074507835,100.0,11.281156716813468,0.0,2715.865,0.0,0.0,2422.2395074507835,0.0,0.0973358154296875,0.04810929298400879,0.5,0.0,1536569.8302083423,880399.6710934924,541.1199999999974,319.2,0.0,5.414955224070464,5.414955224070464
uniform,358,95.06008642462746,21.688176004164795,4442.702926616504,2410.9583507339703,170.97172661650313,0.0,4371.7312,2422.2395074507835,100.0,11.281156716813468,0.0,2732.3320000000003,0.0,0.0,2422.2395074507835,0.0,0.11772489547729492,0.04638218879699707,0.5,0.0,1541012.5331349587,882810.6294442264,542.6399999999974,319.2,0.0,5.414955224070464,5.414955224070464
uniform,359,85.63542471311462,21.64510738128451,4022.797820974216,2410.9583507339703,196.04598097421456,0.0,3926.7518400000013,2422.2395074507835,100.0,11.281156716813468,0.0,2454.219900000001,0.0,0.0,2422.2395074507835,0.0,0.13692140579223633,0.04684567451477051,0.5,0.0,1545035.3309559328,885221.5877949604,544.1599999999974,319.2,0.0,5.414955224070464,5.414955224070464
uniform,360,83.94588681968398,22.186517921770474,4005.973157664959,2410.9583507339703,172.8003576649589,0.0,3933.1728000000007,2422.2395074507835,100.0,11.281156716813468,0.0,2458.2329999999997,0.0,0.0,2422.2395074507835,0.0,0.11402463912963867,0.043045997619628906,0.5,0.0,1549041.3041135978,887632.5461456943,545.6799999999973,319.2,0.0,5.414955224070464,5.414955224070464
uniform,361,92.91944107223755,24.047691376531887,4441.09577246837,2410.9583507339703,191.9245724683699,0.0,4349.171200000001,2422.2395074507835,100.0,11.281156716813468,0.0,2718.232000000001,0.0,0.0,2422.2395074507835,0.0,0.14072608947753906,0.0556488037109375,0.5,0.0,1553482.3998860663,890043.5044964283,547.1999999999973,319.2,0.0,5.414955224070464,5.414955224070464
uniform,362,92.56423086892364,24.338200623275842,4456.897855466033,2410.9583507339703,198.8898554660331,0.0,4358.008000000001,2422.2395074507835,100.0,11.281156716813468,0.0,2723.7549999999997,0.0,0.0,2422.2395074507835,0.0,0.13060617446899414,0.03175806999206543,0.5,0.0,1557939.2977415323,892454.4628471623,548.7199999999973,319.2,0.0,5.414955224070464,5.414955224070464
uniform,363,95.56795478238804,21.004913628161223,4440.3506218222965,2410.9583507339703,184.5906218222972,0.0,4355.759999999999,2422.2395074507835,100.0,11.281156716813468,0.0,2722.3499999999995,0.0,0.0,2422.2395074507835,0.0,0.10264301300048828,0.04668402671813965,0.5,0.0,1562379.6483633546,894865.4211978962,550.2399999999973,319.2,0.0,5.414955224070464,5.414955224070464
uniform,364,92.94072701963451,20.194287722626317,4441.527015711458,2410.9583507339703,197.84541571145851,0.0,4343.6816,2422.2395074507835,100.0,11.281156716813468,0.0,2714.8009999999995,0.0,0.0,2422.2395074507835,0.0,0.12064051628112793,0.04391837120056152,0.5,0.0,1566821.175379066,897276.3795486302,551.7599999999973,319.2,0.0,5.414955224070464,5.414955224070464
uniform,365,92.6628879384162,23.43589938025896,4449.862189332344,2410.9583507339703,176.42858933234405,0.0,4373.4336,2422.2395074507835,100.0,11.281156716813468,0.0,2733.396,0.0,0.0,2422.2395074507835,0.0,0.10920262336730957,0.051774024963378906,0.5,0.0,1571271.0375683983,899687.3378993642,553.2799999999972,319.2,0.0,5.414955224070464,5.414955224070464
normal,1,95.55813683562333,23.791233636978447,4471.835396082073,2271.759339896853,198.40179608207248,121.21562759490071,4373.4336,2163.6682680240806,100.0,13.124555722128365,0.0,2733.396,0.0,0.0,2163.6682680240806,0.0,0.12401008605957031,0.044065237045288086,0.5,0.03166666666666666,4471.835396082073,2271.759339896853,1.52,1.5199999999999998,1.5199999999999998,4.779786746621616,6.299786746621615
normal,2,82.08723996277698,22.38376505555918,4018.201979283368,2248.1837623690544,192.98229928336693,97.64005006710227,3925.219680000001,2163.6682680240806,100.0,13.124555722128365,0.0,2453.2623000000012,0.0,0.0,2163.6682680240806,0.0,0.12191057205200195,0.039984703063964844,0.5,0.03166666666666666,8490.037375365442,4519.943102265907,3.04,3.0399999999999996,1.5199999999999998,4.779786746621616,6.299786746621615
normal,3,81.77862283174728,19.27722629490675,4029.5937115626657,2249.5681245443384,177.5972315626651,99.0244122423858,3951.9964800000007,2163.6682680240806,100.0,13.124555722128365,0.0,2469.9977999999996,0.0,0.0,2163.6682680240806,0.0,0.11371755599975586,0.04889345169067383,0.5,0.03166666666666666,12519.631086928108,6769.511226810246,4.5600000000000005,4.56,1.5199999999999998,4.779786746621616,6.299786746621615
normal,4,89.42705178675055,22.94887910050355,4437.915796246101,2259.523623544116,169.53179624610033,108.97991124216394,4368.384000000001,2163.6682680240806,100.0,13.124555722128365,0.0,2730.2400000000007,0.0,0.0,2163.6682680240806,0.0,0.19848299026489258,0.04963040351867676,0.5,0.03166666666666666,16957.54688317421,9029.034850354361,6.08,6.079999999999999,1.5199999999999998,4.779786746621616,6.299786746621615
normal,5,89.73922861852304,20.97342098605987,4449.089235170441,2265.108514226764,191.08123517044018,114.56480192481138,4358.008000000001,2163.6682680240806,100.0,13.124555722128365,0.0,2723.7549999999997,0.0,0.0,2163.6682680240806,0.0,0.13907790184020996,0.07344913482666016,0.5,0.03166666666666666,21406.63611834465,11294.143364581125,7.6,7.599999999999999,1.5199999999999998,4.779786746621616,6.299786746621615
normal,6,88.19691199516744,22.08783812762239,4416.111745222674,2256.1100731633464,179.5645452226733,105.56636086139386,4336.5472,2163.6682680240806,100.0,13.124555722128365,0.0,2710.3419999999996,0.0,0.0,2163.6682680240806,0.0,0.1443617343902588,0.05832815170288086,0.5,0.03166666666666666,25822.747863567325,13550.253437744472,9.12,9.12,1.5199999999999998,4.779786746621616,6.299786746621615
normal,7,89.29004388564353,24.373765168004773,4460.875052874794,2252.3863451001944,196.27825287479357,101.8426327982418,4364.5968,2163.6682680240806,100.0,13.124555722128365,0.0,2727.8730000000005,0.0,0.0,2163.6682680240806,0.0,0.12984442710876465,0.08308696746826172,0.5,0.03166666666666666,30283.62291644212,15802.639782844666,10.639999999999999,10.639999999999999,1.5199999999999998,4.779786746621616,6.299786746621615
normal,8,90.98888547132698,24.361042792644177,4459.194690142607,2261.272913003617,185.76109014260666,110.72920070166455,4373.4336,2163.6682680240806,100.0,13.124555722128365,0.0,2733.396,0.0,0.0,2163.6682680240806,0.0,0.12955212593078613,0.06815719604492188,0.5,0.03166666666666666,34742.81760658473,18063.91269584828,12.159999999999998,12.159999999999998,1.5199999999999998,4.779786746621616,6.299786746621615
normal,9,79.3093697011217,19.690341863265832,4000.9013108833606,2251.8848644031914,156.8579508833588,101.34115210123908,3944.0433600000015,2163.6682680240806,100.0,13.124555722128365,0.0,2465.027100000001,0.0,0.0,2163.6682680240806,0.0,0.13171887397766113,0.05759716033935547,0.5,0.03166666666666666,38743.71891746809,20315.79756025147,13.679999999999998,13.679999999999998,1.5199999999999998,4.779786746621616,6.299786746621615
normal,10,80.47458712028997,20.492507965523867,3999.8625975933473,2253.2304894725135,166.689797593347,102.68677717056127,3933.1728000000007,2163.6682680240806,100.0,13.124555722128365,0.0,2458.2329999999997,0.0,0.0,2163.6682680240806,0.0,0.12284302711486816,0.05421853065490723,0.5,0.03166666666666666,42743.581515061436,22569.028049723984,15.199999999999998,15.199999999999998,1.5199999999999998,4.779786746621616,6.299786746621615
normal,11,85.71444573567375,23.441018507847307,4440.849097180657,2257.3218396617312,175.86989718065513,106.77812735977892,4364.979200000002,2163.6682680240806,100.0,13.124555722128365,0.0,2728.1120000000005,0.0,0.0,2163.6682680240806,0.0,0.12616324424743652,0.05867910385131836,0.5,0.03166666666666666,47184.4306122421,24826.349889385714,16.72,16.72,1.5199999999999998,4.779786746621616,6.299786746621615
normal,12,88.01024999731855,20.564409416886882,4436.046148099232,2261.6449586342574,181.44294809923082,111.10124633230488,4354.6032000000005,2163.6682680240806,100.0,13.124555722128365,0.0,2721.627,0.0,0.0,2163.6682680240806,0.0,0.13265752792358398,0.05727553367614746,0.5,0.03166666666666666,51620.47676034133,27087.99484801997,18.24,18.24,1.5199999999999998,4.779786746621616,6.299786746621615
normal,13,86.59660289117387,22.350084450024116,4435.373808786579,2257.035205662163,179.61380878657914,106.49149336021092,4355.759999999999,2163.6682680240806,100.0,13.124555722128365,0.0,2722.3499999999995,0.0,0.0,2163.6682680240806,0.0,0.12331628799438477,0.04161715507507324,0.5,0.03166666666666666,56055.850569127906,29345.030053682134,19.759999999999998,19.759999999999998,1.5199999999999998,4.779786746621616,6.299786746621615
normal,14,88.27578401602047,19.68353494201407,4438.798752919296,2264.6230056078025,179.3091529192951,114.07929330585014,4359.489600000001,2163.6682680240806,100.0,13.124555722128365,0.0,2724.6809999999996,0.0,0.0,2163.6682680240806,0.0,0.11218929290771484,0.02342963218688965,0.5,0.03166666666666666,60494.649322047204,31609.653059289936,21.279999999999998,21.279999999999998,1.5199999999999998,4.779786746621616,6.299786746621615
normal,15,85.33888045225613,23.689810820613708,4434.5040888049125,2253.739806586292,181.98568880491217,103.19609428433978,4352.5184,2163.6682680240806,100.0,13.124555722128365,0.0,2720.3240000000005,0.0,0.0,2163.6682680240806,0.0,0.11861348152160645,0.04790616035461426,0.5,0.03166666666666666,64929.153410852115,33863.39286587623,22.799999999999997,22.799999999999997,1.5199999999999998,4.779786746621616,6.299786746621615
normal,16,77.4565413339472,19.320176277694465,4000.536910680462,2244.395159203996,156.4935506804607,93.8514469020437,3944.0433600000015,2163.6682680240806,100.0,13.124555722128365,0.0,2465.027100000001,0.0,0.0,2163.6682680240806,0.0,0.0807485580444336,0.02740788459777832,0.5,0.03166666666666666,68929.69032153257,36107.788025080226,24.319999999999997,24.319999999999997,1.5199999999999998,4.779786746621616,6.299786746621615
normal,17,76.7688835292059,21.79433135686027,4023.8293378894086,2249.5172957751856,171.83285788940782,98.97358347323346,3951.9964800000007,2163.6682680240806,100.0,13.124555722128365,0.0,2469.9977999999996,0.0,0.0,2163.6682680240806,0.0,0.10259008407592773,0.024538516998291016,0.5,0.03166666666666666,72953.51965942199,38357.30532085541,25.839999999999996,25.839999999999996,1.5199999999999998,4.779786746621616,6.299786746621615
normal,18,87.06897422060221,22.364422236755967,4443.90940055422,2256.995386587907,175.52540055421898,106.45167428595478,4368.384000000001,2163.6682680240806,100.0,13.124555722128365,0.0,2730.2400000000007,0.0,0.0,2163.6682680240806,0.0,0.09300065040588379,0.031046152114868164,0.5,0.03166666666666666,77397.4290599762,40614.30070744332,27.359999999999996,27.359999999999996,1.5199999999999998,4.779786746621616,6.299786746621615
normal,19,82.95392994050128,24.628405271333843,4442.084827089226,2253.136587060437,164.86402708922554,102.59287475848434,4377.2208,2163.6682680240806,100.0,13.124555722128365,0.0,2735.763,0.0,0.0,2163.6682680240806,0.0,0.10185885429382324,0.03965950012207031,0.5,0.03166666666666666,81839.51388706543,42867.437294503754,28.879999999999995,28.879999999999995,1.5199999999999998,4.779786746621616,6.299786746621615
normal,20,82.60020912336067,24.303778721802527,4407.687935384007,2252.710869382501,169.43833538400693,102.1671570805487,4338.2496,2163.6682680240806,100.0,13.124555722128365,0.0,2711.4059999999995,0.0,0.0,2163.6682680240806,0.0,0.11411428451538086,0.05744743347167969,0.5,0.03166666666666666,86247.20182244944,45120.14816388625,30.399999999999995,30.399999999999995,1.5199999999999998,4.779786746621616,6.299786746621615
normal,21,81.20828187948342,24.558608323078438,4443.559055249968,2249.320891678748,180.6646552499679,98.77717937679543,4362.8944,2163.6682680240806,100.0,13.124555722128365,0.0,2726.8089999999993,0.0,0.0,2163.6682680240806,0.0,0.11754727363586426,0.049050092697143555,0.5,0.03166666666666666,90690.7608776994,47369.469055565,31.919999999999995,31.919999999999995,1.5199999999999998,4.779786746621616,6.299786746621615
normal,22,81.75441438053086,22.27701407274462,4437.430640813192,2249.941730807271,184.91224081319297,99.39801850531856,4352.5184,2163.6682680240806,100.0,13.124555722128365,0.0,2720.3240000000005,0.0,0.0,2163.6682680240806,0.0,0.1363370418548584,0.04810309410095215,0.5,0.03166666666666666,95128.1915185126,49619.410786372275,33.44,33.44,1.5199999999999998,4.779786746621616,6.299786746621615
normal,23,74.88631276670993,20.490975669468387,3994.825307499783,2244.230702963996,150.7819474997814,93.68699066204371,3944.0433600000015,2163.6682680240806,100.0,13.124555722128365,0.0,2465.027100000001,0.0,0.0,2163.6682680240806,0.0,0.09989547729492188,0.029239892959594727,0.5,0.03166666666666666,99123.01682601238,51863.64148933627,34.96,34.96,1.5199999999999998,4.779786746621616,6.299786746621615
normal,24,77.3107741976847,18.62351214774844,3999.214681582822,2246.753110654512,167.5740415828213,96.20939835255955,3931.640640000001,2163.6682680240806,100.0,13.124555722128365,0.0,2457.2754,0.0,0.0,2163.6682680240806,0.0,0.10475516319274902,0.04836773872375488,0.5,0.03166666666666666,103122.23150759519,54110.39459999078,36.480000000000004,36.480000000000004,1.5199999999999998,4.779786746621616,6.299786746621615
normal,25,81.87965777103982,20.88465198751037,4423.831140073002,2251.5109138886214,157.14954007300105,100.9672015866691,4366.681600000001,2163.6682680240806,100.0,13.124555722128365,0.0,2729.1760000000004,0.0,0.0,2163.6682680240806,0.0,0.13154220581054688,0.04887247085571289,0.5,0.03166666666666666,107546.0626476682,56361.9055138794,38.00000000000001,38.00000000000001,1.5199999999999998,4.779786746621616,6.299786746621615
normal,26,83.3302640329544,23.28421500187989,4460.7787600774,2253.482921285415,204.47316007740048,102.93920898346266,4356.3056,2163.6682680240806,100.0,13.124555722128365,0.0,2722.6910000000003,0.0,0.0,2163.6682680240806,0.0,0.12776708602905273,0.060720205307006836,0.5,0.03166666666666666,112006.8414077456,58615.388435164816,39.52000000000001,39.52000000000001,1.5199999999999998,4.779786746621616,6.299786746621615
normal,27,80.10644267253019,19.31128588010697,4405.055146822358,2250.075693092911,170.21034682235842,99.53198079095874,4334.8448,2163.6682680240806,100.0,13.124555722128365,0.0,2709.2779999999993,0.0,0.0,2163.6682680240806,0.0,0.12173938751220703,0.05962991714477539,0.5,0.03166666666666666,116411.89655456795,60865.46412825773,41.04000000000001,41.04000000000001,1.5199999999999998,4.779786746621616,6.299786746621615
normal,28,82.07959905318405,21.04151608383958,4419.785128262518,2253.552256348554,155.18832826251784,103.00854404660146,4364.5968,2163.6682680240806,100.0,13.124555722128365,0.0,2727.8730000000005,0.0,0.0,2163.6682680240806,0.0,0.12333536148071289,0.047055959701538086,0.5,0.03166666666666666,120831.68168283047,63119.01638460628,42.56000000000002,42.56000000000002,1.5199999999999998,4.779786746621616,6.299786746621615
normal,29,83.70659262692932,22.531073020721543,4463.480551771221,2252.9151975076215,190.04695177122062,102.37148520566906,4373.4336,2163.6682680240806,100.0,13.124555722128365,0.0,2733.396,0.0,0.0,2163.6682680240806,0.0,0.10909724235534668,0.05411863327026367,0.5,0.03166666666666666,125295.1622346017,65371.9315821139,44.08000000000002,44.08000000000002,1.5199999999999998,4.779786746621616,6.299786746621615
normal,30,73.7763487645965,18.94935556760742,3989.577079096658,2247.23699833036,145.53371909665637,96.69328602840761,3944.0433600000015,2163.6682680240806,100.0,13.124555722128365,0.0,2465.027100000001,0.0,0.0,2163.6682680240806,0.0,0.13054203987121582,0.05097341537475586,0.5,0.03166666666666666,129284.73931369836,67619.16858044427,45.60000000000002,45.60000000000002,1.5199999999999998,4.779786746621616,6.299786746621615
normal,31,72.39121688885952,19.74335432583654,4001.7881282928874,2244.9230502006612,149.79164829288712,94.37933789870897,3951.9964800000007,2163.6682680240806,100.0,13.124555722128365,0.0,2469.9977999999996,0.0,0.0,2163.6682680240806,0.0,0.11690092086791992,0.048658132553100586,0.5,0.03166666666666666,133286.52744199126,69864.09163064492,47.120000000000026,47.120000000000026,1.5199999999999998,4.779786746621616,6.299786746621615
normal,32,79.09036226736328,20.761757764227557,4413.449668661782,2248.11407533873,165.98086866178062,97.57036303677761,4347.4688000000015,2163.6682680240806,100.0,13.124555722128365,0.0,2717.1680000000006,0.0,0.0,2163.6682680240806,0.0,0.12780070304870605,0.09689021110534668,0.5,0.03166666666666666,137699.97711065304,72112.20570598365,48.64000000000003,48.64000000000003,1.5199999999999998,4.779786746621616,6.299786746621615
normal,33,80.44200357265336,18.916508938148386,4416.249047887612,2253.451292812244,161.64584788761118,102.90758051029155,4354.6032000000005,2163.6682680240806,100.0,13.124555722128365,0.0,2721.627,0.0,0.0,2163.6682680240806,0.0,0.18199968338012695,0.10934209823608398,0.5,0.03166666666666666,142116.22615854064,74365.6569987959,50.16000000000003,50.16000000000003,1.5199999999999998,4.779786746621616,6.299786746621615
normal,34,76.79502470260041,23.090152196691232,4412.51078452474,2241.5255731540756,175.9635845247405,90.98186085212299,4336.5472,2163.6682680240806,100.0,13.124555722128365,0.0,2710.3419999999996,0.0,0.0,2163.6682680240806,0.0,0.1289231777191162,0.10709357261657715,0.5,0.03166666666666666,146528.73694306536,76607.18257194998,51.680000000000035,51.680000000000035,1.5199999999999998,4.779786746621616,6.299786746621615
normal,35,76.93722414252143,23.577329717726155,4428.952382337688,2244.0073247686464,164.35558233768768,93.46361246669399,4364.5968,2163.6682680240806,100.0,13.124555722128365,0.0,2727.8730000000005,0.0,0.0,2163.6682680240806,0.0,0.14551424980163574,0.06579184532165527,0.5,0.03166666666666666,150957.68932540304,78851.18989671863,53.20000000000004,53.20000000000004,1.5199999999999998,4.779786746621616,6.299786746621615
normal,36,80.6226085820366,25.621006145545955,4443.259290954478,2253.662504821492,173.2304909544779,103.11879251953938,4370.0288,2163.6682680240806,100.0,13.124555722128365,0.0,2731.2680000000005,0.0,0.0,2163.6682680240806,0.0,0.11067914962768555,0.05124187469482422,0.5,0.03166666666666666,155400.94861635752,81104.85240154012,54.72000000000004,54.72000000000004,1.5199999999999998,4.779786746621616,6.299786746621615
normal,37,73.1835630921488,22.137080563586576,4013.4018466047783,2241.8144890563967,169.35848660477674,91.27077675444414,3944.0433600000015,2163.6682680240806,100.0,13.124555722128365,0.0,2465.027100000001,0.0,0.0,2163.6682680240806,0.0,0.11871981620788574,0.03379678726196289,0.5,0.03166666666666666,159414.3504629623,83346.66689059652,56.240000000000045,56.240000000000045,1.5199999999999998,4.779786746621616,6.299786746621615
normal,38,71.63476970112283,21.4937009600007,3998.263410924579,2231.835599024745,165.09061092457847,81.2918867227927,3933.1728000000007,2163.6682680240806,100.0,13.124555722128365,0.0,2458.2329999999997,0.0,0.0,2163.6682680240806,0.0,0.18243026733398438,0.053743600845336914,0.5,0.03166666666666666,163412.61387388688,85578.50248962127,57.76000000000005,57.76000000000005,1.5199999999999998,4.779786746621616,6.299786746621615
normal,39,78.01423744943293,26.891969586901624,4442.753646096717,2241.946392406132,193.58244609671587,91.40268010417972,4349.171200000001,2163.6682680240806,100.0,13.124555722128365,0.0,2718.232000000001,0.0,0.0,2163.6682680240806,0.0,0.1302039623260498,0.04348278045654297,0.5,0.03166666666666666,167855.36751998359,87820.4488820274,59.28000000000005,59.28000000000005,1.5199999999999998,4.779786746621616,6.299786746621615
normal,40,74.37527489759269,21.80102026918698,4433.81027185787,2239.7294993431196,175.80227185786967,89.18578704116742,4358.008000000001,2163.6682680240806,100.0,13.124555722128365,0.0,2723.7549999999997,0.0,0.0,2163.6682680240806,0.0,0.11467957496643066,0.04633617401123047,0.5,0.03166666666666666,172289.17779184144,90060.17838137051,60.800000000000054,60.800000000000054,1.5199999999999998,4.779786746621616,6.299786746621615
normal,41,73.08664293528388,22.597400470580162,4415.65155206248,2237.8777444592833,179.10435206247993,87.33403215733114,4336.5472,2163.6682680240806,100.0,13.124555722128365,0.0,2710.3419999999996,0.0,0.0,2163.6682680240806,0.0,0.12734746932983398,0.03713846206665039,0.5,0.03166666666666666,176704.82934390393,92298.0561258298,62.32000000000006,62.32000000000006,1.5199999999999998,4.779786746621616,6.299786746621615
normal,42,77.52909227231953,20.03173828976841,4431.445354873948,2246.8031650597522,166.84855487394807,96.25945275779993,4364.5968,2163.6682680240806,100.0,13.124555722128365,0.0,2727.8730000000005,0.0,0.0,2163.6682680240806,0.0,0.13464903831481934,0.038262128829956055,0.5,0.03166666666666666,181136.27469877788,94544.85929088955,63.84000000000006,63.84000000000006,1.5199999999999998,4.779786746621616,6.299786746621615
normal,43,72.7159364493449,18.249691143969706,4425.6523542247605,2240.306802731264,152.21875422476046,89.76309042931143,4373.4336,2163.6682680240806,100.0,13.124555722128365,0.0,2733.396,0.0,0.0,2163.6682680240806,0.0,0.12493777275085449,0.03422355651855469,0.5,0.03166666666666666,185561.92705300264,96785.16609362082,65.36000000000006,65.36000000000006,1.5199999999999998,4.779786746621616,6.299786746621615
normal,44,69.26482972250261,20.280163225806913,3983.456982750762,2228.847262636908,139.41362275076082,78.3035503349555,3944.0433600000015,2163.6682680240806,100.0,13.124555722128365,0.0,2465.027100000001,0.0,0.0,2163.6682680240806,0.0,0.10676431655883789,0.05227923393249512,0.5,0.03166666666666666,189545.3840357534,99014.01335625772,66.88000000000005,66.88000000000005,1.5199999999999998,4.779786746621616,6.299786746621615
normal,45,69.51270231332946,23.193321244799492,4002.23214232783,2230.920424428117,151.76782232782926,80.37671212616462,3950.464320000001,2163.6682680240806,100.0,13.124555722128365,0.0,2469.0402,0.0,0.0,2163.6682680240806,0.0,0.12262177467346191,0.04619193077087402,0.5,0.03166666666666666,193547.61617808123,101244.93378068584,68.40000000000005,68.40000000000005,1.5199999999999998,4.779786746621616,6.299786746621615
normal,46,75.90164725314445,22.09088543726733,4414.202239549513,2241.3140884061786,163.3286395495129,90.77037610422639,4350.873600000001,2163.6682680240806,100.0,13.124555722128365,0.0,2719.2960000000007,0.0,0.0,2163.6682680240806,0.0,0.13314485549926758,0.04663848876953125,0.5,0.03166666666666666,197961.81841763074,103486.24786909201,69.92000000000004,69.92000000000004,1.5199999999999998,4.779786746621616,6.299786746621615
normal,47,74.23952435413854,22.5146155849436,4439.63955879681,2234.8579173634566,162.41875879680975,84.3142050615042,4377.2208,2163.6682680240806,100.0,13.124555722128365,0.0,2735.763,0.0,0.0,2163.6682680240806,0.0,0.1293644905090332,0.0549006462097168,0.5,0.03166666666666666,202401.45797642754,105721.10578645546,71.44000000000004,71.44000000000004,1.5199999999999998,4.779786746621616,6.299786746621615
normal,48,76.58206955392593,21.67741093378266,4408.704156971876,2242.5265253365737,172.15695697187576,91.9828130346213,4336.5472,2163.6682680240806,100.0,13.124555722128365,0.0,2710.3419999999996,0.0,0.0,2163.6682680240806,0.0,0.11800312995910645,0.049536943435668945,0.5,0.03166666666666666,206810.16213339943,107963.63231179204,72.96000000000004,72.96000000000004,1.5199999999999998,4.779786746621616,6.299786746621615
normal,49,71.09059662312639,24.119963025893714,4414.412038558996,2234.859995078319,170.73043855899633,84.31628277636686,4343.6816,2163.6682680240806,100.0,13.124555722128365,0.0,2714.8009999999995,0.0,0.0,2163.6682680240806,0.0,0.13921880722045898,0.05839061737060547,0.5,0.03166666666666666,211224.57417195843,110198.49230687036,74.48000000000003,74.48000000000003,1.5199999999999998,4.779786746621616,6.299786746621615
normal,50,73.9395542371823,22.16245150500325,4426.264891275275,2239.225913568056,172.04409127527447,88.6822012661035,4354.2208,2163.6682680240806,100.0,13.124555722128365,0.0,2721.3880000000004,0.0,0.0,2163.6682680240806,0.0,0.13340544700622559,0.04295969009399414,0.5,0.03166666666666666,215650.8390632337,112437.71822043842,76.00000000000003,76.00000000000003,1.5199999999999998,4.779786746621616,6.299786746621615
normal,51,63.755396401225774,21.522120325535244,3977.9253111140356,2228.6815005189505,133.88195111403414,78.13778821699817,3944.0433600000015,2163.6682680240806,100.0,13.124555722128365,0.0,2465.027100000001,0.0,0.0,2163.6682680240806,0.0,0.12650203704833984,0.04656481742858887,0.5,0.03166666666666666,219628.76437434772,114666.39972095737,77.52000000000002,77.52000000000002,1.5199999999999998,4.779786746621616,6.299786746621615
normal,52,64.28181342087605,22.696410622417417,3991.2880468604303,2226.0528207527136,158.1152468604296,75.50910845076115,3933.1728000000007,2163.6682680240806,100.0,13.124555722128365,0.0,2458.2329999999997,0.0,0.0,2163.6682680240806,0.0,0.10614418983459473,0.04300355911254883,0.5,0.03166666666666666,223620.05242120815,116892.45254171008,79.04000000000002,79.04000000000002,1.5199999999999998,4.779786746621616,6.299786746621615
normal,53,71.04117573884541,24.46719986841848,4423.364958748326,2231.7748097059875,154.98095874832487,81.23109740403521,4368.384000000001,2163.6682680240806,100.0,13.124555722128365,0.0,2730.2400000000007,0.0,0.0,2163.6682680240806,0.0,0.12679076194763184,0.061148643493652344,0.5,0.03166666666666666,228043.4173799565,119124.22735141606,80.56000000000002,80.56000000000002,1.5199999999999998,4.779786746621616,6.299786746621615
normal,54,69.44477701234001,22.232348002433984,4428.410612378535,2232.391988436456,152.89221237853494,81.84827613450332,4375.5184,2163.6682680240806,100.0,13.124555722128365,0.0,2734.699,0.0,0.0,2163.6682680240806,0.0,0.17736530303955078,0.060642242431640625,0.5,0.03166666666666666,232471.82799233502,121356.61933985252,82.08000000000001,82.08000000000001,1.5199999999999998,4.779786746621616,6.299786746621615
normal,55,71.84536135709374,21.70627799095501,4397.55616341518,2233.6928624455945,159.30656341517982,83.14915014364233,4338.2496,2163.6682680240806,100.0,13.124555722128365,0.0,2711.4059999999995,0.0,0.0,2163.6682680240806,0.0,0.14560222625732422,0.1114645004272461,0.5,0.03166666666666666,236869.3841557502,123590.31220229811,83.60000000000001,83.60000000000001,1.5199999999999998,4.779786746621616,6.299786746621615
normal,56,71.27336299891819,24.95055733285317,4433.670289853056,2225.842970164491,170.77588985305584,75.29925786253831,4362.8944,2163.6682680240806,100.0,13.124555722128365,0.0,2726.8089999999993,0.0,0.0,2163.6682680240806,0.0,0.1460103988647461,0.061286211013793945,0.5,0.03166666666666666,241303.05444560325,125816.1551724626,85.12,85.12,1.5199999999999998,4.779786746621616,6.299786746621615
normal,57,70.05178991127536,23.20889173777168,4425.791858954123,2232.8986290293333,152.35825895412307,82.35491672738112,4373.4336,2163.6682680240806,100.0,13.124555722128365,0.0,2733.396,0.0,0.0,2163.6682680240806,0.0,0.20430803298950195,0.07892370223999023,0.5,0.03166666666666666,245728.84630455737,128049.05380149194,86.64,86.64,1.5199999999999998,4.779786746621616,6.299786746621615
normal,58,62.44732074350557,21.178799008191984,3982.57684118132,2217.562093041055,138.53348118131862,67.0183807391025,3944.0433600000015,2163.6682680240806,100.0,13.124555722128365,0.0,2465.027100000001,0.0,0.0,2163.6682680240806,0.0,0.15169572830200195,0.04650592803955078,0.5,0.03166666666666666,249711.4231457387,130266.615894533,88.16,88.16,1.5199999999999998,4.779786746621616,6.299786746621615
normal,59,64.38902929786,18.825309288956277,3974.8769276181833,2226.235413527534,122.88044761818274,75.69170122558185,3951.9964800000007,2163.6682680240806,100.0,13.124555722128365,0.0,2469.9977999999996,0.0,0.0,2163.6682680240806,0.0,0.09402942657470703,0.04767465591430664,0.5,0.03166666666666666,253686.30007335686,132492.85130806052,89.67999999999999,89.67999999999999,1.5199999999999998,4.779786746621616,6.299786746621615
normal,60,65.40638309779442,24.067124508893922,4417.646425483845,2228.3020329393535,166.77282548384386,77.75832063740128,4350.873600000001,2163.6682680240806,100.0,13.124555722128365,0.0,2719.2960000000007,0.0,0.0,2163.6682680240806,0.0,0.1772463321685791,0.06457138061523438,0.5,0.03166666666666666,258103.9464988407,134721.15334099988,91.19999999999999,91.19999999999999,1.5199999999999998,4.779786746621616,6.299786746621615
normal,61,68.063645224713,19.91036216054047,4413.772969970896,2235.6250684773154,138.25456997089645,85.08135617536318,4375.5184,2163.6682680240806,100.0,13.124555722128365,0.0,2734.699,0.0,0.0,2163.6682680240806,0.0,0.12810587882995605,0.05337858200073242,0.5,0.03166666666666666,262517.7194688116,136956.7784094772,92.71999999999998,92.71999999999998,1.5199999999999998,4.779786746621616,6.299786746621615
normal,62,69.01342000636863,24.005533598879154,4402.431932505757,2229.9270003705133,169.2895325057571,79.38328806856092,4333.1424,2163.6682680240806,100.0,13.124555722128365,0.0,2708.2139999999995,0.0,0.0,2163.6682680240806,0.0,0.12897396087646484,0.05439186096191406,0.5,0.03166666666666666,266920.15140131733,139186.70540984772,94.23999999999998,94.23999999999998,1.5199999999999998,4.779786746621616,6.299786746621615
normal,63,68.02294997720396,23.40484375621865,4411.667829088767,2225.3750857552145,167.98622908876683,74.83137345326227,4343.6816,2163.6682680240806,100.0,13.124555722128365,0.0,2714.8009999999995,0.0,0.0,2163.6682680240806,0.0,0.11290979385375977,0.04749560356140137,0.5,0.03166666666666666,271331.8192304061,141412.08049560295,95.75999999999998,95.75999999999998,1.5199999999999998,4.779786746621616,6.299786746621615
normal,64,66.02231015891157,24.89119038924703,4431.9185531527255,2221.206740843087,158.48495315272515,70.66302854113472,4373.4336,2163.6682680240806,100.0,13.124555722128365,0.0,2733.396,0.0,0.0,2163.6682680240806,0.0,0.1248018741607666,0.04599356651306152,0.5,0.03166666666666666,275763.7377835588,143633.28723644602,97.27999999999997,97.27999999999997,1.5199999999999998,4.779786746621616,6.299786746621615
normal,65,62.938945943814396,22.233144425912847,3978.540767058173,2222.8513506740064,134.4974070581714,72.30763837205414,3944.0433600000015,2163.6682680240806,100.0,13.124555722128365,0.0,2465.027100000001,0.0,0.0,2163.6682680240806,0.0,0.12655115127563477,0.05225253105163574,0.5,0.03166666666666666,279742.27855061693,145856.13858712002,98.79999999999997,98.79999999999997,1.5199999999999998,4.779786746621616,6.299786746621615
normal,66,60.31213214309662,21.465166791040055,3990.2126612102547,2219.306747410116,138.21618121025423,68.76303510816342,3951.9964800000007,2163.6682680240806,100.0,13.124555722128365,0.0,2469.9977999999996,0.0,0.0,2163.6682680240806,0.0,0.1511678695678711,0.0641326904296875,0.5,0.03166666666666666,283732.4912118272,148075.44533453014,100.31999999999996,100.31999999999996,1.5199999999999998,4.779786746621616,6.299786746621615
normal,67,65.77484510939998,22.445162648946045,4404.99989564858,2224.121406245727,138.31829564857884,73.57769394377483,4366.681600000001,2163.6682680240806,100.0,13.124555722128365,0.0,2729.1760000000004,0.0,0.0,2163.6682680240806,0.0,0.11716604232788086,0.04962158203125,0.5,0.03166666666666666,288137.49110747577,150299.56674077586,101.83999999999996,101.83999999999996,1.5199999999999998,4.779786746621616,6.299786746621615
normal,68,67.10954927507268,21.693751947045982,4423.8140753484395,2225.7682130914877,169.2108753484393,75.22450078953518,4354.6032000000005,2163.6682680240806,100.0,13.124555722128365,0.0,2721.627,0.0,0.0,2163.6682680240806,0.0,0.13146615028381348,0.05329275131225586,0.5,0.03166666666666666,292561.3051828242,152525.33495386734,103.35999999999996,103.35999999999996,1.5199999999999998,4.779786746621616,6.299786746621615
normal,69,64.06529014238073,21.988337052490582,4379.662661539569,2220.413497786989,141.41306153956893,69.86978548503679,4338.2496,2163.6682680240806,100.0,13.124555722128365,0.0,2711.4059999999995,0.0,0.0,2163.6682680240806,0.0,0.1414651870727539,0.04095149040222168,0.5,0.03166666666666666,296940.96784436377,154745.74845165433,104.87999999999995,104.87999999999995,1.5199999999999998,4.779786746621616,6.299786746621615
normal,70,66.31330141728326,22.87025498453884,4408.526604760063,2229.3377842546297,145.63220476006228,78.79407195267726,4362.8944,2163.6682680240806,100.0,13.124555722128365,0.0,2726.8089999999993,0.0,0.0,2163.6682680240806,0.0,0.18064451217651367,0.047464847564697266,0.5,0.03166666666666666,301349.49444912386,156975.08623590897,106.39999999999995,106.39999999999995,1.5199999999999998,4.779786746621616,6.299786746621615
normal,71,67.2174341679452,19.82075507354983,4404.61252365896,2228.1901081006185,131.17892365895932,77.64639579866615,4373.4336,2163.6682680240806,100.0,13.124555722128365,0.0,2733.396,0.0,0.0,2163.6682680240806,0.0,0.13422346115112305,0.07342171669006348,0.5,0.03166666666666666,305754.1069727828,159203.2763440096,107.91999999999994,107.91999999999994,1.5199999999999998,4.779786746621616,6.299786746621615
normal,72,58.16194922361857,19.955626252156197,3986.570386035235,2219.895336572489,161.35070603523397,69.35162427053702,3925.219680000001,2163.6682680240806,100.0,13.124555722128365,0.0,2453.2623000000012,0.0,0.0,2163.6682680240806,0.0,0.23508715629577637,0.0691065788269043,0.5,0.03166666666666666,309740.67735881807,161423.17168058208,109.43999999999994,109.43999999999994,1.5199999999999998,4.779786746621616,6.299786746621615
normal,73,55.062300670365424,21.25843907517822,3966.7735498366774,2216.1552217957887,130.5364298366766,65.6115094938363,3936.2371200000007,2163.6682680240806,100.0,13.124555722128365,0.0,2460.1482,0.0,0.0,2163.6682680240806,0.0,0.10796189308166504,0.11139774322509766,0.5,0.03166666666666666,313707.4509086547,163639.32690237786,110.95999999999994,110.95999999999994,1.5199999999999998,4.779786746621616,6.299786746621615
normal,74,64.48514502937071,23.121770037214326,4404.931216966756,2220.8513047177803,154.05761696675538,70.30759241582777,4350.873600000001,2163.6682680240806,100.0,13.124555722128365,0.0,2719.2960000000007,0.0,0.0,2163.6682680240806,0.0,0.12945771217346191,0.04309272766113281,0.5,0.03166666666666666,318112.3821256215,165860.17820709563,112.47999999999993,112.47999999999993,1.5199999999999998,4.779786746621616,6.299786746621615
normal,75,63.71693699619069,20.161137171281872,4423.917018341283,2224.7749501555154,146.6962183412834,74.23123785356299,4377.2208,2163.6682680240806,100.0,13.124555722128365,0.0,2735.763,0.0,0.0,2163.6682680240806,0.0,0.10334086418151855,0.08008384704589844,0.5,0.03166666666666666,322536.2991439628,168084.95315725115,113.99999999999993,113.99999999999993,1.5199999999999998,4.779786746621616,6.299786746621615
normal,76,63.51638972813557,21.708189730232622,4386.358113777355,2221.2146258703356,130.59811377735613,70.67091356838299,4355.759999999999,2163.6682680240806,100.0,13.124555722128365,0.0,2722.3499999999995,0.0,0.0,2163.6682680240806,0.0,0.15009641647338867,0.033006906509399414,0.5,0.03166666666666666,326922.65725774015,170306.1677831215,115.51999999999992,115.51999999999992,1.5199999999999998,4.779786746621616,6.299786746621615
normal,77,60.61197806109228,22.225340118528493,4400.332145333585,2215.8186706640763,139.14014533358431,65.2749583621241,4361.192,2163.6682680240806,100.0,13.124555722128365,0.0,2725.745,0.0,0.0,2163.6682680240806,0.0,0.09389257431030273,0.07531213760375977,0.5,0.03166666666666666,331322.98940307373,172521.98645378556,117.03999999999992,117.03999999999992,1.5199999999999998,4.779786746621616,6.299786746621615
normal,78,64.5585908360077,25.661627247224295,4425.057294515452,2217.91878044553,155.0284945154516,67.37506814357776,4370.0288,2163.6682680240806,100.0,13.124555722128365,0.0,2731.2680000000005,0.0,0.0,2163.6682680240806,0.0,0.14005136489868164,0.06027817726135254,0.5,0.03166666666666666,335748.04669758916,174739.9052342311,118.55999999999992,118.55999999999992,1.5199999999999998,4.779786746621616,6.299786746621615
normal,79,55.91879099028677,20.70246656196347,3971.4948360378967,2217.259009488801,127.45147603789502,66.71529718684877,3944.0433600000015,2163.6682680240806,100.0,13.124555722128365,0.0,2465.027100000001,0.0,0.0,2163.6682680240806,0.0,0.10744380950927734,0.05406308174133301,0.5,0.03166666666666666,339719.5415336271,176957.1642437199,120.07999999999991,120.07999999999991,1.5199999999999998,4.779786746621616,6.299786746621615
normal,80,53.59622975902753,22.13180284560607,3972.7165732667468,2212.7335610895852,120.720093266746,62.18984878763265,3951.9964800000007,2163.6682680240806,100.0,13.124555722128365,0.0,2469.9977999999996,0.0,0.0,2163.6682680240806,0.0,0.09951066970825195,0.05267143249511719,0.5,0.03166666666666666,343692.2581068938,179169.89780480947,121.59999999999991,121.59999999999991,1.5199999999999998,4.779786746621616,6.299786746621615
normal,81,58.978915413409766,21.21855728164276,4390.4082273607355,2212.6698020615154,123.7266273607346,62.12608975956309,4366.681600000001,2163.6682680240806,100.0,13.124555722128365,0.0,2729.1760000000004,0.0,0.0,2163.6682680240806,0.0,0.10744953155517578,0.04686093330383301,0.5,0.03166666666666666,348082.66633425455,181382.567606871,123.1199999999999,123.1199999999999,1.5199999999999998,4.779786746621616,6.299786746621615
normal,82,58.437271008625736,21.07338366419708,4403.9571484869775,2211.6336062285845,144.24674848697748,61.08989392663213,4359.7104,2163.6682680240806,100.0,13.124555722128365,0.0,2724.819,0.0,0.0,2163.6682680240806,0.0,0.09741830825805664,0.03670763969421387,0.5,0.03166666666666666,352486.62348274153,183594.2012130996,124.6399999999999,124.6399999999999,1.5199999999999998,4.779786746621616,6.299786746621615
normal,83,62.14461809897603,25.177474658997905,4401.8458458983105,2210.0596274451473,149.4906458983105,59.51591514319493,4352.3552,2163.6682680240806,100.0,13.124555722128365,0.0,2720.2219999999993,0.0,0.0,2163.6682680240806,0.0,0.12088131904602051,0.06092953681945801,0.5,0.03166666666666666,356888.46932863985,185804.26084054474,126.1599999999999,126.1599999999999,1.5199999999999998,4.779786746621616,6.299786746621615
normal,84,62.22046488779629,23.09744081791274,4399.089466859275,2216.6721638418676,136.1950668592747,66.12845153991512,4362.8944,2163.6682680240806,100.0,13.124555722128365,0.0,2726.8089999999993,0.0,0.0,2163.6682680240806,0.0,0.1029059886932373,0.0810251235961914,0.5,0.03166666666666666,361287.55879549915,188020.9330043866,127.6799999999999,127.6799999999999,1.5199999999999998,4.779786746621616,6.299786746621615
normal,85,59.660714619294026,24.33958557165145,4407.043091285369,2211.545506269386,154.52469128536862,61.00179396743338,4352.5184,2163.6682680240806,100.0,13.124555722128365,0.0,2720.3240000000005,0.0,0.0,2163.6682680240806,0.0,0.1177220344543457,0.052729129791259766,0.5,0.03166666666666666,365694.60188678454,190232.478510656,129.1999999999999,129.1999999999999,1.5199999999999998,4.779786746621616,6.299786746621615
normal,86,56.574924098125685,18.55812961047008,3979.227069210333,2219.1325244407008,135.18370921033156,68.5888121387484,3944.0433600000015,2163.6682680240806,100.0,13.124555722128365,0.0,2465.027100000001,0.0,0.0,2163.6682680240806,0.0,0.09494376182556152,0.05161333084106445,0.5,0.03166666666666666,369673.82895599486,192451.6110350967,130.7199999999999,130.7199999999999,1.5199999999999998,4.779786746621616,6.299786746621615
normal,87,53.59190945695809,19.99580201335803,3969.2425143771907,2211.9610224658527,118.7781943771896,61.41731016390045,3950.464320000001,2163.6682680240806,100.0,13.124555722128365,0.0,2469.0402,0.0,0.0,2163.6682680240806,0.0,0.12354874610900879,0.05287313461303711,0.5,0.03166666666666666,373643.07147037203,194663.57205756253,132.23999999999992,132.23999999999992,1.5199999999999998,4.779786746621616,6.299786746621615
normal,88,60.04684230407816,22.953308354569437,4386.272807905278,2217.8466865909973,138.80400790527608,67.30297428904491,4347.4688000000015,2163.6682680240806,100.0,13.124555722128365,0.0,2717.1680000000006,0.0,0.0,2163.6682680240806,0.0,0.09985876083374023,0.0413966178894043,0.5,0.03166666666666666,378029.3442782773,196881.41874415352,133.75999999999993,133.75999999999993,1.5199999999999998,4.779786746621616,6.299786746621615
normal,89,60.14195686276033,24.29566299336134,4410.511089516566,2216.254840716226,152.50308951656538,65.71112841427401,4358.008000000001,2163.6682680240806,100.0,13.124555722128365,0.0,2723.7549999999997,0.0,0.0,2163.6682680240806,0.0,0.10481500625610352,0.04322075843811035,0.5,0.03166666666666666,382439.8553677939,199097.67358486974,135.27999999999994,135.27999999999994,1.5199999999999998,4.779786746621616,6.299786746621615
normal,90,61.35026660835263,23.245678851953112,4392.430491041851,2219.41235290081,138.37289104185203,68.86864059885784,4354.057599999999,2163.6682680240806,100.0,13.124555722128365,0.0,2721.2859999999996,0.0,0.0,2163.6682680240806,0.0,0.17007875442504883,0.05990743637084961,0.5,0.03166666666666666,386832.28585883573,201317.08593777055,136.79999999999995,136.79999999999995,1.5199999999999998,4.779786746621616,6.299786746621615
normal,91,59.8737660921748,20.856730187786074,4383.815173624602,2220.784053490474,136.72877362460207,70.24034118852154,4347.0864,2163.6682680240806,100.0,13.124555722128365,0.0,2716.929,0.0,0.0,2163.6682680240806,0.0,0.09477090835571289,0.0527949333190918,0.5,0.03166666666666666,391216.10103246034,203537.86999126102,138.31999999999996,138.31999999999996,1.5199999999999998,4.779786746621616,6.299786746621615
normal,92,58.994710139004816,21.28998201776202,4404.861451910466,2221.7431720447426,131.42785191046545,71.1994597427903,4373.4336,2163.6682680240806,100.0,13.124555722128365,0.0,2733.396,0.0,0.0,2163.6682680240806,0.0,0.10234856605529785,0.05144214630126953,0.5,0.03166666666666666,395620.9624843708,205759.61316330577,139.83999999999997,139.83999999999997,1.5199999999999998,4.779786746621616,6.299786746621615
normal,93,53.63280233752471,18.894109406430882,3955.204669276645,2216.835693288211,112.69346927664365,66.29198098625864,3942.5112000000013,2163.6682680240806,100.0,13.124555722128365,0.0,2464.0695000000005,0.0,0.0,2163.6682680240806,0.0,0.19350242614746094,0.06128716468811035,0.5,0.03166666666666666,399576.16715364746,207976.44885659398,141.35999999999999,141.35999999999999,1.5199999999999998,4.779786746621616,6.299786746621615
normal,94,51.70400100311114,22.443635858732016,3980.9460135503905,2204.8040821409313,132.01385355038974,54.260369838978704,3948.9321600000007,2163.6682680240806,100.0,13.124555722128365,0.0,2468.0826,0.0,0.0,2163.6682680240806,0.0,0.11013126373291016,0.10958528518676758,0.5,0.03166666666666666,403557.11316719785,210181.25293873492,142.88,142.88,1.5199999999999998,4.779786746621616,6.299786746621615
normal,95,56.632244685914934,22.852851933501228,4396.835530051446,2205.2816467135567,128.45153005144493,54.73793441160427,4368.384000000001,2163.6682680240806,100.0,13.124555722128365,0.0,2730.2400000000007,0.0,0.0,2163.6682680240806,0.0,0.1993701457977295,0.05413031578063965,0.5,0.03166666666666666,407953.9486972493,212386.53458544848,144.4,144.4,1.5199999999999998,4.779786746621616,6.299786746621615
normal,96,59.020531983189386,23.81214442054662,4425.98573193756,2220.6400356521654,167.97773193755918,70.0963233502132,4358.008000000001,2163.6682680240806,100.0,13.124555722128365,0.0,2723.7549999999997,0.0,0.0,2163.6682680240806,0.0,0.13606739044189453,0.06214618682861328,0.5,0.03166666666666666,412379.93442918686,214607.17462110065,145.92000000000002,145.92000000000002,1.5199999999999998,4.779786746621616,6.299786746621615
normal,97,58.22451609719612,19.542709990314965,4387.564413742163,2215.698051443861,131.80441374216431,65.15433914190882,4355.759999999999,2163.6682680240806,100.0,13.124555722128365,0.0,2722.3499999999995,0.0,0.0,2163.6682680240806,0.0,0.12239551544189453,0.0892481803894043,0.5,0.03166666666666666,416767.498842929,216822.8726725445,147.44000000000003,147.44000000000003,1.5199999999999998,4.779786746621616,6.299786746621615
normal,98,57.444674521712564,20.477262446391663,4398.777573500212,2215.114437293416,135.88317350021237,64.57072499146345,4362.8944,2163.6682680240806,100.0,13.124555722128365,0.0,2726.8089999999993,0.0,0.0,2163.6682680240806,0.0,0.11699843406677246,0.0464022159576416,0.5,0.03166666666666666,421166.27641642926,219037.9871098379,148.96000000000004,148.96000000000004,1.5199999999999998,4.779786746621616,6.299786746621615
normal,99,54.98482231484365,22.153209052684726,4397.000420267687,2207.4871806804767,144.48202026768737,56.9434683785245,4352.5184,2163.6682680240806,100.0,13.124555722128365,0.0,2720.3240000000005,0.0,0.0,2163.6682680240806,0.0,0.12508463859558105,0.05804109573364258,0.5,0.03166666666666666,425563.27683669695,221245.47429051838,150.48000000000005,150.48000000000005,1.5199999999999998,4.779786746621616,6.299786746621615
normal,100,52.91454745711434,19.3106729000628,3975.5955955248087,2211.584055450281,133.08439552480752,61.0403431483288,3942.5112000000013,2163.6682680240806,100.0,13.124555722128365,0.0,2464.0695000000005,0.0,0.0,2163.6682680240806,0.0,0.13118600845336914,0.052056074142456055,0.5,0.03166666666666666,429538.8724322218,223457.05834596866,152.00000000000006,152.00000000000006,1.5199999999999998,4.779786746621616,6.299786746621615
normal,101,49.933749474122145,19.876365489589876,3966.424496692429,2205.9109142053658,114.42801669242826,55.36720190341359,3951.9964800000007,2163.6682680240806,100.0,13.124555722128365,0.0,2469.9977999999996,0.0,0.0,2163.6682680240806,0.0,0.09074878692626953,0.05069422721862793,0.5,0.03166666666666666,433505.2969289142,225662.96926017402,153.52000000000007,153.52000000000007,1.5199999999999998,4.779786746621616,6.299786746621615
normal,102,55.07193535586938,21.741245238697864,4390.405096646095,2211.1458328819467,122.02109664609482,60.602120579994505,4368.384000000001,2163.6682680240806,100.0,13.124555722128365,0.0,2730.2400000000007,0.0,0.0,2163.6682680240806,0.0,0.10286951065063477,0.04362010955810547,0.5,0.03166666666666666,437895.7020255603,227874.11509305597,155.04000000000008,155.04000000000008,1.5199999999999998,4.779786746621616,6.299786746621615
normal,103,53.573188138268456,24.698300518241656,4394.349794530769,2199.8783657557096,138.04419453076906,49.334653453757426,4356.3056,2163.6682680240806,100.0,13.124555722128365,0.0,2722.6910000000003,0.0,0.0,2163.6682680240806,0.0,0.08409643173217773,0.03319072723388672,0.5,0.03166666666666666,442290.0518200911,230073.9934588117,156.5600000000001,156.5600000000001,1.5199999999999998,4.779786746621616,6.299786746621615
normal,104,54.654275043576,23.121358537689364,4390.578951758453,2203.7508509612285,134.81895175845315,53.2071386592761,4355.759999999999,2163.6682680240806,100.0,13.124555722128365,0.0,2722.3499999999995,0.0,0.0,2163.6682680240806,0.0,0.09423494338989258,0.03446245193481445,0.5,0.03166666666666666,446680.63077184954,232277.7443097729,158.0800000000001,158.0800000000001,1.5199999999999998,4.779786746621616,6.299786746621615
normal,105,56.68855799815143,22.58014409922162,4409.636941417892,2215.379469959803,146.74254141789174,64.83575765785055,4362.8944,2163.6682680240806,100.0,13.124555722128365,0.0,2726.8089999999993,0.0,0.0,2163.6682680240806,0.0,0.08918118476867676,0.04078555107116699,0.5,0.03166666666666666,451090.2677132674,234493.1237797327,159.6000000000001,159.6000000000001,1.5199999999999998,4.779786746621616,6.299786746621615
normal,106,55.49911127276505,21.46111047814788,4400.85512093677,2211.0740364606604,150.03912093677016,60.53032415870787,4350.816,2163.6682680240806,100.0,13.124555722128365,0.0,2719.26,0.0,0.0,2163.6682680240806,0.0,0.10468387603759766,0.06329488754272461,0.5,0.03166666666666666,455491.1228342042,236704.19781619337,161.12000000000012,161.12000000000012,1.5199999999999998,4.779786746621616,6.299786746621615
normal,107,50.45195242807839,19.95580473937459,3955.1717726443107,2201.3273592620408,129.95209264430954,50.78364696008862,3925.219680000001,2163.6682680240806,100.0,13.124555722128365,0.0,2453.2623000000012,0.0,0.0,2163.6682680240806,0.0,0.09719634056091309,0.04610776901245117,0.5,0.03166666666666666,459446.2946068485,238905.5251754554,162.64000000000013,162.64000000000013,1.5199999999999998,4.779786746621616,6.299786746621615
normal,108,50.20047809344135,19.588835576657292,3944.3258829036076,2210.158734278468,108.08876290360678,59.61502197651527,3936.2371200000007,2163.6682680240806,100.0,13.124555722128365,0.0,2460.1482,0.0,0.0,2163.6682680240806,0.0,0.08979153633117676,0.04553794860839844,0.5,0.03166666666666666,463390.6204897521,241115.68390973387,164.16000000000014,164.16000000000014,1.5199999999999998,4.779786746621616,6.299786746621615
normal,109,55.78672617513312,19.19665592324132,4378.520834262283,2213.670791904747,110.13683426228152,63.12707960279455,4368.384000000001,2163.6682680240806,100.0,13.124555722128365,0.0,2730.2400000000007,0.0,0.0,2163.6682680240806,0.0,0.10586786270141602,0.044130802154541016,0.5,0.03166666666666666,467769.1413240144,243329.3547016386,165.68000000000015,165.68000000000015,1.5199999999999998,4.779786746621616,6.299786746621615
normal,110,53.78060159181181,21.27533029051775,4392.173387559806,2214.0679810692386,114.95258755980527,63.524268767286074,4377.2208,2163.6682680240806,100.0,13.124555722128365,0.0,2735.763,0.0,0.0,2163.6682680240806,0.0,0.08812856674194336,0.026036500930786133,0.5,0.03166666666666666,472161.31471157423,245543.42268270784,167.20000000000016,167.20000000000016,1.5199999999999998,4.779786746621616,6.299786746621615
normal,111,56.586134313268495,20.788080531412266,4389.8994061518815,2211.498857553269,151.64980615188148,60.95514525131668,4338.2496,2163.6682680240806,100.0,13.124555722128365,0.0,2711.4059999999995,0.0,0.0,2163.6682680240806,0.0,0.07963728904724121,0.0385587215423584,0.5,0.03166666666666666,476551.21411772614,247754.9215402611,168.72000000000017,168.72000000000017,1.5199999999999998,4.779786746621616,6.299786746621615
normal,112,56.10645076081829,21.86663043971882,4387.32740052772,2212.709421946657,143.64580052771953,62.165709644704606,4343.6816,2163.6682680240806,100.0,13.124555722128365,0.0,2714.8009999999995,0.0,0.0,2163.6682680240806,0.0,0.07544469833374023,0.03801536560058594,0.5,0.03166666666666666,480938.54151825386,249967.63096220777,170.24000000000018,170.24000000000018,1.5199999999999998,4.779786746621616,6.299786746621615
normal,113,56.28930227360954,24.8523395642367,4421.082468766674,2206.5788707542674,170.2664687666736,56.035158452314896,4350.816,2163.6682680240806,100.0,13.124555722128365,0.0,2719.26,0.0,0.0,2163.6682680240806,0.0,0.07500338554382324,0.03655052185058594,0.5,0.03166666666666666,485359.6239870205,252174.20983296205,171.7600000000002,171.7600000000002,1.5199999999999998,4.779786746621616,6.299786746621615
normal,114,48.38979969340716,19.619012567831305,3946.0063258443793,2205.9783601948907,117.72232584437808,55.43464789293833,3928.284000000001,2163.6682680240806,100.0,13.124555722128365,0.0,2455.1775000000007,0.0,0.0,2163.6682680240806,0.0,0.0830991268157959,0.03583478927612305,0.5,0.03166666666666666,489305.6303128649,254380.18819315694,173.2800000000002,173.2800000000002,1.5199999999999998,4.779786746621616,6.299786746621615
normal,115,49.96508492343886,24.114287903761255,3975.3426001700795,2202.4933970800134,123.3461201700787,51.94968477806092,3951.9964800000007,2163.6682680240806,100.0,13.124555722128365,0.0,2469.9977999999996,0.0,0.0,2163.6682680240806,0.0,0.07797646522521973,0.0476076602935791,0.5,0.03166666666666666,493280.97291303496,256582.68159023696,174.8000000000002,174.8000000000002,1.5199999999999998,4.779786746621616,6.299786746621615
normal,116,59.19099261252609,23.11901488799595,4401.323092195747,2212.0622761613126,132.9390921957469,61.518563859360384,4368.384000000001,2163.6682680240806,100.0,13.124555722128365,0.0,2730.2400000000007,0.0,0.0,2163.6682680240806,0.0,0.09719610214233398,0.04214191436767578,0.5,0.03166666666666666,497682.2960052307,258794.74386639826,176.32000000000022,176.32000000000022,1.5199999999999998,4.779786746621616,6.299786746621615
normal,117,57.0703263394949,22.563224675029094,4401.094446398044,2215.7636223136446,123.87364639804395,65.21991001169238,4377.2208,2163.6682680240806,100.0,13.124555722128365,0.0,2735.763,0.0,0.0,2163.6682680240806,0.0,0.08532238006591797,0.02973461151123047,0.5,0.03166666666666666,502083.3904516287,261010.5074887119,177.84000000000023,177.84000000000023,1.5199999999999998,4.779786746621616,6.299786746621615
normal,118,54.55256411642057,24.223810352146653,4374.56690447882,2207.1882850864745,141.42450447881996,56.644572784522026,4333.1424,2163.6682680240806,100.0,13.124555722128365,0.0,2708.2139999999995,0.0,0.0,2163.6682680240806,0.0,0.06431221961975098,0.026747941970825195,0.5,0.03166666666666666,506457.95735610754,263217.6957737984,179.36000000000024,179.36000000000024,1.5199999999999998,4.779786746621616,6.299786746621615
normal,119,54.98692169913736,20.82383559800744,4390.317925520024,2212.3123443632517,148.33872552002356,61.768632061299236,4341.979200000001,2163.6682680240806,100.0,13.124555722128365,0.0,2713.737,0.0,0.0,2163.6682680240806,0.0,0.06638932228088379,0.0339047908782959,0.5,0.03166666666666666,510848.27528162755,265430.00811816164,180.88000000000025,180.88000000000025,1.5199999999999998,4.779786746621616,6.299786746621615
normal,120,56.02652143925963,21.932842827502135,4407.3706634959,2209.5844032740943,153.1498634959,59.0406909721421,4354.2208,2163.6682680240806,100.0,13.124555722128365,0.0,2721.3880000000004,0.0,0.0,2163.6682680240806,0.0,0.08252525329589844,0.0349736213684082,0.5,0.03166666666666666,515255.64594512346,267639.59252143576,182.40000000000026,182.40000000000026,1.5199999999999998,4.779786746621616,6.299786746621615
normal,121,48.800246541746986,22.82773664724308,3961.87707397492,2153.710378968619,117.8337139749188,0.0,3944.0433600000015,2163.6682680240806,100.0,9.9578890554617,0.0,2465.027100000001,0.0,0.0,2163.6682680240806,0.0,0.09598016738891602,0.04873251914978027,0.5,0.0,519217.5230190984,269793.3029004044,183.92000000000027,182.40000000000026,0.0,4.779786746621616,4.779786746621616
normal,122,47.453963678782365,21.1832792243011,3978.504443908238,2153.710378968619,128.04012390823718,0.0,3950.464320000001,2163.6682680240806,100.0,9.9578890554617,0.0,2469.0402,0.0,0.0,2163.6682680240806,0.0,0.08030247688293457,0.04010891914367676,0.5,0.0,523196.0274630066,271947.013279373,185.44000000000028,182.40000000000026,0.0,4.779786746621616,4.779786746621616
normal,123,54.48777040936975,22.48224952721972,4402.020916363413,2153.710378968619,152.84971636341186,0.0,4349.171200000001,2163.6682680240806,100.0,9.9578890554617,0.0,2718.232000000001,0.0,0.0,2163.6682680240806,0.0,0.09834027290344238,0.0714879035949707,0.5,0.0,527598.04837937,274100.7236583416,186.9600000000003,182.40000000000026,0.0,4.779786746621616,4.779786746621616
normal,124,53.05430965215286,24.24777651193461,4406.170633383724,2153.710378968619,146.46023338372382,0.0,4359.7104,2163.6682680240806,100.0,9.9578890554617,0.0,2724.819,0.0,0.0,2163.6682680240806,0.0,0.11059284210205078,0.03769993782043457,0.5,0.0,532004.2190127537,276254.43403731025,188.4800000000003,182.40000000000026,0.0,4.779786746621616,4.779786746621616
normal,125,54.97065167074279,19.976705715055893,4378.217042874242,2153.710378968619,122.4570428742427,0.0,4355.759999999999,2163.6682680240806,100.0,9.9578890554617,0.0,2722.3499999999995,0.0,0.0,2163.6682680240806,0.0,0.08954238891601562,0.03566765785217285,0.5,0.0,536382.4360556279,278408.14441627887,190.0000000000003,182.40000000000026,0.0,4.779786746621616,4.779786746621616
normal,126,54.6211800617788,23.637213610099796,4408.799076654406,2153.710378968619,145.90467665440647,0.0,4362.8944,2163.6682680240806,100.0,9.9578890554617,0.0,2726.8089999999993,0.0,0.0,2163.6682680240806,0.0,0.11195182800292969,0.04102897644042969,0.5,0.0,540791.2351322823,280561.8547952475,191.52000000000032,182.40000000000026,0.0,4.779786746621616,4.779786746621616
normal,127,57.26068036701133,22.111529594522082,4405.812584984134,2153.710378968619,132.37898498413438,0.0,4373.4336,2163.6682680240806,100.0,9.9578890554617,0.0,2733.396,0.0,0.0,2163.6682680240806,0.0,0.0690004825592041,0.033154964447021484,0.5,0.0,545197.0477172664,282715.5651742161,193.04000000000033,182.40000000000026,0.0,4.779786746621616,4.779786746621616
normal,128,47.66870372363751,19.276363500771083,3956.5642575592046,2153.710378968619,114.05305755920348,0.0,3942.5112000000013,2163.6682680240806,100.0,9.9578890554617,0.0,2464.0695000000005,0.0,0.0,2163.6682680240806,0.0,0.09043335914611816,0.03418612480163574,0.5,0.0,549153.6119748256,284869.27555318474,194.56000000000034,182.40000000000026,0.0,4.779786746621616,4.779786746621616
normal,129,50.1923890572099,19.102356145624203,3962.2432929565757,2153.710378968619,129.07049295657512,0.0,3933.1728000000007,2163.6682680240806,100.0,9.9578890554617,0.0,2458.2329999999997,0.0,0.0,2163.6682680240806,0.0,0.0748744010925293,0.035462141036987305,0.5,0.0,553115.8552677822,287022.98593215336,196.08000000000035,182.40000000000026,0.0,4.779786746621616,4.779786746621616
normal,130,55.0501966815776,22.259755325368154,4393.870265090045,2153.710378968619,142.99666509004456,0.0,4350.873600000001,2163.6682680240806,100.0,9.9578890554617,0.0,2719.2960000000007,0.0,0.0,2163.6682680240806,0.0,0.15691661834716797,0.04340243339538574,0.5,0.0,557509.7255328723,289176.696311122,197.60000000000036,182.40000000000026,0.0,4.779786746621616,4.779786746621616
normal,131,55.655531220630856,23.073087324272876,4407.641565696482,2153.710378968619,147.93116569648222,0.0,4359.7104,2163.6682680240806,100.0,9.9578890554617,0.0,2724.819,0.0,0.0,2163.6682680240806,0.0,0.10123753547668457,0.04099154472351074,0.5,0.0,561917.3670985687,291330.4066900906,199.12000000000037,182.40000000000026,0.0,4.779786746621616,4.779786746621616
normal,132,58.142906956666344,23.641738849342403,4393.2957108294495,2153.710378968619,139.23811082945,0.0,4354.057599999999,2163.6682680240806,100.0,9.9578890554617,0.0,2721.2859999999996,0.0,0.0,2163.6682680240806,0.0,0.08802390098571777,0.04420065879821777,0.5,0.0,566310.6628093981,293484.1170690592,200.64000000000038,182.40000000000026,0.0,4.779786746621616,4.779786746621616
normal,133,54.40926838635454,26.017833880729995,4403.896627666068,2153.710378968619,156.8102276660676,0.0,4347.0864,2163.6682680240806,100.0,9.9578890554617,0.0,2716.929,0.0,0.0,2163.6682680240806,0.0,0.10335087776184082,0.030518293380737305,0.5,0.0,570714.5594370642,295637.82744802785,202.1600000000004,182.40000000000026,0.0,4.779786746621616,4.779786746621616
normal,134,52.69478802752972,24.029746761009548,4396.428608205952,2153.710378968619,122.9950082059511,0.0,4373.4336,2163.6682680240806,100.0,9.9578890554617,0.0,2733.396,0.0,0.0,2163.6682680240806,0.0,0.06522440910339355,0.0312192440032959,0.5,0.0,575110.9880452702,297791.5378269965,203.6800000000004,182.40000000000026,0.0,4.779786746621616,4.779786746621616
normal,135,50.12110923974577,23.619277964272293,3964.6984728108864,2153.710378968619,139.47879281088524,0.0,3925.219680000001,2163.6682680240806,100.0,9.9578890554617,0.0,2453.2623000000012,0.0,0.0,2163.6682680240806,0.0,0.11675143241882324,0.03917050361633301,0.5,0.0,579075.6865180811,299945.2482059651,205.20000000000041,182.40000000000026,0.0,4.779786746621616,4.779786746621616
normal,136,49.076017118375184,20.811199985753426,3953.4677665367694,2153.710378968619,120.29496653676867,0.0,3933.1728000000007,2163.6682680240806,100.0,9.9578890554617,0.0,2458.2329999999997,0.0,0.0,2163.6682680240806,0.0,0.08632707595825195,0.043933868408203125,0.5,0.0,583029.1542846179,302098.9585849337,206.72000000000043,182.40000000000026,0.0,4.779786746621616,4.779786746621616
normal,137,55.39032687466073,22.173933387450735,4399.440251445993,2153.710378968619,148.56665144599222,0.0,4350.873600000001,2163.6682680240806,100.0,9.9578890554617,0.0,2719.2960000000007,0.0,0.0,2163.6682680240806,0.0,0.09180259704589844,0.039981842041015625,0.5,0.0,587428.5945360638,304252.66896390234,208.24000000000044,182.40000000000026,0.0,4.779786746621616,4.779786746621616
normal,138,54.90236726991125,22.951418047622646,4387.953548140434,2153.710378968619,128.24314814043345,0.0,4359.7104,2163.6682680240806,100.0,9.9578890554617,0.0,2724.819,0.0,0.0,2163.6682680240806,0.0,0.08098363876342773,0.0319218635559082,0.5,0.0,591816.5480842043,306406.37934287096,209.76000000000045,182.40000000000026,0.0,4.779786746621616,4.779786746621616
normal,139,57.475810546719366,25.044232654328013,4384.132934453388,2153.710378968619,130.07533445338905,0.0,4354.057599999999,2163.6682680240806,100.0,9.9578890554617,0.0,2721.2859999999996,0.0,0.0,2163.6682680240806,0.0,0.08601021766662598,0.057576894760131836,0.5,0.0,596200.6810186577,308560.0897218396,211.28000000000046,182.40000000000026,0.0,4.779786746621616,4.779786746621616
normal,140,54.09991123676272,22.63930256769185,4398.495549776963,2153.710378968619,154.8139497769632,0.0,4343.6816,2163.6682680240806,100.0,9.9578890554617,0.0,2714.8009999999995,0.0,0.0,2163.6682680240806,0.0,0.0926978588104248,0.05095195770263672,0.5,0.0,600599.1765684347,310713.8001008082,212.80000000000047,182.40000000000026,0.0,4.779786746621616,4.779786746621616
normal,141,55.65673241237469,21.786394809242474,4401.011519208716,2153.710378968619,130.98271920871574,0.0,4370.0288,2163.6682680240806,100.0,9.9578890554617,0.0,2731.2680000000005,0.0,0.0,2163.6682680240806,0.0,0.08056306838989258,0.0317988395690918,0.5,0.0,605000.1880876434,312867.5104797768,214.32000000000048,182.40000000000026,0.0,4.779786746621616,4.779786746621616
normal,142,46.87517623180696,17.488068480558866,3971.141804410756,2153.710378968619,127.09844441075444,0.0,3944.0433600000015,2163.6682680240806,100.0,9.9578890554617,0.0,2465.027100000001,0.0,0.0,2163.6682680240806,0.0,0.07509279251098633,0.037560224533081055,0.5,0.0,608971.3298920541,315021.22085874545,215.8400000000005,182.40000000000026,0.0,4.779786746621616,4.779786746621616
normal,143,49.607366744555556,19.90676094966602,3972.7890031245443,2153.710378968619,120.79252312454358,0.0,3951.9964800000007,2163.6682680240806,100.0,9.9578890554617,0.0,2469.9977999999996,0.0,0.0,2163.6682680240806,0.0,0.08203506469726562,0.02862405776977539,0.5,0.0,612944.1188951787,317174.9312377141,217.3600000000005,182.40000000000026,0.0,4.779786746621616,4.779786746621616
normal,144,54.82633952012109,24.74436869653214,4405.937306361153,2153.710378968619,137.55330636115167,0.0,4368.384000000001,2163.6682680240806,100.0,9.9578890554617,0.0,2730.2400000000007,0.0,0.0,2163.6682680240806,0.0,0.09117627143859863,0.03996849060058594,0.5,0.0,617350.0562015398,319328.6416166827,218.8800000000005,182.40000000000026,0.0,4.779786746621616,4.779786746621616
normal,145,57.445335292217685,22.38203502161649,4401.723527745294,2153.710378968619,124.50272774529408,0.0,4377.2208,2163.6682680240806,100.0,9.9578890554617,0.0,2735.763,0.0,0.0,2163.6682680240806,0.0,0.09429287910461426,0.04474592208862305,0.5,0.0,621751.7797292852,321482.3519956513,220.40000000000052,182.40000000000026,0.0,4.779786746621616,4.779786746621616
normal,146,57.2807396718566,24.437652691867697,4376.973817379926,2153.710378968619,121.2138173799268,0.0,4355.759999999999,2163.6682680240806,100.0,9.9578890554617,0.0,2722.3499999999995,0.0,0.0,2163.6682680240806,0.0,0.0820012092590332,0.0429840087890625,0.5,0.0,626128.7535466651,323636.06237461994,221.92000000000053,182.40000000000026,0.0,4.779786746621616,4.779786746621616
normal,147,57.42536768690892,21.715656492142788,4398.15880024484,2153.710378968619,133.5620002448399,0.0,4364.5968,2163.6682680240806,100.0,9.9578890554617,0.0,2727.8730000000005,0.0,0.0,2163.6682680240806,0.0,0.09116744995117188,0.04730534553527832,0.5,0.0,630526.9123469099,325789.77275358856,223.44000000000054,182.40000000000026,0.0,4.779786746621616,4.779786746621616
normal,148,55.87313356925379,24.045761535828685,4414.015597925298,2153.710378968619,142.2843979252977,0.0,4371.7312,2163.6682680240806,100.0,9.9578890554617,0.0,2732.3320000000003,0.0,0.0,2163.6682680240806,0.0,0.08370709419250488,0.0376894474029541,0.5,0.0,634940.9279448352,327943.4831325572,224.96000000000055,182.40000000000026,0.0,4.779786746621616,4.779786746621616
normal,149,50.1808150596057,18.633384340551064,3955.1774181565934,2153.710378968619,112.66621815659211,0.0,3942.5112000000013,2163.6682680240806,100.0,9.9578890554617,0.0,2464.0695000000005,0.0,0.0,2163.6682680240806,0.0,0.07986021041870117,0.031383514404296875,0.5,0.0,638896.1053629918,330097.1935115258,226.48000000000056,182.40000000000026,0.0,4.779786746621616,4.779786746621616
normal,150,49.33714952819989,22.4168411965965,3980.403633460544,2153.710378968619,128.40715346054333,0.0,3951.9964800000007,2163.6682680240806,100.0,9.9578890554617,0.0,2469.9977999999996,0.0,0.0,2163.6682680240806,0.0,0.06212186813354492,0.033765554428100586,0.5,0.0,642876.5089964523,332250.90389049443,228.00000000000057,182.40000000000026,0.0,4.779786746621616,4.779786746621616
normal,151,56.68731772866042,24.27728167143354,4395.867225724244,2153.710378968619,146.69602572424347,0.0,4349.171200000001,2163.6682680240806,100.0,9.9578890554617,0.0,2718.232000000001,0.0,0.0,2163.6682680240806,0.0,0.09031987190246582,0.03429436683654785,0.5,0.0,647272.3762221766,334404.61426946305,229.52000000000058,182.40000000000026,0.0,4.779786746621616,4.779786746621616
normal,152,58.273506046454344,23.88853372777856,4404.050148061877,2153.710378968619,142.63734806187722,0.0,4361.4128,2163.6682680240806,100.0,9.9578890554617,0.0,2725.883,0.0,0.0,2163.6682680240806,0.0,0.08330345153808594,0.04156303405761719,0.5,0.0,651676.4263702384,336558.3246484317,231.0400000000006,182.40000000000026,0.0,4.779786746621616,4.779786746621616
normal,153,59.155911828027946,23.204184724703445,4396.32112913043,2153.710378968619,140.56112913043032,0.0,4355.759999999999,2163.6682680240806,100.0,9.9578890554617,0.0,2722.3499999999995,0.0,0.0,2163.6682680240806,0.0,0.09511733055114746,0.04093432426452637,0.5,0.0,656072.7474993689,338712.0350274003,232.5600000000006,182.40000000000026,0.0,4.779786746621616,4.779786746621616
normal,154,59.01824212622245,22.192795759075228,4400.554600557831,2153.710378968619,137.66020055783068,0.0,4362.8944,2163.6682680240806,100.0,9.9578890554617,0.0,2726.8089999999993,0.0,0.0,2163.6682680240806,0.0,0.08979082107543945,0.03352928161621094,0.5,0.0,660473.3020999266,340865.7454063689,234.0800000000006,182.40000000000026,0.0,4.779786746621616,4.779786746621616
normal,155,57.2847582548535,24.4542266400804,4421.762551250961,2153.710378968619,148.3289512509613,0.0,4373.4336,2163.6682680240806,100.0,9.9578890554617,0.0,2733.396,0.0,0.0,2163.6682680240806,0.0,0.09831809997558594,0.05790090560913086,0.5,0.0,664895.0646511776,343019.45578533754,235.60000000000062,182.40000000000026,0.0,4.779786746621616,4.779786746621616
normal,156,54.037465295888126,22.767899444533818,3985.085896344351,2153.710378968619,141.0425363443498,0.0,3944.0433600000015,2163.6682680240806,100.0,9.9578890554617,0.0,2465.027100000001,0.0,0.0,2163.6682680240806,0.0,0.1422421932220459,0.03371715545654297,0.5,0.0,668880.150547522,345173.16616430617,237.12000000000063,182.40000000000026,0.0,4.779786746621616,4.779786746621616
normal,157,51.16236397647976,22.313877670076575,3969.7269487246026,2153.710378968619,133.48982872460206,0.0,3936.2371200000007,2163.6682680240806,100.0,9.9578890554617,0.0,2460.1482,0.0,0.0,2163.6682680240806,0.0,0.0644083023071289,0.02953314781188965,0.5,0.0,672849.8774962466,347326.8765432748,238.64000000000064,182.40000000000026,0.0,4.779786746621616,4.779786746621616
normal,158,59.7238401477613,24.40032347181823,4391.87943831688,2153.710378968619,125.19783831687859,0.0,4366.681600000001,2163.6682680240806,100.0,9.9578890554617,0.0,2729.1760000000004,0.0,0.0,2163.6682680240806,0.0,0.08445858955383301,0.032946109771728516,0.5,0.0,677241.7569345635,349480.5869222434,240.16000000000065,182.40000000000026,0.0,4.779786746621616,4.779786746621616
normal,159,62.83053530252685,24.55053667744493,4423.985103095221,2153.710378968619,169.38190309522108,0.0,4354.6032000000005,2163.6682680240806,100.0,9.9578890554617,0.0,2721.627,0.0,0.0,2163.6682680240806,0.0,0.07334613800048828,0.03584003448486328,0.5,0.0,681665.7420376587,351634.29730121203,241.68000000000066,182.40000000000026,0.0,4.779786746621616,4.779786746621616
normal,160,58.5987893782559,21.927758965055496,4396.717694412381,2153.710378968619,140.95769441238193,0.0,4355.759999999999,2163.6682680240806,100.0,9.9578890554617,0.0,2722.3499999999995,0.0,0.0,2163.6682680240806,0.0,0.08304882049560547,0.042517900466918945,0.5,0.0,686062.459732071,353788.00768018066,243.20000000000067,182.40000000000026,0.0,4.779786746621616,4.779786746621616
normal,161,61.75977671687062,24.497043004108868,4404.160837902651,2153.710378968619,141.26643790265086,0.0,4362.8944,2163.6682680240806,100.0,9.9578890554617,0.0,2726.8089999999993,0.0,0.0,2163.6682680240806,0.0,0.07149553298950195,0.042084693908691406,0.5,0.0,690466.6205699737,355941.7180591493,244.72000000000068,182.40000000000026,0.0,4.779786746621616,4.779786746621616
normal,162,62.122230450043084,20.803374219214703,4398.992699561458,2153.710378968619,146.47429956145808,0.0,4352.5184,2163.6682680240806,100.0,9.9578890554617,0.0,2720.3240000000005,0.0,0.0,2163.6682680240806,0.0,0.08951163291931152,0.043721914291381836,0.5,0.0,694865.6132695351,358095.4284381179,246.2400000000007,182.40000000000026,0.0,4.779786746621616,4.779786746621616
normal,163,56.24948888826651,19.443175763820026,3963.90550516809,2153.710378968619,119.86214516808818,0.0,3944.0433600000015,2163.6682680240806,100.0,9.9578890554617,0.0,2465.027100000001,0.0,0.0,2163.6682680240806,0.0,0.09293293952941895,0.03832554817199707,0.5,0.0,698829.5187747033,360249.1388170865,247.7600000000007,182.40000000000026,0.0,4.779786746621616,4.779786746621616
normal,164,56.87879118480694,22.339126377623476,3984.7707029228077,2153.710378968619,134.3063829228067,0.0,3950.464320000001,2163.6682680240806,100.0,9.9578890554617,0.0,2469.0402,0.0,0.0,2163.6682680240806,0.0,0.08135151863098145,0.030638456344604492,0.5,0.0,702814.2894776261,362402.84919605515,249.2800000000007,182.40000000000026,0.0,4.779786746621616,4.779786746621616
normal,165,61.219687170570985,21.361518259842573,4397.6580380296,2153.710378968619,151.89163802959845,0.0,4345.766400000001,2163.6682680240806,100.0,9.9578890554617,0.0,2716.1040000000007,0.0,0.0,2163.6682680240806,0.0,0.06562161445617676,0.029483795166015625,0.5,0.0,707211.9475156557,364556.55957502377,250.80000000000072,182.40000000000026,0.0,4.779786746621616,4.779786746621616
normal,166,61.45049377696767,24.15257853326547,4412.732658112568,2153.710378968619,153.02225811256818,0.0,4359.7104,2163.6682680240806,100.0,9.9578890554617,0.0,2724.819,0.0,0.0,2163.6682680240806,0.0,0.07174992561340332,0.035352468490600586,0.5,0.0,711624.6801737682,366710.2699539924,252.32000000000073,182.40000000000026,0.0,4.779786746621616,4.779786746621616
normal,167,61.095087016692595,22.070533101313764,4392.946066469056,2153.710378968619,137.18606646905627,0.0,4355.759999999999,2163.6682680240806,100.0,9.9578890554617,0.0,2722.3499999999995,0.0,0.0,2163.6682680240806,0.0,0.08002161979675293,0.03139019012451172,0.5,0.0,716017.6262402373,368863.980332961,253.84000000000074,182.40000000000026,0.0,4.779786746621616,4.779786746621616
normal,168,63.120279229465986,21.887574860256564,4390.282951182261,2153.710378968619,146.60135118226106,0.0,4343.6816,2163.6682680240806,100.0,9.9578890554617,0.0,2714.8009999999995,0.0,0.0,2163.6682680240806,0.0,0.0774385929107666,0.04601001739501953,0.5,0.0,720407.9091914195,371017.69071192964,255.36000000000075,182.40000000000026,0.0,4.779786746621616,4.779786746621616
normal,169,62.083245668849976,24.161703700222404,4430.807435397358,2153.710378968619,157.37383539735765,0.0,4373.4336,2163.6682680240806,100.0,9.9578890554617,0.0,2733.396,0.0,0.0,2163.6682680240806,0.0,0.08888006210327148,0.04131889343261719,0.5,0.0,724838.7166268169,373171.40109089826,256.88000000000073,182.40000000000026,0.0,4.779786746621616,4.779786746621616
normal,170,53.71403248739431,19.09422472623007,3970.101738292687,2153.710378968619,126.05837829268536,0.0,3944.0433600000015,2163.6682680240806,100.0,9.9578890554617,0.0,2465.027100000001,0.0,0.0,2163.6682680240806,0.0,0.09037256240844727,0.03577756881713867,0.5,0.0,728808.8183651096,375325.1114698669,258.4000000000007,182.40000000000026,0.0,4.779786746621616,4.779786746621616
normal,171,55.13348153286514,19.396543526400574,3977.9309641528075,2153.710378968619,125.93448415280679,0.0,3951.9964800000007,2163.6682680240806,100.0,9.9578890554617,0.0,2469.9977999999996,0.0,0.0,2163.6682680240806,0.0,0.0857536792755127,0.03966498374938965,0.5,0.0,732786.7493292624,377478.8218488355,259.9200000000007,182.40000000000026,0.0,4.779786746621616,4.779786746621616
normal,172,65.23109419914344,21.494358946740796,4393.858063205,2153.710378968619,144.68686320499913,0.0,4349.171200000001,2163.6682680240806,100.0,9.9578890554617,0.0,2718.232000000001,0.0,0.0,2163.6682680240806,0.0,0.10664510726928711,0.06552886962890625,0.5,0.0,737180.6073924674,379632.5322278041,261.4400000000007,182.40000000000026,0.0,4.779786746621616,4.779786746621616
normal,173,63.87649764135225,22.79001898103333,4412.8186937357095,2153.710378968619,153.10829373570985,0.0,4359.7104,2163.6682680240806,100.0,9.9578890554617,0.0,2724.819,0.0,0.0,2163.6682680240806,0.0,0.08726310729980469,0.03853917121887207,0.5,0.0,741593.4260862032,381786.24260677275,262.96000000000066,182.40000000000026,0.0,4.779786746621616,4.779786746621616
normal,174,65.8050137334734,21.512821626007423,4376.451989637346,2153.710378968619,141.607189637346,0.0,4334.8448,2163.6682680240806,100.0,9.9578890554617,0.0,2709.2779999999993,0.0,0.0,2163.6682680240806,0.0,0.07187557220458984,0.03880476951599121,0.5,0.0,745969.8780758405,383939.9529857414,264.48000000000064,182.40000000000026,0.0,4.779786746621616,4.779786746621616
normal,175,63.93778206822773,22.1062178413134,4411.194293732837,2153.710378968619,148.29989373283675,0.0,4362.8944,2163.6682680240806,100.0,9.9578890554617,0.0,2726.8089999999993,0.0,0.0,2163.6682680240806,0.0,0.0785682201385498,0.051453351974487305,0.5,0.0,750381.0723695734,386093.66336471,266.0000000000006,182.40000000000026,0.0,4.779786746621616,4.779786746621616
normal,176,62.386669041931036,21.562395111526513,4399.967888548566,2153.710378968619,128.2366885485662,0.0,4371.7312,2163.6682680240806,100.0,9.9578890554617,0.0,2732.3320000000003,0.0,0.0,2163.6682680240806,0.0,0.08133912086486816,0.04195713996887207,0.5,0.0,754781.040258122,388247.3737436786,267.5200000000006,182.40000000000026,0.0,4.779786746621616,4.779786746621616
normal,177,58.298417239524305,19.176523121121516,3970.6099349876804,2153.710378968619,128.09873498767897,0.0,3942.5112000000013,2163.6682680240806,100.0,9.9578890554617,0.0,2464.0695000000005,0.0,0.0,2163.6682680240806,0.0,0.09504127502441406,0.05314135551452637,0.5,0.0,758751.6501931098,390401.08412264724,269.0400000000006,182.40000000000026,0.0,4.779786746621616,4.779786746621616
normal,178,59.41522926945256,21.06544790619253,3984.0388446964776,2153.710378968619,132.0423646964768,0.0,3951.9964800000007,2163.6682680240806,100.0,9.9578890554617,0.0,2469.9977999999996,0.0,0.0,2163.6682680240806,0.0,0.09744954109191895,0.05201554298400879,0.5,0.0,762735.6890378062,392554.79450161586,270.56000000000057,182.40000000000026,0.0,4.779786746621616,4.779786746621616
normal,179,66.0296587233803,24.570236950537495,4433.24988843391,2153.710378968619,182.3762884339098,0.0,4350.873600000001,2163.6682680240806,100.0,9.9578890554617,0.0,2719.2960000000007,0.0,0.0,2163.6682680240806,0.0,0.14366674423217773,0.034748077392578125,0.5,0.0,767168.9389262402,394708.5048805845,272.08000000000055,182.40000000000026,0.0,4.779786746621616,4.779786746621616
normal,180,65.610394469496,23.500836817935195,4413.613270602923,2153.710378968619,136.3924706029225,0.0,4377.2208,2163.6682680240806,100.0,9.9578890554617,0.0,2735.763,0.0,0.0,2163.6682680240806,0.0,0.07780766487121582,0.0365300178527832,0.5,0.0,771582.5521968431,396862.2152595531,273.60000000000053,182.40000000000026,0.0,4.779786746621616,4.779786746621616
normal,181,69.10753657379082,24.84304180565935,4426.8626820675945,2153.710378968619,171.10268206759494,0.0,4355.759999999999,2163.6682680240806,100.0,9.9578890554617,0.0,2722.3499999999995,0.0,0.0,2163.6682680240806,0.0,0.062349557876586914,0.031207799911499023,0.5,0.0,776009.4148789106,399015.92563852173,275.1200000000005,182.40000000000026,0.0,4.779786746621616,4.779786746621616
normal,182,67.80321109234661,23.045232004530916,4418.210976114586,2153.710378968619,174.52937611458572,0.0,4343.6816,2163.6682680240806,100.0,9.9578890554617,0.0,2714.8009999999995,0.0,0.0,2163.6682680240806,0.0,0.07390928268432617,0.04089856147766113,0.5,0.0,780427.6258550253,401169.63601749035,276.6400000000005,182.40000000000026,0.0,4.779786746621616,4.779786746621616
normal,183,67.63739347547047,21.56063740979482,4404.271713990123,2153.710378968619,150.0509139901232,0.0,4354.2208,2163.6682680240806,100.0,9.9578890554617,0.0,2721.3880000000004,0.0,0.0,2163.6682680240806,0.0,0.08054733276367188,0.04418015480041504,0.5,0.0,784831.8975690154,403323.346396459,278.1600000000005,182.40000000000026,0.0,4.779786746621616,4.779786746621616
normal,184,60.90873342515963,23.39393602525782,3981.28582020533,2153.710378968619,138.77462020532846,0.0,3942.5112000000013,2163.6682680240806,100.0,9.9578890554617,0.0,2464.0695000000005,0.0,0.0,2163.6682680240806,0.0,0.09085726737976074,0.0376429557800293,0.5,0.0,788813.1833892207,405477.0567754276,279.68000000000046,182.40000000000026,0.0,4.779786746621616,4.779786746621616
normal,185,64.39650229598227,20.200283503059946,3988.4998174777584,2153.710378968619,156.85917747775719,0.0,3931.640640000001,2163.6682680240806,100.0,9.9578890554617,0.0,2457.2754,0.0,0.0,2163.6682680240806,0.0,0.07275533676147461,0.04323935508728027,0.5,0.0,792801.6832066985,407630.7671543962,281.20000000000044,182.40000000000026,0.0,4.779786746621616,4.779786746621616
normal,186,72.91439051811676,24.412990720637453,4422.622253298883,2153.710378968619,173.45105329888273,0.0,4349.171200000001,2163.6682680240806,100.0,9.9578890554617,0.0,2718.232000000001,0.0,0.0,2163.6682680240806,0.0,0.10353636741638184,0.04486894607543945,0.5,0.0,797224.3054599974,409784.47753336484,282.7200000000004,182.40000000000026,0.0,4.779786746621616,4.779786746621616
normal,187,71.08677553908332,22.97461524898611,4411.454421458476,2153.710378968619,150.04162145847582,0.0,4361.4128,2163.6682680240806,100.0,9.9578890554617,0.0,2725.883,0.0,0.0,2163.6682680240806,0.0,0.07916140556335449,0.033297061920166016,0.5,0.0,801635.7598814559,411938.18791233347,284.2400000000004,182.40000000000026,0.0,4.779786746621616,4.779786746621616
normal,188,67.1192151031503,21.148690033457047,4385.437503819236,2153.710378968619,147.18790381923566,0.0,4338.2496,2163.6682680240806,100.0,9.9578890554617,0.0,2711.4059999999995,0.0,0.0,2163.6682680240806,0.0,0.11659812927246094,0.031290292739868164,0.5,0.0,806021.1973852752,414091.8982913021,285.7600000000004,182.40000000000026,0.0,4.779786746621616,4.779786746621616
normal,189,70.43912578346031,24.27910692593236,4417.780559759901,2153.710378968619,174.09895975990065,0.0,4343.6816,2163.6682680240806,100.0,9.9578890554617,0.0,2714.8009999999995,0.0,0.0,2163.6682680240806,0.0,0.09250450134277344,0.04828596115112305,0.5,0.0,810438.9779450351,416245.6086702707,287.28000000000037,182.40000000000026,0.0,4.779786746621616,4.779786746621616
normal,190,67.13854558328812,22.65840195572177,4421.0852170910075,2153.710378968619,149.35401709100697,0.0,4371.7312,2163.6682680240806,100.0,9.9578890554617,0.0,2732.3320000000003,0.0,0.0,2163.6682680240806,0.0,0.11740350723266602,0.05536770820617676,0.5,0.0,814860.0631621261,418399.31904923933,288.80000000000035,182.40000000000026,0.0,4.779786746621616,4.779786746621616
normal,191,61.089734155337474,20.537169200363834,3969.8184104715533,2153.710378968619,128.83937047155214,0.0,3940.979040000001,2163.6682680240806,100.0,9.9578890554617,0.0,2463.111900000001,0.0,0.0,2163.6682680240806,0.0,0.11463165283203125,0.03968548774719238,0.5,0.0,818829.8815725977,420553.02942820796,290.32000000000033,182.40000000000026,0.0,4.779786746621616,4.779786746621616
normal,192,63.662491340690956,21.932551324066242,3985.08048459427,2153.710378968619,134.6161645942688,0.0,3950.464320000001,2163.6682680240806,100.0,9.9578890554617,0.0,2469.0402,0.0,0.0,2163.6682680240806,0.0,0.07604503631591797,0.04914498329162598,0.5,0.0,822814.9620571919,422706.7398071766,291.8400000000003,182.40000000000026,0.0,4.779786746621616,4.779786746621616
normal,193,70.27309508983275,24.019005274349087,4417.161177840359,2153.710378968619,150.47957784035847,0.0,4366.681600000001,2163.6682680240806,100.0,9.9578890554617,0.0,2729.1760000000004,0.0,0.0,2163.6682680240806,0.0,0.0847322940826416,0.03927159309387207,0.5,0.0,827232.1232350322,424860.4501861452,293.3600000000003,182.40000000000026,0.0,4.779786746621616,4.779786746621616
normal,194,70.02827577625989,21.51019714876259,4426.429663925622,2153.710378968619,149.20886392562127,0.0,4377.2208,2163.6682680240806,100.0,9.9578890554617,0.0,2735.763,0.0,0.0,2163.6682680240806,0.0,0.09788274765014648,0.044423580169677734,0.5,0.0,831658.5528989579,427014.1605651138,294.8800000000003,182.40000000000026,0.0,4.779786746621616,4.779786746621616
normal,195,72.32580441960101,24.31519022182215,4419.264703994977,2153.710378968619,182.71750399497685,0.0,4336.5472,2163.6682680240806,100.0,9.9578890554617,0.0,2710.3419999999996,0.0,0.0,2163.6682680240806,0.0,0.08062958717346191,0.044046640396118164,0.5,0.0,836077.8176029528,429167.87094408245,296.40000000000026,182.40000000000026,0.0,4.779786746621616,4.779786746621616
normal,196,74.26111979640984,19.780798052886336,4422.584732032443,2153.710378968619,157.987932032443,0.0,4364.5968,2163.6682680240806,100.0,9.9578890554617,0.0,2727.8730000000005,0.0,0.0,2163.6682680240806,0.0,0.11761784553527832,0.04653000831604004,0.5,0.0,840500.4023349853,431321.58132305107,297.92000000000024,182.40000000000026,0.0,4.779786746621616,4.779786746621616
normal,197,71.45095553392356,24.238409799896882,4433.8962158146305,2153.710378968619,179.67541581463038,0.0,4354.2208,2163.6682680240806,100.0,9.9578890554617,0.0,2721.3880000000004,0.0,0.0,2163.6682680240806,0.0,0.11675572395324707,0.02558755874633789,0.5,0.0,844934.2985508,433475.2917020197,299.4400000000002,182.40000000000026,0.0,4.779786746621616,4.779786746621616
normal,198,64.96544313941659,18.005468968428023,3966.4177515010388,2153.710378968619,141.19807150103762,0.0,3925.219680000001,2163.6682680240806,100.0,9.9578890554617,0.0,2453.2623000000012,0.0,0.0,2163.6682680240806,0.0,0.10300755500793457,0.04187607765197754,0.5,0.0,848900.716302301,435629.0020809883,300.9600000000002,182.40000000000026,0.0,4.779786746621616,4.779786746621616
normal,199,66.26418103300598,20.075113841569877,4004.9737896432043,2153.710378968619,152.9773096432034,0.0,3951.9964800000007,2163.6682680240806,100.0,9.9578890554617,0.0,2469.9977999999996,0.0,0.0,2163.6682680240806,0.0,0.10449504852294922,0.049443960189819336,0.5,0.0,852905.6900919442,437782.71245995694,302.4800000000002,182.40000000000026,0.0,4.779786746621616,4.779786746621616
normal,200,73.86155383057145,23.464294691434056,4423.196202772101,2153.710378968619,154.8122027720997,0.0,4368.384000000001,2163.6682680240806,100.0,9.9578890554617,0.0,2730.2400000000007,0.0,0.0,2163.6682680240806,0.0,0.17820286750793457,0.0455319881439209,0.5,0.0,857328.8862947163,439936.42283892556,304.00000000000017,182.40000000000026,0.0,4.779786746621616,4.779786746621616
normal,201,75.16702471845572,22.600775897201004,4425.181056084889,2153.710378968619,165.4706560848889,0.0,4359.7104,2163.6682680240806,100.0,9.9578890554617,0.0,2724.819,0.0,0.0,2163.6682680240806,0.0,0.1202538013458252,0.0448305606842041,0.5,0.0,861754.0673508012,442090.1332178942,305.52000000000015,182.40000000000026,0.0,4.779786746621616,4.779786746621616
normal,202,76.22836388852572,25.58531388822953,4410.522380169,2153.710378968619,177.37998016900053,0.0,4333.1424,2163.6682680240806,100.0,9.9578890554617,0.0,2708.2139999999995,0.0,0.0,2163.6682680240806,0.0,0.11954545974731445,0.0522458553314209,0.5,0.0,866164.5897309702,444243.8435968628,307.04000000000013,182.40000000000026,0.0,4.779786746621616,4.779786746621616
normal,203,74.33966639714576,22.68157747349098,4410.763636428494,2153.710378968619,151.27403642849274,0.0,4359.489600000001,2163.6682680240806,100.0,9.9578890554617,0.0,2724.6809999999996,0.0,0.0,2163.6682680240806,0.0,0.11704158782958984,0.045935869216918945,0.5,0.0,870575.3533673987,446397.5539758314,308.5600000000001,182.40000000000026,0.0,4.779786746621616,4.779786746621616
normal,204,75.87820261182219,24.36118331240573,4426.053782190965,2153.710378968619,152.62018219096464,0.0,4373.4336,2163.6682680240806,100.0,9.9578890554617,0.0,2733.396,0.0,0.0,2163.6682680240806,0.0,0.13714289665222168,0.04524564743041992,0.5,0.0,875001.4071495897,448551.26435480005,310.0800000000001,182.40000000000026,0.0,4.779786746621616,4.779786746621616
normal,205,69.66710545558354,20.629350756877724,3990.401921492182,2153.710378968619,149.4228814921807,0.0,3940.979040000001,2163.6682680240806,100.0,9.9578890554617,0.0,2463.111900000001,0.0,0.0,2163.6682680240806,0.0,0.12246537208557129,0.042284488677978516,0.5,0.0,878991.8090710819,450704.9747337687,311.6000000000001,182.40000000000026,0.0,4.779786746621616,4.779786746621616
normal,206,69.47570124616813,20.946778564391515,4004.4383635158747,2153.710378968619,169.73340351587333,0.0,3934.704960000001,2163.6682680240806,100.0,9.9578890554617,0.0,2459.1906000000004,0.0,0.0,2163.6682680240806,0.0,0.1024160385131836,0.04732155799865723,0.5,0.0,882996.2474345978,452858.6851127373,313.12000000000006,182.40000000000026,0.0,4.779786746621616,4.779786746621616
normal,207,77.12572411695417,22.26948479512534,4431.890396532894,2153.710378968619,179.3143965328929,0.0,4352.576000000001,2163.6682680240806,100.0,9.9578890554617,0.0,2720.3600000000006,0.0,0.0,2163.6682680240806,0.0,0.1250154972076416,0.030527353286743164,0.5,0.0,887428.1378311308,455012.3954917059,314.64000000000004,182.40000000000026,0.0,4.779786746621616,4.779786746621616
normal,208,76.70671369473838,23.776666991110393,4441.089322569333,2153.710378968619,179.67652256933206,0.0,4361.4128,2163.6682680240806,100.0,9.9578890554617,0.0,2725.883,0.0,0.0,2163.6682680240806,0.0,0.11376023292541504,0.04142308235168457,0.5,0.0,891869.2271537001,457166.10587067454,316.16,182.40000000000026,0.0,4.779786746621616,4.779786746621616
normal,209,81.80321136307873,23.290265281214126,4432.818190536656,2153.710378968619,177.05819053665687,0.0,4355.759999999999,2163.6682680240806,100.0,9.9578890554617,0.0,2722.3499999999995,0.0,0.0,2163.6682680240806,0.0,0.11585116386413574,0.04964876174926758,0.5,0.0,896302.0453442368,459319.81624964316,317.68,182.40000000000026,0.0,4.779786746621616,4.779786746621616
normal,210,78.6036606354538,25.064270704086745,4431.231441298339,2153.710378968619,166.63464129833815,0.0,4364.5968,2163.6682680240806,100.0,9.9578890554617,0.0,2727.8730000000005,0.0,0.0,2163.6682680240806,0.0,0.12239408493041992,0.03842496871948242,0.5,0.0,900733.2767855352,461473.5266286118,319.2,182.40000000000026,0.0,4.779786746621616,4.779786746621616
normal,211,80.49998203503635,18.933623907873827,4433.508035931547,2245.6716591701247,160.07443593154653,95.12794686817239,4373.4336,2163.6682680240806,100.0,13.124555722128365,0.0,2733.396,0.0,0.0,2163.6682680240806,0.0,0.11610937118530273,0.044556617736816406,0.5,0.03166666666666666,905166.7848214667,463719.1982877819,320.71999999999997,183.92000000000027,1.5199999999999998,4.779786746621616,6.299786746621615
normal,212,71.16707104317659,17.037203111271484,3992.446038777148,2234.989680205518,148.40267877714643,84.44596790356583,3944.0433600000015,2163.6682680240806,100.0,13.124555722128365,0.0,2465.027100000001,0.0,0.0,2163.6682680240806,0.0,0.1285560131072998,0.04901623725891113,0.5,0.03166666666666666,909159.2308602438,465954.18796798744,322.23999999999995,185.44000000000028,1.5199999999999998,4.779786746621616,6.299786746621615
normal,213,69.75134630215267,22.129738399557635,4000.7110136834826,2237.303041553604,150.24669368348188,86.75932925165189,3950.464320000001,2163.6682680240806,100.0,13.124555722128365,0.0,2469.0402,0.0,0.0,2163.6682680240806,0.0,0.11767244338989258,0.04799032211303711,0.5,0.03166666666666666,913159.9418739273,468191.49100954103,323.75999999999993,186.9600000000003,1.5199999999999998,4.779786746621616,6.299786746621615
normal,214,78.94647962245057,22.735818821903937,4431.220875258853,2244.9761929911915,182.04967525885206,94.43248068923916,4349.171200000001,2163.6682680240806,100.0,13.124555722128365,0.0,2718.232000000001,0.0,0.0,2163.6682680240806,0.0,0.15286636352539062,0.043166160583496094,0.5,0.03166666666666666,917591.1627491862,470436.4672025322,325.2799999999999,188.4800000000003,1.5199999999999998,4.779786746621616,6.299786746621615
normal,215,79.69218979253121,24.853549999437558,4452.122168533413,2240.61665595113,174.90136853341264,90.07294364917755,4377.2208,2163.6682680240806,100.0,13.124555722128365,0.0,2735.763,0.0,0.0,2163.6682680240806,0.0,0.08977890014648438,0.06156015396118164,0.5,0.03166666666666666,922043.2849177195,472677.08385848335,326.7999999999999,190.0000000000003,1.5199999999999998,4.779786746621616,6.299786746621615
normal,216,80.68526400750473,20.873818116458107,4438.142747286266,2249.1255226382264,182.38274728626664,98.58181033627375,4355.759999999999,2163.6682680240806,100.0,13.124555722128365,0.0,2722.3499999999995,0.0,0.0,2163.6682680240806,0.0,0.11608004570007324,0.04754471778869629,0.5,0.03166666666666666,926481.4276650058,474926.20938112156,328.3199999999999,191.52000000000032,1.5199999999999998,4.779786746621616,6.299786746621615
normal,217,79.33466149503745,22.534710003184745,4436.254712601341,2246.155386909136,171.65791260134154,95.61167460718346,4364.5968,2163.6682680240806,100.0,13.124555722128365,0.0,2727.8730000000005,0.0,0.0,2163.6682680240806,0.0,0.09663748741149902,0.057204484939575195,0.5,0.03166666666666666,930917.6823776071,477172.3647680307,329.83999999999986,193.04000000000033,1.5199999999999998,4.779786746621616,6.299786746621615
normal,218,80.25261145838502,24.711053474938414,4445.760368321641,2244.6700725750406,193.24196832164097,94.1263602730884,4352.5184,2163.6682680240806,100.0,13.124555722128365,0.0,2720.3240000000005,0.0,0.0,2163.6682680240806,0.0,0.0904078483581543,0.03748130798339844,0.5,0.03166666666666666,935363.4427459288,479417.03484060575,331.35999999999984,194.56000000000034,1.5199999999999998,4.779786746621616,6.299786746621615
normal,219,72.52409420616554,21.334799077247645,4001.48808160315,2239.468762337574,157.44472160314882,88.92505003562178,3944.0433600000015,2163.6682680240806,100.0,13.124555722128365,0.0,2465.027100000001,0.0,0.0,2163.6682680240806,0.0,0.08890461921691895,0.0391385555267334,0.5,0.03166666666666666,939364.930827532,481656.5036029433,332.8799999999998,196.08000000000035,1.5199999999999998,4.779786746621616,6.299786746621615
normal,220,73.18503352887042,22.38643120524184,4014.5415480466363,2241.441717272987,162.54506804663558,90.89800497103457,3951.9964800000007,2163.6682680240806,100.0,13.124555722128365,0.0,2469.9977999999996,0.0,0.0,2163.6682680240806,0.0,0.06566739082336426,0.036330461502075195,0.5,0.03166666666666666,943379.4723755786,483897.9453202163,334.3999999999998,197.60000000000036,1.5199999999999998,4.779786746621616,6.299786746621615
normal,221,83.41454036304863,22.976168288075804,4428.911907684337,2251.017142347743,176.33590768433587,100.47343004579062,4352.576000000001,2163.6682680240806,100.0,13.124555722128365,0.0,2720.3600000000006,0.0,0.0,2163.6682680240806,0.0,0.06873178482055664,0.03194999694824219,0.5,0.03166666666666666,947808.3842832629,486148.96246256406,335.9199999999998,199.12000000000037,1.5199999999999998,4.779786746621616,6.299786746621615
normal,222,84.9911160564511,21.92605323957532,4435.395437156643,2254.3123577373767,159.8770371566434,103.76864543542419,4375.5184,2163.6682680240806,100.0,13.124555722128365,0.0,2734.699,0.0,0.0,2163.6682680240806,0.0,0.07717299461364746,0.02453470230102539,0.5,0.03166666666666666,952243.7797204196,488403.27482030145,337.43999999999977,200.64000000000038,1.5199999999999998,4.779786746621616,6.299786746621615
normal,223,82.87666822740407,22.910541786282657,4421.466736596672,2256.19745145204,186.62193659667193,105.65373915008725,4334.8448,2163.6682680240806,100.0,13.124555722128365,0.0,2709.2779999999993,0.0,0.0,2163.6682680240806,0.0,0.08084750175476074,0.038071393966674805,0.5,0.03166666666666666,956665.2464570162,490659.4722717535,338.95999999999975,202.1600000000004,1.5199999999999998,4.779786746621616,6.299786746621615
normal,224,84.88548182093353,23.013732973873935,4444.990397305354,2254.914908626635,180.39359730535364,104.37119632468261,4364.5968,2163.6682680240806,100.0,13.124555722128365,0.0,2727.8730000000005,0.0,0.0,2163.6682680240806,0.0,0.0828695297241211,0.03627896308898926,0.5,0.03166666666666666,961110.2368543216,492914.3871803801,340.47999999999973,203.6800000000004,1.5199999999999998,4.779786746621616,6.299786746621615
normal,225,83.5869581133221,20.895749651940154,4432.291236935836,2255.1893705556026,162.26243693583606,104.64565825365004,4370.0288,2163.6682680240806,100.0,13.124555722128365,0.0,2731.2680000000005,0.0,0.0,2163.6682680240806,0.0,0.07217574119567871,0.034295082092285156,0.5,0.03166666666666666,965542.5280912574,495169.57655093574,341.9999999999997,205.20000000000041,1.5199999999999998,4.779786746621616,6.299786746621615
normal,226,77.09530981475741,20.88301721622349,4005.365345920779,2244.315870281582,178.61350592077807,93.77215797963002,3926.7518400000013,2163.6682680240806,100.0,13.124555722128365,0.0,2454.219900000001,0.0,0.0,2163.6682680240806,0.0,0.08453011512756348,0.037474632263183594,0.5,0.03166666666666666,969547.8934371782,497413.89242121734,343.5199999999997,206.72000000000043,1.5199999999999998,4.779786746621616,6.299786746621615
normal,227,75.27074084518883,19.713568189845162,4004.149457246014,2244.7541718325397,152.15297724601328,94.21045953058741,3951.9964800000007,2163.6682680240806,100.0,13.124555722128365,0.0,2469.9977999999996,0.0,0.0,2163.6682680240806,0.0,0.06308650970458984,0.03241252899169922,0.5,0.03166666666666666,973552.0428944243,499658.64659304987,345.0399999999997,208.24000000000044,1.5199999999999998,4.779786746621616,6.299786746621615
normal,228,84.2937320143834,20.424489438787756,4436.489762762864,2253.463541534085,168.1057627628635,102.91982923213247,4368.384000000001,2163.6682680240806,100.0,13.124555722128365,0.0,2730.2400000000007,0.0,0.0,2163.6682680240806,0.0,0.0939795970916748,0.039825439453125,0.5,0.03166666666666666,977988.5326571872,501912.11013458396,346.55999999999966,209.76000000000045,1.5199999999999998,4.779786746621616,6.299786746621615
normal,229,84.89367479375393,20.709826052407884,4447.302207114237,2254.247405497218,187.59180711423718,103.7036931952658,4359.7104,2163.6682680240806,100.0,13.124555722128365,0.0,2724.819,0.0,0.0,2163.6682680240806,0.0,0.09005117416381836,0.03488874435424805,0.5,0.03166666666666666,982435.8348643015,504166.3575400812,348.07999999999964,211.28000000000046,1.5199999999999998,4.779786746621616,6.299786746621615
normal,230,88.46501449390422,27.347272545546364,4447.504581653299,2249.5402254097803,191.74458165329978,98.99651310782771,4355.759999999999,2163.6682680240806,100.0,13.124555722128365,0.0,2722.3499999999995,0.0,0.0,2163.6682680240806,0.0,0.07065272331237793,0.03883624076843262,0.5,0.03166666666666666,986883.3394459548,506415.897765491,349.5999999999996,212.80000000000047,1.5199999999999998,4.779786746621616,6.299786746621615
normal,231,88.78991491053712,25.05061904001668,4438.850867341212,2261.0765347219294,193.46686734121076,110.53282241997687,4345.384000000001,2163.6682680240806,100.0,13.124555722128365,0.0,2715.865,0.0,0.0,2163.6682680240806,0.0,0.06856036186218262,0.03303408622741699,0.5,0.03166666666666666,991322.1903132959,508676.9743002129,351.1199999999996,214.32000000000048,1.5199999999999998,4.779786746621616,6.299786746621615
normal,232,84.34409027993597,24.02585679042642,4446.568480030336,2253.1939521517875,173.13488003033544,102.6502398498353,4373.4336,2163.6682680240806,100.0,13.124555722128365,0.0,2733.396,0.0,0.0,2163.6682680240806,0.0,0.06840658187866211,0.030945301055908203,0.5,0.03166666666666666,995768.7587933262,510930.16825236473,352.6399999999996,215.8400000000005,1.5199999999999998,4.779786746621616,6.299786746621615
normal,233,80.16942590497666,21.351022102089512,4000.8700820718022,2242.405584002609,158.35888207180128,91.86187170065652,3942.5112000000013,2163.6682680240806,100.0,13.124555722128365,0.0,2464.0695000000005,0.0,0.0,2163.6682680240806,0.0,0.07524704933166504,0.037326812744140625,0.5,0.03166666666666666,999769.628875398,513172.57383636734,354.15999999999957,217.3600000000005,1.5199999999999998,4.779786746621616,6.299786746621615
normal,234,80.93097097381752,21.87044849713116,4015.0536844507424,2245.635028272288,163.0572044507418,95.0913159703354,3951.9964800000007,2163.6682680240806,100.0,13.124555722128365,0.0,2469.9977999999996,0.0,0.0,2163.6682680240806,0.0,0.06846117973327637,0.03998851776123047,0.5,0.03166666666666666,1003784.6825598486,515418.20886463963,355.67999999999955,218.8800000000005,1.5199999999999998,4.779786746621616,6.299786746621615
normal,235,90.16215652691652,22.032637217114807,4446.895430169295,2267.316747899839,178.51143016929416,116.77303559788656,4368.384000000001,2163.6682680240806,100.0,13.124555722128365,0.0,2730.2400000000007,0.0,0.0,2163.6682680240806,0.0,0.12030887603759766,0.037717342376708984,0.5,0.03166666666666666,1008231.577990018,517685.5256125395,357.19999999999953,220.40000000000052,1.5199999999999998,4.779786746621616,6.299786746621615
normal,236,89.85759965681564,19.52090896940532,4459.7322382877255,2265.222649551306,182.5114382877259,114.67893724935352,4377.2208,2163.6682680240806,100.0,13.124555722128365,0.0,2735.763,0.0,0.0,2163.6682680240806,0.0,0.07656550407409668,0.048319339752197266,0.5,0.03166666666666666,1012691.3102283056,519950.7482620908,358.7199999999995,221.92000000000053,1.5199999999999998,4.779786746621616,6.299786746621615
normal,237,88.46347809801284,20.990200385194644,4426.672828721511,2263.4019686750644,170.91282872151174,112.85825637311216,4355.759999999999,2163.6682680240806,100.0,13.124555722128365,0.0,2722.3499999999995,0.0,0.0,2163.6682680240806,0.0,0.08408188819885254,0.024018049240112305,0.5,0.03166666666666666,1017117.9830570271,522214.15023076587,360.2399999999995,223.44000000000054,1.5199999999999998,4.779786746621616,6.299786746621615
normal,238,91.52328704600946,23.90787531788533,4463.036381452497,2261.129293041106,215.949981452497,110.58558073915343,4347.0864,2163.6682680240806,100.0,13.124555722128365,0.0,2716.929,0.0,0.0,2163.6682680240806,0.0,0.0841524600982666,0.05090188980102539,0.5,0.03166666666666666,1021581.0194384796,524475.279523807,361.7599999999995,224.96000000000055,1.5199999999999998,4.779786746621616,6.299786746621615
normal,239,92.57678459690737,19.91384434728242,4457.9939826440095,2268.8480500952664,184.56038264400962,118.30433779331429,4373.4336,2163.6682680240806,100.0,13.124555722128365,0.0,2733.396,0.0,0.0,2163.6682680240806,0.0,0.11881709098815918,0.045394182205200195,0.5,0.03166666666666666,1026039.0134211236,526744.1275739023,363.27999999999946,226.48000000000056,1.5199999999999998,4.779786746621616,6.299786746621615
normal,240,80.96556862702896,18.702788108699057,3998.8703437431095,2253.436026933865,172.11850374310836,102.89231463191236,3926.7518400000013,2163.6682680240806,100.0,13.124555722128365,0.0,2454.219900000001,0.0,0.0,2163.6682680240806,0.0,0.12169528007507324,0.07387423515319824,0.5,0.03166666666666666,1030037.8837648667,528997.5636008361,364.79999999999944,228.00000000000057,1.5199999999999998,4.779786746621616,6.299786746621615
normal,241,80.57278543384025,16.87480313618073,3992.5028751735135,2153.710378968619,156.26575517351299,0.0,3936.2371200000007,2163.6682680240806,100.0,9.9578890554617,0.0,2460.1482,0.0,0.0,2163.6682680240806,0.0,0.16566991806030273,0.11796164512634277,0.5,0.0,1034030.3866400402,531151.2739798047,366.3199999999994,228.00000000000057,0.0,4.779786746621616,4.779786746621616
normal,242,90.97204208996767,25.78699334250964,4441.621358037362,2153.710378968619,174.9397580373613,0.0,4366.681600000001,2163.6682680240806,100.0,9.9578890554617,0.0,2729.1760000000004,0.0,0.0,2163.6682680240806,0.0,0.15240740776062012,0.04326367378234863,0.5,0.0,1038472.0079980775,533304.9843587733,367.8399999999994,228.00000000000057,0.0,4.779786746621616,4.779786746621616
normal,243,93.54669654038985,22.87856743779303,4454.09802969873,2153.710378968619,197.79242969873013,0.0,4356.3056,2163.6682680240806,100.0,9.9578890554617,0.0,2722.6910000000003,0.0,0.0,2163.6682680240806,0.0,0.139190673828125,0.04081130027770996,0.5,0.0,1042926.1060277763,535458.694737742,369.3599999999994,228.00000000000057,0.0,4.779786746621616,4.779786746621616
normal,244,92.30080929022358,23.62637994118057,4444.96155748524,2153.710378968619,190.9039574852406,0.0,4354.057599999999,2163.6682680240806,100.0,9.9578890554617,0.0,2721.2859999999996,0.0,0.0,2163.6682680240806,0.0,0.11031913757324219,0.03912043571472168,0.5,0.0,1047371.0675852615,537612.4051167106,370.87999999999937,228.00000000000057,0.0,4.779786746621616,4.779786746621616
normal,245,90.24680202180939,21.73849141629442,4455.455022060656,2153.710378968619,192.56062206065553,0.0,4362.8944,2163.6682680240806,100.0,9.9578890554617,0.0,2726.8089999999993,0.0,0.0,2163.6682680240806,0.0,0.06828761100769043,0.040528297424316406,0.5,0.0,1051826.522607322,539766.1154956792,372.39999999999935,228.00000000000057,0.0,4.779786746621616,4.779786746621616
normal,246,94.62163452947846,26.116232687698133,4459.922744933792,2153.710378968619,209.10674493379224,0.0,4350.816,2163.6682680240806,100.0,9.9578890554617,0.0,2719.26,0.0,0.0,2163.6682680240806,0.0,0.08471345901489258,0.06097292900085449,0.5,0.0,1056286.4453522558,541919.8258746478,373.91999999999933,228.00000000000057,0.0,4.779786746621616,4.779786746621616
normal,247,83.23722394124384,18.677784010296165,4007.1621762587793,2153.710378968619,164.65097625877792,0.0,3942.5112000000013,2163.6682680240806,100.0,9.9578890554617,0.0,2464.0695000000005,0.0,0.0,2163.6682680240806,0.0,0.09899520874023438,0.032596588134765625,0.5,0.0,1060293.6075285147,544073.5362536164,375.4399999999993,228.00000000000057,0.0,4.779786746621616,4.779786746621616
normal,248,81.96593440785772,18.275953253347865,4016.4615646239763,2153.710378968619,164.46508462397594,0.0,3951.9964800000007,2163.6682680240806,100.0,9.9578890554617,0.0,2469.9977999999996,0.0,0.0,2163.6682680240806,0.0,0.07011222839355469,0.032280683517456055,0.5,0.0,1064310.0690931387,546227.2466325851,376.9599999999993,228.00000000000057,0.0,4.779786746621616,4.779786746621616
normal,249,91.63068571762524,24.05925068392158,4430.922817298846,2153.710378968619,183.45401729884458,0.0,4347.4688000000015,2163.6682680240806,100.0,9.9578890554617,0.0,2717.1680000000006,0.0,0.0,2163.6682680240806,0.0,0.07213449478149414,0.03659367561340332,0.5,0.0,1068740.9919104376,548380.9570115537,378.4799999999993,228.00000000000057,0.0,4.779786746621616,4.779786746621616
normal,250,94.04307611621141,23.67109665974906,4469.164477778456,2153.710378968619,191.94367777845594,0.0,4377.2208,2163.6682680240806,100.0,9.9578890554617,0.0,2735.763,0.0,0.0,2163.6682680240806,0.0,0.08283376693725586,0.03702044486999512,0.5,0.0,1073210.156388216,550534.6673905223,379.99999999999926,228.00000000000057,0.0,4.779786746621616,4.779786746621616
normal,251,93.98507856350938,21.957730783025347,4433.5302734044735,2153.710378968619,198.68547340447338,0.0,4334.8448,2163.6682680240806,100.0,9.9578890554617,0.0,2709.2779999999993,0.0,0.0,2163.6682680240806,0.0,0.08254885673522949,0.05379629135131836,0.5,0.0,1077643.6866616204,552688.3777694909,381.51999999999924,228.00000000000057,0.0,4.779786746621616,4.779786746621616
normal,252,94.498245163913,20.998824630532194,4445.7966943559295,2153.710378968619,198.7102943559291,0.0,4347.0864,2163.6682680240806,100.0,9.9578890554617,0.0,2716.929,0.0,0.0,2163.6682680240806,0.0,0.06994342803955078,0.04846048355102539,0.5,0.0,1082089.4833559764,554842.0881484596,383.0399999999992,228.00000000000057,0.0,4.779786746621616,4.779786746621616
normal,253,90.73077794292023,22.765639694755023,4448.1628355191815,2153.710378968619,176.43163551918136,0.0,4371.7312,2163.6682680240806,100.0,9.9578890554617,0.0,2732.3320000000003,0.0,0.0,2163.6682680240806,0.0,0.08417725563049316,0.03437995910644531,0.5,0.0,1086537.6461914957,556995.7985274282,384.5599999999992,228.00000000000057,0.0,4.779786746621616,4.779786746621616
normal,254,86.96525604470567,19.94452012224757,4012.273180093878,2153.710378968619,188.5856600938769,0.0,3923.6875200000013,2163.6682680240806,100.0,9.9578890554617,0.0,2452.304700000001,0.0,0.0,2163.6682680240806,0.0,0.0801851749420166,0.028356552124023438,0.5,0.0,1090549.9193715896,559149.5089063968,386.0799999999992,228.00000000000057,0.0,4.779786746621616,4.779786746621616
normal,255,88.03474561561461,20.540611646262047,4019.0987890989036,2153.710378968619,168.63446909890277,0.0,3950.464320000001,2163.6682680240806,100.0,9.9578890554617,0.0,2469.0402,0.0,0.0,2163.6682680240806,0.0,0.06748270988464355,0.02468276023864746,0.5,0.0,1094569.0181606885,561303.2192853654,387.59999999999917,228.00000000000057,0.0,4.779786746621616,4.779786746621616
normal,256,95.61854811498544,22.86994348272615,4444.657149532282,2153.710378968619,176.27314953228182,0.0,4368.384000000001,2163.6682680240806,100.0,9.9578890554617,0.0,2730.2400000000007,0.0,0.0,2163.6682680240806,0.0,0.09592127799987793,0.048189640045166016,0.5,0.0,1099013.6753102208,563456.929664334,389.11999999999915,228.00000000000057,0.0,4.779786746621616,4.779786746621616
normal,257,95.84009609419581,21.611055895079513,4467.581017042619,2153.710378968619,190.3602170426195,0.0,4377.2208,2163.6682680240806,100.0,9.9578890554617,0.0,2735.763,0.0,0.0,2163.6682680240806,0.0,0.11710596084594727,0.04112958908081055,0.5,0.0,1103481.2563272633,565610.6400433027,390.63999999999913,228.00000000000057,0.0,4.779786746621616,4.779786746621616
normal,258,97.00127917814854,23.41812086543842,4436.8891394862485,2153.710378968619,202.04433948624828,0.0,4334.8448,2163.6682680240806,100.0,9.9578890554617,0.0,2709.2779999999993,0.0,0.0,2163.6682680240806,0.0,0.12543535232543945,0.056969404220581055,0.5,0.0,1107918.1454667496,567764.3504222713,392.1599999999991,228.00000000000057,0.0,4.779786746621616,4.779786746621616
normal,259,95.58346017315306,22.273946065831282,4459.678627961783,2153.710378968619,196.78422796178296,0.0,4362.8944,2163.6682680240806,100.0,9.9578890554617,0.0,2726.8089999999993,0.0,0.0,2163.6682680240806,0.0,0.11901736259460449,0.03701639175415039,0.5,0.0,1112377.8240947113,569918.0608012399,393.6799999999991,228.00000000000057,0.0,4.779786746621616,4.779786746621616
normal,260,97.15403959963383,25.340035721347224,4469.214083942986,2153.710378968619,218.39808394298623,0.0,4350.816,2163.6682680240806,100.0,9.9578890554617,0.0,2719.26,0.0,0.0,2163.6682680240806,0.0,0.12836503982543945,0.047138214111328125,0.5,0.0,1116847.0381786544,572071.7711802085,395.1999999999991,228.00000000000057,0.0,4.779786746621616,4.779786746621616
normal,261,86.29101336419622,22.47659420492121,4016.9512611525415,2153.710378968619,174.44006115254058,0.0,3942.5112000000013,2163.6682680240806,100.0,9.9578890554617,0.0,2464.0695000000005,0.0,0.0,2163.6682680240806,0.0,0.12523722648620605,0.031529903411865234,0.5,0.0,1120863.989439807,574225.4815591772,396.71999999999906,228.00000000000057,0.0,4.779786746621616,4.779786746621616
normal,262,88.01951304722634,20.01946273177169,4024.3872076471607,2153.710378968619,191.21440764715965,0.0,3933.1728000000007,2163.6682680240806,100.0,9.9578890554617,0.0,2458.2329999999997,0.0,0.0,2163.6682680240806,0.0,0.11600208282470703,0.051934003829956055,0.5,0.0,1124888.376647454,576379.1919381458,398.23999999999904,228.00000000000057,0.0,4.779786746621616,4.779786746621616
normal,263,96.15877211030663,22.9674345754542,4451.4082472566815,2153.710378968619,200.53464725668059,0.0,4350.873600000001,2163.6682680240806,100.0,9.9578890554617,0.0,2719.2960000000007,0.0,0.0,2163.6682680240806,0.0,0.14826250076293945,0.04615044593811035,0.5,0.0,1129339.7848947106,578532.9023171144,399.759999999999,228.00000000000057,0.0,4.779786746621616,4.779786746621616
normal,264,97.51736117101059,23.261750912499227,4470.936177188336,2153.710378968619,212.9281771883353,0.0,4358.008000000001,2163.6682680240806,100.0,9.9578890554617,0.0,2723.7549999999997,0.0,0.0,2163.6682680240806,0.0,0.14237213134765625,0.07664251327514648,0.5,0.0,1133810.721071899,580686.612696083,401.279999999999,228.00000000000057,0.0,4.779786746621616,4.779786746621616
normal,265,98.5724263014838,21.760738409350676,4440.2345253036165,2153.710378968619,184.4745253036169,0.0,4355.759999999999,2163.6682680240806,100.0,9.9578890554617,0.0,2722.3499999999995,0.0,0.0,2163.6682680240806,0.0,0.12827157974243164,0.03305959701538086,0.5,0.0,1138250.9555972025,582840.3230750517,402.799999999999,228.00000000000057,0.0,4.779786746621616,4.779786746621616
normal,266,99.05460751540731,20.206257019665884,4447.376678159076,2153.710378968619,182.77987815907557,0.0,4364.5968,2163.6682680240806,100.0,9.9578890554617,0.0,2727.8730000000005,0.0,0.0,2163.6682680240806,0.0,0.20314693450927734,0.04527926445007324,0.5,0.0,1142698.3322753615,584994.0334540203,404.31999999999897,228.00000000000057,0.0,4.779786746621616,4.779786746621616
normal,267,101.1484823529626,22.19959456711976,4467.6093021824345,2153.710378968619,194.17570218243443,0.0,4373.4336,2163.6682680240806,100.0,9.9578890554617,0.0,2733.396,0.0,0.0,2163.6682680240806,0.0,0.12086844444274902,0.05256462097167969,0.5,0.0,1147165.941577544,587147.7438329889,405.83999999999895,228.00000000000057,0.0,4.779786746621616,4.779786746621616
normal,268,88.9113050780013,18.065317082129315,4015.469253971706,2153.710378968619,188.71741397170507,0.0,3926.7518400000013,2163.6682680240806,100.0,9.9578890554617,0.0,2454.219900000001,0.0,0.0,2163.6682680240806,0.0,0.11697530746459961,0.04834747314453125,0.5,0.0,1151181.4108315157,589301.4542119575,407.35999999999893,228.00000000000057,0.0,4.779786746621616,4.779786746621616
normal,269,88.78165905125485,19.157777140445912,4029.7756896036217,2153.710378968619,195.07072960362117,0.0,3934.704960000001,2163.6682680240806,100.0,9.9578890554617,0.0,2459.1906000000004,0.0,0.0,2163.6682680240806,0.0,0.11258602142333984,0.06300806999206543,0.5,0.0,1155211.1865211192,591455.1645909261,408.8799999999989,228.00000000000057,0.0,4.779786746621616,4.779786746621616
normal,270,99.31046294137246,19.47677183164167,4451.591195687717,2153.710378968619,199.0151956877161,0.0,4352.576000000001,2163.6682680240806,100.0,9.9578890554617,0.0,2720.3600000000006,0.0,0.0,2163.6682680240806,0.0,0.12606215476989746,0.027072668075561523,0.5,0.0,1159662.7777168069,593608.8749698948,410.3999999999989,228.00000000000057,0.0,4.779786746621616,4.779786746621616
normal,271,99.45083332887152,21.92083418263438,4444.650158305191,2272.4962229353177,169.13175830519143,121.95251063336532,4375.5184,2163.6682680240806,100.0,13.124555722128365,0.0,2734.699,0.0,0.0,2163.6682680240806,0.0,0.09033536911010742,0.030934810638427734,0.5,0.03166666666666666,1164107.427875112,595881.37119283,411.9199999999989,229.52000000000058,1.5199999999999998,4.779786746621616,6.299786746621615
normal,272,99.90596117670475,22.24431919705356,4456.748779170691,2278.1251313951675,200.9887791706916,127.5814190932149,4355.759999999999,2163.6682680240806,100.0,13.124555722128365,0.0,2722.3499999999995,0.0,0.0,2163.6682680240806,0.0,0.10943055152893066,0.04966568946838379,0.5,0.03166666666666666,1168564.1766542827,598159.4963242252,413.43999999999886,231.0400000000006,1.5199999999999998,4.779786746621616,6.299786746621615
normal,273,102.14663386476366,21.991673125620075,4449.00962642698,2284.43955190534,203.62562642697876,133.89583960338763,4345.384000000001,2163.6682680240806,100.0,13.124555722128365,0.0,2715.865,0.0,0.0,2163.6682680240806,0.0,0.1275477409362793,0.0460047721862793,0.5,0.03166666666666666,1173013.1862807097,600443.9358761306,414.95999999999884,232.5600000000006,1.5199999999999998,4.779786746621616,6.299786746621615
normal,274,100.49691455142003,22.667150508681537,4468.1082751980475,2281.9908492328827,194.6746751980468,131.44713693093033,4373.4336,2163.6682680240806,100.0,13.124555722128365,0.0,2733.396,0.0,0.0,2163.6682680240806,0.0,0.1282200813293457,0.03620123863220215,0.5,0.03166666666666666,1177481.2945559078,602725.9267253635,416.4799999999988,234.0800000000006,1.5199999999999998,4.779786746621616,6.299786746621615
normal,275,93.33712924625365,20.301727691604043,4024.8766069968297,2271.8707338007184,180.8332469968278,121.327021498766,3944.0433600000015,2163.6682680240806,100.0,13.124555722128365,0.0,2465.027100000001,0.0,0.0,2163.6682680240806,0.0,0.11859822273254395,0.043534040451049805,0.5,0.03166666666666666,1181506.1711629047,604997.7974591642,417.9999999999988,235.60000000000062,1.5199999999999998,4.779786746621616,6.299786746621615
normal,276,92.31014295271767,22.162046754061752,4022.879770587466,2258.8757172387914,170.88329058746558,108.33200493683917,3951.9964800000007,2163.6682680240806,100.0,13.124555722128365,0.0,2469.9977999999996,0.0,0.0,2163.6682680240806,0.0,0.12837862968444824,0.043167829513549805,0.5,0.03166666666666666,1185529.0509334921,607256.6731764029,419.5199999999988,237.12000000000063,1.5199999999999998,4.779786746621616,6.299786746621615
normal,277,104.48877977418033,23.93562070402709,4485.74925334648,2285.6177970113595,217.3652533464792,135.0740847094072,4368.384000000001,2163.6682680240806,100.0,13.124555722128365,0.0,2730.2400000000007,0.0,0.0,2163.6682680240806,0.0,0.13006830215454102,0.03606677055358887,0.5,0.03166666666666666,1190014.8001868387,609542.2909734143,421.03999999999877,238.64000000000064,1.5199999999999998,4.779786746621616,6.299786746621615
normal,278,103.39119140770163,22.799893232570955,4480.647976791055,2288.008585446798,220.93757679105536,137.46487314484557,4359.7104,2163.6682680240806,100.0,13.124555722128365,0.0,2724.819,0.0,0.0,2163.6682680240806,0.0,0.10289621353149414,0.046463966369628906,0.5,0.03166666666666666,1194495.4481636297,611830.2995588611,422.55999999999875,240.16000000000065,1.5199999999999998,4.779786746621616,6.299786746621615
normal,279,101.74279442022078,23.80231671886622,4466.037427303938,2277.1648265709146,210.27742730393854,126.6211142689621,4355.759999999999,2163.6682680240806,100.0,13.124555722128365,0.0,2722.3499999999995,0.0,0.0,2163.6682680240806,0.0,0.10491347312927246,0.042670249938964844,0.5,0.03166666666666666,1198961.4855909336,614107.464385432,424.07999999999873,241.68000000000066,1.5199999999999998,4.779786746621616,6.299786746621615
normal,280,103.1608835773136,22.39758351571945,4464.714468466767,2288.3988452774497,200.11766846676713,137.85513297549713,4364.5968,2163.6682680240806,100.0,13.124555722128365,0.0,2727.8730000000005,0.0,0.0,2163.6682680240806,0.0,0.11538529396057129,0.03419041633605957,0.5,0.03166666666666666,1203426.2000594004,616395.8632307095,425.5999999999987,243.20000000000067,1.5199999999999998,4.779786746621616,6.299786746621615
normal,281,102.28009389357344,19.841461908592024,4474.959605914839,2286.8030578178236,201.52600591483832,136.25934551587105,4373.4336,2163.6682680240806,100.0,13.124555722128365,0.0,2733.396,0.0,0.0,2163.6682680240806,0.0,0.08759570121765137,0.04040408134460449,0.5,0.03166666666666666,1207901.1596653152,618682.6662885273,427.1199999999987,244.72000000000068,1.5199999999999998,4.779786746621616,6.299786746621615
normal,282,92.30962813833519,20.245777911293082,4012.9182828711428,2271.872939151409,170.40708287114117,121.32922684945675,3942.5112000000013,2163.6682680240806,100.0,13.124555722128365,0.0,2464.0695000000005,0.0,0.0,2163.6682680240806,0.0,0.09536576271057129,0.0244143009185791,0.5,0.03166666666666666,1211914.0779481863,620954.5392276787,428.6399999999987,246.2400000000007,1.5199999999999998,4.779786746621616,6.299786746621615
normal,283,91.61323634496013,19.90853122765057,4042.0782975344146,2267.1588618290493,191.61397753441403,116.61514952709715,3950.464320000001,2163.6682680240806,100.0,13.124555722128365,0.0,2469.0402,0.0,0.0,2163.6682680240806,0.0,0.07380270957946777,0.03499102592468262,0.5,0.03166666666666666,1215956.1562457208,623221.6980895078,430.15999999999866,247.7600000000007,1.5199999999999998,4.779786746621616,6.299786746621615
normal,284,103.29514017827,21.882973449135232,4469.722738648261,2282.91898128266,218.84913864826004,132.37526898070735,4350.873600000001,2163.6682680240806,100.0,13.124555722128365,0.0,2719.2960000000007,0.0,0.0,2163.6682680240806,0.0,0.07372832298278809,0.03703951835632324,0.5,0.03166666666666666,1220425.878984369,625504.6170707904,431.67999999999864,249.2800000000007,1.5199999999999998,4.779786746621616,6.299786746621615
normal,285,104.9856975988768,23.662272340653576,4488.945881016487,2281.283285026445,213.42748101648743,130.73957272449255,4375.5184,2163.6682680240806,100.0,13.124555722128365,0.0,2734.699,0.0,0.0,2163.6682680240806,0.0,0.09118223190307617,0.040886640548706055,0.5,0.03166666666666666,1224914.8248653857,627785.9003558168,433.1999999999986,250.80000000000072,1.5199999999999998,4.779786746621616,6.299786746621615
normal,286,104.11401093086876,21.823835467010596,4457.0034645030155,2284.1008388076643,220.45626450301575,133.55712650571184,4336.5472,2163.6682680240806,100.0,13.124555722128365,0.0,2710.3419999999996,0.0,0.0,2163.6682680240806,0.0,0.08765625953674316,0.02709674835205078,0.5,0.03166666666666666,1229371.8283298886,630070.0011946245,434.7199999999986,252.32000000000073,1.5199999999999998,4.779786746621616,6.299786746621615
normal,287,102.53923131636816,23.527711950363425,4486.18043441306,2277.86108193619,221.5836344130598,127.31736963423789,4364.5968,2163.6682680240806,100.0,13.124555722128365,0.0,2727.8730000000005,0.0,0.0,2163.6682680240806,0.0,0.0864720344543457,0.04153728485107422,0.5,0.03166666666666666,1233858.0087643017,632347.8622765606,436.2399999999986,253.84000000000074,1.5199999999999998,4.779786746621616,6.299786746621615
normal,288,104.46141685391304,22.871359766529967,4469.635253346893,2293.4657162254034,217.11685334689278,142.92200392345117,4352.5184,2163.6682680240806,100.0,13.124555722128365,0.0,2720.3240000000005,0.0,0.0,2163.6682680240806,0.0,0.1485903263092041,0.034320831298828125,0.5,0.03166666666666666,1238327.6440176487,634641.3279927861,437.75999999999857,255.36000000000075,1.5199999999999998,4.779786746621616,6.299786746621615
normal,289,92.92411751749297,21.186176967930013,4002.3244588716107,2267.4456740296555,175.57261887160965,116.90196172770311,3926.7518400000013,2163.6682680240806,100.0,13.124555722128365,0.0,2454.219900000001,0.0,0.0,2163.6682680240806,0.0,0.08742451667785645,0.04499626159667969,0.5,0.03166666666666666,1242329.9684765202,636908.7736668157,439.27999999999855,256.88000000000073,1.5199999999999998,4.779786746621616,6.299786746621615
normal,290,93.32378268094561,22.44385907731666,4029.778924769289,2268.313741302037,198.1382847692882,117.77002900008468,3931.640640000001,2163.6682680240806,100.0,13.124555722128365,0.0,2457.2754,0.0,0.0,2163.6682680240806,0.0,0.08277750015258789,0.03973984718322754,0.5,0.03166666666666666,1246359.7474012894,639177.0874081177,440.79999999999853,258.4000000000007,1.5199999999999998,4.779786746621616,6.299786746621615
normal,291,105.80420165690914,21.10072017658651,4461.653431754508,2285.556901581003,210.77983175450734,135.01318927905052,4350.873600000001,2163.6682680240806,100.0,13.124555722128365,0.0,2719.2960000000007,0.0,0.0,2163.6682680240806,0.0,0.10527586936950684,0.062380313873291016,0.5,0.03166666666666666,1250821.400833044,641462.6443096987,442.3199999999985,259.9200000000007,1.5199999999999998,4.779786746621616,6.299786746621615
normal,292,107.72975625189417,20.284453880589375,4471.2203280779895,2290.2398247536194,213.21232807798893,139.6961124516671,4358.008000000001,2163.6682680240806,100.0,13.124555722128365,0.0,2723.7549999999997,0.0,0.0,2163.6682680240806,0.0,0.10633707046508789,0.03666281700134277,0.5,0.03166666666666666,1255292.6211611219,643752.8841344523,443.8399999999985,261.4400000000007,1.5199999999999998,4.779786746621616,6.299786746621615
normal,293,103.73098792909768,21.073494526096937,4442.50146722082,2285.353735052429,190.14626722081974,134.8100227504763,4352.3552,2163.6682680240806,100.0,13.124555722128365,0.0,2720.2219999999993,0.0,0.0,2163.6682680240806,0.0,0.0843057632446289,0.035549163818359375,0.5,0.03166666666666666,1259735.1226283426,646038.2378695047,445.3599999999985,262.96000000000066,1.5199999999999998,4.779786746621616,6.299786746621615
normal,294,105.73210856683602,22.287119891639968,4461.44898864047,2286.639966298566,196.85218864046954,136.0962539966133,4364.5968,2163.6682680240806,100.0,13.124555722128365,0.0,2727.8730000000005,0.0,0.0,2163.6682680240806,0.0,0.09535336494445801,0.043613433837890625,0.5,0.03166666666666666,1264196.571616983,648324.8778358033,446.87999999999846,264.48000000000064,1.5199999999999998,4.779786746621616,6.299786746621615
normal,295,102.95197883652064,18.60851952643353,4457.583289355301,2290.8633545180833,184.14968935529998,140.31964221613106,4373.4336,2163.6682680240806,100.0,13.124555722128365,0.0,2733.396,0.0,0.0,2163.6682680240806,0.0,0.10205078125,0.040410757064819336,0.5,0.03166666666666666,1268654.1549063383,650615.7411903214,448.39999999999844,266.0000000000006,1.5199999999999998,4.779786746621616,6.299786746621615
normal,296,96.84505836034698,21.769022648505853,4018.4218075495755,2272.5132668433566,191.66996754957415,121.96955454140404,3926.7518400000013,2163.6682680240806,100.0,13.124555722128365,0.0,2454.219900000001,0.0,0.0,2163.6682680240806,0.0,0.09671545028686523,0.03737187385559082,0.5,0.03166666666666666,1272672.576713888,652888.2544571648,449.9199999999984,267.5200000000006,1.5199999999999998,4.779786746621616,6.299786746621615
normal,297,96.10171626975536,20.547926001934325,4024.958567756751,2278.905368613359,176.0264077567504,128.36165631140645,3948.9321600000007,2163.6682680240806,100.0,13.124555722128365,0.0,2468.0826,0.0,0.0,2163.6682680240806,0.0,0.06609082221984863,0.04383516311645508,0.5,0.03166666666666666,1276697.5352816447,655167.1598257781,451.4399999999984,269.0400000000006,1.5199999999999998,4.779786746621616,6.299786746621615
normal,298,101.10337927557555,25.367897613728257,4474.509008072061,2273.9147034811413,223.63540807206013,123.37099117918896,4350.873600000001,2163.6682680240806,100.0,13.124555722128365,0.0,2719.2960000000007,0.0,0.0,2163.6682680240806,0.0,0.09629416465759277,0.032405853271484375,0.5,0.03166666666666666,1281172.0442897168,657441.0745292592,452.9599999999984,270.56000000000057,1.5199999999999998,4.779786746621616,6.299786746621615
normal,299,104.9549011693163,22.876571157113997,4475.363588572437,2285.1735463770437,220.76038857243685,134.6298340750915,4354.6032000000005,2163.6682680240806,100.0,13.124555722128365,0.0,2721.627,0.0,0.0,2163.6682680240806,0.0,0.07394194602966309,0.03662109375,0.5,0.03166666666666666,1285647.4078782892,659726.2480756362,454.47999999999837,272.08000000000055,1.5199999999999998,4.779786746621616,6.299786746621615
normal,300,105.01744245907584,24.258973063142033,4463.8964562545125,2283.5857358158187,209.83885625451347,133.04202351386613,4354.057599999999,2163.6682680240806,100.0,13.124555722128365,0.0,2721.2859999999996,0.0,0.0,2163.6682680240806,0.0,0.15772604942321777,0.05016493797302246,0.5,0.03166666666666666,1290111.3043345436,662009.833811452,455.99999999999835,273.60000000000053,1.5199999999999998,4.779786746621616,6.299786746621615
normal,301,104.41166980639866,20.554666206905267,4466.761756212195,2286.049402804864,221.37775621219438,135.5056905029115,4345.384000000001,2163.6682680240806,100.0,13.124555722128365,0.0,2715.865,0.0,0.0,2163.6682680240806,0.0,0.12639594078063965,0.05102205276489258,0.5,0.03166666666666666,1294578.0660907559,664295.8832142568,457.51999999999833,275.1200000000005,1.5199999999999998,4.779786746621616,6.299786746621615
normal,302,104.80838246600354,22.98074466032848,4466.175372054485,2283.12033847333,194.4441720544844,132.57662617137746,4371.7312,2163.6682680240806,100.0,13.124555722128365,0.0,2732.3320000000003,0.0,0.0,2163.6682680240806,0.0,0.14941668510437012,0.04665994644165039,0.5,0.03166666666666666,1299044.2414628104,666579.0035527302,459.0399999999983,276.6400000000005,1.5199999999999998,4.779786746621616,6.299786746621615
normal,303,92.95367758447772,20.706344764775192,4023.2914618707873,2271.0660778913752,179.24810187078543,120.52236558942278,3944.0433600000015,2163.6682680240806,100.0,13.124555722128365,0.0,2465.027100000001,0.0,0.0,2163.6682680240806,0.0,0.12141776084899902,0.042224884033203125,0.5,0.03166666666666666,1303067.5329246812,668850.0696306216,460.5599999999983,278.1600000000005,1.5199999999999998,4.779786746621616,6.299786746621615
normal,304,96.49061019457656,21.547778165270717,4047.0989060112315,2278.2520962170915,195.10242601123036,127.70838391513935,3951.9964800000007,2163.6682680240806,100.0,13.124555722128365,0.0,2469.9977999999996,0.0,0.0,2163.6682680240806,0.0,0.12066149711608887,0.0460050106048584,0.5,0.03166666666666666,1307114.6318306925,671128.3217268387,462.0799999999983,279.68000000000046,1.5199999999999998,4.779786746621616,6.299786746621615
normal,305,103.8589762698344,20.378505079201915,4473.037127870232,2285.938142319236,206.35552787023158,135.39443001728355,4366.681600000001,2163.6682680240806,100.0,13.124555722128365,0.0,2729.1760000000004,0.0,0.0,2163.6682680240806,0.0,0.12256169319152832,0.04622006416320801,0.5,0.03166666666666666,1311587.6689585627,673414.2598691579,463.59999999999826,281.20000000000044,1.5199999999999998,4.779786746621616,6.299786746621615
normal,306,103.91526396195452,20.603381225353676,4475.024697800542,2291.7900405565583,215.3142978005421,141.24632825460574,4359.7104,2163.6682680240806,100.0,13.124555722128365,0.0,2724.819,0.0,0.0,2163.6682680240806,0.0,0.11725425720214844,0.04604911804199219,0.5,0.03166666666666666,1316062.6936563633,675706.0499097145,465.11999999999824,282.7200000000004,1.5199999999999998,4.779786746621616,6.299786746621615
normal,307,108.29030982961918,23.789350438522174,4450.864811080066,2286.9804223985125,217.72241108006637,136.43671009655995,4333.1424,2163.6682680240806,100.0,13.124555722128365,0.0,2708.2139999999995,0.0,0.0,2163.6682680240806,0.0,0.11833810806274414,0.049677371978759766,0.5,0.03166666666666666,1320513.5584674433,677993.030332113,466.6399999999982,284.2400000000004,1.5199999999999998,4.779786746621616,6.299786746621615
normal,308,104.94840616740426,21.63093635879551,4457.9529293750975,2292.6922591553534,214.27132937509774,142.14854685340123,4343.6816,2163.6682680240806,100.0,13.124555722128365,0.0,2714.8009999999995,0.0,0.0,2163.6682680240806,0.0,0.11316919326782227,0.044481515884399414,0.5,0.03166666666666666,1324971.5113968183,680285.7225912684,468.1599999999982,285.7600000000004,1.5199999999999998,4.779786746621616,6.299786746621615
normal,309,103.49292960755973,24.315137518648,4473.420634361842,2278.8232616754785,220.90223436184198,128.27954937352615,4352.5184,2163.6682680240806,100.0,13.124555722128365,0.0,2720.3240000000005,0.0,0.0,2163.6682680240806,0.0,0.12638425827026367,0.051321983337402344,0.5,0.03166666666666666,1329444.9320311802,682564.5458529438,469.6799999999982,287.28000000000037,1.5199999999999998,4.779786746621616,6.299786746621615
normal,310,94.44591505346598,23.376764769432615,4040.731188171677,2270.2951976203417,196.68782817167508,119.7514853183891,3944.0433600000015,2163.6682680240806,100.0,13.124555722128365,0.0,2465.027100000001,0.0,0.0,2163.6682680240806,0.0,0.14052343368530273,0.058257102966308594,0.5,0.03166666666666666,1333485.663219352,684834.8410505641,471.19999999999817,288.80000000000035,1.5199999999999998,4.779786746621616,6.299786746621615
normal,311,96.26754455611054,22.150190321194934,4038.1450604786396,2274.542883365642,186.14858047863854,123.99917106368936,3951.9964800000007,2163.6682680240806,100.0,13.124555722128365,0.0,2469.9977999999996,0.0,0.0,2163.6682680240806,0.0,0.1479787826538086,0.05988168716430664,0.5,0.03166666666666666,1337523.8082798307,687109.3839339297,472.71999999999815,290.32000000000033,1.5199999999999998,4.779786746621616,6.299786746621615
normal,312,104.54557560051278,22.88093181062318,4464.376033689745,2282.36027729762,211.8000336897438,131.81656499566756,4352.576000000001,2163.6682680240806,100.0,13.124555722128365,0.0,2720.3600000000006,0.0,0.0,2163.6682680240806,0.0,0.08123564720153809,0.042336463928222656,0.5,0.03166666666666666,1341988.1843135206,689391.7442112274,474.23999999999813,291.8400000000003,1.5199999999999998,4.779786746621616,6.299786746621615
normal,313,105.18883625407823,23.18995663041597,4488.139066228271,2284.068484200191,210.91826622827116,133.5247718982388,4377.2208,2163.6682680240806,100.0,13.124555722128365,0.0,2735.763,0.0,0.0,2163.6682680240806,0.0,0.10589909553527832,0.046903133392333984,0.5,0.03166666666666666,1346476.3233797487,691675.8126954276,475.7599999999981,293.3600000000003,1.5199999999999998,4.779786746621616,6.299786746621615
normal,314,102.81206069829807,24.1771767544462,4448.640141362698,2279.1198612609846,215.49774136269875,128.57614895903222,4333.1424,2163.6682680240806,100.0,13.124555722128365,0.0,2708.2139999999995,0.0,0.0,2163.6682680240806,0.0,0.10489535331726074,0.04312705993652344,0.5,0.03166666666666666,1350924.9635211115,693954.9325566886,477.2799999999981,294.8800000000003,1.5199999999999998,4.779786746621616,6.299786746621615
normal,315,101.77440096518698,22.01837938854977,4472.1907996615955,2278.8872231387677,207.59399966159543,128.34351083681528,4364.5968,2163.6682680240806,100.0,13.124555722128365,0.0,2727.8730000000005,0.0,0.0,2163.6682680240806,0.0,0.10802102088928223,0.05060720443725586,0.5,0.03166666666666666,1355397.1543207732,696233.8197798274,478.7999999999981,296.40000000000026,1.5199999999999998,4.779786746621616,6.299786746621615
normal,316,105.03434464655966,21.837483161918044,4461.869345586394,2287.8587867042756,211.0533455863946,137.31507440232312,4350.816,2163.6682680240806,100.0,13.124555722128365,0.0,2719.26,0.0,0.0,2163.6682680240806,0.0,0.12316107749938965,0.0449986457824707,0.5,0.03166666666666666,1359859.0236663595,698521.6785665316,480.31999999999806,297.92000000000024,1.5199999999999998,4.779786746621616,6.299786746621615
normal,317,97.85229882816945,21.039362913130198,4030.8645991751873,2275.1388751493687,204.11275917518634,124.59516284741612,3926.7518400000013,2163.6682680240806,100.0,13.124555722128365,0.0,2454.219900000001,0.0,0.0,2163.6682680240806,0.0,0.13398337364196777,0.0488433837890625,0.5,0.03166666666666666,1363889.8882655348,700796.817441681,481.83999999999804,299.4400000000002,1.5199999999999998,4.779786746621616,6.299786746621615
normal,318,94.44283254787672,24.510999449129002,4035.6615904907403,2267.508712870843,183.66511049073966,116.96500056889052,3951.9964800000007,2163.6682680240806,100.0,13.124555722128365,0.0,2469.9977999999996,0.0,0.0,2163.6682680240806,0.0,0.1043860912322998,0.054344892501831055,0.5,0.03166666666666666,1367925.5498560255,703064.3261545519,483.359999999998,300.9600000000002,1.5199999999999998,4.779786746621616,6.299786746621615
normal,319,101.1147751221636,22.803898185522694,4476.361713806866,2281.2163109398316,225.48811380686533,130.672598637879,4350.873600000001,2163.6682680240806,100.0,13.124555722128365,0.0,2719.2960000000007,0.0,0.0,2163.6682680240806,0.0,0.09346890449523926,0.048206329345703125,0.5,0.03166666666666666,1372401.9115698324,705345.5424654918,484.879999999998,302.4800000000002,1.5199999999999998,4.779786746621616,6.299786746621615
normal,320,103.15443038751107,23.929738146606955,4478.075851334052,2286.6947679670593,200.85505133405135,136.15105566510698,4377.2208,2163.6682680240806,100.0,13.124555722128365,0.0,2735.763,0.0,0.0,2163.6682680240806,0.0,0.09743118286132812,0.038069963455200195,0.5,0.03166666666666666,1376879.9874211664,707632.2372334589,486.399999999998,304.00000000000017,1.5199999999999998,4.779786746621616,6.299786746621615
normal,321,102.02332670036685,23.178910834888832,4442.4765963239615,2279.3121457764646,188.4189963239622,128.76843347451225,4354.057599999999,2163.6682680240806,100.0,13.124555722128365,0.0,2721.2859999999996,0.0,0.0,2163.6682680240806,0.0,0.08798766136169434,0.04185009002685547,0.5,0.03166666666666666,1381322.4640174904,709911.5493792354,487.91999999999797,305.52000000000015,1.5199999999999998,4.779786746621616,6.299786746621615
normal,322,105.79645640997644,22.878704830451742,4468.888464950437,2284.872611124544,205.99406495043715,134.3288988225919,4362.8944,2163.6682680240806,100.0,13.124555722128365,0.0,2726.8089999999993,0.0,0.0,2163.6682680240806,0.0,0.09533309936523438,0.04150104522705078,0.5,0.03166666666666666,1385791.3524824409,712196.4219903599,489.43999999999795,307.04000000000013,1.5199999999999998,4.779786746621616,6.299786746621615
normal,323,104.53534308928484,23.562647250349414,4481.053310661969,2288.5565487356894,209.32211066196845,138.01283643373685,4371.7312,2163.6682680240806,100.0,13.124555722128365,0.0,2732.3320000000003,0.0,0.0,2163.6682680240806,0.0,0.11235308647155762,0.045001983642578125,0.5,0.03166666666666666,1390272.405793103,714484.9785390956,490.95999999999793,308.5600000000001,1.5199999999999998,4.779786746621616,6.299786746621615
normal,324,92.25466572938603,21.667912365910183,4027.4798382222816,2267.5072300470283,184.96863822228025,116.96351774507582,3942.5112000000013,2163.6682680240806,100.0,13.124555722128365,0.0,2464.0695000000005,0.0,0.0,2163.6682680240806,0.0,0.1543278694152832,0.05708599090576172,0.5,0.03166666666666666,1394299.8856313252,716752.4857691426,492.4799999999979,310.0800000000001,1.5199999999999998,4.779786746621616,6.299786746621615
normal,325,92.00136177822712,18.656806294850522,4035.2871736393963,2267.960641442047,186.3550136393953,117.4169291400943,3948.9321600000007,2163.6682680240806,100.0,13.124555722128365,0.0,2468.0826,0.0,0.0,2163.6682680240806,0.0,0.06738495826721191,0.03600287437438965,0.5,0.03166666666666666,1398335.1728049645,719020.4464105847,493.9999999999979,311.6000000000001,1.5199999999999998,4.779786746621616,6.299786746621615
normal,326,103.93263017010025,24.952745017486713,4457.07275840353,2279.7450961607474,209.6039584035287,129.2013838587948,4347.4688000000015,2163.6682680240806,100.0,13.124555722128365,0.0,2717.1680000000006,0.0,0.0,2163.6682680240806,0.0,0.11059880256652832,0.04624056816101074,0.5,0.03166666666666666,1402792.245563368,721300.1915067455,495.5199999999979,313.12000000000006,1.5199999999999998,4.779786746621616,6.299786746621615
normal,327,100.47721057938013,22.417752515012918,4474.321164581059,2278.6108845889166,214.6107645810591,128.06717228696414,4359.7104,2163.6682680240806,100.0,13.124555722128365,0.0,2724.819,0.0,0.0,2163.6682680240806,0.0,0.12341690063476562,0.04570889472961426,0.5,0.03166666666666666,1407266.566727949,723578.8023913344,497.03999999999786,314.64000000000004,1.5199999999999998,4.779786746621616,6.299786746621615
normal,328,100.83965988550706,23.021871570839455,4456.843473321759,2276.2701531273588,201.0834733217601,125.72644082540631,4355.759999999999,2163.6682680240806,100.0,13.124555722128365,0.0,2722.3499999999995,0.0,0.0,2163.6682680240806,0.0,0.13679838180541992,0.038919687271118164,0.5,0.03166666666666666,1411723.4102012708,725855.0725444618,498.55999999999784,316.16,1.5199999999999998,4.779786746621616,6.299786746621615
normal,329,101.14768134765315,24.326155309998665,4472.330612433978,2278.754733181143,228.64901243397762,128.21102087919047,4343.6816,2163.6682680240806,100.0,13.124555722128365,0.0,2714.8009999999995,0.0,0.0,2163.6682680240806,0.0,0.10628843307495117,0.05058908462524414,0.5,0.03166666666666666,1416195.740813705,728133.8272776429,500.0799999999978,317.68,1.5199999999999998,4.779786746621616,6.299786746621615
normal,330,100.76630287957919,22.7387631636071,4488.659682930988,2278.1376634671547,215.22608293098762,127.59395116520248,4373.4336,2163.6682680240806,100.0,13.124555722128365,0.0,2733.396,0.0,0.0,2163.6682680240806,0.0,0.11924934387207031,0.04311871528625488,0.5,0.03166666666666666,1420684.4004966358,730411.9649411101,501.5999999999978,319.2,1.5199999999999998,4.779786746621616,6.299786746621615
normal,331,94.22059715423308,21.308585982236732,4030.776468565714,2153.710378968619,186.73310856571263,0.0,3944.0433600000015,2163.6682680240806,100.0,9.9578890554617,0.0,2465.027100000001,0.0,0.0,2163.6682680240806,0.0,0.12979412078857422,0.05979776382446289,0.5,0.0,1424715.1769652015,732565.6753200787,503.1199999999978,319.2,0.0,4.779786746621616,4.779786746621616
normal,332,91.83407426662647,22.297544116295082,4045.7181818294475,2153.710378968619,212.54538182944708,0.0,3933.1728000000007,2163.6682680240806,100.0,9.9578890554617,0.0,2458.2329999999997,0.0,0.0,2163.6682680240806,0.0,0.11301732063293457,0.044669151306152344,0.5,0.0,1428760.895147031,734719.3856990474,504.63999999999777,319.2,0.0,4.779786746621616,4.779786746621616
normal,333,100.41908255670812,24.49559839354018,4465.304323387933,2153.710378968619,196.92032338793283,0.0,4368.384000000001,2163.6682680240806,100.0,9.9578890554617,0.0,2730.2400000000007,0.0,0.0,2163.6682680240806,0.0,0.164839506149292,0.04174327850341797,0.5,0.0,1433226.199470419,736873.096078016,506.15999999999775,319.2,0.0,4.779786746621616,4.779786746621616
normal,334,101.70904052639764,20.2297592262643,4474.769994498154,2153.710378968619,216.761994498153,0.0,4358.008000000001,2163.6682680240806,100.0,9.9578890554617,0.0,2723.7549999999997,0.0,0.0,2163.6682680240806,0.0,0.10623955726623535,0.04572439193725586,0.5,0.0,1437700.9694649172,739026.8064569846,507.67999999999773,319.2,0.0,4.779786746621616,4.779786746621616
normal,335,102.62837967032108,20.278434363696206,4458.161707657525,2153.710378968619,202.40170765752555,0.0,4355.759999999999,2163.6682680240806,100.0,9.9578890554617,0.0,2722.3499999999995,0.0,0.0,2163.6682680240806,0.0,0.11983752250671387,0.046585798263549805,0.5,0.0,1442159.1311725748,741180.5168359532,509.1999999999977,319.2,0.0,4.779786746621616,4.779786746621616
normal,336,99.7590272169037,22.46807614168323,4448.44532932457,2153.710378968619,188.9557293245691,0.0,4359.489600000001,2163.6682680240806,100.0,9.9578890554617,0.0,2724.6809999999996,0.0,0.0,2163.6682680240806,0.0,0.11969423294067383,0.049591779708862305,0.5,0.0,1446607.5765018994,743334.2272149218,510.7199999999977,319.2,0.0,4.779786746621616,4.779786746621616
normal,337,101.37601908577169,20.590740337703586,4460.149217632304,2153.710378968619,207.63081763230363,0.0,4352.5184,2163.6682680240806,100.0,9.9578890554617,0.0,2720.3240000000005,0.0,0.0,2163.6682680240806,0.0,0.11920833587646484,0.0481867790222168,0.5,0.0,1451067.7257195318,745487.9375938905,512.2399999999977,319.2,0.0,4.779786746621616,4.779786746621616
normal,338,90.31905971156375,22.535628244536273,4031.0108707842974,2153.710378968619,202.7268707842968,0.0,3928.284000000001,2163.6682680240806,100.0,9.9578890554617,0.0,2455.1775000000007,0.0,0.0,2163.6682680240806,0.0,0.13012051582336426,0.029542922973632812,0.5,0.0,1455098.736590316,747641.6479728591,513.7599999999977,319.2,0.0,4.779786746621616,4.779786746621616
normal,339,89.36832825683378,18.38730368891117,4015.448513150275,2153.710378968619,166.51635315027403,0.0,3948.9321600000007,2163.6682680240806,100.0,9.9578890554617,0.0,2468.0826,0.0,0.0,2163.6682680240806,0.0,0.10486078262329102,0.02188849449157715,0.5,0.0,1459114.1851034663,749795.3583518277,515.2799999999977,319.2,0.0,4.779786746621616,4.779786746621616
normal,340,100.86677575963296,22.44384608411732,4458.37560692288,2153.710378968619,205.7996069228793,0.0,4352.576000000001,2163.6682680240806,100.0,9.9578890554617,0.0,2720.3600000000006,0.0,0.0,2163.6682680240806,0.0,0.11156225204467773,0.05096745491027832,0.5,0.0,1463572.5607103892,751949.0687307963,516.7999999999977,319.2,0.0,4.779786746621616,4.779786746621616
normal,341,104.46959237503991,23.49490970788536,4486.030888504207,2153.710378968619,208.81008850420676,0.0,4377.2208,2163.6682680240806,100.0,9.9578890554617,0.0,2735.763,0.0,0.0,2163.6682680240806,0.0,0.12271738052368164,0.0365140438079834,0.5,0.0,1468058.5915988933,754102.779109765,518.3199999999977,319.2,0.0,4.779786746621616,4.779786746621616
normal,342,100.85675085629562,22.61931420458629,4436.711804187532,2153.710378968619,198.46220418753214,0.0,4338.2496,2163.6682680240806,100.0,9.9578890554617,0.0,2711.4059999999995,0.0,0.0,2163.6682680240806,0.0,0.11954021453857422,0.0423884391784668,0.5,0.0,1472495.303403081,756256.4894887336,519.8399999999976,319.2,0.0,4.779786746621616,4.779786746621616
normal,343,101.1586926643616,22.52000678329597,4452.896777044987,2153.710378968619,188.29997704498703,0.0,4364.5968,2163.6682680240806,100.0,9.9578890554617,0.0,2727.8730000000005,0.0,0.0,2163.6682680240806,0.0,0.09854698181152344,0.046773672103881836,0.5,0.0,1476948.200180126,758410.1998677022,521.3599999999976,319.2,0.0,4.779786746621616,4.779786746621616
normal,344,102.11758270248417,19.270330024136918,4463.9403469129475,2153.710378968619,209.71954691294712,0.0,4354.2208,2163.6682680240806,100.0,9.9578890554617,0.0,2721.3880000000004,0.0,0.0,2163.6682680240806,0.0,0.1115119457244873,0.03054332733154297,0.5,0.0,1481412.1405270388,760563.9102466708,522.8799999999976,319.2,0.0,4.779786746621616,4.779786746621616
normal,345,90.07297413983383,18.665026499283957,4017.98687356925,2153.710378968619,175.4756735692482,0.0,3942.5112000000013,2163.6682680240806,100.0,9.9578890554617,0.0,2464.0695000000005,0.0,0.0,2163.6682680240806,0.0,0.11883187294006348,0.04838705062866211,0.5,0.0,1485430.127400608,762717.6206256395,524.3999999999976,319.2,0.0,4.779786746621616,4.779786746621616
normal,346,89.48671127615819,21.610714956179617,4039.6619711323156,2153.710378968619,190.7298111323145,0.0,3948.9321600000007,2163.6682680240806,100.0,9.9578890554617,0.0,2468.0826,0.0,0.0,2163.6682680240806,0.0,0.10892534255981445,0.031044483184814453,0.5,0.0,1489469.7893717403,764871.3310046081,525.9199999999976,319.2,0.0,4.779786746621616,4.779786746621616
normal,347,98.80097760027168,27.783677557954878,4463.165495493015,2153.710378968619,215.69669549301403,0.0,4347.4688000000015,2163.6682680240806,100.0,9.9578890554617,0.0,2717.1680000000006,0.0,0.0,2163.6682680240806,0.0,0.1517040729522705,0.0430147647857666,0.5,0.0,1493932.9548672333,767025.0413835767,527.4399999999976,319.2,0.0,4.779786746621616,4.779786746621616
normal,348,99.22621602345676,20.05473467017421,4471.341813901727,2153.710378968619,195.82341390172638,0.0,4375.5184,2163.6682680240806,100.0,9.9578890554617,0.0,2734.699,0.0,0.0,2163.6682680240806,0.0,0.12028765678405762,0.048996686935424805,0.5,0.0,1498404.296681135,769178.7517625453,528.9599999999975,319.2,0.0,4.779786746621616,4.779786746621616
normal,349,94.601538860254,22.421512467333756,4446.8403914022465,2153.710378968619,192.78279140224748,0.0,4354.057599999999,2163.6682680240806,100.0,9.9578890554617,0.0,2721.2859999999996,0.0,0.0,2163.6682680240806,0.0,0.11073446273803711,0.04021120071411133,0.5,0.0,1502851.137072537,771332.4621415139,530.4799999999975,319.2,0.0,4.779786746621616,4.779786746621616
normal,350,96.17027626299019,22.624930748508724,4449.077991259255,2153.710378968619,184.48119125925524,0.0,4364.5968,2163.6682680240806,100.0,9.9578890554617,0.0,2727.8730000000005,0.0,0.0,2163.6682680240806,0.0,0.10539889335632324,0.06651639938354492,0.5,0.0,1507300.2150637964,773486.1725204826,531.9999999999975,319.2,0.0,4.779786746621616,4.779786746621616
normal,351,96.45450242187162,22.707238146820323,4450.472358030494,2153.710378968619,199.6563580304946,0.0,4350.816,2163.6682680240806,100.0,9.9578890554617,0.0,2719.26,0.0,0.0,2163.6682680240806,0.0,0.12131690979003906,0.04498147964477539,0.5,0.0,1511750.6874218269,775639.8828994512,533.5199999999975,319.2,0.0,4.779786746621616,4.779786746621616
normal,352,86.68656255556589,20.0639387601372,4023.3355204805384,2153.710378968619,180.8243204805373,0.0,3942.5112000000013,2163.6682680240806,100.0,9.9578890554617,0.0,2464.0695000000005,0.0,0.0,2163.6682680240806,0.0,0.12906885147094727,0.04456806182861328,0.5,0.0,1515774.0229423074,777793.5932784198,535.0399999999975,319.2,0.0,4.779786746621616,4.779786746621616
normal,353,87.11628077872338,22.094515154451006,4023.3965529763345,2153.710378968619,187.15943297633385,0.0,3936.2371200000007,2163.6682680240806,100.0,9.9578890554617,0.0,2460.1482,0.0,0.0,2163.6682680240806,0.0,0.10441708564758301,0.03300762176513672,0.5,0.0,1519797.4194952836,779947.3036573884,536.5599999999974,319.2,0.0,4.779786746621616,4.779786746621616
normal,354,98.94387136187873,24.40749811721571,4463.53207642594,2153.710378968619,195.1480764259391,0.0,4368.384000000001,2163.6682680240806,100.0,9.9578890554617,0.0,2730.2400000000007,0.0,0.0,2163.6682680240806,0.0,0.11565208435058594,0.025708913803100586,0.5,0.0,1524260.9515717095,782101.014036357,538.0799999999974,319.2,0.0,4.779786746621616,4.779786746621616
normal,355,95.6535436621886,23.322567328924023,4469.0121502226475,2153.710378968619,191.79135022264765,0.0,4377.2208,2163.6682680240806,100.0,9.9578890554617,0.0,2735.763,0.0,0.0,2163.6682680240806,0.0,0.11397457122802734,0.033097267150878906,0.5,0.0,1528729.9637219321,784254.7244153257,539.5999999999974,319.2,0.0,4.779786746621616,4.779786746621616
normal,356,95.74325363650549,21.97735039170286,4439.431418995909,2153.710378968619,201.18181899590894,0.0,4338.2496,2163.6682680240806,100.0,9.9578890554617,0.0,2711.4059999999995,0.0,0.0,2163.6682680240806,0.0,0.12882661819458008,0.04674100875854492,0.5,0.0,1533169.395140928,786408.4347942943,541.1199999999974,319.2,0.0,4.779786746621616,4.779786746621616
normal,357,97.92881932988769,21.72552525484615,4463.636925909173,2153.710378968619,199.04012590917353,0.0,4364.5968,2163.6682680240806,100.0,9.9578890554617,0.0,2727.8730000000005,0.0,0.0,2163.6682680240806,0.0,0.11426639556884766,0.0458071231842041,0.5,0.0,1537633.0320668372,788562.1451732629,542.6399999999974,319.2,0.0,4.779786746621616,4.779786746621616
normal,358,95.06008642462746,21.688176004164795,4458.184188006702,2153.710378968619,184.75058800670232,0.0,4373.4336,2163.6682680240806,100.0,9.9578890554617,0.0,2733.396,0.0,0.0,2163.6682680240806,0.0,0.13727307319641113,0.04005169868469238,0.5,0.0,1542091.2162548439,790715.8555522315,544.1599999999974,319.2,0.0,4.779786746621616,4.779786746621616
normal,359,85.63542471311462,21.64510738128451,4022.797820974216,2153.710378968619,196.04598097421456,0.0,3926.7518400000013,2163.6682680240806,100.0,9.9578890554617,0.0,2454.219900000001,0.0,0.0,2163.6682680240806,0.0,0.1335592269897461,0.05099344253540039,0.5,0.0,1546114.014075818,792869.5659312002,545.6799999999973,319.2,0.0,4.779786746621616,4.779786746621616
normal,360,83.94588681968398,22.186517921770474,4029.8496458207073,2153.710378968619,198.20900582070638,0.0,3931.640640000001,2163.6682680240806,100.0,9.9578890554617,0.0,2457.2754,0.0,0.0,2163.6682680240806,0.0,0.11917519569396973,0.024003028869628906,0.5,0.0,1550143.8637216387,795023.2763101688,547.1999999999973,319.2,0.0,4.779786746621616,4.779786746621616
normal,361,92.91944107223755,24.047691376531887,4446.202649202788,2153.710378968619,179.52104920278708,0.0,4366.681600000001,2163.6682680240806,100.0,9.9578890554617,0.0,2729.1760000000004,0.0,0.0,2163.6682680240806,0.0,0.11815643310546875,0.028611421585083008,0.5,0.0,1554590.0663708416,797176.9866891374,548.7199999999973,319.2,0.0,4.779786746621616,4.779786746621616
normal,362,92.56423086892364,24.338200623275842,4457.792384096075,2153.710378968619,180.57158409607445,0.0,4377.2208,2163.6682680240806,100.0,9.9578890554617,0.0,2735.763,0.0,0.0,2163.6682680240806,0.0,0.10819077491760254,0.049929141998291016,0.5,0.0,1559047.8587549378,799330.697068106,550.2399999999973,319.2,0.0,4.779786746621616,4.779786746621616
normal,363,95.56795478238804,21.004913628161223,4434.577007701432,2153.710378968619,199.73220770143232,0.0,4334.8448,2163.6682680240806,100.0,9.9578890554617,0.0,2709.2779999999993,0.0,0.0,2163.6682680240806,0.0,0.11826324462890625,0.0465693473815918,0.5,0.0,1563482.4357626392,801484.4074470747,551.7599999999973,319.2,0.0,4.779786746621616,4.779786746621616
normal,364,92.94072701963451,20.194287722626317,4434.726846523568,2153.710378968619,171.83244652356785,0.0,4362.8944,2163.6682680240806,100.0,9.9578890554617,0.0,2726.8089999999993,0.0,0.0,2163.6682680240806,0.0,0.1234445571899414,0.04812121391296387,0.5,0.0,1567917.1626091627,803638.1178260433,553.2799999999972,319.2,0.0,4.779786746621616,4.779786746621616
normal,365,92.6628879384162,23.43589938025896,4478.3845638293515,2153.710378968619,206.65336382935152,0.0,4371.7312,2163.6682680240806,100.0,9.9578890554617,0.0,2732.3320000000003,0.0,0.0,2163.6682680240806,0.0,0.11591339111328125,0.04499053955078125,0.5,0.0,1572395.547172992,805791.8282050119,554.7999999999972,319.2,0.0,4.779786746621616,4.779786746621616
ornstein-uhlenbeck,1,95.55813683562333,23.791233636978447,4471.835396082073,2271.759339896853,198.40179608207248,121.21562759490071,4373.4336,2163.6682680240806,100.0,13.124555722128365,0.0,2733.396,0.0,0.0,2163.6682680240806,0.0,0.1231539249420166,0.04682779312133789,0.5,0.03166666666666666,4471.835396082073,2271.759339896853,1.52,1.5199999999999998,1.5199999999999998,4.779786746621616,6.299786746621615
ornstein-uhlenbeck,2,82.08723996277698,22.38376505555918,4018.728985375945,2248.1837623690544,176.2177853759434,97.64005006710227,3942.5112000000013,2163.6682680240806,100.0,13.124555722128365,0.0,2464.0695000000005,0.0,0.0,2163.6682680240806,0.0,0.12064123153686523,0.03612494468688965,0.5,0.03166666666666666,8490.564381458018,4519.943102265907,3.04,3.0399999999999996,1.5199999999999998,4.779786746621616,6.299786746621615
ornstein-uhlenbeck,3,81.77862283174728,19.27722629490675,4006.3782079391185,2249.5681245443384,170.14108793911822,99.0244122423858,3936.2371200000007,2163.6682680240806,100.0,13.124555722128365,0.0,2460.1482,0.0,0.0,2163.6682680240806,0.0,0.10158658027648926,0.05557990074157715,0.5,0.03166666666666666,12496.942589397137,6769.511226810246,4.5600000000000005,4.56,1.5199999999999998,4.779786746621616,6.299786746621615
ornstein-uhlenbeck,4,89.42705178675055,22.94887910050355,4437.915796246101,2259.523623544116,169.53179624610033,108.97991124216394,4368.384000000001,2163.6682680240806,100.0,13.124555722128365,0.0,2730.2400000000007,0.0,0.0,2163.6682680240806,0.0,0.12380194664001465,0.05412101745605469,0.5,0.03166666666666666,16934.858385643238,9029.034850354361,6.08,6.079999999999999,1.5199999999999998,4.779786746621616,6.299786746621615
ornstein-uhlenbeck,5,89.73922861852304,20.97342098605987,4449.089235170441,2265.108514226764,191.08123517044018,114.56480192481138,4358.008000000001,2163.6682680240806,100.0,13.124555722128365,0.0,2723.7549999999997,0.0,0.0,2163.6682680240806,0.0,0.11786675453186035,0.0440061092376709,0.5,0.03166666666666666,21383.947620813677,11294.143364581125,7.6,7.599999999999999,1.5199999999999998,4.779786746621616,6.299786746621615
ornstein-uhlenbeck,6,88.19691199516744,22.08783812762239,4413.1576712551105,2256.1100731633464,162.50487125511077,105.56636086139386,4350.6528,2163.6682680240806,100.0,13.124555722128365,0.0,2719.158,0.0,0.0,2163.6682680240806,0.0,0.11767387390136719,0.03548002243041992,0.5,0.03166666666666666,25797.105292068787,13550.253437744472,9.12,9.12,1.5199999999999998,4.779786746621616,6.299786746621615
ornstein-uhlenbeck,7,89.29004388564353,24.373765168004773,4460.875052874794,2252.3863451001944,196.27825287479357,101.8426327982418,4364.5968,2163.6682680240806,100.0,13.124555722128365,0.0,2727.8730000000005,0.0,0.0,2163.6682680240806,0.0,0.09985661506652832,0.04450368881225586,0.5,0.03166666666666666,30257.980344943582,15802.639782844666,10.639999999999999,10.639999999999999,1.5199999999999998,4.779786746621616,6.299786746621615
ornstein-uhlenbeck,8,90.98888547132698,24.361042792644177,4459.194690142607,2261.272913003617,185.76109014260666,110.72920070166455,4373.4336,2163.6682680240806,100.0,13.124555722128365,0.0,2733.396,0.0,0.0,2163.6682680240806,0.0,0.1193840503692627,0.03681445121765137,0.5,0.03166666666666666,34717.17503508619,18063.91269584828,12.159999999999998,12.159999999999998,1.5199999999999998,4.779786746621616,6.299786746621615
ornstein-uhlenbeck,9,79.3093697011217,19.690341863265832,4008.517807544944,2251.8848644031914,166.00660754494248,101.34115210123908,3942.5112000000013,2163.6682680240806,100.0,13.124555722128365,0.0,2464.0695000000005,0.0,0.0,2163.6682680240806,0.0,0.12186336517333984,0.041994333267211914,0.5,0.03166666666666666,38725.692842631135,20315.79756025147,13.679999999999998,13.679999999999998,1.5199999999999998,4.779786746621616,6.299786746621615
ornstein-uhlenbeck,10,80.47458712028997,20.492507965523867,4008.673240720307,2253.2304894725135,156.6767607203065,102.68677717056127,3951.9964800000007,2163.6682680240806,100.0,13.124555722128365,0.0,2469.9977999999996,0.0,0.0,2163.6682680240806,0.0,0.09644007682800293,0.04645419120788574,0.5,0.03166666666666666,42734.366083351444,22569.028049723984,15.199999999999998,15.199999999999998,1.5199999999999998,4.779786746621616,6.299786746621615
ornstein-uhlenbeck,11,85.71444573567375,23.441018507847307,4440.80878040843,2257.3218396617312,172.4247804084287,106.77812735977892,4368.384000000001,2163.6682680240806,100.0,13.124555722128365,0.0,2730.2400000000007,0.0,0.0,2163.6682680240806,0.0,0.1284475326538086,0.04460477828979492,0.5,0.03166666666666666,47175.17486375987,24826.349889385714,16.72,16.72,1.5199999999999998,4.779786746621616,6.299786746621615
ornstein-uhlenbeck,12,88.01024999731855,20.564409416886882,4439.875722904137,2261.6449586342574,180.1653229041368,111.10124633230488,4359.7104,2163.6682680240806,100.0,13.124555722128365,0.0,2724.819,0.0,0.0,2163.6682680240806,0.0,0.1118614673614502,0.044738054275512695,0.5,0.03166666666666666,51615.05058666401,27087.99484801997,18.24,18.24,1.5199999999999998,4.779786746621616,6.299786746621615
ornstein-uhlenbeck,13,86.59660289117387,22.350084450024116,4435.373808786579,2257.035205662163,179.61380878657914,106.49149336021092,4355.759999999999,2163.6682680240806,100.0,13.124555722128365,0.0,2722.3499999999995,0.0,0.0,2163.6682680240806,0.0,0.10407066345214844,0.04713869094848633,0.5,0.03166666666666666,56050.42439545059,29345.030053682134,19.759999999999998,19.759999999999998,1.5199999999999998,4.779786746621616,6.299786746621615
ornstein-uhlenbeck,14,88.27578401602047,19.68353494201407,4438.798752919296,2264.6230056078025,179.3091529192951,114.07929330585014,4359.489600000001,2163.6682680240806,100.0,13.124555722128365,0.0,2724.6809999999996,0.0,0.0,2163.6682680240806,0.0,0.12723302841186523,0.06557083129882812,0.5,0.03166666666666666,60489.223148369885,31609.653059289936,21.279999999999998,21.279999999999998,1.5199999999999998,4.779786746621616,6.299786746621615
ornstein-uhlenbeck,15,85.33888045225613,23.689810820613708,4441.620276074382,2253.739806586292,185.69707607438198,103.19609428433978,4355.9232,2163.6682680240806,100.0,13.124555722128365,0.0,2722.452,0.0,0.0,2163.6682680240806,0.0,0.10766029357910156,0.047013282775878906,0.5,0.03166666666666666,64930.84342444427,33863.39286587623,22.799999999999997,22.799999999999997,1.5199999999999998,4.779786746621616,6.299786746621615
ornstein-uhlenbeck,16,77.4565413339472,19.320176277694465,4000.536910680462,2244.395159203996,156.4935506804607,93.8514469020437,3944.0433600000015,2163.6682680240806,100.0,13.124555722128365,0.0,2465.027100000001,0.0,0.0,2163.6682680240806,0.0,0.11147856712341309,0.05151820182800293,0.5,0.03166666666666666,68931.38033512473,36107.788025080226,24.319999999999997,24.319999999999997,1.5199999999999998,4.779786746621616,6.299786746621615
ornstein-uhlenbeck,17,76.7688835292059,21.79433135686027,4023.8293378894086,2249.5172957751856,171.83285788940782,98.97358347323346,3951.9964800000007,2163.6682680240806,100.0,13.124555722128365,0.0,2469.9977999999996,0.0,0.0,2163.6682680240806,0.0,0.11619949340820312,0.04186201095581055,0.5,0.03166666666666666,72955.20967301415,38357.30532085541,25.839999999999996,25.839999999999996,1.5199999999999998,4.779786746621616,6.299786746621615
ornstein-uhlenbeck,18,87.06897422060221,22.364422236755967,4443.90940055422,2256.995386587907,175.52540055421898,106.45167428595478,4368.384000000001,2163.6682680240806,100.0,13.124555722128365,0.0,2730.2400000000007,0.0,0.0,2163.6682680240806,0.0,0.12251996994018555,0.048768043518066406,0.5,0.03166666666666666,77399.11907356836,40614.30070744332,27.359999999999996,27.359999999999996,1.5199999999999998,4.779786746621616,6.299786746621615
ornstein-uhlenbeck,19,82.95392994050128,24.628405271333843,4442.084827089226,2253.136587060437,164.86402708922554,102.59287475848434,4377.2208,2163.6682680240806,100.0,13.124555722128365,0.0,2735.763,0.0,0.0,2163.6682680240806,0.0,0.12331748008728027,0.04661846160888672,0.5,0.03166666666666666,81841.2039006576,42867.437294503754,28.879999999999995,28.879999999999995,1.5199999999999998,4.779786746621616,6.299786746621615
ornstein-uhlenbeck,20,82.60020912336067,24.303778721802527,4407.687935384007,2252.710869382501,169.43833538400693,102.1671570805487,4338.2496,2163.6682680240806,100.0,13.124555722128365,0.0,2711.4059999999995,0.0,0.0,2163.6682680240806,0.0,0.1174168586730957,0.06413602828979492,0.5,0.03166666666666666,86248.8918360416,45120.14816388625,30.399999999999995,30.399999999999995,1.5199999999999998,4.779786746621616,6.299786746621615
ornstein-uhlenbeck,21,81.20828187948342,24.558608323078438,4443.559055249968,2249.320891678748,180.6646552499679,98.77717937679543,4362.8944,2163.6682680240806,100.0,13.124555722128365,0.0,2726.8089999999993,0.0,0.0,2163.6682680240806,0.0,0.11202859878540039,0.06351971626281738,0.5,0.03166666666666666,90692.45089129156,47369.469055565,31.919999999999995,31.919999999999995,1.5199999999999998,4.779786746621616,6.299786746621615
ornstein-uhlenbeck,22,81.75441438053086,22.27701407274462,4437.430640813192,2249.941730807271,184.91224081319297,99.39801850531856,4352.5184,2163.6682680240806,100.0,13.124555722128365,0.0,2720.3240000000005,0.0,0.0,2163.6682680240806,0.0,0.10456180572509766,0.04800128936767578,0.5,0.03166666666666666,95129.88153210476,49619.410786372275,33.44,33.44,1.5199999999999998,4.779786746621616,6.299786746621615
ornstein-uhlenbeck,23,74.88631276670993,20.490975669468387,3994.825307499783,2244.230702963996,150.7819474997814,93.68699066204371,3944.0433600000015,2163.6682680240806,100.0,13.124555722128365,0.0,2465.027100000001,0.0,0.0,2163.6682680240806,0.0,0.10008835792541504,0.04101824760437012,0.5,0.03166666666666666,99124.70683960454,51863.64148933627,34.96,34.96,1.5199999999999998,4.779786746621616,6.299786746621615
ornstein-uhlenbeck,24,77.3107741976847,18.62351214774844,4000.6734346314706,2246.753110654512,148.6769546314701,96.20939835255955,3951.9964800000007,2163.6682680240806,100.0,13.124555722128365,0.0,2469.9977999999996,0.0,0.0,2163.6682680240806,0.0,0.08603048324584961,0.039095163345336914,0.5,0.03166666666666666,103125.38027423601,54110.39459999078,36.480000000000004,36.480000000000004,1.5199999999999998,4.779786746621616,6.299786746621615
ornstein-uhlenbeck,25,81.87965777103982,20.88465198751037,4387.295759054358,2251.5109138886214,127.91015905435745,100.9672015866691,4359.3856000000005,2163.6682680240806,100.0,13.124555722128365,0.0,2724.616000000001,0.0,0.0,2163.6682680240806,0.0,0.09503316879272461,0.04299807548522949,0.5,0.03166666666666666,107512.67603329037,56361.9055138794,38.00000000000001,38.00000000000001,1.5199999999999998,4.779786746621616,6.299786746621615
ornstein-uhlenbeck,26,83.3302640329544,23.28421500187989,4460.7787600774,2253.482921285415,204.47316007740048,102.93920898346266,4356.3056,2163.6682680240806,100.0,13.124555722128365,0.0,2722.6910000000003,0.0,0.0,2163.6682680240806,0.0,0.08666181564331055,0.04251360893249512,0.5,0.03166666666666666,111973.45479336777,58615.388435164816,39.52000000000001,39.52000000000001,1.5199999999999998,4.779786746621616,6.299786746621615
ornstein-uhlenbeck,27,80.10644267253019,19.31128588010697,4403.456919368387,2250.075693092911,165.2073193683877,99.53198079095874,4338.2496,2163.6682680240806,100.0,13.124555722128365,0.0,2711.4059999999995,0.0,0.0,2163.6682680240806,0.0,0.09203243255615234,0.04309725761413574,0.5,0.03166666666666666,116376.91171273615,60865.46412825773,41.04000000000001,41.04000000000001,1.5199999999999998,4.779786746621616,6.299786746621615
ornstein-uhlenbeck,28,82.07959905318405,21.04151608383958,4432.576705744046,2253.552256348554,187.19270574404544,103.00854404660146,4345.384000000001,2163.6682680240806,100.0,13.124555722128365,0.0,2715.865,0.0,0.0,2163.6682680240806,0.0,0.07902693748474121,0.03699898719787598,0.5,0.03166666666666666,120809.4884184802,63119.01638460628,42.56000000000002,42.56000000000002,1.5199999999999998,4.779786746621616,6.299786746621615
ornstein-uhlenbeck,29,83.70659262692932,22.531073020721543,4463.480551771221,2252.9151975076215,190.04695177122062,102.37148520566906,4373.4336,2163.6682680240806,100.0,13.124555722128365,0.0,2733.396,0.0,0.0,2163.6682680240806,0.0,0.06837129592895508,0.02452397346496582,0.5,0.03166666666666666,125272.96897025143,65371.9315821139,44.08000000000002,44.08000000000002,1.5199999999999998,4.779786746621616,6.299786746621615
ornstein-uhlenbeck,30,73.7763487645965,18.94935556760742,3978.0574009110305,2247.23699833036,143.6447609110297,96.69328602840761,3934.412640000001,2163.6682680240806,100.0,13.124555722128365,0.0,2459.0079000000005,0.0,0.0,2163.6682680240806,0.0,0.08602690696716309,0.041999101638793945,0.5,0.03166666666666666,129251.02637116246,67619.16858044427,45.60000000000002,45.60000000000002,1.5199999999999998,4.779786746621616,6.299786746621615
ornstein-uhlenbeck,31,72.39121688885952,19.74335432583654,3986.7434253909028,2244.9230502006612,144.37766539090168,94.37933789870897,3942.365760000001,2163.6682680240806,100.0,13.124555722128365,0.0,2463.9786,0.0,0.0,2163.6682680240806,0.0,0.11397385597229004,0.042131662368774414,0.5,0.03166666666666666,133237.76979655336,69864.09163064492,47.120000000000026,47.120000000000026,1.5199999999999998,4.779786746621616,6.299786746621615
ornstein-uhlenbeck,32,79.09036226736328,20.761757764227557,4404.684386643097,2248.11407533873,138.00278664309621,97.57036303677761,4366.681600000001,2163.6682680240806,100.0,13.124555722128365,0.0,2729.1760000000004,0.0,0.0,2163.6682680240806,0.0,0.12035894393920898,0.03761172294616699,0.5,0.03166666666666666,137642.45418319645,72112.20570598365,48.64000000000003,48.64000000000003,1.5199999999999998,4.779786746621616,6.299786746621615
ornstein-uhlenbeck,33,80.44200357265336,18.916508938148386,4400.856442518188,2253.451292812244,130.93164251818774,102.90758051029155,4369.9248,2163.6682680240806,100.0,13.124555722128365,0.0,2731.203,0.0,0.0,2163.6682680240806,0.0,0.11854839324951172,0.04000592231750488,0.5,0.03166666666666666,142043.31062571463,74365.6569987959,50.16000000000003,50.16000000000003,1.5199999999999998,4.779786746621616,6.299786746621615
ornstein-uhlenbeck,34,76.79502470260041,23.090152196691232,4397.084949485479,2241.5255731540756,146.43214948547967,90.98186085212299,4350.6528,2163.6682680240806,100.0,13.124555722128365,0.0,2719.158,0.0,0.0,2163.6682680240806,0.0,0.10129809379577637,0.04497528076171875,0.5,0.03166666666666666,146440.39557520012,76607.18257194998,51.680000000000035,51.680000000000035,1.5199999999999998,4.779786746621616,6.299786746621615
ornstein-uhlenbeck,35,76.93722414252143,23.577329717726155,4413.777718771303,2244.0073247686464,166.6913187713029,93.46361246669399,4347.0864,2163.6682680240806,100.0,13.124555722128365,0.0,2716.929,0.0,0.0,2163.6682680240806,0.0,0.11990904808044434,0.04413938522338867,0.5,0.03166666666666666,150854.17329397143,78851.18989671863,53.20000000000004,53.20000000000004,1.5199999999999998,4.779786746621616,6.299786746621615
ornstein-uhlenbeck,36,80.6226085820366,25.621006145545955,4446.2387617869845,2253.662504821492,172.80516178698403,103.11879251953938,4373.4336,2163.6682680240806,100.0,13.124555722128365,0.0,2733.396,0.0,0.0,2163.6682680240806,0.0,0.10932111740112305,0.027060508728027344,0.5,0.03166666666666666,155300.4120557584,81104.85240154012,54.72000000000004,54.72000000000004,1.5199999999999998,4.779786746621616,6.299786746621615
ornstein-uhlenbeck,37,73.1835630921488,22.137080563586576,4013.4018466047783,2241.8144890563967,169.35848660477674,91.27077675444414,3944.0433600000015,2163.6682680240806,100.0,13.124555722128365,0.0,2465.027100000001,0.0,0.0,2163.6682680240806,0.0,0.09754133224487305,0.04271841049194336,0.5,0.03166666666666666,159313.81390236318,83346.66689059652,56.240000000000045,56.240000000000045,1.5199999999999998,4.779786746621616,6.299786746621615
ornstein-uhlenbeck,38,71.63476970112283,21.4937009600007,3983.2511261778795,2231.835599024745,132.78680617787862,81.2918867227927,3950.464320000001,2163.6682680240806,100.0,13.124555722128365,0.0,2469.0402,0.0,0.0,2163.6682680240806,0.0,0.10425686836242676,0.04505634307861328,0.5,0.03166666666666666,163297.06502854105,85578.50248962127,57.76000000000005,57.76000000000005,1.5199999999999998,4.779786746621616,6.299786746621615
ornstein-uhlenbeck,39,78.01423744943293,26.891969586901624,4404.977700802953,2241.946392406132,152.4017008029522,91.40268010417972,4352.576000000001,2163.6682680240806,100.0,13.124555722128365,0.0,2720.3600000000006,0.0,0.0,2163.6682680240806,0.0,0.11789774894714355,0.035030364990234375,0.5,0.03166666666666666,167702.04272934402,87820.4488820274,59.28000000000005,59.28000000000005,1.5199999999999998,4.779786746621616,6.299786746621615
ornstein-uhlenbeck,40,74.37527489759269,21.80102026918698,4434.594902493664,2239.7294993431196,157.37410249366474,89.18578704116742,4377.2208,2163.6682680240806,100.0,13.124555722128365,0.0,2735.763,0.0,0.0,2163.6682680240806,0.0,0.10384917259216309,0.035457611083984375,0.5,0.03166666666666666,172136.6376318377,90060.17838137051,60.800000000000054,60.800000000000054,1.5199999999999998,4.779786746621616,6.299786746621615
ornstein-uhlenbeck,41,73.08664293528388,22.597400470580162,4418.69780407977,2237.8777444592833,164.64020407977156,87.33403215733114,4354.057599999999,2163.6682680240806,100.0,13.124555722128365,0.0,2721.2859999999996,0.0,0.0,2163.6682680240806,0.0,0.12356877326965332,0.034967899322509766,0.5,0.03166666666666666,176555.33543591746,92298.0561258298,62.32000000000006,62.32000000000006,1.5199999999999998,4.779786746621616,6.299786746621615
ornstein-uhlenbeck,42,77.52909227231953,20.03173828976841,4431.445354873948,2246.8031650597522,166.84855487394807,96.25945275779993,4364.5968,2163.6682680240806,100.0,13.124555722128365,0.0,2727.8730000000005,0.0,0.0,2163.6682680240806,0.0,0.10726785659790039,0.0483853816986084,0.5,0.03166666666666666,180986.7807907914,94544.85929088955,63.84000000000006,63.84000000000006,1.5199999999999998,4.779786746621616,6.299786746621615
ornstein-uhlenbeck,43,72.7159364493449,18.249691143969706,4425.6523542247605,2240.306802731264,152.21875422476046,89.76309042931143,4373.4336,2163.6682680240806,100.0,13.124555722128365,0.0,2733.396,0.0,0.0,2163.6682680240806,0.0,0.11960673332214355,0.04673051834106445,0.5,0.03166666666666666,185412.43314501617,96785.16609362082,65.36000000000006,65.36000000000006,1.5199999999999998,4.779786746621616,6.299786746621615
ornstein-uhlenbeck,44,69.26482972250261,20.280163225806913,3969.0393010359344,2228.847262636908,140.75530103593331,78.3035503349555,3928.284000000001,2163.6682680240806,100.0,13.124555722128365,0.0,2455.1775000000007,0.0,0.0,2163.6682680240806,0.0,0.14014887809753418,0.048978567123413086,0.5,0.03166666666666666,189381.4724460521,99014.01335625772,66.88000000000005,66.88000000000005,1.5199999999999998,4.779786746621616,6.299786746621615
ornstein-uhlenbeck,45,69.51270231332946,23.193321244799492,4002.23214232783,2230.920424428117,151.76782232782926,80.37671212616462,3950.464320000001,2163.6682680240806,100.0,13.124555722128365,0.0,2469.0402,0.0,0.0,2163.6682680240806,0.0,0.10660934448242188,0.026420116424560547,0.5,0.03166666666666666,193383.70458837991,101244.93378068584,68.40000000000005,68.40000000000005,1.5199999999999998,4.779786746621616,6.299786746621615
ornstein-uhlenbeck,46,75.90164725314445,22.09088543726733,4426.032380280177,2241.3140884061786,157.64838028017567,90.77037610422639,4368.384000000001,2163.6682680240806,100.0,13.124555722128365,0.0,2730.2400000000007,0.0,0.0,2163.6682680240806,0.0,0.1406688690185547,0.04531574249267578,0.5,0.03166666666666666,197809.7369686601,103486.24786909201,69.92000000000004,69.92000000000004,1.5199999999999998,4.779786746621616,6.299786746621615
ornstein-uhlenbeck,47,74.23952435413854,22.5146155849436,4439.63955879681,2234.8579173634566,162.41875879680975,84.3142050615042,4377.2208,2163.6682680240806,100.0,13.124555722128365,0.0,2735.763,0.0,0.0,2163.6682680240806,0.0,0.11229753494262695,0.041376352310180664,0.5,0.03166666666666666,202249.3765274569,105721.10578645546,71.44000000000004,71.44000000000004,1.5199999999999998,4.779786746621616,6.299786746621615
ornstein-uhlenbeck,48,76.58206955392593,21.67741093378266,4392.174515059368,2242.5265253365737,139.81931505936777,91.9828130346213,4352.3552,2163.6682680240806,100.0,13.124555722128365,0.0,2720.2219999999993,0.0,0.0,2163.6682680240806,0.0,0.1342778205871582,0.042260169982910156,0.5,0.03166666666666666,206641.55104251625,107963.63231179204,72.96000000000004,72.96000000000004,1.5199999999999998,4.779786746621616,6.299786746621615
ornstein-uhlenbeck,49,71.09059662312639,24.119963025893714,4404.844772126716,2234.859995078319,143.65277212671594,84.31628277636686,4361.192,2163.6682680240806,100.0,13.124555722128365,0.0,2725.745,0.0,0.0,2163.6682680240806,0.0,0.1220557689666748,0.0452113151550293,0.5,0.03166666666666666,211046.39581464298,110198.49230687036,74.48000000000003,74.48000000000003,1.5199999999999998,4.779786746621616,6.299786746621615
ornstein-uhlenbeck,50,73.9395542371823,22.16245150500325,4426.264891275275,2239.225913568056,172.04409127527447,88.6822012661035,4354.2208,2163.6682680240806,100.0,13.124555722128365,0.0,2721.3880000000004,0.0,0.0,2163.6682680240806,0.0,0.1132349967956543,0.04028916358947754,0.5,0.03166666666666666,215472.66070591824,112437.71822043842,76.00000000000003,76.00000000000003,1.5199999999999998,4.779786746621616,6.299786746621615
ornstein-uhlenbeck,51,63.755396401225774,21.522120325535244,3980.4966739267065,2228.6815005189505,155.27699392670533,78.13778821699817,3925.219680000001,2163.6682680240806,100.0,13.124555722128365,0.0,2453.2623000000012,0.0,0.0,2163.6682680240806,0.0,0.11552977561950684,0.046355247497558594,0.5,0.03166666666666666,219453.15737984495,114666.39972095737,77.52000000000002,77.52000000000002,1.5199999999999998,4.779786746621616,6.299786746621615
ornstein-uhlenbeck,52,64.28181342087605,22.696410622417417,3983.03993693929,2226.0528207527136,132.57561693928895,75.50910845076115,3950.464320000001,2163.6682680240806,100.0,13.124555722128365,0.0,2469.0402,0.0,0.0,2163.6682680240806,0.0,0.10732412338256836,0.04670286178588867,0.5,0.03166666666666666,223436.19731678424,116892.45254171008,79.04000000000002,79.04000000000002,1.5199999999999998,4.779786746621616,6.299786746621615
ornstein-uhlenbeck,53,71.04117573884541,24.46719986841848,4423.364958748326,2231.7748097059875,154.98095874832487,81.23109740403521,4368.384000000001,2163.6682680240806,100.0,13.124555722128365,0.0,2730.2400000000007,0.0,0.0,2163.6682680240806,0.0,0.15131092071533203,0.02213883399963379,0.5,0.03166666666666666,227859.56227553257,119124.22735141606,80.56000000000002,80.56000000000002,1.5199999999999998,4.779786746621616,6.299786746621615
ornstein-uhlenbeck,54,69.44477701234001,22.232348002433984,4428.410612378535,2232.391988436456,152.89221237853494,81.84827613450332,4375.5184,2163.6682680240806,100.0,13.124555722128365,0.0,2734.699,0.0,0.0,2163.6682680240806,0.0,0.10150647163391113,0.027083635330200195,0.5,0.03166666666666666,232287.9728879111,121356.61933985252,82.08000000000001,82.08000000000001,1.5199999999999998,4.779786746621616,6.299786746621615
ornstein-uhlenbeck,55,71.84536135709374,21.70627799095501,4397.55616341518,2233.6928624455945,159.30656341517982,83.14915014364233,4338.2496,2163.6682680240806,100.0,13.124555722128365,0.0,2711.4059999999995,0.0,0.0,2163.6682680240806,0.0,0.12176227569580078,0.026526212692260742,0.5,0.03166666666666666,236685.52905132627,123590.31220229811,83.60000000000001,83.60000000000001,1.5199999999999998,4.779786746621616,6.299786746621615
ornstein-uhlenbeck,56,71.27336299891819,24.95055733285317,4433.670289853056,2225.842970164491,170.77588985305584,75.29925786253831,4362.8944,2163.6682680240806,100.0,13.124555722128365,0.0,2726.8089999999993,0.0,0.0,2163.6682680240806,0.0,0.11212587356567383,0.05061507225036621,0.5,0.03166666666666666,241119.19934117934,125816.1551724626,85.12,85.12,1.5199999999999998,4.779786746621616,6.299786746621615
ornstein-uhlenbeck,57,70.05178991127536,23.20889173777168,4414.689878794098,2232.8986290293333,158.76667879409828,82.35491672738112,4355.9232,2163.6682680240806,100.0,13.124555722128365,0.0,2722.452,0.0,0.0,2163.6682680240806,0.0,0.12577581405639648,0.0449223518371582,0.5,0.03166666666666666,245533.88921997344,128049.05380149194,86.64,86.64,1.5199999999999998,4.779786746621616,6.299786746621615
ornstein-uhlenbeck,58,62.44732074350557,21.178799008191984,3982.57684118132,2217.562093041055,138.53348118131862,67.0183807391025,3944.0433600000015,2163.6682680240806,100.0,13.124555722128365,0.0,2465.027100000001,0.0,0.0,2163.6682680240806,0.0,0.13043713569641113,0.03219151496887207,0.5,0.03166666666666666,249516.46606115476,130266.615894533,88.16,88.16,1.5199999999999998,4.779786746621616,6.299786746621615
ornstein-uhlenbeck,59,64.38902929786,18.825309288956277,3973.2546094156423,2226.235413527534,124.32244941564169,75.69170122558185,3948.9321600000007,2163.6682680240806,100.0,13.124555722128365,0.0,2468.0826,0.0,0.0,2163.6682680240806,0.0,0.10351419448852539,0.04361891746520996,0.5,0.03166666666666666,253489.7206705704,132492.85130806052,89.67999999999999,89.67999999999999,1.5199999999999998,4.779786746621616,6.299786746621615
ornstein-uhlenbeck,60,65.40638309779442,24.067124508893922,4417.646425483845,2228.3020329393535,166.77282548384386,77.75832063740128,4350.873600000001,2163.6682680240806,100.0,13.124555722128365,0.0,2719.2960000000007,0.0,0.0,2163.6682680240806,0.0,0.11614727973937988,0.03308558464050293,0.5,0.03166666666666666,257907.36709605422,134721.15334099988,91.19999999999999,91.19999999999999,1.5199999999999998,4.779786746621616,6.299786746621615
ornstein-uhlenbeck,61,68.063645224713,19.91036216054047,4412.435337591937,2235.6250684773154,152.72493759193716,85.08135617536318,4359.7104,2163.6682680240806,100.0,13.124555722128365,0.0,2724.819,0.0,0.0,2163.6682680240806,0.0,0.11168432235717773,0.05156230926513672,0.5,0.03166666666666666,262319.80243364617,136956.7784094772,92.71999999999998,92.71999999999998,1.5199999999999998,4.779786746621616,6.299786746621615
ornstein-uhlenbeck,62,69.01342000636863,24.005533598879154,4407.218637508362,2229.9270003705133,170.67143750836166,79.38328806856092,4336.5472,2163.6682680240806,100.0,13.124555722128365,0.0,2710.3419999999996,0.0,0.0,2163.6682680240806,0.0,0.12288045883178711,0.047322988510131836,0.5,0.03166666666666666,266727.0210711545,139186.70540984772,94.23999999999998,94.23999999999998,1.5199999999999998,4.779786746621616,6.299786746621615
ornstein-uhlenbeck,63,68.02294997720396,23.40484375621865,4411.667829088767,2225.3750857552145,167.98622908876683,74.83137345326227,4343.6816,2163.6682680240806,100.0,13.124555722128365,0.0,2714.8009999999995,0.0,0.0,2163.6682680240806,0.0,0.09541797637939453,0.04674673080444336,0.5,0.03166666666666666,271138.68890024326,141412.08049560295,95.75999999999998,95.75999999999998,1.5199999999999998,4.779786746621616,6.299786746621615
ornstein-uhlenbeck,64,66.02231015891157,24.89119038924703,4431.9185531527255,2221.206740843087,158.48495315272515,70.66302854113472,4373.4336,2163.6682680240806,100.0,13.124555722128365,0.0,2733.396,0.0,0.0,2163.6682680240806,0.0,0.11446213722229004,0.05047416687011719,0.5,0.03166666666666666,275570.60745339596,143633.28723644602,97.27999999999997,97.27999999999997,1.5199999999999998,4.779786746621616,6.299786746621615
ornstein-uhlenbeck,65,62.938945943814396,22.233144425912847,3978.540767058173,2222.8513506740064,134.4974070581714,72.30763837205414,3944.0433600000015,2163.6682680240806,100.0,13.124555722128365,0.0,2465.027100000001,0.0,0.0,2163.6682680240806,0.0,0.1329653263092041,0.051962852478027344,0.5,0.03166666666666666,279549.1482204541,145856.13858712002,98.79999999999997,98.79999999999997,1.5199999999999998,4.779786746621616,6.299786746621615
ornstein-uhlenbeck,66,60.31213214309662,21.465166791040055,3990.2126612102547,2219.306747410116,138.21618121025423,68.76303510816342,3951.9964800000007,2163.6682680240806,100.0,13.124555722128365,0.0,2469.9977999999996,0.0,0.0,2163.6682680240806,0.0,0.11261940002441406,0.043145179748535156,0.5,0.03166666666666666,283539.3608816644,148075.44533453014,100.31999999999996,100.31999999999996,1.5199999999999998,4.779786746621616,6.299786746621615
ornstein-uhlenbeck,67,65.77484510939998,22.445162648946045,4404.99989564858,2224.121406245727,138.31829564857884,73.57769394377483,4366.681600000001,2163.6682680240806,100.0,13.124555722128365,0.0,2729.1760000000004,0.0,0.0,2163.6682680240806,0.0,0.15819168090820312,0.047088623046875,0.5,0.03166666666666666,287944.36077731295,150299.56674077586,101.83999999999996,101.83999999999996,1.5199999999999998,4.779786746621616,6.299786746621615
ornstein-uhlenbeck,68,67.10954927507268,21.693751947045982,4423.8140753484395,2225.7682130914877,169.2108753484393,75.22450078953518,4354.6032000000005,2163.6682680240806,100.0,13.124555722128365,0.0,2721.627,0.0,0.0,2163.6682680240806,0.0,0.1171727180480957,0.06002187728881836,0.5,0.03166666666666666,292368.1748526614,152525.33495386734,103.35999999999996,103.35999999999996,1.5199999999999998,4.779786746621616,6.299786746621615
ornstein-uhlenbeck,69,64.06529014238073,21.988337052490582,4385.310887246173,2220.413497786989,152.1684872461724,69.86978548503679,4333.1424,2163.6682680240806,100.0,13.124555722128365,0.0,2708.2139999999995,0.0,0.0,2163.6682680240806,0.0,0.11187314987182617,0.036524057388305664,0.5,0.03166666666666666,296753.48573990754,154745.74845165433,104.87999999999995,104.87999999999995,1.5199999999999998,4.779786746621616,6.299786746621615
ornstein-uhlenbeck,70,66.31330141728326,22.87025498453884,4394.406600642866,2229.3377842546297,147.32020064286598,78.79407195267726,4347.0864,2163.6682680240806,100.0,13.124555722128365,0.0,2716.929,0.0,0.0,2163.6682680240806,0.0,0.08054208755493164,0.043480873107910156,0.5,0.03166666666666666,301147.89234055043,156975.08623590897,106.39999999999995,106.39999999999995,1.5199999999999998,4.779786746621616,6.299786746621615
ornstein-uhlenbeck,71,67.2174341679452,19.82075507354983,4406.31110976605,2228.1901081006185,136.2823097660502,77.64639579866615,4370.0288,2163.6682680240806,100.0,13.124555722128365,0.0,2731.2680000000005,0.0,0.0,2163.6682680240806,0.0,0.09672355651855469,0.029636144638061523,0.5,0.03166666666666666,305554.2034503165,159203.2763440096,107.91999999999994,107.91999999999994,1.5199999999999998,4.779786746621616,6.299786746621615
ornstein-uhlenbeck,72,58.16194922361857,19.955626252156197,3986.570386035235,2219.895336572489,161.35070603523397,69.35162427053702,3925.219680000001,2163.6682680240806,100.0,13.124555722128365,0.0,2453.2623000000012,0.0,0.0,2163.6682680240806,0.0,0.12118053436279297,0.03849482536315918,0.5,0.03166666666666666,309540.77383635176,161423.17168058208,109.43999999999994,109.43999999999994,1.5199999999999998,4.779786746621616,6.299786746621615
ornstein-uhlenbeck,73,55.062300670365424,21.25843907517822,3966.7735498366774,2216.1552217957887,130.5364298366766,65.6115094938363,3936.2371200000007,2163.6682680240806,100.0,13.124555722128365,0.0,2460.1482,0.0,0.0,2163.6682680240806,0.0,0.08577775955200195,0.0340731143951416,0.5,0.03166666666666666,313507.5473861884,163639.32690237786,110.95999999999994,110.95999999999994,1.5199999999999998,4.779786746621616,6.299786746621615
ornstein-uhlenbeck,74,64.48514502937071,23.121770037214326,4401.105475091949,2220.8513047177803,132.72147509194855,70.30759241582777,4368.384000000001,2163.6682680240806,100.0,13.124555722128365,0.0,2730.2400000000007,0.0,0.0,2163.6682680240806,0.0,0.15155887603759766,0.06939554214477539,0.5,0.03166666666666666,317908.65286128037,165860.17820709563,112.47999999999993,112.47999999999993,1.5199999999999998,4.779786746621616,6.299786746621615
ornstein-uhlenbeck,75,63.71693699619069,20.161137171281872,4423.917018341283,2224.7749501555154,146.6962183412834,74.23123785356299,4377.2208,2163.6682680240806,100.0,13.124555722128365,0.0,2735.763,0.0,0.0,2163.6682680240806,0.0,0.14692926406860352,0.07498288154602051,0.5,0.03166666666666666,322332.5698796217,168084.95315725115,113.99999999999993,113.99999999999993,1.5199999999999998,4.779786746621616,6.299786746621615
ornstein-uhlenbeck,76,63.51638972813557,21.708189730232622,4386.358113777355,2221.2146258703356,130.59811377735613,70.67091356838299,4355.759999999999,2163.6682680240806,100.0,13.124555722128365,0.0,2722.3499999999995,0.0,0.0,2163.6682680240806,0.0,0.14306974411010742,0.0625925064086914,0.5,0.03166666666666666,326718.92799339903,170306.1677831215,115.51999999999992,115.51999999999992,1.5199999999999998,4.779786746621616,6.299786746621615
ornstein-uhlenbeck,77,60.61197806109228,22.225340118528493,4400.332145333585,2215.8186706640763,139.14014533358431,65.2749583621241,4361.192,2163.6682680240806,100.0,13.124555722128365,0.0,2725.745,0.0,0.0,2163.6682680240806,0.0,0.13160085678100586,0.05704855918884277,0.5,0.03166666666666666,331119.2601387326,172521.98645378556,117.03999999999992,117.03999999999992,1.5199999999999998,4.779786746621616,6.299786746621615
ornstein-uhlenbeck,78,64.5585908360077,25.661627247224295,4414.605881601949,2217.91878044553,163.78988160194842,67.37506814357776,4350.816,2163.6682680240806,100.0,13.124555722128365,0.0,2719.26,0.0,0.0,2163.6682680240806,0.0,0.13463306427001953,0.04804253578186035,0.5,0.03166666666666666,335533.86602033454,174739.9052342311,118.55999999999992,118.55999999999992,1.5199999999999998,4.779786746621616,6.299786746621615
ornstein-uhlenbeck,79,55.91879099028677,20.70246656196347,3971.4948360378967,2217.259009488801,127.45147603789502,66.71529718684877,3944.0433600000015,2163.6682680240806,100.0,13.124555722128365,0.0,2465.027100000001,0.0,0.0,2163.6682680240806,0.0,0.1214742660522461,0.04450035095214844,0.5,0.03166666666666666,339505.36085637246,176957.1642437199,120.07999999999991,120.07999999999991,1.5199999999999998,4.779786746621616,6.299786746621615
ornstein-uhlenbeck,80,53.59622975902753,22.13180284560607,3968.9838106607904,2212.7335610895852,118.51949066078924,62.18984878763265,3950.464320000001,2163.6682680240806,100.0,13.124555722128365,0.0,2469.0402,0.0,0.0,2163.6682680240806,0.0,0.11680865287780762,0.04526352882385254,0.5,0.03166666666666666,343474.34466703323,179169.89780480947,121.59999999999991,121.59999999999991,1.5199999999999998,4.779786746621616,6.299786746621615
ornstein-uhlenbeck,81,58.978915413409766,21.21855728164276,4390.4082273607355,2212.6698020615154,123.7266273607346,62.12608975956309,4366.681600000001,2163.6682680240806,100.0,13.124555722128365,0.0,2729.1760000000004,0.0,0.0,2163.6682680240806,0.0,0.14373421669006348,0.04896044731140137,0.5,0.03166666666666666,347864.752894394,181382.567606871,123.1199999999999,123.1199999999999,1.5199999999999998,4.779786746621616,6.299786746621615
ornstein-uhlenbeck,82,58.437271008625736,21.07338366419708,4396.344949493123,2211.6336062285845,119.12414949312317,61.08989392663213,4377.2208,2163.6682680240806,100.0,13.124555722128365,0.0,2735.763,0.0,0.0,2163.6682680240806,0.0,0.12265849113464355,0.04639315605163574,0.5,0.03166666666666666,352261.0978438871,183594.2012130996,124.6399999999999,124.6399999999999,1.5199999999999998,4.779786746621616,6.299786746621615
ornstein-uhlenbeck,83,62.14461809897603,25.177474658997905,4401.8458458983105,2210.0596274451473,149.4906458983105,59.51591514319493,4352.3552,2163.6682680240806,100.0,13.124555722128365,0.0,2720.2219999999993,0.0,0.0,2163.6682680240806,0.0,0.1132197380065918,0.04687976837158203,0.5,0.03166666666666666,356662.94368978543,185804.26084054474,126.1599999999999,126.1599999999999,1.5199999999999998,4.779786746621616,6.299786746621615
ornstein-uhlenbeck,84,62.22046488779629,23.09744081791274,4399.089466859275,2216.6721638418676,136.1950668592747,66.12845153991512,4362.8944,2163.6682680240806,100.0,13.124555722128365,0.0,2726.8089999999993,0.0,0.0,2163.6682680240806,0.0,0.10189461708068848,0.03660726547241211,0.5,0.03166666666666666,361062.0331566447,188020.9330043866,127.6799999999999,127.6799999999999,1.5199999999999998,4.779786746621616,6.299786746621615
ornstein-uhlenbeck,85,59.660714619294026,24.33958557165145,4385.777918953381,2211.545506269386,112.34431895338076,61.00179396743338,4373.4336,2163.6682680240806,100.0,13.124555722128365,0.0,2733.396,0.0,0.0,2163.6682680240806,0.0,0.10632729530334473,0.027673721313476562,0.5,0.03166666666666666,365447.8110755981,190232.478510656,129.1999999999999,129.1999999999999,1.5199999999999998,4.779786746621616,6.299786746621615
ornstein-uhlenbeck,86,56.574924098125685,18.55812961047008,3979.227069210333,2219.1325244407008,135.18370921033156,68.5888121387484,3944.0433600000015,2163.6682680240806,100.0,13.124555722128365,0.0,2465.027100000001,0.0,0.0,2163.6682680240806,0.0,0.09862780570983887,0.047547340393066406,0.5,0.03166666666666666,369427.03814480844,192451.6110350967,130.7199999999999,130.7199999999999,1.5199999999999998,4.779786746621616,6.299786746621615
ornstein-uhlenbeck,87,53.59190945695809,19.99580201335803,3969.462735952289,2211.9610224658527,117.46625595228846,61.41731016390045,3951.9964800000007,2163.6682680240806,100.0,13.124555722128365,0.0,2469.9977999999996,0.0,0.0,2163.6682680240806,0.0,0.11468362808227539,0.0485837459564209,0.5,0.03166666666666666,373396.5008807607,194663.57205756253,132.23999999999992,132.23999999999992,1.5199999999999998,4.779786746621616,6.299786746621615
ornstein-uhlenbeck,88,60.04684230407816,22.953308354569437,4396.024773076648,2217.8466865909973,127.6407730766472,67.30297428904491,4368.384000000001,2163.6682680240806,100.0,13.124555722128365,0.0,2730.2400000000007,0.0,0.0,2163.6682680240806,0.0,0.12260174751281738,0.049106597900390625,0.5,0.03166666666666666,377792.52565383737,196881.41874415352,133.75999999999993,133.75999999999993,1.5199999999999998,4.779786746621616,6.299786746621615
ornstein-uhlenbeck,89,60.14195686276033,24.29566299336134,4410.845947112818,2216.254840716226,154.54034711281804,65.71112841427401,4356.3056,2163.6682680240806,100.0,13.124555722128365,0.0,2722.6910000000003,0.0,0.0,2163.6682680240806,0.0,0.12035822868347168,0.045812129974365234,0.5,0.03166666666666666,382203.3716009502,199097.67358486974,135.27999999999994,135.27999999999994,1.5199999999999998,4.779786746621616,6.299786746621615
ornstein-uhlenbeck,90,61.35026660835263,23.245678851953112,4372.809785190576,2219.41235290081,136.26258519057598,68.86864059885784,4336.5472,2163.6682680240806,100.0,13.124555722128365,0.0,2710.3419999999996,0.0,0.0,2163.6682680240806,0.0,0.12040019035339355,0.024570703506469727,0.5,0.03166666666666666,386576.18138614076,201317.08593777055,136.79999999999995,136.79999999999995,1.5199999999999998,4.779786746621616,6.299786746621615
ornstein-uhlenbeck,91,59.8737660921748,20.856730187786074,4395.010897441692,2220.784053490474,132.11649744169193,70.24034118852154,4362.8944,2163.6682680240806,100.0,13.124555722128365,0.0,2726.8089999999993,0.0,0.0,2163.6682680240806,0.0,0.1269853115081787,0.041071414947509766,0.5,0.03166666666666666,390971.19228358247,203537.86999126102,138.31999999999996,138.31999999999996,1.5199999999999998,4.779786746621616,6.299786746621615
ornstein-uhlenbeck,92,58.994710139004816,21.28998201776202,4389.423287486816,2221.7431720447426,121.0968874868158,71.1994597427903,4368.3264,2163.6682680240806,100.0,13.124555722128365,0.0,2730.204,0.0,0.0,2163.6682680240806,0.0,0.10878777503967285,0.04600095748901367,0.5,0.03166666666666666,395360.6155710693,205759.61316330577,139.83999999999997,139.83999999999997,1.5199999999999998,4.779786746621616,6.299786746621615
ornstein-uhlenbeck,93,53.63280233752471,18.894109406430882,3943.1960000000013,2216.835693288211,0.0,66.29198098625864,4043.1960000000013,2163.6682680240806,100.0,13.124555722128365,0.0,2526.9975000000004,0.0,0.0,2163.6682680240806,0.0,0.12917685508728027,0.04734301567077637,0.5,0.03166666666666666,399303.8115710693,207976.44885659398,139.83999999999997,141.35999999999999,1.5199999999999998,4.779786746621616,6.299786746621615
ornstein-uhlenbeck,94,51.70400100311114,22.443635858732016,3980.9460135503905,2204.8040821409313,132.01385355038974,54.260369838978704,3948.9321600000007,2163.6682680240806,100.0,13.124555722128365,0.0,2468.0826,0.0,0.0,2163.6682680240806,0.0,0.1131446361541748,0.04880380630493164,0.5,0.03166666666666666,403284.7575846197,210181.25293873492,141.35999999999999,142.88,1.5199999999999998,4.779786746621616,6.299786746621615
ornstein-uhlenbeck,95,56.632244685914934,22.852851933501228,4379.040000000001,2205.2816467135567,0.0,54.73793441160427,4479.040000000001,2163.6682680240806,100.0,13.124555722128365,0.0,2799.4000000000005,0.0,0.0,2163.6682680240806,0.0,0.1143646240234375,0.059685707092285156,0.5,0.03166666666666666,407663.79758461966,212386.53458544848,141.35999999999999,144.4,1.5199999999999998,4.779786746621616,6.299786746621615
ornstein-uhlenbeck,96,59.020531983189386,23.81214442054662,4425.98573193756,2220.6400356521654,167.97773193755918,70.0963233502132,4358.008000000001,2163.6682680240806,100.0,13.124555722128365,0.0,2723.7549999999997,0.0,0.0,2163.6682680240806,0.0,0.10831618309020996,0.045694589614868164,0.5,0.03166666666666666,412089.78331655724,214607.17462110065,142.88,145.92000000000002,1.5199999999999998,4.779786746621616,6.299786746621615
ornstein-uhlenbeck,97,58.22451609719612,19.542709990314965,4387.564413742163,2215.698051443861,131.80441374216431,65.15433914190882,4355.759999999999,2163.6682680240806,100.0,13.124555722128365,0.0,2722.3499999999995,0.0,0.0,2163.6682680240806,0.0,0.11892580986022949,0.03449845314025879,0.5,0.03166666666666666,416477.3477302994,216822.8726725445,144.4,147.44000000000003,1.5199999999999998,4.779786746621616,6.299786746621615
ornstein-uhlenbeck,98,57.444674521712564,20.477262446391663,4398.777573500212,2215.114437293416,135.88317350021237,64.57072499146345,4362.8944,2163.6682680240806,100.0,13.124555722128365,0.0,2726.8089999999993,0.0,0.0,2163.6682680240806,0.0,0.11847233772277832,0.04598116874694824,0.5,0.03166666666666666,420876.12530379964,219037.9871098379,145.92000000000002,148.96000000000004,1.5199999999999998,4.779786746621616,6.299786746621615
ornstein-uhlenbeck,99,54.98482231484365,22.153209052684726,4397.000420267687,2207.4871806804767,144.48202026768737,56.9434683785245,4352.5184,2163.6682680240806,100.0,13.124555722128365,0.0,2720.3240000000005,0.0,0.0,2163.6682680240806,0.0,0.12343358993530273,0.04447650909423828,0.5,0.03166666666666666,425273.12572406733,221245.47429051838,147.44000000000003,150.48000000000005,1.5199999999999998,4.779786746621616,6.299786746621615
ornstein-uhlenbeck,100,52.91454745711434,19.3106729000628,3975.5955955248087,2211.584055450281,133.08439552480752,61.0403431483288,3942.5112000000013,2163.6682680240806,100.0,13.124555722128365,0.0,2464.0695000000005,0.0,0.0,2163.6682680240806,0.0,0.12956690788269043,0.061968088150024414,0.5,0.03166666666666666,429248.72131959215,223457.05834596866,148.96000000000004,152.00000000000006,1.5199999999999998,4.779786746621616,6.299786746621615
ornstein-uhlenbeck,101,49.933749474122145,19.876365489589876,3966.424496692429,2205.9109142053658,114.42801669242826,55.36720190341359,3951.9964800000007,2163.6682680240806,100.0,13.124555722128365,0.0,2469.9977999999996,0.0,0.0,2163.6682680240806,0.0,0.11476469039916992,0.051355838775634766,0.5,0.03166666666666666,433215.1458162846,225662.96926017402,150.48000000000005,153.52000000000007,1.5199999999999998,4.779786746621616,6.299786746621615
ornstein-uhlenbeck,102,55.07193535586938,21.741245238697864,4390.405096646095,2211.1458328819467,122.02109664609482,60.602120579994505,4368.384000000001,2163.6682680240806,100.0,13.124555722128365,0.0,2730.2400000000007,0.0,0.0,2163.6682680240806,0.0,0.13313055038452148,0.048764705657958984,0.5,0.03166666666666666,437605.5509129307,227874.11509305597,152.00000000000006,155.04000000000008,1.5199999999999998,4.779786746621616,6.299786746621615
ornstein-uhlenbeck,103,53.573188138268456,24.698300518241656,4394.349794530769,2199.8783657557096,138.04419453076906,49.334653453757426,4356.3056,2163.6682680240806,100.0,13.124555722128365,0.0,2722.6910000000003,0.0,0.0,2163.6682680240806,0.0,0.1251053810119629,0.04528927803039551,0.5,0.03166666666666666,441999.90070746146,230073.9934588117,153.52000000000007,156.5600000000001,1.5199999999999998,4.779786746621616,6.299786746621615
ornstein-uhlenbeck,104,54.654275043576,23.121358537689364,4390.578951758453,2203.7508509612285,134.81895175845315,53.2071386592761,4355.759999999999,2163.6682680240806,100.0,13.124555722128365,0.0,2722.3499999999995,0.0,0.0,2163.6682680240806,0.0,0.11471796035766602,0.023658037185668945,0.5,0.03166666666666666,446390.4796592199,232277.7443097729,155.04000000000008,158.0800000000001,1.5199999999999998,4.779786746621616,6.299786746621615
ornstein-uhlenbeck,105,56.68855799815143,22.58014409922162,4387.992134371659,2215.379469959803,140.90573437165884,64.83575765785055,4347.0864,2163.6682680240806,100.0,13.124555722128365,0.0,2716.929,0.0,0.0,2163.6682680240806,0.0,0.10999751091003418,0.04561805725097656,0.5,0.03166666666666666,450778.47179359157,234493.1237797327,156.5600000000001,159.6000000000001,1.5199999999999998,4.779786746621616,6.299786746621615
ornstein-uhlenbeck,106,55.49911127276505,21.46111047814788,4400.85512093677,2211.0740364606604,150.03912093677016,60.53032415870787,4350.816,2163.6682680240806,100.0,13.124555722128365,0.0,2719.26,0.0,0.0,2163.6682680240806,0.0,0.1302506923675537,0.04648399353027344,0.5,0.03166666666666666,455179.3269145283,236704.19781619337,158.0800000000001,161.12000000000012,1.5199999999999998,4.779786746621616,6.299786746621615
ornstein-uhlenbeck,107,50.45195242807839,19.95580473937459,3955.1717726443107,2201.3273592620408,129.95209264430954,50.78364696008862,3925.219680000001,2163.6682680240806,100.0,13.124555722128365,0.0,2453.2623000000012,0.0,0.0,2163.6682680240806,0.0,0.13093948364257812,0.04459834098815918,0.5,0.03166666666666666,459134.49868717266,238905.5251754554,159.6000000000001,162.64000000000013,1.5199999999999998,4.779786746621616,6.299786746621615
ornstein-uhlenbeck,108,50.20047809344135,19.588835576657292,3951.368000000001,2210.158734278468,0.0,59.61502197651527,4051.368000000001,2163.6682680240806,100.0,13.124555722128365,0.0,2532.105,0.0,0.0,2163.6682680240806,0.0,0.10989069938659668,0.03804612159729004,0.5,0.03166666666666666,463085.8666871727,241115.68390973387,159.6000000000001,164.16000000000014,1.5199999999999998,4.779786746621616,6.299786746621615
ornstein-uhlenbeck,109,55.78672617513312,19.19665592324132,4379.040000000001,2213.670791904747,0.0,63.12707960279455,4479.040000000001,2163.6682680240806,100.0,13.124555722128365,0.0,2799.4000000000005,0.0,0.0,2163.6682680240806,0.0,0.17746257781982422,0.04820442199707031,0.5,0.03166666666666666,467464.90668717265,243329.3547016386,159.6000000000001,165.68000000000015,1.5199999999999998,4.779786746621616,6.299786746621615
ornstein-uhlenbeck,110,53.78060159181181,21.27533029051775,4388.12,2214.0679810692386,0.0,63.524268767286074,4488.12,2163.6682680240806,100.0,13.124555722128365,0.0,2805.075,0.0,0.0,2163.6682680240806,0.0,0.11501359939575195,0.038900136947631836,0.5,0.03166666666666666,471853.02668717265,245543.42268270784,159.6000000000001,167.20000000000016,1.5199999999999998,4.779786746621616,6.299786746621615
ornstein-uhlenbeck,111,56.586134313268495,20.788080531412266,4389.8994061518815,2211.498857553269,151.64980615188148,60.95514525131668,4338.2496,2163.6682680240806,100.0,13.124555722128365,0.0,2711.4059999999995,0.0,0.0,2163.6682680240806,0.0,0.12166523933410645,0.04488062858581543,0.5,0.03166666666666666,476242.92609332455,247754.9215402611,161.12000000000012,168.72000000000017,1.5199999999999998,4.779786746621616,6.299786746621615
ornstein-uhlenbeck,112,56.10645076081829,21.86663043971882,4374.280000000001,2212.709421946657,0.0,62.165709644704606,4474.280000000001,2163.6682680240806,100.0,13.124555722128365,0.0,2796.425,0.0,0.0,2163.6682680240806,0.0,0.11902976036071777,0.0530095100402832,0.5,0.03166666666666666,480617.2060933246,249967.63096220777,161.12000000000012,170.24000000000018,1.5199999999999998,4.779786746621616,6.299786746621615
ornstein-uhlenbeck,113,56.28930227360954,24.8523395642367,4421.082468766674,2206.5788707542674,170.2664687666736,56.035158452314896,4350.816,2163.6682680240806,100.0,13.124555722128365,0.0,2719.26,0.0,0.0,2163.6682680240806,0.0,0.12236762046813965,0.04468178749084473,0.5,0.03166666666666666,485038.28856209124,252174.20983296205,162.64000000000013,171.7600000000002,1.5199999999999998,4.779786746621616,6.299786746621615
ornstein-uhlenbeck,114,48.38979969340716,19.619012567831305,3946.0063258443793,2205.9783601948907,117.72232584437808,55.43464789293833,3928.284000000001,2163.6682680240806,100.0,13.124555722128365,0.0,2455.1775000000007,0.0,0.0,2163.6682680240806,0.0,0.12515592575073242,0.04886674880981445,0.5,0.03166666666666666,488984.2948879356,254380.18819315694,164.16000000000014,173.2800000000002,1.5199999999999998,4.779786746621616,6.299786746621615
ornstein-uhlenbeck,115,49.96508492343886,24.114287903761255,3952.0652907955077,2202.4933970800134,103.13313079550691,51.94968477806092,3948.9321600000007,2163.6682680240806,100.0,13.124555722128365,0.0,2468.0826,0.0,0.0,2163.6682680240806,0.0,0.11326265335083008,0.039351701736450195,0.5,0.03166666666666666,492936.36017873115,256582.68159023696,165.68000000000015,174.8000000000002,1.5199999999999998,4.779786746621616,6.299786746621615
ornstein-uhlenbeck,116,59.19099261252609,23.11901488799595,4373.813069987753,2212.0622761613126,126.34426998775149,61.518563859360384,4347.4688000000015,2163.6682680240806,100.0,13.124555722128365,0.0,2717.1680000000006,0.0,0.0,2163.6682680240806,0.0,0.12396693229675293,0.03771376609802246,0.5,0.03166666666666666,497310.1732487189,258794.74386639826,167.20000000000016,176.32000000000022,1.5199999999999998,4.779786746621616,6.299786746621615
ornstein-uhlenbeck,117,57.0703263394949,22.563224675029094,4399.6897795207915,2215.7636223136446,138.2769795207911,65.21991001169238,4361.4128,2163.6682680240806,100.0,13.124555722128365,0.0,2725.883,0.0,0.0,2163.6682680240806,0.0,0.11589813232421875,0.047219276428222656,0.5,0.03166666666666666,501709.8630282397,261010.5074887119,168.72000000000017,177.84000000000023,1.5199999999999998,4.779786746621616,6.299786746621615
ornstein-uhlenbeck,118,54.55256411642057,24.223810352146653,4379.885966907747,2207.1882850864745,141.6363669077474,56.644572784522026,4338.2496,2163.6682680240806,100.0,13.124555722128365,0.0,2711.4059999999995,0.0,0.0,2163.6682680240806,0.0,0.11454916000366211,0.04872846603393555,0.5,0.03166666666666666,506089.7489951474,263217.6957737984,170.24000000000018,179.36000000000024,1.5199999999999998,4.779786746621616,6.299786746621615
ornstein-uhlenbeck,119,54.98692169913736,20.82383559800744,4390.317925520024,2212.3123443632517,148.33872552002356,61.768632061299236,4341.979200000001,2163.6682680240806,100.0,13.124555722128365,0.0,2713.737,0.0,0.0,2163.6682680240806,0.0,0.09839797019958496,0.045966386795043945,0.5,0.03166666666666666,510480.0669206674,265430.00811816164,171.7600000000002,180.88000000000025,1.5199999999999998,4.779786746621616,6.299786746621615
ornstein-uhlenbeck,120,56.02652143925963,21.932842827502135,4388.10483964517,2209.5844032740943,116.37363964516945,59.0406909721421,4371.7312,2163.6682680240806,100.0,13.124555722128365,0.0,2732.3320000000003,0.0,0.0,2163.6682680240806,0.0,0.12214517593383789,0.03584790229797363,0.5,0.03166666666666666,514868.1717603126,267639.59252143576,173.2800000000002,182.40000000000026,1.5199999999999998,4.779786746621616,6.299786746621615
ornstein-uhlenbeck,121,48.800246541746986,22.82773664724308,3961.433993099939,2153.710378968619,133.1499930999379,0.0,3928.284000000001,2163.6682680240806,100.0,9.9578890554617,0.0,2455.1775000000007,0.0,0.0,2163.6682680240806,0.0,0.1125187873840332,0.03713417053222656,0.5,0.0,518829.6057534125,269793.3029004044,174.8000000000002,182.40000000000026,0.0,4.779786746621616,4.779786746621616
ornstein-uhlenbeck,122,47.453963678782365,21.1832792243011,3978.504443908238,2153.710378968619,128.04012390823718,0.0,3950.464320000001,2163.6682680240806,100.0,9.9578890554617,0.0,2469.0402,0.0,0.0,2163.6682680240806,0.0,0.10206174850463867,0.029984712600708008,0.5,0.0,522808.11019732076,271947.013279373,176.32000000000022,182.40000000000026,0.0,4.779786746621616,4.779786746621616
ornstein-uhlenbeck,123,54.48777040936975,22.48224952721972,4402.020916363413,2153.710378968619,152.84971636341186,0.0,4349.171200000001,2163.6682680240806,100.0,9.9578890554617,0.0,2718.232000000001,0.0,0.0,2163.6682680240806,0.0,0.1195065975189209,0.04156780242919922,0.5,0.0,527210.1311136842,274100.7236583416,177.84000000000023,182.40000000000026,0.0,4.779786746621616,4.779786746621616
ornstein-uhlenbeck,124,53.05430965215286,24.24777651193461,4399.396947308915,2153.710378968619,143.09134730891483,0.0,4356.3056,2163.6682680240806,100.0,9.9578890554617,0.0,2722.6910000000003,0.0,0.0,2163.6682680240806,0.0,0.12601161003112793,0.04699373245239258,0.5,0.0,531609.5280609931,276254.43403731025,179.36000000000024,182.40000000000026,0.0,4.779786746621616,4.779786746621616
ornstein-uhlenbeck,125,54.97065167074279,19.976705715055893,4378.217042874242,2153.710378968619,122.4570428742427,0.0,4355.759999999999,2163.6682680240806,100.0,9.9578890554617,0.0,2722.3499999999995,0.0,0.0,2163.6682680240806,0.0,0.11852526664733887,0.056472063064575195,0.5,0.0,535987.7451038673,278408.14441627887,180.88000000000025,182.40000000000026,0.0,4.779786746621616,4.779786746621616
ornstein-uhlenbeck,126,54.6211800617788,23.637213610099796,4408.799076654406,2153.710378968619,145.90467665440647,0.0,4362.8944,2163.6682680240806,100.0,9.9578890554617,0.0,2726.8089999999993,0.0,0.0,2163.6682680240806,0.0,0.1179802417755127,0.045705556869506836,0.5,0.0,540396.5441805216,280561.8547952475,182.40000000000026,182.40000000000026,0.0,4.779786746621616,4.779786746621616
ornstein-uhlenbeck,127,57.26068036701133,22.111529594522082,4405.812584984134,2153.710378968619,132.37898498413438,0.0,4373.4336,2163.6682680240806,100.0,9.9578890554617,0.0,2733.396,0.0,0.0,2163.6682680240806,0.0,0.12593936920166016,0.048512935638427734,0.5,0.0,544802.3567655057,282715.5651742161,183.92000000000027,182.40000000000026,0.0,4.779786746621616,4.779786746621616
ornstein-uhlenbeck,128,47.66870372363751,19.276363500771083,3956.5642575592046,2153.710378968619,114.05305755920348,0.0,3942.5112000000013,2163.6682680240806,100.0,9.9578890554617,0.0,2464.0695000000005,0.0,0.0,2163.6682680240806,0.0,0.12846755981445312,0.048070669174194336,0.5,0.0,548758.921023065,284869.27555318474,185.44000000000028,182.40000000000026,0.0,4.779786746621616,4.779786746621616
ornstein-uhlenbeck,129,50.1923890572099,19.102356145624203,3951.368000000001,2153.710378968619,0.0,0.0,4051.368000000001,2163.6682680240806,100.0,9.9578890554617,0.0,2532.105,0.0,0.0,2163.6682680240806,0.0,0.11420798301696777,0.033179521560668945,0.5,0.0,552710.289023065,287022.98593215336,185.44000000000028,182.40000000000026,0.0,4.779786746621616,4.779786746621616
ornstein-uhlenbeck,130,55.0501966815776,22.259755325368154,4379.040000000001,2153.710378968619,0.0,0.0,4479.040000000001,2163.6682680240806,100.0,9.9578890554617,0.0,2799.4000000000005,0.0,0.0,2163.6682680240806,0.0,0.16028261184692383,0.048192501068115234,0.5,0.0,557089.329023065,289176.696311122,185.44000000000028,182.40000000000026,0.0,4.779786746621616,4.779786746621616
ornstein-uhlenbeck,131,55.655531220630856,23.073087324272876,4407.641565696482,2153.710378968619,147.93116569648222,0.0,4359.7104,2163.6682680240806,100.0,9.9578890554617,0.0,2724.819,0.0,0.0,2163.6682680240806,0.0,0.11679553985595703,0.037180423736572266,0.5,0.0,561496.9705887615,291330.4066900906,186.9600000000003,182.40000000000026,0.0,4.779786746621616,4.779786746621616
ornstein-uhlenbeck,132,58.142906956666344,23.641738849342403,4393.612030172625,2153.710378968619,137.85203017262603,0.0,4355.759999999999,2163.6682680240806,100.0,9.9578890554617,0.0,2722.3499999999995,0.0,0.0,2163.6682680240806,0.0,0.11685872077941895,0.042639970779418945,0.5,0.0,565890.5826189341,293484.1170690592,188.4800000000003,182.40000000000026,0.0,4.779786746621616,4.779786746621616
ornstein-uhlenbeck,133,54.40926838635454,26.017833880729995,4403.896627666068,2153.710378968619,156.8102276660676,0.0,4347.0864,2163.6682680240806,100.0,9.9578890554617,0.0,2716.929,0.0,0.0,2163.6682680240806,0.0,0.10193324089050293,0.04423952102661133,0.5,0.0,570294.4792466002,295637.82744802785,190.0000000000003,182.40000000000026,0.0,4.779786746621616,4.779786746621616
ornstein-uhlenbeck,134,52.69478802752972,24.029746761009548,4390.345034561676,2153.710378968619,134.42183456167547,0.0,4355.9232,2163.6682680240806,100.0,9.9578890554617,0.0,2722.452,0.0,0.0,2163.6682680240806,0.0,0.11856985092163086,0.0481562614440918,0.5,0.0,574684.8242811619,297791.5378269965,191.52000000000032,182.40000000000026,0.0,4.779786746621616,4.779786746621616
ornstein-uhlenbeck,135,50.12110923974577,23.619277964272293,3955.594291700098,2153.710378968619,127.31029170009697,0.0,3928.284000000001,2163.6682680240806,100.0,9.9578890554617,0.0,2455.1775000000007,0.0,0.0,2163.6682680240806,0.0,0.08806228637695312,0.034209489822387695,0.5,0.0,578640.4185728619,299945.2482059651,193.04000000000033,182.40000000000026,0.0,4.779786746621616,4.779786746621616
ornstein-uhlenbeck,136,49.076017118375184,20.811199985753426,3962.09516058245,2153.710378968619,110.09868058244926,0.0,3951.9964800000007,2163.6682680240806,100.0,9.9578890554617,0.0,2469.9977999999996,0.0,0.0,2163.6682680240806,0.0,0.07953000068664551,0.03929877281188965,0.5,0.0,582602.5137334444,302098.9585849337,194.56000000000034,182.40000000000026,0.0,4.779786746621616,4.779786746621616
ornstein-uhlenbeck,137,55.39032687466073,22.173933387450735,4389.9546595479815,2153.710378968619,140.7834595479804,0.0,4349.171200000001,2163.6682680240806,100.0,9.9578890554617,0.0,2718.232000000001,0.0,0.0,2163.6682680240806,0.0,0.1594679355621338,0.04694366455078125,0.5,0.0,586992.4683929924,304252.66896390234,196.08000000000035,182.40000000000026,0.0,4.779786746621616,4.779786746621616
ornstein-uhlenbeck,138,54.90236726991125,22.951418047622646,4395.570398408274,2153.710378968619,134.15759840827377,0.0,4361.4128,2163.6682680240806,100.0,9.9578890554617,0.0,2725.883,0.0,0.0,2163.6682680240806,0.0,0.12417340278625488,0.03929948806762695,0.5,0.0,591388.0387914006,306406.37934287096,197.60000000000036,182.40000000000026,0.0,4.779786746621616,4.779786746621616
ornstein-uhlenbeck,139,57.475810546719366,25.044232654328013,4385.071430594184,2153.710378968619,148.5242305941838,0.0,4336.5472,2163.6682680240806,100.0,9.9578890554617,0.0,2710.3419999999996,0.0,0.0,2163.6682680240806,0.0,0.11272788047790527,0.044940948486328125,0.5,0.0,595773.1102219948,308560.0897218396,199.12000000000037,182.40000000000026,0.0,4.779786746621616,4.779786746621616
ornstein-uhlenbeck,140,54.09991123676272,22.63930256769185,4398.495549776963,2153.710378968619,154.8139497769632,0.0,4343.6816,2163.6682680240806,100.0,9.9578890554617,0.0,2714.8009999999995,0.0,0.0,2163.6682680240806,0.0,0.1139669418334961,0.048450469970703125,0.5,0.0,600171.6057717717,310713.8001008082,200.64000000000038,182.40000000000026,0.0,4.779786746621616,4.779786746621616
ornstein-uhlenbeck,141,55.65673241237469,21.786394809242474,4401.011519208716,2153.710378968619,130.98271920871574,0.0,4370.0288,2163.6682680240806,100.0,9.9578890554617,0.0,2731.2680000000005,0.0,0.0,2163.6682680240806,0.0,0.12177538871765137,0.03569674491882324,0.5,0.0,604572.6172909804,312867.5104797768,202.1600000000004,182.40000000000026,0.0,4.779786746621616,4.779786746621616
ornstein-uhlenbeck,142,46.87517623180696,17.488068480558866,3953.3981430110484,2153.710378968619,110.88694301104717,0.0,3942.5112000000013,2163.6682680240806,100.0,9.9578890554617,0.0,2464.0695000000005,0.0,0.0,2163.6682680240806,0.0,0.11315751075744629,0.036733388900756836,0.5,0.0,608526.0154339914,315021.22085874545,203.6800000000004,182.40000000000026,0.0,4.779786746621616,4.779786746621616
ornstein-uhlenbeck,143,49.607366744555556,19.90676094966602,3942.494481638762,2153.710378968619,106.25736163876124,0.0,3936.2371200000007,2163.6682680240806,100.0,9.9578890554617,0.0,2460.1482,0.0,0.0,2163.6682680240806,0.0,0.0926964282989502,0.02528667449951172,0.5,0.0,612468.5099156302,317174.9312377141,205.20000000000041,182.40000000000026,0.0,4.779786746621616,4.779786746621616
ornstein-uhlenbeck,144,54.82633952012109,24.74436869653214,4405.937306361153,2153.710378968619,137.55330636115167,0.0,4368.384000000001,2163.6682680240806,100.0,9.9578890554617,0.0,2730.2400000000007,0.0,0.0,2163.6682680240806,0.0,0.10580778121948242,0.0325617790222168,0.5,0.0,616874.4472219914,319328.6416166827,206.72000000000043,182.40000000000026,0.0,4.779786746621616,4.779786746621616
ornstein-uhlenbeck,145,57.445335292217685,22.38203502161649,4388.12,2153.710378968619,0.0,0.0,4488.12,2163.6682680240806,100.0,9.9578890554617,0.0,2805.075,0.0,0.0,2163.6682680240806,0.0,0.1028449535369873,0.04665255546569824,0.5,0.0,621262.5672219914,321482.3519956513,206.72000000000043,182.40000000000026,0.0,4.779786746621616,4.779786746621616
ornstein-uhlenbeck,146,57.2807396718566,24.437652691867697,4387.913832079187,2153.710378968619,153.069032079187,0.0,4334.8448,2163.6682680240806,100.0,9.9578890554617,0.0,2709.2779999999993,0.0,0.0,2163.6682680240806,0.0,0.11870956420898438,0.040007829666137695,0.5,0.0,625650.4810540705,323636.06237461994,208.24000000000044,182.40000000000026,0.0,4.779786746621616,4.779786746621616
ornstein-uhlenbeck,147,57.42536768690892,21.715656492142788,4401.208045803118,2153.710378968619,155.82404580311672,0.0,4345.384000000001,2163.6682680240806,100.0,9.9578890554617,0.0,2715.865,0.0,0.0,2163.6682680240806,0.0,0.11060333251953125,0.04822945594787598,0.5,0.0,630051.6890998736,325789.77275358856,209.76000000000045,182.40000000000026,0.0,4.779786746621616,4.779786746621616
ornstein-uhlenbeck,148,55.87313356925379,24.045761535828685,4414.015597925298,2153.710378968619,142.2843979252977,0.0,4371.7312,2163.6682680240806,100.0,9.9578890554617,0.0,2732.3320000000003,0.0,0.0,2163.6682680240806,0.0,0.11718130111694336,0.047800302505493164,0.5,0.0,634465.7046977989,327943.4831325572,211.28000000000046,182.40000000000026,0.0,4.779786746621616,4.779786746621616
ornstein-uhlenbeck,149,50.1808150596057,18.633384340551064,3955.1774181565934,2153.710378968619,112.66621815659211,0.0,3942.5112000000013,2163.6682680240806,100.0,9.9578890554617,0.0,2464.0695000000005,0.0,0.0,2163.6682680240806,0.0,0.11737179756164551,0.024587631225585938,0.5,0.0,638420.8821159556,330097.1935115258,212.80000000000047,182.40000000000026,0.0,4.779786746621616,4.779786746621616
ornstein-uhlenbeck,150,49.33714952819989,22.4168411965965,3949.0474326200874,2153.710378968619,112.81031262008666,0.0,3936.2371200000007,2163.6682680240806,100.0,9.9578890554617,0.0,2460.1482,0.0,0.0,2163.6682680240806,0.0,0.09495115280151367,0.0475924015045166,0.5,0.0,642369.9295485757,332250.90389049443,214.32000000000048,182.40000000000026,0.0,4.779786746621616,4.779786746621616
ornstein-uhlenbeck,151,56.68731772866042,24.27728167143354,4395.867225724244,2153.710378968619,146.69602572424347,0.0,4349.171200000001,2163.6682680240806,100.0,9.9578890554617,0.0,2718.232000000001,0.0,0.0,2163.6682680240806,0.0,0.18157625198364258,0.04293990135192871,0.5,0.0,646765.7967742999,334404.61426946305,215.8400000000005,182.40000000000026,0.0,4.779786746621616,4.779786746621616
ornstein-uhlenbeck,152,58.273506046454344,23.88853372777856,4396.741668028048,2153.710378968619,138.7336680280464,0.0,4358.008000000001,2163.6682680240806,100.0,9.9578890554617,0.0,2723.7549999999997,0.0,0.0,2163.6682680240806,0.0,0.10732316970825195,0.03989768028259277,0.5,0.0,651162.538442328,336558.3246484317,217.3600000000005,182.40000000000026,0.0,4.779786746621616,4.779786746621616
ornstein-uhlenbeck,153,59.155911828027946,23.204184724703445,4396.32112913043,2153.710378968619,140.56112913043032,0.0,4355.759999999999,2163.6682680240806,100.0,9.9578890554617,0.0,2722.3499999999995,0.0,0.0,2163.6682680240806,0.0,0.345050573348999,0.026813745498657227,0.5,0.0,655558.8595714584,338712.0350274003,218.8800000000005,182.40000000000026,0.0,4.779786746621616,4.779786746621616
ornstein-uhlenbeck,154,59.01824212622245,22.192795759075228,4400.554600557831,2153.710378968619,137.66020055783068,0.0,4362.8944,2163.6682680240806,100.0,9.9578890554617,0.0,2726.8089999999993,0.0,0.0,2163.6682680240806,0.0,0.10655856132507324,0.04848122596740723,0.5,0.0,659959.4141720162,340865.7454063689,220.40000000000052,182.40000000000026,0.0,4.779786746621616,4.779786746621616
ornstein-uhlenbeck,155,57.2847582548535,24.4542266400804,4421.762551250961,2153.710378968619,148.3289512509613,0.0,4373.4336,2163.6682680240806,100.0,9.9578890554617,0.0,2733.396,0.0,0.0,2163.6682680240806,0.0,0.12078118324279785,0.06442928314208984,0.5,0.0,664381.1767232672,343019.45578533754,221.92000000000053,182.40000000000026,0.0,4.779786746621616,4.779786746621616
ornstein-uhlenbeck,156,54.037465295888126,22.767899444533818,3967.6791991706264,2153.710378968619,126.70015917062523,0.0,3940.979040000001,2163.6682680240806,100.0,9.9578890554617,0.0,2463.111900000001,0.0,0.0,2163.6682680240806,0.0,0.1351625919342041,0.061437368392944336,0.5,0.0,668348.8559224379,345173.16616430617,223.44000000000054,182.40000000000026,0.0,4.779786746621616,4.779786746621616
ornstein-uhlenbeck,157,51.16236397647976,22.313877670076575,3969.7269487246026,2153.710378968619,133.48982872460206,0.0,3936.2371200000007,2163.6682680240806,100.0,9.9578890554617,0.0,2460.1482,0.0,0.0,2163.6682680240806,0.0,0.11916589736938477,0.04904770851135254,0.5,0.0,672318.5828711624,347326.8765432748,224.96000000000055,182.40000000000026,0.0,4.779786746621616,4.779786746621616
ornstein-uhlenbeck,158,59.7238401477613,24.40032347181823,4379.040000000001,2153.710378968619,0.0,0.0,4479.040000000001,2163.6682680240806,100.0,9.9578890554617,0.0,2799.4000000000005,0.0,0.0,2163.6682680240806,0.0,0.14370441436767578,0.06472349166870117,0.5,0.0,676697.6228711625,349480.5869222434,224.96000000000055,182.40000000000026,0.0,4.779786746621616,4.779786746621616
ornstein-uhlenbeck,159,62.83053530252685,24.55053667744493,4423.985103095221,2153.710378968619,169.38190309522108,0.0,4354.6032000000005,2163.6682680240806,100.0,9.9578890554617,0.0,2721.627,0.0,0.0,2163.6682680240806,0.0,0.0857846736907959,0.06252670288085938,0.5,0.0,681121.6079742577,351634.29730121203,226.48000000000056,182.40000000000026,0.0,4.779786746621616,4.779786746621616
ornstein-uhlenbeck,160,58.5987893782559,21.927758965055496,4390.636529982879,2153.710378968619,136.57892998287986,0.0,4354.057599999999,2163.6682680240806,100.0,9.9578890554617,0.0,2721.2859999999996,0.0,0.0,2163.6682680240806,0.0,0.10657286643981934,0.041780948638916016,0.5,0.0,685512.2445042406,353788.00768018066,228.00000000000057,182.40000000000026,0.0,4.779786746621616,4.779786746621616
ornstein-uhlenbeck,161,61.75977671687062,24.497043004108868,4404.160837902651,2153.710378968619,141.26643790265086,0.0,4362.8944,2163.6682680240806,100.0,9.9578890554617,0.0,2726.8089999999993,0.0,0.0,2163.6682680240806,0.0,0.11545610427856445,0.03759360313415527,0.5,0.0,689916.4053421433,355941.7180591493,229.52000000000058,182.40000000000026,0.0,4.779786746621616,4.779786746621616
ornstein-uhlenbeck,162,62.122230450043084,20.803374219214703,4398.7009957739565,2153.710378968619,126.9697957739564,0.0,4371.7312,2163.6682680240806,100.0,9.9578890554617,0.0,2732.3320000000003,0.0,0.0,2163.6682680240806,0.0,0.0748591423034668,0.03905034065246582,0.5,0.0,694315.1063379173,358095.4284381179,231.0400000000006,182.40000000000026,0.0,4.779786746621616,4.779786746621616
ornstein-uhlenbeck,163,56.24948888826651,19.443175763820026,3962.99773382972,2153.710378968619,136.24589382971854,0.0,3926.7518400000013,2163.6682680240806,100.0,9.9578890554617,0.0,2454.219900000001,0.0,0.0,2163.6682680240806,0.0,0.10865449905395508,0.0443723201751709,0.5,0.0,698278.104071747,360249.1388170865,232.5600000000006,182.40000000000026,0.0,4.779786746621616,4.779786746621616
ornstein-uhlenbeck,164,56.87879118480694,22.339126377623476,3984.7707029228077,2153.710378968619,134.3063829228067,0.0,3950.464320000001,2163.6682680240806,100.0,9.9578890554617,0.0,2469.0402,0.0,0.0,2163.6682680240806,0.0,0.09657692909240723,0.053662776947021484,0.5,0.0,702262.8747746699,362402.84919605515,234.0800000000006,182.40000000000026,0.0,4.779786746621616,4.779786746621616
ornstein-uhlenbeck,165,61.219687170570985,21.361518259842573,4397.6580380296,2153.710378968619,151.89163802959845,0.0,4345.766400000001,2163.6682680240806,100.0,9.9578890554617,0.0,2716.1040000000007,0.0,0.0,2163.6682680240806,0.0,0.07189178466796875,0.03351283073425293,0.5,0.0,706660.5328126994,364556.55957502377,235.60000000000062,182.40000000000026,0.0,4.779786746621616,4.779786746621616
ornstein-uhlenbeck,166,61.45049377696767,24.15257853326547,4412.732658112568,2153.710378968619,153.02225811256818,0.0,4359.7104,2163.6682680240806,100.0,9.9578890554617,0.0,2724.819,0.0,0.0,2163.6682680240806,0.0,0.06961846351623535,0.03401470184326172,0.5,0.0,711073.265470812,366710.2699539924,237.12000000000063,182.40000000000026,0.0,4.779786746621616,4.779786746621616
ornstein-uhlenbeck,167,61.095087016692595,22.070533101313764,4368.8502919171015,2153.710378968619,116.49509191710135,0.0,4352.3552,2163.6682680240806,100.0,9.9578890554617,0.0,2720.2219999999993,0.0,0.0,2163.6682680240806,0.0,0.07699346542358398,0.026473045349121094,0.5,0.0,715442.1157627291,368863.980332961,238.64000000000064,182.40000000000026,0.0,4.779786746621616,4.779786746621616
ornstein-uhlenbeck,168,63.120279229465986,21.887574860256564,4387.649800173765,2153.710378968619,124.75540017376431,0.0,4362.8944,2163.6682680240806,100.0,9.9578890554617,0.0,2726.8089999999993,0.0,0.0,2163.6682680240806,0.0,0.09582662582397461,0.04657173156738281,0.5,0.0,719829.7655629029,371017.69071192964,240.16000000000065,182.40000000000026,0.0,4.779786746621616,4.779786746621616
ornstein-uhlenbeck,169,62.083245668849976,24.161703700222404,4430.807435397358,2153.710378968619,157.37383539735765,0.0,4373.4336,2163.6682680240806,100.0,9.9578890554617,0.0,2733.396,0.0,0.0,2163.6682680240806,0.0,0.1256883144378662,0.05705666542053223,0.5,0.0,724260.5729983003,373171.40109089826,241.68000000000066,182.40000000000026,0.0,4.779786746621616,4.779786746621616
ornstein-uhlenbeck,170,53.71403248739431,19.09422472623007,3943.206039493384,2153.710378968619,114.92203949338315,0.0,3928.284000000001,2163.6682680240806,100.0,9.9578890554617,0.0,2455.1775000000007,0.0,0.0,2163.6682680240806,0.0,0.1276240348815918,0.05786633491516113,0.5,0.0,728203.7790377937,375325.1114698669,243.20000000000067,182.40000000000026,0.0,4.779786746621616,4.779786746621616
ornstein-uhlenbeck,171,55.13348153286514,19.396543526400574,3977.9309641528075,2153.710378968619,125.93448415280679,0.0,3951.9964800000007,2163.6682680240806,100.0,9.9578890554617,0.0,2469.9977999999996,0.0,0.0,2163.6682680240806,0.0,0.11660242080688477,0.06002926826477051,0.5,0.0,732181.7100019465,377478.8218488355,244.72000000000068,182.40000000000026,0.0,4.779786746621616,4.779786746621616
ornstein-uhlenbeck,172,65.23109419914344,21.494358946740796,4405.331107697616,2153.710378968619,138.64950769761532,0.0,4366.681600000001,2163.6682680240806,100.0,9.9578890554617,0.0,2729.1760000000004,0.0,0.0,2163.6682680240806,0.0,0.1128227710723877,0.049619436264038086,0.5,0.0,736587.0411096441,379632.5322278041,246.2400000000007,182.40000000000026,0.0,4.779786746621616,4.779786746621616
ornstein-uhlenbeck,173,63.87649764135225,22.79001898103333,4412.8186937357095,2153.710378968619,153.10829373570985,0.0,4359.7104,2163.6682680240806,100.0,9.9578890554617,0.0,2724.819,0.0,0.0,2163.6682680240806,0.0,0.12048864364624023,0.048770904541015625,0.5,0.0,740999.8598033799,381786.24260677275,247.7600000000007,182.40000000000026,0.0,4.779786746621616,4.779786746621616
ornstein-uhlenbeck,174,65.8050137334734,21.512821626007423,4389.698875874252,2153.710378968619,133.9388758742524,0.0,4355.759999999999,2163.6682680240806,100.0,9.9578890554617,0.0,2722.3499999999995,0.0,0.0,2163.6682680240806,0.0,0.12009263038635254,0.03579401969909668,0.5,0.0,745389.5586792541,383939.9529857414,249.2800000000007,182.40000000000026,0.0,4.779786746621616,4.779786746621616
ornstein-uhlenbeck,175,63.93778206822773,22.1062178413134,4406.930367092349,2153.710378968619,164.9511670923481,0.0,4341.979200000001,2163.6682680240806,100.0,9.9578890554617,0.0,2713.737,0.0,0.0,2163.6682680240806,0.0,0.10908627510070801,0.046135663986206055,0.5,0.0,749796.4890463465,386093.66336471,250.80000000000072,182.40000000000026,0.0,4.779786746621616,4.779786746621616
ornstein-uhlenbeck,176,62.386669041931036,21.562395111526513,4405.6587687408155,2153.710378968619,153.14036874081532,0.0,4352.5184,2163.6682680240806,100.0,9.9578890554617,0.0,2720.3240000000005,0.0,0.0,2163.6682680240806,0.0,0.12665152549743652,0.059777021408081055,0.5,0.0,754202.1478150873,388247.3737436786,252.32000000000073,182.40000000000026,0.0,4.779786746621616,4.779786746621616
ornstein-uhlenbeck,177,58.298417239524305,19.176523121121516,3948.961767061139,2153.710378968619,122.20992706113796,0.0,3926.7518400000013,2163.6682680240806,100.0,9.9578890554617,0.0,2454.219900000001,0.0,0.0,2163.6682680240806,0.0,0.0855717658996582,0.0450289249420166,0.5,0.0,758151.1095821485,390401.08412264724,253.84000000000074,182.40000000000026,0.0,4.779786746621616,4.779786746621616
ornstein-uhlenbeck,178,59.41522926945256,21.06544790619253,3984.0388446964776,2153.710378968619,132.0423646964768,0.0,3951.9964800000007,2163.6682680240806,100.0,9.9578890554617,0.0,2469.9977999999996,0.0,0.0,2163.6682680240806,0.0,0.11821818351745605,0.03280162811279297,0.5,0.0,762135.148426845,392554.79450161586,255.36000000000075,182.40000000000026,0.0,4.779786746621616,4.779786746621616
ornstein-uhlenbeck,179,66.0296587233803,24.570236950537495,4433.24988843391,2153.710378968619,182.3762884339098,0.0,4350.873600000001,2163.6682680240806,100.0,9.9578890554617,0.0,2719.2960000000007,0.0,0.0,2163.6682680240806,0.0,0.11761474609375,0.035059213638305664,0.5,0.0,766568.3983152789,394708.5048805845,256.88000000000073,182.40000000000026,0.0,4.779786746621616,4.779786746621616
ornstein-uhlenbeck,180,65.610394469496,23.500836817935195,4399.7841237649645,2153.710378968619,125.9681237649651,0.0,4373.816,2163.6682680240806,100.0,9.9578890554617,0.0,2733.635,0.0,0.0,2163.6682680240806,0.0,0.12453103065490723,0.03848552703857422,0.5,0.0,770968.1824390439,396862.2152595531,258.4000000000007,182.40000000000026,0.0,4.779786746621616,4.779786746621616
ornstein-uhlenbeck,181,69.10753657379082,24.84304180565935,4393.122316978541,2153.710378968619,154.8727169785405,0.0,4338.2496,2163.6682680240806,100.0,9.9578890554617,0.0,2711.4059999999995,0.0,0.0,2163.6682680240806,0.0,0.10970783233642578,0.033451080322265625,0.5,0.0,775361.3047560224,399015.92563852173,259.9200000000007,182.40000000000026,0.0,4.779786746621616,4.779786746621616
ornstein-uhlenbeck,182,67.80321109234661,23.045232004530916,4418.210976114586,2153.710378968619,174.52937611458572,0.0,4343.6816,2163.6682680240806,100.0,9.9578890554617,0.0,2714.8009999999995,0.0,0.0,2163.6682680240806,0.0,0.12370443344116211,0.0543370246887207,0.5,0.0,779779.515732137,401169.63601749035,261.4400000000007,182.40000000000026,0.0,4.779786746621616,4.779786746621616
ornstein-uhlenbeck,183,67.63739347547047,21.56063740979482,4416.552336163361,2153.710378968619,143.11873616336138,0.0,4373.4336,2163.6682680240806,100.0,9.9578890554617,0.0,2733.396,0.0,0.0,2163.6682680240806,0.0,0.1361098289489746,0.056845903396606445,0.5,0.0,784196.0680683004,403323.346396459,262.96000000000066,182.40000000000026,0.0,4.779786746621616,4.779786746621616
ornstein-uhlenbeck,184,60.90873342515963,23.39393602525782,3983.4552953444972,2153.710378968619,139.4119353444957,0.0,3944.0433600000015,2163.6682680240806,100.0,9.9578890554617,0.0,2465.027100000001,0.0,0.0,2163.6682680240806,0.0,0.16092395782470703,0.10155057907104492,0.5,0.0,788179.5233636448,405477.0567754276,264.48000000000064,182.40000000000026,0.0,4.779786746621616,4.779786746621616
ornstein-uhlenbeck,185,64.39650229598227,20.200283503059946,4001.9302833917127,2153.710378968619,151.46596339171182,0.0,3950.464320000001,2163.6682680240806,100.0,9.9578890554617,0.0,2469.0402,0.0,0.0,2163.6682680240806,0.0,0.1452045440673828,0.06384634971618652,0.5,0.0,792181.4536470366,407630.7671543962,266.0000000000006,182.40000000000026,0.0,4.779786746621616,4.779786746621616
ornstein-uhlenbeck,186,72.91439051811676,24.412990720637453,4422.622253298883,2153.710378968619,173.45105329888273,0.0,4349.171200000001,2163.6682680240806,100.0,9.9578890554617,0.0,2718.232000000001,0.0,0.0,2163.6682680240806,0.0,0.10973000526428223,0.04099225997924805,0.5,0.0,796604.0759003354,409784.47753336484,267.5200000000006,182.40000000000026,0.0,4.779786746621616,4.779786746621616
ornstein-uhlenbeck,187,71.08677553908332,22.97461524898611,4378.871626257359,2153.710378968619,108.94682625735939,0.0,4369.9248,2163.6682680240806,100.0,9.9578890554617,0.0,2731.203,0.0,0.0,2163.6682680240806,0.0,0.12521004676818848,0.055930137634277344,0.5,0.0,800982.9475265928,411938.18791233347,269.0400000000006,182.40000000000026,0.0,4.779786746621616,4.779786746621616
ornstein-uhlenbeck,188,67.1192151031503,21.148690033457047,4392.737551103705,2153.710378968619,156.19035110370535,0.0,4336.5472,2163.6682680240806,100.0,9.9578890554617,0.0,2710.3419999999996,0.0,0.0,2163.6682680240806,0.0,0.12752795219421387,0.05166268348693848,0.5,0.0,805375.6850776965,414091.8982913021,270.56000000000057,182.40000000000026,0.0,4.779786746621616,4.779786746621616
ornstein-uhlenbeck,189,70.43912578346031,24.27910692593236,4417.780559759901,2153.710378968619,174.09895975990065,0.0,4343.6816,2163.6682680240806,100.0,9.9578890554617,0.0,2714.8009999999995,0.0,0.0,2163.6682680240806,0.0,0.1466076374053955,0.06279134750366211,0.5,0.0,809793.4656374564,416245.6086702707,272.08000000000055,182.40000000000026,0.0,4.779786746621616,4.779786746621616
ornstein-uhlenbeck,190,67.13854558328812,22.65840195572177,4421.0852170910075,2153.710378968619,149.35401709100697,0.0,4371.7312,2163.6682680240806,100.0,9.9578890554617,0.0,2732.3320000000003,0.0,0.0,2163.6682680240806,0.0,0.22088241577148438,0.05358314514160156,0.5,0.0,814214.5508545474,418399.31904923933,273.60000000000053,182.40000000000026,0.0,4.779786746621616,4.779786746621616
ornstein-uhlenbeck,191,61.089734155337474,20.537169200363834,3971.3859161375217,2153.710378968619,146.16623613752083,0.0,3925.219680000001,2163.6682680240806,100.0,9.9578890554617,0.0,2453.2623000000012,0.0,0.0,2163.6682680240806,0.0,0.10388493537902832,0.04765772819519043,0.5,0.0,818185.9367706849,420553.02942820796,275.1200000000005,182.40000000000026,0.0,4.779786746621616,4.779786746621616
ornstein-uhlenbeck,192,63.662491340690956,21.932551324066242,3991.7776205658015,2153.710378968619,142.8454605658007,0.0,3948.9321600000007,2163.6682680240806,100.0,9.9578890554617,0.0,2468.0826,0.0,0.0,2163.6682680240806,0.0,0.13666868209838867,0.05205488204956055,0.5,0.0,822177.7143912507,422706.7398071766,276.6400000000005,182.40000000000026,0.0,4.779786746621616,4.779786746621616
ornstein-uhlenbeck,193,70.27309508983275,24.019005274349087,4381.179007882782,2153.710378968619,120.09100788278123,0.0,4361.088000000001,2163.6682680240806,100.0,9.9578890554617,0.0,2725.6800000000007,0.0,0.0,2163.6682680240806,0.0,0.1382427215576172,0.05070376396179199,0.5,0.0,826558.8933991336,424860.4501861452,278.1600000000005,182.40000000000026,0.0,4.779786746621616,4.779786746621616
ornstein-uhlenbeck,194,70.02827577625989,21.51019714876259,4413.620394820487,2153.710378968619,152.20759482048695,0.0,4361.4128,2163.6682680240806,100.0,9.9578890554617,0.0,2725.883,0.0,0.0,2163.6682680240806,0.0,0.12792134284973145,0.05154132843017578,0.5,0.0,830972.513793954,427014.1605651138,279.68000000000046,182.40000000000026,0.0,4.779786746621616,4.779786746621616
ornstein-uhlenbeck,195,72.32580441960101,24.31519022182215,4400.85178574847,2153.710378968619,145.09178574847104,0.0,4355.759999999999,2163.6682680240806,100.0,9.9578890554617,0.0,2722.3499999999995,0.0,0.0,2163.6682680240806,0.0,0.12027192115783691,0.06125593185424805,0.5,0.0,835373.3655797025,429167.87094408245,281.20000000000044,182.40000000000026,0.0,4.779786746621616,4.779786746621616
ornstein-uhlenbeck,196,74.26111979640984,19.780798052886336,4409.67380555178,2153.710378968619,165.99220555178024,0.0,4343.6816,2163.6682680240806,100.0,9.9578890554617,0.0,2714.8009999999995,0.0,0.0,2163.6682680240806,0.0,0.10328936576843262,0.04705500602722168,0.5,0.0,839783.0393852544,431321.58132305107,282.7200000000004,182.40000000000026,0.0,4.779786746621616,4.779786746621616
ornstein-uhlenbeck,197,71.45095553392356,24.238409799896882,4427.026872218822,2153.710378968619,171.10367221882152,0.0,4355.9232,2163.6682680240806,100.0,9.9578890554617,0.0,2722.452,0.0,0.0,2163.6682680240806,0.0,0.1050410270690918,0.02906942367553711,0.5,0.0,844210.0662574732,433475.2917020197,284.2400000000004,182.40000000000026,0.0,4.779786746621616,4.779786746621616
ornstein-uhlenbeck,198,64.96544313941659,18.005468968428023,3973.327444186287,2153.710378968619,149.63992418628544,0.0,3923.6875200000013,2163.6682680240806,100.0,9.9578890554617,0.0,2452.304700000001,0.0,0.0,2163.6682680240806,0.0,0.11583685874938965,0.04469656944274902,0.5,0.0,848183.3937016595,435629.0020809883,285.7600000000004,182.40000000000026,0.0,4.779786746621616,4.779786746621616
ornstein-uhlenbeck,199,66.26418103300598,20.075113841569877,3982.2099459205215,2153.710378968619,133.27778592052059,0.0,3948.9321600000007,2163.6682680240806,100.0,9.9578890554617,0.0,2468.0826,0.0,0.0,2163.6682680240806,0.0,0.09274673461914062,0.02153325080871582,0.5,0.0,852165.60364758,437782.71245995694,287.28000000000037,182.40000000000026,0.0,4.779786746621616,4.779786746621616
ornstein-uhlenbeck,200,73.86155383057145,23.464294691434056,4417.84342643042,2153.710378968619,166.9698264304186,0.0,4350.873600000001,2163.6682680240806,100.0,9.9578890554617,0.0,2719.2960000000007,0.0,0.0,2163.6682680240806,0.0,0.12694120407104492,0.028815031051635742,0.5,0.0,856583.4470740104,439936.42283892556,288.80000000000035,182.40000000000026,0.0,4.779786746621616,4.779786746621616
ornstein-uhlenbeck,201,75.16702471845572,22.600775897201004,4425.181056084889,2153.710378968619,165.4706560848889,0.0,4359.7104,2163.6682680240806,100.0,9.9578890554617,0.0,2724.819,0.0,0.0,2163.6682680240806,0.0,0.10611844062805176,0.02411961555480957,0.5,0.0,861008.6281300953,442090.1332178942,290.32000000000033,182.40000000000026,0.0,4.779786746621616,4.779786746621616
ornstein-uhlenbeck,202,76.22836388852572,25.58531388822953,4420.43288464582,2153.710378968619,164.67288464582126,0.0,4355.759999999999,2163.6682680240806,100.0,9.9578890554617,0.0,2722.3499999999995,0.0,0.0,2163.6682680240806,0.0,0.11226963996887207,0.06820058822631836,0.5,0.0,865429.0610147411,444243.8435968628,291.8400000000003,182.40000000000026,0.0,4.779786746621616,4.779786746621616
ornstein-uhlenbeck,203,74.33966639714576,22.68157747349098,4422.345569089779,2153.710378968619,178.6639690897791,0.0,4343.6816,2163.6682680240806,100.0,9.9578890554617,0.0,2714.8009999999995,0.0,0.0,2163.6682680240806,0.0,0.11623477935791016,0.02647876739501953,0.5,0.0,869851.4065838308,446397.5539758314,293.3600000000003,182.40000000000026,0.0,4.779786746621616,4.779786746621616
ornstein-uhlenbeck,204,75.87820261182219,24.36118331240573,4397.649948206493,2153.710378968619,129.32354820649266,0.0,4368.3264,2163.6682680240806,100.0,9.9578890554617,0.0,2730.204,0.0,0.0,2163.6682680240806,0.0,0.10176706314086914,0.03260493278503418,0.5,0.0,874249.0565320373,448551.26435480005,294.8800000000003,182.40000000000026,0.0,4.779786746621616,4.779786746621616
ornstein-uhlenbeck,205,69.66710545558354,20.629350756877724,3990.401921492182,2153.710378968619,149.4228814921807,0.0,3940.979040000001,2163.6682680240806,100.0,9.9578890554617,0.0,2463.111900000001,0.0,0.0,2163.6682680240806,0.0,0.12282943725585938,0.04671621322631836,0.5,0.0,878239.4584535295,450704.9747337687,296.40000000000026,182.40000000000026,0.0,4.779786746621616,4.779786746621616
ornstein-uhlenbeck,206,69.47570124616813,20.946778564391515,4004.4383635158747,2153.710378968619,169.73340351587333,0.0,3934.704960000001,2163.6682680240806,100.0,9.9578890554617,0.0,2459.1906000000004,0.0,0.0,2163.6682680240806,0.0,0.11450600624084473,0.043442487716674805,0.5,0.0,882243.8968170454,452858.6851127373,297.92000000000024,182.40000000000026,0.0,4.779786746621616,4.779786746621616
ornstein-uhlenbeck,207,77.12572411695417,22.26948479512534,4431.890396532894,2153.710378968619,179.3143965328929,0.0,4352.576000000001,2163.6682680240806,100.0,9.9578890554617,0.0,2720.3600000000006,0.0,0.0,2163.6682680240806,0.0,0.21343469619750977,0.04865097999572754,0.5,0.0,886675.7872135784,455012.3954917059,299.4400000000002,182.40000000000026,0.0,4.779786746621616,4.779786746621616
ornstein-uhlenbeck,208,76.70671369473838,23.776666991110393,4441.089322569333,2153.710378968619,179.67652256933206,0.0,4361.4128,2163.6682680240806,100.0,9.9578890554617,0.0,2725.883,0.0,0.0,2163.6682680240806,0.0,0.12605571746826172,0.059716224670410156,0.5,0.0,891116.8765361477,457166.10587067454,300.9600000000002,182.40000000000026,0.0,4.779786746621616,4.779786746621616
ornstein-uhlenbeck,209,81.80321136307873,23.290265281214126,4410.653525415712,2153.710378968619,172.40392541571168,0.0,4338.2496,2163.6682680240806,100.0,9.9578890554617,0.0,2711.4059999999995,0.0,0.0,2163.6682680240806,0.0,0.13588333129882812,0.04597020149230957,0.5,0.0,895527.5300615634,459319.81624964316,302.4800000000002,182.40000000000026,0.0,4.779786746621616,4.779786746621616
ornstein-uhlenbeck,210,78.6036606354538,25.064270704086745,4439.315440682607,2153.710378968619,195.6338406826067,0.0,4343.6816,2163.6682680240806,100.0,9.9578890554617,0.0,2714.8009999999995,0.0,0.0,2163.6682680240806,0.0,0.12036466598510742,0.0400242805480957,0.5,0.0,899966.8455022459,461473.5266286118,304.00000000000017,182.40000000000026,0.0,4.779786746621616,4.779786746621616
ornstein-uhlenbeck,211,80.49998203503635,18.933623907873827,4433.508035931547,2245.6716591701247,160.07443593154653,95.12794686817239,4373.4336,2163.6682680240806,100.0,13.124555722128365,0.0,2733.396,0.0,0.0,2163.6682680240806,0.0,0.09886407852172852,0.044757843017578125,0.5,0.03166666666666666,904400.3535381774,463719.1982877819,305.52000000000015,183.92000000000027,1.5199999999999998,4.779786746621616,6.299786746621615
ornstein-uhlenbeck,212,71.16707104317659,17.037203111271484,3992.446038777148,2234.989680205518,148.40267877714643,84.44596790356583,3944.0433600000015,2163.6682680240806,100.0,13.124555722128365,0.0,2465.027100000001,0.0,0.0,2163.6682680240806,0.0,0.1264173984527588,0.03679609298706055,0.5,0.03166666666666666,908392.7995769546,465954.18796798744,307.04000000000013,185.44000000000028,1.5199999999999998,4.779786746621616,6.299786746621615
ornstein-uhlenbeck,213,69.75134630215267,22.129738399557635,4004.2095816302253,2237.303041553604,152.2131016302246,86.75932925165189,3951.9964800000007,2163.6682680240806,100.0,13.124555722128365,0.0,2469.9977999999996,0.0,0.0,2163.6682680240806,0.0,0.10980582237243652,0.04718756675720215,0.5,0.03166666666666666,912397.0091585848,468191.49100954103,308.5600000000001,186.9600000000003,1.5199999999999998,4.779786746621616,6.299786746621615
ornstein-uhlenbeck,214,78.94647962245057,22.735818821903937,4431.220875258853,2244.9761929911915,182.04967525885206,94.43248068923916,4349.171200000001,2163.6682680240806,100.0,13.124555722128365,0.0,2718.232000000001,0.0,0.0,2163.6682680240806,0.0,0.12240099906921387,0.0416407585144043,0.5,0.03166666666666666,916828.2300338437,470436.4672025322,310.0800000000001,188.4800000000003,1.5199999999999998,4.779786746621616,6.299786746621615
ornstein-uhlenbeck,215,79.69218979253121,24.853549999437558,4452.122168533413,2240.61665595113,174.90136853341264,90.07294364917755,4377.2208,2163.6682680240806,100.0,13.124555722128365,0.0,2735.763,0.0,0.0,2163.6682680240806,0.0,0.11164069175720215,0.043012142181396484,0.5,0.03166666666666666,921280.352202377,472677.08385848335,311.6000000000001,190.0000000000003,1.5199999999999998,4.779786746621616,6.299786746621615
ornstein-uhlenbeck,216,80.68526400750473,20.873818116458107,4438.142747286266,2249.1255226382264,182.38274728626664,98.58181033627375,4355.759999999999,2163.6682680240806,100.0,13.124555722128365,0.0,2722.3499999999995,0.0,0.0,2163.6682680240806,0.0,0.10124492645263672,0.04248476028442383,0.5,0.03166666666666666,925718.4949496633,474926.20938112156,313.12000000000006,191.52000000000032,1.5199999999999998,4.779786746621616,6.299786746621615
ornstein-uhlenbeck,217,79.33466149503745,22.534710003184745,4436.254712601341,2246.155386909136,171.65791260134154,95.61167460718346,4364.5968,2163.6682680240806,100.0,13.124555722128365,0.0,2727.8730000000005,0.0,0.0,2163.6682680240806,0.0,0.10485243797302246,0.03011155128479004,0.5,0.03166666666666666,930154.7496622646,477172.3647680307,314.64000000000004,193.04000000000033,1.5199999999999998,4.779786746621616,6.299786746621615
ornstein-uhlenbeck,218,80.25261145838502,24.711053474938414,4445.760368321641,2244.6700725750406,193.24196832164097,94.1263602730884,4352.5184,2163.6682680240806,100.0,13.124555722128365,0.0,2720.3240000000005,0.0,0.0,2163.6682680240806,0.0,0.11319541931152344,0.05326485633850098,0.5,0.03166666666666666,934600.5100305863,479417.03484060575,316.16,194.56000000000034,1.5199999999999998,4.779786746621616,6.299786746621615
ornstein-uhlenbeck,219,72.52409420616554,21.334799077247645,4001.48808160315,2239.468762337574,157.44472160314882,88.92505003562178,3944.0433600000015,2163.6682680240806,100.0,13.124555722128365,0.0,2465.027100000001,0.0,0.0,2163.6682680240806,0.0,0.13347911834716797,0.03214097023010254,0.5,0.03166666666666666,938601.9981121895,481656.5036029433,317.68,196.08000000000035,1.5199999999999998,4.779786746621616,6.299786746621615
ornstein-uhlenbeck,220,73.18503352887042,22.38643120524184,4014.5415480466363,2241.441717272987,162.54506804663558,90.89800497103457,3951.9964800000007,2163.6682680240806,100.0,13.124555722128365,0.0,2469.9977999999996,0.0,0.0,2163.6682680240806,0.0,0.12729215621948242,0.0389101505279541,0.5,0.03166666666666666,942616.5396602361,483897.9453202163,319.2,197.60000000000036,1.5199999999999998,4.779786746621616,6.299786746621615
ornstein-uhlenbeck,221,83.41454036304863,22.976168288075804,4436.869245245144,2251.017142347743,170.18764524514344,100.47343004579062,4366.681600000001,2163.6682680240806,100.0,13.124555722128365,0.0,2729.1760000000004,0.0,0.0,2163.6682680240806,0.0,0.1465461254119873,0.049739837646484375,0.5,0.03166666666666666,947053.4089054812,486148.96246256406,320.71999999999997,199.12000000000037,1.5199999999999998,4.779786746621616,6.299786746621615
ornstein-uhlenbeck,222,84.9911160564511,21.92605323957532,4454.60187600469,2254.3123577373767,177.38107600468962,103.76864543542419,4377.2208,2163.6682680240806,100.0,13.124555722128365,0.0,2735.763,0.0,0.0,2163.6682680240806,0.0,0.12027239799499512,0.03992486000061035,0.5,0.03166666666666666,951508.0107814859,488403.27482030145,322.23999999999995,200.64000000000038,1.5199999999999998,4.779786746621616,6.299786746621615
ornstein-uhlenbeck,223,82.87666822740407,22.910541786282657,4431.9568301591435,2256.19745145204,177.8992301591446,105.65373915008725,4354.057599999999,2163.6682680240806,100.0,13.124555722128365,0.0,2721.2859999999996,0.0,0.0,2163.6682680240806,0.0,0.12012481689453125,0.046857595443725586,0.5,0.03166666666666666,955939.9676116451,490659.4722717535,323.75999999999993,202.1600000000004,1.5199999999999998,4.779786746621616,6.299786746621615
ornstein-uhlenbeck,224,84.88548182093353,23.013732973873935,4444.990397305354,2254.914908626635,180.39359730535364,104.37119632468261,4364.5968,2163.6682680240806,100.0,13.124555722128365,0.0,2727.8730000000005,0.0,0.0,2163.6682680240806,0.0,0.12944555282592773,0.050006866455078125,0.5,0.03166666666666666,960384.9580089505,492914.3871803801,325.2799999999999,203.6800000000004,1.5199999999999998,4.779786746621616,6.299786746621615
ornstein-uhlenbeck,225,83.5869581133221,20.895749651940154,4438.317431871294,2255.1893705556026,164.88383187129298,104.64565825365004,4373.4336,2163.6682680240806,100.0,13.124555722128365,0.0,2733.396,0.0,0.0,2163.6682680240806,0.0,0.13560271263122559,0.046881914138793945,0.5,0.03166666666666666,964823.2754408218,495169.57655093574,326.7999999999999,205.20000000000041,1.5199999999999998,4.779786746621616,6.299786746621615
ornstein-uhlenbeck,226,77.09530981475741,20.88301721622349,4005.365345920779,2244.315870281582,178.61350592077807,93.77215797963002,3926.7518400000013,2163.6682680240806,100.0,13.124555722128365,0.0,2454.219900000001,0.0,0.0,2163.6682680240806,0.0,0.12853169441223145,0.04758787155151367,0.5,0.03166666666666666,968828.6407867426,497413.89242121734,328.3199999999999,206.72000000000043,1.5199999999999998,4.779786746621616,6.299786746621615
ornstein-uhlenbeck,227,75.27074084518883,19.713568189845162,4004.149457246014,2244.7541718325397,152.15297724601328,94.21045953058741,3951.9964800000007,2163.6682680240806,100.0,13.124555722128365,0.0,2469.9977999999996,0.0,0.0,2163.6682680240806,0.0,0.11739516258239746,0.04711651802062988,0.5,0.03166666666666666,972832.7902439886,499658.64659304987,329.83999999999986,208.24000000000044,1.5199999999999998,4.779786746621616,6.299786746621615
ornstein-uhlenbeck,228,84.2937320143834,20.424489438787756,4438.2126387495355,2253.463541534085,190.7438387495341,102.91982923213247,4347.4688000000015,2163.6682680240806,100.0,13.124555722128365,0.0,2717.1680000000006,0.0,0.0,2163.6682680240806,0.0,0.12514424324035645,0.027012348175048828,0.5,0.03166666666666666,977271.0028827381,501912.11013458396,331.35999999999984,209.76000000000045,1.5199999999999998,4.779786746621616,6.299786746621615
ornstein-uhlenbeck,229,84.89367479375393,20.709826052407884,4437.496368438055,2254.247405497218,160.2755684380543,103.7036931952658,4377.2208,2163.6682680240806,100.0,13.124555722128365,0.0,2735.763,0.0,0.0,2163.6682680240806,0.0,0.10777926445007324,0.028623580932617188,0.5,0.03166666666666666,981708.4992511761,504166.3575400812,332.8799999999998,211.28000000000046,1.5199999999999998,4.779786746621616,6.299786746621615
ornstein-uhlenbeck,230,88.46501449390422,27.347272545546364,4432.980523075823,2249.5402254097803,194.73092307582246,98.99651310782771,4338.2496,2163.6682680240806,100.0,13.124555722128365,0.0,2711.4059999999995,0.0,0.0,2163.6682680240806,0.0,0.11548995971679688,0.0387117862701416,0.5,0.03166666666666666,986141.4797742519,506415.897765491,334.3999999999998,212.80000000000047,1.5199999999999998,4.779786746621616,6.299786746621615
ornstein-uhlenbeck,231,88.78991491053712,25.05061904001668,4438.850867341212,2261.0765347219294,193.46686734121076,110.53282241997687,4345.384000000001,2163.6682680240806,100.0,13.124555722128365,0.0,2715.865,0.0,0.0,2163.6682680240806,0.0,0.10116839408874512,0.0371088981628418,0.5,0.03166666666666666,990580.3306415931,508676.9743002129,335.9199999999998,214.32000000000048,1.5199999999999998,4.779786746621616,6.299786746621615
ornstein-uhlenbeck,232,84.34409027993597,24.02585679042642,4446.568480030336,2253.1939521517875,173.13488003033544,102.6502398498353,4373.4336,2163.6682680240806,100.0,13.124555722128365,0.0,2733.396,0.0,0.0,2163.6682680240806,0.0,0.10930085182189941,0.04874587059020996,0.5,0.03166666666666666,995026.8991216234,510930.16825236473,337.43999999999977,215.8400000000005,1.5199999999999998,4.779786746621616,6.299786746621615
ornstein-uhlenbeck,233,80.16942590497666,21.351022102089512,4000.8700820718022,2242.405584002609,158.35888207180128,91.86187170065652,3942.5112000000013,2163.6682680240806,100.0,13.124555722128365,0.0,2464.0695000000005,0.0,0.0,2163.6682680240806,0.0,0.12374281883239746,0.04557514190673828,0.5,0.03166666666666666,999027.7692036951,513172.57383636734,338.95999999999975,217.3600000000005,1.5199999999999998,4.779786746621616,6.299786746621615
ornstein-uhlenbeck,234,80.93097097381752,21.87044849713116,4019.4553642205674,2245.635028272288,184.75040422056605,95.0913159703354,3934.704960000001,2163.6682680240806,100.0,13.124555722128365,0.0,2459.1906000000004,0.0,0.0,2163.6682680240806,0.0,0.11426734924316406,0.045856475830078125,0.5,0.03166666666666666,1003047.2245679157,515418.20886463963,340.47999999999973,218.8800000000005,1.5199999999999998,4.779786746621616,6.299786746621615
ornstein-uhlenbeck,235,90.16215652691652,22.032637217114807,4431.08701478947,2267.316747899839,183.6182147894689,116.77303559788656,4347.4688000000015,2163.6682680240806,100.0,13.124555722128365,0.0,2717.1680000000006,0.0,0.0,2163.6682680240806,0.0,0.17615175247192383,0.031845808029174805,0.5,0.03166666666666666,1007478.3115827051,517685.5256125395,341.9999999999997,220.40000000000052,1.5199999999999998,4.779786746621616,6.299786746621615
ornstein-uhlenbeck,236,89.85759965681564,19.52090896940532,4459.7322382877255,2265.222649551306,182.5114382877259,114.67893724935352,4377.2208,2163.6682680240806,100.0,13.124555722128365,0.0,2735.763,0.0,0.0,2163.6682680240806,0.0,0.10281133651733398,0.03868389129638672,0.5,0.03166666666666666,1011938.0438209928,519950.7482620908,343.5199999999997,221.92000000000053,1.5199999999999998,4.779786746621616,6.299786746621615
ornstein-uhlenbeck,237,88.46347809801284,20.990200385194644,4418.341222617873,2263.4019686750644,165.986022617873,112.85825637311216,4352.3552,2163.6682680240806,100.0,13.124555722128365,0.0,2720.2219999999993,0.0,0.0,2163.6682680240806,0.0,0.11370491981506348,0.04699230194091797,0.5,0.03166666666666666,1016356.3850436107,522214.15023076587,345.0399999999997,223.44000000000054,1.5199999999999998,4.779786746621616,6.299786746621615
ornstein-uhlenbeck,238,91.52328704600946,23.90787531788533,4463.036381452497,2261.129293041106,215.949981452497,110.58558073915343,4347.0864,2163.6682680240806,100.0,13.124555722128365,0.0,2716.929,0.0,0.0,2163.6682680240806,0.0,0.11800932884216309,0.04773998260498047,0.5,0.03166666666666666,1020819.4214250632,524475.279523807,346.55999999999966,224.96000000000055,1.5199999999999998,4.779786746621616,6.299786746621615
ornstein-uhlenbeck,239,92.57678459690737,19.91384434728242,4439.3793479039105,2268.8480500952664,185.15854790391052,118.30433779331429,4354.2208,2163.6682680240806,100.0,13.124555722128365,0.0,2721.3880000000004,0.0,0.0,2163.6682680240806,0.0,0.12240099906921387,0.04485630989074707,0.5,0.03166666666666666,1025258.800772967,526744.1275739023,348.07999999999964,226.48000000000056,1.5199999999999998,4.779786746621616,6.299786746621615
ornstein-uhlenbeck,240,80.96556862702896,18.702788108699057,3998.8703437431095,2253.436026933865,172.11850374310836,102.89231463191236,3926.7518400000013,2163.6682680240806,100.0,13.124555722128365,0.0,2454.219900000001,0.0,0.0,2163.6682680240806,0.0,0.13301634788513184,0.045581817626953125,0.5,0.03166666666666666,1029257.6711167102,528997.5636008361,349.5999999999996,228.00000000000057,1.5199999999999998,4.779786746621616,6.299786746621615
ornstein-uhlenbeck,241,80.57278543384025,16.87480313618073,4000.7465128726135,2153.710378968619,167.57371287261242,0.0,3933.1728000000007,2163.6682680240806,100.0,9.9578890554617,0.0,2458.2329999999997,0.0,0.0,2163.6682680240806,0.0,0.08818888664245605,0.04200148582458496,0.5,0.0,1033258.4176295828,531151.2739798047,351.1199999999996,228.00000000000057,0.0,4.779786746621616,4.779786746621616
ornstein-uhlenbeck,242,90.97204208996767,25.78699334250964,4446.382889032367,2153.710378968619,200.6164890323649,0.0,4345.766400000001,2163.6682680240806,100.0,9.9578890554617,0.0,2716.1040000000007,0.0,0.0,2163.6682680240806,0.0,0.10545659065246582,0.047585248947143555,0.5,0.0,1037704.8005186152,533304.9843587733,352.6399999999996,228.00000000000057,0.0,4.779786746621616,4.779786746621616
ornstein-uhlenbeck,243,93.54669654038985,22.87856743779303,4457.183036124319,2153.710378968619,195.7702361243191,0.0,4361.4128,2163.6682680240806,100.0,9.9578890554617,0.0,2725.883,0.0,0.0,2163.6682680240806,0.0,0.12261033058166504,0.0509953498840332,0.5,0.0,1042161.9835547395,535458.694737742,354.15999999999957,228.00000000000057,0.0,4.779786746621616,4.779786746621616
ornstein-uhlenbeck,244,92.30080929022358,23.62637994118057,4444.96155748524,2153.710378968619,190.9039574852406,0.0,4354.057599999999,2163.6682680240806,100.0,9.9578890554617,0.0,2721.2859999999996,0.0,0.0,2163.6682680240806,0.0,0.12774348258972168,0.04799938201904297,0.5,0.0,1046606.9451122248,537612.4051167106,355.67999999999955,228.00000000000057,0.0,4.779786746621616,4.779786746621616
ornstein-uhlenbeck,245,90.24680202180939,21.73849141629442,4455.455022060656,2153.710378968619,192.56062206065553,0.0,4362.8944,2163.6682680240806,100.0,9.9578890554617,0.0,2726.8089999999993,0.0,0.0,2163.6682680240806,0.0,0.11026549339294434,0.045862436294555664,0.5,0.0,1051062.4001342854,539766.1154956792,357.19999999999953,228.00000000000057,0.0,4.779786746621616,4.779786746621616
ornstein-uhlenbeck,246,94.62163452947846,26.116232687698133,4469.664448786865,2153.710378968619,215.4436487868656,0.0,4354.2208,2163.6682680240806,100.0,9.9578890554617,0.0,2721.3880000000004,0.0,0.0,2163.6682680240806,0.0,0.11903953552246094,0.05164790153503418,0.5,0.0,1055532.0645830722,541919.8258746478,358.7199999999995,228.00000000000057,0.0,4.779786746621616,4.779786746621616
ornstein-uhlenbeck,247,83.23722394124384,18.677784010296165,3993.7323356021284,2153.710378968619,165.44833560212754,0.0,3928.284000000001,2163.6682680240806,100.0,9.9578890554617,0.0,2455.1775000000007,0.0,0.0,2163.6682680240806,0.0,0.12625384330749512,0.0471339225769043,0.5,0.0,1059525.7969186744,544073.5362536164,360.2399999999995,228.00000000000057,0.0,4.779786746621616,4.779786746621616
ornstein-uhlenbeck,248,81.96593440785772,18.275953253347865,4016.4615646239763,2153.710378968619,164.46508462397594,0.0,3951.9964800000007,2163.6682680240806,100.0,9.9578890554617,0.0,2469.9977999999996,0.0,0.0,2163.6682680240806,0.0,0.10749650001525879,0.041478872299194336,0.5,0.0,1063542.2584832984,546227.2466325851,361.7599999999995,228.00000000000057,0.0,4.779786746621616,4.779786746621616
ornstein-uhlenbeck,249,91.63068571762524,24.05925068392158,4471.602126504639,2153.710378968619,222.43092650463842,0.0,4349.171200000001,2163.6682680240806,100.0,9.9578890554617,0.0,2718.232000000001,0.0,0.0,2163.6682680240806,0.0,0.12357068061828613,0.023001432418823242,0.5,0.0,1068013.8606098029,548380.9570115537,363.27999999999946,228.00000000000057,0.0,4.779786746621616,4.779786746621616
ornstein-uhlenbeck,250,94.04307611621141,23.67109665974906,4469.164477778456,2153.710378968619,191.94367777845594,0.0,4377.2208,2163.6682680240806,100.0,9.9578890554617,0.0,2735.763,0.0,0.0,2163.6682680240806,0.0,0.12035894393920898,0.047853708267211914,0.5,0.0,1072483.0250875812,550534.6673905223,364.79999999999944,228.00000000000057,0.0,4.779786746621616,4.779786746621616
ornstein-uhlenbeck,251,93.98507856350938,21.957730783025347,4434.220924082442,2153.710378968619,180.1633240824432,0.0,4354.057599999999,2163.6682680240806,100.0,9.9578890554617,0.0,2721.2859999999996,0.0,0.0,2163.6682680240806,0.0,0.11285686492919922,0.04302620887756348,0.5,0.0,1076917.2460116637,552688.3777694909,366.3199999999994,228.00000000000057,0.0,4.779786746621616,4.779786746621616
ornstein-uhlenbeck,252,94.498245163913,20.998824630532194,4414.100852845373,2153.710378968619,154.61125284537204,0.0,4359.489600000001,2163.6682680240806,100.0,9.9578890554617,0.0,2724.6809999999996,0.0,0.0,2163.6682680240806,0.0,0.10388708114624023,0.04676008224487305,0.5,0.0,1081331.3468645092,554842.0881484596,367.8399999999994,228.00000000000057,0.0,4.779786746621616,4.779786746621616
ornstein-uhlenbeck,253,90.73077794292023,22.765639694755023,4440.483237312319,2153.710378968619,170.45443731231856,0.0,4370.0288,2163.6682680240806,100.0,9.9578890554617,0.0,2731.2680000000005,0.0,0.0,2163.6682680240806,0.0,0.12137031555175781,0.0428462028503418,0.5,0.0,1085771.8301018216,556995.7985274282,369.3599999999994,228.00000000000057,0.0,4.779786746621616,4.779786746621616
ornstein-uhlenbeck,254,86.96525604470567,19.94452012224757,4003.004585878127,2153.710378968619,176.25274587812564,0.0,3926.7518400000013,2163.6682680240806,100.0,9.9578890554617,0.0,2454.219900000001,0.0,0.0,2163.6682680240806,0.0,0.13053441047668457,0.048117637634277344,0.5,0.0,1089774.8346876998,559149.5089063968,370.87999999999937,228.00000000000057,0.0,4.779786746621616,4.779786746621616
ornstein-uhlenbeck,255,88.03474561561461,20.540611646262047,4006.6980250258475,2153.710378968619,170.46090502584647,0.0,3936.2371200000007,2163.6682680240806,100.0,9.9578890554617,0.0,2460.1482,0.0,0.0,2163.6682680240806,0.0,0.10927748680114746,0.043726444244384766,0.5,0.0,1093781.5327127257,561303.2192853654,372.39999999999935,228.00000000000057,0.0,4.779786746621616,4.779786746621616
ornstein-uhlenbeck,256,95.61854811498544,22.86994348272615,4434.610575391373,2153.710378968619,167.92897539137144,0.0,4366.681600000001,2163.6682680240806,100.0,9.9578890554617,0.0,2729.1760000000004,0.0,0.0,2163.6682680240806,0.0,0.10615253448486328,0.034859657287597656,0.5,0.0,1098216.1432881171,563456.929664334,373.91999999999933,228.00000000000057,0.0,4.779786746621616,4.779786746621616
ornstein-uhlenbeck,257,95.84009609419581,21.611055895079513,4467.581017042619,2153.710378968619,190.3602170426195,0.0,4377.2208,2163.6682680240806,100.0,9.9578890554617,0.0,2735.763,0.0,0.0,2163.6682680240806,0.0,0.11185812950134277,0.043462514877319336,0.5,0.0,1102683.7243051596,565610.6400433027,375.4399999999993,228.00000000000057,0.0,4.779786746621616,4.779786746621616
ornstein-uhlenbeck,258,97.00127917814854,23.41812086543842,4444.641562184904,2153.710378968619,208.09436218490384,0.0,4336.5472,2163.6682680240806,100.0,9.9578890554617,0.0,2710.3419999999996,0.0,0.0,2163.6682680240806,0.0,0.11843466758728027,0.04452943801879883,0.5,0.0,1107128.3658673447,567764.3504222713,376.9599999999993,228.00000000000057,0.0,4.779786746621616,4.779786746621616
ornstein-uhlenbeck,259,95.58346017315306,22.273946065831282,4459.678627961783,2153.710378968619,196.78422796178296,0.0,4362.8944,2163.6682680240806,100.0,9.9578890554617,0.0,2726.8089999999993,0.0,0.0,2163.6682680240806,0.0,0.12430644035339355,0.06297945976257324,0.5,0.0,1111588.0444953064,569918.0608012399,378.4799999999993,228.00000000000057,0.0,4.779786746621616,4.779786746621616
ornstein-uhlenbeck,260,97.15403959963383,25.340035721347224,4469.214083942986,2153.710378968619,218.39808394298623,0.0,4350.816,2163.6682680240806,100.0,9.9578890554617,0.0,2719.26,0.0,0.0,2163.6682680240806,0.0,0.13188481330871582,0.04700160026550293,0.5,0.0,1116057.2585792495,572071.7711802085,379.99999999999926,228.00000000000057,0.0,4.779786746621616,4.779786746621616
ornstein-uhlenbeck,261,86.29101336419622,22.47659420492121,4000.7092561522195,2153.710378968619,172.4252561522182,0.0,3928.284000000001,2163.6682680240806,100.0,9.9578890554617,0.0,2455.1775000000007,0.0,0.0,2163.6682680240806,0.0,0.13185715675354004,0.06800603866577148,0.5,0.0,1120057.9678354017,574225.4815591772,381.51999999999924,228.00000000000057,0.0,4.779786746621616,4.779786746621616
ornstein-uhlenbeck,262,88.01951304722634,20.01946273177169,4020.539401230535,2153.710378968619,168.54292123053463,0.0,3951.9964800000007,2163.6682680240806,100.0,9.9578890554617,0.0,2469.9977999999996,0.0,0.0,2163.6682680240806,0.0,0.11434149742126465,0.052301645278930664,0.5,0.0,1124078.5072366323,576379.1919381458,383.0399999999992,228.00000000000057,0.0,4.779786746621616,4.779786746621616
ornstein-uhlenbeck,263,96.15877211030663,22.9674345754542,4455.631312517347,2153.710378968619,187.24731251734661,0.0,4368.384000000001,2163.6682680240806,100.0,9.9578890554617,0.0,2730.2400000000007,0.0,0.0,2163.6682680240806,0.0,0.1689743995666504,0.04088902473449707,0.5,0.0,1128534.1385491497,578532.9023171144,384.5599999999992,228.00000000000057,0.0,4.779786746621616,4.779786746621616
ornstein-uhlenbeck,264,97.51736117101059,23.261750912499227,4470.936177188336,2153.710378968619,212.9281771883353,0.0,4358.008000000001,2163.6682680240806,100.0,9.9578890554617,0.0,2723.7549999999997,0.0,0.0,2163.6682680240806,0.0,0.14194512367248535,0.05789637565612793,0.5,0.0,1133005.074726338,580686.612696083,386.0799999999992,228.00000000000057,0.0,4.779786746621616,4.779786746621616
ornstein-uhlenbeck,265,98.5724263014838,21.760738409350676,4440.2345253036165,2153.710378968619,184.4745253036169,0.0,4355.759999999999,2163.6682680240806,100.0,9.9578890554617,0.0,2722.3499999999995,0.0,0.0,2163.6682680240806,0.0,0.13939809799194336,0.04599189758300781,0.5,0.0,1137445.3092516416,582840.3230750517,387.59999999999917,228.00000000000057,0.0,4.779786746621616,4.779786746621616
ornstein-uhlenbeck,266,99.05460751540731,20.206257019665884,4445.660881840411,2153.710378968619,203.68168184041065,0.0,4341.979200000001,2163.6682680240806,100.0,9.9578890554617,0.0,2713.737,0.0,0.0,2163.6682680240806,0.0,0.13049864768981934,0.053754329681396484,0.5,0.0,1141890.970133482,584994.0334540203,389.11999999999915,228.00000000000057,0.0,4.779786746621616,4.779786746621616
ornstein-uhlenbeck,267,101.1484823529626,22.19959456711976,4467.6093021824345,2153.710378968619,194.17570218243443,0.0,4373.4336,2163.6682680240806,100.0,9.9578890554617,0.0,2733.396,0.0,0.0,2163.6682680240806,0.0,0.13065719604492188,0.05421018600463867,0.5,0.0,1146358.5794356645,587147.7438329889,390.63999999999913,228.00000000000057,0.0,4.779786746621616,4.779786746621616
ornstein-uhlenbeck,268,88.9113050780013,18.065317082129315,4003.7294278629606,2153.710378968619,161.21822786295937,0.0,3942.5112000000013,2163.6682680240806,100.0,9.9578890554617,0.0,2464.0695000000005,0.0,0.0,2163.6682680240806,0.0,0.11340594291687012,0.032027244567871094,0.5,0.0,1150362.3088635274,589301.4542119575,392.1599999999991,228.00000000000057,0.0,4.779786746621616,4.779786746621616
ornstein-uhlenbeck,269,88.78165905125485,19.157777140445912,4029.7756896036217,2153.710378968619,195.07072960362117,0.0,3934.704960000001,2163.6682680240806,100.0,9.9578890554617,0.0,2459.1906000000004,0.0,0.0,2163.6682680240806,0.0,0.1103203296661377,0.04268312454223633,0.5,0.0,1154392.084553131,591455.1645909261,393.6799999999991,228.00000000000057,0.0,4.779786746621616,4.779786746621616
ornstein-uhlenbeck,270,99.31046294137246,19.47677183164167,4425.0788710934,2153.710378968619,165.69327109339983,0.0,4359.3856000000005,2163.6682680240806,100.0,9.9578890554617,0.0,2724.616000000001,0.0,0.0,2163.6682680240806,0.0,0.13760614395141602,0.06359624862670898,0.5,0.0,1158817.1634242244,593608.8749698948,395.1999999999991,228.00000000000057,0.0,4.779786746621616,4.779786746621616
ornstein-uhlenbeck,271,99.45083332887152,21.92083418263438,4444.650158305191,2272.4962229353177,169.13175830519143,121.95251063336532,4375.5184,2163.6682680240806,100.0,13.124555722128365,0.0,2734.699,0.0,0.0,2163.6682680240806,0.0,0.12119626998901367,0.03757786750793457,0.5,0.03166666666666666,1163261.8135825295,595881.37119283,396.71999999999906,229.52000000000058,1.5199999999999998,4.779786746621616,6.299786746621615
ornstein-uhlenbeck,272,99.90596117670475,22.24431919705356,4456.748779170691,2278.1251313951675,200.9887791706916,127.5814190932149,4355.759999999999,2163.6682680240806,100.0,13.124555722128365,0.0,2722.3499999999995,0.0,0.0,2163.6682680240806,0.0,0.11463809013366699,0.03700733184814453,0.5,0.03166666666666666,1167718.5623617002,598159.4963242252,398.23999999999904,231.0400000000006,1.5199999999999998,4.779786746621616,6.299786746621615
ornstein-uhlenbeck,273,102.14663386476366,21.991673125620075,4457.808906636313,2284.43955190534,193.21210663631268,133.89583960338763,4364.5968,2163.6682680240806,100.0,13.124555722128365,0.0,2727.8730000000005,0.0,0.0,2163.6682680240806,0.0,0.11818194389343262,0.02876567840576172,0.5,0.03166666666666666,1172176.3712683364,600443.9358761306,399.759999999999,232.5600000000006,1.5199999999999998,4.779786746621616,6.299786746621615
ornstein-uhlenbeck,274,100.49691455142003,22.667150508681537,4468.1082751980475,2281.9908492328827,194.6746751980468,131.44713693093033,4373.4336,2163.6682680240806,100.0,13.124555722128365,0.0,2733.396,0.0,0.0,2163.6682680240806,0.0,0.12031030654907227,0.022047996520996094,0.5,0.03166666666666666,1176644.4795435346,602725.9267253635,401.279999999999,234.0800000000006,1.5199999999999998,4.779786746621616,6.299786746621615
ornstein-uhlenbeck,275,93.33712924625365,20.301727691604043,4016.40796623593,2271.8707338007184,189.65612623592898,121.327021498766,3926.7518400000013,2163.6682680240806,100.0,13.124555722128365,0.0,2454.219900000001,0.0,0.0,2163.6682680240806,0.0,0.11272239685058594,0.04457545280456543,0.5,0.03166666666666666,1180660.8875097705,604997.7974591642,402.799999999999,235.60000000000062,1.5199999999999998,4.779786746621616,6.299786746621615
ornstein-uhlenbeck,276,92.31014295271767,22.162046754061752,4022.879770587466,2258.8757172387914,170.88329058746558,108.33200493683917,3951.9964800000007,2163.6682680240806,100.0,13.124555722128365,0.0,2469.9977999999996,0.0,0.0,2163.6682680240806,0.0,0.1172025203704834,0.049963951110839844,0.5,0.03166666666666666,1184683.767280358,607256.6731764029,404.31999999999897,237.12000000000063,1.5199999999999998,4.779786746621616,6.299786746621615
ornstein-uhlenbeck,277,104.48877977418033,23.93562070402709,4485.74925334648,2285.6177970113595,217.3652533464792,135.0740847094072,4368.384000000001,2163.6682680240806,100.0,13.124555722128365,0.0,2730.2400000000007,0.0,0.0,2163.6682680240806,0.0,0.1291196346282959,0.027019739151000977,0.5,0.03166666666666666,1189169.5165337045,609542.2909734143,405.83999999999895,238.64000000000064,1.5199999999999998,4.779786746621616,6.299786746621615
ornstein-uhlenbeck,278,103.39119140770163,22.799893232570955,4474.044233333508,2288.008585446798,216.03623333350714,137.46487314484557,4358.008000000001,2163.6682680240806,100.0,13.124555722128365,0.0,2723.7549999999997,0.0,0.0,2163.6682680240806,0.0,0.11150908470153809,0.040152549743652344,0.5,0.03166666666666666,1193643.560767038,611830.2995588611,407.35999999999893,240.16000000000065,1.5199999999999998,4.779786746621616,6.299786746621615
ornstein-uhlenbeck,279,101.74279442022078,23.80231671886622,4466.037427303938,2277.1648265709146,210.27742730393854,126.6211142689621,4355.759999999999,2163.6682680240806,100.0,13.124555722128365,0.0,2722.3499999999995,0.0,0.0,2163.6682680240806,0.0,0.14010357856750488,0.03104257583618164,0.5,0.03166666666666666,1198109.5981943419,614107.464385432,408.8799999999989,241.68000000000066,1.5199999999999998,4.779786746621616,6.299786746621615
ornstein-uhlenbeck,280,103.1608835773136,22.39758351571945,4450.536325421663,2288.3988452774497,206.85472542166295,137.85513297549713,4343.6816,2163.6682680240806,100.0,13.124555722128365,0.0,2714.8009999999995,0.0,0.0,2163.6682680240806,0.0,0.11206912994384766,0.024768829345703125,0.5,0.03166666666666666,1202560.1345197635,616395.8632307095,410.3999999999989,243.20000000000067,1.5199999999999998,4.779786746621616,6.299786746621615
ornstein-uhlenbeck,281,102.28009389357344,19.841461908592024,4474.959605914839,2286.8030578178236,201.52600591483832,136.25934551587105,4373.4336,2163.6682680240806,100.0,13.124555722128365,0.0,2733.396,0.0,0.0,2163.6682680240806,0.0,0.11417031288146973,0.04798007011413574,0.5,0.03166666666666666,1207035.0941256783,618682.6662885273,411.9199999999989,244.72000000000068,1.5199999999999998,4.779786746621616,6.299786746621615
ornstein-uhlenbeck,282,92.30962813833519,20.245777911293082,4018.0371072956113,2271.872939151409,189.75310729561062,121.32922684945675,3928.284000000001,2163.6682680240806,100.0,13.124555722128365,0.0,2455.1775000000007,0.0,0.0,2163.6682680240806,0.0,0.12027907371520996,0.04775214195251465,0.5,0.03166666666666666,1211053.131232974,620954.5392276787,413.43999999999886,246.2400000000007,1.5199999999999998,4.779786746621616,6.299786746621615
ornstein-uhlenbeck,283,91.61323634496013,19.90853122765057,4021.725608058654,2267.1588618290493,187.02064805865274,116.61514952709715,3934.704960000001,2163.6682680240806,100.0,13.124555722128365,0.0,2459.1906000000004,0.0,0.0,2163.6682680240806,0.0,0.11629295349121094,0.048299312591552734,0.5,0.03166666666666666,1215074.8568410326,623221.6980895078,414.95999999999884,247.7600000000007,1.5199999999999998,4.779786746621616,6.299786746621615
ornstein-uhlenbeck,284,103.29514017827,21.882973449135232,4462.305722416805,2282.91898128266,195.62412241680403,132.37526898070735,4366.681600000001,2163.6682680240806,100.0,13.124555722128365,0.0,2729.1760000000004,0.0,0.0,2163.6682680240806,0.0,0.16073226928710938,0.03845977783203125,0.5,0.03166666666666666,1219537.1625634495,625504.6170707904,416.4799999999988,249.2800000000007,1.5199999999999998,4.779786746621616,6.299786746621615
ornstein-uhlenbeck,285,104.9856975988768,23.662272340653576,4474.309634110692,2281.283285026445,212.8968341106921,130.73957272449255,4361.4128,2163.6682680240806,100.0,13.124555722128365,0.0,2725.883,0.0,0.0,2163.6682680240806,0.0,0.10518360137939453,0.04722285270690918,0.5,0.03166666666666666,1224011.4721975601,627785.9003558168,417.9999999999988,250.80000000000072,1.5199999999999998,4.779786746621616,6.299786746621615
ornstein-uhlenbeck,286,104.11401093086876,21.823835467010596,4459.996989273981,2284.1008388076643,204.23698927398124,133.55712650571184,4355.759999999999,2163.6682680240806,100.0,13.124555722128365,0.0,2722.3499999999995,0.0,0.0,2163.6682680240806,0.0,0.12060809135437012,0.04755282402038574,0.5,0.03166666666666666,1228471.469186834,630070.0011946245,419.5199999999988,252.32000000000073,1.5199999999999998,4.779786746621616,6.299786746621615
ornstein-uhlenbeck,287,102.53923131636816,23.527711950363425,4486.18043441306,2277.86108193619,221.5836344130598,127.31736963423789,4364.5968,2163.6682680240806,100.0,13.124555722128365,0.0,2727.8730000000005,0.0,0.0,2163.6682680240806,0.0,0.11362957954406738,0.0491175651550293,0.5,0.03166666666666666,1232957.649621247,632347.8622765606,421.03999999999877,253.84000000000074,1.5199999999999998,4.779786746621616,6.299786746621615
ornstein-uhlenbeck,288,104.46141685391304,22.871359766529967,4430.277026380353,2293.4657162254034,165.84182638035293,142.92200392345117,4364.4352,2163.6682680240806,100.0,13.124555722128365,0.0,2727.7720000000004,0.0,0.0,2163.6682680240806,0.0,0.12079858779907227,0.04700422286987305,0.5,0.03166666666666666,1237387.9266476275,634641.3279927861,422.55999999999875,255.36000000000075,1.5199999999999998,4.779786746621616,6.299786746621615
ornstein-uhlenbeck,289,92.92411751749297,21.186176967930013,4016.6343383152907,2267.4456740296555,188.3503383152899,116.90196172770311,3928.284000000001,2163.6682680240806,100.0,13.124555722128365,0.0,2455.1775000000007,0.0,0.0,2163.6682680240806,0.0,0.12973952293395996,0.034003496170043945,0.5,0.03166666666666666,1241404.5609859428,636908.7736668157,424.07999999999873,256.88000000000073,1.5199999999999998,4.779786746621616,6.299786746621615
ornstein-uhlenbeck,290,93.32378268094561,22.44385907731666,4035.7372953413615,2268.313741302037,201.03233534136092,117.77002900008468,3934.704960000001,2163.6682680240806,100.0,13.124555722128365,0.0,2459.1906000000004,0.0,0.0,2163.6682680240806,0.0,0.09324908256530762,0.04473233222961426,0.5,0.03166666666666666,1245440.2982812843,639177.0874081177,425.5999999999987,258.4000000000007,1.5199999999999998,4.779786746621616,6.299786746621615
ornstein-uhlenbeck,291,105.80420165690914,21.10072017658651,4419.0627711255165,2285.556901581003,159.67717112551568,135.01318927905052,4359.3856000000005,2163.6682680240806,100.0,13.124555722128365,0.0,2724.616000000001,0.0,0.0,2163.6682680240806,0.0,0.10872030258178711,0.04745817184448242,0.5,0.03166666666666666,1249859.3610524097,641462.6443096987,427.1199999999987,259.9200000000007,1.5199999999999998,4.779786746621616,6.299786746621615
ornstein-uhlenbeck,292,107.72975625189417,20.284453880589375,4460.370388835399,2290.2398247536194,186.5543888353992,139.6961124516671,4373.816,2163.6682680240806,100.0,13.124555722128365,0.0,2733.635,0.0,0.0,2163.6682680240806,0.0,0.11371874809265137,0.04810070991516113,0.5,0.03166666666666666,1254319.7314412452,643752.8841344523,428.6399999999987,261.4400000000007,1.5199999999999998,4.779786746621616,6.299786746621615
ornstein-uhlenbeck,293,103.73098792909768,21.073494526096937,4442.50146722082,2285.353735052429,190.14626722081974,134.8100227504763,4352.3552,2163.6682680240806,100.0,13.124555722128365,0.0,2720.2219999999993,0.0,0.0,2163.6682680240806,0.0,0.11975884437561035,0.04699397087097168,0.5,0.03166666666666666,1258762.232908466,646038.2378695047,430.15999999999866,262.96000000000066,1.5199999999999998,4.779786746621616,6.299786746621615
ornstein-uhlenbeck,294,105.73210856683602,22.287119891639968,4447.731387633663,2286.639966298566,200.64498763366305,136.0962539966133,4347.0864,2163.6682680240806,100.0,13.124555722128365,0.0,2716.929,0.0,0.0,2163.6682680240806,0.0,0.11567497253417969,0.03652167320251465,0.5,0.03166666666666666,1263209.9642960995,648324.8778358033,431.67999999999864,264.48000000000064,1.5199999999999998,4.779786746621616,6.299786746621615
ornstein-uhlenbeck,295,102.95197883652064,18.60851952643353,4456.5853207337395,2290.8633545180833,204.06692073373924,140.31964221613106,4352.5184,2163.6682680240806,100.0,13.124555722128365,0.0,2720.3240000000005,0.0,0.0,2163.6682680240806,0.0,0.09505009651184082,0.04900550842285156,0.5,0.03166666666666666,1267666.5496168332,650615.7411903214,433.1999999999986,266.0000000000006,1.5199999999999998,4.779786746621616,6.299786746621615
ornstein-uhlenbeck,296,96.84505836034698,21.769022648505853,4023.9396351867917,2272.5132668433566,179.89627518679,121.96955454140404,3944.0433600000015,2163.6682680240806,100.0,13.124555722128365,0.0,2465.027100000001,0.0,0.0,2163.6682680240806,0.0,0.1021420955657959,0.07010626792907715,0.5,0.03166666666666666,1271690.48925202,652888.2544571648,434.7199999999986,267.5200000000006,1.5199999999999998,4.779786746621616,6.299786746621615
ornstein-uhlenbeck,297,96.10171626975536,20.547926001934325,4029.193226301555,2278.905368613359,177.1967463015544,128.36165631140645,3951.9964800000007,2163.6682680240806,100.0,13.124555722128365,0.0,2469.9977999999996,0.0,0.0,2163.6682680240806,0.0,0.08406877517700195,0.041893959045410156,0.5,0.03166666666666666,1275719.6824783215,655167.1598257781,436.2399999999986,269.0400000000006,1.5199999999999998,4.779786746621616,6.299786746621615
ornstein-uhlenbeck,298,101.10337927557555,25.367897613728257,4474.509008072061,2273.9147034811413,223.63540807206013,123.37099117918896,4350.873600000001,2163.6682680240806,100.0,13.124555722128365,0.0,2719.2960000000007,0.0,0.0,2163.6682680240806,0.0,0.10660052299499512,0.0404970645904541,0.5,0.03166666666666666,1280194.1914863936,657441.0745292592,437.75999999999857,270.56000000000057,1.5199999999999998,4.779786746621616,6.299786746621615
ornstein-uhlenbeck,299,104.9549011693163,22.876571157113997,4475.363588572437,2285.1735463770437,220.76038857243685,134.6298340750915,4354.6032000000005,2163.6682680240806,100.0,13.124555722128365,0.0,2721.627,0.0,0.0,2163.6682680240806,0.0,0.09360933303833008,0.043529510498046875,0.5,0.03166666666666666,1284669.555074966,659726.2480756362,439.27999999999855,272.08000000000055,1.5199999999999998,4.779786746621616,6.299786746621615
ornstein-uhlenbeck,300,105.01744245907584,24.258973063142033,4463.8964562545125,2283.5857358158187,209.83885625451347,133.04202351386613,4354.057599999999,2163.6682680240806,100.0,13.124555722128365,0.0,2721.2859999999996,0.0,0.0,2163.6682680240806,0.0,0.09104228019714355,0.041028738021850586,0.5,0.03166666666666666,1289133.4515312205,662009.833811452,440.79999999999853,273.60000000000053,1.5199999999999998,4.779786746621616,6.299786746621615
ornstein-uhlenbeck,301,104.41166980639866,20.554666206905267,4466.761756212195,2286.049402804864,221.37775621219438,135.5056905029115,4345.384000000001,2163.6682680240806,100.0,13.124555722128365,0.0,2715.865,0.0,0.0,2163.6682680240806,0.0,0.08104515075683594,0.039514780044555664,0.5,0.03166666666666666,1293600.2132874327,664295.8832142568,442.3199999999985,275.1200000000005,1.5199999999999998,4.779786746621616,6.299786746621615
ornstein-uhlenbeck,302,104.80838246600354,22.98074466032848,4466.175372054485,2283.12033847333,194.4441720544844,132.57662617137746,4371.7312,2163.6682680240806,100.0,13.124555722128365,0.0,2732.3320000000003,0.0,0.0,2163.6682680240806,0.0,0.08803653717041016,0.04199624061584473,0.5,0.03166666666666666,1298066.3886594872,666579.0035527302,443.8399999999985,276.6400000000005,1.5199999999999998,4.779786746621616,6.299786746621615
ornstein-uhlenbeck,303,92.95367758447772,20.706344764775192,4022.0428229109784,2271.0660778913752,193.75882291097773,120.52236558942278,3928.284000000001,2163.6682680240806,100.0,13.124555722128365,0.0,2455.1775000000007,0.0,0.0,2163.6682680240806,0.0,0.09203481674194336,0.04100608825683594,0.5,0.03166666666666666,1302088.4314823982,668850.0696306216,445.3599999999985,278.1600000000005,1.5199999999999998,4.779786746621616,6.299786746621615
ornstein-uhlenbeck,304,96.49061019457656,21.547778165270717,4047.0989060112315,2278.2520962170915,195.10242601123036,127.70838391513935,3951.9964800000007,2163.6682680240806,100.0,13.124555722128365,0.0,2469.9977999999996,0.0,0.0,2163.6682680240806,0.0,0.07404160499572754,0.034038543701171875,0.5,0.03166666666666666,1306135.5303884095,671128.3217268387,446.87999999999846,279.68000000000046,1.5199999999999998,4.779786746621616,6.299786746621615
ornstein-uhlenbeck,305,103.8589762698344,20.378505079201915,4473.037127870232,2285.938142319236,206.35552787023158,135.39443001728355,4366.681600000001,2163.6682680240806,100.0,13.124555722128365,0.0,2729.1760000000004,0.0,0.0,2163.6682680240806,0.0,0.0840158462524414,0.058077335357666016,0.5,0.03166666666666666,1310608.5675162796,673414.2598691579,448.39999999999844,281.20000000000044,1.5199999999999998,4.779786746621616,6.299786746621615
ornstein-uhlenbeck,306,103.91526396195452,20.603381225353676,4465.432924411856,2291.7900405565583,189.91452441185592,141.24632825460574,4375.5184,2163.6682680240806,100.0,13.124555722128365,0.0,2734.699,0.0,0.0,2163.6682680240806,0.0,0.11907196044921875,0.053560495376586914,0.5,0.03166666666666666,1315074.0004406916,675706.0499097145,449.9199999999984,282.7200000000004,1.5199999999999998,4.779786746621616,6.299786746621615
ornstein-uhlenbeck,307,108.29030982961918,23.789350438522174,4450.864811080066,2286.9804223985125,217.72241108006637,136.43671009655995,4333.1424,2163.6682680240806,100.0,13.124555722128365,0.0,2708.2139999999995,0.0,0.0,2163.6682680240806,0.0,0.0770421028137207,0.030000925064086914,0.5,0.03166666666666666,1319524.8652517716,677993.030332113,451.4399999999984,284.2400000000004,1.5199999999999998,4.779786746621616,6.299786746621615
ornstein-uhlenbeck,308,104.94840616740426,21.63093635879551,4457.9529293750975,2292.6922591553534,214.27132937509774,142.14854685340123,4343.6816,2163.6682680240806,100.0,13.124555722128365,0.0,2714.8009999999995,0.0,0.0,2163.6682680240806,0.0,0.07152795791625977,0.031516313552856445,0.5,0.03166666666666666,1323982.8181811466,680285.7225912684,452.9599999999984,285.7600000000004,1.5199999999999998,4.779786746621616,6.299786746621615
ornstein-uhlenbeck,309,103.49292960755973,24.315137518648,4467.57138098635,2278.8232616754785,213.35058098635014,128.27954937352615,4354.2208,2163.6682680240806,100.0,13.124555722128365,0.0,2721.3880000000004,0.0,0.0,2163.6682680240806,0.0,0.11483478546142578,0.04993462562561035,0.5,0.03166666666666666,1328450.389562133,682564.5458529438,454.47999999999837,287.28000000000037,1.5199999999999998,4.779786746621616,6.299786746621615
ornstein-uhlenbeck,310,94.44591505346598,23.376764769432615,4040.731188171677,2270.2951976203417,196.68782817167508,119.7514853183891,3944.0433600000015,2163.6682680240806,100.0,13.124555722128365,0.0,2465.027100000001,0.0,0.0,2163.6682680240806,0.0,0.12120628356933594,0.04798603057861328,0.5,0.03166666666666666,1332491.1207503048,684834.8410505641,455.99999999999835,288.80000000000035,1.5199999999999998,4.779786746621616,6.299786746621615
ornstein-uhlenbeck,311,96.26754455611054,22.150190321194934,3998.611270396883,2274.542883365642,154.7133503968819,123.99917106368936,3943.897920000001,2163.6682680240806,100.0,13.124555722128365,0.0,2464.9361999999996,0.0,0.0,2163.6682680240806,0.0,0.11692380905151367,0.06400895118713379,0.5,0.03166666666666666,1336489.7320207017,687109.3839339297,457.51999999999833,290.32000000000033,1.5199999999999998,4.779786746621616,6.299786746621615
ornstein-uhlenbeck,312,104.54557560051278,22.88093181062318,4464.376033689745,2282.36027729762,211.8000336897438,131.81656499566756,4352.576000000001,2163.6682680240806,100.0,13.124555722128365,0.0,2720.3600000000006,0.0,0.0,2163.6682680240806,0.0,0.08307456970214844,0.03751635551452637,0.5,0.03166666666666666,1340954.1080543916,689391.7442112274,459.0399999999983,291.8400000000003,1.5199999999999998,4.779786746621616,6.299786746621615
ornstein-uhlenbeck,313,105.18883625407823,23.18995663041597,4447.17006176798,2284.068484200191,178.94766176798038,133.5247718982388,4368.2224,2163.6682680240806,100.0,13.124555722128365,0.0,2730.139,0.0,0.0,2163.6682680240806,0.0,0.08052349090576172,0.04305386543273926,0.5,0.03166666666666666,1345401.2781161596,691675.8126954276,460.5599999999983,293.3600000000003,1.5199999999999998,4.779786746621616,6.299786746621615
ornstein-uhlenbeck,314,102.81206069829807,24.1771767544462,4462.613405128364,2279.1198612609846,227.76860512836402,128.57614895903222,4334.8448,2163.6682680240806,100.0,13.124555722128365,0.0,2709.2779999999993,0.0,0.0,2163.6682680240806,0.0,0.11243987083435059,0.04104304313659668,0.5,0.03166666666666666,1349863.891521288,693954.9325566886,462.0799999999983,294.8800000000003,1.5199999999999998,4.779786746621616,6.299786746621615
ornstein-uhlenbeck,315,101.77440096518698,22.01837938854977,4447.774282710596,2278.8872231387677,188.28468271059486,128.34351083681528,4359.489600000001,2163.6682680240806,100.0,13.124555722128365,0.0,2724.6809999999996,0.0,0.0,2163.6682680240806,0.0,0.11840057373046875,0.046709537506103516,0.5,0.03166666666666666,1354311.6658039987,696233.8197798274,463.59999999999826,296.40000000000026,1.5199999999999998,4.779786746621616,6.299786746621615
ornstein-uhlenbeck,316,105.03434464655966,21.837483161918044,4452.647411895422,2287.8587867042756,200.12901189542234,137.31507440232312,4352.5184,2163.6682680240806,100.0,13.124555722128365,0.0,2720.3240000000005,0.0,0.0,2163.6682680240806,0.0,0.11664342880249023,0.04766392707824707,0.5,0.03166666666666666,1358764.3132158942,698521.6785665316,465.11999999999824,297.92000000000024,1.5199999999999998,4.779786746621616,6.299786746621615
ornstein-uhlenbeck,317,97.85229882816945,21.039362913130198,4011.3542678404765,2275.1388751493687,170.37522784047553,124.59516284741612,3940.979040000001,2163.6682680240806,100.0,13.124555722128365,0.0,2463.111900000001,0.0,0.0,2163.6682680240806,0.0,0.12947368621826172,0.03716397285461426,0.5,0.03166666666666666,1362775.6674837347,700796.817441681,466.6399999999982,299.4400000000002,1.5199999999999998,4.779786746621616,6.299786746621615
ornstein-uhlenbeck,318,94.44283254787672,24.510999449129002,4035.175991476347,2267.508712870843,184.71167147634648,116.96500056889052,3950.464320000001,2163.6682680240806,100.0,13.124555722128365,0.0,2469.0402,0.0,0.0,2163.6682680240806,0.0,0.12117934226989746,0.04939389228820801,0.5,0.03166666666666666,1366810.843475211,703064.3261545519,468.1599999999982,300.9600000000002,1.5199999999999998,4.779786746621616,6.299786746621615
ornstein-uhlenbeck,319,101.1147751221636,22.803898185522694,4476.361713806866,2281.2163109398316,225.48811380686533,130.672598637879,4350.873600000001,2163.6682680240806,100.0,13.124555722128365,0.0,2719.2960000000007,0.0,0.0,2163.6682680240806,0.0,0.19209837913513184,0.04411005973815918,0.5,0.03166666666666666,1371287.2051890178,705345.5424654918,469.6799999999982,302.4800000000002,1.5199999999999998,4.779786746621616,6.299786746621615
ornstein-uhlenbeck,320,103.15443038751107,23.929738146606955,4478.075851334052,2286.6947679670593,200.85505133405135,136.15105566510698,4377.2208,2163.6682680240806,100.0,13.124555722128365,0.0,2735.763,0.0,0.0,2163.6682680240806,0.0,0.11757874488830566,0.039577484130859375,0.5,0.03166666666666666,1375765.2810403518,707632.2372334589,471.19999999999817,304.00000000000017,1.5199999999999998,4.779786746621616,6.299786746621615
ornstein-uhlenbeck,321,102.02332670036685,23.178910834888832,4443.274211810919,2279.3121457764646,210.1318118109195,128.76843347451225,4333.1424,2163.6682680240806,100.0,13.124555722128365,0.0,2708.2139999999995,0.0,0.0,2163.6682680240806,0.0,0.11158037185668945,0.03412604331970215,0.5,0.03166666666666666,1380208.5552521627,709911.5493792354,472.71999999999815,305.52000000000015,1.5199999999999998,4.779786746621616,6.299786746621615
ornstein-uhlenbeck,322,105.79645640997644,22.878704830451742,4468.888464950437,2284.872611124544,205.99406495043715,134.3288988225919,4362.8944,2163.6682680240806,100.0,13.124555722128365,0.0,2726.8089999999993,0.0,0.0,2163.6682680240806,0.0,0.12169504165649414,0.048010826110839844,0.5,0.03166666666666666,1384677.4437171132,712196.4219903599,474.23999999999813,307.04000000000013,1.5199999999999998,4.779786746621616,6.299786746621615
ornstein-uhlenbeck,323,104.53534308928484,23.562647250349414,4483.66549185753,2288.5565487356894,210.2318918575292,138.01283643373685,4373.4336,2163.6682680240806,100.0,13.124555722128365,0.0,2733.396,0.0,0.0,2163.6682680240806,0.0,0.1187744140625,0.0454714298248291,0.5,0.03166666666666666,1389161.1092089708,714484.9785390956,475.7599999999981,308.5600000000001,1.5199999999999998,4.779786746621616,6.299786746621615
ornstein-uhlenbeck,324,92.25466572938603,21.667912365910183,4030.3349360288266,2267.5072300470283,203.5830960288255,116.96351774507582,3926.7518400000013,2163.6682680240806,100.0,13.124555722128365,0.0,2454.219900000001,0.0,0.0,2163.6682680240806,0.0,0.12709808349609375,0.046825408935546875,0.5,0.03166666666666666,1393191.4441449996,716752.4857691426,477.2799999999981,310.0800000000001,1.5199999999999998,4.779786746621616,6.299786746621615
ornstein-uhlenbeck,325,92.00136177822712,18.656806294850522,4034.6240385770116,2267.960641442047,182.6275585770111,117.4169291400943,3951.9964800000007,2163.6682680240806,100.0,13.124555722128365,0.0,2469.9977999999996,0.0,0.0,2163.6682680240806,0.0,0.12061691284179688,0.035720109939575195,0.5,0.03166666666666666,1397226.0681835767,719020.4464105847,478.7999999999981,311.6000000000001,1.5199999999999998,4.779786746621616,6.299786746621615
ornstein-uhlenbeck,326,103.93263017010025,24.952745017486713,4464.270445699728,2279.7450961607474,211.69444569972728,129.2013838587948,4352.576000000001,2163.6682680240806,100.0,13.124555722128365,0.0,2720.3600000000006,0.0,0.0,2163.6682680240806,0.0,0.15431761741638184,0.04664039611816406,0.5,0.03166666666666666,1401690.3386292765,721300.1915067455,480.31999999999806,313.12000000000006,1.5199999999999998,4.779786746621616,6.299786746621615
ornstein-uhlenbeck,327,100.47721057938013,22.417752515012918,4464.516000609594,2278.6108845889166,187.29520060959402,128.06717228696414,4377.2208,2163.6682680240806,100.0,13.124555722128365,0.0,2735.763,0.0,0.0,2163.6682680240806,0.0,0.12060070037841797,0.04558825492858887,0.5,0.03166666666666666,1406154.854629886,723578.8023913344,481.83999999999804,314.64000000000004,1.5199999999999998,4.779786746621616,6.299786746621615
ornstein-uhlenbeck,328,100.83965988550706,23.021871570839455,4444.488752252355,2276.2701531273588,207.94155225235528,125.72644082540631,4336.5472,2163.6682680240806,100.0,13.124555722128365,0.0,2710.3419999999996,0.0,0.0,2163.6682680240806,0.0,0.12458682060241699,0.07975530624389648,0.5,0.03166666666666666,1410599.3433821385,725855.0725444618,483.359999999998,316.16,1.5199999999999998,4.779786746621616,6.299786746621615
ornstein-uhlenbeck,329,101.14768134765315,24.326155309998665,4472.330612433978,2278.754733181143,228.64901243397762,128.21102087919047,4343.6816,2163.6682680240806,100.0,13.124555722128365,0.0,2714.8009999999995,0.0,0.0,2163.6682680240806,0.0,0.16271471977233887,0.029481172561645508,0.5,0.03166666666666666,1415071.6739945726,728133.8272776429,484.879999999998,317.68,1.5199999999999998,4.779786746621616,6.299786746621615
ornstein-uhlenbeck,330,100.76630287957919,22.7387631636071,4465.427429634613,2278.1376634671547,193.6962296346128,127.59395116520248,4371.7312,2163.6682680240806,100.0,13.124555722128365,0.0,2732.3320000000003,0.0,0.0,2163.6682680240806,0.0,0.12443804740905762,0.04687929153442383,0.5,0.03166666666666666,1419537.1014242072,730411.9649411101,486.399999999998,319.2,1.5199999999999998,4.779786746621616,6.299786746621615
ornstein-uhlenbeck,331,94.22059715423308,21.308585982236732,4013.3649801664105,2153.710378968619,185.0809801664097,0.0,3928.284000000001,2163.6682680240806,100.0,9.9578890554617,0.0,2455.1775000000007,0.0,0.0,2163.6682680240806,0.0,0.12395787239074707,0.0400087833404541,0.5,0.0,1423550.4664043735,732565.6753200787,487.91999999999797,319.2,0.0,4.779786746621616,4.779786746621616
ornstein-uhlenbeck,332,91.83407426662647,22.297544116295082,4045.7181818294475,2153.710378968619,212.54538182944708,0.0,3933.1728000000007,2163.6682680240806,100.0,9.9578890554617,0.0,2458.2329999999997,0.0,0.0,2163.6682680240806,0.0,0.11998152732849121,0.05298948287963867,0.5,0.0,1427596.184586203,734719.3856990474,489.43999999999795,319.2,0.0,4.779786746621616,4.779786746621616
ornstein-uhlenbeck,333,100.41908255670812,24.49559839354018,4439.760470854208,2153.710378968619,180.3748708542068,0.0,4359.3856000000005,2163.6682680240806,100.0,9.9578890554617,0.0,2724.616000000001,0.0,0.0,2163.6682680240806,0.0,0.14960384368896484,0.04399728775024414,0.5,0.0,1432035.945057057,736873.096078016,490.95999999999793,319.2,0.0,4.779786746621616,4.779786746621616
ornstein-uhlenbeck,334,101.70904052639764,20.2297592262643,4457.872793651484,2153.710378968619,180.65199365148385,0.0,4377.2208,2163.6682680240806,100.0,9.9578890554617,0.0,2735.763,0.0,0.0,2163.6682680240806,0.0,0.12389779090881348,0.04936528205871582,0.5,0.0,1436493.8178507085,739026.8064569846,492.4799999999979,319.2,0.0,4.779786746621616,4.779786746621616
ornstein-uhlenbeck,335,102.62837967032108,20.278434363696206,4430.439211332562,2153.710378968619,192.18961133256184,0.0,4338.2496,2163.6682680240806,100.0,9.9578890554617,0.0,2711.4059999999995,0.0,0.0,2163.6682680240806,0.0,0.1191549301147461,0.023997068405151367,0.5,0.0,1440924.257062041,741180.5168359532,493.9999999999979,319.2,0.0,4.779786746621616,4.779786746621616
ornstein-uhlenbeck,336,99.7590272169037,22.46807614168323,4458.214148054691,2153.710378968619,195.31974805469062,0.0,4362.8944,2163.6682680240806,100.0,9.9578890554617,0.0,2726.8089999999993,0.0,0.0,2163.6682680240806,0.0,0.12695908546447754,0.04063820838928223,0.5,0.0,1445382.4712100956,743334.2272149218,495.5199999999979,319.2,0.0,4.779786746621616,4.779786746621616
ornstein-uhlenbeck,337,101.37601908577169,20.590740337703586,4460.149217632304,2153.710378968619,207.63081763230363,0.0,4352.5184,2163.6682680240806,100.0,9.9578890554617,0.0,2720.3240000000005,0.0,0.0,2163.6682680240806,0.0,0.10626077651977539,0.046686410903930664,0.5,0.0,1449842.620427728,745487.9375938905,497.03999999999786,319.2,0.0,4.779786746621616,4.779786746621616
ornstein-uhlenbeck,338,90.31905971156375,22.535628244536273,4031.0108707842974,2153.710378968619,202.7268707842968,0.0,3928.284000000001,2163.6682680240806,100.0,9.9578890554617,0.0,2455.1775000000007,0.0,0.0,2163.6682680240806,0.0,0.12355947494506836,0.04636430740356445,0.5,0.0,1453873.6312985122,747641.6479728591,498.55999999999784,319.2,0.0,4.779786746621616,4.779786746621616
ornstein-uhlenbeck,339,89.36832825683378,18.38730368891117,4012.68191984408,2153.710378968619,177.97695984407903,0.0,3934.704960000001,2163.6682680240806,100.0,9.9578890554617,0.0,2459.1906000000004,0.0,0.0,2163.6682680240806,0.0,0.1136159896850586,0.059514522552490234,0.5,0.0,1457886.3132183563,749795.3583518277,500.0799999999978,319.2,0.0,4.779786746621616,4.779786746621616
ornstein-uhlenbeck,340,100.86677575963296,22.44384608411732,4458.37560692288,2153.710378968619,205.7996069228793,0.0,4352.576000000001,2163.6682680240806,100.0,9.9578890554617,0.0,2720.3600000000006,0.0,0.0,2163.6682680240806,0.0,0.11626076698303223,0.04678630828857422,0.5,0.0,1462344.6888252792,751949.0687307963,501.5999999999978,319.2,0.0,4.779786746621616,4.779786746621616
ornstein-uhlenbeck,341,104.46959237503991,23.49490970788536,4486.030888504207,2153.710378968619,208.81008850420676,0.0,4377.2208,2163.6682680240806,100.0,9.9578890554617,0.0,2735.763,0.0,0.0,2163.6682680240806,0.0,0.12213611602783203,0.04793596267700195,0.5,0.0,1466830.7197137834,754102.779109765,503.1199999999978,319.2,0.0,4.779786746621616,4.779786746621616
ornstein-uhlenbeck,342,100.85675085629562,22.61931420458629,4410.232992959464,2153.710378968619,163.4713929594649,0.0,4346.7616,2163.6682680240806,100.0,9.9578890554617,0.0,2716.7259999999997,0.0,0.0,2163.6682680240806,0.0,0.11328434944152832,0.04638099670410156,0.5,0.0,1471240.9527067428,756256.4894887336,504.63999999999777,319.2,0.0,4.779786746621616,4.779786746621616
ornstein-uhlenbeck,343,101.1586926643616,22.52000678329597,4440.933998512648,2153.710378968619,178.03959851264776,0.0,4362.8944,2163.6682680240806,100.0,9.9578890554617,0.0,2726.8089999999993,0.0,0.0,2163.6682680240806,0.0,0.11687755584716797,0.04245710372924805,0.5,0.0,1475681.8867052554,758410.1998677022,506.15999999999775,319.2,0.0,4.779786746621616,4.779786746621616
ornstein-uhlenbeck,344,102.11758270248417,19.270330024136918,4447.458901011468,2153.710378968619,191.5357010114677,0.0,4355.9232,2163.6682680240806,100.0,9.9578890554617,0.0,2722.452,0.0,0.0,2163.6682680240806,0.0,0.11059069633483887,0.04599571228027344,0.5,0.0,1480129.3456062668,760563.9102466708,507.67999999999773,319.2,0.0,4.779786746621616,4.779786746621616
ornstein-uhlenbeck,345,90.07297413983383,18.665026499283957,4017.98687356925,2153.710378968619,175.4756735692482,0.0,3942.5112000000013,2163.6682680240806,100.0,9.9578890554617,0.0,2464.0695000000005,0.0,0.0,2163.6682680240806,0.0,0.11857724189758301,0.046953678131103516,0.5,0.0,1484147.332479836,762717.6206256395,509.1999999999977,319.2,0.0,4.779786746621616,4.779786746621616
ornstein-uhlenbeck,346,89.48671127615819,21.610714956179617,4039.6619711323156,2153.710378968619,190.7298111323145,0.0,3948.9321600000007,2163.6682680240806,100.0,9.9578890554617,0.0,2468.0826,0.0,0.0,2163.6682680240806,0.0,0.1036069393157959,0.02268695831298828,0.5,0.0,1488186.9944509682,764871.3310046081,510.7199999999977,319.2,0.0,4.779786746621616,4.779786746621616
ornstein-uhlenbeck,347,98.80097760027168,27.783677557954878,4466.106093142044,2153.710378968619,215.23249314204307,0.0,4350.873600000001,2163.6682680240806,100.0,9.9578890554617,0.0,2719.2960000000007,0.0,0.0,2163.6682680240806,0.0,0.10122179985046387,0.03713417053222656,0.5,0.0,1492653.1005441102,767025.0413835767,512.2399999999977,319.2,0.0,4.779786746621616,4.779786746621616
ornstein-uhlenbeck,348,99.22621602345676,20.05473467017421,4471.341813901727,2153.710378968619,195.82341390172638,0.0,4375.5184,2163.6682680240806,100.0,9.9578890554617,0.0,2734.699,0.0,0.0,2163.6682680240806,0.0,0.11480426788330078,0.05088305473327637,0.5,0.0,1497124.4423580118,769178.7517625453,513.7599999999977,319.2,0.0,4.779786746621616,4.779786746621616
ornstein-uhlenbeck,349,94.601538860254,22.421512467333756,4432.100952346645,2153.710378968619,193.8513523466447,0.0,4338.2496,2163.6682680240806,100.0,9.9578890554617,0.0,2711.4059999999995,0.0,0.0,2163.6682680240806,0.0,0.13193941116333008,0.03099370002746582,0.5,0.0,1501556.5433103584,771332.4621415139,515.2799999999977,319.2,0.0,4.779786746621616,4.779786746621616
ornstein-uhlenbeck,350,96.17027626299019,22.624930748508724,4430.521027368193,2153.710378968619,188.5418273681924,0.0,4341.979200000001,2163.6682680240806,100.0,9.9578890554617,0.0,2713.737,0.0,0.0,2163.6682680240806,0.0,0.10093092918395996,0.02210831642150879,0.5,0.0,1505987.0643377267,773486.1725204826,516.7999999999977,319.2,0.0,4.779786746621616,4.779786746621616
ornstein-uhlenbeck,351,96.45450242187162,22.707238146820323,4434.435695860521,2153.710378968619,166.10929586052163,0.0,4368.3264,2163.6682680240806,100.0,9.9578890554617,0.0,2730.204,0.0,0.0,2163.6682680240806,0.0,0.10103940963745117,0.04987359046936035,0.5,0.0,1510421.5000335872,775639.8828994512,518.3199999999977,319.2,0.0,4.779786746621616,4.779786746621616
ornstein-uhlenbeck,352,86.68656255556589,20.0639387601372,4023.3355204805384,2153.710378968619,180.8243204805373,0.0,3942.5112000000013,2163.6682680240806,100.0,9.9578890554617,0.0,2464.0695000000005,0.0,0.0,2163.6682680240806,0.0,0.11945176124572754,0.04299521446228027,0.5,0.0,1514444.8355540677,777793.5932784198,519.8399999999976,319.2,0.0,4.779786746621616,4.779786746621616
ornstein-uhlenbeck,353,87.11628077872338,22.094515154451006,4023.3965529763345,2153.710378968619,187.15943297633385,0.0,3936.2371200000007,2163.6682680240806,100.0,9.9578890554617,0.0,2460.1482,0.0,0.0,2163.6682680240806,0.0,0.11311793327331543,0.041506052017211914,0.5,0.0,1518468.232107044,779947.3036573884,521.3599999999976,319.2,0.0,4.779786746621616,4.779786746621616
ornstein-uhlenbeck,354,98.94387136187873,24.40749811721571,4452.711344593553,2153.710378968619,203.5401445935522,0.0,4349.171200000001,2163.6682680240806,100.0,9.9578890554617,0.0,2718.232000000001,0.0,0.0,2163.6682680240806,0.0,0.1086268424987793,0.044172048568725586,0.5,0.0,1522920.9434516374,782101.014036357,522.8799999999976,319.2,0.0,4.779786746621616,4.779786746621616
ornstein-uhlenbeck,355,95.6535436621886,23.322567328924023,4464.690356818337,2153.710378968619,206.68235681833602,0.0,4358.008000000001,2163.6682680240806,100.0,9.9578890554617,0.0,2723.7549999999997,0.0,0.0,2163.6682680240806,0.0,0.12563180923461914,0.04378867149353027,0.5,0.0,1527385.6338084557,784254.7244153257,524.3999999999976,319.2,0.0,4.779786746621616,4.779786746621616
ornstein-uhlenbeck,356,95.74325363650549,21.97735039170286,4439.431418995909,2153.710378968619,201.18181899590894,0.0,4338.2496,2163.6682680240806,100.0,9.9578890554617,0.0,2711.4059999999995,0.0,0.0,2163.6682680240806,0.0,0.12273168563842773,0.03354334831237793,0.5,0.0,1531825.0652274515,786408.4347942943,525.9199999999976,319.2,0.0,4.779786746621616,4.779786746621616
ornstein-uhlenbeck,357,97.92881932988769,21.72552525484615,4463.636925909173,2153.710378968619,199.04012590917353,0.0,4364.5968,2163.6682680240806,100.0,9.9578890554617,0.0,2727.8730000000005,0.0,0.0,2163.6682680240806,0.0,0.10402321815490723,0.03820490837097168,0.5,0.0,1536288.7021533607,788562.1451732629,527.4399999999976,319.2,0.0,4.779786746621616,4.779786746621616
ornstein-uhlenbeck,358,95.06008642462746,21.688176004164795,4453.376961667449,2153.710378968619,183.3481616674494,0.0,4370.0288,2163.6682680240806,100.0,9.9578890554617,0.0,2731.2680000000005,0.0,0.0,2163.6682680240806,0.0,0.1162102222442627,0.04794883728027344,0.5,0.0,1540742.0791150283,790715.8555522315,528.9599999999975,319.2,0.0,4.779786746621616,4.779786746621616
ornstein-uhlenbeck,359,85.63542471311462,21.64510738128451,3992.2926985555437,2153.710378968619,167.07301855554272,0.0,3925.219680000001,2163.6682680240806,100.0,9.9578890554617,0.0,2453.2623000000012,0.0,0.0,2163.6682680240806,0.0,0.11499547958374023,0.022525548934936523,0.5,0.0,1544734.371813584,792869.5659312002,530.4799999999975,319.2,0.0,4.779786746621616,4.779786746621616
ornstein-uhlenbeck,360,83.94588681968398,22.186517921770474,4029.8496458207073,2153.710378968619,198.20900582070638,0.0,3931.640640000001,2163.6682680240806,100.0,9.9578890554617,0.0,2457.2754,0.0,0.0,2163.6682680240806,0.0,0.09959173202514648,0.05047202110290527,0.5,0.0,1548764.2214594046,795023.2763101688,531.9999999999975,319.2,0.0,4.779786746621616,4.779786746621616
ornstein-uhlenbeck,361,92.91944107223755,24.047691376531887,4438.50937562373,2153.710378968619,192.74297562372888,0.0,4345.766400000001,2163.6682680240806,100.0,9.9578890554617,0.0,2716.1040000000007,0.0,0.0,2163.6682680240806,0.0,0.15381884574890137,0.039879560470581055,0.5,0.0,1553202.7308350282,797176.9866891374,533.5199999999975,319.2,0.0,4.779786746621616,4.779786746621616
ornstein-uhlenbeck,362,92.56423086892364,24.338200623275842,4456.897855466033,2153.710378968619,198.8898554660331,0.0,4358.008000000001,2163.6682680240806,100.0,9.9578890554617,0.0,2723.7549999999997,0.0,0.0,2163.6682680240806,0.0,0.13121795654296875,0.052793264389038086,0.5,0.0,1557659.6286904942,799330.697068106,535.0399999999975,319.2,0.0,4.779786746621616,4.779786746621616
ornstein-uhlenbeck,363,95.56795478238804,21.004913628161223,4440.3506218222965,2153.710378968619,184.5906218222972,0.0,4355.759999999999,2163.6682680240806,100.0,9.9578890554617,0.0,2722.3499999999995,0.0,0.0,2163.6682680240806,0.0,0.12923622131347656,0.049271583557128906,0.5,0.0,1562099.9793123165,801484.4074470747,536.5599999999974,319.2,0.0,4.779786746621616,4.779786746621616
ornstein-uhlenbeck,364,92.94072701963451,20.194287722626317,4434.726846523568,2153.710378968619,171.83244652356785,0.0,4362.8944,2163.6682680240806,100.0,9.9578890554617,0.0,2726.8089999999993,0.0,0.0,2163.6682680240806,0.0,0.11069822311401367,0.03363204002380371,0.5,0.0,1566534.70615884,803638.1178260433,538.0799999999974,319.2,0.0,4.779786746621616,4.779786746621616
ornstein-uhlenbeck,365,92.6628879384162,23.43589938025896,4478.3845638293515,2153.710378968619,206.65336382935152,0.0,4371.7312,2163.6682680240806,100.0,9.9578890554617,0.0,2732.3320000000003,0.0,0.0,2163.6682680240806,0.0,0.12692523002624512,0.03120279312133789,0.5,0.0,1571013.0907226694,805791.8282050119,539.5999999999974,319.2,0.0,4.779786746621616,4.779786746621616
fixed-bias,1,95.55813683562333,23.791233636978447,4471.835396082073,3233.3153000473367,198.40179608207248,121.21562759490071,4373.4336,3133.0465354678477,100.0,20.946863015411488,0.0,2733.396,0.0,0.0,3133.0465354678477,0.0,0.11829924583435059,0.06257224082946777,0.5,0.03166666666666666,4471.835396082073,3233.3153000473367,1.52,1.5199999999999998,1.5199999999999998,8.534494247397514,10.054494247397514
fixed-bias,2,82.08723996277698,22.38376505555918,4018.201979283368,3209.739722519538,192.98229928336693,97.64005006710227,3925.219680000001,3133.0465354678477,100.0,20.946863015411488,0.0,2453.2623000000012,0.0,0.0,3133.0465354678477,0.0,0.11086392402648926,0.055188894271850586,0.5,0.03166666666666666,8490.037375365442,6443.055022566875,3.04,3.0399999999999996,1.5199999999999998,8.534494247397514,10.054494247397514
fixed-bias,3,81.77862283174728,19.27722629490675,4029.5937115626657,3211.124084694822,177.5972315626651,99.0244122423858,3951.9964800000007,3133.0465354678477,100.0,20.946863015411488,0.0,2469.9977999999996,0.0,0.0,3133.0465354678477,0.0,0.0891425609588623,0.031540632247924805,0.5,0.03166666666666666,12519.631086928108,9654.179107261698,4.5600000000000005,4.56,1.5199999999999998,8.534494247397514,10.054494247397514
fixed-bias,4,89.42705178675055,22.94887910050355,4443.993837045388,3221.0795836946,196.52503704538722,108.97991124216394,4347.4688000000015,3133.0465354678477,100.0,20.946863015411488,0.0,2717.1680000000006,0.0,0.0,3133.0465354678477,0.0,0.09635543823242188,0.03761649131774902,0.5,0.03166666666666666,16963.624923973497,12875.258690956298,6.08,6.079999999999999,1.5199999999999998,8.534494247397514,10.054494247397514
fixed-bias,5,89.73922861852304,20.97342098605987,4449.089235170441,3226.6644743772476,191.08123517044018,114.56480192481138,4358.008000000001,3133.0465354678477,100.0,20.946863015411488,0.0,2723.7549999999997,0.0,0.0,3133.0465354678477,0.0,0.07995796203613281,0.04038715362548828,0.5,0.03166666666666666,21412.714159143936,16101.923165333545,7.6,7.599999999999999,1.5199999999999998,8.534494247397514,10.054494247397514
fixed-bias,6,88.19691199516744,22.08783812762239,4422.790292430458,3217.66603331383,187.94549243045796,105.56636086139386,4334.8448,3133.0465354678477,100.0,20.946863015411488,0.0,2709.2779999999993,0.0,0.0,3133.0465354678477,0.0,0.08437776565551758,0.03233218193054199,0.5,0.03166666666666666,25835.504451574394,19319.589198647376,9.12,9.12,1.5199999999999998,8.534494247397514,10.054494247397514
fixed-bias,7,89.29004388564353,24.373765168004773,4460.875052874794,3213.942305250678,196.27825287479357,101.8426327982418,4364.5968,3133.0465354678477,100.0,20.946863015411488,0.0,2727.8730000000005,0.0,0.0,3133.0465354678477,0.0,0.08426260948181152,0.02198481559753418,0.5,0.03166666666666666,30296.37950444919,22533.531503898055,10.639999999999999,10.639999999999999,1.5199999999999998,8.534494247397514,10.054494247397514
fixed-bias,8,90.98888547132698,24.361042792644177,4459.194690142607,3222.8288731541006,185.76109014260666,110.72920070166455,4373.4336,3133.0465354678477,100.0,20.946863015411488,0.0,2733.396,0.0,0.0,3133.0465354678477,0.0,0.07738924026489258,0.04181408882141113,0.5,0.03166666666666666,34755.5741945918,25756.360377052155,12.159999999999998,12.159999999999998,1.5199999999999998,8.534494247397514,10.054494247397514
fixed-bias,9,79.3093697011217,19.690341863265832,4008.517807544944,3213.440824553675,166.00660754494248,101.34115210123908,3942.5112000000013,3133.0465354678477,100.0,20.946863015411488,0.0,2464.0695000000005,0.0,0.0,3133.0465354678477,0.0,0.13065600395202637,0.04286670684814453,0.5,0.03166666666666666,38764.09200213674,28969.80120160583,13.679999999999998,13.679999999999998,1.5199999999999998,8.534494247397514,10.054494247397514
fixed-bias,10,80.47458712028997,20.492507965523867,4008.673240720307,3214.786449622997,156.6767607203065,102.68677717056127,3951.9964800000007,3133.0465354678477,100.0,20.946863015411488,0.0,2469.9977999999996,0.0,0.0,3133.0465354678477,0.0,0.11493444442749023,0.043589115142822266,0.5,0.03166666666666666,42772.76524285705,32184.587651228827,15.199999999999998,15.199999999999998,1.5199999999999998,8.534494247397514,10.054494247397514
fixed-bias,11,85.71444573567375,23.441018507847307,4440.849097180657,3218.877799812215,175.86989718065513,106.77812735977892,4364.979200000002,3133.0465354678477,100.0,20.946863015411488,0.0,2728.1120000000005,0.0,0.0,3133.0465354678477,0.0,0.11961245536804199,0.03991222381591797,0.5,0.03166666666666666,47213.614340037704,35403.46545104104,16.72,16.72,1.5199999999999998,8.534494247397514,10.054494247397514
fixed-bias,12,88.01024999731855,20.564409416886882,4445.633443107035,3223.200918784741,170.1150431070354,111.10124633230488,4375.5184,3133.0465354678477,100.0,20.946863015411488,0.0,2734.699,0.0,0.0,3133.0465354678477,0.0,0.11981534957885742,0.04110217094421387,0.5,0.03166666666666666,51659.24778314474,38626.66636982578,18.24,18.24,1.5199999999999998,8.534494247397514,10.054494247397514
fixed-bias,13,86.59660289117387,22.350084450024116,4435.373808786579,3218.591165812647,179.61380878657914,106.49149336021092,4355.759999999999,3133.0465354678477,100.0,20.946863015411488,0.0,2722.3499999999995,0.0,0.0,3133.0465354678477,0.0,0.1174919605255127,0.03969979286193848,0.5,0.03166666666666666,56094.62159193132,41845.25753563843,19.759999999999998,19.759999999999998,1.5199999999999998,8.534494247397514,10.054494247397514
fixed-bias,14,88.27578401602047,19.68353494201407,4438.798752919296,3226.1789657582863,179.3091529192951,114.07929330585014,4359.489600000001,3133.0465354678477,100.0,20.946863015411488,0.0,2724.6809999999996,0.0,0.0,3133.0465354678477,0.0,0.11600732803344727,0.03516793251037598,0.5,0.03166666666666666,60533.420344850616,45071.43650139672,21.279999999999998,21.279999999999998,1.5199999999999998,8.534494247397514,10.054494247397514
fixed-bias,15,85.33888045225613,23.689810820613708,4441.620276074382,3215.295766736776,185.69707607438198,103.19609428433978,4355.9232,3133.0465354678477,100.0,20.946863015411488,0.0,2722.452,0.0,0.0,3133.0465354678477,0.0,0.10731744766235352,0.03794050216674805,0.5,0.03166666666666666,64975.040620925,48286.73226813349,22.799999999999997,22.799999999999997,1.5199999999999998,8.534494247397514,10.054494247397514
fixed-bias,16,77.4565413339472,19.320176277694465,4000.536910680462,3205.95111935448,156.4935506804607,93.8514469020437,3944.0433600000015,3133.0465354678477,100.0,20.946863015411488,0.0,2465.027100000001,0.0,0.0,3133.0465354678477,0.0,0.12538409233093262,0.019724369049072266,0.5,0.03166666666666666,68975.57753160546,51492.683387487974,24.319999999999997,24.319999999999997,1.5199999999999998,8.534494247397514,10.054494247397514
fixed-bias,17,76.7688835292059,21.79433135686027,4023.8293378894086,3211.0732559256694,171.83285788940782,98.97358347323346,3951.9964800000007,3133.0465354678477,100.0,20.946863015411488,0.0,2469.9977999999996,0.0,0.0,3133.0465354678477,0.0,0.0880897045135498,0.02049398422241211,0.5,0.03166666666666666,72999.40686949488,54703.756643413646,25.839999999999996,25.839999999999996,1.5199999999999998,8.534494247397514,10.054494247397514
fixed-bias,18,87.06897422060221,22.364422236755967,4443.90940055422,3218.5513467383907,175.52540055421898,106.45167428595478,4368.384000000001,3133.0465354678477,100.0,20.946863015411488,0.0,2730.2400000000007,0.0,0.0,3133.0465354678477,0.0,0.09369754791259766,0.023636579513549805,0.5,0.03166666666666666,77443.3162700491,57922.30799015204,27.359999999999996,27.359999999999996,1.5199999999999998,8.534494247397514,10.054494247397514
fixed-bias,19,82.95392994050128,24.628405271333843,4442.084827089226,3214.6925472109206,164.86402708922554,102.59287475848434,4377.2208,3133.0465354678477,100.0,20.946863015411488,0.0,2735.763,0.0,0.0,3133.0465354678477,0.0,0.10767817497253418,0.03593873977661133,0.5,0.03166666666666666,81885.40109713832,61137.00053736296,28.879999999999995,28.879999999999995,1.5199999999999998,8.534494247397514,10.054494247397514
fixed-bias,20,82.60020912336067,24.303778721802527,4422.055045575259,3214.266829532985,167.99744557526,102.1671570805487,4354.057599999999,3133.0465354678477,100.0,20.946863015411488,0.0,2721.2859999999996,0.0,0.0,3133.0465354678477,0.0,0.10853171348571777,0.03552532196044922,0.5,0.03166666666666666,86307.45614271358,64351.26736689595,30.399999999999995,30.399999999999995,1.5199999999999998,8.534494247397514,10.054494247397514
fixed-bias,21,81.20828187948342,24.558608323078438,4443.559055249968,3210.876851829232,180.6646552499679,98.77717937679543,4362.8944,3133.0465354678477,100.0,20.946863015411488,0.0,2726.8089999999993,0.0,0.0,3133.0465354678477,0.0,0.101593017578125,0.03845620155334473,0.5,0.03166666666666666,90751.01519796354,67562.14421872518,31.919999999999995,31.919999999999995,1.5199999999999998,8.534494247397514,10.054494247397514
fixed-bias,22,81.75441438053086,22.27701407274462,4437.430640813192,3211.497690957755,184.91224081319297,99.39801850531856,4352.5184,3133.0465354678477,100.0,20.946863015411488,0.0,2720.3240000000005,0.0,0.0,3133.0465354678477,0.0,0.11371731758117676,0.03461194038391113,0.5,0.03166666666666666,95188.44583877674,70773.64190968293,33.44,33.44,1.5199999999999998,8.534494247397514,10.054494247397514
fixed-bias,23,74.88631276670993,20.490975669468387,3997.8414207255637,3205.78666311448,169.55742072556274,93.68699066204371,3928.284000000001,3133.0465354678477,100.0,20.946863015411488,0.0,2455.1775000000007,0.0,0.0,3133.0465354678477,0.0,0.08474564552307129,0.035042762756347656,0.5,0.03166666666666666,99186.28725950231,73979.42857279742,34.96,34.96,1.5199999999999998,8.534494247397514,10.054494247397514
fixed-bias,24,77.3107741976847,18.62351214774844,3999.214681582822,3208.309070804996,167.5740415828213,96.20939835255955,3931.640640000001,3133.0465354678477,100.0,20.946863015411488,0.0,2457.2754,0.0,0.0,3133.0465354678477,0.0,0.11232328414916992,0.02554178237915039,0.5,0.03166666666666666,103185.50194108512,77187.73764360242,36.480000000000004,36.480000000000004,1.5199999999999998,8.534494247397514,10.054494247397514
fixed-bias,25,81.87965777103982,20.88465198751037,4427.495649179929,3213.066874039105,181.7292491799281,100.9672015866691,4345.766400000001,3133.0465354678477,100.0,20.946863015411488,0.0,2716.1040000000007,0.0,0.0,3133.0465354678477,0.0,0.10532617568969727,0.04474902153015137,0.5,0.03166666666666666,107612.99759026505,80400.80451764153,38.00000000000001,38.00000000000001,1.5199999999999998,8.534494247397514,10.054494247397514
fixed-bias,26,83.3302640329544,23.28421500187989,4460.7787600774,3215.038881435899,204.47316007740048,102.93920898346266,4356.3056,3133.0465354678477,100.0,20.946863015411488,0.0,2722.6910000000003,0.0,0.0,3133.0465354678477,0.0,0.11447787284851074,0.03485274314880371,0.5,0.03166666666666666,112073.77635034245,83615.84339907744,39.52000000000001,39.52000000000001,1.5199999999999998,8.534494247397514,10.054494247397514
fixed-bias,27,80.10644267253019,19.31128588010697,4405.055146822358,3211.631653243395,170.21034682235842,99.53198079095874,4334.8448,3133.0465354678477,100.0,20.946863015411488,0.0,2709.2779999999993,0.0,0.0,3133.0465354678477,0.0,0.13039183616638184,0.041162967681884766,0.5,0.03166666666666666,116478.8314971648,86827.47505232083,41.04000000000001,41.04000000000001,1.5199999999999998,8.534494247397514,10.054494247397514
fixed-bias,28,82.07959905318405,21.04151608383958,4432.576705744046,3215.1082164990376,187.19270574404544,103.00854404660146,4345.384000000001,3133.0465354678477,100.0,20.946863015411488,0.0,2715.865,0.0,0.0,3133.0465354678477,0.0,0.11621594429016113,0.04099917411804199,0.5,0.03166666666666666,120911.40820290885,90042.58326881987,42.56000000000002,42.56000000000002,1.5199999999999998,8.534494247397514,10.054494247397514
fixed-bias,29,83.70659262692932,22.531073020721543,4463.480551771221,3214.4711576581053,190.04695177122062,102.37148520566906,4373.4336,3133.0465354678477,100.0,20.946863015411488,0.0,2733.396,0.0,0.0,3133.0465354678477,0.0,0.12247967720031738,0.04163765907287598,0.5,0.03166666666666666,125374.88875468007,93257.05442647797,44.08000000000002,44.08000000000002,1.5199999999999998,8.534494247397514,10.054494247397514
fixed-bias,30,73.7763487645965,18.94935556760742,3991.1901119869713,3208.792958480844,148.67891198697004,96.69328602840761,3942.5112000000013,3133.0465354678477,100.0,20.946863015411488,0.0,2464.0695000000005,0.0,0.0,3133.0465354678477,0.0,0.124725341796875,0.03311443328857422,0.5,0.03166666666666666,129366.07886666704,96465.84738495882,45.60000000000002,45.60000000000002,1.5199999999999998,8.534494247397514,10.054494247397514
fixed-bias,31,72.39121688885952,19.74335432583654,4001.7881282928874,3206.479010351145,149.79164829288712,94.37933789870897,3951.9964800000007,3133.0465354678477,100.0,20.946863015411488,0.0,2469.9977999999996,0.0,0.0,3133.0465354678477,0.0,0.11588478088378906,0.04186272621154785,0.5,0.03166666666666666,133367.86699495994,99672.32639530997,47.120000000000026,47.120000000000026,1.5199999999999998,8.534494247397514,10.054494247397514
fixed-bias,32,79.09036226736328,20.761757764227557,4415.934059685999,3209.6700354892137,163.35805968599877,97.57036303677761,4352.576000000001,3133.0465354678477,100.0,20.946863015411488,0.0,2720.3600000000006,0.0,0.0,3133.0465354678477,0.0,0.12329769134521484,0.04174947738647461,0.5,0.03166666666666666,137783.80105464594,102881.99643079918,48.64000000000003,48.64000000000003,1.5199999999999998,8.534494247397514,10.054494247397514
fixed-bias,33,80.44200357265336,18.916508938148386,4425.844390812863,3215.0072529627278,167.83639081286236,102.90758051029155,4358.008000000001,3133.0465354678477,100.0,20.946863015411488,0.0,2723.7549999999997,0.0,0.0,3133.0465354678477,0.0,0.12487387657165527,0.021006345748901367,0.5,0.03166666666666666,142209.6454454588,106097.0036837619,50.16000000000003,50.16000000000003,1.5199999999999998,8.534494247397514,10.054494247397514
fixed-bias,34,76.79502470260041,23.090152196691232,4412.51078452474,3203.0815333045593,175.9635845247405,90.98186085212299,4336.5472,3133.0465354678477,100.0,20.946863015411488,0.0,2710.3419999999996,0.0,0.0,3133.0465354678477,0.0,0.11563658714294434,0.03946852684020996,0.5,0.03166666666666666,146622.15622998355,109300.08521706646,51.680000000000035,51.680000000000035,1.5199999999999998,8.534494247397514,10.054494247397514
fixed-bias,35,76.93722414252143,23.577329717726155,4428.952382337688,3205.56328491913,164.35558233768768,93.46361246669399,4364.5968,3133.0465354678477,100.0,20.946863015411488,0.0,2727.8730000000005,0.0,0.0,3133.0465354678477,0.0,0.11736702919006348,0.04302072525024414,0.5,0.03166666666666666,151051.10861232123,112505.64850198559,53.20000000000004,53.20000000000004,1.5199999999999998,8.534494247397514,10.054494247397514
fixed-bias,36,80.6226085820366,25.621006145545955,4446.2387617869845,3215.2184649719757,172.80516178698403,103.11879251953938,4373.4336,3133.0465354678477,100.0,20.946863015411488,0.0,2733.396,0.0,0.0,3133.0465354678477,0.0,0.1232302188873291,0.04185175895690918,0.5,0.03166666666666666,155497.3473741082,115720.86696695756,54.72000000000004,54.72000000000004,1.5199999999999998,8.534494247397514,10.054494247397514
fixed-bias,37,73.1835630921488,22.137080563586576,4013.4018466047783,3203.3704492068805,169.35848660477674,91.27077675444414,3944.0433600000015,3133.0465354678477,100.0,20.946863015411488,0.0,2465.027100000001,0.0,0.0,3133.0465354678477,0.0,0.11744523048400879,0.040857553482055664,0.5,0.03166666666666666,159510.74922071298,118924.23741616444,56.240000000000045,56.240000000000045,1.5199999999999998,8.534494247397514,10.054494247397514
fixed-bias,38,71.63476970112283,21.4937009600007,3998.263410924579,3193.391559175229,165.09061092457847,81.2918867227927,3933.1728000000007,3133.0465354678477,100.0,20.946863015411488,0.0,2458.2329999999997,0.0,0.0,3133.0465354678477,0.0,0.1029059886932373,0.028007030487060547,0.5,0.03166666666666666,163509.01263163757,122117.62897533967,57.76000000000005,57.76000000000005,1.5199999999999998,8.534494247397514,10.054494247397514
fixed-bias,39,78.01423744943293,26.891969586901624,4442.753646096717,3203.5023525566157,193.58244609671587,91.40268010417972,4349.171200000001,3133.0465354678477,100.0,20.946863015411488,0.0,2718.232000000001,0.0,0.0,3133.0465354678477,0.0,0.14047741889953613,0.04035139083862305,0.5,0.03166666666666666,167951.76627773428,125321.13132789629,59.28000000000005,59.28000000000005,1.5199999999999998,8.534494247397514,10.054494247397514
fixed-bias,40,74.37527489759269,21.80102026918698,4433.81027185787,3201.2854594936034,175.80227185786967,89.18578704116742,4358.008000000001,3133.0465354678477,100.0,20.946863015411488,0.0,2723.7549999999997,0.0,0.0,3133.0465354678477,0.0,0.12120270729064941,0.047064781188964844,0.5,0.03166666666666666,172385.57654959214,128522.4167873899,60.800000000000054,60.800000000000054,1.5199999999999998,8.534494247397514,10.054494247397514
fixed-bias,41,73.08664293528388,22.597400470580162,4424.645884135638,3199.433704609767,168.88588413563892,87.33403215733114,4355.759999999999,3133.0465354678477,100.0,20.946863015411488,0.0,2722.3499999999995,0.0,0.0,3133.0465354678477,0.0,0.12254786491394043,0.043982744216918945,0.5,0.03166666666666666,176810.2224337278,131721.85049199968,62.32000000000006,62.32000000000006,1.5199999999999998,8.534494247397514,10.054494247397514
fixed-bias,42,77.52909227231953,20.03173828976841,4431.445354873948,3208.359125210236,166.84855487394807,96.25945275779993,4364.5968,3133.0465354678477,100.0,20.946863015411488,0.0,2727.8730000000005,0.0,0.0,3133.0465354678477,0.0,0.11793637275695801,0.04072761535644531,0.5,0.03166666666666666,181241.66778860174,134930.2096172099,63.84000000000006,63.84000000000006,1.5199999999999998,8.534494247397514,10.054494247397514
fixed-bias,43,72.7159364493449,18.249691143969706,4425.6523542247605,3201.8627628817476,152.21875422476046,89.76309042931143,4373.4336,3133.0465354678477,100.0,20.946863015411488,0.0,2733.396,0.0,0.0,3133.0465354678477,0.0,0.1238553524017334,0.04070615768432617,0.5,0.03166666666666666,185667.3201428265,138132.07238009165,65.36000000000006,65.36000000000006,1.5199999999999998,8.534494247397514,10.054494247397514
fixed-bias,44,69.26482972250261,20.280163225806913,3984.411583634948,3190.4032227873918,141.9003836349468,78.3035503349555,3942.5112000000013,3133.0465354678477,100.0,20.946863015411488,0.0,2464.0695000000005,0.0,0.0,3133.0465354678477,0.0,0.1291189193725586,0.0330042839050293,0.5,0.03166666666666666,189651.73172646144,141322.47560287904,66.88000000000005,66.88000000000005,1.5199999999999998,8.534494247397514,10.054494247397514
fixed-bias,45,69.51270231332946,23.193321244799492,4002.23214232783,3192.4763845786006,151.76782232782926,80.37671212616462,3950.464320000001,3133.0465354678477,100.0,20.946863015411488,0.0,2469.0402,0.0,0.0,3133.0465354678477,0.0,0.09943747520446777,0.029015541076660156,0.5,0.03166666666666666,193653.96386878926,144514.95198745764,68.40000000000005,68.40000000000005,1.5199999999999998,8.534494247397514,10.054494247397514
fixed-bias,46,75.90164725314445,22.09088543726733,4426.032380280177,3202.8700485566624,157.64838028017567,90.77037610422639,4368.384000000001,3133.0465354678477,100.0,20.946863015411488,0.0,2730.2400000000007,0.0,0.0,3133.0465354678477,0.0,0.17011260986328125,0.0435791015625,0.5,0.03166666666666666,198079.99624906943,147717.8220360143,69.92000000000004,69.92000000000004,1.5199999999999998,8.534494247397514,10.054494247397514
fixed-bias,47,74.23952435413854,22.5146155849436,4439.63955879681,3196.4138775139404,162.41875879680975,84.3142050615042,4377.2208,3133.0465354678477,100.0,20.946863015411488,0.0,2735.763,0.0,0.0,3133.0465354678477,0.0,0.12464714050292969,0.04090237617492676,0.5,0.03166666666666666,202519.63580786623,150914.23591352822,71.44000000000004,71.44000000000004,1.5199999999999998,8.534494247397514,10.054494247397514
fixed-bias,48,76.58206955392593,21.67741093378266,4408.704156971876,3204.0824854870575,172.15695697187576,91.9828130346213,4336.5472,3133.0465354678477,100.0,20.946863015411488,0.0,2710.3419999999996,0.0,0.0,3133.0465354678477,0.0,0.12102651596069336,0.04211759567260742,0.5,0.03166666666666666,206928.33996483812,154118.31839901526,72.96000000000004,72.96000000000004,1.5199999999999998,8.534494247397514,10.054494247397514
fixed-bias,49,71.09059662312639,24.119963025893714,4414.412038558996,3196.415955228803,170.73043855899633,84.31628277636686,4343.6816,3133.0465354678477,100.0,20.946863015411488,0.0,2714.8009999999995,0.0,0.0,3133.0465354678477,0.0,0.11025381088256836,0.04001808166503906,0.5,0.03166666666666666,211342.75200339712,157314.73435424405,74.48000000000003,74.48000000000003,1.5199999999999998,8.534494247397514,10.054494247397514
fixed-bias,50,73.9395542371823,22.16245150500325,4426.264891275275,3200.78187371854,172.04409127527447,88.6822012661035,4354.2208,3133.0465354678477,100.0,20.946863015411488,0.0,2721.3880000000004,0.0,0.0,3133.0465354678477,0.0,0.11879611015319824,0.0420076847076416,0.5,0.03166666666666666,215769.0168946724,160515.5162279626,76.00000000000003,76.00000000000003,1.5199999999999998,8.534494247397514,10.054494247397514
fixed-bias,51,63.755396401225774,21.522120325535244,3980.4966739267065,3190.2374606694343,155.27699392670533,78.13778821699817,3925.219680000001,3133.0465354678477,100.0,20.946863015411488,0.0,2453.2623000000012,0.0,0.0,3133.0465354678477,0.0,0.1262047290802002,0.019846200942993164,0.5,0.03166666666666666,219749.5135685991,163705.75368863202,77.52000000000002,77.52000000000002,1.5199999999999998,8.534494247397514,10.054494247397514
fixed-bias,52,64.28181342087605,22.696410622417417,3991.2880468604303,3187.6087809031974,158.1152468604296,75.50910845076115,3933.1728000000007,3133.0465354678477,100.0,20.946863015411488,0.0,2458.2329999999997,0.0,0.0,3133.0465354678477,0.0,0.10050272941589355,0.023005247116088867,0.5,0.03166666666666666,223740.80161545952,166893.3624695352,79.04000000000002,79.04000000000002,1.5199999999999998,8.534494247397514,10.054494247397514
fixed-bias,53,71.04117573884541,24.46719986841848,4423.364958748326,3193.3307698564713,154.98095874832487,81.23109740403521,4368.384000000001,3133.0465354678477,100.0,20.946863015411488,0.0,2730.2400000000007,0.0,0.0,3133.0465354678477,0.0,0.12619686126708984,0.042191505432128906,0.5,0.03166666666666666,228164.16657420786,170086.69323939166,80.56000000000002,80.56000000000002,1.5199999999999998,8.534494247397514,10.054494247397514
fixed-bias,54,69.44477701234001,22.232348002433984,4428.410612378535,3193.9479485869397,152.89221237853494,81.84827613450332,4375.5184,3133.0465354678477,100.0,20.946863015411488,0.0,2734.699,0.0,0.0,3133.0465354678477,0.0,0.1222379207611084,0.04210376739501953,0.5,0.03166666666666666,232592.5771865864,173280.64118797862,82.08000000000001,82.08000000000001,1.5199999999999998,8.534494247397514,10.054494247397514
fixed-bias,55,71.84536135709374,21.70627799095501,4407.1071598565895,3195.2488225960783,151.34715985659034,83.14915014364233,4355.759999999999,3133.0465354678477,100.0,20.946863015411488,0.0,2722.3499999999995,0.0,0.0,3133.0465354678477,0.0,0.1263105869293213,0.04146933555603027,0.5,0.03166666666666666,236999.68434644298,176475.8900105747,83.60000000000001,83.60000000000001,1.5199999999999998,8.534494247397514,10.054494247397514
fixed-bias,56,71.27336299891819,24.95055733285317,4433.670289853056,3187.3989303149747,170.77588985305584,75.29925786253831,4362.8944,3133.0465354678477,100.0,20.946863015411488,0.0,2726.8089999999993,0.0,0.0,3133.0465354678477,0.0,0.12192940711975098,0.03675055503845215,0.5,0.03166666666666666,241433.35463629605,179663.28894088967,85.12,85.12,1.5199999999999998,8.534494247397514,10.054494247397514
fixed-bias,57,70.05178991127536,23.20889173777168,4425.791858954123,3194.454589179817,152.35825895412307,82.35491672738112,4373.4336,3133.0465354678477,100.0,20.946863015411488,0.0,2733.396,0.0,0.0,3133.0465354678477,0.0,0.1138603687286377,0.03521442413330078,0.5,0.03166666666666666,245859.14649525017,182857.74353006948,86.64,86.64,1.5199999999999998,8.534494247397514,10.054494247397514
fixed-bias,58,62.44732074350557,21.178799008191984,3982.57684118132,3179.118053191539,138.53348118131862,67.0183807391025,3944.0433600000015,3133.0465354678477,100.0,20.946863015411488,0.0,2465.027100000001,0.0,0.0,3133.0465354678477,0.0,0.12938189506530762,0.024189472198486328,0.5,0.03166666666666666,249841.7233364315,186036.86158326102,88.16,88.16,1.5199999999999998,8.534494247397514,10.054494247397514
fixed-bias,59,64.38902929786,18.825309288956277,3977.4876730946685,3187.791373678018,142.7827130946676,75.69170122558185,3934.704960000001,3133.0465354678477,100.0,20.946863015411488,0.0,2459.1906000000004,0.0,0.0,3133.0465354678477,0.0,0.09346985816955566,0.02512335777282715,0.5,0.03166666666666666,253819.21100952616,189224.65295693904,89.67999999999999,89.67999999999999,1.5199999999999998,8.534494247397514,10.054494247397514
fixed-bias,60,65.40638309779442,24.067124508893922,4417.646425483845,3189.8579930898372,166.77282548384386,77.75832063740128,4350.873600000001,3133.0465354678477,100.0,20.946863015411488,0.0,2719.2960000000007,0.0,0.0,3133.0465354678477,0.0,0.09968304634094238,0.022054195404052734,0.5,0.03166666666666666,258236.85743501,192414.51095002887,91.19999999999999,91.19999999999999,1.5199999999999998,8.534494247397514,10.054494247397514
fixed-bias,61,68.063645224713,19.91036216054047,4412.435337591937,3197.181028627799,152.72493759193716,85.08135617536318,4359.7104,3133.0465354678477,100.0,20.946863015411488,0.0,2724.819,0.0,0.0,3133.0465354678477,0.0,0.10874533653259277,0.033193111419677734,0.5,0.03166666666666666,262649.29277260194,195611.69197865666,92.71999999999998,92.71999999999998,1.5199999999999998,8.534494247397514,10.054494247397514
fixed-bias,62,69.01342000636863,24.005533598879154,4407.218637508362,3191.482960520997,170.67143750836166,79.38328806856092,4336.5472,3133.0465354678477,100.0,20.946863015411488,0.0,2710.3419999999996,0.0,0.0,3133.0465354678477,0.0,0.11109614372253418,0.03672599792480469,0.5,0.03166666666666666,267056.5114101103,198803.17493917767,94.23999999999998,94.23999999999998,1.5199999999999998,8.534494247397514,10.054494247397514
fixed-bias,63,68.02294997720396,23.40484375621865,4411.667829088767,3186.9310459056983,167.98622908876683,74.83137345326227,4343.6816,3133.0465354678477,100.0,20.946863015411488,0.0,2714.8009999999995,0.0,0.0,3133.0465354678477,0.0,0.10417366027832031,0.019674062728881836,0.5,0.03166666666666666,271468.17923919903,201990.10598508336,95.75999999999998,95.75999999999998,1.5199999999999998,8.534494247397514,10.054494247397514
fixed-bias,64,66.02231015891157,24.89119038924703,4431.9185531527255,3182.762700993571,158.48495315272515,70.66302854113472,4373.4336,3133.0465354678477,100.0,20.946863015411488,0.0,2733.396,0.0,0.0,3133.0465354678477,0.0,0.1080622673034668,0.040108442306518555,0.5,0.03166666666666666,275900.09779235173,205172.86868607692,97.27999999999997,97.27999999999997,1.5199999999999998,8.534494247397514,10.054494247397514
fixed-bias,65,62.938945943814396,22.233144425912847,3982.484521094578,3184.40731082449,139.97332109457702,72.30763837205414,3942.5112000000013,3133.0465354678477,100.0,20.946863015411488,0.0,2464.0695000000005,0.0,0.0,3133.0465354678477,0.0,0.12477731704711914,0.03104877471923828,0.5,0.03166666666666666,279882.5823134463,208357.27599690142,98.79999999999997,98.79999999999997,1.5199999999999998,8.534494247397514,10.054494247397514
fixed-bias,66,60.31213214309662,21.465166791040055,3991.143200119425,3180.8627075605996,154.90608011942405,68.76303510816342,3936.2371200000007,3133.0465354678477,100.0,20.946863015411488,0.0,2460.1482,0.0,0.0,3133.0465354678477,0.0,0.09942126274108887,0.044469594955444336,0.5,0.03166666666666666,283873.72551356576,211538.138704462,100.31999999999996,100.31999999999996,1.5199999999999998,8.534494247397514,10.054494247397514
fixed-bias,67,65.77484510939998,22.445162648946045,4405.540687701755,3185.677366396211,152.96468770175355,73.57769394377483,4352.576000000001,3133.0465354678477,100.0,20.946863015411488,0.0,2720.3600000000006,0.0,0.0,3133.0465354678477,0.0,0.13304448127746582,0.042632341384887695,0.5,0.03166666666666666,288279.26620126754,214723.8160708582,101.83999999999996,101.83999999999996,1.5199999999999998,8.534494247397514,10.054494247397514
fixed-bias,68,67.10954927507268,21.693751947045982,4423.8140753484395,3187.3241732419715,169.2108753484393,75.22450078953518,4354.6032000000005,3133.0465354678477,100.0,20.946863015411488,0.0,2721.627,0.0,0.0,3133.0465354678477,0.0,0.12406301498413086,0.03111410140991211,0.5,0.03166666666666666,292703.080276616,217911.14024410018,103.35999999999996,103.35999999999996,1.5199999999999998,8.534494247397514,10.054494247397514
fixed-bias,69,64.06529014238073,21.988337052490582,4385.310887246173,3181.9694579374727,152.1684872461724,69.86978548503679,4333.1424,3133.0465354678477,100.0,20.946863015411488,0.0,2708.2139999999995,0.0,0.0,3133.0465354678477,0.0,0.10814046859741211,0.03884744644165039,0.5,0.03166666666666666,297088.39116386214,221093.10970203765,104.87999999999995,104.87999999999995,1.5199999999999998,8.534494247397514,10.054494247397514
fixed-bias,70,66.31330141728326,22.87025498453884,4408.526604760063,3190.8937444051135,145.63220476006228,78.79407195267726,4362.8944,3133.0465354678477,100.0,20.946863015411488,0.0,2726.8089999999993,0.0,0.0,3133.0465354678477,0.0,0.12008500099182129,0.03603076934814453,0.5,0.03166666666666666,301496.9177686222,224284.00344644277,106.39999999999995,106.39999999999995,1.5199999999999998,8.534494247397514,10.054494247397514
fixed-bias,71,67.2174341679452,19.82075507354983,4406.31110976605,3189.7460682511023,136.2823097660502,77.64639579866615,4370.0288,3133.0465354678477,100.0,20.946863015411488,0.0,2731.2680000000005,0.0,0.0,3133.0465354678477,0.0,0.10352849960327148,0.042075395584106445,0.5,0.03166666666666666,305903.2288783883,227473.7495146939,107.91999999999994,107.91999999999994,1.5199999999999998,8.534494247397514,10.054494247397514
fixed-bias,72,58.16194922361857,19.955626252156197,3986.570386035235,3181.451296722973,161.35070603523397,69.35162427053702,3925.219680000001,3133.0465354678477,100.0,20.946863015411488,0.0,2453.2623000000012,0.0,0.0,3133.0465354678477,0.0,0.1130375862121582,0.026890993118286133,0.5,0.03166666666666666,309889.79926442355,230655.20081141687,109.43999999999994,109.43999999999994,1.5199999999999998,8.534494247397514,10.054494247397514
fixed-bias,73,55.062300670365424,21.25843907517822,3973.722470967725,3177.7111819462725,123.2581509677239,65.6115094938363,3950.464320000001,3133.0465354678477,100.0,20.946863015411488,0.0,2469.0402,0.0,0.0,3133.0465354678477,0.0,0.09529256820678711,0.019876956939697266,0.5,0.03166666666666666,313863.5217353913,233832.91199336314,110.95999999999994,110.95999999999994,1.5199999999999998,8.534494247397514,10.054494247397514
fixed-bias,74,64.48514502937071,23.121770037214326,4404.931216966756,3182.407264868264,154.05761696675538,70.30759241582777,4350.873600000001,3133.0465354678477,100.0,20.946863015411488,0.0,2719.2960000000007,0.0,0.0,3133.0465354678477,0.0,0.10905647277832031,0.0300447940826416,0.5,0.03166666666666666,318268.45295235806,237015.3192582314,112.47999999999993,112.47999999999993,1.5199999999999998,8.534494247397514,10.054494247397514
fixed-bias,75,63.71693699619069,20.161137171281872,4423.917018341283,3186.330910305999,146.6962183412834,74.23123785356299,4377.2208,3133.0465354678477,100.0,20.946863015411488,0.0,2735.763,0.0,0.0,3133.0465354678477,0.0,0.12039399147033691,0.042540550231933594,0.5,0.03166666666666666,322692.36997069936,240201.6501685374,113.99999999999993,113.99999999999993,1.5199999999999998,8.534494247397514,10.054494247397514
fixed-bias,76,63.51638972813557,21.708189730232622,4387.327842776883,3182.7705860208193,149.07824277688226,70.67091356838299,4338.2496,3133.0465354678477,100.0,20.946863015411488,0.0,2711.4059999999995,0.0,0.0,3133.0465354678477,0.0,0.11447024345397949,0.022060155868530273,0.5,0.03166666666666666,327079.69781347626,243384.4207545582,115.51999999999992,115.51999999999992,1.5199999999999998,8.534494247397514,10.054494247397514
fixed-bias,77,60.61197806109228,22.225340118528493,4400.332145333585,3177.37463081456,139.14014533358431,65.2749583621241,4361.192,3133.0465354678477,100.0,20.946863015411488,0.0,2725.745,0.0,0.0,3133.0465354678477,0.0,0.1184840202331543,0.0383145809173584,0.5,0.03166666666666666,331480.02995880984,246561.79538537277,117.03999999999992,117.03999999999992,1.5199999999999998,8.534494247397514,10.054494247397514
fixed-bias,78,64.5585908360077,25.661627247224295,4425.057294515452,3179.474740596014,155.0284945154516,67.37506814357776,4370.0288,3133.0465354678477,100.0,20.946863015411488,0.0,2731.2680000000005,0.0,0.0,3133.0465354678477,0.0,0.12017416954040527,0.04428863525390625,0.5,0.03166666666666666,335905.08725332527,249741.2701259688,118.55999999999992,118.55999999999992,1.5199999999999998,8.534494247397514,10.054494247397514
fixed-bias,79,55.91879099028677,20.70246656196347,3971.4948360378967,3178.8149696392848,127.45147603789502,66.71529718684877,3944.0433600000015,3133.0465354678477,100.0,20.946863015411488,0.0,2465.027100000001,0.0,0.0,3133.0465354678477,0.0,0.10892200469970703,0.03232884407043457,0.5,0.03166666666666666,339876.5820893632,252920.08509560808,120.07999999999991,120.07999999999991,1.5199999999999998,8.534494247397514,10.054494247397514
fixed-bias,80,53.59622975902753,22.13180284560607,3972.7165732667468,3174.289521240069,120.720093266746,62.18984878763265,3951.9964800000007,3133.0465354678477,100.0,20.946863015411488,0.0,2469.9977999999996,0.0,0.0,3133.0465354678477,0.0,0.07001423835754395,0.043587684631347656,0.5,0.03166666666666666,343849.2986626299,256094.37461684816,121.59999999999991,121.59999999999991,1.5199999999999998,8.534494247397514,10.054494247397514
fixed-bias,81,58.978915413409766,21.21855728164276,4390.4082273607355,3174.225762211999,123.7266273607346,62.12608975956309,4366.681600000001,3133.0465354678477,100.0,20.946863015411488,0.0,2729.1760000000004,0.0,0.0,3133.0465354678477,0.0,0.12850713729858398,0.047792911529541016,0.5,0.03166666666666666,348239.70688999066,259268.60037906017,123.1199999999999,123.1199999999999,1.5199999999999998,8.534494247397514,10.054494247397514
fixed-bias,82,58.437271008625736,21.07338366419708,4403.9571484869775,3173.1895663790683,144.24674848697748,61.08989392663213,4359.7104,3133.0465354678477,100.0,20.946863015411488,0.0,2724.819,0.0,0.0,3133.0465354678477,0.0,0.11843633651733398,0.042090654373168945,0.5,0.03166666666666666,352643.66403847764,262441.78994543926,124.6399999999999,124.6399999999999,1.5199999999999998,8.534494247397514,10.054494247397514
fixed-bias,83,62.14461809897603,25.177474658997905,4401.8458458983105,3171.615587595631,149.4906458983105,59.51591514319493,4352.3552,3133.0465354678477,100.0,20.946863015411488,0.0,2720.2219999999993,0.0,0.0,3133.0465354678477,0.0,0.0969696044921875,0.039435625076293945,0.5,0.03166666666666666,357045.50988437596,265613.4055330349,126.1599999999999,126.1599999999999,1.5199999999999998,8.534494247397514,10.054494247397514
fixed-bias,84,62.22046488779629,23.09744081791274,4399.089466859275,3178.2281239923514,136.1950668592747,66.12845153991512,4362.8944,3133.0465354678477,100.0,20.946863015411488,0.0,2726.8089999999993,0.0,0.0,3133.0465354678477,0.0,0.0900108814239502,0.03718447685241699,0.5,0.03166666666666666,361444.59935123526,268791.6336570272,127.6799999999999,127.6799999999999,1.5199999999999998,8.534494247397514,10.054494247397514
fixed-bias,85,59.660714619294026,24.33958557165145,4407.043091285369,3173.1014664198697,154.52469128536862,61.00179396743338,4352.5184,3133.0465354678477,100.0,20.946863015411488,0.0,2720.3240000000005,0.0,0.0,3133.0465354678477,0.0,0.08599257469177246,0.039076805114746094,0.5,0.03166666666666666,365851.64244252065,271964.7351234471,129.1999999999999,129.1999999999999,1.5199999999999998,8.534494247397514,10.054494247397514
fixed-bias,86,56.574924098125685,18.55812961047008,3979.227069210333,3180.6884845911845,135.18370921033156,68.5888121387484,3944.0433600000015,3133.0465354678477,100.0,20.946863015411488,0.0,2465.027100000001,0.0,0.0,3133.0465354678477,0.0,0.09733748435974121,0.03668355941772461,0.5,0.03166666666666666,369830.86951173097,275145.4236080383,130.7199999999999,130.7199999999999,1.5199999999999998,8.534494247397514,10.054494247397514
fixed-bias,87,53.59190945695809,19.99580201335803,3969.462735952289,3173.5169826163365,117.46625595228846,61.41731016390045,3951.9964800000007,3133.0465354678477,100.0,20.946863015411488,0.0,2469.9977999999996,0.0,0.0,3133.0465354678477,0.0,0.08830761909484863,0.03687119483947754,0.5,0.03166666666666666,373800.33224768325,278318.9405906546,132.23999999999992,132.23999999999992,1.5199999999999998,8.534494247397514,10.054494247397514
fixed-bias,88,60.04684230407816,22.953308354569437,4396.024773076648,3179.402646741481,127.6407730766472,67.30297428904491,4368.384000000001,3133.0465354678477,100.0,20.946863015411488,0.0,2730.2400000000007,0.0,0.0,3133.0465354678477,0.0,0.0981903076171875,0.03760218620300293,0.5,0.03166666666666666,378196.3570207599,281498.3432373961,133.75999999999993,133.75999999999993,1.5199999999999998,8.534494247397514,10.054494247397514
fixed-bias,89,60.14195686276033,24.29566299336134,4410.845947112818,3177.81080086671,154.54034711281804,65.71112841427401,4356.3056,3133.0465354678477,100.0,20.946863015411488,0.0,2722.6910000000003,0.0,0.0,3133.0465354678477,0.0,0.09478306770324707,0.04008364677429199,0.5,0.03166666666666666,382607.2029678727,284676.1540382628,135.27999999999994,135.27999999999994,1.5199999999999998,8.534494247397514,10.054494247397514
fixed-bias,90,61.35026660835263,23.245678851953112,4392.430491041851,3180.968313051294,138.37289104185203,68.86864059885784,4354.057599999999,3133.0465354678477,100.0,20.946863015411488,0.0,2721.2859999999996,0.0,0.0,3133.0465354678477,0.0,0.09149360656738281,0.04688882827758789,0.5,0.03166666666666666,386999.6334589146,287857.12235131406,136.79999999999995,136.79999999999995,1.5199999999999998,8.534494247397514,10.054494247397514
fixed-bias,91,59.8737660921748,20.856730187786074,4395.010897441692,3182.3400136409577,132.11649744169193,70.24034118852154,4362.8944,3133.0465354678477,100.0,20.946863015411488,0.0,2726.8089999999993,0.0,0.0,3133.0465354678477,0.0,0.07749009132385254,0.0369107723236084,0.5,0.03166666666666666,391394.6443563563,291039.462364955,138.31999999999996,138.31999999999996,1.5199999999999998,8.534494247397514,10.054494247397514
fixed-bias,92,58.994710139004816,21.28998201776202,4404.861451910466,3183.2991321952263,131.42785191046545,71.1994597427903,4373.4336,3133.0465354678477,100.0,20.946863015411488,0.0,2733.396,0.0,0.0,3133.0465354678477,0.0,0.06653165817260742,0.023253440856933594,0.5,0.03166666666666666,395799.50580826675,294222.76149715023,139.83999999999997,139.83999999999997,1.5199999999999998,8.534494247397514,10.054494247397514
fixed-bias,93,53.63280233752471,18.894109406430882,3955.204669276645,3178.391653438695,112.69346927664365,66.29198098625864,3942.5112000000013,3133.0465354678477,100.0,20.946863015411488,0.0,2464.0695000000005,0.0,0.0,3133.0465354678477,0.0,0.08290362358093262,0.0406184196472168,0.5,0.03166666666666666,399754.7104775434,297401.1531505889,141.35999999999999,141.35999999999999,1.5199999999999998,8.534494247397514,10.054494247397514
fixed-bias,94,51.70400100311114,22.443635858732016,3980.9460135503905,3166.360042291415,132.01385355038974,54.260369838978704,3948.9321600000007,3133.0465354678477,100.0,20.946863015411488,0.0,2468.0826,0.0,0.0,3133.0465354678477,0.0,0.11338615417480469,0.04140329360961914,0.5,0.03166666666666666,403735.6564910938,300567.5131928803,142.88,142.88,1.5199999999999998,8.534494247397514,10.054494247397514
fixed-bias,95,56.632244685914934,22.852851933501228,4396.835530051446,3166.8376068640405,128.45153005144493,54.73793441160427,4368.384000000001,3133.0465354678477,100.0,20.946863015411488,0.0,2730.2400000000007,0.0,0.0,3133.0465354678477,0.0,0.17385005950927734,0.03140091896057129,0.5,0.03166666666666666,408132.49202114524,303734.35079974437,144.4,144.4,1.5199999999999998,8.534494247397514,10.054494247397514
fixed-bias,96,59.020531983189386,23.81214442054662,4425.98573193756,3182.195995802649,167.97773193755918,70.0963233502132,4358.008000000001,3133.0465354678477,100.0,20.946863015411488,0.0,2723.7549999999997,0.0,0.0,3133.0465354678477,0.0,0.12337255477905273,0.04124307632446289,0.5,0.03166666666666666,412558.4777530828,306916.546795547,145.92000000000002,145.92000000000002,1.5199999999999998,8.534494247397514,10.054494247397514
fixed-bias,97,58.22451609719612,19.542709990314965,4387.564413742163,3177.254011594345,131.80441374216431,65.15433914190882,4355.759999999999,3133.0465354678477,100.0,20.946863015411488,0.0,2722.3499999999995,0.0,0.0,3133.0465354678477,0.0,0.12723851203918457,0.03509378433227539,0.5,0.03166666666666666,416946.042166825,310093.80080714135,147.44000000000003,147.44000000000003,1.5199999999999998,8.534494247397514,10.054494247397514
fixed-bias,98,57.444674521712564,20.477262446391663,4398.777573500212,3176.6703974438997,135.88317350021237,64.57072499146345,4362.8944,3133.0465354678477,100.0,20.946863015411488,0.0,2726.8089999999993,0.0,0.0,3133.0465354678477,0.0,0.12126660346984863,0.04135632514953613,0.5,0.03166666666666666,421344.8197403252,313270.4712045852,148.96000000000004,148.96000000000004,1.5199999999999998,8.534494247397514,10.054494247397514
fixed-bias,99,54.98482231484365,22.153209052684726,4397.000420267687,3169.0431408309605,144.48202026768737,56.9434683785245,4352.5184,3133.0465354678477,100.0,20.946863015411488,0.0,2720.3240000000005,0.0,0.0,3133.0465354678477,0.0,0.12323999404907227,0.03472399711608887,0.5,0.03166666666666666,425741.8201605929,316439.51434541616,150.48000000000005,150.48000000000005,1.5199999999999998,8.534494247397514,10.054494247397514
fixed-bias,100,52.91454745711434,19.3106729000628,3975.5955955248087,3173.140015600765,133.08439552480752,61.0403431483288,3942.5112000000013,3133.0465354678477,100.0,20.946863015411488,0.0,2464.0695000000005,0.0,0.0,3133.0465354678477,0.0,0.12440967559814453,0.04248452186584473,0.5,0.03166666666666666,429717.4157561177,319612.65436101693,152.00000000000006,152.00000000000006,1.5199999999999998,8.534494247397514,10.054494247397514
fixed-bias,101,49.933749474122145,19.876365489589876,3966.424496692429,3167.4668743558495,114.42801669242826,55.36720190341359,3951.9964800000007,3133.0465354678477,100.0,20.946863015411488,0.0,2469.9977999999996,0.0,0.0,3133.0465354678477,0.0,0.10766911506652832,0.036011695861816406,0.5,0.03166666666666666,433683.84025281016,322780.1212353728,153.52000000000007,153.52000000000007,1.5199999999999998,8.534494247397514,10.054494247397514
fixed-bias,102,55.07193535586938,21.741245238697864,4390.405096646095,3172.7017930324305,122.02109664609482,60.602120579994505,4368.384000000001,3133.0465354678477,100.0,20.946863015411488,0.0,2730.2400000000007,0.0,0.0,3133.0465354678477,0.0,0.1227715015411377,0.05189037322998047,0.5,0.03166666666666666,438074.24534945627,325952.8230284052,155.04000000000008,155.04000000000008,1.5199999999999998,8.534494247397514,10.054494247397514
fixed-bias,103,53.573188138268456,24.698300518241656,4401.307032734871,3161.4343259061934,127.49103273487165,49.334653453757426,4373.816,3133.0465354678477,100.0,20.946863015411488,0.0,2733.635,0.0,0.0,3133.0465354678477,0.0,0.14953112602233887,0.05776548385620117,0.5,0.03166666666666666,442475.5523821911,329114.2573543114,156.5600000000001,156.5600000000001,1.5199999999999998,8.534494247397514,10.054494247397514
fixed-bias,104,54.654275043576,23.121358537689364,4390.578951758453,3165.3068111117122,134.81895175845315,53.2071386592761,4355.759999999999,3133.0465354678477,100.0,20.946863015411488,0.0,2722.3499999999995,0.0,0.0,3133.0465354678477,0.0,0.1182868480682373,0.042485952377319336,0.5,0.03166666666666666,446866.13133394957,332279.5641654231,158.0800000000001,158.0800000000001,1.5199999999999998,8.534494247397514,10.054494247397514
fixed-bias,105,56.68855799815143,22.58014409922162,4409.636941417892,3176.9354301102867,146.74254141789174,64.83575765785055,4362.8944,3133.0465354678477,100.0,20.946863015411488,0.0,2726.8089999999993,0.0,0.0,3133.0465354678477,0.0,0.1163332462310791,0.028456449508666992,0.5,0.03166666666666666,451275.76827536745,335456.49959553336,159.6000000000001,159.6000000000001,1.5199999999999998,8.534494247397514,10.054494247397514
fixed-bias,106,55.49911127276505,21.46111047814788,4400.85512093677,3172.629996611144,150.03912093677016,60.53032415870787,4350.816,3133.0465354678477,100.0,20.946863015411488,0.0,2719.26,0.0,0.0,3133.0465354678477,0.0,0.11688923835754395,0.044286489486694336,0.5,0.03166666666666666,455676.6233963042,338629.1295921445,161.12000000000012,161.12000000000012,1.5199999999999998,8.534494247397514,10.054494247397514
fixed-bias,107,50.45195242807839,19.95580473937459,3955.1717726443107,3162.8833194125245,129.95209264430954,50.78364696008862,3925.219680000001,3133.0465354678477,100.0,20.946863015411488,0.0,2453.2623000000012,0.0,0.0,3133.0465354678477,0.0,0.11849331855773926,0.039255619049072266,0.5,0.03166666666666666,459631.79516894853,341792.01291155705,162.64000000000013,162.64000000000013,1.5199999999999998,8.534494247397514,10.054494247397514
fixed-bias,108,50.20047809344135,19.588835576657292,3953.038827129176,3171.7146944289516,119.86602712917528,59.61502197651527,3933.1728000000007,3133.0465354678477,100.0,20.946863015411488,0.0,2458.2329999999997,0.0,0.0,3133.0465354678477,0.0,0.10820794105529785,0.04972052574157715,0.5,0.03166666666666666,463584.8339960777,344963.727605986,164.16000000000014,164.16000000000014,1.5199999999999998,8.534494247397514,10.054494247397514
fixed-bias,109,55.78672617513312,19.19665592324132,4378.520834262283,3175.226752055231,110.13683426228152,63.12707960279455,4368.384000000001,3133.0465354678477,100.0,20.946863015411488,0.0,2730.2400000000007,0.0,0.0,3133.0465354678477,0.0,0.11466455459594727,0.04076504707336426,0.5,0.03166666666666666,467963.35483034,348138.9543580412,165.68000000000015,165.68000000000015,1.5199999999999998,8.534494247397514,10.054494247397514
fixed-bias,110,53.78060159181181,21.27533029051775,4392.173387559806,3175.6239412197224,114.95258755980527,63.524268767286074,4377.2208,3133.0465354678477,100.0,20.946863015411488,0.0,2735.763,0.0,0.0,3133.0465354678477,0.0,0.16547751426696777,0.04320073127746582,0.5,0.03166666666666666,472355.52821789985,351314.57829926093,167.20000000000016,167.20000000000016,1.5199999999999998,8.534494247397514,10.054494247397514
fixed-bias,111,56.586134313268495,20.788080531412266,4389.8994061518815,3173.0548177037526,151.64980615188148,60.95514525131668,4338.2496,3133.0465354678477,100.0,20.946863015411488,0.0,2711.4059999999995,0.0,0.0,3133.0465354678477,0.0,0.15150165557861328,0.037248849868774414,0.5,0.03166666666666666,476745.42762405175,354487.63311696466,168.72000000000017,168.72000000000017,1.5199999999999998,8.534494247397514,10.054494247397514
fixed-bias,112,56.10645076081829,21.86663043971882,4387.32740052772,3174.265382097141,143.64580052771953,62.165709644704606,4343.6816,3133.0465354678477,100.0,20.946863015411488,0.0,2714.8009999999995,0.0,0.0,3133.0465354678477,0.0,0.0989382266998291,0.03809213638305664,0.5,0.03166666666666666,481132.75502457947,357661.8984990618,170.24000000000018,170.24000000000018,1.5199999999999998,8.534494247397514,10.054494247397514
fixed-bias,113,56.28930227360954,24.8523395642367,4421.082468766674,3168.134830904751,170.2664687666736,56.035158452314896,4350.816,3133.0465354678477,100.0,20.946863015411488,0.0,2719.26,0.0,0.0,3133.0465354678477,0.0,0.1239631175994873,0.04561114311218262,0.5,0.03166666666666666,485553.83749334613,360830.0333299666,171.7600000000002,171.7600000000002,1.5199999999999998,8.534494247397514,10.054494247397514
fixed-bias,114,48.38979969340716,19.619012567831305,3946.0063258443793,3167.5343203453745,117.72232584437808,55.43464789293833,3928.284000000001,3133.0465354678477,100.0,20.946863015411488,0.0,2455.1775000000007,0.0,0.0,3133.0465354678477,0.0,0.13533926010131836,0.046331167221069336,0.5,0.03166666666666666,489499.8438191905,363997.567650312,173.2800000000002,173.2800000000002,1.5199999999999998,8.534494247397514,10.054494247397514
fixed-bias,115,49.96508492343886,24.114287903761255,3975.3426001700795,3164.049357230497,123.3461201700787,51.94968477806092,3951.9964800000007,3133.0465354678477,100.0,20.946863015411488,0.0,2469.9977999999996,0.0,0.0,3133.0465354678477,0.0,0.11835694313049316,0.04425168037414551,0.5,0.03166666666666666,493475.1864193606,367161.61700754246,174.8000000000002,174.8000000000002,1.5199999999999998,8.534494247397514,10.054494247397514
fixed-bias,116,59.19099261252609,23.11901488799595,4401.323092195747,3173.6182363117964,132.9390921957469,61.518563859360384,4368.384000000001,3133.0465354678477,100.0,20.946863015411488,0.0,2730.2400000000007,0.0,0.0,3133.0465354678477,0.0,0.13750123977661133,0.04353690147399902,0.5,0.03166666666666666,497876.5095115563,370335.23524385423,176.32000000000022,176.32000000000022,1.5199999999999998,8.534494247397514,10.054494247397514
fixed-bias,117,57.0703263394949,22.563224675029094,4399.6897795207915,3177.3195824641284,138.2769795207911,65.21991001169238,4361.4128,3133.0465354678477,100.0,20.946863015411488,0.0,2725.883,0.0,0.0,3133.0465354678477,0.0,0.12355470657348633,0.031838178634643555,0.5,0.03166666666666666,502276.1992910771,373512.55482631834,177.84000000000023,177.84000000000023,1.5199999999999998,8.534494247397514,10.054494247397514
fixed-bias,118,54.55256411642057,24.223810352146653,4379.885966907747,3168.7442452369582,141.6363669077474,56.644572784522026,4338.2496,3133.0465354678477,100.0,20.946863015411488,0.0,2711.4059999999995,0.0,0.0,3133.0465354678477,0.0,0.11254262924194336,0.040762901306152344,0.5,0.03166666666666666,506656.0852579848,376681.2990715553,179.36000000000024,179.36000000000024,1.5199999999999998,8.534494247397514,10.054494247397514
fixed-bias,119,54.98692169913736,20.82383559800744,4390.317925520024,3173.8683045137354,148.33872552002356,61.768632061299236,4341.979200000001,3133.0465354678477,100.0,20.946863015411488,0.0,2713.737,0.0,0.0,3133.0465354678477,0.0,0.12078738212585449,0.03919529914855957,0.5,0.03166666666666666,511046.4031835048,379855.16737606906,180.88000000000025,180.88000000000025,1.5199999999999998,8.534494247397514,10.054494247397514
fixed-bias,120,56.02652143925963,21.932842827502135,4407.3706634959,3171.140363424578,153.1498634959,59.0406909721421,4354.2208,3133.0465354678477,100.0,20.946863015411488,0.0,2721.3880000000004,0.0,0.0,3133.0465354678477,0.0,0.11462688446044922,0.04344296455383301,0.5,0.03166666666666666,515453.77384700073,383026.3077394936,182.40000000000026,182.40000000000026,1.5199999999999998,8.534494247397514,10.054494247397514
fixed-bias,121,48.800246541746986,22.82773664724308,3961.433993099939,3115.2663391191027,133.1499930999379,0.0,3928.284000000001,3133.0465354678477,100.0,17.780196348744823,0.0,2455.1775000000007,0.0,0.0,3133.0465354678477,0.0,0.12368988990783691,0.0431668758392334,0.5,0.0,519415.2078401007,386141.5740786127,183.92000000000027,182.40000000000026,0.0,8.534494247397514,8.534494247397514
fixed-bias,122,47.453963678782365,21.1832792243011,3978.504443908238,3115.2663391191027,128.04012390823718,0.0,3950.464320000001,3133.0465354678477,100.0,17.780196348744823,0.0,2469.0402,0.0,0.0,3133.0465354678477,0.0,0.10821700096130371,0.040656089782714844,0.5,0.0,523393.7122840089,389256.84041773184,185.44000000000028,182.40000000000026,0.0,8.534494247397514,8.534494247397514
fixed-bias,123,54.48777040936975,22.48224952721972,4402.020916363413,3115.2663391191027,152.84971636341186,0.0,4349.171200000001,3133.0465354678477,100.0,17.780196348744823,0.0,2718.232000000001,0.0,0.0,3133.0465354678477,0.0,0.1205453872680664,0.04019665718078613,0.5,0.0,527795.7332003723,392372.10675685096,186.9600000000003,182.40000000000026,0.0,8.534494247397514,8.534494247397514
fixed-bias,124,53.05430965215286,24.24777651193461,4406.170633383724,3115.2663391191027,146.46023338372382,0.0,4359.7104,3133.0465354678477,100.0,17.780196348744823,0.0,2724.819,0.0,0.0,3133.0465354678477,0.0,0.12475728988647461,0.04106640815734863,0.5,0.0,532201.903833756,395487.3730959701,188.4800000000003,182.40000000000026,0.0,8.534494247397514,8.534494247397514
fixed-bias,125,54.97065167074279,19.976705715055893,4378.217042874242,3115.2663391191027,122.4570428742427,0.0,4355.759999999999,3133.0465354678477,100.0,17.780196348744823,0.0,2722.3499999999995,0.0,0.0,3133.0465354678477,0.0,0.1261129379272461,0.04130959510803223,0.5,0.0,536580.1208766302,398602.6394350892,190.0000000000003,182.40000000000026,0.0,8.534494247397514,8.534494247397514
fixed-bias,126,54.6211800617788,23.637213610099796,4408.799076654406,3115.2663391191027,145.90467665440647,0.0,4362.8944,3133.0465354678477,100.0,17.780196348744823,0.0,2726.8089999999993,0.0,0.0,3133.0465354678477,0.0,0.11539292335510254,0.03663229942321777,0.5,0.0,540988.9199532846,401717.9057742083,191.52000000000032,182.40000000000026,0.0,8.534494247397514,8.534494247397514
fixed-bias,127,57.26068036701133,22.111529594522082,4405.812584984134,3115.2663391191027,132.37898498413438,0.0,4373.4336,3133.0465354678477,100.0,17.780196348744823,0.0,2733.396,0.0,0.0,3133.0465354678477,0.0,0.08932876586914062,0.04148244857788086,0.5,0.0,545394.7325382687,404833.1721133274,193.04000000000033,182.40000000000026,0.0,8.534494247397514,8.534494247397514
fixed-bias,128,47.66870372363751,19.276363500771083,3956.5642575592046,3115.2663391191027,114.05305755920348,0.0,3942.5112000000013,3133.0465354678477,100.0,17.780196348744823,0.0,2464.0695000000005,0.0,0.0,3133.0465354678477,0.0,0.12494778633117676,0.07756590843200684,0.5,0.0,549351.2967958279,407948.43845244654,194.56000000000034,182.40000000000026,0.0,8.534494247397514,8.534494247397514
fixed-bias,129,50.1923890572099,19.102356145624203,3962.2432929565757,3115.2663391191027,129.07049295657512,0.0,3933.1728000000007,3133.0465354678477,100.0,17.780196348744823,0.0,2458.2329999999997,0.0,0.0,3133.0465354678477,0.0,0.1467421054840088,0.057965993881225586,0.5,0.0,553313.5400887845,411063.70479156566,196.08000000000035,182.40000000000026,0.0,8.534494247397514,8.534494247397514
fixed-bias,130,55.0501966815776,22.259755325368154,4393.870265090045,3115.2663391191027,142.99666509004456,0.0,4350.873600000001,3133.0465354678477,100.0,17.780196348744823,0.0,2719.2960000000007,0.0,0.0,3133.0465354678477,0.0,0.13931655883789062,0.04459524154663086,0.5,0.0,557707.4103538746,414178.9711306848,197.60000000000036,182.40000000000026,0.0,8.534494247397514,8.534494247397514
fixed-bias,131,55.655531220630856,23.073087324272876,4407.641565696482,3115.2663391191027,147.93116569648222,0.0,4359.7104,3133.0465354678477,100.0,17.780196348744823,0.0,2724.819,0.0,0.0,3133.0465354678477,0.0,0.12422823905944824,0.036658525466918945,0.5,0.0,562115.051919571,417294.2374698039,199.12000000000037,182.40000000000026,0.0,8.534494247397514,8.534494247397514
fixed-bias,132,58.142906956666344,23.641738849342403,4393.612030172625,3115.2663391191027,137.85203017262603,0.0,4355.759999999999,3133.0465354678477,100.0,17.780196348744823,0.0,2722.3499999999995,0.0,0.0,3133.0465354678477,0.0,0.12070059776306152,0.044518232345581055,0.5,0.0,566508.6639497436,420409.503808923,200.64000000000038,182.40000000000026,0.0,8.534494247397514,8.534494247397514
fixed-bias,133,54.40926838635454,26.017833880729995,4403.896627666068,3115.2663391191027,156.8102276660676,0.0,4347.0864,3133.0465354678477,100.0,17.780196348744823,0.0,2716.929,0.0,0.0,3133.0465354678477,0.0,0.12139439582824707,0.04829549789428711,0.5,0.0,570912.5605774097,423524.7701480421,202.1600000000004,182.40000000000026,0.0,8.534494247397514,8.534494247397514
fixed-bias,134,52.69478802752972,24.029746761009548,4396.428608205952,3115.2663391191027,122.9950082059511,0.0,4373.4336,3133.0465354678477,100.0,17.780196348744823,0.0,2733.396,0.0,0.0,3133.0465354678477,0.0,0.12828588485717773,0.040125370025634766,0.5,0.0,575308.9891856157,426640.03648716124,203.6800000000004,182.40000000000026,0.0,8.534494247397514,8.534494247397514
fixed-bias,135,50.12110923974577,23.619277964272293,3964.6984728108864,3115.2663391191027,139.47879281088524,0.0,3925.219680000001,3133.0465354678477,100.0,17.780196348744823,0.0,2453.2623000000012,0.0,0.0,3133.0465354678477,0.0,0.12698078155517578,0.039000749588012695,0.5,0.0,579273.6876584266,429755.30282628036,205.20000000000041,182.40000000000026,0.0,8.534494247397514,8.534494247397514
fixed-bias,136,49.076017118375184,20.811199985753426,3961.270563029325,3115.2663391191027,125.03344302932423,0.0,3936.2371200000007,3133.0465354678477,100.0,17.780196348744823,0.0,2460.1482,0.0,0.0,3133.0465354678477,0.0,0.11500811576843262,0.043062686920166016,0.5,0.0,583234.9582214559,432870.5691653995,206.72000000000043,182.40000000000026,0.0,8.534494247397514,8.534494247397514
fixed-bias,137,55.39032687466073,22.173933387450735,4399.440251445993,3115.2663391191027,148.56665144599222,0.0,4350.873600000001,3133.0465354678477,100.0,17.780196348744823,0.0,2719.2960000000007,0.0,0.0,3133.0465354678477,0.0,0.1208961009979248,0.030519723892211914,0.5,0.0,587634.3984729019,435985.8355045186,208.24000000000044,182.40000000000026,0.0,8.534494247397514,8.534494247397514
fixed-bias,138,54.90236726991125,22.951418047622646,4395.570398408274,3115.2663391191027,134.15759840827377,0.0,4361.4128,3133.0465354678477,100.0,17.780196348744823,0.0,2725.883,0.0,0.0,3133.0465354678477,0.0,0.11036062240600586,0.047261953353881836,0.5,0.0,592029.9688713101,439101.1018436377,209.76000000000045,182.40000000000026,0.0,8.534494247397514,8.534494247397514
fixed-bias,139,57.475810546719366,25.044232654328013,4385.071430594184,3115.2663391191027,148.5242305941838,0.0,4336.5472,3133.0465354678477,100.0,17.780196348744823,0.0,2710.3419999999996,0.0,0.0,3133.0465354678477,0.0,0.12262582778930664,0.05094552040100098,0.5,0.0,596415.0403019043,442216.3681827568,211.28000000000046,182.40000000000026,0.0,8.534494247397514,8.534494247397514
fixed-bias,140,54.09991123676272,22.63930256769185,4398.495549776963,3115.2663391191027,154.8139497769632,0.0,4343.6816,3133.0465354678477,100.0,17.780196348744823,0.0,2714.8009999999995,0.0,0.0,3133.0465354678477,0.0,0.12362241744995117,0.041320085525512695,0.5,0.0,600813.5358516813,445331.63452187594,212.80000000000047,182.40000000000026,0.0,8.534494247397514,8.534494247397514
fixed-bias,141,55.65673241237469,21.786394809242474,4401.011519208716,3115.2663391191027,130.98271920871574,0.0,4370.0288,3133.0465354678477,100.0,17.780196348744823,0.0,2731.2680000000005,0.0,0.0,3133.0465354678477,0.0,0.12126350402832031,0.04224729537963867,0.5,0.0,605214.5473708899,448446.90086099505,214.32000000000048,182.40000000000026,0.0,8.534494247397514,8.534494247397514
fixed-bias,142,46.87517623180696,17.488068480558866,3971.141804410756,3115.2663391191027,127.09844441075444,0.0,3944.0433600000015,3133.0465354678477,100.0,17.780196348744823,0.0,2465.027100000001,0.0,0.0,3133.0465354678477,0.0,0.13011527061462402,0.04291653633117676,0.5,0.0,609185.6891753006,451562.16720011417,215.8400000000005,182.40000000000026,0.0,8.534494247397514,8.534494247397514
fixed-bias,143,49.607366744555556,19.90676094966602,3972.7890031245443,3115.2663391191027,120.79252312454358,0.0,3951.9964800000007,3133.0465354678477,100.0,17.780196348744823,0.0,2469.9977999999996,0.0,0.0,3133.0465354678477,0.0,0.0995340347290039,0.037137746810913086,0.5,0.0,613158.4781784252,454677.4335392333,217.3600000000005,182.40000000000026,0.0,8.534494247397514,8.534494247397514
fixed-bias,144,54.82633952012109,24.74436869653214,4405.937306361153,3115.2663391191027,137.55330636115167,0.0,4368.384000000001,3133.0465354678477,100.0,17.780196348744823,0.0,2730.2400000000007,0.0,0.0,3133.0465354678477,0.0,0.13588762283325195,0.04249453544616699,0.5,0.0,617564.4154847864,457792.6998783524,218.8800000000005,182.40000000000026,0.0,8.534494247397514,8.534494247397514
fixed-bias,145,57.445335292217685,22.38203502161649,4401.723527745294,3115.2663391191027,124.50272774529408,0.0,4377.2208,3133.0465354678477,100.0,17.780196348744823,0.0,2735.763,0.0,0.0,3133.0465354678477,0.0,0.11693120002746582,0.03303122520446777,0.5,0.0,621966.1390125317,460907.9662174715,220.40000000000052,182.40000000000026,0.0,8.534494247397514,8.534494247397514
fixed-bias,146,57.2807396718566,24.437652691867697,4387.913832079187,3115.2663391191027,153.069032079187,0.0,4334.8448,3133.0465354678477,100.0,17.780196348744823,0.0,2709.2779999999993,0.0,0.0,3133.0465354678477,0.0,0.1203148365020752,0.05235147476196289,0.5,0.0,626354.0528446109,464023.23255659064,221.92000000000053,182.40000000000026,0.0,8.534494247397514,8.534494247397514
fixed-bias,147,57.42536768690892,21.715656492142788,4401.208045803118,3115.2663391191027,155.82404580311672,0.0,4345.384000000001,3133.0465354678477,100.0,17.780196348744823,0.0,2715.865,0.0,0.0,3133.0465354678477,0.0,0.12573695182800293,0.03057265281677246,0.5,0.0,630755.260890414,467138.49889570975,223.44000000000054,182.40000000000026,0.0,8.534494247397514,8.534494247397514
fixed-bias,148,55.87313356925379,24.045761535828685,4414.015597925298,3115.2663391191027,142.2843979252977,0.0,4371.7312,3133.0465354678477,100.0,17.780196348744823,0.0,2732.3320000000003,0.0,0.0,3133.0465354678477,0.0,0.12253117561340332,0.04176592826843262,0.5,0.0,635169.2764883393,470253.76523482887,224.96000000000055,182.40000000000026,0.0,8.534494247397514,8.534494247397514
fixed-bias,149,50.1808150596057,18.633384340551064,3955.1774181565934,3115.2663391191027,112.66621815659211,0.0,3942.5112000000013,3133.0465354678477,100.0,17.780196348744823,0.0,2464.0695000000005,0.0,0.0,3133.0465354678477,0.0,0.13779854774475098,0.0428166389465332,0.5,0.0,639124.4539064959,473369.031573948,226.48000000000056,182.40000000000026,0.0,8.534494247397514,8.534494247397514
fixed-bias,150,49.33714952819989,22.4168411965965,3980.403633460544,3115.2663391191027,128.40715346054333,0.0,3951.9964800000007,3133.0465354678477,100.0,17.780196348744823,0.0,2469.9977999999996,0.0,0.0,3133.0465354678477,0.0,0.11905789375305176,0.045241594314575195,0.5,0.0,643104.8575399565,476484.2979130671,228.00000000000057,182.40000000000026,0.0,8.534494247397514,8.534494247397514
fixed-bias,151,56.68731772866042,24.27728167143354,4395.867225724244,3115.2663391191027,146.69602572424347,0.0,4349.171200000001,3133.0465354678477,100.0,17.780196348744823,0.0,2718.232000000001,0.0,0.0,3133.0465354678477,0.0,0.13271474838256836,0.03977370262145996,0.5,0.0,647500.7247656807,479599.5642521862,229.52000000000058,182.40000000000026,0.0,8.534494247397514,8.534494247397514
fixed-bias,152,58.273506046454344,23.88853372777856,4404.050148061877,3115.2663391191027,142.63734806187722,0.0,4361.4128,3133.0465354678477,100.0,17.780196348744823,0.0,2725.883,0.0,0.0,3133.0465354678477,0.0,0.0984189510345459,0.041654348373413086,0.5,0.0,651904.7749137426,482714.83059130533,231.0400000000006,182.40000000000026,0.0,8.534494247397514,8.534494247397514
fixed-bias,153,59.155911828027946,23.204184724703445,4396.32112913043,3115.2663391191027,140.56112913043032,0.0,4355.759999999999,3133.0465354678477,100.0,17.780196348744823,0.0,2722.3499999999995,0.0,0.0,3133.0465354678477,0.0,0.11998772621154785,0.037830352783203125,0.5,0.0,656301.096042873,485830.09693042445,232.5600000000006,182.40000000000026,0.0,8.534494247397514,8.534494247397514
fixed-bias,154,59.01824212622245,22.192795759075228,4400.554600557831,3115.2663391191027,137.66020055783068,0.0,4362.8944,3133.0465354678477,100.0,17.780196348744823,0.0,2726.8089999999993,0.0,0.0,3133.0465354678477,0.0,0.12677931785583496,0.03951144218444824,0.5,0.0,660701.6506434308,488945.36326954357,234.0800000000006,182.40000000000026,0.0,8.534494247397514,8.534494247397514
fixed-bias,155,57.2847582548535,24.4542266400804,4421.762551250961,3115.2663391191027,148.3289512509613,0.0,4373.4336,3133.0465354678477,100.0,17.780196348744823,0.0,2733.396,0.0,0.0,3133.0465354678477,0.0,0.13752341270446777,0.04305577278137207,0.5,0.0,665123.4131946818,492060.6296086627,235.60000000000062,182.40000000000026,0.0,8.534494247397514,8.534494247397514
fixed-bias,156,54.037465295888126,22.767899444533818,3985.085896344351,3115.2663391191027,141.0425363443498,0.0,3944.0433600000015,3133.0465354678477,100.0,17.780196348744823,0.0,2465.027100000001,0.0,0.0,3133.0465354678477,0.0,0.12506890296936035,0.039110660552978516,0.5,0.0,669108.4990910261,495175.8959477818,237.12000000000063,182.40000000000026,0.0,8.534494247397514,8.534494247397514
fixed-bias,157,51.16236397647976,22.313877670076575,3969.7269487246026,3115.2663391191027,133.48982872460206,0.0,3936.2371200000007,3133.0465354678477,100.0,17.780196348744823,0.0,2460.1482,0.0,0.0,3133.0465354678477,0.0,0.10334920883178711,0.03965330123901367,0.5,0.0,673078.2260397507,498291.1622869009,238.64000000000064,182.40000000000026,0.0,8.534494247397514,8.534494247397514
fixed-bias,158,59.7238401477613,24.40032347181823,4396.133775283522,3115.2663391191027,146.96257528352103,0.0,4349.171200000001,3133.0465354678477,100.0,17.780196348744823,0.0,2718.232000000001,0.0,0.0,3133.0465354678477,0.0,0.12844014167785645,0.022185564041137695,0.5,0.0,677474.3598150342,501406.42862602003,240.16000000000065,182.40000000000026,0.0,8.534494247397514,8.534494247397514
fixed-bias,159,62.83053530252685,24.55053667744493,4423.985103095221,3115.2663391191027,169.38190309522108,0.0,4354.6032000000005,3133.0465354678477,100.0,17.780196348744823,0.0,2721.627,0.0,0.0,3133.0465354678477,0.0,0.11217808723449707,0.04159426689147949,0.5,0.0,681898.3449181294,504521.69496513915,241.68000000000066,182.40000000000026,0.0,8.534494247397514,8.534494247397514
fixed-bias,160,58.5987893782559,21.927758965055496,4396.717694412381,3115.2663391191027,140.95769441238193,0.0,4355.759999999999,3133.0465354678477,100.0,17.780196348744823,0.0,2722.3499999999995,0.0,0.0,3133.0465354678477,0.0,0.1222989559173584,0.03994107246398926,0.5,0.0,686295.0626125417,507636.96130425826,243.20000000000067,182.40000000000026,0.0,8.534494247397514,8.534494247397514
fixed-bias,161,61.75977671687062,24.497043004108868,4406.789861568246,3115.2663391191027,164.810661568245,0.0,4341.979200000001,3133.0465354678477,100.0,17.780196348744823,0.0,2713.737,0.0,0.0,3133.0465354678477,0.0,0.12882089614868164,0.02441883087158203,0.5,0.0,690701.85247411,510752.2276433774,244.72000000000068,182.40000000000026,0.0,8.534494247397514,8.534494247397514
fixed-bias,162,62.122230450043084,20.803374219214703,4402.67788425799,3115.2663391191027,151.86188425798966,0.0,4350.816,3133.0465354678477,100.0,17.780196348744823,0.0,2719.26,0.0,0.0,3133.0465354678477,0.0,0.1136007308959961,0.029659748077392578,0.5,0.0,695104.530358368,513867.4939824965,246.2400000000007,182.40000000000026,0.0,8.534494247397514,8.534494247397514
fixed-bias,163,56.24948888826651,19.443175763820026,3962.99773382972,3115.2663391191027,136.24589382971854,0.0,3926.7518400000013,3133.0465354678477,100.0,17.780196348744823,0.0,2454.219900000001,0.0,0.0,3133.0465354678477,0.0,0.11757040023803711,0.04195547103881836,0.5,0.0,699067.5280921977,516982.7603216156,247.7600000000007,182.40000000000026,0.0,8.534494247397514,8.534494247397514
fixed-bias,164,56.87879118480694,22.339126377623476,3984.7707029228077,3115.2663391191027,134.3063829228067,0.0,3950.464320000001,3133.0465354678477,100.0,17.780196348744823,0.0,2469.0402,0.0,0.0,3133.0465354678477,0.0,0.11406064033508301,0.03490734100341797,0.5,0.0,703052.2987951206,520098.02666073473,249.2800000000007,182.40000000000026,0.0,8.534494247397514,8.534494247397514
fixed-bias,165,61.219687170570985,21.361518259842573,4397.6580380296,3115.2663391191027,151.89163802959845,0.0,4345.766400000001,3133.0465354678477,100.0,17.780196348744823,0.0,2716.1040000000007,0.0,0.0,3133.0465354678477,0.0,0.1601545810699463,0.029102087020874023,0.5,0.0,707449.9568331501,523213.29299985385,250.80000000000072,182.40000000000026,0.0,8.534494247397514,8.534494247397514
fixed-bias,166,61.45049377696767,24.15257853326547,4412.732658112568,3115.2663391191027,153.02225811256818,0.0,4359.7104,3133.0465354678477,100.0,17.780196348744823,0.0,2724.819,0.0,0.0,3133.0465354678477,0.0,0.12231254577636719,0.04531693458557129,0.5,0.0,711862.6894912627,526328.5593389729,252.32000000000073,182.40000000000026,0.0,8.534494247397514,8.534494247397514
fixed-bias,167,61.095087016692595,22.070533101313764,4392.946066469056,3115.2663391191027,137.18606646905627,0.0,4355.759999999999,3133.0465354678477,100.0,17.780196348744823,0.0,2722.3499999999995,0.0,0.0,3133.0465354678477,0.0,0.13128399848937988,0.04522824287414551,0.5,0.0,716255.6355577317,529443.825678092,253.84000000000074,182.40000000000026,0.0,8.534494247397514,8.534494247397514
fixed-bias,168,63.120279229465986,21.887574860256564,4394.579515828958,3115.2663391191027,149.1955158289579,0.0,4345.384000000001,3133.0465354678477,100.0,17.780196348744823,0.0,2715.865,0.0,0.0,3133.0465354678477,0.0,0.12527680397033691,0.03864598274230957,0.5,0.0,720650.2150735607,532559.092017211,255.36000000000075,182.40000000000026,0.0,8.534494247397514,8.534494247397514
fixed-bias,169,62.083245668849976,24.161703700222404,4430.807435397358,3115.2663391191027,157.37383539735765,0.0,4373.4336,3133.0465354678477,100.0,17.780196348744823,0.0,2733.396,0.0,0.0,3133.0465354678477,0.0,0.12467813491821289,0.04354739189147949,0.5,0.0,725081.0225089581,535674.3583563301,256.88000000000073,182.40000000000026,0.0,8.534494247397514,8.534494247397514
fixed-bias,170,53.71403248739431,19.09422472623007,3970.101738292687,3115.2663391191027,126.05837829268536,0.0,3944.0433600000015,3133.0465354678477,100.0,17.780196348744823,0.0,2465.027100000001,0.0,0.0,3133.0465354678477,0.0,0.1231527328491211,0.039240121841430664,0.5,0.0,729051.1242472508,538789.6246954491,258.4000000000007,182.40000000000026,0.0,8.534494247397514,8.534494247397514
fixed-bias,171,55.13348153286514,19.396543526400574,3977.9309641528075,3115.2663391191027,125.93448415280679,0.0,3951.9964800000007,3133.0465354678477,100.0,17.780196348744823,0.0,2469.9977999999996,0.0,0.0,3133.0465354678477,0.0,0.12081670761108398,0.040485382080078125,0.5,0.0,733029.0552114036,541904.8910345682,259.9200000000007,182.40000000000026,0.0,8.534494247397514,8.534494247397514
fixed-bias,172,65.23109419914344,21.494358946740796,4405.331107697616,3115.2663391191027,138.64950769761532,0.0,4366.681600000001,3133.0465354678477,100.0,17.780196348744823,0.0,2729.1760000000004,0.0,0.0,3133.0465354678477,0.0,0.1360766887664795,0.0466771125793457,0.5,0.0,737434.3863191012,545020.1573736873,261.4400000000007,182.40000000000026,0.0,8.534494247397514,8.534494247397514
fixed-bias,173,63.87649764135225,22.79001898103333,4412.8186937357095,3115.2663391191027,153.10829373570985,0.0,4359.7104,3133.0465354678477,100.0,17.780196348744823,0.0,2724.819,0.0,0.0,3133.0465354678477,0.0,0.12707114219665527,0.0710294246673584,0.5,0.0,741847.205012837,548135.4237128063,262.96000000000066,182.40000000000026,0.0,8.534494247397514,8.534494247397514
fixed-bias,174,65.8050137334734,21.512821626007423,4389.698875874252,3115.2663391191027,133.9388758742524,0.0,4355.759999999999,3133.0465354678477,100.0,17.780196348744823,0.0,2722.3499999999995,0.0,0.0,3133.0465354678477,0.0,0.12440061569213867,0.038358211517333984,0.5,0.0,746236.9038887112,551250.6900519254,264.48000000000064,182.40000000000026,0.0,8.534494247397514,8.534494247397514
fixed-bias,175,63.93778206822773,22.1062178413134,4411.194293732837,3115.2663391191027,148.29989373283675,0.0,4362.8944,3133.0465354678477,100.0,17.780196348744823,0.0,2726.8089999999993,0.0,0.0,3133.0465354678477,0.0,0.10570859909057617,0.04109025001525879,0.5,0.0,750648.0981824441,554365.9563910444,266.0000000000006,182.40000000000026,0.0,8.534494247397514,8.534494247397514
fixed-bias,176,62.386669041931036,21.562395111526513,4405.6587687408155,3115.2663391191027,153.14036874081532,0.0,4352.5184,3133.0465354678477,100.0,17.780196348744823,0.0,2720.3240000000005,0.0,0.0,3133.0465354678477,0.0,0.19603323936462402,0.04113602638244629,0.5,0.0,755053.756951185,557481.2227301635,267.5200000000006,182.40000000000026,0.0,8.534494247397514,8.534494247397514
fixed-bias,177,58.298417239524305,19.176523121121516,3971.1477343847087,3115.2663391191027,127.1043743847071,0.0,3944.0433600000015,3133.0465354678477,100.0,17.780196348744823,0.0,2465.027100000001,0.0,0.0,3133.0465354678477,0.0,0.12206888198852539,0.04099559783935547,0.5,0.0,759024.9046855697,560596.4890692825,269.0400000000006,182.40000000000026,0.0,8.534494247397514,8.534494247397514
fixed-bias,178,59.41522926945256,21.06544790619253,3984.0388446964776,3115.2663391191027,132.0423646964768,0.0,3951.9964800000007,3133.0465354678477,100.0,17.780196348744823,0.0,2469.9977999999996,0.0,0.0,3133.0465354678477,0.0,0.11617588996887207,0.026560544967651367,0.5,0.0,763008.9435302662,563711.7554084016,270.56000000000057,182.40000000000026,0.0,8.534494247397514,8.534494247397514
fixed-bias,179,66.0296587233803,24.570236950537495,4433.24988843391,3115.2663391191027,182.3762884339098,0.0,4350.873600000001,3133.0465354678477,100.0,17.780196348744823,0.0,2719.2960000000007,0.0,0.0,3133.0465354678477,0.0,0.1079416275024414,0.040444374084472656,0.5,0.0,767442.1934187001,566827.0217475207,272.08000000000055,182.40000000000026,0.0,8.534494247397514,8.534494247397514
fixed-bias,180,65.610394469496,23.500836817935195,4413.613270602923,3115.2663391191027,136.3924706029225,0.0,4377.2208,3133.0465354678477,100.0,17.780196348744823,0.0,2735.763,0.0,0.0,3133.0465354678477,0.0,0.12171697616577148,0.04205179214477539,0.5,0.0,771855.806689303,569942.2880866397,273.60000000000053,182.40000000000026,0.0,8.534494247397514,8.534494247397514
fixed-bias,181,69.10753657379082,24.84304180565935,4426.8626820675945,3115.2663391191027,171.10268206759494,0.0,4355.759999999999,3133.0465354678477,100.0,17.780196348744823,0.0,2722.3499999999995,0.0,0.0,3133.0465354678477,0.0,0.11783385276794434,0.04067230224609375,0.5,0.0,776282.6693713706,573057.5544257588,275.1200000000005,182.40000000000026,0.0,8.534494247397514,8.534494247397514
fixed-bias,182,67.80321109234661,23.045232004530916,4418.210976114586,3115.2663391191027,174.52937611458572,0.0,4343.6816,3133.0465354678477,100.0,17.780196348744823,0.0,2714.8009999999995,0.0,0.0,3133.0465354678477,0.0,0.11272192001342773,0.03955793380737305,0.5,0.0,780700.8803474852,576172.8207648778,276.6400000000005,182.40000000000026,0.0,8.534494247397514,8.534494247397514
fixed-bias,183,67.63739347547047,21.56063740979482,4416.552336163361,3115.2663391191027,143.11873616336138,0.0,4373.4336,3133.0465354678477,100.0,17.780196348744823,0.0,2733.396,0.0,0.0,3133.0465354678477,0.0,0.11248493194580078,0.041852474212646484,0.5,0.0,785117.4326836485,579288.0871039969,278.1600000000005,182.40000000000026,0.0,8.534494247397514,8.534494247397514
fixed-bias,184,60.90873342515963,23.39393602525782,3983.4552953444972,3115.2663391191027,139.4119353444957,0.0,3944.0433600000015,3133.0465354678477,100.0,17.780196348744823,0.0,2465.027100000001,0.0,0.0,3133.0465354678477,0.0,0.12799859046936035,0.038969993591308594,0.5,0.0,789100.887978993,582403.353443116,279.68000000000046,182.40000000000026,0.0,8.534494247397514,8.534494247397514
fixed-bias,185,64.39650229598227,20.200283503059946,4001.9302833917127,3115.2663391191027,151.46596339171182,0.0,3950.464320000001,3133.0465354678477,100.0,17.780196348744823,0.0,2469.0402,0.0,0.0,3133.0465354678477,0.0,0.10874509811401367,0.038010358810424805,0.5,0.0,793102.8182623847,585518.619782235,281.20000000000044,182.40000000000026,0.0,8.534494247397514,8.534494247397514
fixed-bias,186,72.91439051811676,24.412990720637453,4422.622253298883,3115.2663391191027,173.45105329888273,0.0,4349.171200000001,3133.0465354678477,100.0,17.780196348744823,0.0,2718.232000000001,0.0,0.0,3133.0465354678477,0.0,0.13526320457458496,0.04045915603637695,0.5,0.0,797525.4405156836,588633.8861213541,282.7200000000004,182.40000000000026,0.0,8.534494247397514,8.534494247397514
fixed-bias,187,71.08677553908332,22.97461524898611,4411.704589833992,3115.2663391191027,151.994189833992,0.0,4359.7104,3133.0465354678477,100.0,17.780196348744823,0.0,2724.819,0.0,0.0,3133.0465354678477,0.0,0.12014293670654297,0.04945206642150879,0.5,0.0,801937.1451055176,591749.1524604731,284.2400000000004,182.40000000000026,0.0,8.534494247397514,8.534494247397514
fixed-bias,188,67.1192151031503,21.148690033457047,4408.029087398113,3115.2663391191027,152.26908739811407,0.0,4355.759999999999,3133.0465354678477,100.0,17.780196348744823,0.0,2722.3499999999995,0.0,0.0,3133.0465354678477,0.0,0.18582987785339355,0.042070627212524414,0.5,0.0,806345.1741929157,594864.4187995922,285.7600000000004,182.40000000000026,0.0,8.534494247397514,8.534494247397514
fixed-bias,189,70.43912578346031,24.27910692593236,4417.780559759901,3115.2663391191027,174.09895975990065,0.0,4343.6816,3133.0465354678477,100.0,17.780196348744823,0.0,2714.8009999999995,0.0,0.0,3133.0465354678477,0.0,0.12183022499084473,0.04610300064086914,0.5,0.0,810762.9547526756,597979.6851387112,287.28000000000037,182.40000000000026,0.0,8.534494247397514,8.534494247397514
fixed-bias,190,67.13854558328812,22.65840195572177,4421.0852170910075,3115.2663391191027,149.35401709100697,0.0,4371.7312,3133.0465354678477,100.0,17.780196348744823,0.0,2732.3320000000003,0.0,0.0,3133.0465354678477,0.0,0.12207674980163574,0.04356837272644043,0.5,0.0,815184.0399697666,601094.9514778303,288.80000000000035,182.40000000000026,0.0,8.534494247397514,8.534494247397514
fixed-bias,191,61.089734155337474,20.537169200363834,3971.3859161375217,3115.2663391191027,146.16623613752083,0.0,3925.219680000001,3133.0465354678477,100.0,17.780196348744823,0.0,2453.2623000000012,0.0,0.0,3133.0465354678477,0.0,0.13104939460754395,0.041528940200805664,0.5,0.0,819155.4258859041,604210.2178169494,290.32000000000033,182.40000000000026,0.0,8.534494247397514,8.534494247397514
fixed-bias,192,63.662491340690956,21.932551324066242,3991.7776205658015,3115.2663391191027,142.8454605658007,0.0,3948.9321600000007,3133.0465354678477,100.0,17.780196348744823,0.0,2468.0826,0.0,0.0,3133.0465354678477,0.0,0.11444425582885742,0.04182291030883789,0.5,0.0,823147.20350647,607325.4841560684,291.8400000000003,182.40000000000026,0.0,8.534494247397514,8.534494247397514
fixed-bias,193,70.27309508983275,24.019005274349087,4416.012862991777,3115.2663391191027,165.13926299177635,0.0,4350.873600000001,3133.0465354678477,100.0,17.780196348744823,0.0,2719.2960000000007,0.0,0.0,3133.0465354678477,0.0,0.11639738082885742,0.04638385772705078,0.5,0.0,827563.2163694617,610440.7504951875,293.3600000000003,182.40000000000026,0.0,8.534494247397514,8.534494247397514
fixed-bias,194,70.02827577625989,21.51019714876259,4428.666128815971,3115.2663391191027,153.14772881597136,0.0,4375.5184,3133.0465354678477,100.0,17.780196348744823,0.0,2734.699,0.0,0.0,3133.0465354678477,0.0,0.12160134315490723,0.033484458923339844,0.5,0.0,831991.8824982777,613556.0168343065,294.8800000000003,182.40000000000026,0.0,8.534494247397514,8.534494247397514
fixed-bias,195,72.32580441960101,24.31519022182215,4419.264703994977,3115.2663391191027,182.71750399497685,0.0,4336.5472,3133.0465354678477,100.0,17.780196348744823,0.0,2710.3419999999996,0.0,0.0,3133.0465354678477,0.0,0.12685775756835938,0.04710888862609863,0.5,0.0,836411.1472022727,616671.2831734256,296.40000000000026,182.40000000000026,0.0,8.534494247397514,8.534494247397514
fixed-bias,196,74.26111979640984,19.780798052886336,4422.584732032443,3115.2663391191027,157.987932032443,0.0,4364.5968,3133.0465354678477,100.0,17.780196348744823,0.0,2727.8730000000005,0.0,0.0,3133.0465354678477,0.0,0.11750578880310059,0.04081535339355469,0.5,0.0,840833.7319343052,619786.5495125446,297.92000000000024,182.40000000000026,0.0,8.534494247397514,8.534494247397514
fixed-bias,197,71.45095553392356,24.238409799896882,4433.8962158146305,3115.2663391191027,179.67541581463038,0.0,4354.2208,3133.0465354678477,100.0,17.780196348744823,0.0,2721.3880000000004,0.0,0.0,3133.0465354678477,0.0,0.11711311340332031,0.03578829765319824,0.5,0.0,845267.6281501198,622901.8158516637,299.4400000000002,182.40000000000026,0.0,8.534494247397514,8.534494247397514
fixed-bias,198,64.96544313941659,18.005468968428023,3973.327444186287,3115.2663391191027,149.63992418628544,0.0,3923.6875200000013,3133.0465354678477,100.0,17.780196348744823,0.0,2452.304700000001,0.0,0.0,3133.0465354678477,0.0,0.11392498016357422,0.045590877532958984,0.5,0.0,849240.9555943061,626017.0821907828,300.9600000000002,182.40000000000026,0.0,8.534494247397514,8.534494247397514
fixed-bias,199,66.26418103300598,20.075113841569877,4004.9737896432043,3115.2663391191027,152.9773096432034,0.0,3951.9964800000007,3133.0465354678477,100.0,17.780196348744823,0.0,2469.9977999999996,0.0,0.0,3133.0465354678477,0.0,0.11851310729980469,0.04260373115539551,0.5,0.0,853245.9293839493,629132.3485299018,302.4800000000002,182.40000000000026,0.0,8.534494247397514,8.534494247397514
fixed-bias,200,73.86155383057145,23.464294691434056,4423.196202772101,3115.2663391191027,154.8122027720997,0.0,4368.384000000001,3133.0465354678477,100.0,17.780196348744823,0.0,2730.2400000000007,0.0,0.0,3133.0465354678477,0.0,0.1252148151397705,0.03900885581970215,0.5,0.0,857669.1255867213,632247.6148690209,304.00000000000017,182.40000000000026,0.0,8.534494247397514,8.534494247397514
fixed-bias,201,75.16702471845572,22.600775897201004,4433.42116686011,3115.2663391191027,156.20036686011042,0.0,4377.2208,3133.0465354678477,100.0,17.780196348744823,0.0,2735.763,0.0,0.0,3133.0465354678477,0.0,0.13713741302490234,0.04408597946166992,0.5,0.0,862102.5467535815,635362.8812081399,305.52000000000015,182.40000000000026,0.0,8.534494247397514,8.534494247397514
fixed-bias,202,76.22836388852572,25.58531388822953,4420.43288464582,3115.2663391191027,164.67288464582126,0.0,4355.759999999999,3133.0465354678477,100.0,17.780196348744823,0.0,2722.3499999999995,0.0,0.0,3133.0465354678477,0.0,0.12905454635620117,0.04384660720825195,0.5,0.0,866522.9796382273,638478.147547259,307.04000000000013,182.40000000000026,0.0,8.534494247397514,8.534494247397514
fixed-bias,203,74.33966639714576,22.68157747349098,4422.345569089779,3115.2663391191027,178.6639690897791,0.0,4343.6816,3133.0465354678477,100.0,17.780196348744823,0.0,2714.8009999999995,0.0,0.0,3133.0465354678477,0.0,0.11815619468688965,0.04193449020385742,0.5,0.0,870945.325207317,641593.413886378,308.5600000000001,182.40000000000026,0.0,8.534494247397514,8.534494247397514
fixed-bias,204,75.87820261182219,24.36118331240573,4440.654762266229,3115.2663391191027,189.83876226622965,0.0,4350.816,3133.0465354678477,100.0,17.780196348744823,0.0,2719.26,0.0,0.0,3133.0465354678477,0.0,0.13614749908447266,0.037897348403930664,0.5,0.0,875385.9799695832,644708.6802254971,310.0800000000001,182.40000000000026,0.0,8.534494247397514,8.534494247397514
fixed-bias,205,69.66710545558354,20.629350756877724,3990.401921492182,3115.2663391191027,149.4228814921807,0.0,3940.979040000001,3133.0465354678477,100.0,17.780196348744823,0.0,2463.111900000001,0.0,0.0,3133.0465354678477,0.0,0.11586785316467285,0.02447509765625,0.5,0.0,879376.3818910754,647823.9465646162,311.6000000000001,182.40000000000026,0.0,8.534494247397514,8.534494247397514
fixed-bias,206,69.47570124616813,20.946778564391515,4004.4383635158747,3115.2663391191027,169.73340351587333,0.0,3934.704960000001,3133.0465354678477,100.0,17.780196348744823,0.0,2459.1906000000004,0.0,0.0,3133.0465354678477,0.0,0.10362505912780762,0.030051231384277344,0.5,0.0,883380.8202545913,650939.2129037352,313.12000000000006,182.40000000000026,0.0,8.534494247397514,8.534494247397514
fixed-bias,207,77.12572411695417,22.26948479512534,4431.890396532894,3115.2663391191027,179.3143965328929,0.0,4352.576000000001,3133.0465354678477,100.0,17.780196348744823,0.0,2720.3600000000006,0.0,0.0,3133.0465354678477,0.0,0.12025952339172363,0.04297137260437012,0.5,0.0,887812.7106511241,654054.4792428543,314.64000000000004,182.40000000000026,0.0,8.534494247397514,8.534494247397514
fixed-bias,208,76.70671369473838,23.776666991110393,4441.089322569333,3115.2663391191027,179.67652256933206,0.0,4361.4128,3133.0465354678477,100.0,17.780196348744823,0.0,2725.883,0.0,0.0,3133.0465354678477,0.0,0.11752963066101074,0.043923377990722656,0.5,0.0,892253.7999736934,657169.7455819733,316.16,182.40000000000026,0.0,8.534494247397514,8.534494247397514
fixed-bias,209,81.80321136307873,23.290265281214126,4432.818190536656,3115.2663391191027,177.05819053665687,0.0,4355.759999999999,3133.0465354678477,100.0,17.780196348744823,0.0,2722.3499999999995,0.0,0.0,3133.0465354678477,0.0,0.1970510482788086,0.03687119483947754,0.5,0.0,896686.6181642301,660285.0119210924,317.68,182.40000000000026,0.0,8.534494247397514,8.534494247397514
fixed-bias,210,78.6036606354538,25.064270704086745,4439.315440682607,3115.2663391191027,195.6338406826067,0.0,4343.6816,3133.0465354678477,100.0,17.780196348744823,0.0,2714.8009999999995,0.0,0.0,3133.0465354678477,0.0,0.12633061408996582,0.0242002010345459,0.5,0.0,901125.9336049127,663400.2782602115,319.2,182.40000000000026,0.0,8.534494247397514,8.534494247397514
fixed-bias,211,80.49998203503635,18.933623907873827,4433.508035931547,3207.2276193206085,160.07443593154653,95.12794686817239,4373.4336,3133.0465354678477,100.0,20.946863015411488,0.0,2733.396,0.0,0.0,3133.0465354678477,0.0,0.12159371376037598,0.0514984130859375,0.5,0.03166666666666666,905559.4416408442,666607.5058795321,320.71999999999997,183.92000000000027,1.5199999999999998,8.534494247397514,10.054494247397514
fixed-bias,212,71.16707104317659,17.037203111271484,3992.446038777148,3196.545640356002,148.40267877714643,84.44596790356583,3944.0433600000015,3133.0465354678477,100.0,20.946863015411488,0.0,2465.027100000001,0.0,0.0,3133.0465354678477,0.0,0.12949562072753906,0.04912972450256348,0.5,0.03166666666666666,909551.8876796213,669804.0515198881,322.23999999999995,185.44000000000028,1.5199999999999998,8.534494247397514,10.054494247397514
fixed-bias,213,69.75134630215267,22.129738399557635,4004.2095816302253,3198.859001704088,152.2131016302246,86.75932925165189,3951.9964800000007,3133.0465354678477,100.0,20.946863015411488,0.0,2469.9977999999996,0.0,0.0,3133.0465354678477,0.0,0.146223783493042,0.10376787185668945,0.5,0.03166666666666666,913556.0972612515,673002.9105215922,323.75999999999993,186.9600000000003,1.5199999999999998,8.534494247397514,10.054494247397514
fixed-bias,214,78.94647962245057,22.735818821903937,4431.220875258853,3206.5321531416753,182.04967525885206,94.43248068923916,4349.171200000001,3133.0465354678477,100.0,20.946863015411488,0.0,2718.232000000001,0.0,0.0,3133.0465354678477,0.0,0.08478379249572754,0.02917313575744629,0.5,0.03166666666666666,917987.3181365104,676209.4426747339,325.2799999999999,188.4800000000003,1.5199999999999998,8.534494247397514,10.054494247397514
fixed-bias,215,79.69218979253121,24.853549999437558,4452.122168533413,3202.1726161016136,174.90136853341264,90.07294364917755,4377.2208,3133.0465354678477,100.0,20.946863015411488,0.0,2735.763,0.0,0.0,3133.0465354678477,0.0,0.1355113983154297,0.061800241470336914,0.5,0.03166666666666666,922439.4403050438,679411.6152908355,326.7999999999999,190.0000000000003,1.5199999999999998,8.534494247397514,10.054494247397514
fixed-bias,216,80.68526400750473,20.873818116458107,4438.142747286266,3210.68148278871,182.38274728626664,98.58181033627375,4355.759999999999,3133.0465354678477,100.0,20.946863015411488,0.0,2722.3499999999995,0.0,0.0,3133.0465354678477,0.0,0.15388250350952148,0.1931602954864502,0.5,0.03166666666666666,926877.5830523301,682622.2967736243,328.3199999999999,191.52000000000032,1.5199999999999998,8.534494247397514,10.054494247397514
fixed-bias,217,79.33466149503745,22.534710003184745,4436.254712601341,3207.7113470596196,171.65791260134154,95.61167460718346,4364.5968,3133.0465354678477,100.0,20.946863015411488,0.0,2727.8730000000005,0.0,0.0,3133.0465354678477,0.0,0.12233901023864746,0.14235639572143555,0.5,0.03166666666666666,931313.8377649314,685830.0081206838,329.83999999999986,193.04000000000033,1.5199999999999998,8.534494247397514,10.054494247397514
fixed-bias,218,80.25261145838502,24.711053474938414,4448.307322978893,3206.2260327255244,197.49132297889312,94.1263602730884,4350.816,3133.0465354678477,100.0,20.946863015411488,0.0,2719.26,0.0,0.0,3133.0465354678477,0.0,0.46180295944213867,0.03962230682373047,0.5,0.03166666666666666,935762.1450879102,689036.2341534094,331.35999999999984,194.56000000000034,1.5199999999999998,8.534494247397514,10.054494247397514
fixed-bias,219,72.52409420616554,21.334799077247645,4001.48808160315,3201.0247224880577,157.44472160314882,88.92505003562178,3944.0433600000015,3133.0465354678477,100.0,20.946863015411488,0.0,2465.027100000001,0.0,0.0,3133.0465354678477,0.0,0.08055996894836426,0.055085182189941406,0.5,0.03166666666666666,939763.6331695134,692237.2588758974,332.8799999999998,196.08000000000035,1.5199999999999998,8.534494247397514,10.054494247397514
fixed-bias,220,73.18503352887042,22.38643120524184,4014.5415480466363,3202.9976774234706,162.54506804663558,90.89800497103457,3951.9964800000007,3133.0465354678477,100.0,20.946863015411488,0.0,2469.9977999999996,0.0,0.0,3133.0465354678477,0.0,0.11230659484863281,0.046525001525878906,0.5,0.03166666666666666,943778.1747175601,695440.2565533209,334.3999999999998,197.60000000000036,1.5199999999999998,8.534494247397514,10.054494247397514
fixed-bias,221,83.41454036304863,22.976168288075804,4436.869245245144,3212.573102498227,170.18764524514344,100.47343004579062,4366.681600000001,3133.0465354678477,100.0,20.946863015411488,0.0,2729.1760000000004,0.0,0.0,3133.0465354678477,0.0,0.07039761543273926,0.050092458724975586,0.5,0.03166666666666666,948215.0439628052,698652.8296558191,335.9199999999998,199.12000000000037,1.5199999999999998,8.534494247397514,10.054494247397514
fixed-bias,222,84.9911160564511,21.92605323957532,4454.60187600469,3215.8683178878605,177.38107600468962,103.76864543542419,4377.2208,3133.0465354678477,100.0,20.946863015411488,0.0,2735.763,0.0,0.0,3133.0465354678477,0.0,0.11909246444702148,0.0671696662902832,0.5,0.03166666666666666,952669.6458388099,701868.697973707,337.43999999999977,200.64000000000038,1.5199999999999998,8.534494247397514,10.054494247397514
fixed-bias,223,82.87666822740407,22.910541786282657,4431.9568301591435,3217.7534116025236,177.8992301591446,105.65373915008725,4354.057599999999,3133.0465354678477,100.0,20.946863015411488,0.0,2721.2859999999996,0.0,0.0,3133.0465354678477,0.0,0.15334391593933105,0.04835057258605957,0.5,0.03166666666666666,957101.6026689691,705086.4513853096,338.95999999999975,202.1600000000004,1.5199999999999998,8.534494247397514,10.054494247397514
fixed-bias,224,84.88548182093353,23.013732973873935,4444.990397305354,3216.470868777119,180.39359730535364,104.37119632468261,4364.5968,3133.0465354678477,100.0,20.946863015411488,0.0,2727.8730000000005,0.0,0.0,3133.0465354678477,0.0,0.09160304069519043,0.04273533821105957,0.5,0.03166666666666666,961546.5930662744,708302.9222540867,340.47999999999973,203.6800000000004,1.5199999999999998,8.534494247397514,10.054494247397514
fixed-bias,225,83.5869581133221,20.895749651940154,4438.317431871294,3216.7453307060864,164.88383187129298,104.64565825365004,4373.4336,3133.0465354678477,100.0,20.946863015411488,0.0,2733.396,0.0,0.0,3133.0465354678477,0.0,0.10503411293029785,0.10231328010559082,0.5,0.03166666666666666,965984.9104981457,711519.6675847928,341.9999999999997,205.20000000000041,1.5199999999999998,8.534494247397514,10.054494247397514
fixed-bias,226,77.09530981475741,20.88301721622349,4005.365345920779,3205.871830432066,178.61350592077807,93.77215797963002,3926.7518400000013,3133.0465354678477,100.0,20.946863015411488,0.0,2454.219900000001,0.0,0.0,3133.0465354678477,0.0,0.16709303855895996,0.08621525764465332,0.5,0.03166666666666666,969990.2758440665,714725.5394152249,343.5199999999997,206.72000000000043,1.5199999999999998,8.534494247397514,10.054494247397514
fixed-bias,227,75.27074084518883,19.713568189845162,4004.149457246014,3206.3101319830234,152.15297724601328,94.21045953058741,3951.9964800000007,3133.0465354678477,100.0,20.946863015411488,0.0,2469.9977999999996,0.0,0.0,3133.0465354678477,0.0,0.16411304473876953,0.07396864891052246,0.5,0.03166666666666666,973994.4253013126,717931.8495472079,345.0399999999997,208.24000000000044,1.5199999999999998,8.534494247397514,10.054494247397514
fixed-bias,228,84.2937320143834,20.424489438787756,4438.2126387495355,3215.0195016845687,190.7438387495341,102.91982923213247,4347.4688000000015,3133.0465354678477,100.0,20.946863015411488,0.0,2717.1680000000006,0.0,0.0,3133.0465354678477,0.0,0.1325397491455078,0.06653070449829102,0.5,0.03166666666666666,978432.6379400621,721146.8690488925,346.55999999999966,209.76000000000045,1.5199999999999998,8.534494247397514,10.054494247397514
fixed-bias,229,84.89367479375393,20.709826052407884,4447.302207114237,3215.803365647702,187.59180711423718,103.7036931952658,4359.7104,3133.0465354678477,100.0,20.946863015411488,0.0,2724.819,0.0,0.0,3133.0465354678477,0.0,0.1371748447418213,0.04659676551818848,0.5,0.03166666666666666,982879.9401471764,724362.6724145402,348.07999999999964,211.28000000000046,1.5199999999999998,8.534494247397514,10.054494247397514
fixed-bias,230,88.46501449390422,27.347272545546364,4447.504581653299,3211.096185560264,191.74458165329978,98.99651310782771,4355.759999999999,3133.0465354678477,100.0,20.946863015411488,0.0,2722.3499999999995,0.0,0.0,3133.0465354678477,0.0,0.11406469345092773,0.04262065887451172,0.5,0.03166666666666666,987327.4447288297,727573.7686001004,349.5999999999996,212.80000000000047,1.5199999999999998,8.534494247397514,10.054494247397514
fixed-bias,231,88.78991491053712,25.05061904001668,4453.741328210527,3222.632494872413,189.14452821052714,110.53282241997687,4364.5968,3133.0465354678477,100.0,20.946863015411488,0.0,2727.8730000000005,0.0,0.0,3133.0465354678477,0.0,0.12155413627624512,0.04800295829772949,0.5,0.03166666666666666,991781.1860570402,730796.4010949729,351.1199999999996,214.32000000000048,1.5199999999999998,8.534494247397514,10.054494247397514
fixed-bias,232,84.34409027993597,24.02585679042642,4446.568480030336,3214.7499123022712,173.13488003033544,102.6502398498353,4373.4336,3133.0465354678477,100.0,20.946863015411488,0.0,2733.396,0.0,0.0,3133.0465354678477,0.0,0.09904599189758301,0.09595656394958496,0.5,0.03166666666666666,996227.7545370705,734011.1510072751,352.6399999999996,215.8400000000005,1.5199999999999998,8.534494247397514,10.054494247397514
fixed-bias,233,80.16942590497666,21.351022102089512,4000.8700820718022,3203.9615441530927,158.35888207180128,91.86187170065652,3942.5112000000013,3133.0465354678477,100.0,20.946863015411488,0.0,2464.0695000000005,0.0,0.0,3133.0465354678477,0.0,0.12863898277282715,0.05153799057006836,0.5,0.03166666666666666,1000228.6246191423,737215.1125514281,354.15999999999957,217.3600000000005,1.5199999999999998,8.534494247397514,10.054494247397514
fixed-bias,234,80.93097097381752,21.87044849713116,4019.4553642205674,3207.1909884227716,184.75040422056605,95.0913159703354,3934.704960000001,3133.0465354678477,100.0,20.946863015411488,0.0,2459.1906000000004,0.0,0.0,3133.0465354678477,0.0,0.12306761741638184,0.046044111251831055,0.5,0.03166666666666666,1004248.0799833628,740422.3035398509,355.67999999999955,218.8800000000005,1.5199999999999998,8.534494247397514,10.054494247397514
fixed-bias,235,90.16215652691652,22.032637217114807,4446.895430169295,3228.8727080503227,178.51143016929416,116.77303559788656,4368.384000000001,3133.0465354678477,100.0,20.946863015411488,0.0,2730.2400000000007,0.0,0.0,3133.0465354678477,0.0,0.15109491348266602,0.05134224891662598,0.5,0.03166666666666666,1008694.9754135321,743651.1762479012,357.19999999999953,220.40000000000052,1.5199999999999998,8.534494247397514,10.054494247397514
fixed-bias,236,89.85759965681564,19.52090896940532,4459.7322382877255,3226.7786097017897,182.5114382877259,114.67893724935352,4377.2208,3133.0465354678477,100.0,20.946863015411488,0.0,2735.763,0.0,0.0,3133.0465354678477,0.0,0.15106606483459473,0.031109333038330078,0.5,0.03166666666666666,1013154.7076518198,746877.954857603,358.7199999999995,221.92000000000053,1.5199999999999998,8.534494247397514,10.054494247397514
fixed-bias,237,88.46347809801284,20.990200385194644,4426.672828721511,3224.957928825548,170.91282872151174,112.85825637311216,4355.759999999999,3133.0465354678477,100.0,20.946863015411488,0.0,2722.3499999999995,0.0,0.0,3133.0465354678477,0.0,0.1646723747253418,0.04577326774597168,0.5,0.03166666666666666,1017581.3804805413,750102.9127864285,360.2399999999995,223.44000000000054,1.5199999999999998,8.534494247397514,10.054494247397514
fixed-bias,238,91.52328704600946,23.90787531788533,4463.036381452497,3222.6852531915897,215.949981452497,110.58558073915343,4347.0864,3133.0465354678477,100.0,20.946863015411488,0.0,2716.929,0.0,0.0,3133.0465354678477,0.0,0.1120598316192627,0.029985666275024414,0.5,0.03166666666666666,1022044.4168619937,753325.5980396201,361.7599999999995,224.96000000000055,1.5199999999999998,8.534494247397514,10.054494247397514
fixed-bias,239,92.57678459690737,19.91384434728242,4457.9939826440095,3230.40401024575,184.56038264400962,118.30433779331429,4373.4336,3133.0465354678477,100.0,20.946863015411488,0.0,2733.396,0.0,0.0,3133.0465354678477,0.0,0.08373451232910156,0.037576913833618164,0.5,0.03166666666666666,1026502.4108446378,756556.0020498658,363.27999999999946,226.48000000000056,1.5199999999999998,8.534494247397514,10.054494247397514
fixed-bias,240,80.96556862702896,18.702788108699057,3998.8703437431095,3214.9919870843487,172.11850374310836,102.89231463191236,3926.7518400000013,3133.0465354678477,100.0,20.946863015411488,0.0,2454.219900000001,0.0,0.0,3133.0465354678477,0.0,0.10360383987426758,0.04854726791381836,0.5,0.03166666666666666,1030501.2811883809,759770.9940369502,364.79999999999944,228.00000000000057,1.5199999999999998,8.534494247397514,10.054494247397514
fixed-bias,241,80.57278543384025,16.87480313618073,4000.7465128726135,3115.2663391191027,167.57371287261242,0.0,3933.1728000000007,3133.0465354678477,100.0,17.780196348744823,0.0,2458.2329999999997,0.0,0.0,3133.0465354678477,0.0,0.13022327423095703,0.04054069519042969,0.5,0.0,1034502.0277012535,762886.2603760692,366.3199999999994,228.00000000000057,0.0,8.534494247397514,8.534494247397514
fixed-bias,242,90.97204208996767,25.78699334250964,4453.815908074538,3115.2663391191027,204.64470807453702,0.0,4349.171200000001,3133.0465354678477,100.0,17.780196348744823,0.0,2718.232000000001,0.0,0.0,3133.0465354678477,0.0,0.11208271980285645,0.041272640228271484,0.5,0.0,1038955.843609328,766001.5267151883,367.8399999999994,228.00000000000057,0.0,8.534494247397514,8.534494247397514
fixed-bias,243,93.54669654038985,22.87856743779303,4457.183036124319,3115.2663391191027,195.7702361243191,0.0,4361.4128,3133.0465354678477,100.0,17.780196348744823,0.0,2725.883,0.0,0.0,3133.0465354678477,0.0,0.11414527893066406,0.04665660858154297,0.5,0.0,1043413.0266454524,769116.7930543073,369.3599999999994,228.00000000000057,0.0,8.534494247397514,8.534494247397514
fixed-bias,244,92.30080929022358,23.62637994118057,4444.96155748524,3115.2663391191027,190.9039574852406,0.0,4354.057599999999,3133.0465354678477,100.0,17.780196348744823,0.0,2721.2859999999996,0.0,0.0,3133.0465354678477,0.0,0.1312103271484375,0.04971432685852051,0.5,0.0,1047857.9882029376,772232.0593934264,370.87999999999937,228.00000000000057,0.0,8.534494247397514,8.534494247397514
fixed-bias,245,90.24680202180939,21.73849141629442,4455.455022060656,3115.2663391191027,192.56062206065553,0.0,4362.8944,3133.0465354678477,100.0,17.780196348744823,0.0,2726.8089999999993,0.0,0.0,3133.0465354678477,0.0,0.10621500015258789,0.0356597900390625,0.5,0.0,1052313.4432249982,775347.3257325455,372.39999999999935,228.00000000000057,0.0,8.534494247397514,8.534494247397514
fixed-bias,246,94.62163452947846,26.116232687698133,4469.664448786865,3115.2663391191027,215.4436487868656,0.0,4354.2208,3133.0465354678477,100.0,17.780196348744823,0.0,2721.3880000000004,0.0,0.0,3133.0465354678477,0.0,0.14214682579040527,0.05877208709716797,0.5,0.0,1056783.107673785,778462.5920716645,373.91999999999933,228.00000000000057,0.0,8.534494247397514,8.534494247397514
fixed-bias,247,83.23722394124384,18.677784010296165,4007.1621762587793,3115.2663391191027,164.65097625877792,0.0,3942.5112000000013,3133.0465354678477,100.0,17.780196348744823,0.0,2464.0695000000005,0.0,0.0,3133.0465354678477,0.0,0.1243131160736084,0.044512033462524414,0.5,0.0,1060790.2698500438,781577.8584107836,375.4399999999993,228.00000000000057,0.0,8.534494247397514,8.534494247397514
fixed-bias,248,81.96593440785772,18.275953253347865,4016.4615646239763,3115.2663391191027,164.46508462397594,0.0,3951.9964800000007,3133.0465354678477,100.0,17.780196348744823,0.0,2469.9977999999996,0.0,0.0,3133.0465354678477,0.0,0.0642542839050293,0.03610086441040039,0.5,0.0,1064806.7314146678,784693.1247499026,376.9599999999993,228.00000000000057,0.0,8.534494247397514,8.534494247397514
fixed-bias,249,91.63068571762524,24.05925068392158,4471.602126504639,3115.2663391191027,222.43092650463842,0.0,4349.171200000001,3133.0465354678477,100.0,17.780196348744823,0.0,2718.232000000001,0.0,0.0,3133.0465354678477,0.0,0.12035965919494629,0.049372196197509766,0.5,0.0,1069278.3335411723,787808.3910890217,378.4799999999993,228.00000000000057,0.0,8.534494247397514,8.534494247397514
fixed-bias,250,94.04307611621141,23.67109665974906,4469.164477778456,3115.2663391191027,191.94367777845594,0.0,4377.2208,3133.0465354678477,100.0,17.780196348744823,0.0,2735.763,0.0,0.0,3133.0465354678477,0.0,0.18814778327941895,0.050045013427734375,0.5,0.0,1073747.4980189507,790923.6574281408,379.99999999999926,228.00000000000057,0.0,8.534494247397514,8.534494247397514
fixed-bias,251,93.98507856350938,21.957730783025347,4436.828510258338,3115.2663391191027,184.47331025833796,0.0,4352.3552,3133.0465354678477,100.0,17.780196348744823,0.0,2720.2219999999993,0.0,0.0,3133.0465354678477,0.0,0.13233733177185059,0.04286336898803711,0.5,0.0,1078184.326529209,794038.9237672598,381.51999999999924,228.00000000000057,0.0,8.534494247397514,8.534494247397514
fixed-bias,252,94.498245163913,20.998824630532194,4445.7966943559295,3115.2663391191027,198.7102943559291,0.0,4347.0864,3133.0465354678477,100.0,17.780196348744823,0.0,2716.929,0.0,0.0,3133.0465354678477,0.0,0.08199644088745117,0.023998022079467773,0.5,0.0,1082630.123223565,797154.1901063789,383.0399999999992,228.00000000000057,0.0,8.534494247397514,8.534494247397514
fixed-bias,253,90.73077794292023,22.765639694755023,4454.353218847356,3115.2663391191027,201.8348188473568,0.0,4352.5184,3133.0465354678477,100.0,17.780196348744823,0.0,2720.3240000000005,0.0,0.0,3133.0465354678477,0.0,0.1091160774230957,0.08422398567199707,0.5,0.0,1087084.4764424125,800269.4564454979,384.5599999999992,228.00000000000057,0.0,8.534494247397514,8.534494247397514
fixed-bias,254,86.96525604470567,19.94452012224757,4012.273180093878,3115.2663391191027,188.5856600938769,0.0,3923.6875200000013,3133.0465354678477,100.0,17.780196348744823,0.0,2452.304700000001,0.0,0.0,3133.0465354678477,0.0,0.17201828956604004,0.05864715576171875,0.5,0.0,1091096.7496225063,803384.722784617,386.0799999999992,228.00000000000057,0.0,8.534494247397514,8.534494247397514
fixed-bias,255,88.03474561561461,20.540611646262047,4022.1757921156195,3115.2663391191027,170.1793121156189,0.0,3951.9964800000007,3133.0465354678477,100.0,17.780196348744823,0.0,2469.9977999999996,0.0,0.0,3133.0465354678477,0.0,0.12508177757263184,0.06354379653930664,0.5,0.0,1095118.9254146218,806499.989123736,387.59999999999917,228.00000000000057,0.0,8.534494247397514,8.534494247397514
fixed-bias,256,95.61854811498544,22.86994348272615,4449.090232693623,3115.2663391191027,198.2166326936217,0.0,4350.873600000001,3133.0465354678477,100.0,17.780196348744823,0.0,2719.2960000000007,0.0,0.0,3133.0465354678477,0.0,0.16771388053894043,0.05604290962219238,0.5,0.0,1099568.0156473154,809615.2554628551,389.11999999999915,228.00000000000057,0.0,8.534494247397514,8.534494247397514
fixed-bias,257,95.84009609419581,21.611055895079513,4467.581017042619,3115.2663391191027,190.3602170426195,0.0,4377.2208,3133.0465354678477,100.0,17.780196348744823,0.0,2735.763,0.0,0.0,3133.0465354678477,0.0,0.13758349418640137,0.06230616569519043,0.5,0.0,1104035.596664358,812730.5218019742,390.63999999999913,228.00000000000057,0.0,8.534494247397514,8.534494247397514
fixed-bias,258,97.00127917814854,23.41812086543842,4444.641562184904,3115.2663391191027,208.09436218490384,0.0,4336.5472,3133.0465354678477,100.0,17.780196348744823,0.0,2710.3419999999996,0.0,0.0,3133.0465354678477,0.0,0.11281871795654297,0.026540517807006836,0.5,0.0,1108480.238226543,815845.7881410932,392.1599999999991,228.00000000000057,0.0,8.534494247397514,8.534494247397514
fixed-bias,259,95.58346017315306,22.273946065831282,4459.678627961783,3115.2663391191027,196.78422796178296,0.0,4362.8944,3133.0465354678477,100.0,17.780196348744823,0.0,2726.8089999999993,0.0,0.0,3133.0465354678477,0.0,0.16979002952575684,0.09305763244628906,0.5,0.0,1112939.9168545047,818961.0544802123,393.6799999999991,228.00000000000057,0.0,8.534494247397514,8.534494247397514
fixed-bias,260,97.15403959963383,25.340035721347224,4469.214083942986,3115.2663391191027,218.39808394298623,0.0,4350.816,3133.0465354678477,100.0,17.780196348744823,0.0,2719.26,0.0,0.0,3133.0465354678477,0.0,0.1531963348388672,0.06597185134887695,0.5,0.0,1117409.1309384478,822076.3208193313,395.1999999999991,228.00000000000057,0.0,8.534494247397514,8.534494247397514
fixed-bias,261,86.29101336419622,22.47659420492121,4023.414089859265,3115.2663391191027,179.3707298592637,0.0,3944.0433600000015,3133.0465354678477,100.0,17.780196348744823,0.0,2465.027100000001,0.0,0.0,3133.0465354678477,0.0,0.17962861061096191,0.08937573432922363,0.5,0.0,1121432.545028307,825191.5871584504,396.71999999999906,228.00000000000057,0.0,8.534494247397514,8.534494247397514
fixed-bias,262,88.01951304722634,20.01946273177169,4024.3872076471607,3115.2663391191027,191.21440764715965,0.0,3933.1728000000007,3133.0465354678477,100.0,17.780196348744823,0.0,2458.2329999999997,0.0,0.0,3133.0465354678477,0.0,0.16724133491516113,0.04675650596618652,0.5,0.0,1125456.932235954,828306.8534975694,398.23999999999904,228.00000000000057,0.0,8.534494247397514,8.534494247397514
fixed-bias,263,96.15877211030663,22.9674345754542,4455.631312517347,3115.2663391191027,187.24731251734661,0.0,4368.384000000001,3133.0465354678477,100.0,17.780196348744823,0.0,2730.2400000000007,0.0,0.0,3133.0465354678477,0.0,0.18237614631652832,0.09304141998291016,0.5,0.0,1129912.5635484715,831422.1198366885,399.759999999999,228.00000000000057,0.0,8.534494247397514,8.534494247397514
fixed-bias,264,97.51736117101059,23.261750912499227,4470.936177188336,3115.2663391191027,212.9281771883353,0.0,4358.008000000001,3133.0465354678477,100.0,17.780196348744823,0.0,2723.7549999999997,0.0,0.0,3133.0465354678477,0.0,0.15650320053100586,0.024332284927368164,0.5,0.0,1134383.4997256598,834537.3861758076,401.279999999999,228.00000000000057,0.0,8.534494247397514,8.534494247397514
fixed-bias,265,98.5724263014838,21.760738409350676,4440.2345253036165,3115.2663391191027,184.4745253036169,0.0,4355.759999999999,3133.0465354678477,100.0,17.780196348744823,0.0,2722.3499999999995,0.0,0.0,3133.0465354678477,0.0,0.09768486022949219,0.02199578285217285,0.5,0.0,1138823.7342509634,837652.6525149266,402.799999999999,228.00000000000057,0.0,8.534494247397514,8.534494247397514
fixed-bias,266,99.05460751540731,20.206257019665884,4445.660881840411,3115.2663391191027,203.68168184041065,0.0,4341.979200000001,3133.0465354678477,100.0,17.780196348744823,0.0,2713.737,0.0,0.0,3133.0465354678477,0.0,0.10750508308410645,0.03542971611022949,0.5,0.0,1143269.3951328038,840767.9188540457,404.31999999999897,228.00000000000057,0.0,8.534494247397514,8.534494247397514
fixed-bias,267,101.1484823529626,22.19959456711976,4467.6093021824345,3115.2663391191027,194.17570218243443,0.0,4373.4336,3133.0465354678477,100.0,17.780196348744823,0.0,2733.396,0.0,0.0,3133.0465354678477,0.0,0.17613816261291504,0.09319591522216797,0.5,0.0,1147737.0044349863,843883.1851931647,405.83999999999895,228.00000000000057,0.0,8.534494247397514,8.534494247397514
fixed-bias,268,88.9113050780013,18.065317082129315,4015.469253971706,3115.2663391191027,188.71741397170507,0.0,3926.7518400000013,3133.0465354678477,100.0,17.780196348744823,0.0,2454.219900000001,0.0,0.0,3133.0465354678477,0.0,0.1334066390991211,0.038903236389160156,0.5,0.0,1151752.473688958,846998.4515322838,407.35999999999893,228.00000000000057,0.0,8.534494247397514,8.534494247397514
fixed-bias,269,88.78165905125485,19.157777140445912,4029.7756896036217,3115.2663391191027,195.07072960362117,0.0,3934.704960000001,3133.0465354678477,100.0,17.780196348744823,0.0,2459.1906000000004,0.0,0.0,3133.0465354678477,0.0,0.08451151847839355,0.03847765922546387,0.5,0.0,1155782.2493785615,850113.7178714029,408.8799999999989,228.00000000000057,0.0,8.534494247397514,8.534494247397514
fixed-bias,270,99.31046294137246,19.47677183164167,4451.591195687717,3115.2663391191027,199.0151956877161,0.0,4352.576000000001,3133.0465354678477,100.0,17.780196348744823,0.0,2720.3600000000006,0.0,0.0,3133.0465354678477,0.0,0.17072296142578125,0.05652141571044922,0.5,0.0,1160233.8405742492,853228.9842105219,410.3999999999989,228.00000000000057,0.0,8.534494247397514,8.534494247397514
fixed-bias,271,99.45083332887152,21.92083418263438,4467.438843191357,3234.0521830858015,209.4308431913557,121.95251063336532,4358.008000000001,3133.0465354678477,100.0,20.946863015411488,0.0,2723.7549999999997,0.0,0.0,3133.0465354678477,0.0,0.15349864959716797,0.061443328857421875,0.5,0.03166666666666666,1164701.2794174405,856463.0363936077,411.9199999999989,229.52000000000058,1.5199999999999998,8.534494247397514,10.054494247397514
fixed-bias,272,99.90596117670475,22.24431919705356,4456.748779170691,3239.6810915456513,200.9887791706916,127.5814190932149,4355.759999999999,3133.0465354678477,100.0,20.946863015411488,0.0,2722.3499999999995,0.0,0.0,3133.0465354678477,0.0,0.13532185554504395,0.04764080047607422,0.5,0.03166666666666666,1169158.0281966112,859702.7174851533,413.43999999999886,231.0400000000006,1.5199999999999998,8.534494247397514,10.054494247397514
fixed-bias,273,102.14663386476366,21.991673125620075,4457.808906636313,3245.995512055824,193.21210663631268,133.89583960338763,4364.5968,3133.0465354678477,100.0,20.946863015411488,0.0,2727.8730000000005,0.0,0.0,3133.0465354678477,0.0,0.1238861083984375,0.08327007293701172,0.5,0.03166666666666666,1173615.8371032474,862948.7129972092,414.95999999999884,232.5600000000006,1.5199999999999998,8.534494247397514,10.054494247397514
fixed-bias,274,100.49691455142003,22.667150508681537,4468.1082751980475,3243.5468093833665,194.6746751980468,131.44713693093033,4373.4336,3133.0465354678477,100.0,20.946863015411488,0.0,2733.396,0.0,0.0,3133.0465354678477,0.0,0.2682833671569824,0.04993462562561035,0.5,0.03166666666666666,1178083.9453784456,866192.2598065925,416.4799999999988,234.0800000000006,1.5199999999999998,8.534494247397514,10.054494247397514
fixed-bias,275,93.33712924625365,20.301727691604043,4024.8766069968297,3233.426693951202,180.8332469968278,121.327021498766,3944.0433600000015,3133.0465354678477,100.0,20.946863015411488,0.0,2465.027100000001,0.0,0.0,3133.0465354678477,0.0,0.11122274398803711,0.04501056671142578,0.5,0.03166666666666666,1182108.8219854424,869425.6865005437,417.9999999999988,235.60000000000062,1.5199999999999998,8.534494247397514,10.054494247397514
fixed-bias,276,92.31014295271767,22.162046754061752,4024.254036328268,3220.431677389275,189.5490763282665,108.33200493683917,3934.704960000001,3133.0465354678477,100.0,20.946863015411488,0.0,2459.1906000000004,0.0,0.0,3133.0465354678477,0.0,0.13364243507385254,0.059511661529541016,0.5,0.03166666666666666,1186133.0760217707,872646.118177933,419.5199999999988,237.12000000000063,1.5199999999999998,8.534494247397514,10.054494247397514
fixed-bias,277,104.48877977418033,23.93562070402709,4485.74925334648,3247.1737571618432,217.3652533464792,135.0740847094072,4368.384000000001,3133.0465354678477,100.0,20.946863015411488,0.0,2730.2400000000007,0.0,0.0,3133.0465354678477,0.0,0.15863847732543945,0.06380915641784668,0.5,0.03166666666666666,1190618.8252751173,875893.2919350949,421.03999999999877,238.64000000000064,1.5199999999999998,8.534494247397514,10.054494247397514
fixed-bias,278,103.39119140770163,22.799893232570955,4480.647976791055,3249.5645455972817,220.93757679105536,137.46487314484557,4359.7104,3133.0465354678477,100.0,20.946863015411488,0.0,2724.819,0.0,0.0,3133.0465354678477,0.0,0.15212273597717285,0.09221673011779785,0.5,0.03166666666666666,1195099.4732519083,879142.8564806922,422.55999999999875,240.16000000000065,1.5199999999999998,8.534494247397514,10.054494247397514
fixed-bias,279,101.74279442022078,23.80231671886622,4466.037427303938,3238.7207867213983,210.27742730393854,126.6211142689621,4355.759999999999,3133.0465354678477,100.0,20.946863015411488,0.0,2722.3499999999995,0.0,0.0,3133.0465354678477,0.0,0.18158578872680664,0.06038379669189453,0.5,0.03166666666666666,1199565.5106792122,882381.5772674136,424.07999999999873,241.68000000000066,1.5199999999999998,8.534494247397514,10.054494247397514
fixed-bias,280,103.1608835773136,22.39758351571945,4464.714468466767,3249.9548054279335,200.11766846676713,137.85513297549713,4364.5968,3133.0465354678477,100.0,20.946863015411488,0.0,2727.8730000000005,0.0,0.0,3133.0465354678477,0.0,0.1482677459716797,0.05851006507873535,0.5,0.03166666666666666,1204030.225147679,885631.5320728415,425.5999999999987,243.20000000000067,1.5199999999999998,8.534494247397514,10.054494247397514
fixed-bias,281,102.28009389357344,19.841461908592024,4474.959605914839,3248.3590179683074,201.52600591483832,136.25934551587105,4373.4336,3133.0465354678477,100.0,20.946863015411488,0.0,2733.396,0.0,0.0,3133.0465354678477,0.0,0.10803365707397461,0.08043694496154785,0.5,0.03166666666666666,1208505.1847535938,888879.8910908098,427.1199999999987,244.72000000000068,1.5199999999999998,8.534494247397514,10.054494247397514
fixed-bias,282,92.30962813833519,20.245777911293082,4018.0371072956113,3233.4288993018927,189.75310729561062,121.32922684945675,3928.284000000001,3133.0465354678477,100.0,20.946863015411488,0.0,2455.1775000000007,0.0,0.0,3133.0465354678477,0.0,0.1809694766998291,0.03656816482543945,0.5,0.03166666666666666,1212523.2218608893,892113.3199901117,428.6399999999987,246.2400000000007,1.5199999999999998,8.534494247397514,10.054494247397514
fixed-bias,283,91.61323634496013,19.90853122765057,4042.0782975344146,3228.714821979533,191.61397753441403,116.61514952709715,3950.464320000001,3133.0465354678477,100.0,20.946863015411488,0.0,2469.0402,0.0,0.0,3133.0465354678477,0.0,0.0991508960723877,0.047029733657836914,0.5,0.03166666666666666,1216565.3001584238,895342.0348120913,430.15999999999866,247.7600000000007,1.5199999999999998,8.534494247397514,10.054494247397514
fixed-bias,284,103.29514017827,21.882973449135232,4469.722738648261,3244.4749414331436,218.84913864826004,132.37526898070735,4350.873600000001,3133.0465354678477,100.0,20.946863015411488,0.0,2719.2960000000007,0.0,0.0,3133.0465354678477,0.0,0.11656332015991211,0.09658050537109375,0.5,0.03166666666666666,1221035.0228970721,898586.5097535244,431.67999999999864,249.2800000000007,1.5199999999999998,8.534494247397514,10.054494247397514
fixed-bias,285,104.9856975988768,23.662272340653576,4488.945881016487,3242.8392451769287,213.42748101648743,130.73957272449255,4375.5184,3133.0465354678477,100.0,20.946863015411488,0.0,2734.699,0.0,0.0,3133.0465354678477,0.0,0.18947815895080566,0.06321477890014648,0.5,0.03166666666666666,1225523.9687780887,901829.3489987013,433.1999999999986,250.80000000000072,1.5199999999999998,8.534494247397514,10.054494247397514
fixed-bias,286,104.11401093086876,21.823835467010596,4459.996989273981,3245.656798958148,204.23698927398124,133.55712650571184,4355.759999999999,3133.0465354678477,100.0,20.946863015411488,0.0,2722.3499999999995,0.0,0.0,3133.0465354678477,0.0,0.14359545707702637,0.04976677894592285,0.5,0.03166666666666666,1229983.9657673626,905075.0057976595,434.7199999999986,252.32000000000073,1.5199999999999998,8.534494247397514,10.054494247397514
fixed-bias,287,102.53923131636816,23.527711950363425,4486.18043441306,3239.417042086674,221.5836344130598,127.31736963423789,4364.5968,3133.0465354678477,100.0,20.946863015411488,0.0,2727.8730000000005,0.0,0.0,3133.0465354678477,0.0,0.1495969295501709,0.026659727096557617,0.5,0.03166666666666666,1234470.1462017756,908314.4228397462,436.2399999999986,253.84000000000074,1.5199999999999998,8.534494247397514,10.054494247397514
fixed-bias,288,104.46141685391304,22.871359766529967,4474.33629475115,3255.021676375887,220.11549475114975,142.92200392345117,4354.2208,3133.0465354678477,100.0,20.946863015411488,0.0,2721.3880000000004,0.0,0.0,3133.0465354678477,0.0,0.11065983772277832,0.05051898956298828,0.5,0.03166666666666666,1238944.4824965268,911569.4445161221,437.75999999999857,255.36000000000075,1.5199999999999998,8.534494247397514,10.054494247397514
fixed-bias,289,92.92411751749297,21.186176967930013,4016.6343383152907,3229.0016341801393,188.3503383152899,116.90196172770311,3928.284000000001,3133.0465354678477,100.0,20.946863015411488,0.0,2455.1775000000007,0.0,0.0,3133.0465354678477,0.0,0.12369680404663086,0.03970742225646973,0.5,0.03166666666666666,1242961.1168348421,914798.4461503023,439.27999999999855,256.88000000000073,1.5199999999999998,8.534494247397514,10.054494247397514
fixed-bias,290,93.32378268094561,22.44385907731666,4035.7372953413615,3229.869701452521,201.03233534136092,117.77002900008468,3934.704960000001,3133.0465354678477,100.0,20.946863015411488,0.0,2459.1906000000004,0.0,0.0,3133.0465354678477,0.0,0.1112666130065918,0.036264896392822266,0.5,0.03166666666666666,1246996.8541301836,918028.3158517549,440.79999999999853,258.4000000000007,1.5199999999999998,8.534494247397514,10.054494247397514
fixed-bias,291,105.80420165690914,21.10072017658651,4461.653431754508,3247.1128617314866,210.77983175450734,135.01318927905052,4350.873600000001,3133.0465354678477,100.0,20.946863015411488,0.0,2719.2960000000007,0.0,0.0,3133.0465354678477,0.0,0.1100461483001709,0.05104351043701172,0.5,0.03166666666666666,1251458.5075619381,921275.4287134863,442.3199999999985,259.9200000000007,1.5199999999999998,8.534494247397514,10.054494247397514
fixed-bias,292,107.72975625189417,20.284453880589375,4472.601880899494,3251.795784904103,212.89148089949424,139.6961124516671,4359.7104,3133.0465354678477,100.0,20.946863015411488,0.0,2724.819,0.0,0.0,3133.0465354678477,0.0,0.13193583488464355,0.053133487701416016,0.5,0.03166666666666666,1255931.1094428375,924527.2244983905,443.8399999999985,261.4400000000007,1.5199999999999998,8.534494247397514,10.054494247397514
fixed-bias,293,103.73098792909768,21.073494526096937,4443.9374224738785,3246.9096952029126,207.39022247387817,134.8100227504763,4336.5472,3133.0465354678477,100.0,20.946863015411488,0.0,2710.3419999999996,0.0,0.0,3133.0465354678477,0.0,0.13575339317321777,0.03587985038757324,0.5,0.03166666666666666,1260375.0468653115,927774.1341935934,445.3599999999985,262.96000000000066,1.5199999999999998,8.534494247397514,10.054494247397514
fixed-bias,294,105.73210856683602,22.287119891639968,4462.08440006805,3248.1959264490497,216.70040006804948,136.0962539966133,4345.384000000001,3133.0465354678477,100.0,20.946863015411488,0.0,2715.865,0.0,0.0,3133.0465354678477,0.0,0.11318230628967285,0.04906916618347168,0.5,0.03166666666666666,1264837.1312653795,931022.3301200424,446.87999999999846,264.48000000000064,1.5199999999999998,8.534494247397514,10.054494247397514
fixed-bias,295,102.95197883652064,18.60851952643353,4458.394665475951,3252.419314668567,186.66346547595055,140.31964221613106,4371.7312,3133.0465354678477,100.0,20.946863015411488,0.0,2732.3320000000003,0.0,0.0,3133.0465354678477,0.0,0.12964415550231934,0.056932687759399414,0.5,0.03166666666666666,1269295.5259308554,934274.749434711,448.39999999999844,266.0000000000006,1.5199999999999998,8.534494247397514,10.054494247397514
fixed-bias,296,96.84505836034698,21.769022648505853,4023.9396351867917,3234.0692269938404,179.89627518679,121.96955454140404,3944.0433600000015,3133.0465354678477,100.0,20.946863015411488,0.0,2465.027100000001,0.0,0.0,3133.0465354678477,0.0,0.1509227752685547,0.060811758041381836,0.5,0.03166666666666666,1273319.465566042,937508.8186617048,449.9199999999984,267.5200000000006,1.5199999999999998,8.534494247397514,10.054494247397514
fixed-bias,297,96.10171626975536,20.547926001934325,4031.519752748709,3240.4613287638426,195.28263274870847,128.36165631140645,3936.2371200000007,3133.0465354678477,100.0,20.946863015411488,0.0,2460.1482,0.0,0.0,3133.0465354678477,0.0,0.11277484893798828,0.05938911437988281,0.5,0.03166666666666666,1277350.985318791,940749.2799904686,451.4399999999984,269.0400000000006,1.5199999999999998,8.534494247397514,10.054494247397514
fixed-bias,298,101.10337927557555,25.367897613728257,4474.509008072061,3235.470663631625,223.63540807206013,123.37099117918896,4350.873600000001,3133.0465354678477,100.0,20.946863015411488,0.0,2719.2960000000007,0.0,0.0,3133.0465354678477,0.0,0.22643566131591797,0.07155060768127441,0.5,0.03166666666666666,1281825.494326863,943984.7506541002,452.9599999999984,270.56000000000057,1.5199999999999998,8.534494247397514,10.054494247397514
fixed-bias,299,104.9549011693163,22.876571157113997,4477.061235260041,3246.7295065275275,219.05323526004062,134.6298340750915,4358.008000000001,3133.0465354678477,100.0,20.946863015411488,0.0,2723.7549999999997,0.0,0.0,3133.0465354678477,0.0,0.12107133865356445,0.04193758964538574,0.5,0.03166666666666666,1286302.555562123,947231.4801606277,454.47999999999837,272.08000000000055,1.5199999999999998,8.534494247397514,10.054494247397514
fixed-bias,300,105.01744245907584,24.258973063142033,4463.8964562545125,3245.1416959663024,209.83885625451347,133.04202351386613,4354.057599999999,3133.0465354678477,100.0,20.946863015411488,0.0,2721.2859999999996,0.0,0.0,3133.0465354678477,0.0,0.1233677864074707,0.040897369384765625,0.5,0.03166666666666666,1290766.4520183774,950476.621856594,455.99999999999835,273.60000000000053,1.5199999999999998,8.534494247397514,10.054494247397514
fixed-bias,301,104.41166980639866,20.554666206905267,4466.761756212195,3247.6053629553476,221.37775621219438,135.5056905029115,4345.384000000001,3133.0465354678477,100.0,20.946863015411488,0.0,2715.865,0.0,0.0,3133.0465354678477,0.0,0.11773490905761719,0.041208505630493164,0.5,0.03166666666666666,1295233.2137745896,953724.2272195494,457.51999999999833,275.1200000000005,1.5199999999999998,8.534494247397514,10.054494247397514
fixed-bias,302,104.80838246600354,22.98074466032848,4466.175372054485,3244.6762986238136,194.4441720544844,132.57662617137746,4371.7312,3133.0465354678477,100.0,20.946863015411488,0.0,2732.3320000000003,0.0,0.0,3133.0465354678477,0.0,0.10401535034179688,0.03683185577392578,0.5,0.03166666666666666,1299699.3891466442,956968.9035181731,459.0399999999983,276.6400000000005,1.5199999999999998,8.534494247397514,10.054494247397514
fixed-bias,303,92.95367758447772,20.706344764775192,4029.7461853145487,3232.622038041859,187.2349853145473,120.52236558942278,3942.5112000000013,3133.0465354678477,100.0,20.946863015411488,0.0,2464.0695000000005,0.0,0.0,3133.0465354678477,0.0,0.19098782539367676,0.07231354713439941,0.5,0.03166666666666666,1303729.1353319588,960201.525556215,460.5599999999983,278.1600000000005,1.5199999999999998,8.534494247397514,10.054494247397514
fixed-bias,304,96.49061019457656,21.547778165270717,4047.0989060112315,3239.8080563675753,195.10242601123036,127.70838391513935,3951.9964800000007,3133.0465354678477,100.0,20.946863015411488,0.0,2469.9977999999996,0.0,0.0,3133.0465354678477,0.0,0.10937643051147461,0.029940128326416016,0.5,0.03166666666666666,1307776.23423797,963441.3336125825,462.0799999999983,279.68000000000046,1.5199999999999998,8.534494247397514,10.054494247397514
fixed-bias,305,103.8589762698344,20.378505079201915,4473.037127870232,3247.4941024697196,206.35552787023158,135.39443001728355,4366.681600000001,3133.0465354678477,100.0,20.946863015411488,0.0,2729.1760000000004,0.0,0.0,3133.0465354678477,0.0,0.10664868354797363,0.026044607162475586,0.5,0.03166666666666666,1312249.2713658402,966688.8277150523,463.59999999999826,281.20000000000044,1.5199999999999998,8.534494247397514,10.054494247397514
fixed-bias,306,103.91526396195452,20.603381225353676,4475.024697800542,3253.346000707042,215.3142978005421,141.24632825460574,4359.7104,3133.0465354678477,100.0,20.946863015411488,0.0,2724.819,0.0,0.0,3133.0465354678477,0.0,0.10194277763366699,0.027175426483154297,0.5,0.03166666666666666,1316724.2960636409,969942.1737157593,465.11999999999824,282.7200000000004,1.5199999999999998,8.534494247397514,10.054494247397514
fixed-bias,307,108.29030982961918,23.789350438522174,4460.398355397469,3248.5363825489962,204.63835539746907,136.43671009655995,4355.759999999999,3133.0465354678477,100.0,20.946863015411488,0.0,2722.3499999999995,0.0,0.0,3133.0465354678477,0.0,0.09251523017883301,0.02685713768005371,0.5,0.03166666666666666,1321184.6944190382,973190.7100983083,466.6399999999982,284.2400000000004,1.5199999999999998,8.534494247397514,10.054494247397514
fixed-bias,308,104.94840616740426,21.63093635879551,4460.295876867091,3254.248219305837,195.69907686709053,142.14854685340123,4364.5968,3133.0465354678477,100.0,20.946863015411488,0.0,2727.8730000000005,0.0,0.0,3133.0465354678477,0.0,0.10479426383972168,0.025628328323364258,0.5,0.03166666666666666,1325644.9902959054,976444.9583176142,468.1599999999982,285.7600000000004,1.5199999999999998,8.534494247397514,10.054494247397514
fixed-bias,309,103.49292960755973,24.315137518648,4473.420634361842,3240.3792218259623,220.90223436184198,128.27954937352615,4352.5184,3133.0465354678477,100.0,20.946863015411488,0.0,2720.3240000000005,0.0,0.0,3133.0465354678477,0.0,0.1175074577331543,0.03556323051452637,0.5,0.03166666666666666,1330118.4109302673,979685.3375394401,469.6799999999982,287.28000000000037,1.5199999999999998,8.534494247397514,10.054494247397514
fixed-bias,310,94.44591505346598,23.376764769432615,4040.731188171677,3231.8511577708255,196.68782817167508,119.7514853183891,3944.0433600000015,3133.0465354678477,100.0,20.946863015411488,0.0,2465.027100000001,0.0,0.0,3133.0465354678477,0.0,0.15226507186889648,0.042562007904052734,0.5,0.03166666666666666,1334159.142118439,982917.188697211,471.19999999999817,288.80000000000035,1.5199999999999998,8.534494247397514,10.054494247397514
fixed-bias,311,96.26754455611054,22.150190321194934,4038.4323757500006,3236.0988435161257,187.96805574999956,123.99917106368936,3950.464320000001,3133.0465354678477,100.0,20.946863015411488,0.0,2469.0402,0.0,0.0,3133.0465354678477,0.0,0.11745214462280273,0.0388636589050293,0.5,0.03166666666666666,1338197.5744941891,986153.2875407271,472.71999999999815,290.32000000000033,1.5199999999999998,8.534494247397514,10.054494247397514
fixed-bias,312,104.54557560051278,22.88093181062318,4464.376033689745,3243.916237448104,211.8000336897438,131.81656499566756,4352.576000000001,3133.0465354678477,100.0,20.946863015411488,0.0,2720.3600000000006,0.0,0.0,3133.0465354678477,0.0,0.1259915828704834,0.03045344352722168,0.5,0.03166666666666666,1342661.950527879,989397.2037781752,474.23999999999813,291.8400000000003,1.5199999999999998,8.534494247397514,10.054494247397514
fixed-bias,313,105.18883625407823,23.18995663041597,4488.139066228271,3245.624444350675,210.91826622827116,133.5247718982388,4377.2208,3133.0465354678477,100.0,20.946863015411488,0.0,2735.763,0.0,0.0,3133.0465354678477,0.0,0.1066591739654541,0.04428839683532715,0.5,0.03166666666666666,1347150.0895941071,992642.8282225259,475.7599999999981,293.3600000000003,1.5199999999999998,8.534494247397514,10.054494247397514
fixed-bias,314,102.81206069829807,24.1771767544462,4462.613405128364,3240.6758214114684,227.76860512836402,128.57614895903222,4334.8448,3133.0465354678477,100.0,20.946863015411488,0.0,2709.2779999999993,0.0,0.0,3133.0465354678477,0.0,0.12120604515075684,0.023165464401245117,0.5,0.03166666666666666,1351612.7029992356,995883.5040439373,477.2799999999981,294.8800000000003,1.5199999999999998,8.534494247397514,10.054494247397514
fixed-bias,315,101.77440096518698,22.01837938854977,4472.1907996615955,3240.4431832892515,207.59399966159543,128.34351083681528,4364.5968,3133.0465354678477,100.0,20.946863015411488,0.0,2727.8730000000005,0.0,0.0,3133.0465354678477,0.0,0.1045525074005127,0.03953051567077637,0.5,0.03166666666666666,1356084.8937988973,999123.9472272266,478.7999999999981,296.40000000000026,1.5199999999999998,8.534494247397514,10.054494247397514
fixed-bias,316,105.03434464655966,21.837483161918044,4489.98736642954,3249.4147468547594,216.5537664295401,137.31507440232312,4373.4336,3133.0465354678477,100.0,20.946863015411488,0.0,2733.396,0.0,0.0,3133.0465354678477,0.0,0.09466242790222168,0.0200197696685791,0.5,0.03166666666666666,1360574.8811653268,1002373.3619740814,480.31999999999806,297.92000000000024,1.5199999999999998,8.534494247397514,10.054494247397514
fixed-bias,317,97.85229882816945,21.039362913130198,4030.8645991751873,3236.6948352998525,204.11275917518634,124.59516284741612,3926.7518400000013,3133.0465354678477,100.0,20.946863015411488,0.0,2454.219900000001,0.0,0.0,3133.0465354678477,0.0,0.11293864250183105,0.0402834415435791,0.5,0.03166666666666666,1364605.745764502,1005610.0568093812,481.83999999999804,299.4400000000002,1.5199999999999998,8.534494247397514,10.054494247397514
fixed-bias,318,94.44283254787672,24.510999449129002,4035.6615904907403,3229.0646730213266,183.66511049073966,116.96500056889052,3951.9964800000007,3133.0465354678477,100.0,20.946863015411488,0.0,2469.9977999999996,0.0,0.0,3133.0465354678477,0.0,0.11002516746520996,0.018051624298095703,0.5,0.03166666666666666,1368641.4073549928,1008839.1214824026,483.359999999998,300.9600000000002,1.5199999999999998,8.534494247397514,10.054494247397514
fixed-bias,319,101.1147751221636,22.803898185522694,4476.361713806866,3242.7722710903154,225.48811380686533,130.672598637879,4350.873600000001,3133.0465354678477,100.0,20.946863015411488,0.0,2719.2960000000007,0.0,0.0,3133.0465354678477,0.0,0.11920619010925293,0.022735118865966797,0.5,0.03166666666666666,1373117.7690687997,1012081.8937534929,484.879999999998,302.4800000000002,1.5199999999999998,8.534494247397514,10.054494247397514
fixed-bias,320,103.15443038751107,23.929738146606955,4478.075851334052,3248.250728117543,200.85505133405135,136.15105566510698,4377.2208,3133.0465354678477,100.0,20.946863015411488,0.0,2735.763,0.0,0.0,3133.0465354678477,0.0,0.10446786880493164,0.04038643836975098,0.5,0.03166666666666666,1377595.8449201337,1015330.1444816104,486.399999999998,304.00000000000017,1.5199999999999998,8.534494247397514,10.054494247397514
fixed-bias,321,102.02332670036685,23.178910834888832,4443.274211810919,3240.8681059269484,210.1318118109195,128.76843347451225,4333.1424,3133.0465354678477,100.0,20.946863015411488,0.0,2708.2139999999995,0.0,0.0,3133.0465354678477,0.0,0.11316442489624023,0.0436098575592041,0.5,0.03166666666666666,1382039.1191319446,1018571.0125875373,487.91999999999797,305.52000000000015,1.5199999999999998,8.534494247397514,10.054494247397514
fixed-bias,322,105.79645640997644,22.878704830451742,4468.888464950437,3246.428571275028,205.99406495043715,134.3288988225919,4362.8944,3133.0465354678477,100.0,20.946863015411488,0.0,2726.8089999999993,0.0,0.0,3133.0465354678477,0.0,0.16036486625671387,0.04240155220031738,0.5,0.03166666666666666,1386508.007596895,1021817.4411588123,489.43999999999795,307.04000000000013,1.5199999999999998,8.534494247397514,10.054494247397514
fixed-bias,323,104.53534308928484,23.562647250349414,4483.66549185753,3250.112508886173,210.2318918575292,138.01283643373685,4373.4336,3133.0465354678477,100.0,20.946863015411488,0.0,2733.396,0.0,0.0,3133.0465354678477,0.0,0.13405203819274902,0.04212784767150879,0.5,0.03166666666666666,1390991.6730887527,1025067.5536676984,490.95999999999793,308.5600000000001,1.5199999999999998,8.534494247397514,10.054494247397514
fixed-bias,324,92.25466572938603,21.667912365910183,4030.3349360288266,3229.063190197512,203.5830960288255,116.96351774507582,3926.7518400000013,3133.0465354678477,100.0,20.946863015411488,0.0,2454.219900000001,0.0,0.0,3133.0465354678477,0.0,0.12669587135314941,0.04179978370666504,0.5,0.03166666666666666,1395022.0080247815,1028296.6168578959,492.4799999999979,310.0800000000001,1.5199999999999998,8.534494247397514,10.054494247397514
fixed-bias,325,92.00136177822712,18.656806294850522,4035.2871736393963,3229.5166015925306,186.3550136393953,117.4169291400943,3948.9321600000007,3133.0465354678477,100.0,20.946863015411488,0.0,2468.0826,0.0,0.0,3133.0465354678477,0.0,0.1156618595123291,0.0424196720123291,0.5,0.03166666666666666,1399057.2951984208,1031526.1334594884,493.9999999999979,311.6000000000001,1.5199999999999998,8.534494247397514,10.054494247397514
fixed-bias,326,103.93263017010025,24.952745017486713,4464.270445699728,3241.301056311231,211.69444569972728,129.2013838587948,4352.576000000001,3133.0465354678477,100.0,20.946863015411488,0.0,2720.3600000000006,0.0,0.0,3133.0465354678477,0.0,0.13449597358703613,0.04323697090148926,0.5,0.03166666666666666,1403521.5656441206,1034767.4345157996,495.5199999999979,313.12000000000006,1.5199999999999998,8.534494247397514,10.054494247397514
fixed-bias,327,100.47721057938013,22.417752515012918,4474.321164581059,3240.1668447394004,214.6107645810591,128.06717228696414,4359.7104,3133.0465354678477,100.0,20.946863015411488,0.0,2724.819,0.0,0.0,3133.0465354678477,0.0,0.1287674903869629,0.051564693450927734,0.5,0.03166666666666666,1407995.8868087016,1038007.601360539,497.03999999999786,314.64000000000004,1.5199999999999998,8.534494247397514,10.054494247397514
fixed-bias,328,100.83965988550706,23.021871570839455,4456.843473321759,3237.8261132778425,201.0834733217601,125.72644082540631,4355.759999999999,3133.0465354678477,100.0,20.946863015411488,0.0,2722.3499999999995,0.0,0.0,3133.0465354678477,0.0,0.12532758712768555,0.04237675666809082,0.5,0.03166666666666666,1412452.7302820233,1041245.4274738168,498.55999999999784,316.16,1.5199999999999998,8.534494247397514,10.054494247397514
fixed-bias,329,101.14768134765315,24.326155309998665,4472.330612433978,3240.3106933316267,228.64901243397762,128.21102087919047,4343.6816,3133.0465354678477,100.0,20.946863015411488,0.0,2714.8009999999995,0.0,0.0,3133.0465354678477,0.0,0.11942410469055176,0.04209184646606445,0.5,0.03166666666666666,1416925.0608944574,1044485.7381671484,500.0799999999978,317.68,1.5199999999999998,8.534494247397514,10.054494247397514
fixed-bias,330,100.76630287957919,22.7387631636071,4488.659682930988,3239.6936236176384,215.22608293098762,127.59395116520248,4373.4336,3133.0465354678477,100.0,20.946863015411488,0.0,2733.396,0.0,0.0,3133.0465354678477,0.0,0.12035155296325684,0.021059274673461914,0.5,0.03166666666666666,1421413.7205773883,1047725.4317907661,501.5999999999978,319.2,1.5199999999999998,8.534494247397514,10.054494247397514
fixed-bias,331,94.22059715423308,21.308585982236732,4030.776468565714,3115.2663391191027,186.73310856571263,0.0,3944.0433600000015,3133.0465354678477,100.0,17.780196348744823,0.0,2465.027100000001,0.0,0.0,3133.0465354678477,0.0,0.11264634132385254,0.03205370903015137,0.5,0.0,1425444.497045954,1050840.6981298851,503.1199999999978,319.2,0.0,8.534494247397514,8.534494247397514
fixed-bias,332,91.83407426662647,22.297544116295082,4045.7181818294475,3115.2663391191027,212.54538182944708,0.0,3933.1728000000007,3133.0465354678477,100.0,17.780196348744823,0.0,2458.2329999999997,0.0,0.0,3133.0465354678477,0.0,0.09660005569458008,0.027556419372558594,0.5,0.0,1429490.2152277834,1053955.9644690042,504.63999999999777,319.2,0.0,8.534494247397514,8.534494247397514
fixed-bias,333,100.41908255670812,24.49559839354018,4465.304323387933,3115.2663391191027,196.92032338793283,0.0,4368.384000000001,3133.0465354678477,100.0,17.780196348744823,0.0,2730.2400000000007,0.0,0.0,3133.0465354678477,0.0,0.20319819450378418,0.04263639450073242,0.5,0.0,1433955.5195511715,1057071.2308081232,506.15999999999775,319.2,0.0,8.534494247397514,8.534494247397514
fixed-bias,334,101.70904052639764,20.2297592262643,4474.769994498154,3115.2663391191027,216.761994498153,0.0,4358.008000000001,3133.0465354678477,100.0,17.780196348744823,0.0,2723.7549999999997,0.0,0.0,3133.0465354678477,0.0,0.1231844425201416,0.03337860107421875,0.5,0.0,1438430.2895456697,1060186.4971472423,507.67999999999773,319.2,0.0,8.534494247397514,8.534494247397514
fixed-bias,335,102.62837967032108,20.278434363696206,4458.161707657525,3115.2663391191027,202.40170765752555,0.0,4355.759999999999,3133.0465354678477,100.0,17.780196348744823,0.0,2722.3499999999995,0.0,0.0,3133.0465354678477,0.0,0.11580848693847656,0.040238380432128906,0.5,0.0,1442888.4512533273,1063301.7634863614,509.1999999999977,319.2,0.0,8.534494247397514,8.534494247397514
fixed-bias,336,99.7590272169037,22.46807614168323,4458.214148054691,3115.2663391191027,195.31974805469062,0.0,4362.8944,3133.0465354678477,100.0,17.780196348744823,0.0,2726.8089999999993,0.0,0.0,3133.0465354678477,0.0,0.1167294979095459,0.03974103927612305,0.5,0.0,1447346.665401382,1066417.0298254804,510.7199999999977,319.2,0.0,8.534494247397514,8.534494247397514
fixed-bias,337,101.37601908577169,20.590740337703586,4468.455973000631,3115.2663391191027,195.02237300063132,0.0,4373.4336,3133.0465354678477,100.0,17.780196348744823,0.0,2733.396,0.0,0.0,3133.0465354678477,0.0,0.13350200653076172,0.04472494125366211,0.5,0.0,1451815.1213743826,1069532.2961645995,512.2399999999977,319.2,0.0,8.534494247397514,8.534494247397514
fixed-bias,338,90.31905971156375,22.535628244536273,4031.0108707842974,3115.2663391191027,202.7268707842968,0.0,3928.284000000001,3133.0465354678477,100.0,17.780196348744823,0.0,2455.1775000000007,0.0,0.0,3133.0465354678477,0.0,0.12262582778930664,0.04464459419250488,0.5,0.0,1455846.132245167,1072647.5625037185,513.7599999999977,319.2,0.0,8.534494247397514,8.534494247397514
fixed-bias,339,89.36832825683378,18.38730368891117,4025.5055727199715,3115.2663391191027,189.26845271997084,0.0,3936.2371200000007,3133.0465354678477,100.0,17.780196348744823,0.0,2460.1482,0.0,0.0,3133.0465354678477,0.0,0.11486482620239258,0.04509115219116211,0.5,0.0,1459871.637817887,1075762.8288428376,515.2799999999977,319.2,0.0,8.534494247397514,8.534494247397514
fixed-bias,340,100.86677575963296,22.44384608411732,4458.37560692288,3115.2663391191027,205.7996069228793,0.0,4352.576000000001,3133.0465354678477,100.0,17.780196348744823,0.0,2720.3600000000006,0.0,0.0,3133.0465354678477,0.0,0.13605928421020508,0.04212594032287598,0.5,0.0,1464330.0134248098,1078878.0951819567,516.7999999999977,319.2,0.0,8.534494247397514,8.534494247397514
fixed-bias,341,104.46959237503991,23.49490970788536,4486.030888504207,3115.2663391191027,208.81008850420676,0.0,4377.2208,3133.0465354678477,100.0,17.780196348744823,0.0,2735.763,0.0,0.0,3133.0465354678477,0.0,0.10117578506469727,0.03914761543273926,0.5,0.0,1468816.044313314,1081993.3615210757,518.3199999999977,319.2,0.0,8.534494247397514,8.534494247397514
fixed-bias,342,100.85675085629562,22.61931420458629,4445.26048624898,3115.2663391191027,191.20288624898023,0.0,4354.057599999999,3133.0465354678477,100.0,17.780196348744823,0.0,2721.2859999999996,0.0,0.0,3133.0465354678477,0.0,0.11315464973449707,0.04096865653991699,0.5,0.0,1473261.3047995628,1085108.6278601948,519.8399999999976,319.2,0.0,8.534494247397514,8.534494247397514
fixed-bias,343,101.1586926643616,22.52000678329597,4456.655184461091,3115.2663391191027,211.2711844610903,0.0,4345.384000000001,3133.0465354678477,100.0,17.780196348744823,0.0,2715.865,0.0,0.0,3133.0465354678477,0.0,0.11409926414489746,0.04092216491699219,0.5,0.0,1477717.9599840238,1088223.8941993138,521.3599999999976,319.2,0.0,8.534494247397514,8.534494247397514
fixed-bias,344,102.11758270248417,19.270330024136918,4468.607215914417,3115.2663391191027,195.17361591441656,0.0,4373.4336,3133.0465354678477,100.0,17.780196348744823,0.0,2733.396,0.0,0.0,3133.0465354678477,0.0,0.12395763397216797,0.041347503662109375,0.5,0.0,1482186.5671999382,1091339.160538433,522.8799999999976,319.2,0.0,8.534494247397514,8.534494247397514
fixed-bias,345,90.07297413983383,18.665026499283957,4017.98687356925,3115.2663391191027,175.4756735692482,0.0,3942.5112000000013,3133.0465354678477,100.0,17.780196348744823,0.0,2464.0695000000005,0.0,0.0,3133.0465354678477,0.0,0.12256336212158203,0.03579211235046387,0.5,0.0,1486204.5540735074,1094454.426877552,524.3999999999976,319.2,0.0,8.534494247397514,8.534494247397514
fixed-bias,346,89.48671127615819,21.610714956179617,4039.6619711323156,3115.2663391191027,190.7298111323145,0.0,3948.9321600000007,3133.0465354678477,100.0,17.780196348744823,0.0,2468.0826,0.0,0.0,3133.0465354678477,0.0,0.10351443290710449,0.042001962661743164,0.5,0.0,1490244.2160446397,1097569.693216671,525.9199999999976,319.2,0.0,8.534494247397514,8.534494247397514
fixed-bias,347,98.80097760027168,27.783677557954878,4466.106093142044,3115.2663391191027,215.23249314204307,0.0,4350.873600000001,3133.0465354678477,100.0,17.780196348744823,0.0,2719.2960000000007,0.0,0.0,3133.0465354678477,0.0,0.1685009002685547,0.023998260498046875,0.5,0.0,1494710.3221377817,1100684.95955579,527.4399999999976,319.2,0.0,8.534494247397514,8.534494247397514
fixed-bias,348,99.22621602345676,20.05473467017421,4471.341813901727,3115.2663391191027,195.82341390172638,0.0,4375.5184,3133.0465354678477,100.0,17.780196348744823,0.0,2734.699,0.0,0.0,3133.0465354678477,0.0,0.10968208312988281,0.036963701248168945,0.5,0.0,1499181.6639516833,1103800.2258949091,528.9599999999975,319.2,0.0,8.534494247397514,8.534494247397514
fixed-bias,349,94.601538860254,22.421512467333756,4446.8403914022465,3115.2663391191027,192.78279140224748,0.0,4354.057599999999,3133.0465354678477,100.0,17.780196348744823,0.0,2721.2859999999996,0.0,0.0,3133.0465354678477,0.0,0.11335444450378418,0.030226945877075195,0.5,0.0,1503628.5043430855,1106915.4922340282,530.4799999999975,319.2,0.0,8.534494247397514,8.534494247397514
fixed-bias,350,96.17027626299019,22.624930748508724,4454.623296282307,3115.2663391191027,191.728896282307,0.0,4362.8944,3133.0465354678477,100.0,17.780196348744823,0.0,2726.8089999999993,0.0,0.0,3133.0465354678477,0.0,0.11750030517578125,0.042975425720214844,0.5,0.0,1508083.1276393677,1110030.7585731472,531.9999999999975,319.2,0.0,8.534494247397514,8.534494247397514
fixed-bias,351,96.45450242187162,22.707238146820323,4467.732498902485,3115.2663391191027,194.29889890248432,0.0,4373.4336,3133.0465354678477,100.0,17.780196348744823,0.0,2733.396,0.0,0.0,3133.0465354678477,0.0,0.10969948768615723,0.030995607376098633,0.5,0.0,1512550.8601382703,1113146.0249122663,533.5199999999975,319.2,0.0,8.534494247397514,8.534494247397514
fixed-bias,352,86.68656255556589,20.0639387601372,4023.3355204805384,3115.2663391191027,180.8243204805373,0.0,3942.5112000000013,3133.0465354678477,100.0,17.780196348744823,0.0,2464.0695000000005,0.0,0.0,3133.0465354678477,0.0,0.09804892539978027,0.04003596305847168,0.5,0.0,1516574.1956587508,1116261.2912513854,535.0399999999975,319.2,0.0,8.534494247397514,8.534494247397514
fixed-bias,353,87.11628077872338,22.094515154451006,4033.668380754293,3115.2663391191027,181.67190075429207,0.0,3951.9964800000007,3133.0465354678477,100.0,17.780196348744823,0.0,2469.9977999999996,0.0,0.0,3133.0465354678477,0.0,0.12132859230041504,0.0473783016204834,0.5,0.0,1520607.8640395051,1119376.5575905044,536.5599999999974,319.2,0.0,8.534494247397514,8.534494247397514
fixed-bias,354,98.94387136187873,24.40749811721571,4463.53207642594,3115.2663391191027,195.1480764259391,0.0,4368.384000000001,3133.0465354678477,100.0,17.780196348744823,0.0,2730.2400000000007,0.0,0.0,3133.0465354678477,0.0,0.13216352462768555,0.030802011489868164,0.5,0.0,1525071.396115931,1122491.8239296235,538.0799999999974,319.2,0.0,8.534494247397514,8.534494247397514
fixed-bias,355,95.6535436621886,23.322567328924023,4469.0121502226475,3115.2663391191027,191.79135022264765,0.0,4377.2208,3133.0465354678477,100.0,17.780196348744823,0.0,2735.763,0.0,0.0,3133.0465354678477,0.0,0.11508750915527344,0.022698640823364258,0.5,0.0,1529540.4082661537,1125607.0902687425,539.5999999999974,319.2,0.0,8.534494247397514,8.534494247397514
fixed-bias,356,95.74325363650549,21.97735039170286,4440.146609047548,3115.2663391191027,203.59940904754782,0.0,4336.5472,3133.0465354678477,100.0,17.780196348744823,0.0,2710.3419999999996,0.0,0.0,3133.0465354678477,0.0,0.21730709075927734,0.03423643112182617,0.5,0.0,1533980.5548752013,1128722.3566078616,541.1199999999974,319.2,0.0,8.534494247397514,8.534494247397514
fixed-bias,357,97.92881932988769,21.72552525484615,4463.636925909173,3115.2663391191027,199.04012590917353,0.0,4364.5968,3133.0465354678477,100.0,17.780196348744823,0.0,2727.8730000000005,0.0,0.0,3133.0465354678477,0.0,0.12443351745605469,0.02205967903137207,0.5,0.0,1538444.1918011105,1131837.6229469806,542.6399999999974,319.2,0.0,8.534494247397514,8.534494247397514
fixed-bias,358,95.06008642462746,21.688176004164795,4458.184188006702,3115.2663391191027,184.75058800670232,0.0,4373.4336,3133.0465354678477,100.0,17.780196348744823,0.0,2733.396,0.0,0.0,3133.0465354678477,0.0,0.13208293914794922,0.032691001892089844,0.5,0.0,1542902.3759891172,1134952.8892860997,544.1599999999974,319.2,0.0,8.534494247397514,8.534494247397514
fixed-bias,359,85.63542471311462,21.64510738128451,4022.797820974216,3115.2663391191027,196.04598097421456,0.0,3926.7518400000013,3133.0465354678477,100.0,17.780196348744823,0.0,2454.219900000001,0.0,0.0,3133.0465354678477,0.0,0.0961449146270752,0.041487932205200195,0.5,0.0,1546925.1738100913,1138068.1556252188,545.6799999999973,319.2,0.0,8.534494247397514,8.534494247397514
fixed-bias,360,83.94588681968398,22.186517921770474,4029.8496458207073,3115.2663391191027,198.20900582070638,0.0,3931.640640000001,3133.0465354678477,100.0,17.780196348744823,0.0,2457.2754,0.0,0.0,3133.0465354678477,0.0,0.1176908016204834,0.03992176055908203,0.5,0.0,1550955.023455912,1141183.4219643378,547.1999999999973,319.2,0.0,8.534494247397514,8.534494247397514
fixed-bias,361,92.91944107223755,24.047691376531887,4446.202649202788,3115.2663391191027,179.52104920278708,0.0,4366.681600000001,3133.0465354678477,100.0,17.780196348744823,0.0,2729.1760000000004,0.0,0.0,3133.0465354678477,0.0,0.11052608489990234,0.029554128646850586,0.5,0.0,1555401.226105115,1144298.6883034569,548.7199999999973,319.2,0.0,8.534494247397514,8.534494247397514
fixed-bias,362,92.56423086892364,24.338200623275842,4464.714807945832,3204.778833664959,210.11160794583193,106.05963180075811,4354.6032000000005,3118.4601825266714,100.0,19.740980662470314,0.0,2721.627,0.0,0.0,3118.4601825266714,0.0,0.10619258880615234,0.025462865829467773,0.5,0.019607843137254898,1559865.9409130607,1147503.4671371218,550.2399999999973,320.1411764705882,0.9411764705882352,8.534494247397514,9.47567071798575
fixed-bias,363,95.56795478238804,21.004913628161223,4440.3506218222965,3115.2663391191027,184.5906218222972,0.0,4355.759999999999,3133.0465354678477,100.0,17.780196348744823,0.0,2722.3499999999995,0.0,0.0,3133.0465354678477,0.0,0.10995125770568848,0.040457963943481445,0.5,0.0,1564306.291534883,1150618.733476241,551.7599999999973,320.1411764705882,0.0,8.534494247397514,8.534494247397514
fixed-bias,364,92.94072701963451,20.194287722626317,4441.527015711458,3115.2663391191027,197.84541571145851,0.0,4343.6816,3133.0465354678477,100.0,17.780196348744823,0.0,2714.8009999999995,0.0,0.0,3133.0465354678477,0.0,0.11703968048095703,0.04355025291442871,0.5,0.0,1568747.8185505944,1153733.99981536,553.2799999999972,320.1411764705882,0.0,8.534494247397514,8.534494247397514
fixed-bias,365,92.6628879384162,23.43589938025896,4478.3845638293515,3115.2663391191027,206.65336382935152,0.0,4371.7312,3133.0465354678477,100.0,17.780196348744823,0.0,2732.3320000000003,0.0,0.0,3133.0465354678477,0.0,0.11239099502563477,0.04524874687194824,0.5,0.0,1573226.2031144237,1156849.266154479,554.7999999999972,320.1411764705882,0.0,8.534494247397514,8.534494247397514
