error_distribution,day,avg_price,price_volatility,milp_net_profit,ppo_net_profit,milp_arbitrage,ppo_arbitrage,milp_flexibility,ppo_flexibility,milp_degradation,ppo_degradation,milp_fcr_revenue,milp_afrr_revenue,milp_mfrr_revenue,ppo_fcr_revenue,ppo_afrr_revenue,ppo_mfrr_revenue,milp_exec_time,ppo_exec_time,milp_utilization,ppo_utilization,milp_cumulative,ppo_cumulative,milp_throughput_cum,ppo_throughput_cum
uniform,1,95.55813683562333,23.791233636978447,4432.525444733373,2691.3772305008715,176.602244733373,0.0,4355.9232,2691.3772305008715,100.0,0.0,0.0,2722.452,0.0,0.0,2691.3772305008715,0.0,0.11623048782348633,0.02152848243713379,0.5,0.0,4432.525444733373,2691.3772305008715,1.52,0.0
uniform,2,82.08723996277698,22.38376505555918,4018.201979283368,2691.3772305008715,192.98229928336693,0.0,3925.219680000001,2691.3772305008715,100.0,0.0,0.0,2453.2623000000012,0.0,0.0,2691.3772305008715,0.0,0.12130045890808105,0.02100062370300293,0.5,0.0,8450.72742401674,5382.754461001743,3.04,0.0
uniform,3,81.77862283174728,19.27722629490675,4029.5937115626657,2691.3772305008715,177.5972315626651,0.0,3951.9964800000007,2691.3772305008715,100.0,0.0,0.0,2469.9977999999996,0.0,0.0,2691.3772305008715,0.0,0.09154081344604492,0.02299785614013672,0.5,0.0,12480.321135579406,8074.131691502615,4.5600000000000005,0.0
uniform,4,89.42705178675055,22.94887910050355,4443.993837045388,2691.3772305008715,196.52503704538722,0.0,4347.4688000000015,2691.3772305008715,100.0,0.0,0.0,2717.1680000000006,0.0,0.0,2691.3772305008715,0.0,0.11084532737731934,0.025218486785888672,0.5,0.0,16924.314972624794,10765.508922003486,6.08,0.0
uniform,5,89.73922861852304,20.97342098605987,4449.089235170441,2691.3772305008715,191.08123517044018,0.0,4358.008000000001,2691.3772305008715,100.0,0.0,0.0,2723.7549999999997,0.0,0.0,2691.3772305008715,0.0,0.10911846160888672,0.024506092071533203,0.5,0.0,21373.404207795233,13456.886152504358,7.6,0.0
uniform,6,88.19691199516744,22.08783812762239,4422.790292430458,2691.3772305008715,187.94549243045796,0.0,4334.8448,2691.3772305008715,100.0,0.0,0.0,2709.2779999999993,0.0,0.0,2691.3772305008715,0.0,0.1165778636932373,0.026001691818237305,0.5,0.0,25796.19450022569,16148.26338300523,9.12,0.0
uniform,7,89.29004388564353,24.373765168004773,4428.775118838437,2691.3772305008715,181.68871883843732,0.0,4347.0864,2691.3772305008715,100.0,0.0,0.0,2716.929,0.0,0.0,2691.3772305008715,0.0,0.10818600654602051,0.027540206909179688,0.5,0.0,30224.969619064126,18839.6406135061,10.639999999999999,0.0
uniform,8,90.98888547132698,24.361042792644177,4459.194690142607,2691.3772305008715,185.76109014260666,0.0,4373.4336,2691.3772305008715,100.0,0.0,0.0,2733.396,0.0,0.0,2691.3772305008715,0.0,0.11494588851928711,0.024899959564208984,0.5,0.0,34684.16430920673,21531.017844006972,12.159999999999998,0.0
uniform,9,79.3093697011217,19.690341863265832,4008.517807544944,2691.3772305008715,166.00660754494248,0.0,3942.5112000000013,2691.3772305008715,100.0,0.0,0.0,2464.0695000000005,0.0,0.0,2691.3772305008715,0.0,0.11651349067687988,0.021410465240478516,0.5,0.0,38692.682116751675,24222.395074507844,13.679999999999998,0.0
uniform,10,80.47458712028997,20.492507965523867,3999.8625975933473,2691.3772305008715,166.689797593347,0.0,3933.1728000000007,2691.3772305008715,100.0,0.0,0.0,2458.2329999999997,0.0,0.0,2691.3772305008715,0.0,0.09760355949401855,0.0215303897857666,0.5,0.0,42692.54471434502,26913.772305008715,15.199999999999998,0.0
uniform,11,85.71444573567375,23.441018507847307,4440.80878040843,2691.3772305008715,172.4247804084287,0.0,4368.384000000001,2691.3772305008715,100.0,0.0,0.0,2730.2400000000007,0.0,0.0,2691.3772305008715,0.0,0.14807891845703125,0.028053760528564453,0.5,0.0,47133.35349475345,29605.149535509587,16.72,0.0
uniform,12,88.01024999731855,20.564409416886882,4445.633443107035,2691.3772305008715,170.1150431070354,0.0,4375.5184,2691.3772305008715,100.0,0.0,0.0,2734.699,0.0,0.0,2691.3772305008715,0.0,0.10562634468078613,0.021553754806518555,0.5,0.0,51578.986937860485,32296.52676601046,18.24,0.0
uniform,13,86.59660289117387,22.350084450024116,4435.373808786579,2691.3772305008715,179.61380878657914,0.0,4355.759999999999,2691.3772305008715,100.0,0.0,0.0,2722.3499999999995,0.0,0.0,2691.3772305008715,0.0,0.109222412109375,0.026627063751220703,0.5,0.0,56014.360746647064,34987.90399651133,19.759999999999998,0.0
uniform,14,88.27578401602047,19.68353494201407,4438.798752919296,2691.3772305008715,179.3091529192951,0.0,4359.489600000001,2691.3772305008715,100.0,0.0,0.0,2724.6809999999996,0.0,0.0,2691.3772305008715,0.0,0.10000944137573242,0.025104045867919922,0.5,0.0,60453.15949956636,37679.28122701221,21.279999999999998,0.0
uniform,15,85.33888045225613,23.689810820613708,4439.929695465281,2691.3772305008715,189.11369546528118,0.0,4350.816,2691.3772305008715,100.0,0.0,0.0,2719.26,0.0,0.0,2691.3772305008715,0.0,0.10554790496826172,0.02487635612487793,0.5,0.0,64893.08919503164,40370.658457513084,22.799999999999997,0.0
uniform,16,77.4565413339472,19.320176277694465,3988.460097158692,2691.3772305008715,147.481057158691,0.0,3940.979040000001,2691.3772305008715,100.0,0.0,0.0,2463.111900000001,0.0,0.0,2691.3772305008715,0.0,0.12129020690917969,0.02445363998413086,0.5,0.0,68881.54929219034,43062.03568801396,24.319999999999997,0.0
uniform,17,76.7688835292059,21.79433135686027,4023.8293378894086,2691.3772305008715,171.83285788940782,0.0,3951.9964800000007,2691.3772305008715,100.0,0.0,0.0,2469.9977999999996,0.0,0.0,2691.3772305008715,0.0,0.1094212532043457,0.02601146697998047,0.5,0.0,72905.37863007974,45753.412918514834,25.839999999999996,0.0
uniform,18,87.06897422060221,22.364422236755967,4433.261606782943,2691.3772305008715,187.49520678294178,0.0,4345.766400000001,2691.3772305008715,100.0,0.0,0.0,2716.1040000000007,0.0,0.0,2691.3772305008715,0.0,0.13147258758544922,0.024001359939575195,0.5,0.0,77338.64023686267,48444.79014901571,27.359999999999996,0.0
uniform,19,82.95392994050128,24.628405271333843,4433.787725530692,2691.3772305008715,177.48212553069246,0.0,4356.3056,2691.3772305008715,100.0,0.0,0.0,2722.6910000000003,0.0,0.0,2691.3772305008715,0.0,0.11087727546691895,0.02611064910888672,0.5,0.0,81772.42796239337,51136.167379516584,28.879999999999995,0.0
uniform,20,82.60020912336067,24.303778721802527,4415.314644150689,2691.3772305008715,159.55464415068974,0.0,4355.759999999999,2691.3772305008715,100.0,0.0,0.0,2722.3499999999995,0.0,0.0,2691.3772305008715,0.0,0.11773109436035156,0.021722793579101562,0.5,0.0,86187.74260654405,53827.54461001746,30.399999999999995,0.0
uniform,21,81.20828187948342,24.558608323078438,4430.66765901014,2691.3772305008715,188.688459010139,0.0,4341.979200000001,2691.3772305008715,100.0,0.0,0.0,2713.737,0.0,0.0,2691.3772305008715,0.0,0.09625768661499023,0.02790975570678711,0.5,0.0,90618.4102655542,56518.921840518335,31.919999999999995,0.0
uniform,22,81.75441438053086,22.27701407274462,4437.430640813192,2691.3772305008715,184.91224081319297,0.0,4352.5184,2691.3772305008715,100.0,0.0,0.0,2720.3240000000005,0.0,0.0,2691.3772305008715,0.0,0.10522341728210449,0.022809982299804688,0.5,0.0,95055.84090636739,59210.29907101921,33.44,0.0
uniform,23,74.88631276670993,20.490975669468387,3994.825307499783,2691.3772305008715,150.7819474997814,0.0,3944.0433600000015,2691.3772305008715,100.0,0.0,0.0,2465.027100000001,0.0,0.0,2691.3772305008715,0.0,0.10164666175842285,0.03445315361022949,0.5,0.0,99050.66621386717,61901.676301520085,34.96,0.0
uniform,24,77.3107741976847,18.62351214774844,3991.3370401208904,2691.3772305008715,155.09992012088952,0.0,3936.2371200000007,2691.3772305008715,100.0,0.0,0.0,2460.1482,0.0,0.0,2691.3772305008715,0.0,0.0896604061126709,0.02506542205810547,0.5,0.0,103042.00325398806,64593.05353202096,36.480000000000004,0.0
uniform,25,81.87965777103982,20.88465198751037,4427.495649179929,2691.3772305008715,181.7292491799281,0.0,4345.766400000001,2691.3772305008715,100.0,0.0,0.0,2716.1040000000007,0.0,0.0,2691.3772305008715,0.0,0.0835258960723877,0.023317813873291016,0.5,0.0,107469.49890316799,67284.43076252184,38.00000000000001,0.0
uniform,26,83.3302640329544,23.28421500187989,4460.7787600774,2691.3772305008715,204.47316007740048,0.0,4356.3056,2691.3772305008715,100.0,0.0,0.0,2722.6910000000003,0.0,0.0,2691.3772305008715,0.0,0.09764790534973145,0.024095773696899414,0.5,0.0,111930.27766324539,69975.80799302271,39.52000000000001,0.0
uniform,27,80.10644267253019,19.31128588010697,4405.055146822358,2691.3772305008715,170.21034682235842,0.0,4334.8448,2691.3772305008715,100.0,0.0,0.0,2709.2779999999993,0.0,0.0,2691.3772305008715,0.0,0.1213681697845459,0.023091554641723633,0.5,0.0,116335.33281006775,72667.18522352359,41.04000000000001,0.0
uniform,28,82.07959905318405,21.04151608383958,4428.902075553451,2691.3772305008715,166.00767555345064,0.0,4362.8944,2691.3772305008715,100.0,0.0,0.0,2726.8089999999993,0.0,0.0,2691.3772305008715,0.0,0.11864662170410156,0.028000593185424805,0.5,0.0,120764.2348856212,75358.56245402446,42.56000000000002,0.0
uniform,29,83.70659262692932,22.531073020721543,4463.480551771221,2691.3772305008715,190.04695177122062,0.0,4373.4336,2691.3772305008715,100.0,0.0,0.0,2733.396,0.0,0.0,2691.3772305008715,0.0,0.11590266227722168,0.024010181427001953,0.5,0.0,125227.71543739243,78049.93968452534,44.08000000000002,0.0
uniform,30,73.7763487645965,18.94935556760742,3989.577079096658,2691.3772305008715,145.53371909665637,0.0,3944.0433600000015,2691.3772305008715,100.0,0.0,0.0,2465.027100000001,0.0,0.0,2691.3772305008715,0.0,0.10649561882019043,0.021007299423217773,0.5,0.0,129217.29251648909,80741.31691502621,45.60000000000002,0.0
uniform,31,72.39121688885952,19.74335432583654,4001.7881282928874,2691.3772305008715,149.79164829288712,0.0,3951.9964800000007,2691.3772305008715,100.0,0.0,0.0,2469.9977999999996,0.0,0.0,2691.3772305008715,0.0,0.10458636283874512,0.02718186378479004,0.5,0.0,133219.080644782,83432.69414552709,47.120000000000026,0.0
uniform,32,79.09036226736328,20.761757764227557,4415.934059685999,2691.3772305008715,163.35805968599877,0.0,4352.576000000001,2691.3772305008715,100.0,0.0,0.0,2720.3600000000006,0.0,0.0,2691.3772305008715,0.0,0.11245059967041016,0.022096633911132812,0.5,0.0,137635.014704468,86124.07137602796,48.64000000000003,0.0
uniform,33,80.44200357265336,18.916508938148386,4416.249047887612,2691.3772305008715,161.64584788761118,0.0,4354.6032000000005,2691.3772305008715,100.0,0.0,0.0,2721.627,0.0,0.0,2691.3772305008715,0.0,0.10391402244567871,0.020902395248413086,0.5,0.0,142051.2637523556,88815.44860652884,50.16000000000003,0.0
uniform,34,76.79502470260041,23.090152196691232,4397.70247762363,2691.3772305008715,143.64487762363115,0.0,4354.057599999999,2691.3772305008715,100.0,0.0,0.0,2721.2859999999996,0.0,0.0,2691.3772305008715,0.0,0.10949063301086426,0.0270998477935791,0.5,0.0,146448.9662299792,91506.82583702971,51.680000000000035,0.0
uniform,35,76.93722414252143,23.577329717726155,4413.777718771303,2691.3772305008715,166.6913187713029,0.0,4347.0864,2691.3772305008715,100.0,0.0,0.0,2716.929,0.0,0.0,2691.3772305008715,0.0,0.10923624038696289,0.021099090576171875,0.5,0.0,150862.74394875052,94198.20306753059,53.20000000000004,0.0
uniform,36,80.6226085820366,25.621006145545955,4446.2387617869845,2691.3772305008715,172.80516178698403,0.0,4373.4336,2691.3772305008715,100.0,0.0,0.0,2733.396,0.0,0.0,2691.3772305008715,0.0,0.10696649551391602,0.029081106185913086,0.5,0.0,155308.9827105375,96889.58029803146,54.72000000000004,0.0
uniform,37,73.1835630921488,22.137080563586576,4013.4018466047783,2691.3772305008715,169.35848660477674,0.0,3944.0433600000015,2691.3772305008715,100.0,0.0,0.0,2465.027100000001,0.0,0.0,2691.3772305008715,0.0,0.12080097198486328,0.02527451515197754,0.5,0.0,159322.38455714227,99580.95752853234,56.240000000000045,0.0
uniform,38,71.63476970112283,21.4937009600007,3998.263410924579,2691.3772305008715,165.09061092457847,0.0,3933.1728000000007,2691.3772305008715,100.0,0.0,0.0,2458.2329999999997,0.0,0.0,2691.3772305008715,0.0,0.10874271392822266,0.022000789642333984,0.5,0.0,163320.64796806686,102272.33475903321,57.76000000000005,0.0
uniform,39,78.01423744943293,26.891969586901624,4442.753646096717,2691.3772305008715,193.58244609671587,0.0,4349.171200000001,2691.3772305008715,100.0,0.0,0.0,2718.232000000001,0.0,0.0,2691.3772305008715,0.0,0.1024923324584961,0.018996477127075195,0.5,0.0,167763.40161416357,104963.71198953409,59.28000000000005,0.0
uniform,40,74.37527489759269,21.80102026918698,4428.431691804484,2691.3772305008715,168.721291804484,0.0,4359.7104,2691.3772305008715,100.0,0.0,0.0,2724.819,0.0,0.0,2691.3772305008715,0.0,0.0968942642211914,0.026516437530517578,0.5,0.0,172191.83330596806,107655.08922003496,60.800000000000054,0.0
uniform,41,73.08664293528388,22.597400470580162,4415.65155206248,2691.3772305008715,179.10435206247993,0.0,4336.5472,2691.3772305008715,100.0,0.0,0.0,2710.3419999999996,0.0,0.0,2691.3772305008715,0.0,0.10288357734680176,0.026531457901000977,0.5,0.0,176607.48485803054,110346.46645053584,62.32000000000006,0.0
uniform,42,77.52909227231953,20.03173828976841,4431.445354873948,2691.3772305008715,166.84855487394807,0.0,4364.5968,2691.3772305008715,100.0,0.0,0.0,2727.8730000000005,0.0,0.0,2691.3772305008715,0.0,0.10981154441833496,0.026900768280029297,0.5,0.0,181038.9302129045,113037.84368103671,63.84000000000006,0.0
uniform,43,72.7159364493449,18.249691143969706,4425.6523542247605,2691.3772305008715,152.21875422476046,0.0,4373.4336,2691.3772305008715,100.0,0.0,0.0,2733.396,0.0,0.0,2691.3772305008715,0.0,0.10689997673034668,0.022960424423217773,0.5,0.0,185464.58256712926,115729.22091153759,65.36000000000006,0.0
uniform,44,69.26482972250261,20.280163225806913,3980.821855647634,2691.3772305008715,139.8428156476332,0.0,3940.979040000001,2691.3772305008715,100.0,0.0,0.0,2463.111900000001,0.0,0.0,2691.3772305008715,0.0,0.10614395141601562,0.010490655899047852,0.5,0.0,189445.4044227769,118420.59814203846,66.88000000000005,0.0
uniform,45,69.51270231332946,23.193321244799492,3992.276545597034,2691.3772305008715,156.0394255970334,0.0,3936.2371200000007,2691.3772305008715,100.0,0.0,0.0,2460.1482,0.0,0.0,2691.3772305008715,0.0,0.0940709114074707,0.02501392364501953,0.5,0.0,193437.68096837393,121111.97537253934,68.40000000000005,0.0
uniform,46,75.90164725314445,22.09088543726733,4405.973804907988,2691.3772305008715,158.5050049079868,0.0,4347.4688000000015,2691.3772305008715,100.0,0.0,0.0,2717.1680000000006,0.0,0.0,2691.3772305008715,0.0,0.1315135955810547,0.02300739288330078,0.5,0.0,197843.65477328192,123803.35260304021,69.92000000000004,0.0
uniform,47,74.23952435413854,22.5146155849436,4422.615743234973,2691.3772305008715,166.31014323497328,0.0,4356.3056,2691.3772305008715,100.0,0.0,0.0,2722.6910000000003,0.0,0.0,2691.3772305008715,0.0,0.101043701171875,0.024541378021240234,0.5,0.0,202266.2705165169,126494.72983354109,71.44000000000004,0.0
uniform,48,76.58206955392593,21.67741093378266,4405.616381513038,2691.3772305008715,149.85638151303857,0.0,4355.759999999999,2691.3772305008715,100.0,0.0,0.0,2722.3499999999995,0.0,0.0,2691.3772305008715,0.0,0.1170952320098877,0.025995969772338867,0.5,0.0,206671.88689802994,129186.10706404196,72.96000000000004,0.0
uniform,49,71.09059662312639,24.119963025893714,4414.412038558996,2691.3772305008715,170.73043855899633,0.0,4343.6816,2691.3772305008715,100.0,0.0,0.0,2714.8009999999995,0.0,0.0,2691.3772305008715,0.0,0.11012125015258789,0.024376869201660156,0.5,0.0,211086.29893658895,131877.48429454284,74.48000000000003,0.0
uniform,50,73.9395542371823,22.16245150500325,4426.264891275275,2691.3772305008715,172.04409127527447,0.0,4354.2208,2691.3772305008715,100.0,0.0,0.0,2721.3880000000004,0.0,0.0,2691.3772305008715,0.0,0.11057782173156738,0.02257394790649414,0.5,0.0,215512.5638278642,134568.8615250437,76.00000000000003,0.0
uniform,51,63.755396401225774,21.522120325535244,3963.35195734667,2691.3772305008715,122.37291734666923,0.0,3940.979040000001,2691.3772305008715,100.0,0.0,0.0,2463.111900000001,0.0,0.0,2691.3772305008715,0.0,0.10538029670715332,0.022988080978393555,0.5,0.0,219475.91578521088,137260.23875554456,77.52000000000002,0.0
uniform,52,64.28181342087605,22.696410622417417,3991.2880468604303,2691.3772305008715,158.1152468604296,0.0,3933.1728000000007,2691.3772305008715,100.0,0.0,0.0,2458.2329999999997,0.0,0.0,2691.3772305008715,0.0,0.09373998641967773,0.01810002326965332,0.5,0.0,223467.2038320713,139951.61598604542,79.04000000000002,0.0
uniform,53,71.04117573884541,24.46719986841848,4423.364958748326,2691.3772305008715,154.98095874832487,0.0,4368.384000000001,2691.3772305008715,100.0,0.0,0.0,2730.2400000000007,0.0,0.0,2691.3772305008715,0.0,0.0934743881225586,0.028243064880371094,0.5,0.0,227890.56879081964,142642.99321654628,80.56000000000002,0.0
uniform,54,69.44477701234001,22.232348002433984,4428.410612378535,2691.3772305008715,152.89221237853494,0.0,4375.5184,2691.3772305008715,100.0,0.0,0.0,2734.699,0.0,0.0,2691.3772305008715,0.0,0.0997922420501709,0.030620813369750977,0.5,0.0,232318.97940319817,145334.37044704714,82.08000000000001,0.0
uniform,55,71.84536135709374,21.70627799095501,4385.512616704403,2691.3772305008715,150.6678167044028,0.0,4334.8448,2691.3772305008715,100.0,0.0,0.0,2709.2779999999993,0.0,0.0,2691.3772305008715,0.0,0.12164592742919922,0.023022890090942383,0.5,0.0,236704.49201990257,148025.747677548,83.60000000000001,0.0
uniform,56,71.27336299891819,24.95055733285317,4402.936364412413,2691.3772305008715,157.55236441241215,0.0,4345.384000000001,2691.3772305008715,100.0,0.0,0.0,2715.865,0.0,0.0,2691.3772305008715,0.0,0.10519099235534668,0.02453923225402832,0.5,0.0,241107.428384315,150717.12490804886,85.12,0.0
uniform,57,70.05178991127536,23.20889173777168,4425.791858954123,2691.3772305008715,152.35825895412307,0.0,4373.4336,2691.3772305008715,100.0,0.0,0.0,2733.396,0.0,0.0,2691.3772305008715,0.0,0.10747408866882324,0.016315221786499023,0.5,0.0,245533.2202432691,153408.50213854972,86.64,0.0
uniform,58,62.44732074350557,21.178799008191984,3982.57684118132,2691.3772305008715,138.53348118131862,0.0,3944.0433600000015,2691.3772305008715,100.0,0.0,0.0,2465.027100000001,0.0,0.0,2691.3772305008715,0.0,0.10924434661865234,0.02199387550354004,0.5,0.0,249515.79708445043,156099.87936905058,88.16,0.0
uniform,59,64.38902929786,18.825309288956277,3973.2546094156423,2691.3772305008715,124.32244941564169,0.0,3948.9321600000007,2691.3772305008715,100.0,0.0,0.0,2468.0826,0.0,0.0,2691.3772305008715,0.0,0.08583283424377441,0.02006363868713379,0.5,0.0,253489.0516938661,158791.25659955145,89.67999999999999,0.0
uniform,60,65.40638309779442,24.067124508893922,4402.400201095251,2691.3772305008715,149.82420109524992,0.0,4352.576000000001,2691.3772305008715,100.0,0.0,0.0,2720.3600000000006,0.0,0.0,2691.3772305008715,0.0,0.09407162666320801,0.027591943740844727,0.5,0.0,257891.45189496133,161482.6338300523,91.19999999999999,0.0
uniform,61,68.063645224713,19.91036216054047,4412.435337591937,2691.3772305008715,152.72493759193716,0.0,4359.7104,2691.3772305008715,100.0,0.0,0.0,2724.819,0.0,0.0,2691.3772305008715,0.0,0.10404348373413086,0.008960485458374023,0.5,0.0,262303.8872325533,164174.01106055317,92.71999999999998,0.0
uniform,62,69.01342000636863,24.005533598879154,4407.218637508362,2691.3772305008715,170.67143750836166,0.0,4336.5472,2691.3772305008715,100.0,0.0,0.0,2710.3419999999996,0.0,0.0,2691.3772305008715,0.0,0.10183072090148926,0.022088289260864258,0.5,0.0,266711.1058700616,166865.38829105403,94.23999999999998,0.0
uniform,63,68.02294997720396,23.40484375621865,4411.667829088767,2691.3772305008715,167.98622908876683,0.0,4343.6816,2691.3772305008715,100.0,0.0,0.0,2714.8009999999995,0.0,0.0,2691.3772305008715,0.0,0.09821462631225586,0.02408766746520996,0.5,0.0,271122.77369915036,169556.7655215549,95.75999999999998,0.0
uniform,64,66.02231015891157,24.89119038924703,4431.9185531527255,2691.3772305008715,158.48495315272515,0.0,4373.4336,2691.3772305008715,100.0,0.0,0.0,2733.396,0.0,0.0,2691.3772305008715,0.0,0.10678267478942871,0.026279211044311523,0.5,0.0,275554.69225230307,172248.14275205575,97.27999999999997,0.0
uniform,65,62.938945943814396,22.233144425912847,3976.843701002167,2691.3772305008715,150.09186100216587,0.0,3926.7518400000013,2691.3772305008715,100.0,0.0,0.0,2454.219900000001,0.0,0.0,2691.3772305008715,0.0,0.11410999298095703,0.02733755111694336,0.5,0.0,279531.53595330525,174939.5199825566,98.79999999999997,0.0
uniform,66,60.31213214309662,21.465166791040055,3990.2126612102547,2691.3772305008715,138.21618121025423,0.0,3951.9964800000007,2691.3772305008715,100.0,0.0,0.0,2469.9977999999996,0.0,0.0,2691.3772305008715,0.0,0.10797667503356934,0.02162766456604004,0.5,0.0,283521.7486145155,177630.89721305747,100.31999999999996,0.0
uniform,67,65.77484510939998,22.445162648946045,4404.99989564858,2691.3772305008715,138.31829564857884,0.0,4366.681600000001,2691.3772305008715,100.0,0.0,0.0,2729.1760000000004,0.0,0.0,2691.3772305008715,0.0,0.1483445167541504,0.020978212356567383,0.5,0.0,287926.7485101641,180322.27444355833,101.83999999999996,0.0
uniform,68,67.10954927507268,21.693751947045982,4411.20116733514,2691.3772305008715,133.98036733513987,0.0,4377.2208,2691.3772305008715,100.0,0.0,0.0,2735.763,0.0,0.0,2691.3772305008715,0.0,0.10038232803344727,0.02099895477294922,0.5,0.0,292337.94967749924,183013.6516740592,103.35999999999996,0.0
uniform,69,64.06529014238073,21.988337052490582,4385.310887246173,2691.3772305008715,152.1684872461724,0.0,4333.1424,2691.3772305008715,100.0,0.0,0.0,2708.2139999999995,0.0,0.0,2691.3772305008715,0.0,0.08814430236816406,0.02033209800720215,0.5,0.0,296723.2605647454,185705.02890456005,104.87999999999995,0.0
uniform,70,66.31330141728326,22.87025498453884,4405.554486274638,2691.3772305008715,140.9576862746384,0.0,4364.5968,2691.3772305008715,100.0,0.0,0.0,2727.8730000000005,0.0,0.0,2691.3772305008715,0.0,0.09005117416381836,0.024206876754760742,0.5,0.0,301128.81505102006,188396.4061350609,106.39999999999995,0.0
uniform,71,67.2174341679452,19.82075507354983,4385.369697837713,2691.3772305008715,134.5536978377134,0.0,4350.816,2691.3772305008715,100.0,0.0,0.0,2719.26,0.0,0.0,2691.3772305008715,0.0,0.10601615905761719,0.024287700653076172,0.5,0.0,305514.1847488578,191087.78336556177,107.91999999999994,0.0
uniform,72,58.16194922361857,19.955626252156197,3986.570386035235,2691.3772305008715,161.35070603523397,0.0,3925.219680000001,2691.3772305008715,100.0,0.0,0.0,2453.2623000000012,0.0,0.0,2691.3772305008715,0.0,0.11559581756591797,0.024100542068481445,0.5,0.0,309500.75513489306,193779.16059606263,109.43999999999994,0.0
uniform,73,55.062300670365424,21.25843907517822,3966.7735498366774,2691.3772305008715,130.5364298366766,0.0,3936.2371200000007,2691.3772305008715,100.0,0.0,0.0,2460.1482,0.0,0.0,2691.3772305008715,0.0,0.10951066017150879,0.02481818199157715,0.5,0.0,313467.5286847297,196470.5378265635,110.95999999999994,0.0
uniform,74,64.48514502937071,23.121770037214326,4404.931216966756,2691.3772305008715,154.05761696675538,0.0,4350.873600000001,2691.3772305008715,100.0,0.0,0.0,2719.2960000000007,0.0,0.0,2691.3772305008715,0.0,0.11117792129516602,0.02291250228881836,0.5,0.0,317872.4599016965,199161.91505706435,112.47999999999993,0.0
uniform,75,63.71693699619069,20.161137171281872,4399.085739614156,2691.3772305008715,139.37533961415622,0.0,4359.7104,2691.3772305008715,100.0,0.0,0.0,2724.819,0.0,0.0,2691.3772305008715,0.0,0.08901381492614746,0.022580862045288086,0.5,0.0,322271.54564131063,201853.29228756521,113.99999999999993,0.0
uniform,76,63.51638972813557,21.708189730232622,4387.327842776883,2691.3772305008715,149.07824277688226,0.0,4338.2496,2691.3772305008715,100.0,0.0,0.0,2711.4059999999995,0.0,0.0,2691.3772305008715,0.0,0.11146163940429688,0.02220010757446289,0.5,0.0,326658.8734840875,204544.66951806608,115.51999999999992,0.0
uniform,77,60.61197806109228,22.225340118528493,4400.332145333585,2691.3772305008715,139.14014533358431,0.0,4361.192,2691.3772305008715,100.0,0.0,0.0,2725.745,0.0,0.0,2691.3772305008715,0.0,0.10226726531982422,0.022589445114135742,0.5,0.0,331059.2056294211,207236.04674856694,117.03999999999992,0.0
uniform,78,64.5585908360077,25.661627247224295,4425.057294515452,2691.3772305008715,155.0284945154516,0.0,4370.0288,2691.3772305008715,100.0,0.0,0.0,2731.2680000000005,0.0,0.0,2691.3772305008715,0.0,0.11151123046875,0.02299785614013672,0.5,0.0,335484.26292393653,209927.4239790678,118.55999999999992,0.0
uniform,79,55.91879099028677,20.70246656196347,3971.4948360378967,2691.3772305008715,127.45147603789502,0.0,3944.0433600000015,2691.3772305008715,100.0,0.0,0.0,2465.027100000001,0.0,0.0,2691.3772305008715,0.0,0.10792851448059082,0.026013851165771484,0.5,0.0,339455.75775997445,212618.80120956866,120.07999999999991,0.0
uniform,80,53.59622975902753,22.13180284560607,3972.7165732667468,2691.3772305008715,120.720093266746,0.0,3951.9964800000007,2691.3772305008715,100.0,0.0,0.0,2469.9977999999996,0.0,0.0,2691.3772305008715,0.0,0.09365558624267578,0.023928165435791016,0.5,0.0,343428.4743332412,215310.17844006952,121.59999999999991,0.0
uniform,81,58.978915413409766,21.21855728164276,4377.73900278431,2691.3772305008715,130.27020278430845,0.0,4347.4688000000015,2691.3772305008715,100.0,0.0,0.0,2717.1680000000006,0.0,0.0,2691.3772305008715,0.0,0.10293102264404297,0.026091337203979492,0.5,0.0,347806.2133360255,218001.55567057038,123.1199999999999,0.0
uniform,82,58.437271008625736,21.07338366419708,4403.9571484869775,2691.3772305008715,144.24674848697748,0.0,4359.7104,2691.3772305008715,100.0,0.0,0.0,2724.819,0.0,0.0,2691.3772305008715,0.0,0.1148078441619873,0.027996063232421875,0.5,0.0,352210.17048451246,220692.93290107124,124.6399999999999,0.0
uniform,83,62.14461809897603,25.177474658997905,4400.65975946393,2691.3772305008715,144.8997594639301,0.0,4355.759999999999,2691.3772305008715,100.0,0.0,0.0,2722.3499999999995,0.0,0.0,2691.3772305008715,0.0,0.1187906265258789,0.027619361877441406,0.5,0.0,356610.8302439764,223384.3101315721,126.1599999999999,0.0
uniform,84,62.22046488779629,23.09744081791274,4394.781944919676,2691.3772305008715,151.10034491967608,0.0,4343.6816,2691.3772305008715,100.0,0.0,0.0,2714.8009999999995,0.0,0.0,2691.3772305008715,0.0,0.10375046730041504,0.021990299224853516,0.5,0.0,361005.61218889605,226075.68736207296,127.6799999999999,0.0
uniform,85,59.660714619294026,24.33958557165145,4407.043091285369,2691.3772305008715,154.52469128536862,0.0,4352.5184,2691.3772305008715,100.0,0.0,0.0,2720.3240000000005,0.0,0.0,2691.3772305008715,0.0,0.09194564819335938,0.019997119903564453,0.5,0.0,365412.65528018144,228767.06459257382,129.1999999999999,0.0
uniform,86,56.574924098125685,18.55812961047008,3979.227069210333,2691.3772305008715,135.18370921033156,0.0,3944.0433600000015,2691.3772305008715,100.0,0.0,0.0,2465.027100000001,0.0,0.0,2691.3772305008715,0.0,0.0956118106842041,0.008108854293823242,0.5,0.0,369391.88234939176,231458.44182307468,130.7199999999999,0.0
uniform,87,53.59190945695809,19.99580201335803,3969.2425143771907,2691.3772305008715,118.7781943771896,0.0,3950.464320000001,2691.3772305008715,100.0,0.0,0.0,2469.0402,0.0,0.0,2691.3772305008715,0.0,0.08411836624145508,0.022108793258666992,0.5,0.0,373361.1248637689,234149.81905357554,132.23999999999992,0.0
uniform,88,60.04684230407816,22.953308354569437,4396.024773076648,2691.3772305008715,127.6407730766472,0.0,4368.384000000001,2691.3772305008715,100.0,0.0,0.0,2730.2400000000007,0.0,0.0,2691.3772305008715,0.0,0.14772963523864746,0.021109580993652344,0.5,0.0,377757.14963684557,236841.1962840764,133.75999999999993,0.0
uniform,89,60.14195686276033,24.29566299336134,4410.845947112818,2691.3772305008715,154.54034711281804,0.0,4356.3056,2691.3772305008715,100.0,0.0,0.0,2722.6910000000003,0.0,0.0,2691.3772305008715,0.0,0.11479854583740234,0.027101755142211914,0.5,0.0,382167.9955839584,239532.57351457726,135.27999999999994,0.0
uniform,90,61.35026660835263,23.245678851953112,4392.430491041851,2691.3772305008715,138.37289104185203,0.0,4354.057599999999,2691.3772305008715,100.0,0.0,0.0,2721.2859999999996,0.0,0.0,2691.3772305008715,0.0,0.11117148399353027,0.024721860885620117,0.5,0.0,386560.42607500026,242223.95074507812,136.79999999999995,0.0
uniform,91,59.8737660921748,20.856730187786074,4395.010897441692,2691.3772305008715,132.11649744169193,0.0,4362.8944,2691.3772305008715,100.0,0.0,0.0,2726.8089999999993,0.0,0.0,2691.3772305008715,0.0,0.09040045738220215,0.03455686569213867,0.5,0.0,390955.43697244197,244915.32797557898,138.31999999999996,0.0
uniform,92,58.994710139004816,21.28998201776202,4400.163654042325,2691.3772305008715,149.34765404232556,0.0,4350.816,2691.3772305008715,100.0,0.0,0.0,2719.26,0.0,0.0,2691.3772305008715,0.0,0.11056804656982422,0.027385711669921875,0.5,0.0,395355.6006264843,247606.70520607985,139.83999999999997,0.0
uniform,93,53.63280233752471,18.894109406430882,3954.2091470980163,2691.3772305008715,110.16578709801458,0.0,3944.0433600000015,2691.3772305008715,100.0,0.0,0.0,2465.027100000001,0.0,0.0,2691.3772305008715,0.0,0.11307024955749512,0.033997297286987305,0.5,0.0,399309.8097735823,250298.0824365807,141.35999999999999,0.0
uniform,94,51.70400100311114,22.443635858732016,3964.2379488285874,2691.3772305008715,113.77362882858637,0.0,3950.464320000001,2691.3772305008715,100.0,0.0,0.0,2469.0402,0.0,0.0,2691.3772305008715,0.0,0.10740160942077637,0.0313258171081543,0.5,0.0,403274.04772241093,252989.45966708157,142.88,0.0
uniform,95,56.632244685914934,22.852851933501228,4379.060009787982,2691.3772305008715,133.29360978798124,0.0,4345.766400000001,2691.3772305008715,100.0,0.0,0.0,2716.1040000000007,0.0,0.0,2691.3772305008715,0.0,0.11475825309753418,0.027248144149780273,0.5,0.0,407653.1077321989,255680.83689758243,144.4,0.0
uniform,96,59.020531983189386,23.81214442054662,4425.98573193756,2691.3772305008715,167.97773193755918,0.0,4358.008000000001,2691.3772305008715,100.0,0.0,0.0,2723.7549999999997,0.0,0.0,2691.3772305008715,0.0,0.09553003311157227,0.044055938720703125,0.5,0.0,412079.0934641365,258372.2141280833,145.92000000000002,0.0
uniform,97,58.22451609719612,19.542709990314965,4362.038996338509,2691.3772305008715,125.49179633850916,0.0,4336.5472,2691.3772305008715,100.0,0.0,0.0,2710.3419999999996,0.0,0.0,2691.3772305008715,0.0,0.11889386177062988,0.03502535820007324,0.5,0.0,416441.13246047497,261063.59135858415,147.44000000000003,0.0
uniform,98,57.444674521712564,20.477262446391663,4393.385187640662,2691.3772305008715,132.19318764066142,0.0,4361.192,2691.3772305008715,100.0,0.0,0.0,2725.745,0.0,0.0,2691.3772305008715,0.0,0.12151741981506348,0.026220083236694336,0.5,0.0,420834.51764811564,263754.96858908504,148.96000000000004,0.0
uniform,99,54.98482231484365,22.153209052684726,4397.000420267687,2691.3772305008715,144.48202026768737,0.0,4352.5184,2691.3772305008715,100.0,0.0,0.0,2720.3240000000005,0.0,0.0,2691.3772305008715,0.0,0.09503889083862305,0.02185225486755371,0.5,0.0,425231.51806838333,266446.3458195859,150.48000000000005,0.0
uniform,100,52.91454745711434,19.3106729000628,3975.5955955248087,2691.3772305008715,133.08439552480752,0.0,3942.5112000000013,2691.3772305008715,100.0,0.0,0.0,2464.0695000000005,0.0,0.0,2691.3772305008715,0.0,0.1033484935760498,0.019089460372924805,0.5,0.0,429207.11366390815,269137.72305008676,152.00000000000006,0.0
uniform,101,49.933749474122145,19.876365489589876,3951.368000000001,2691.3772305008715,0.0,0.0,4051.368000000001,2691.3772305008715,100.0,0.0,0.0,2532.105,0.0,0.0,2691.3772305008715,0.0,0.08923935890197754,0.03612065315246582,0.5,0.0,433158.48166390817,271829.1002805876,152.00000000000006,0.0
uniform,102,55.07193535586938,21.741245238697864,4390.405096646095,2691.3772305008715,122.02109664609482,0.0,4368.384000000001,2691.3772305008715,100.0,0.0,0.0,2730.2400000000007,0.0,0.0,2691.3772305008715,0.0,0.11462140083312988,0.023628711700439453,0.5,0.0,437548.8867605543,274520.4775110885,153.52000000000007,0.0
uniform,103,53.573188138268456,24.698300518241656,4397.360235615294,2691.3772305008715,139.35223561529318,0.0,4358.008000000001,2691.3772305008715,100.0,0.0,0.0,2723.7549999999997,0.0,0.0,2691.3772305008715,0.0,0.09374690055847168,0.023624658584594727,0.5,0.0,441946.24699616956,277211.85474158934,155.04000000000008,0.0
uniform,104,54.654275043576,23.121358537689364,4390.578951758453,2691.3772305008715,134.81895175845315,0.0,4355.759999999999,2691.3772305008715,100.0,0.0,0.0,2722.3499999999995,0.0,0.0,2691.3772305008715,0.0,0.10784149169921875,0.024108409881591797,0.5,0.0,446336.825947928,279903.2319720902,156.5600000000001,0.0
uniform,105,56.68855799815143,22.58014409922162,4387.992134371659,2691.3772305008715,140.90573437165884,0.0,4347.0864,2691.3772305008715,100.0,0.0,0.0,2716.929,0.0,0.0,2691.3772305008715,0.0,0.1042780876159668,0.03158426284790039,0.5,0.0,450724.81808229967,282594.60920259106,158.0800000000001,0.0
uniform,106,55.49911127276505,21.46111047814788,4400.85512093677,2691.3772305008715,150.03912093677016,0.0,4350.816,2691.3772305008715,100.0,0.0,0.0,2719.26,0.0,0.0,2691.3772305008715,0.0,0.09934115409851074,0.023972749710083008,0.5,0.0,455125.6732032364,285285.9864330919,159.6000000000001,0.0
uniform,107,50.45195242807839,19.95580473937459,3947.7550356720053,2691.3772305008715,119.47103567200443,0.0,3928.284000000001,2691.3772305008715,100.0,0.0,0.0,2455.1775000000007,0.0,0.0,2691.3772305008715,0.0,0.09566926956176758,0.03711056709289551,0.5,0.0,459073.4282389084,287977.3636635928,161.12000000000012,0.0
uniform,108,50.20047809344135,19.588835576657292,3950.8598183179574,2691.3772305008715,116.15485831795651,0.0,3934.704960000001,2691.3772305008715,100.0,0.0,0.0,2459.1906000000004,0.0,0.0,2691.3772305008715,0.0,0.09897994995117188,0.039957523345947266,0.5,0.0,463024.2880572264,290668.74089409364,162.64000000000013,0.0
uniform,109,55.78672617513312,19.19665592324132,4376.4631118748175,2691.3772305008715,123.8871118748167,0.0,4352.576000000001,2691.3772305008715,100.0,0.0,0.0,2720.3600000000006,0.0,0.0,2691.3772305008715,0.0,0.1636645793914795,0.03373575210571289,0.5,0.0,467400.7511691012,293360.1181245945,164.16000000000014,0.0
uniform,110,53.78060159181181,21.27533029051775,4392.173387559806,2691.3772305008715,114.95258755980527,0.0,4377.2208,2691.3772305008715,100.0,0.0,0.0,2735.763,0.0,0.0,2691.3772305008715,0.0,0.11369800567626953,0.05170631408691406,0.5,0.0,471792.92455666105,296051.49535509537,165.68000000000015,0.0
uniform,111,56.586134313268495,20.788080531412266,4386.438867226113,2691.3772305008715,130.67886722611357,0.0,4355.759999999999,2691.3772305008715,100.0,0.0,0.0,2722.3499999999995,0.0,0.0,2691.3772305008715,0.0,0.10783529281616211,0.02453160285949707,0.5,0.0,476179.3634238872,298742.8725855962,167.20000000000016,0.0
uniform,112,56.10645076081829,21.86663043971882,4379.8402042131,2691.3772305008715,115.24340421310035,0.0,4364.5968,2691.3772305008715,100.0,0.0,0.0,2727.8730000000005,0.0,0.0,2691.3772305008715,0.0,0.09636735916137695,0.0305178165435791,0.5,0.0,480559.2036281003,301434.2498160971,168.72000000000017,0.0
uniform,113,56.28930227360954,24.8523395642367,4400.610511159895,2691.3772305008715,127.17691115989527,0.0,4373.4336,2691.3772305008715,100.0,0.0,0.0,2733.396,0.0,0.0,2691.3772305008715,0.0,0.10608887672424316,0.022994279861450195,0.5,0.0,484959.81413926015,304125.62704659795,170.24000000000018,0.0
uniform,114,48.38979969340716,19.619012567831305,3942.723884031634,2691.3772305008715,119.03636403163262,0.0,3923.6875200000013,2691.3772305008715,100.0,0.0,0.0,2452.304700000001,0.0,0.0,2691.3772305008715,0.0,0.11509966850280762,0.022530794143676758,0.5,0.0,488902.5380232918,306817.0042770988,171.7600000000002,0.0
uniform,115,49.96508492343886,24.114287903761255,3972.6872579535197,2691.3772305008715,141.04661795351868,0.0,3931.640640000001,2691.3772305008715,100.0,0.0,0.0,2457.2754,0.0,0.0,2691.3772305008715,0.0,0.09515643119812012,0.027537822723388672,0.5,0.0,492875.2252812453,309508.38150759967,173.2800000000002,0.0
uniform,116,59.19099261252609,23.11901488799595,4401.323092195747,2691.3772305008715,132.9390921957469,0.0,4368.384000000001,2691.3772305008715,100.0,0.0,0.0,2730.2400000000007,0.0,0.0,2691.3772305008715,0.0,0.1183924674987793,0.024997949600219727,0.5,0.0,497276.54837344104,312199.7587381005,174.8000000000002,0.0
uniform,117,57.0703263394949,22.563224675029094,4401.094446398044,2691.3772305008715,123.87364639804395,0.0,4377.2208,2691.3772305008715,100.0,0.0,0.0,2735.763,0.0,0.0,2691.3772305008715,0.0,0.10764718055725098,0.026737213134765625,0.5,0.0,501677.64281983906,314891.1359686014,176.32000000000022,0.0
uniform,118,54.55256411642057,24.223810352146653,4373.34478973421,2691.3772305008715,117.58478973421114,0.0,4355.759999999999,2691.3772305008715,100.0,0.0,0.0,2722.3499999999995,0.0,0.0,2691.3772305008715,0.0,0.11886167526245117,0.019989967346191406,0.5,0.0,506050.9876095733,317582.51319910225,177.84000000000023,0.0
uniform,119,54.98692169913736,20.82383559800744,4390.317925520024,2691.3772305008715,148.33872552002356,0.0,4341.979200000001,2691.3772305008715,100.0,0.0,0.0,2713.737,0.0,0.0,2691.3772305008715,0.0,0.08208417892456055,0.02400040626525879,0.5,0.0,510441.3055350933,320273.8904296031,179.36000000000024,0.0
uniform,120,56.02652143925963,21.932842827502135,4407.3706634959,2691.3772305008715,153.1498634959,0.0,4354.2208,2691.3772305008715,100.0,0.0,0.0,2721.3880000000004,0.0,0.0,2691.3772305008715,0.0,0.09788179397583008,0.038225412368774414,0.5,0.0,514848.6761985892,322965.267660104,180.88000000000025,0.0
uniform,121,48.800246541746986,22.82773664724308,3961.87707397492,2691.3772305008715,117.8337139749188,0.0,3944.0433600000015,2691.3772305008715,100.0,0.0,0.0,2465.027100000001,0.0,0.0,2691.3772305008715,0.0,0.11725163459777832,0.02165508270263672,0.5,0.0,518810.55327256414,325656.64489060483,182.40000000000026,0.0
uniform,122,47.453963678782365,21.1832792243011,3978.504443908238,2691.3772305008715,128.04012390823718,0.0,3950.464320000001,2691.3772305008715,100.0,0.0,0.0,2469.0402,0.0,0.0,2691.3772305008715,0.0,0.09458780288696289,0.02110767364501953,0.5,0.0,522789.05771647237,328348.0221211057,183.92000000000027,0.0
uniform,123,54.48777040936975,22.48224952721972,4402.020916363413,2691.3772305008715,152.84971636341186,0.0,4349.171200000001,2691.3772305008715,100.0,0.0,0.0,2718.232000000001,0.0,0.0,2691.3772305008715,0.0,0.13253402709960938,0.028011083602905273,0.5,0.0,527191.0786328358,331039.39935160655,185.44000000000028,0.0
uniform,124,53.05430965215286,24.24777651193461,4399.396947308915,2691.3772305008715,143.09134730891483,0.0,4356.3056,2691.3772305008715,100.0,0.0,0.0,2722.6910000000003,0.0,0.0,2691.3772305008715,0.0,0.10782527923583984,0.03199887275695801,0.5,0.0,531590.4755801447,333730.7765821074,186.9600000000003,0.0
uniform,125,54.97065167074279,19.976705715055893,4363.428153380852,2691.3772305008715,125.17855338085161,0.0,4338.2496,2691.3772305008715,100.0,0.0,0.0,2711.4059999999995,0.0,0.0,2691.3772305008715,0.0,0.1077568531036377,0.027087926864624023,0.5,0.0,535953.9037335255,336422.1538126083,188.4800000000003,0.0
uniform,126,54.6211800617788,23.637213610099796,4408.799076654406,2691.3772305008715,145.90467665440647,0.0,4362.8944,2691.3772305008715,100.0,0.0,0.0,2726.8089999999993,0.0,0.0,2691.3772305008715,0.0,0.11304306983947754,0.029576539993286133,0.5,0.0,540362.7028101799,339113.53104310913,190.0000000000003,0.0
uniform,127,57.26068036701133,22.111529594522082,4405.812584984134,2691.3772305008715,132.37898498413438,0.0,4373.4336,2691.3772305008715,100.0,0.0,0.0,2733.396,0.0,0.0,2691.3772305008715,0.0,0.08358430862426758,0.03501415252685547,0.5,0.0,544768.515395164,341804.90827361,191.52000000000032,0.0
uniform,128,47.66870372363751,19.276363500771083,3956.5642575592046,2691.3772305008715,114.05305755920348,0.0,3942.5112000000013,2691.3772305008715,100.0,0.0,0.0,2464.0695000000005,0.0,0.0,2691.3772305008715,0.0,0.1214914321899414,0.038277626037597656,0.5,0.0,548725.0796527233,344496.28550411086,193.04000000000033,0.0
uniform,129,50.1923890572099,19.102356145624203,3962.2432929565757,2691.3772305008715,129.07049295657512,0.0,3933.1728000000007,2691.3772305008715,100.0,0.0,0.0,2458.2329999999997,0.0,0.0,2691.3772305008715,0.0,0.10128474235534668,0.04263567924499512,0.5,0.0,552687.3229456799,347187.6627346117,194.56000000000034,0.0
uniform,130,55.0501966815776,22.259755325368154,4393.870265090045,2691.3772305008715,142.99666509004456,0.0,4350.873600000001,2691.3772305008715,100.0,0.0,0.0,2719.2960000000007,0.0,0.0,2691.3772305008715,0.0,0.11275124549865723,0.025908470153808594,0.5,0.0,557081.1932107699,349879.0399651126,196.08000000000035,0.0
uniform,131,55.655531220630856,23.073087324272876,4397.790261942244,2691.3772305008715,120.56946194224419,0.0,4377.2208,2691.3772305008715,100.0,0.0,0.0,2735.763,0.0,0.0,2691.3772305008715,0.0,0.11632657051086426,0.02749943733215332,0.5,0.0,561478.9834727121,352570.41719561344,197.60000000000036,0.0
uniform,132,58.142906956666344,23.641738849342403,4393.2957108294495,2691.3772305008715,139.23811082945,0.0,4354.057599999999,2691.3772305008715,100.0,0.0,0.0,2721.2859999999996,0.0,0.0,2691.3772305008715,0.0,0.16769027709960938,0.03364133834838867,0.5,0.0,565872.2791835415,355261.7944261143,199.12000000000037,0.0
uniform,133,54.40926838635454,26.017833880729995,4389.0148044860725,2691.3772305008715,124.41800448607263,0.0,4364.5968,2691.3772305008715,100.0,0.0,0.0,2727.8730000000005,0.0,0.0,2691.3772305008715,0.0,0.11812090873718262,0.023000001907348633,0.5,0.0,570261.2939880276,357953.17165661516,200.64000000000038,0.0
uniform,134,52.69478802752972,24.029746761009548,4396.428608205952,2691.3772305008715,122.9950082059511,0.0,4373.4336,2691.3772305008715,100.0,0.0,0.0,2733.396,0.0,0.0,2691.3772305008715,0.0,0.09499788284301758,0.0242307186126709,0.5,0.0,574657.7225962336,360644.548887116,202.1600000000004,0.0
uniform,135,50.12110923974577,23.619277964272293,3964.6984728108864,2691.3772305008715,139.47879281088524,0.0,3925.219680000001,2691.3772305008715,100.0,0.0,0.0,2453.2623000000012,0.0,0.0,2691.3772305008715,0.0,0.11446595191955566,0.02799510955810547,0.5,0.0,578622.4210690445,363335.9261176169,203.6800000000004,0.0
uniform,136,49.076017118375184,20.811199985753426,3959.9024592670758,2691.3772305008715,109.43813926707463,0.0,3950.464320000001,2691.3772305008715,100.0,0.0,0.0,2469.0402,0.0,0.0,2691.3772305008715,0.0,0.1039125919342041,0.02805495262145996,0.5,0.0,582582.3235283116,366027.30334811774,205.20000000000041,0.0
uniform,137,55.39032687466073,22.173933387450735,4389.9546595479815,2691.3772305008715,140.7834595479804,0.0,4349.171200000001,2691.3772305008715,100.0,0.0,0.0,2718.232000000001,0.0,0.0,2691.3772305008715,0.0,0.1576085090637207,0.028527021408081055,0.5,0.0,586972.2781878596,368718.6805786186,206.72000000000043,0.0
uniform,138,54.90236726991125,22.951418047622646,4387.953548140434,2691.3772305008715,128.24314814043345,0.0,4359.7104,2691.3772305008715,100.0,0.0,0.0,2724.819,0.0,0.0,2691.3772305008715,0.0,0.11724162101745605,0.0286257266998291,0.5,0.0,591360.231736,371410.05780911946,208.24000000000044,0.0
uniform,139,57.475810546719366,25.044232654328013,4368.166799153273,2691.3772305008715,112.40679915327411,0.0,4355.759999999999,2691.3772305008715,100.0,0.0,0.0,2722.3499999999995,0.0,0.0,2691.3772305008715,0.0,0.1143038272857666,0.026017189025878906,0.5,0.0,595728.3985351534,374101.4350396203,209.76000000000045,0.0
uniform,140,54.09991123676272,22.63930256769185,4398.495549776963,2691.3772305008715,154.8139497769632,0.0,4343.6816,2691.3772305008715,100.0,0.0,0.0,2714.8009999999995,0.0,0.0,2691.3772305008715,0.0,0.10068702697753906,0.02510976791381836,0.5,0.0,600126.8940849303,376792.8122701212,211.28000000000046,0.0
uniform,141,55.65673241237469,21.786394809242474,4401.011519208716,2691.3772305008715,130.98271920871574,0.0,4370.0288,2691.3772305008715,100.0,0.0,0.0,2731.2680000000005,0.0,0.0,2691.3772305008715,0.0,0.10685086250305176,0.026772499084472656,0.5,0.0,604527.905604139,379484.18950062204,212.80000000000047,0.0
uniform,142,46.87517623180696,17.488068480558866,3971.141804410756,2691.3772305008715,127.09844441075444,0.0,3944.0433600000015,2691.3772305008715,100.0,0.0,0.0,2465.027100000001,0.0,0.0,2691.3772305008715,0.0,0.12012481689453125,0.03180217742919922,0.5,0.0,608499.0474085497,382175.5667311229,214.32000000000048,0.0
uniform,143,49.607366744555556,19.90676094966602,3972.7890031245443,2691.3772305008715,120.79252312454358,0.0,3951.9964800000007,2691.3772305008715,100.0,0.0,0.0,2469.9977999999996,0.0,0.0,2691.3772305008715,0.0,0.11227035522460938,0.02501368522644043,0.5,0.0,612471.8364116743,384866.94396162377,215.8400000000005,0.0
uniform,144,54.82633952012109,24.74436869653214,4405.937306361153,2691.3772305008715,137.55330636115167,0.0,4368.384000000001,2691.3772305008715,100.0,0.0,0.0,2730.2400000000007,0.0,0.0,2691.3772305008715,0.0,0.1243581771850586,0.02082204818725586,0.5,0.0,616877.7737180354,387558.3211921246,217.3600000000005,0.0
uniform,145,57.445335292217685,22.38203502161649,4401.723527745294,2691.3772305008715,124.50272774529408,0.0,4377.2208,2691.3772305008715,100.0,0.0,0.0,2735.763,0.0,0.0,2691.3772305008715,0.0,0.09308791160583496,0.029126882553100586,0.5,0.0,621279.4972457808,390249.6984226255,218.8800000000005,0.0
uniform,146,57.2807396718566,24.437652691867697,4376.973817379926,2691.3772305008715,121.2138173799268,0.0,4355.759999999999,2691.3772305008715,100.0,0.0,0.0,2722.3499999999995,0.0,0.0,2691.3772305008715,0.0,0.10130763053894043,0.025527000427246094,0.5,0.0,625656.4710631607,392941.07565312635,220.40000000000052,0.0
uniform,147,57.42536768690892,21.715656492142788,4398.15880024484,2691.3772305008715,133.5620002448399,0.0,4364.5968,2691.3772305008715,100.0,0.0,0.0,2727.8730000000005,0.0,0.0,2691.3772305008715,0.0,0.1011667251586914,0.025967836380004883,0.5,0.0,630054.6298634055,395632.4528836272,221.92000000000053,0.0
uniform,148,55.87313356925379,24.045761535828685,4414.015597925298,2691.3772305008715,142.2843979252977,0.0,4371.7312,2691.3772305008715,100.0,0.0,0.0,2732.3320000000003,0.0,0.0,2691.3772305008715,0.0,0.10727691650390625,0.029631376266479492,0.5,0.0,634468.6454613308,398323.83011412807,223.44000000000054,0.0
uniform,149,50.1808150596057,18.633384340551064,3955.1774181565934,2691.3772305008715,112.66621815659211,0.0,3942.5112000000013,2691.3772305008715,100.0,0.0,0.0,2464.0695000000005,0.0,0.0,2691.3772305008715,0.0,0.11619901657104492,0.03846454620361328,0.5,0.0,638423.8228794874,401015.2073446289,224.96000000000055,0.0
uniform,150,49.33714952819989,22.4168411965965,3968.1996456681977,2691.3772305008715,117.73532566819662,0.0,3950.464320000001,2691.3772305008715,100.0,0.0,0.0,2469.0402,0.0,0.0,2691.3772305008715,0.0,0.14204645156860352,0.03752326965332031,0.5,0.0,642392.0225251556,403706.5845751298,226.48000000000056,0.0
uniform,151,56.68731772866042,24.27728167143354,4395.867225724244,2691.3772305008715,146.69602572424347,0.0,4349.171200000001,2691.3772305008715,100.0,0.0,0.0,2718.232000000001,0.0,0.0,2691.3772305008715,0.0,0.14467382431030273,0.037893056869506836,0.5,0.0,646787.8897508798,406397.96180563065,228.00000000000057,0.0
uniform,152,58.273506046454344,23.88853372777856,4396.741668028048,2691.3772305008715,138.7336680280464,0.0,4358.008000000001,2691.3772305008715,100.0,0.0,0.0,2723.7549999999997,0.0,0.0,2691.3772305008715,0.0,0.10838532447814941,0.026859283447265625,0.5,0.0,651184.6314189079,409089.3390361315,229.52000000000058,0.0
uniform,153,59.155911828027946,23.204184724703445,4396.32112913043,2691.3772305008715,140.56112913043032,0.0,4355.759999999999,2691.3772305008715,100.0,0.0,0.0,2722.3499999999995,0.0,0.0,2691.3772305008715,0.0,0.10037684440612793,0.026735305786132812,0.5,0.0,655580.9525480383,411780.7162666324,231.0400000000006,0.0
uniform,154,59.01824212622245,22.192795759075228,4398.6407254355,2691.3772305008715,134.04392543549952,0.0,4364.5968,2691.3772305008715,100.0,0.0,0.0,2727.8730000000005,0.0,0.0,2691.3772305008715,0.0,0.13234734535217285,0.021942138671875,0.5,0.0,659979.5932734738,414472.09349713323,232.5600000000006,0.0
uniform,155,57.2847582548535,24.4542266400804,4421.762551250961,2691.3772305008715,148.3289512509613,0.0,4373.4336,2691.3772305008715,100.0,0.0,0.0,2733.396,0.0,0.0,2691.3772305008715,0.0,0.11221647262573242,0.025995492935180664,0.5,0.0,664401.3558247248,417163.4707276341,234.0800000000006,0.0
uniform,156,54.037465295888126,22.767899444533818,3985.085896344351,2691.3772305008715,141.0425363443498,0.0,3944.0433600000015,2691.3772305008715,100.0,0.0,0.0,2465.027100000001,0.0,0.0,2691.3772305008715,0.0,0.1220541000366211,0.02400040626525879,0.5,0.0,668386.4417210692,419854.84795813495,235.60000000000062,0.0
uniform,157,51.16236397647976,22.313877670076575,3969.7269487246026,2691.3772305008715,133.48982872460206,0.0,3936.2371200000007,2691.3772305008715,100.0,0.0,0.0,2460.1482,0.0,0.0,2691.3772305008715,0.0,0.0945286750793457,0.026805639266967773,0.5,0.0,672356.1686697938,422546.2251886358,237.12000000000063,0.0
uniform,158,59.7238401477613,24.40032347181823,4395.502281247134,2691.3772305008715,127.11828124713374,0.0,4368.384000000001,2691.3772305008715,100.0,0.0,0.0,2730.2400000000007,0.0,0.0,2691.3772305008715,0.0,0.10268259048461914,0.026474475860595703,0.5,0.0,676751.6709510409,425237.6024191367,238.64000000000064,0.0
uniform,159,62.83053530252685,24.55053667744493,4412.7654332786715,2691.3772305008715,135.54463327867126,0.0,4377.2208,2691.3772305008715,100.0,0.0,0.0,2735.763,0.0,0.0,2691.3772305008715,0.0,0.10470199584960938,0.024038076400756836,0.5,0.0,681164.4363843196,427928.97964963753,240.16000000000065,0.0
uniform,160,58.5987893782559,21.927758965055496,4396.717694412381,2691.3772305008715,140.95769441238193,0.0,4355.759999999999,2691.3772305008715,100.0,0.0,0.0,2722.3499999999995,0.0,0.0,2691.3772305008715,0.0,0.11003732681274414,0.027663230895996094,0.5,0.0,685561.1540787319,430620.3568801384,241.68000000000066,0.0
uniform,161,61.75977671687062,24.497043004108868,4384.649476263457,2691.3772305008715,140.9678762634569,0.0,4343.6816,2691.3772305008715,100.0,0.0,0.0,2714.8009999999995,0.0,0.0,2691.3772305008715,0.0,0.11335349082946777,0.03154277801513672,0.5,0.0,689945.8035549953,433311.73411063926,243.20000000000067,0.0
uniform,162,62.122230450043084,20.803374219214703,4398.7009957739565,2691.3772305008715,126.9697957739564,0.0,4371.7312,2691.3772305008715,100.0,0.0,0.0,2732.3320000000003,0.0,0.0,2691.3772305008715,0.0,0.09340953826904297,0.019234657287597656,0.5,0.0,694344.5045507693,436003.1113411401,244.72000000000068,0.0
uniform,163,56.24948888826651,19.443175763820026,3962.99773382972,2691.3772305008715,136.24589382971854,0.0,3926.7518400000013,2691.3772305008715,100.0,0.0,0.0,2454.219900000001,0.0,0.0,2691.3772305008715,0.0,0.10598516464233398,0.030065298080444336,0.5,0.0,698307.5022845991,438694.488571641,246.2400000000007,0.0
uniform,164,56.87879118480694,22.339126377623476,3984.7707029228077,2691.3772305008715,134.3063829228067,0.0,3950.464320000001,2691.3772305008715,100.0,0.0,0.0,2469.0402,0.0,0.0,2691.3772305008715,0.0,0.10953807830810547,0.025012493133544922,0.5,0.0,702292.272987522,441385.86580214184,247.7600000000007,0.0
uniform,165,61.219687170570985,21.361518259842573,4384.599907948919,2691.3772305008715,133.72630794891862,0.0,4350.873600000001,2691.3772305008715,100.0,0.0,0.0,2719.2960000000007,0.0,0.0,2691.3772305008715,0.0,0.11842155456542969,0.02396225929260254,0.5,0.0,706676.8728954708,444077.2430326427,249.2800000000007,0.0
uniform,166,61.45049377696767,24.15257853326547,4412.732658112568,2691.3772305008715,153.02225811256818,0.0,4359.7104,2691.3772305008715,100.0,0.0,0.0,2724.819,0.0,0.0,2691.3772305008715,0.0,0.10356616973876953,0.02538013458251953,0.5,0.0,711089.6055535834,446768.62026314356,250.80000000000072,0.0
uniform,167,61.095087016692595,22.070533101313764,4392.946066469056,2691.3772305008715,137.18606646905627,0.0,4355.759999999999,2691.3772305008715,100.0,0.0,0.0,2722.3499999999995,0.0,0.0,2691.3772305008715,0.0,0.0943155288696289,0.024626970291137695,0.5,0.0,715482.5516200524,449459.9974936444,252.32000000000073,0.0
uniform,168,63.120279229465986,21.887574860256564,4390.282951182261,2691.3772305008715,146.60135118226106,0.0,4343.6816,2691.3772305008715,100.0,0.0,0.0,2714.8009999999995,0.0,0.0,2691.3772305008715,0.0,0.11496567726135254,0.025417089462280273,0.5,0.0,719872.8345712346,452151.3747241453,253.84000000000074,0.0
uniform,169,62.083245668849976,24.161703700222404,4430.807435397358,2691.3772305008715,157.37383539735765,0.0,4373.4336,2691.3772305008715,100.0,0.0,0.0,2733.396,0.0,0.0,2691.3772305008715,0.0,0.12833690643310547,0.027651309967041016,0.5,0.0,724303.642006632,454842.75195464614,255.36000000000075,0.0
uniform,170,53.71403248739431,19.09422472623007,3970.101738292687,2691.3772305008715,126.05837829268536,0.0,3944.0433600000015,2691.3772305008715,100.0,0.0,0.0,2465.027100000001,0.0,0.0,2691.3772305008715,0.0,0.1152496337890625,0.03367352485656738,0.5,0.0,728273.7437449248,457534.129185147,256.88000000000073,0.0
uniform,171,55.13348153286514,19.396543526400574,3977.9309641528075,2691.3772305008715,125.93448415280679,0.0,3951.9964800000007,2691.3772305008715,100.0,0.0,0.0,2469.9977999999996,0.0,0.0,2691.3772305008715,0.0,0.11134552955627441,0.023535490036010742,0.5,0.0,732251.6747090776,460225.50641564786,258.4000000000007,0.0
uniform,172,65.23109419914344,21.494358946740796,4393.610807499053,2691.3772305008715,146.1420074990519,0.0,4347.4688000000015,2691.3772305008715,100.0,0.0,0.0,2717.1680000000006,0.0,0.0,2691.3772305008715,0.0,0.17604637145996094,0.02752971649169922,0.5,0.0,736645.2855165766,462916.8836461487,259.9200000000007,0.0
uniform,173,63.87649764135225,22.79001898103333,4402.895439628982,2691.3772305008715,146.58983962898256,0.0,4356.3056,2691.3772305008715,100.0,0.0,0.0,2722.6910000000003,0.0,0.0,2691.3772305008715,0.0,0.11852788925170898,0.0267486572265625,0.5,0.0,741048.1809562056,465608.2608766496,261.4400000000007,0.0
uniform,174,65.8050137334734,21.512821626007423,4382.512453959243,2691.3772305008715,144.26285395924307,0.0,4338.2496,2691.3772305008715,100.0,0.0,0.0,2711.4059999999995,0.0,0.0,2691.3772305008715,0.0,0.12673640251159668,0.030800580978393555,0.5,0.0,745430.6934101648,468299.63810715044,262.96000000000066,0.0
uniform,175,63.93778206822773,22.1062178413134,4411.194293732837,2691.3772305008715,148.29989373283675,0.0,4362.8944,2691.3772305008715,100.0,0.0,0.0,2726.8089999999993,0.0,0.0,2691.3772305008715,0.0,0.11147236824035645,0.03474283218383789,0.5,0.0,749841.8877038977,470991.0153376513,264.48000000000064,0.0
uniform,176,62.386669041931036,21.562395111526513,4404.349230130496,2691.3772305008715,130.91563013049586,0.0,4373.4336,2691.3772305008715,100.0,0.0,0.0,2733.396,0.0,0.0,2691.3772305008715,0.0,0.0877525806427002,0.03000664710998535,0.5,0.0,754246.2369340282,473682.39256815217,266.0000000000006,0.0
uniform,177,58.298417239524305,19.176523121121516,3970.6099349876804,2691.3772305008715,128.09873498767897,0.0,3942.5112000000013,2691.3772305008715,100.0,0.0,0.0,2464.0695000000005,0.0,0.0,2691.3772305008715,0.0,0.11231017112731934,0.02768111228942871,0.5,0.0,758216.846869016,476373.769798653,267.5200000000006,0.0
uniform,178,59.41522926945256,21.06544790619253,3974.4193494967108,2691.3772305008715,142.77870949670995,0.0,3931.640640000001,2691.3772305008715,100.0,0.0,0.0,2457.2754,0.0,0.0,2691.3772305008715,0.0,0.11252117156982422,0.03853130340576172,0.5,0.0,762191.2662185127,479065.1470291539,269.0400000000006,0.0
uniform,179,66.0296587233803,24.570236950537495,4433.24988843391,2691.3772305008715,182.3762884339098,0.0,4350.873600000001,2691.3772305008715,100.0,0.0,0.0,2719.2960000000007,0.0,0.0,2691.3772305008715,0.0,0.15068769454956055,0.01955127716064453,0.5,0.0,766624.5161069466,481756.52425965475,270.56000000000057,0.0
uniform,180,65.610394469496,23.500836817935195,4412.1026791448585,2691.3772305008715,136.58427914485844,0.0,4375.5184,2691.3772305008715,100.0,0.0,0.0,2734.699,0.0,0.0,2691.3772305008715,0.0,0.09257125854492188,0.01761651039123535,0.5,0.0,771036.6187860915,484447.9014901556,272.08000000000055,0.0
uniform,181,69.10753657379082,24.84304180565935,4426.8626820675945,2691.3772305008715,171.10268206759494,0.0,4355.759999999999,2691.3772305008715,100.0,0.0,0.0,2722.3499999999995,0.0,0.0,2691.3772305008715,0.0,0.10959410667419434,0.02498912811279297,0.5,0.0,775463.481468159,487139.27872065647,273.60000000000053,0.0
uniform,182,67.80321109234661,23.045232004530916,4395.491150104484,2691.3772305008715,150.1071501044838,0.0,4345.384000000001,2691.3772305008715,100.0,0.0,0.0,2715.865,0.0,0.0,2691.3772305008715,0.0,0.09934854507446289,0.03608250617980957,0.5,0.0,779858.9726182634,489830.6559511573,275.1200000000005,0.0
uniform,183,67.63739347547047,21.56063740979482,4416.552336163361,2691.3772305008715,143.11873616336138,0.0,4373.4336,2691.3772305008715,100.0,0.0,0.0,2733.396,0.0,0.0,2691.3772305008715,0.0,0.11776351928710938,0.027135848999023438,0.5,0.0,784275.5249544268,492522.0331816582,276.6400000000005,0.0
uniform,184,60.90873342515963,23.39393602525782,3975.9291649437173,2691.3772305008715,150.70948494371643,0.0,3925.219680000001,2691.3772305008715,100.0,0.0,0.0,2453.2623000000012,0.0,0.0,2691.3772305008715,0.0,0.11547422409057617,0.026621103286743164,0.5,0.0,788251.4541193706,495213.41041215905,278.1600000000005,0.0
uniform,185,64.39650229598227,20.200283503059946,3988.4998174777584,2691.3772305008715,156.85917747775719,0.0,3931.640640000001,2691.3772305008715,100.0,0.0,0.0,2457.2754,0.0,0.0,2691.3772305008715,0.0,0.09742283821105957,0.026055574417114258,0.5,0.0,792239.9539368483,497904.7876426599,279.68000000000046,0.0
uniform,186,72.91439051811676,24.412990720637453,4405.695748372552,2691.3772305008715,153.11974837255082,0.0,4352.576000000001,2691.3772305008715,100.0,0.0,0.0,2720.3600000000006,0.0,0.0,2691.3772305008715,0.0,0.1653597354888916,0.027027130126953125,0.5,0.0,796645.6496852209,500596.1648731608,281.20000000000044,0.0
uniform,187,71.08677553908332,22.97461524898611,4411.454421458476,2691.3772305008715,150.04162145847582,0.0,4361.4128,2691.3772305008715,100.0,0.0,0.0,2725.883,0.0,0.0,2691.3772305008715,0.0,0.09958720207214355,0.02610921859741211,0.5,0.0,801057.1041066794,503287.54210366163,282.7200000000004,0.0
uniform,188,67.1192151031503,21.148690033457047,4408.029087398113,2691.3772305008715,152.26908739811407,0.0,4355.759999999999,2691.3772305008715,100.0,0.0,0.0,2722.3499999999995,0.0,0.0,2691.3772305008715,0.0,0.10773944854736328,0.0220489501953125,0.5,0.0,805465.1331940775,505978.9193341625,284.2400000000004,0.0
uniform,189,70.43912578346031,24.27910692593236,4406.179214570558,2691.3772305008715,164.20001457055736,0.0,4341.979200000001,2691.3772305008715,100.0,0.0,0.0,2713.737,0.0,0.0,2691.3772305008715,0.0,0.10016322135925293,0.025089263916015625,0.5,0.0,809871.3124086481,508670.29656466335,285.7600000000004,0.0
uniform,190,67.13854558328812,22.65840195572177,4421.0852170910075,2691.3772305008715,149.35401709100697,0.0,4371.7312,2691.3772305008715,100.0,0.0,0.0,2732.3320000000003,0.0,0.0,2691.3772305008715,0.0,0.0897979736328125,0.02409195899963379,0.5,0.0,814292.3976257391,511361.6737951642,287.28000000000037,0.0
uniform,191,61.089734155337474,20.537169200363834,3969.8184104715533,2691.3772305008715,128.83937047155214,0.0,3940.979040000001,2691.3772305008715,100.0,0.0,0.0,2463.111900000001,0.0,0.0,2691.3772305008715,0.0,0.10757994651794434,0.024008750915527344,0.5,0.0,818262.2160362107,514053.0510256651,288.80000000000035,0.0
uniform,192,63.662491340690956,21.932551324066242,3974.2811607124663,2691.3772305008715,142.64052071246536,0.0,3931.640640000001,2691.3772305008715,100.0,0.0,0.0,2457.2754,0.0,0.0,2691.3772305008715,0.0,0.09289240837097168,0.027535676956176758,0.5,0.0,822236.4971969231,516744.42825616593,290.32000000000033,0.0
uniform,193,70.27309508983275,24.019005274349087,4414.398728153939,2691.3772305008715,146.0147281539381,0.0,4368.384000000001,2691.3772305008715,100.0,0.0,0.0,2730.2400000000007,0.0,0.0,2691.3772305008715,0.0,0.13373708724975586,0.028049468994140625,0.5,0.0,826650.895925077,519435.8054866668,291.8400000000003,0.0
uniform,194,70.02827577625989,21.51019714876259,4426.429663925622,2691.3772305008715,149.20886392562127,0.0,4377.2208,2691.3772305008715,100.0,0.0,0.0,2735.763,0.0,0.0,2691.3772305008715,0.0,0.1116642951965332,0.02310800552368164,0.5,0.0,831077.3255890027,522127.18271716766,293.3600000000003,0.0
uniform,195,72.32580441960101,24.31519022182215,4419.264703994977,2691.3772305008715,182.71750399497685,0.0,4336.5472,2691.3772305008715,100.0,0.0,0.0,2710.3419999999996,0.0,0.0,2691.3772305008715,0.0,0.09517025947570801,0.027010440826416016,0.5,0.0,835496.5902929977,524818.5599476686,294.8800000000003,0.0
uniform,196,74.26111979640984,19.780798052886336,4401.044702339694,2691.3772305008715,155.66070233969282,0.0,4345.384000000001,2691.3772305008715,100.0,0.0,0.0,2715.865,0.0,0.0,2691.3772305008715,0.0,0.09842324256896973,0.020995140075683594,0.5,0.0,839897.6349953373,527509.9371781695,296.40000000000026,0.0
uniform,197,71.45095553392356,24.238409799896882,4433.8962158146305,2691.3772305008715,179.67541581463038,0.0,4354.2208,2691.3772305008715,100.0,0.0,0.0,2721.3880000000004,0.0,0.0,2691.3772305008715,0.0,0.11060857772827148,0.030190229415893555,0.5,0.0,844331.531211152,530201.3144086704,297.92000000000024,0.0
uniform,198,64.96544313941659,18.005468968428023,3973.327444186287,2691.3772305008715,149.63992418628544,0.0,3923.6875200000013,2691.3772305008715,100.0,0.0,0.0,2452.304700000001,0.0,0.0,2691.3772305008715,0.0,0.10627412796020508,0.02562999725341797,0.5,0.0,848304.8586553383,532892.6916391713,299.4400000000002,0.0
uniform,199,66.26418103300598,20.075113841569877,4004.9737896432043,2691.3772305008715,152.9773096432034,0.0,3951.9964800000007,2691.3772305008715,100.0,0.0,0.0,2469.9977999999996,0.0,0.0,2691.3772305008715,0.0,0.10271406173706055,0.029903411865234375,0.5,0.0,852309.8324449814,535584.0688696723,300.9600000000002,0.0
uniform,200,73.86155383057145,23.464294691434056,4423.196202772101,2691.3772305008715,154.8122027720997,0.0,4368.384000000001,2691.3772305008715,100.0,0.0,0.0,2730.2400000000007,0.0,0.0,2691.3772305008715,0.0,0.11064481735229492,0.03260350227355957,0.5,0.0,856733.0286477535,538275.4461001732,302.4800000000002,0.0
uniform,201,75.16702471845572,22.600775897201004,4428.5460838554,2691.3772305008715,170.53808385539904,0.0,4358.008000000001,2691.3772305008715,100.0,0.0,0.0,2723.7549999999997,0.0,0.0,2691.3772305008715,0.0,0.11680769920349121,0.02406144142150879,0.5,0.0,861161.574731609,540966.8233306741,304.00000000000017,0.0
uniform,202,76.22836388852572,25.58531388822953,4420.43288464582,2691.3772305008715,164.67288464582126,0.0,4355.759999999999,2691.3772305008715,100.0,0.0,0.0,2722.3499999999995,0.0,0.0,2691.3772305008715,0.0,0.12204980850219727,0.0230104923248291,0.5,0.0,865582.0076162547,543658.200561175,305.52000000000015,0.0
uniform,203,74.33966639714576,22.68157747349098,4422.345569089779,2691.3772305008715,178.6639690897791,0.0,4343.6816,2691.3772305008715,100.0,0.0,0.0,2714.8009999999995,0.0,0.0,2691.3772305008715,0.0,0.09563803672790527,0.021038055419921875,0.5,0.0,870004.3531853445,546349.5777916759,307.04000000000013,0.0
uniform,204,75.87820261182219,24.36118331240573,4440.654762266229,2691.3772305008715,189.83876226622965,0.0,4350.816,2691.3772305008715,100.0,0.0,0.0,2719.26,0.0,0.0,2691.3772305008715,0.0,0.0980997085571289,0.03114938735961914,0.5,0.0,874445.0079476107,549040.9550221768,308.5600000000001,0.0
uniform,205,69.66710545558354,20.629350756877724,3987.9693168886347,2691.3772305008715,143.92595688863335,0.0,3944.0433600000015,2691.3772305008715,100.0,0.0,0.0,2465.027100000001,0.0,0.0,2691.3772305008715,0.0,0.12110233306884766,0.02501201629638672,0.5,0.0,878432.9772644993,551732.3322526778,310.0800000000001,0.0
uniform,206,69.47570124616813,20.946778564391515,3977.125919916326,2691.3772305008715,145.48527991632508,0.0,3931.640640000001,2691.3772305008715,100.0,0.0,0.0,2457.2754,0.0,0.0,2691.3772305008715,0.0,0.09209060668945312,0.019528865814208984,0.5,0.0,882410.1031844156,554423.7094831787,311.6000000000001,0.0
uniform,207,77.12572411695417,22.26948479512534,4431.890396532894,2691.3772305008715,179.3143965328929,0.0,4352.576000000001,2691.3772305008715,100.0,0.0,0.0,2720.3600000000006,0.0,0.0,2691.3772305008715,0.0,0.1000814437866211,0.023996591567993164,0.5,0.0,886841.9935809486,557115.0867136796,313.12000000000006,0.0
uniform,208,76.70671369473838,23.776666991110393,4429.1514166131055,2691.3772305008715,151.93061661310503,0.0,4377.2208,2691.3772305008715,100.0,0.0,0.0,2735.763,0.0,0.0,2691.3772305008715,0.0,0.10217571258544922,0.02395772933959961,0.5,0.0,891271.1449975617,559806.4639441805,314.64000000000004,0.0
uniform,209,81.80321136307873,23.290265281214126,4432.818190536656,2691.3772305008715,177.05819053665687,0.0,4355.759999999999,2691.3772305008715,100.0,0.0,0.0,2722.3499999999995,0.0,0.0,2691.3772305008715,0.0,0.09255099296569824,0.02098679542541504,0.5,0.0,895703.9631880984,562497.8411746814,316.16,0.0
uniform,210,78.6036606354538,25.064270704086745,4439.315440682607,2691.3772305008715,195.6338406826067,0.0,4343.6816,2691.3772305008715,100.0,0.0,0.0,2714.8009999999995,0.0,0.0,2691.3772305008715,0.0,0.09998559951782227,0.023195981979370117,0.5,0.0,900143.278628781,565189.2184051824,317.68,0.0
uniform,211,80.49998203503635,18.933623907873827,4426.85060942067,2691.3772305008715,170.92740942066922,0.0,4355.9232,2691.3772305008715,100.0,0.0,0.0,2722.452,0.0,0.0,2691.3772305008715,0.0,0.12044477462768555,0.0364689826965332,0.5,0.0,904570.1292382017,567880.5956356833,319.2,0.0
uniform,212,71.16707104317659,17.037203111271484,3982.274445679236,2691.3772305008715,141.2954056792351,0.0,3940.979040000001,2691.3772305008715,100.0,0.0,0.0,2463.111900000001,0.0,0.0,2691.3772305008715,0.0,0.12645244598388672,0.02846813201904297,0.5,0.0,908552.4036838809,570571.9728661842,320.71999999999997,0.0
uniform,213,69.75134630215267,22.129738399557635,4000.7110136834826,2691.3772305008715,150.24669368348188,0.0,3950.464320000001,2691.3772305008715,100.0,0.0,0.0,2469.0402,0.0,0.0,2691.3772305008715,0.0,0.10987615585327148,0.03323221206665039,0.5,0.0,912553.1146975644,573263.3500966851,322.23999999999995,0.0
uniform,214,78.94647962245057,22.735818821903937,4431.220875258853,2691.3772305008715,182.04967525885206,0.0,4349.171200000001,2691.3772305008715,100.0,0.0,0.0,2718.232000000001,0.0,0.0,2691.3772305008715,0.0,0.10776853561401367,0.01799917221069336,0.5,0.0,916984.3355728233,575954.727327186,323.75999999999993,0.0
uniform,215,79.69218979253121,24.853549999437558,4452.122168533413,2691.3772305008715,174.90136853341264,0.0,4377.2208,2691.3772305008715,100.0,0.0,0.0,2735.763,0.0,0.0,2691.3772305008715,0.0,0.10930442810058594,0.032094717025756836,0.5,0.0,921436.4577413567,578646.104557687,325.2799999999999,0.0
uniform,216,80.68526400750473,20.873818116458107,4438.142747286266,2691.3772305008715,182.38274728626664,0.0,4355.759999999999,2691.3772305008715,100.0,0.0,0.0,2722.3499999999995,0.0,0.0,2691.3772305008715,0.0,0.1405644416809082,0.017117977142333984,0.5,0.0,925874.6004886429,581337.4817881879,326.7999999999999,0.0
uniform,217,79.33466149503745,22.534710003184745,4436.254712601341,2691.3772305008715,171.65791260134154,0.0,4364.5968,2691.3772305008715,100.0,0.0,0.0,2727.8730000000005,0.0,0.0,2691.3772305008715,0.0,0.10076308250427246,0.039090871810913086,0.5,0.0,930310.8552012442,584028.8590186888,328.3199999999999,0.0
uniform,218,80.25261145838502,24.711053474938414,4432.169847209445,2691.3772305008715,176.24664720944443,0.0,4355.9232,2691.3772305008715,100.0,0.0,0.0,2722.452,0.0,0.0,2691.3772305008715,0.0,0.13323640823364258,0.030950546264648438,0.5,0.0,934743.0250484537,586720.2362491897,329.83999999999986,0.0
uniform,219,72.52409420616554,21.334799077247645,4001.48808160315,2691.3772305008715,157.44472160314882,0.0,3944.0433600000015,2691.3772305008715,100.0,0.0,0.0,2465.027100000001,0.0,0.0,2691.3772305008715,0.0,0.12642264366149902,0.030530214309692383,0.5,0.0,938744.5131300569,589411.6134796906,331.35999999999984,0.0
uniform,220,73.18503352887042,22.38643120524184,4014.5415480466363,2691.3772305008715,162.54506804663558,0.0,3951.9964800000007,2691.3772305008715,100.0,0.0,0.0,2469.9977999999996,0.0,0.0,2691.3772305008715,0.0,0.11405420303344727,0.025545835494995117,0.5,0.0,942759.0546781035,592102.9907101915,332.8799999999998,0.0
uniform,221,83.41454036304863,22.976168288075804,4436.869245245144,2691.3772305008715,170.18764524514344,0.0,4366.681600000001,2691.3772305008715,100.0,0.0,0.0,2729.1760000000004,0.0,0.0,2691.3772305008715,0.0,0.12914419174194336,0.027648210525512695,0.5,0.0,947195.9239233487,594794.3679406925,334.3999999999998,0.0
uniform,222,84.9911160564511,21.92605323957532,4441.522669824442,2691.3772305008715,186.91946982444196,0.0,4354.6032000000005,2691.3772305008715,100.0,0.0,0.0,2721.627,0.0,0.0,2691.3772305008715,0.0,0.1119840145111084,0.03728222846984863,0.5,0.0,951637.4465931731,597485.7451711934,335.9199999999998,0.0
uniform,223,82.87666822740407,22.910541786282657,4426.503787234214,2691.3772305008715,189.9565872342139,0.0,4336.5472,2691.3772305008715,100.0,0.0,0.0,2710.3419999999996,0.0,0.0,2691.3772305008715,0.0,0.09905219078063965,0.03818058967590332,0.5,0.0,956063.9503804073,600177.1224016943,337.43999999999977,0.0
uniform,224,84.88548182093353,23.013732973873935,4444.990397305354,2691.3772305008715,180.39359730535364,0.0,4364.5968,2691.3772305008715,100.0,0.0,0.0,2727.8730000000005,0.0,0.0,2691.3772305008715,0.0,0.14360809326171875,0.03281879425048828,0.5,0.0,960508.9407777126,602868.4996321952,338.95999999999975,0.0
uniform,225,83.5869581133221,20.895749651940154,4434.746250607755,2691.3772305008715,163.0150506077548,0.0,4371.7312,2691.3772305008715,100.0,0.0,0.0,2732.3320000000003,0.0,0.0,2691.3772305008715,0.0,0.12009072303771973,0.034996747970581055,0.5,0.0,964943.6870283204,605559.8768626961,340.47999999999973,0.0
uniform,226,77.09530981475741,20.88301721622349,3987.6916285100933,2691.3772305008715,145.18042851009187,0.0,3942.5112000000013,2691.3772305008715,100.0,0.0,0.0,2464.0695000000005,0.0,0.0,2691.3772305008715,0.0,0.12174773216247559,0.03161430358886719,0.5,0.0,968931.3786568305,608251.254093197,341.9999999999997,0.0
uniform,227,75.27074084518883,19.713568189845162,4000.1837615947416,2691.3772305008715,165.47880159474025,0.0,3934.704960000001,2691.3772305008715,100.0,0.0,0.0,2459.1906000000004,0.0,0.0,2691.3772305008715,0.0,0.11293363571166992,0.023697376251220703,0.5,0.0,972931.5624184252,610942.631323698,343.5199999999997,0.0
uniform,228,84.2937320143834,20.424489438787756,4438.2126387495355,2691.3772305008715,190.7438387495341,0.0,4347.4688000000015,2691.3772305008715,100.0,0.0,0.0,2717.1680000000006,0.0,0.0,2691.3772305008715,0.0,0.11355972290039062,0.03416562080383301,0.5,0.0,977369.7750571747,613634.0085541989,345.0399999999997,0.0
uniform,229,84.89367479375393,20.709826052407884,4447.302207114237,2691.3772305008715,187.59180711423718,0.0,4359.7104,2691.3772305008715,100.0,0.0,0.0,2724.819,0.0,0.0,2691.3772305008715,0.0,0.11765027046203613,0.03728175163269043,0.5,0.0,981817.077264289,616325.3857846998,346.55999999999966,0.0
uniform,230,88.46501449390422,27.347272545546364,4432.980523075823,2691.3772305008715,194.73092307582246,0.0,4338.2496,2691.3772305008715,100.0,0.0,0.0,2711.4059999999995,0.0,0.0,2691.3772305008715,0.0,0.10746335983276367,0.033368825912475586,0.5,0.0,986250.0577873648,619016.7630152007,348.07999999999964,0.0
uniform,231,88.78991491053712,25.05061904001668,4438.850867341212,2691.3772305008715,193.46686734121076,0.0,4345.384000000001,2691.3772305008715,100.0,0.0,0.0,2715.865,0.0,0.0,2691.3772305008715,0.0,0.10148763656616211,0.03558778762817383,0.5,0.0,990688.908654706,621708.1402457017,349.5999999999996,0.0
uniform,232,84.34409027993597,24.02585679042642,4444.148075284511,2691.3772305008715,189.92727528451084,0.0,4354.2208,2691.3772305008715,100.0,0.0,0.0,2721.3880000000004,0.0,0.0,2691.3772305008715,0.0,0.12917828559875488,0.043706417083740234,0.5,0.0,995133.0567299905,624399.5174762026,351.1199999999996,0.0
uniform,233,80.16942590497666,21.351022102089512,3988.214643658649,2691.3772305008715,148.76776365864765,0.0,3939.4468800000013,2691.3772305008715,100.0,0.0,0.0,2462.154300000001,0.0,0.0,2691.3772305008715,0.0,0.1117396354675293,0.039113521575927734,0.5,0.0,999121.2713736491,627090.8947067035,352.6399999999996,0.0
uniform,234,80.93097097381752,21.87044849713116,4015.0536844507424,2691.3772305008715,163.0572044507418,0.0,3951.9964800000007,2691.3772305008715,100.0,0.0,0.0,2469.9977999999996,0.0,0.0,2691.3772305008715,0.0,0.11464142799377441,0.03677773475646973,0.5,0.0,1003136.3250580998,629782.2719372044,354.15999999999957,0.0
uniform,235,90.16215652691652,22.032637217114807,4446.895430169295,2691.3772305008715,178.51143016929416,0.0,4368.384000000001,2691.3772305008715,100.0,0.0,0.0,2730.2400000000007,0.0,0.0,2691.3772305008715,0.0,0.11166524887084961,0.020995140075683594,0.5,0.0,1007583.2204882691,632473.6491677053,355.67999999999955,0.0
uniform,236,89.85759965681564,19.52090896940532,4459.7322382877255,2691.3772305008715,182.5114382877259,0.0,4377.2208,2691.3772305008715,100.0,0.0,0.0,2735.763,0.0,0.0,2691.3772305008715,0.0,0.10115289688110352,0.030124902725219727,0.5,0.0,1012042.9527265568,635165.0263982062,357.19999999999953,0.0
uniform,237,88.46347809801284,20.990200385194644,4426.672828721511,2691.3772305008715,170.91282872151174,0.0,4355.759999999999,2691.3772305008715,100.0,0.0,0.0,2722.3499999999995,0.0,0.0,2691.3772305008715,0.0,0.13179850578308105,0.034911394119262695,0.5,0.0,1016469.6255552783,637856.4036287072,358.7199999999995,0.0
uniform,238,91.52328704600946,23.90787531788533,4463.036381452497,2691.3772305008715,215.949981452497,0.0,4347.0864,2691.3772305008715,100.0,0.0,0.0,2716.929,0.0,0.0,2691.3772305008715,0.0,0.11334633827209473,0.032385826110839844,0.5,0.0,1020932.6619367307,640547.7808592081,360.2399999999995,0.0
uniform,239,92.57678459690737,19.91384434728242,4441.276488752223,2691.3772305008715,190.46048875222246,0.0,4350.816,2691.3772305008715,100.0,0.0,0.0,2719.26,0.0,0.0,2691.3772305008715,0.0,0.1204080581665039,0.03753018379211426,0.5,0.0,1025373.938425483,643239.158089709,361.7599999999995,0.0
uniform,240,80.96556862702896,18.702788108699057,3998.8703437431095,2691.3772305008715,172.11850374310836,0.0,3926.7518400000013,2691.3772305008715,100.0,0.0,0.0,2454.219900000001,0.0,0.0,2691.3772305008715,0.0,0.11698389053344727,0.022744178771972656,0.5,0.0,1029372.8087692261,645930.5353202099,363.27999999999946,0.0
uniform,241,80.57278543384025,16.87480313618073,4000.3287888420564,2691.3772305008715,148.33230884205523,0.0,3951.9964800000007,2691.3772305008715,100.0,0.0,0.0,2469.9977999999996,0.0,0.0,2691.3772305008715,0.0,0.11050748825073242,0.025512218475341797,0.5,0.0,1033373.1375580681,648621.9125507108,364.79999999999944,0.0
uniform,242,90.97204208996767,25.78699334250964,4453.815908074538,2691.3772305008715,204.64470807453702,0.0,4349.171200000001,2691.3772305008715,100.0,0.0,0.0,2718.232000000001,0.0,0.0,2691.3772305008715,0.0,0.48065185546875,0.014001846313476562,0.5,0.0,1037826.9534661426,651313.2897812118,366.3199999999994,0.0
uniform,243,93.54669654038985,22.87856743779303,4454.09802969873,2691.3772305008715,197.79242969873013,0.0,4356.3056,2691.3772305008715,100.0,0.0,0.0,2722.6910000000003,0.0,0.0,2691.3772305008715,0.0,0.07682943344116211,0.01699209213256836,0.5,0.0,1042281.0514958414,654004.6670117127,367.8399999999994,0.0
uniform,244,92.30080929022358,23.62637994118057,4444.96155748524,2691.3772305008715,190.9039574852406,0.0,4354.057599999999,2691.3772305008715,100.0,0.0,0.0,2721.2859999999996,0.0,0.0,2691.3772305008715,0.0,0.09035921096801758,0.019946813583374023,0.5,0.0,1046726.0130533266,656696.0442422136,369.3599999999994,0.0
uniform,245,90.24680202180939,21.73849141629442,4455.455022060656,2691.3772305008715,192.56062206065553,0.0,4362.8944,2691.3772305008715,100.0,0.0,0.0,2726.8089999999993,0.0,0.0,2691.3772305008715,0.0,0.43369460105895996,0.04310297966003418,0.5,0.0,1051181.4680753872,659387.4214727145,370.87999999999937,0.0
uniform,246,94.62163452947846,26.116232687698133,4461.291733825653,2691.3772305008715,189.56053382565247,0.0,4371.7312,2691.3772305008715,100.0,0.0,0.0,2732.3320000000003,0.0,0.0,2691.3772305008715,0.0,0.18152165412902832,0.018993616104125977,0.5,0.0,1055642.7598092128,662078.7987032154,372.39999999999935,0.0
uniform,247,83.23722394124384,18.677784010296165,4007.1621762587793,2691.3772305008715,164.65097625877792,0.0,3942.5112000000013,2691.3772305008715,100.0,0.0,0.0,2464.0695000000005,0.0,0.0,2691.3772305008715,0.0,0.07205653190612793,0.02999424934387207,0.5,0.0,1059649.9219854716,664770.1759337164,373.91999999999933,0.0
uniform,248,81.96593440785772,18.275953253347865,4010.6772062889013,2691.3772305008715,161.74504628890054,0.0,3948.9321600000007,2691.3772305008715,100.0,0.0,0.0,2468.0826,0.0,0.0,2691.3772305008715,0.0,0.07795906066894531,0.00899958610534668,0.5,0.0,1063660.5991917604,667461.5531642173,375.4399999999993,0.0
uniform,249,91.63068571762524,24.05925068392158,4471.602126504639,2691.3772305008715,222.43092650463842,0.0,4349.171200000001,2691.3772305008715,100.0,0.0,0.0,2718.232000000001,0.0,0.0,2691.3772305008715,0.0,0.11100602149963379,0.02200627326965332,0.5,0.0,1068132.201318265,670152.9303947182,376.9599999999993,0.0
uniform,250,94.04307611621141,23.67109665974906,4450.16267880286,2691.3772305008715,188.74987880285997,0.0,4361.4128,2691.3772305008715,100.0,0.0,0.0,2725.883,0.0,0.0,2691.3772305008715,0.0,0.0735468864440918,0.009505271911621094,0.5,0.0,1072582.3639970678,672844.3076252191,378.4799999999993,0.0
uniform,251,93.98507856350938,21.957730783025347,4436.828510258338,2691.3772305008715,184.47331025833796,0.0,4352.3552,2691.3772305008715,100.0,0.0,0.0,2720.2219999999993,0.0,0.0,2691.3772305008715,0.0,0.07533645629882812,0.023008108139038086,0.5,0.0,1077019.1925073261,675535.68485572,379.99999999999926,0.0
uniform,252,94.498245163913,20.998824630532194,4445.7966943559295,2691.3772305008715,198.7102943559291,0.0,4347.0864,2691.3772305008715,100.0,0.0,0.0,2716.929,0.0,0.0,2691.3772305008715,0.0,0.13743019104003906,0.010003805160522461,0.5,0.0,1081464.9892016822,678227.062086221,381.51999999999924,0.0
uniform,253,90.73077794292023,22.765639694755023,4454.353218847356,2691.3772305008715,201.8348188473568,0.0,4352.5184,2691.3772305008715,100.0,0.0,0.0,2720.3240000000005,0.0,0.0,2691.3772305008715,0.0,0.08691763877868652,0.021976232528686523,0.5,0.0,1085919.3424205296,680918.4393167219,383.0399999999992,0.0
uniform,254,86.96525604470567,19.94452012224757,4007.4777927752084,2691.3772305008715,164.96659277520735,0.0,3942.5112000000013,2691.3772305008715,100.0,0.0,0.0,2464.0695000000005,0.0,0.0,2691.3772305008715,0.0,0.09967207908630371,0.023011445999145508,0.5,0.0,1089926.8202133048,683609.8165472228,384.5599999999992,0.0
uniform,255,88.03474561561461,20.540611646262047,4019.0987890989036,2691.3772305008715,168.63446909890277,0.0,3950.464320000001,2691.3772305008715,100.0,0.0,0.0,2469.0402,0.0,0.0,2691.3772305008715,0.0,0.08965468406677246,0.020975828170776367,0.5,0.0,1093945.9190024037,686301.1937777237,386.0799999999992,0.0
uniform,256,95.61854811498544,22.86994348272615,4443.396633230377,2691.3772305008715,195.92783323037577,0.0,4347.4688000000015,2691.3772305008715,100.0,0.0,0.0,2717.1680000000006,0.0,0.0,2691.3772305008715,0.0,0.11663699150085449,0.023536205291748047,0.5,0.0,1098389.3156356341,688992.5710082246,387.59999999999917,0.0
uniform,257,95.84009609419581,21.611055895079513,4447.222944301758,2691.3772305008715,185.810144301758,0.0,4361.4128,2691.3772305008715,100.0,0.0,0.0,2725.883,0.0,0.0,2691.3772305008715,0.0,0.09012126922607422,0.024741411209106445,0.5,0.0,1102836.538579936,691683.9482387255,389.11999999999915,0.0
uniform,258,97.00127917814854,23.41812086543842,4437.655534826336,2691.3772305008715,183.59793482633722,0.0,4354.057599999999,2691.3772305008715,100.0,0.0,0.0,2721.2859999999996,0.0,0.0,2691.3772305008715,0.0,0.10477566719055176,0.024006366729736328,0.5,0.0,1107274.1941147624,694375.3254692265,390.63999999999913,0.0
uniform,259,95.58346017315306,22.273946065831282,4459.678627961783,2691.3772305008715,196.78422796178296,0.0,4362.8944,2691.3772305008715,100.0,0.0,0.0,2726.8089999999993,0.0,0.0,2691.3772305008715,0.0,0.1013953685760498,0.030094385147094727,0.5,0.0,1111733.8727427241,697066.7026997274,392.1599999999991,0.0
uniform,260,97.15403959963383,25.340035721347224,4469.214083942986,2691.3772305008715,218.39808394298623,0.0,4350.816,2691.3772305008715,100.0,0.0,0.0,2719.26,0.0,0.0,2691.3772305008715,0.0,0.09678387641906738,0.025634765625,0.5,0.0,1116203.0868266672,699758.0799302283,393.6799999999991,0.0
uniform,261,86.29101336419622,22.47659420492121,4023.414089859265,2691.3772305008715,179.3707298592637,0.0,3944.0433600000015,2691.3772305008715,100.0,0.0,0.0,2465.027100000001,0.0,0.0,2691.3772305008715,0.0,0.11522054672241211,0.02264547348022461,0.5,0.0,1120226.5009165264,702449.4571607292,395.1999999999991,0.0
uniform,262,88.01951304722634,20.01946273177169,4019.2036268460915,2691.3772305008715,187.56298684609055,0.0,3931.640640000001,2691.3772305008715,100.0,0.0,0.0,2457.2754,0.0,0.0,2691.3772305008715,0.0,0.09552168846130371,0.0280911922454834,0.5,0.0,1124245.7045433726,705140.8343912301,396.71999999999906,0.0
uniform,263,96.15877211030663,22.9674345754542,4448.077135582995,2691.3772305008715,200.60833558299308,0.0,4347.4688000000015,2691.3772305008715,100.0,0.0,0.0,2717.1680000000006,0.0,0.0,2691.3772305008715,0.0,0.06706714630126953,0.008134841918945312,0.5,0.0,1128693.7816789555,707832.211621731,398.23999999999904,0.0
uniform,264,97.51736117101059,23.261750912499227,4470.936177188336,2691.3772305008715,212.9281771883353,0.0,4358.008000000001,2691.3772305008715,100.0,0.0,0.0,2723.7549999999997,0.0,0.0,2691.3772305008715,0.0,0.08039331436157227,0.02105259895324707,0.5,0.0,1133164.7178561438,710523.588852232,399.759999999999,0.0
uniform,265,98.5724263014838,21.760738409350676,4440.2345253036165,2691.3772305008715,184.4745253036169,0.0,4355.759999999999,2691.3772305008715,100.0,0.0,0.0,2722.3499999999995,0.0,0.0,2691.3772305008715,0.0,0.08953404426574707,0.02415180206298828,0.5,0.0,1137604.9523814474,713214.9660827329,401.279999999999,0.0
uniform,266,99.05460751540731,20.206257019665884,4442.822814633236,2691.3772305008715,181.63081463323604,0.0,4361.192,2691.3772305008715,100.0,0.0,0.0,2725.745,0.0,0.0,2691.3772305008715,0.0,0.10737276077270508,0.02538466453552246,0.5,0.0,1142047.7751960806,715906.3433132338,402.799999999999,0.0
uniform,267,101.1484823529626,22.19959456711976,4467.6093021824345,2691.3772305008715,194.17570218243443,0.0,4373.4336,2691.3772305008715,100.0,0.0,0.0,2733.396,0.0,0.0,2691.3772305008715,0.0,0.10345244407653809,0.02399158477783203,0.5,0.0,1146515.384498263,718597.7205437347,404.31999999999897,0.0
uniform,268,88.9113050780013,18.065317082129315,4003.710612300926,2691.3772305008715,159.66725230092464,0.0,3944.0433600000015,2691.3772305008715,100.0,0.0,0.0,2465.027100000001,0.0,0.0,2691.3772305008715,0.0,0.11710071563720703,0.02536487579345703,0.5,0.0,1150519.095110564,721289.0977742356,405.83999999999895,0.0
uniform,269,88.78165905125485,19.157777140445912,4029.7756896036217,2691.3772305008715,195.07072960362117,0.0,3934.704960000001,2691.3772305008715,100.0,0.0,0.0,2459.1906000000004,0.0,0.0,2691.3772305008715,0.0,0.09124493598937988,0.018221616744995117,0.5,0.0,1154548.8708001676,723980.4750047366,407.35999999999893,0.0
uniform,270,99.31046294137246,19.47677183164167,4445.030814110266,2691.3772305008715,199.26441411026494,0.0,4345.766400000001,2691.3772305008715,100.0,0.0,0.0,2716.1040000000007,0.0,0.0,2691.3772305008715,0.0,0.09447050094604492,0.02414083480834961,0.5,0.0,1158993.9016142779,726671.8522352375,408.8799999999989,0.0
uniform,271,99.45083332887152,21.92083418263438,4453.455868331209,2691.3772305008715,176.23506833120854,0.0,4377.2208,2691.3772305008715,100.0,0.0,0.0,2735.763,0.0,0.0,2691.3772305008715,0.0,0.0984046459197998,0.01677536964416504,0.5,0.0,1163447.357482609,729363.2294657384,410.3999999999989,0.0
uniform,272,99.90596117670475,22.24431919705356,4456.748779170691,2691.3772305008715,200.9887791706916,0.0,4355.759999999999,2691.3772305008715,100.0,0.0,0.0,2722.3499999999995,0.0,0.0,2691.3772305008715,0.0,0.09052562713623047,0.03055095672607422,0.5,0.0,1167904.1062617798,732054.6066962393,411.9199999999989,0.0
uniform,273,102.14663386476366,21.991673125620075,4449.500344670569,2691.3772305008715,202.41394467056895,0.0,4347.0864,2691.3772305008715,100.0,0.0,0.0,2716.929,0.0,0.0,2691.3772305008715,0.0,0.09454154968261719,0.02457427978515625,0.5,0.0,1172353.6066064504,734745.9839267402,413.43999999999886,0.0
uniform,274,100.49691455142003,22.667150508681537,4454.456597987697,2691.3772305008715,201.9381979876967,0.0,4352.5184,2691.3772305008715,100.0,0.0,0.0,2720.3240000000005,0.0,0.0,2691.3772305008715,0.0,0.08337259292602539,0.01862621307373047,0.5,0.0,1176808.0632044382,737437.3611572412,414.95999999999884,0.0
uniform,275,93.33712924625365,20.301727691604043,4024.8766069968297,2691.3772305008715,180.8332469968278,0.0,3944.0433600000015,2691.3772305008715,100.0,0.0,0.0,2465.027100000001,0.0,0.0,2691.3772305008715,0.0,0.10766196250915527,0.008864879608154297,0.5,0.0,1180832.939811435,740128.7383877421,416.4799999999988,0.0
uniform,276,92.31014295271767,22.162046754061752,4016.0084246062197,2691.3772305008715,182.83562460621908,0.0,3933.1728000000007,2691.3772305008715,100.0,0.0,0.0,2458.2329999999997,0.0,0.0,2691.3772305008715,0.0,0.08609676361083984,0.02127981185913086,0.5,0.0,1184848.9482360412,742820.115618243,417.9999999999988,0.0
uniform,277,104.48877977418033,23.93562070402709,4463.665957015317,2691.3772305008715,216.19715701531513,0.0,4347.4688000000015,2691.3772305008715,100.0,0.0,0.0,2717.1680000000006,0.0,0.0,2691.3772305008715,0.0,0.11250090599060059,0.022556066513061523,0.5,0.0,1189312.6141930565,745511.4928487439,419.5199999999988,0.0
uniform,278,103.39119140770163,22.799893232570955,4480.997943378097,2691.3772305008715,203.77714337809715,0.0,4377.2208,2691.3772305008715,100.0,0.0,0.0,2735.763,0.0,0.0,2691.3772305008715,0.0,0.09343123435974121,0.018616914749145508,0.5,0.0,1193793.6121364345,748202.8700792448,421.03999999999877,0.0
uniform,279,101.74279442022078,23.80231671886622,4457.927913132823,2691.3772305008715,203.87031313282412,0.0,4354.057599999999,2691.3772305008715,100.0,0.0,0.0,2721.2859999999996,0.0,0.0,2691.3772305008715,0.0,0.08668160438537598,0.024996042251586914,0.5,0.0,1198251.5400495674,750894.2473097458,422.55999999999875,0.0
uniform,280,103.1608835773136,22.39758351571945,4464.714468466767,2691.3772305008715,200.11766846676713,0.0,4364.5968,2691.3772305008715,100.0,0.0,0.0,2727.8730000000005,0.0,0.0,2691.3772305008715,0.0,0.08941841125488281,0.02462482452392578,0.5,0.0,1202716.2545180342,753585.6245402467,424.07999999999873,0.0
uniform,281,102.28009389357344,19.841461908592024,4474.959605914839,2691.3772305008715,201.52600591483832,0.0,4373.4336,2691.3772305008715,100.0,0.0,0.0,2733.396,0.0,0.0,2691.3772305008715,0.0,0.09717845916748047,0.03006744384765625,0.5,0.0,1207191.214123949,756277.0017707476,425.5999999999987,0.0
uniform,282,92.30962813833519,20.245777911293082,4007.7829015056413,2691.3772305008715,163.7395415056397,0.0,3944.0433600000015,2691.3772305008715,100.0,0.0,0.0,2465.027100000001,0.0,0.0,2691.3772305008715,0.0,0.09852170944213867,0.021200895309448242,0.5,0.0,1211198.9970254546,758968.3790012485,427.1199999999987,0.0
uniform,283,91.61323634496013,19.90853122765057,4021.725608058654,2691.3772305008715,187.02064805865274,0.0,3934.704960000001,2691.3772305008715,100.0,0.0,0.0,2459.1906000000004,0.0,0.0,2691.3772305008715,0.0,0.1025238037109375,0.022002220153808594,0.5,0.0,1215220.7226335134,761659.7562317494,428.6399999999987,0.0
uniform,284,103.29514017827,21.882973449135232,4469.722738648261,2691.3772305008715,218.84913864826004,0.0,4350.873600000001,2691.3772305008715,100.0,0.0,0.0,2719.2960000000007,0.0,0.0,2691.3772305008715,0.0,0.1576828956604004,0.021618366241455078,0.5,0.0,1219690.4453721617,764351.1334622503,430.15999999999866,0.0
uniform,285,104.9856975988768,23.662272340653576,4488.945881016487,2691.3772305008715,213.42748101648743,0.0,4375.5184,2691.3772305008715,100.0,0.0,0.0,2734.699,0.0,0.0,2691.3772305008715,0.0,0.0996696949005127,0.02876734733581543,0.5,0.0,1224179.3912531782,767042.5106927513,431.67999999999864,0.0
uniform,286,104.11401093086876,21.823835467010596,4459.996989273981,2691.3772305008715,204.23698927398124,0.0,4355.759999999999,2691.3772305008715,100.0,0.0,0.0,2722.3499999999995,0.0,0.0,2691.3772305008715,0.0,0.10302186012268066,0.023345470428466797,0.5,0.0,1228639.3882424522,769733.8879232522,433.1999999999986,0.0
uniform,287,102.53923131636816,23.527711950363425,4450.052065552319,2691.3772305008715,188.86006555231887,0.0,4361.192,2691.3772305008715,100.0,0.0,0.0,2725.745,0.0,0.0,2691.3772305008715,0.0,0.0945138931274414,0.025022506713867188,0.5,0.0,1233089.4403080044,772425.2651537531,434.7199999999986,0.0
uniform,288,104.46141685391304,22.871359766529967,4469.635253346893,2691.3772305008715,217.11685334689278,0.0,4352.5184,2691.3772305008715,100.0,0.0,0.0,2720.3240000000005,0.0,0.0,2691.3772305008715,0.0,0.1167287826538086,0.013939380645751953,0.5,0.0,1237559.0755613514,775116.642384254,436.2399999999986,0.0
uniform,289,92.92411751749297,21.186176967930013,4014.8542739448494,2691.3772305008715,170.81091394484815,0.0,3944.0433600000015,2691.3772305008715,100.0,0.0,0.0,2465.027100000001,0.0,0.0,2691.3772305008715,0.0,0.08675646781921387,0.02099466323852539,0.5,0.0,1241573.9298352962,777808.019614755,437.75999999999857,0.0
uniform,290,93.32378268094561,22.44385907731666,4035.7372953413615,2691.3772305008715,201.03233534136092,0.0,3934.704960000001,2691.3772305008715,100.0,0.0,0.0,2459.1906000000004,0.0,0.0,2691.3772305008715,0.0,0.08515691757202148,0.019824981689453125,0.5,0.0,1245609.6671306377,780499.3968452559,439.27999999999855,0.0
uniform,291,105.80420165690914,21.10072017658651,4461.653431754508,2691.3772305008715,210.77983175450734,0.0,4350.873600000001,2691.3772305008715,100.0,0.0,0.0,2719.2960000000007,0.0,0.0,2691.3772305008715,0.0,0.11715841293334961,0.024159908294677734,0.5,0.0,1250071.3205623922,783190.7740757568,440.79999999999853,0.0
uniform,292,107.72975625189417,20.284453880589375,4463.167637480714,2691.3772305008715,201.7548374807137,0.0,4361.4128,2691.3772305008715,100.0,0.0,0.0,2725.883,0.0,0.0,2691.3772305008715,0.0,0.11456465721130371,0.021537303924560547,0.5,0.0,1254534.488199873,785882.1513062577,442.3199999999985,0.0
uniform,293,103.73098792909768,21.073494526096937,4443.9374224738785,2691.3772305008715,207.39022247387817,0.0,4336.5472,2691.3772305008715,100.0,0.0,0.0,2710.3419999999996,0.0,0.0,2691.3772305008715,0.0,0.10411834716796875,0.023111343383789062,0.5,0.0,1258978.4256223468,788573.5285367586,443.8399999999985,0.0
uniform,294,105.73210856683602,22.287119891639968,4461.44898864047,2691.3772305008715,196.85218864046954,0.0,4364.5968,2691.3772305008715,100.0,0.0,0.0,2727.8730000000005,0.0,0.0,2691.3772305008715,0.0,0.09577822685241699,0.021241426467895508,0.5,0.0,1263439.8746109873,791264.9057672595,445.3599999999985,0.0
uniform,295,102.95197883652064,18.60851952643353,4456.5853207337395,2691.3772305008715,204.06692073373924,0.0,4352.5184,2691.3772305008715,100.0,0.0,0.0,2720.3240000000005,0.0,0.0,2691.3772305008715,0.0,0.1239936351776123,0.02464747428894043,0.5,0.0,1267896.459931721,793956.2829977605,446.87999999999846,0.0
uniform,296,96.84505836034698,21.769022648505853,4023.9396351867917,2691.3772305008715,179.89627518679,0.0,3944.0433600000015,2691.3772305008715,100.0,0.0,0.0,2465.027100000001,0.0,0.0,2691.3772305008715,0.0,0.11781024932861328,0.019994497299194336,0.5,0.0,1271920.3995669077,796647.6602282614,448.39999999999844,0.0
uniform,297,96.10171626975536,20.547926001934325,4029.193226301555,2691.3772305008715,177.1967463015544,0.0,3951.9964800000007,2691.3772305008715,100.0,0.0,0.0,2469.9977999999996,0.0,0.0,2691.3772305008715,0.0,0.08565163612365723,0.02323150634765625,0.5,0.0,1275949.5927932092,799339.0374587623,449.9199999999984,0.0
uniform,298,101.10337927557555,25.367897613728257,4474.509008072061,2691.3772305008715,223.63540807206013,0.0,4350.873600000001,2691.3772305008715,100.0,0.0,0.0,2719.2960000000007,0.0,0.0,2691.3772305008715,0.0,0.10202836990356445,0.02015542984008789,0.5,0.0,1280424.1018012813,802030.4146892632,451.4399999999984,0.0
uniform,299,104.9549011693163,22.876571157113997,4475.363588572437,2691.3772305008715,220.76038857243685,0.0,4354.6032000000005,2691.3772305008715,100.0,0.0,0.0,2721.627,0.0,0.0,2691.3772305008715,0.0,0.10551691055297852,0.023527145385742188,0.5,0.0,1284899.4653898538,804721.7919197641,452.9599999999984,0.0
uniform,300,105.01744245907584,24.258973063142033,4463.8964562545125,2691.3772305008715,209.83885625451347,0.0,4354.057599999999,2691.3772305008715,100.0,0.0,0.0,2721.2859999999996,0.0,0.0,2691.3772305008715,0.0,0.10223531723022461,0.025165796279907227,0.5,0.0,1289363.3618461082,807413.169150265,454.47999999999837,0.0
uniform,301,104.41166980639866,20.554666206905267,4466.761756212195,2691.3772305008715,221.37775621219438,0.0,4345.384000000001,2691.3772305008715,100.0,0.0,0.0,2715.865,0.0,0.0,2691.3772305008715,0.0,0.09806251525878906,0.023106098175048828,0.5,0.0,1293830.1236023204,810104.546380766,455.99999999999835,0.0
uniform,302,104.80838246600354,22.98074466032848,4453.482169914088,2691.3772305008715,197.55896991408804,0.0,4355.9232,2691.3772305008715,100.0,0.0,0.0,2722.452,0.0,0.0,2691.3772305008715,0.0,0.09596920013427734,0.03252530097961426,0.5,0.0,1298283.6057722345,812795.9236112669,457.51999999999833,0.0
uniform,303,92.95367758447772,20.706344764775192,4029.7461853145487,2691.3772305008715,187.2349853145473,0.0,3942.5112000000013,2691.3772305008715,100.0,0.0,0.0,2464.0695000000005,0.0,0.0,2691.3772305008715,0.0,0.10992074012756348,0.02761530876159668,0.5,0.0,1302313.351957549,815487.3008417678,459.0399999999983,0.0
uniform,304,96.49061019457656,21.547778165270717,4014.0278227955996,2691.3772305008715,179.32286279559892,0.0,3934.704960000001,2691.3772305008715,100.0,0.0,0.0,2459.1906000000004,0.0,0.0,2691.3772305008715,0.0,0.10462188720703125,0.022996187210083008,0.5,0.0,1306327.3797803447,818178.6780722687,460.5599999999983,0.0
uniform,305,103.8589762698344,20.378505079201915,4473.037127870232,2691.3772305008715,206.35552787023158,0.0,4366.681600000001,2691.3772305008715,100.0,0.0,0.0,2729.1760000000004,0.0,0.0,2691.3772305008715,0.0,0.10568642616271973,0.028685808181762695,0.5,0.0,1310800.4169082148,820870.0553027696,462.0799999999983,0.0
uniform,306,103.91526396195452,20.603381225353676,4475.024697800542,2691.3772305008715,215.3142978005421,0.0,4359.7104,2691.3772305008715,100.0,0.0,0.0,2724.819,0.0,0.0,2691.3772305008715,0.0,0.10565614700317383,0.022817611694335938,0.5,0.0,1315275.4416060154,823561.4325332706,463.59999999999826,0.0
uniform,307,108.29030982961918,23.789350438522174,4456.976261748978,2691.3772305008715,220.42906174897757,0.0,4336.5472,2691.3772305008715,100.0,0.0,0.0,2710.3419999999996,0.0,0.0,2691.3772305008715,0.0,0.13437294960021973,0.024147510528564453,0.5,0.0,1319732.4178677644,826252.8097637715,465.11999999999824,0.0
uniform,308,104.94840616740426,21.63093635879551,4430.902340215837,2691.3772305008715,185.5183402158363,0.0,4345.384000000001,2691.3772305008715,100.0,0.0,0.0,2715.865,0.0,0.0,2691.3772305008715,0.0,0.11209917068481445,0.019525766372680664,0.5,0.0,1324163.3202079802,828944.1869942724,466.6399999999982,0.0
uniform,309,103.49292960755973,24.315137518648,4467.821388825247,2691.3772305008715,217.00538882524688,0.0,4350.816,2691.3772305008715,100.0,0.0,0.0,2719.26,0.0,0.0,2691.3772305008715,0.0,0.09208416938781738,0.03334760665893555,0.5,0.0,1328631.1415968055,831635.5642247733,468.1599999999982,0.0
uniform,310,94.44591505346598,23.376764769432615,4024.3761482524287,2691.3772305008715,196.09214825242768,0.0,3928.284000000001,2691.3772305008715,100.0,0.0,0.0,2455.1775000000007,0.0,0.0,2691.3772305008715,0.0,0.11778140068054199,0.029771089553833008,0.5,0.0,1332655.517745058,834326.9414552742,469.6799999999982,0.0
uniform,311,96.26754455611054,22.150190321194934,4038.4323757500006,2691.3772305008715,187.96805574999956,0.0,3950.464320000001,2691.3772305008715,100.0,0.0,0.0,2469.0402,0.0,0.0,2691.3772305008715,0.0,0.0943596363067627,0.021112442016601562,0.5,0.0,1336693.950120808,837018.3186857752,471.19999999999817,0.0
uniform,312,104.54557560051278,22.88093181062318,4464.376033689745,2691.3772305008715,211.8000336897438,0.0,4352.576000000001,2691.3772305008715,100.0,0.0,0.0,2720.3600000000006,0.0,0.0,2691.3772305008715,0.0,0.13184571266174316,0.026010751724243164,0.5,0.0,1341158.326154498,839709.6959162761,472.71999999999815,0.0
uniform,313,105.18883625407823,23.18995663041597,4466.24666582277,2691.3772305008715,192.43066582277072,0.0,4373.816,2691.3772305008715,100.0,0.0,0.0,2733.635,0.0,0.0,2691.3772305008715,0.0,0.1044473648071289,0.024097204208374023,0.5,0.0,1345624.5728203207,842401.073146777,474.23999999999813,0.0
uniform,314,102.81206069829807,24.1771767544462,4441.953551387358,2691.3772305008715,187.89595138735922,0.0,4354.057599999999,2691.3772305008715,100.0,0.0,0.0,2721.2859999999996,0.0,0.0,2691.3772305008715,0.0,0.10959029197692871,0.027571439743041992,0.5,0.0,1350066.5263717081,845092.4503772779,475.7599999999981,0.0
uniform,315,101.77440096518698,22.01837938854977,4447.774282710596,2691.3772305008715,188.28468271059486,0.0,4359.489600000001,2691.3772305008715,100.0,0.0,0.0,2724.6809999999996,0.0,0.0,2691.3772305008715,0.0,0.10947108268737793,0.02512836456298828,0.5,0.0,1354514.3006544188,847783.8276077788,477.2799999999981,0.0
uniform,316,105.03434464655966,21.837483161918044,4489.98736642954,2691.3772305008715,216.5537664295401,0.0,4373.4336,2691.3772305008715,100.0,0.0,0.0,2733.396,0.0,0.0,2691.3772305008715,0.0,0.1071479320526123,0.031202077865600586,0.5,0.0,1359004.2880208483,850475.2048382798,478.7999999999981,0.0
uniform,317,97.85229882816945,21.039362913130198,4016.1480983912197,2691.3772305008715,187.86409839121833,0.0,3928.284000000001,2691.3772305008715,100.0,0.0,0.0,2455.1775000000007,0.0,0.0,2691.3772305008715,0.0,0.10007405281066895,0.03008437156677246,0.5,0.0,1363020.4361192395,853166.5820687807,480.31999999999806,0.0
uniform,318,94.44283254787672,24.510999449129002,4035.6615904907403,2691.3772305008715,183.66511049073966,0.0,3951.9964800000007,2691.3772305008715,100.0,0.0,0.0,2469.9977999999996,0.0,0.0,2691.3772305008715,0.0,0.0957186222076416,0.03110051155090332,0.5,0.0,1367056.0977097303,855857.9592992816,481.83999999999804,0.0
uniform,319,101.1147751221636,22.803898185522694,4452.111036813649,2691.3772305008715,183.72703681364786,0.0,4368.384000000001,2691.3772305008715,100.0,0.0,0.0,2730.2400000000007,0.0,0.0,2691.3772305008715,0.0,0.17048168182373047,0.022092342376708984,0.5,0.0,1371508.2087465439,858549.3365297825,483.359999999998,0.0
uniform,320,103.15443038751107,23.929738146606955,4464.239618886964,2691.3772305008715,206.23161888696316,0.0,4358.008000000001,2691.3772305008715,100.0,0.0,0.0,2723.7549999999997,0.0,0.0,2691.3772305008715,0.0,0.0975649356842041,0.023895740509033203,0.5,0.0,1375972.4483654308,861240.7137602834,484.879999999998,0.0
uniform,321,102.02332670036685,23.178910834888832,4443.274211810919,2691.3772305008715,210.1318118109195,0.0,4333.1424,2691.3772305008715,100.0,0.0,0.0,2708.2139999999995,0.0,0.0,2691.3772305008715,0.0,0.10383152961730957,0.02622532844543457,0.5,0.0,1380415.7225772417,863932.0909907843,486.399999999998,0.0
uniform,322,105.79645640997644,22.878704830451742,4450.039959667654,2691.3772305008715,204.65595966765312,0.0,4345.384000000001,2691.3772305008715,100.0,0.0,0.0,2715.865,0.0,0.0,2691.3772305008715,0.0,0.11145591735839844,0.010000944137573242,0.5,0.0,1384865.7625369094,866623.4682212853,487.91999999999797,0.0
uniform,323,104.53534308928484,23.562647250349414,4481.053310661969,2691.3772305008715,209.32211066196845,0.0,4371.7312,2691.3772305008715,100.0,0.0,0.0,2732.3320000000003,0.0,0.0,2691.3772305008715,0.0,0.1011190414428711,0.03009819984436035,0.5,0.0,1389346.8158475715,869314.8454517862,489.43999999999795,0.0
uniform,324,92.25466572938603,21.667912365910183,4030.3349360288266,2691.3772305008715,203.5830960288255,0.0,3926.7518400000013,2691.3772305008715,100.0,0.0,0.0,2454.219900000001,0.0,0.0,2691.3772305008715,0.0,0.10370326042175293,0.024529218673706055,0.5,0.0,1393377.1507836003,872006.2226822871,490.95999999999793,0.0
uniform,325,92.00136177822712,18.656806294850522,4034.6240385770116,2691.3772305008715,182.6275585770111,0.0,3951.9964800000007,2691.3772305008715,100.0,0.0,0.0,2469.9977999999996,0.0,0.0,2691.3772305008715,0.0,0.08880114555358887,0.0272369384765625,0.5,0.0,1397411.7748221774,874697.599912788,492.4799999999979,0.0
uniform,326,103.93263017010025,24.952745017486713,4457.07275840353,2691.3772305008715,209.6039584035287,0.0,4347.4688000000015,2691.3772305008715,100.0,0.0,0.0,2717.1680000000006,0.0,0.0,2691.3772305008715,0.0,0.16291117668151855,0.02599334716796875,0.5,0.0,1401868.847580581,877388.9771432889,493.9999999999979,0.0
uniform,327,100.47721057938013,22.417752515012918,4458.558655483156,2691.3772305008715,200.55065548315542,0.0,4358.008000000001,2691.3772305008715,100.0,0.0,0.0,2723.7549999999997,0.0,0.0,2691.3772305008715,0.0,0.10824894905090332,0.019724607467651367,0.5,0.0,1406327.4062360642,880080.3543737899,495.5199999999979,0.0
uniform,328,100.83965988550706,23.021871570839455,4456.843473321759,2691.3772305008715,201.0834733217601,0.0,4355.759999999999,2691.3772305008715,100.0,0.0,0.0,2722.3499999999995,0.0,0.0,2691.3772305008715,0.0,0.1056821346282959,0.023000478744506836,0.5,0.0,1410784.249709386,882771.7316042908,497.03999999999786,0.0
uniform,329,101.14768134765315,24.326155309998665,4472.330612433978,2691.3772305008715,228.64901243397762,0.0,4343.6816,2691.3772305008715,100.0,0.0,0.0,2714.8009999999995,0.0,0.0,2691.3772305008715,0.0,0.10742020606994629,0.03000187873840332,0.5,0.0,1415256.58032182,885463.1088347917,498.55999999999784,0.0
uniform,330,100.76630287957919,22.7387631636071,4465.427429634613,2691.3772305008715,193.6962296346128,0.0,4371.7312,2691.3772305008715,100.0,0.0,0.0,2732.3320000000003,0.0,0.0,2691.3772305008715,0.0,0.10811352729797363,0.02178192138671875,0.5,0.0,1419722.0077514546,888154.4860652926,500.0799999999978,0.0
uniform,331,94.22059715423308,21.308585982236732,4016.883527414544,2691.3772305008715,174.37232741454238,0.0,3942.5112000000013,2691.3772305008715,100.0,0.0,0.0,2464.0695000000005,0.0,0.0,2691.3772305008715,0.0,0.10046911239624023,0.02142333984375,0.5,0.0,1423738.8912788692,890845.8632957935,501.5999999999978,0.0
uniform,332,91.83407426662647,22.297544116295082,4045.7181818294475,2691.3772305008715,212.54538182944708,0.0,3933.1728000000007,2691.3772305008715,100.0,0.0,0.0,2458.2329999999997,0.0,0.0,2691.3772305008715,0.0,0.09546899795532227,0.032122135162353516,0.5,0.0,1427784.6094606987,893537.2405262945,503.1199999999978,0.0
uniform,333,100.41908255670812,24.49559839354018,4456.110930268274,2691.3772305008715,205.23733026827338,0.0,4350.873600000001,2691.3772305008715,100.0,0.0,0.0,2719.2960000000007,0.0,0.0,2691.3772305008715,0.0,0.11277294158935547,0.021528959274291992,0.5,0.0,1432240.7203909669,896228.6177567954,504.63999999999777,0.0
uniform,334,101.70904052639764,20.2297592262643,4474.769994498154,2691.3772305008715,216.761994498153,0.0,4358.008000000001,2691.3772305008715,100.0,0.0,0.0,2723.7549999999997,0.0,0.0,2691.3772305008715,0.0,0.10843896865844727,0.03215336799621582,0.5,0.0,1436715.490385465,898919.9949872963,506.15999999999775,0.0
uniform,335,102.62837967032108,20.278434363696206,4431.209510762125,2691.3772305008715,180.5567107621254,0.0,4350.6528,2691.3772305008715,100.0,0.0,0.0,2719.158,0.0,0.0,2691.3772305008715,0.0,0.08983993530273438,0.025593996047973633,0.5,0.0,1441146.699896227,901611.3722177972,507.67999999999773,0.0
uniform,336,99.7590272169037,22.46807614168323,4448.44532932457,2691.3772305008715,188.9557293245691,0.0,4359.489600000001,2691.3772305008715,100.0,0.0,0.0,2724.6809999999996,0.0,0.0,2691.3772305008715,0.0,0.10252189636230469,0.03183341026306152,0.5,0.0,1445595.1452255517,904302.7494482981,509.1999999999977,0.0
uniform,337,101.37601908577169,20.590740337703586,4468.455973000631,2691.3772305008715,195.02237300063132,0.0,4373.4336,2691.3772305008715,100.0,0.0,0.0,2733.396,0.0,0.0,2691.3772305008715,0.0,0.10258889198303223,0.021193981170654297,0.5,0.0,1450063.6011985524,906994.126678799,510.7199999999977,0.0
uniform,338,90.31905971156375,22.535628244536273,4031.0108707842974,2691.3772305008715,202.7268707842968,0.0,3928.284000000001,2691.3772305008715,100.0,0.0,0.0,2455.1775000000007,0.0,0.0,2691.3772305008715,0.0,0.10106229782104492,0.024729251861572266,0.5,0.0,1454094.6120693367,909685.5039093,512.2399999999977,0.0
uniform,339,89.36832825683378,18.38730368891117,4025.5055727199715,2691.3772305008715,189.26845271997084,0.0,3936.2371200000007,2691.3772305008715,100.0,0.0,0.0,2460.1482,0.0,0.0,2691.3772305008715,0.0,0.460770845413208,0.03441262245178223,0.5,0.0,1458120.1176420567,912376.8811398009,513.7599999999977,0.0
uniform,340,100.86677575963296,22.44384608411732,4445.3157198528925,2691.3772305008715,176.93171985289115,0.0,4368.384000000001,2691.3772305008715,100.0,0.0,0.0,2730.2400000000007,0.0,0.0,2691.3772305008715,0.0,0.11414265632629395,0.02396988868713379,0.5,0.0,1462565.4333619096,915068.2583703018,515.2799999999977,0.0
uniform,341,104.46959237503991,23.49490970788536,4486.030888504207,2691.3772305008715,208.81008850420676,0.0,4377.2208,2691.3772305008715,100.0,0.0,0.0,2735.763,0.0,0.0,2691.3772305008715,0.0,0.11521077156066895,0.032242774963378906,0.5,0.0,1467051.4642504137,917759.6356008027,516.7999999999977,0.0
uniform,342,100.85675085629562,22.61931420458629,4445.26048624898,2691.3772305008715,191.20288624898023,0.0,4354.057599999999,2691.3772305008715,100.0,0.0,0.0,2721.2859999999996,0.0,0.0,2691.3772305008715,0.0,0.11799311637878418,0.02719902992248535,0.5,0.0,1471496.7247366626,920451.0128313036,518.3199999999977,0.0
uniform,343,101.1586926643616,22.52000678329597,4452.896777044987,2691.3772305008715,188.29997704498703,0.0,4364.5968,2691.3772305008715,100.0,0.0,0.0,2727.8730000000005,0.0,0.0,2691.3772305008715,0.0,0.11542916297912598,0.023194551467895508,0.5,0.0,1475949.6215137076,923142.3900618046,519.8399999999976,0.0
uniform,344,102.11758270248417,19.270330024136918,4468.607215914417,2691.3772305008715,195.17361591441656,0.0,4373.4336,2691.3772305008715,100.0,0.0,0.0,2733.396,0.0,0.0,2691.3772305008715,0.0,0.11967992782592773,0.02698802947998047,0.5,0.0,1480418.228729622,925833.7672923055,521.3599999999976,0.0
uniform,345,90.07297413983383,18.665026499283957,3995.472570637916,2691.3772305008715,171.78505063791457,0.0,3923.6875200000013,2691.3772305008715,100.0,0.0,0.0,2452.304700000001,0.0,0.0,2691.3772305008715,0.0,0.10799860954284668,0.021046876907348633,0.5,0.0,1484413.70130026,928525.1445228064,522.8799999999976,0.0
uniform,346,89.48671127615819,21.610714956179617,4039.6619711323156,2691.3772305008715,190.7298111323145,0.0,3948.9321600000007,2691.3772305008715,100.0,0.0,0.0,2468.0826,0.0,0.0,2691.3772305008715,0.0,0.0834650993347168,0.02500176429748535,0.5,0.0,1488453.3632713922,931216.5217533073,524.3999999999976,0.0
uniform,347,98.80097760027168,27.783677557954878,4457.38393448476,2691.3772305008715,188.99993448475948,0.0,4368.384000000001,2691.3772305008715,100.0,0.0,0.0,2730.2400000000007,0.0,0.0,2691.3772305008715,0.0,0.10169506072998047,0.02413010597229004,0.5,0.0,1492910.747205877,933907.8989838082,525.9199999999976,0.0
uniform,348,99.22621602345676,20.05473467017421,4452.218754915104,2691.3772305008715,194.21075491510297,0.0,4358.008000000001,2691.3772305008715,100.0,0.0,0.0,2723.7549999999997,0.0,0.0,2691.3772305008715,0.0,0.10615038871765137,0.019993066787719727,0.5,0.0,1497362.965960792,936599.2762143092,527.4399999999976,0.0
uniform,349,94.601538860254,22.421512467333756,4440.243461899111,2691.3772305008715,184.48346189911143,0.0,4355.759999999999,2691.3772305008715,100.0,0.0,0.0,2722.3499999999995,0.0,0.0,2691.3772305008715,0.0,0.0945281982421875,0.024206876754760742,0.5,0.0,1501803.2094226913,939290.6534448101,528.9599999999975,0.0
uniform,350,96.17027626299019,22.624930748508724,4454.623296282307,2691.3772305008715,191.728896282307,0.0,4362.8944,2691.3772305008715,100.0,0.0,0.0,2726.8089999999993,0.0,0.0,2691.3772305008715,0.0,0.10132837295532227,0.024726152420043945,0.5,0.0,1506257.8327189735,941982.030675311,530.4799999999975,0.0
uniform,351,96.45450242187162,22.707238146820323,4467.732498902485,2691.3772305008715,194.29889890248432,0.0,4373.4336,2691.3772305008715,100.0,0.0,0.0,2733.396,0.0,0.0,2691.3772305008715,0.0,0.1069793701171875,0.022537946701049805,0.5,0.0,1510725.565217876,944673.4079058119,531.9999999999975,0.0
uniform,352,86.68656255556589,20.0639387601372,4007.3305111416294,2691.3772305008715,179.0465111416281,0.0,3928.284000000001,2691.3772305008715,100.0,0.0,0.0,2455.1775000000007,0.0,0.0,2691.3772305008715,0.0,0.10078167915344238,0.024097919464111328,0.5,0.0,1514732.8957290177,947364.7851363128,533.5199999999975,0.0
uniform,353,87.11628077872338,22.094515154451006,4023.3965529763345,2691.3772305008715,187.15943297633385,0.0,3936.2371200000007,2691.3772305008715,100.0,0.0,0.0,2460.1482,0.0,0.0,2691.3772305008715,0.0,0.10024690628051758,0.02203083038330078,0.5,0.0,1518756.292281994,950056.1623668137,535.0399999999975,0.0
uniform,354,98.94387136187873,24.40749811721571,4463.53207642594,2691.3772305008715,195.1480764259391,0.0,4368.384000000001,2691.3772305008715,100.0,0.0,0.0,2730.2400000000007,0.0,0.0,2691.3772305008715,0.0,0.10769462585449219,0.021002531051635742,0.5,0.0,1523219.8243584197,952747.5395973147,536.5599999999974,0.0
uniform,355,95.6535436621886,23.322567328924023,4454.85605450241,2691.3772305008715,179.33765450241003,0.0,4375.5184,2691.3772305008715,100.0,0.0,0.0,2734.699,0.0,0.0,2691.3772305008715,0.0,0.0981435775756836,0.022536039352416992,0.5,0.0,1527674.680412922,955438.9168278156,538.0799999999974,0.0
uniform,356,95.74325363650549,21.97735039170286,4440.146609047548,2691.3772305008715,203.59940904754782,0.0,4336.5472,2691.3772305008715,100.0,0.0,0.0,2710.3419999999996,0.0,0.0,2691.3772305008715,0.0,0.09554028511047363,0.020890235900878906,0.5,0.0,1532114.8270219697,958130.2940583165,539.5999999999974,0.0
uniform,357,97.92881932988769,21.72552525484615,4455.003186372557,2691.3772305008715,209.61918637255664,0.0,4345.384000000001,2691.3772305008715,100.0,0.0,0.0,2715.865,0.0,0.0,2691.3772305008715,0.0,0.09631466865539551,0.020002365112304688,0.5,0.0,1536569.8302083423,960821.6712888174,541.1199999999974,0.0
uniform,358,95.06008642462746,21.688176004164795,4442.702926616504,2691.3772305008715,170.97172661650313,0.0,4371.7312,2691.3772305008715,100.0,0.0,0.0,2732.3320000000003,0.0,0.0,2691.3772305008715,0.0,0.10627579689025879,0.019576072692871094,0.5,0.0,1541012.5331349587,963513.0485193183,542.6399999999974,0.0
uniform,359,85.63542471311462,21.64510738128451,4022.797820974216,2691.3772305008715,196.04598097421456,0.0,3926.7518400000013,2691.3772305008715,100.0,0.0,0.0,2454.219900000001,0.0,0.0,2691.3772305008715,0.0,0.12483644485473633,0.031614065170288086,0.5,0.0,1545035.3309559328,966204.4257498193,544.1599999999974,0.0
uniform,360,83.94588681968398,22.186517921770474,4005.973157664959,2691.3772305008715,172.8003576649589,0.0,3933.1728000000007,2691.3772305008715,100.0,0.0,0.0,2458.2329999999997,0.0,0.0,2691.3772305008715,0.0,0.10450339317321777,0.023014307022094727,0.5,0.0,1549041.3041135978,968895.8029803202,545.6799999999973,0.0
uniform,361,92.91944107223755,24.047691376531887,4441.09577246837,2691.3772305008715,191.9245724683699,0.0,4349.171200000001,2691.3772305008715,100.0,0.0,0.0,2718.232000000001,0.0,0.0,2691.3772305008715,0.0,0.13633370399475098,0.022119760513305664,0.5,0.0,1553482.3998860663,971587.1802108211,547.1999999999973,0.0
uniform,362,92.56423086892364,24.338200623275842,4456.897855466033,2691.3772305008715,198.8898554660331,0.0,4358.008000000001,2691.3772305008715,100.0,0.0,0.0,2723.7549999999997,0.0,0.0,2691.3772305008715,0.0,0.09794950485229492,0.02557063102722168,0.5,0.0,1557939.2977415323,974278.557441322,548.7199999999973,0.0
uniform,363,95.56795478238804,21.004913628161223,4440.3506218222965,2691.3772305008715,184.5906218222972,0.0,4355.759999999999,2691.3772305008715,100.0,0.0,0.0,2722.3499999999995,0.0,0.0,2691.3772305008715,0.0,0.11577415466308594,0.020818471908569336,0.5,0.0,1562379.6483633546,976969.9346718229,550.2399999999973,0.0
uniform,364,92.94072701963451,20.194287722626317,4441.527015711458,2691.3772305008715,197.84541571145851,0.0,4343.6816,2691.3772305008715,100.0,0.0,0.0,2714.8009999999995,0.0,0.0,2691.3772305008715,0.0,0.0901341438293457,0.023798227310180664,0.5,0.0,1566821.175379066,979661.3119023239,551.7599999999973,0.0
uniform,365,92.6628879384162,23.43589938025896,4449.862189332344,2691.3772305008715,176.42858933234405,0.0,4373.4336,2691.3772305008715,100.0,0.0,0.0,2733.396,0.0,0.0,2691.3772305008715,0.0,0.10399794578552246,0.02408766746520996,0.5,0.0,1571271.0375683983,982352.6891328248,553.2799999999972,0.0
normal,1,95.55813683562333,23.791233636978447,4471.835396082073,2404.07585336009,198.40179608207248,0.0,4373.4336,2404.07585336009,100.0,0.0,0.0,2733.396,0.0,0.0,2404.07585336009,0.0,0.08693075180053711,0.02555227279663086,0.5,0.0,4471.835396082073,2404.07585336009,1.52,0.0
normal,2,82.08723996277698,22.38376505555918,4018.201979283368,2404.07585336009,192.98229928336693,0.0,3925.219680000001,2404.07585336009,100.0,0.0,0.0,2453.2623000000012,0.0,0.0,2404.07585336009,0.0,0.13955116271972656,0.033414363861083984,0.5,0.0,8490.037375365442,4808.15170672018,3.04,0.0
normal,3,81.77862283174728,19.27722629490675,4029.5937115626657,2404.07585336009,177.5972315626651,0.0,3951.9964800000007,2404.07585336009,100.0,0.0,0.0,2469.9977999999996,0.0,0.0,2404.07585336009,0.0,0.09060120582580566,0.01856064796447754,0.5,0.0,12519.631086928108,7212.22756008027,4.5600000000000005,0.0
normal,4,89.42705178675055,22.94887910050355,4437.915796246101,2404.07585336009,169.53179624610033,0.0,4368.384000000001,2404.07585336009,100.0,0.0,0.0,2730.2400000000007,0.0,0.0,2404.07585336009,0.0,0.1745285987854004,0.019450902938842773,0.5,0.0,16957.54688317421,9616.30341344036,6.08,0.0
normal,5,89.73922861852304,20.97342098605987,4449.089235170441,2404.07585336009,191.08123517044018,0.0,4358.008000000001,2404.07585336009,100.0,0.0,0.0,2723.7549999999997,0.0,0.0,2404.07585336009,0.0,0.12461376190185547,0.025493621826171875,0.5,0.0,21406.63611834465,12020.37926680045,7.6,0.0
normal,6,88.19691199516744,22.08783812762239,4416.111745222674,2404.07585336009,179.5645452226733,0.0,4336.5472,2404.07585336009,100.0,0.0,0.0,2710.3419999999996,0.0,0.0,2404.07585336009,0.0,0.10488557815551758,0.021541833877563477,0.5,0.0,25822.747863567325,14424.455120160539,9.12,0.0
normal,7,89.29004388564353,24.373765168004773,4460.875052874794,2404.07585336009,196.27825287479357,0.0,4364.5968,2404.07585336009,100.0,0.0,0.0,2727.8730000000005,0.0,0.0,2404.07585336009,0.0,0.08970880508422852,0.03051018714904785,0.5,0.0,30283.62291644212,16828.53097352063,10.639999999999999,0.0
normal,8,90.98888547132698,24.361042792644177,4459.194690142607,2404.07585336009,185.76109014260666,0.0,4373.4336,2404.07585336009,100.0,0.0,0.0,2733.396,0.0,0.0,2404.07585336009,0.0,0.09558629989624023,0.026559114456176758,0.5,0.0,34742.81760658473,19232.606826880718,12.159999999999998,0.0
normal,9,79.3093697011217,19.690341863265832,4000.9013108833606,2404.07585336009,156.8579508833588,0.0,3944.0433600000015,2404.07585336009,100.0,0.0,0.0,2465.027100000001,0.0,0.0,2404.07585336009,0.0,0.10273528099060059,0.024147987365722656,0.5,0.0,38743.71891746809,21636.682680240807,13.679999999999998,0.0
normal,10,80.47458712028997,20.492507965523867,3999.8625975933473,2404.07585336009,166.689797593347,0.0,3933.1728000000007,2404.07585336009,100.0,0.0,0.0,2458.2329999999997,0.0,0.0,2404.07585336009,0.0,0.08659696578979492,0.02312946319580078,0.5,0.0,42743.581515061436,24040.758533600896,15.199999999999998,0.0
normal,11,85.71444573567375,23.441018507847307,4440.849097180657,2404.07585336009,175.86989718065513,0.0,4364.979200000002,2404.07585336009,100.0,0.0,0.0,2728.1120000000005,0.0,0.0,2404.07585336009,0.0,0.09873223304748535,0.027639389038085938,0.5,0.0,47184.4306122421,26444.834386960985,16.72,0.0
normal,12,88.01024999731855,20.564409416886882,4436.046148099232,2404.07585336009,181.44294809923082,0.0,4354.6032000000005,2404.07585336009,100.0,0.0,0.0,2721.627,0.0,0.0,2404.07585336009,0.0,0.11416196823120117,0.033898115158081055,0.5,0.0,51620.47676034133,28848.910240321075,18.24,0.0
normal,13,86.59660289117387,22.350084450024116,4435.373808786579,2404.07585336009,179.61380878657914,0.0,4355.759999999999,2404.07585336009,100.0,0.0,0.0,2722.3499999999995,0.0,0.0,2404.07585336009,0.0,0.1052696704864502,0.022121191024780273,0.5,0.0,56055.850569127906,31252.986093681164,19.759999999999998,0.0
normal,14,88.27578401602047,19.68353494201407,4438.798752919296,2404.07585336009,179.3091529192951,0.0,4359.489600000001,2404.07585336009,100.0,0.0,0.0,2724.6809999999996,0.0,0.0,2404.07585336009,0.0,0.10299158096313477,0.01803731918334961,0.5,0.0,60494.649322047204,33657.06194704126,21.279999999999998,0.0
normal,15,85.33888045225613,23.689810820613708,4434.5040888049125,2404.07585336009,181.98568880491217,0.0,4352.5184,2404.07585336009,100.0,0.0,0.0,2720.3240000000005,0.0,0.0,2404.07585336009,0.0,0.08421921730041504,0.03175163269042969,0.5,0.0,64929.153410852115,36061.137800401346,22.799999999999997,0.0
normal,16,77.4565413339472,19.320176277694465,4000.536910680462,2404.07585336009,156.4935506804607,0.0,3944.0433600000015,2404.07585336009,100.0,0.0,0.0,2465.027100000001,0.0,0.0,2404.07585336009,0.0,0.11445379257202148,0.024950265884399414,0.5,0.0,68929.69032153257,38465.213653761435,24.319999999999997,0.0
normal,17,76.7688835292059,21.79433135686027,4023.8293378894086,2404.07585336009,171.83285788940782,0.0,3951.9964800000007,2404.07585336009,100.0,0.0,0.0,2469.9977999999996,0.0,0.0,2404.07585336009,0.0,0.10351920127868652,0.023807764053344727,0.5,0.0,72953.51965942199,40869.289507121524,25.839999999999996,0.0
normal,18,87.06897422060221,22.364422236755967,4443.90940055422,2404.07585336009,175.52540055421898,0.0,4368.384000000001,2404.07585336009,100.0,0.0,0.0,2730.2400000000007,0.0,0.0,2404.07585336009,0.0,0.08879804611206055,0.022131919860839844,0.5,0.0,77397.4290599762,43273.36536048161,27.359999999999996,0.0
normal,19,82.95392994050128,24.628405271333843,4442.084827089226,2404.07585336009,164.86402708922554,0.0,4377.2208,2404.07585336009,100.0,0.0,0.0,2735.763,0.0,0.0,2404.07585336009,0.0,0.10583901405334473,0.029543399810791016,0.5,0.0,81839.51388706543,45677.4412138417,28.879999999999995,0.0
normal,20,82.60020912336067,24.303778721802527,4407.687935384007,2404.07585336009,169.43833538400693,0.0,4338.2496,2404.07585336009,100.0,0.0,0.0,2711.4059999999995,0.0,0.0,2404.07585336009,0.0,0.10359334945678711,0.023093223571777344,0.5,0.0,86247.20182244944,48081.51706720179,30.399999999999995,0.0
normal,21,81.20828187948342,24.558608323078438,4443.559055249968,2404.07585336009,180.6646552499679,0.0,4362.8944,2404.07585336009,100.0,0.0,0.0,2726.8089999999993,0.0,0.0,2404.07585336009,0.0,0.10228919982910156,0.023134708404541016,0.5,0.0,90690.7608776994,50485.59292056188,31.919999999999995,0.0
normal,22,81.75441438053086,22.27701407274462,4437.430640813192,2404.07585336009,184.91224081319297,0.0,4352.5184,2404.07585336009,100.0,0.0,0.0,2720.3240000000005,0.0,0.0,2404.07585336009,0.0,0.1125190258026123,0.02456045150756836,0.5,0.0,95128.1915185126,52889.66877392197,33.44,0.0
normal,23,74.88631276670993,20.490975669468387,3994.825307499783,2404.07585336009,150.7819474997814,0.0,3944.0433600000015,2404.07585336009,100.0,0.0,0.0,2465.027100000001,0.0,0.0,2404.07585336009,0.0,0.1015324592590332,0.02595806121826172,0.5,0.0,99123.01682601238,55293.74462728206,34.96,0.0
normal,24,77.3107741976847,18.62351214774844,3999.214681582822,2404.07585336009,167.5740415828213,0.0,3931.640640000001,2404.07585336009,100.0,0.0,0.0,2457.2754,0.0,0.0,2404.07585336009,0.0,0.09792089462280273,0.024654388427734375,0.5,0.0,103122.23150759519,57697.82048064215,36.480000000000004,0.0
normal,25,81.87965777103982,20.88465198751037,4423.831140073002,2404.07585336009,157.14954007300105,0.0,4366.681600000001,2404.07585336009,100.0,0.0,0.0,2729.1760000000004,0.0,0.0,2404.07585336009,0.0,0.1159524917602539,0.022264719009399414,0.5,0.0,107546.0626476682,60101.89633400224,38.00000000000001,0.0
normal,26,83.3302640329544,23.28421500187989,4460.7787600774,2404.07585336009,204.47316007740048,0.0,4356.3056,2404.07585336009,100.0,0.0,0.0,2722.6910000000003,0.0,0.0,2404.07585336009,0.0,0.09788060188293457,0.024524450302124023,0.5,0.0,112006.8414077456,62505.97218736233,39.52000000000001,0.0
normal,27,80.10644267253019,19.31128588010697,4405.055146822358,2404.07585336009,170.21034682235842,0.0,4334.8448,2404.07585336009,100.0,0.0,0.0,2709.2779999999993,0.0,0.0,2404.07585336009,0.0,0.10423040390014648,0.02282857894897461,0.5,0.0,116411.89655456795,64910.04804072242,41.04000000000001,0.0
normal,28,82.07959905318405,21.04151608383958,4419.785128262518,2404.07585336009,155.18832826251784,0.0,4364.5968,2404.07585336009,100.0,0.0,0.0,2727.8730000000005,0.0,0.0,2404.07585336009,0.0,0.11176657676696777,0.04102134704589844,0.5,0.0,120831.68168283047,67314.12389408251,42.56000000000002,0.0
normal,29,83.70659262692932,22.531073020721543,4463.480551771221,2404.07585336009,190.04695177122062,0.0,4373.4336,2404.07585336009,100.0,0.0,0.0,2733.396,0.0,0.0,2404.07585336009,0.0,0.10167431831359863,0.022617816925048828,0.5,0.0,125295.1622346017,69718.1997474426,44.08000000000002,0.0
normal,30,73.7763487645965,18.94935556760742,3989.577079096658,2404.07585336009,145.53371909665637,0.0,3944.0433600000015,2404.07585336009,100.0,0.0,0.0,2465.027100000001,0.0,0.0,2404.07585336009,0.0,0.10300707817077637,0.02299952507019043,0.5,0.0,129284.73931369836,72122.27560080269,45.60000000000002,0.0
normal,31,72.39121688885952,19.74335432583654,4001.7881282928874,2404.07585336009,149.79164829288712,0.0,3951.9964800000007,2404.07585336009,100.0,0.0,0.0,2469.9977999999996,0.0,0.0,2404.07585336009,0.0,0.10890007019042969,0.05260634422302246,0.5,0.0,133286.52744199126,74526.35145416278,47.120000000000026,0.0
normal,32,79.09036226736328,20.761757764227557,4413.449668661782,2404.07585336009,165.98086866178062,0.0,4347.4688000000015,2404.07585336009,100.0,0.0,0.0,2717.1680000000006,0.0,0.0,2404.07585336009,0.0,0.10334491729736328,0.021111011505126953,0.5,0.0,137699.97711065304,76930.42730752287,48.64000000000003,0.0
normal,33,80.44200357265336,18.916508938148386,4416.249047887612,2404.07585336009,161.64584788761118,0.0,4354.6032000000005,2404.07585336009,100.0,0.0,0.0,2721.627,0.0,0.0,2404.07585336009,0.0,0.07803702354431152,0.06056928634643555,0.5,0.0,142116.22615854064,79334.50316088296,50.16000000000003,0.0
normal,34,76.79502470260041,23.090152196691232,4412.51078452474,2404.07585336009,175.9635845247405,0.0,4336.5472,2404.07585336009,100.0,0.0,0.0,2710.3419999999996,0.0,0.0,2404.07585336009,0.0,0.0970613956451416,0.04653668403625488,0.5,0.0,146528.73694306536,81738.57901424305,51.680000000000035,0.0
normal,35,76.93722414252143,23.577329717726155,4428.952382337688,2404.07585336009,164.35558233768768,0.0,4364.5968,2404.07585336009,100.0,0.0,0.0,2727.8730000000005,0.0,0.0,2404.07585336009,0.0,0.09508919715881348,0.041747093200683594,0.5,0.0,150957.68932540304,84142.65486760314,53.20000000000004,0.0
normal,36,80.6226085820366,25.621006145545955,4443.259290954478,2404.07585336009,173.2304909544779,0.0,4370.0288,2404.07585336009,100.0,0.0,0.0,2731.2680000000005,0.0,0.0,2404.07585336009,0.0,0.10139179229736328,0.036374807357788086,0.5,0.0,155400.94861635752,86546.73072096323,54.72000000000004,0.0
normal,37,73.1835630921488,22.137080563586576,4013.4018466047783,2404.07585336009,169.35848660477674,0.0,3944.0433600000015,2404.07585336009,100.0,0.0,0.0,2465.027100000001,0.0,0.0,2404.07585336009,0.0,0.12037014961242676,0.02701711654663086,0.5,0.0,159414.3504629623,88950.80657432332,56.240000000000045,0.0
normal,38,71.63476970112283,21.4937009600007,3998.263410924579,2404.07585336009,165.09061092457847,0.0,3933.1728000000007,2404.07585336009,100.0,0.0,0.0,2458.2329999999997,0.0,0.0,2404.07585336009,0.0,0.09830188751220703,0.028025150299072266,0.5,0.0,163412.61387388688,91354.8824276834,57.76000000000005,0.0
normal,39,78.01423744943293,26.891969586901624,4442.753646096717,2404.07585336009,193.58244609671587,0.0,4349.171200000001,2404.07585336009,100.0,0.0,0.0,2718.232000000001,0.0,0.0,2404.07585336009,0.0,0.11822032928466797,0.025948286056518555,0.5,0.0,167855.36751998359,93758.9582810435,59.28000000000005,0.0
normal,40,74.37527489759269,21.80102026918698,4433.81027185787,2404.07585336009,175.80227185786967,0.0,4358.008000000001,2404.07585336009,100.0,0.0,0.0,2723.7549999999997,0.0,0.0,2404.07585336009,0.0,0.09905385971069336,0.020997047424316406,0.5,0.0,172289.17779184144,96163.03413440358,60.800000000000054,0.0
normal,41,73.08664293528388,22.597400470580162,4415.65155206248,2404.07585336009,179.10435206247993,0.0,4336.5472,2404.07585336009,100.0,0.0,0.0,2710.3419999999996,0.0,0.0,2404.07585336009,0.0,0.09929990768432617,0.025003910064697266,0.5,0.0,176704.82934390393,98567.10998776367,62.32000000000006,0.0
normal,42,77.52909227231953,20.03173828976841,4431.445354873948,2404.07585336009,166.84855487394807,0.0,4364.5968,2404.07585336009,100.0,0.0,0.0,2727.8730000000005,0.0,0.0,2404.07585336009,0.0,0.10863280296325684,0.02364516258239746,0.5,0.0,181136.27469877788,100971.18584112376,63.84000000000006,0.0
normal,43,72.7159364493449,18.249691143969706,4425.6523542247605,2404.07585336009,152.21875422476046,0.0,4373.4336,2404.07585336009,100.0,0.0,0.0,2733.396,0.0,0.0,2404.07585336009,0.0,0.09661459922790527,0.030999183654785156,0.5,0.0,185561.92705300264,103375.26169448385,65.36000000000006,0.0
normal,44,69.26482972250261,20.280163225806913,3983.456982750762,2404.07585336009,139.41362275076082,0.0,3944.0433600000015,2404.07585336009,100.0,0.0,0.0,2465.027100000001,0.0,0.0,2404.07585336009,0.0,0.11466550827026367,0.018995046615600586,0.5,0.0,189545.3840357534,105779.33754784394,66.88000000000005,0.0
normal,45,69.51270231332946,23.193321244799492,4002.23214232783,2404.07585336009,151.76782232782926,0.0,3950.464320000001,2404.07585336009,100.0,0.0,0.0,2469.0402,0.0,0.0,2404.07585336009,0.0,0.08279967308044434,0.028963327407836914,0.5,0.0,193547.61617808123,108183.41340120403,68.40000000000005,0.0
normal,46,75.90164725314445,22.09088543726733,4414.202239549513,2404.07585336009,163.3286395495129,0.0,4350.873600000001,2404.07585336009,100.0,0.0,0.0,2719.2960000000007,0.0,0.0,2404.07585336009,0.0,0.11271071434020996,0.027987241744995117,0.5,0.0,197961.81841763074,110587.48925456412,69.92000000000004,0.0
normal,47,74.23952435413854,22.5146155849436,4439.63955879681,2404.07585336009,162.41875879680975,0.0,4377.2208,2404.07585336009,100.0,0.0,0.0,2735.763,0.0,0.0,2404.07585336009,0.0,0.11153960227966309,0.029635906219482422,0.5,0.0,202401.45797642754,112991.56510792421,71.44000000000004,0.0
normal,48,76.58206955392593,21.67741093378266,4408.704156971876,2404.07585336009,172.15695697187576,0.0,4336.5472,2404.07585336009,100.0,0.0,0.0,2710.3419999999996,0.0,0.0,2404.07585336009,0.0,0.10553717613220215,0.021522045135498047,0.5,0.0,206810.16213339943,115395.6409612843,72.96000000000004,0.0
normal,49,71.09059662312639,24.119963025893714,4414.412038558996,2404.07585336009,170.73043855899633,0.0,4343.6816,2404.07585336009,100.0,0.0,0.0,2714.8009999999995,0.0,0.0,2404.07585336009,0.0,0.09544825553894043,0.02089691162109375,0.5,0.0,211224.57417195843,117799.71681464439,74.48000000000003,0.0
normal,50,73.9395542371823,22.16245150500325,4426.264891275275,2404.07585336009,172.04409127527447,0.0,4354.2208,2404.07585336009,100.0,0.0,0.0,2721.3880000000004,0.0,0.0,2404.07585336009,0.0,0.09963583946228027,0.023218154907226562,0.5,0.0,215650.8390632337,120203.79266800448,76.00000000000003,0.0
normal,51,63.755396401225774,21.522120325535244,3977.9253111140356,2404.07585336009,133.88195111403414,0.0,3944.0433600000015,2404.07585336009,100.0,0.0,0.0,2465.027100000001,0.0,0.0,2404.07585336009,0.0,0.11123394966125488,0.027323007583618164,0.5,0.0,219628.76437434772,122607.86852136457,77.52000000000002,0.0
normal,52,64.28181342087605,22.696410622417417,3991.2880468604303,2404.07585336009,158.1152468604296,0.0,3933.1728000000007,2404.07585336009,100.0,0.0,0.0,2458.2329999999997,0.0,0.0,2404.07585336009,0.0,0.11314797401428223,0.03011345863342285,0.5,0.0,223620.05242120815,125011.94437472466,79.04000000000002,0.0
normal,53,71.04117573884541,24.46719986841848,4423.364958748326,2404.07585336009,154.98095874832487,0.0,4368.384000000001,2404.07585336009,100.0,0.0,0.0,2730.2400000000007,0.0,0.0,2404.07585336009,0.0,0.10611891746520996,0.03485989570617676,0.5,0.0,228043.4173799565,127416.02022808474,80.56000000000002,0.0
normal,54,69.44477701234001,22.232348002433984,4428.410612378535,2404.07585336009,152.89221237853494,0.0,4375.5184,2404.07585336009,100.0,0.0,0.0,2734.699,0.0,0.0,2404.07585336009,0.0,0.09800004959106445,0.023116350173950195,0.5,0.0,232471.82799233502,129820.09608144483,82.08000000000001,0.0
normal,55,71.84536135709374,21.70627799095501,4397.55616341518,2404.07585336009,159.30656341517982,0.0,4338.2496,2404.07585336009,100.0,0.0,0.0,2711.4059999999995,0.0,0.0,2404.07585336009,0.0,0.09271764755249023,0.027799367904663086,0.5,0.0,236869.3841557502,132224.17193480494,83.60000000000001,0.0
normal,56,71.27336299891819,24.95055733285317,4433.670289853056,2404.07585336009,170.77588985305584,0.0,4362.8944,2404.07585336009,100.0,0.0,0.0,2726.8089999999993,0.0,0.0,2404.07585336009,0.0,0.1056833267211914,0.025466442108154297,0.5,0.0,241303.05444560325,134628.24778816503,85.12,0.0
normal,57,70.05178991127536,23.20889173777168,4425.791858954123,2404.07585336009,152.35825895412307,0.0,4373.4336,2404.07585336009,100.0,0.0,0.0,2733.396,0.0,0.0,2404.07585336009,0.0,0.10555100440979004,0.035842180252075195,0.5,0.0,245728.84630455737,137032.32364152512,86.64,0.0
normal,58,62.44732074350557,21.178799008191984,3982.57684118132,2404.07585336009,138.53348118131862,0.0,3944.0433600000015,2404.07585336009,100.0,0.0,0.0,2465.027100000001,0.0,0.0,2404.07585336009,0.0,0.11590695381164551,0.02657485008239746,0.5,0.0,249711.4231457387,139436.3994948852,88.16,0.0
normal,59,64.38902929786,18.825309288956277,3974.8769276181833,2404.07585336009,122.88044761818274,0.0,3951.9964800000007,2404.07585336009,100.0,0.0,0.0,2469.9977999999996,0.0,0.0,2404.07585336009,0.0,0.09740042686462402,0.028406858444213867,0.5,0.0,253686.30007335686,141840.4753482453,89.67999999999999,0.0
normal,60,65.40638309779442,24.067124508893922,4417.646425483845,2404.07585336009,166.77282548384386,0.0,4350.873600000001,2404.07585336009,100.0,0.0,0.0,2719.2960000000007,0.0,0.0,2404.07585336009,0.0,0.147477388381958,0.02210402488708496,0.5,0.0,258103.9464988407,144244.55120160538,91.19999999999999,0.0
normal,61,68.063645224713,19.91036216054047,4413.772969970896,2404.07585336009,138.25456997089645,0.0,4375.5184,2404.07585336009,100.0,0.0,0.0,2734.699,0.0,0.0,2404.07585336009,0.0,0.10849165916442871,0.022009849548339844,0.5,0.0,262517.7194688116,146648.62705496547,92.71999999999998,0.0
normal,62,69.01342000636863,24.005533598879154,4402.431932505757,2404.07585336009,169.2895325057571,0.0,4333.1424,2404.07585336009,100.0,0.0,0.0,2708.2139999999995,0.0,0.0,2404.07585336009,0.0,0.09904241561889648,0.027518749237060547,0.5,0.0,266920.15140131733,149052.70290832556,94.23999999999998,0.0
normal,63,68.02294997720396,23.40484375621865,4411.667829088767,2404.07585336009,167.98622908876683,0.0,4343.6816,2404.07585336009,100.0,0.0,0.0,2714.8009999999995,0.0,0.0,2404.07585336009,0.0,0.10313940048217773,0.03145027160644531,0.5,0.0,271331.8192304061,151456.77876168565,95.75999999999998,0.0
normal,64,66.02231015891157,24.89119038924703,4431.9185531527255,2404.07585336009,158.48495315272515,0.0,4373.4336,2404.07585336009,100.0,0.0,0.0,2733.396,0.0,0.0,2404.07585336009,0.0,0.11060547828674316,0.02506875991821289,0.5,0.0,275763.7377835588,153860.85461504574,97.27999999999997,0.0
normal,65,62.938945943814396,22.233144425912847,3978.540767058173,2404.07585336009,134.4974070581714,0.0,3944.0433600000015,2404.07585336009,100.0,0.0,0.0,2465.027100000001,0.0,0.0,2404.07585336009,0.0,0.1190638542175293,0.024097204208374023,0.5,0.0,279742.27855061693,156264.93046840583,98.79999999999997,0.0
normal,66,60.31213214309662,21.465166791040055,3990.2126612102547,2404.07585336009,138.21618121025423,0.0,3951.9964800000007,2404.07585336009,100.0,0.0,0.0,2469.9977999999996,0.0,0.0,2404.07585336009,0.0,0.10603618621826172,0.02329397201538086,0.5,0.0,283732.4912118272,158669.00632176592,100.31999999999996,0.0
normal,67,65.77484510939998,22.445162648946045,4404.99989564858,2404.07585336009,138.31829564857884,0.0,4366.681600000001,2404.07585336009,100.0,0.0,0.0,2729.1760000000004,0.0,0.0,2404.07585336009,0.0,0.12106513977050781,0.025077104568481445,0.5,0.0,288137.49110747577,161073.082175126,101.83999999999996,0.0
normal,68,67.10954927507268,21.693751947045982,4423.8140753484395,2404.07585336009,169.2108753484393,0.0,4354.6032000000005,2404.07585336009,100.0,0.0,0.0,2721.627,0.0,0.0,2404.07585336009,0.0,0.10208702087402344,0.028810739517211914,0.5,0.0,292561.3051828242,163477.1580284861,103.35999999999996,0.0
normal,69,64.06529014238073,21.988337052490582,4379.662661539569,2404.07585336009,141.41306153956893,0.0,4338.2496,2404.07585336009,100.0,0.0,0.0,2711.4059999999995,0.0,0.0,2404.07585336009,0.0,0.10863947868347168,0.03473520278930664,0.5,0.0,296940.96784436377,165881.2338818462,104.87999999999995,0.0
normal,70,66.31330141728326,22.87025498453884,4408.526604760063,2404.07585336009,145.63220476006228,0.0,4362.8944,2404.07585336009,100.0,0.0,0.0,2726.8089999999993,0.0,0.0,2404.07585336009,0.0,0.15953326225280762,0.021178483963012695,0.5,0.0,301349.49444912386,168285.30973520628,106.39999999999995,0.0
normal,71,67.2174341679452,19.82075507354983,4404.61252365896,2404.07585336009,131.17892365895932,0.0,4373.4336,2404.07585336009,100.0,0.0,0.0,2733.396,0.0,0.0,2404.07585336009,0.0,0.0862882137298584,0.024359941482543945,0.5,0.0,305754.1069727828,170689.38558856637,107.91999999999994,0.0
normal,72,58.16194922361857,19.955626252156197,3986.570386035235,2404.07585336009,161.35070603523397,0.0,3925.219680000001,2404.07585336009,100.0,0.0,0.0,2453.2623000000012,0.0,0.0,2404.07585336009,0.0,0.11741423606872559,0.021454572677612305,0.5,0.0,309740.67735881807,173093.46144192645,109.43999999999994,0.0
normal,73,55.062300670365424,21.25843907517822,3966.7735498366774,2404.07585336009,130.5364298366766,0.0,3936.2371200000007,2404.07585336009,100.0,0.0,0.0,2460.1482,0.0,0.0,2404.07585336009,0.0,0.0710294246673584,0.020345687866210938,0.5,0.0,313707.4509086547,175497.53729528654,110.95999999999994,0.0
normal,74,64.48514502937071,23.121770037214326,4404.931216966756,2404.07585336009,154.05761696675538,0.0,4350.873600000001,2404.07585336009,100.0,0.0,0.0,2719.2960000000007,0.0,0.0,2404.07585336009,0.0,0.1038045883178711,0.035013437271118164,0.5,0.0,318112.3821256215,177901.61314864663,112.47999999999993,0.0
normal,75,63.71693699619069,20.161137171281872,4423.917018341283,2404.07585336009,146.6962183412834,0.0,4377.2208,2404.07585336009,100.0,0.0,0.0,2735.763,0.0,0.0,2404.07585336009,0.0,0.10395145416259766,0.031411170959472656,0.5,0.0,322536.2991439628,180305.68900200672,113.99999999999993,0.0
normal,76,63.51638972813557,21.708189730232622,4386.358113777355,2404.07585336009,130.59811377735613,0.0,4355.759999999999,2404.07585336009,100.0,0.0,0.0,2722.3499999999995,0.0,0.0,2404.07585336009,0.0,0.10163474082946777,0.0243070125579834,0.5,0.0,326922.65725774015,182709.7648553668,115.51999999999992,0.0
normal,77,60.61197806109228,22.225340118528493,4400.332145333585,2404.07585336009,139.14014533358431,0.0,4361.192,2404.07585336009,100.0,0.0,0.0,2725.745,0.0,0.0,2404.07585336009,0.0,0.1204843521118164,0.021096229553222656,0.5,0.0,331322.98940307373,185113.8407087269,117.03999999999992,0.0
normal,78,64.5585908360077,25.661627247224295,4425.057294515452,2404.07585336009,155.0284945154516,0.0,4370.0288,2404.07585336009,100.0,0.0,0.0,2731.2680000000005,0.0,0.0,2404.07585336009,0.0,0.08777475357055664,0.031336307525634766,0.5,0.0,335748.04669758916,187517.916562087,118.55999999999992,0.0
normal,79,55.91879099028677,20.70246656196347,3971.4948360378967,2404.07585336009,127.45147603789502,0.0,3944.0433600000015,2404.07585336009,100.0,0.0,0.0,2465.027100000001,0.0,0.0,2404.07585336009,0.0,0.11051130294799805,0.02536487579345703,0.5,0.0,339719.5415336271,189921.99241544708,120.07999999999991,0.0
normal,80,53.59622975902753,22.13180284560607,3972.7165732667468,2404.07585336009,120.720093266746,0.0,3951.9964800000007,2404.07585336009,100.0,0.0,0.0,2469.9977999999996,0.0,0.0,2404.07585336009,0.0,0.09511756896972656,0.0231478214263916,0.5,0.0,343692.2581068938,192326.06826880717,121.59999999999991,0.0
normal,81,58.978915413409766,21.21855728164276,4390.4082273607355,2404.07585336009,123.7266273607346,0.0,4366.681600000001,2404.07585336009,100.0,0.0,0.0,2729.1760000000004,0.0,0.0,2404.07585336009,0.0,0.11696124076843262,0.02817392349243164,0.5,0.0,348082.66633425455,194730.14412216726,123.1199999999999,0.0
normal,82,58.437271008625736,21.07338366419708,4403.9571484869775,2404.07585336009,144.24674848697748,0.0,4359.7104,2404.07585336009,100.0,0.0,0.0,2724.819,0.0,0.0,2404.07585336009,0.0,0.10120129585266113,0.02393960952758789,0.5,0.0,352486.62348274153,197134.21997552735,124.6399999999999,0.0
normal,83,62.14461809897603,25.177474658997905,4401.8458458983105,2404.07585336009,149.4906458983105,0.0,4352.3552,2404.07585336009,100.0,0.0,0.0,2720.2219999999993,0.0,0.0,2404.07585336009,0.0,0.10043072700500488,0.01999378204345703,0.5,0.0,356888.46932863985,199538.29582888744,126.1599999999999,0.0
normal,84,62.22046488779629,23.09744081791274,4399.089466859275,2404.07585336009,136.1950668592747,0.0,4362.8944,2404.07585336009,100.0,0.0,0.0,2726.8089999999993,0.0,0.0,2404.07585336009,0.0,0.09900021553039551,0.023885488510131836,0.5,0.0,361287.55879549915,201942.37168224753,127.6799999999999,0.0
normal,85,59.660714619294026,24.33958557165145,4407.043091285369,2404.07585336009,154.52469128536862,0.0,4352.5184,2404.07585336009,100.0,0.0,0.0,2720.3240000000005,0.0,0.0,2404.07585336009,0.0,0.09961271286010742,0.029911041259765625,0.5,0.0,365694.60188678454,204346.44753560761,129.1999999999999,0.0
normal,86,56.574924098125685,18.55812961047008,3979.227069210333,2404.07585336009,135.18370921033156,0.0,3944.0433600000015,2404.07585336009,100.0,0.0,0.0,2465.027100000001,0.0,0.0,2404.07585336009,0.0,0.11512970924377441,0.024639129638671875,0.5,0.0,369673.82895599486,206750.5233889677,130.7199999999999,0.0
normal,87,53.59190945695809,19.99580201335803,3969.2425143771907,2404.07585336009,118.7781943771896,0.0,3950.464320000001,2404.07585336009,100.0,0.0,0.0,2469.0402,0.0,0.0,2404.07585336009,0.0,0.08457493782043457,0.023219585418701172,0.5,0.0,373643.07147037203,209154.5992423278,132.23999999999992,0.0
normal,88,60.04684230407816,22.953308354569437,4386.272807905278,2404.07585336009,138.80400790527608,0.0,4347.4688000000015,2404.07585336009,100.0,0.0,0.0,2717.1680000000006,0.0,0.0,2404.07585336009,0.0,0.11364245414733887,0.022996902465820312,0.5,0.0,378029.3442782773,211558.67509568788,133.75999999999993,0.0
normal,89,60.14195686276033,24.29566299336134,4410.511089516566,2404.07585336009,152.50308951656538,0.0,4358.008000000001,2404.07585336009,100.0,0.0,0.0,2723.7549999999997,0.0,0.0,2404.07585336009,0.0,0.10162758827209473,0.03154134750366211,0.5,0.0,382439.8553677939,213962.75094904797,135.27999999999994,0.0
normal,90,61.35026660835263,23.245678851953112,4392.430491041851,2404.07585336009,138.37289104185203,0.0,4354.057599999999,2404.07585336009,100.0,0.0,0.0,2721.2859999999996,0.0,0.0,2404.07585336009,0.0,0.14497780799865723,0.02487945556640625,0.5,0.0,386832.28585883573,216366.82680240806,136.79999999999995,0.0
normal,91,59.8737660921748,20.856730187786074,4383.815173624602,2404.07585336009,136.72877362460207,0.0,4347.0864,2404.07585336009,100.0,0.0,0.0,2716.929,0.0,0.0,2404.07585336009,0.0,0.11301875114440918,0.020990610122680664,0.5,0.0,391216.10103246034,218770.90265576815,138.31999999999996,0.0
normal,92,58.994710139004816,21.28998201776202,4404.861451910466,2404.07585336009,131.42785191046545,0.0,4373.4336,2404.07585336009,100.0,0.0,0.0,2733.396,0.0,0.0,2404.07585336009,0.0,0.10460329055786133,0.025103330612182617,0.5,0.0,395620.9624843708,221174.97850912824,139.83999999999997,0.0
normal,93,53.63280233752471,18.894109406430882,3955.204669276645,2404.07585336009,112.69346927664365,0.0,3942.5112000000013,2404.07585336009,100.0,0.0,0.0,2464.0695000000005,0.0,0.0,2404.07585336009,0.0,0.11463642120361328,0.025493144989013672,0.5,0.0,399576.16715364746,223579.05436248833,141.35999999999999,0.0
normal,94,51.70400100311114,22.443635858732016,3980.9460135503905,2404.07585336009,132.01385355038974,0.0,3948.9321600000007,2404.07585336009,100.0,0.0,0.0,2468.0826,0.0,0.0,2404.07585336009,0.0,0.09463977813720703,0.0185391902923584,0.5,0.0,403557.11316719785,225983.13021584842,142.88,0.0
normal,95,56.632244685914934,22.852851933501228,4396.835530051446,2404.07585336009,128.45153005144493,0.0,4368.384000000001,2404.07585336009,100.0,0.0,0.0,2730.2400000000007,0.0,0.0,2404.07585336009,0.0,0.09239554405212402,0.03099799156188965,0.5,0.0,407953.9486972493,228387.2060692085,144.4,0.0
normal,96,59.020531983189386,23.81214442054662,4425.98573193756,2404.07585336009,167.97773193755918,0.0,4358.008000000001,2404.07585336009,100.0,0.0,0.0,2723.7549999999997,0.0,0.0,2404.07585336009,0.0,0.1113898754119873,0.033791542053222656,0.5,0.0,412379.93442918686,230791.2819225686,145.92000000000002,0.0
normal,97,58.22451609719612,19.542709990314965,4387.564413742163,2404.07585336009,131.80441374216431,0.0,4355.759999999999,2404.07585336009,100.0,0.0,0.0,2722.3499999999995,0.0,0.0,2404.07585336009,0.0,0.10806798934936523,0.02170729637145996,0.5,0.0,416767.498842929,233195.35777592869,147.44000000000003,0.0
normal,98,57.444674521712564,20.477262446391663,4398.777573500212,2404.07585336009,135.88317350021237,0.0,4362.8944,2404.07585336009,100.0,0.0,0.0,2726.8089999999993,0.0,0.0,2404.07585336009,0.0,0.10077786445617676,0.03024005889892578,0.5,0.0,421166.27641642926,235599.43362928877,148.96000000000004,0.0
normal,99,54.98482231484365,22.153209052684726,4397.000420267687,2404.07585336009,144.48202026768737,0.0,4352.5184,2404.07585336009,100.0,0.0,0.0,2720.3240000000005,0.0,0.0,2404.07585336009,0.0,0.1095733642578125,0.03260087966918945,0.5,0.0,425563.27683669695,238003.50948264886,150.48000000000005,0.0
normal,100,52.91454745711434,19.3106729000628,3975.5955955248087,2404.07585336009,133.08439552480752,0.0,3942.5112000000013,2404.07585336009,100.0,0.0,0.0,2464.0695000000005,0.0,0.0,2404.07585336009,0.0,0.11815452575683594,0.0240786075592041,0.5,0.0,429538.8724322218,240407.58533600895,152.00000000000006,0.0
normal,101,49.933749474122145,19.876365489589876,3966.424496692429,2404.07585336009,114.42801669242826,0.0,3951.9964800000007,2404.07585336009,100.0,0.0,0.0,2469.9977999999996,0.0,0.0,2404.07585336009,0.0,0.08986496925354004,0.029237031936645508,0.5,0.0,433505.2969289142,242811.66118936904,153.52000000000007,0.0
normal,102,55.07193535586938,21.741245238697864,4390.405096646095,2404.07585336009,122.02109664609482,0.0,4368.384000000001,2404.07585336009,100.0,0.0,0.0,2730.2400000000007,0.0,0.0,2404.07585336009,0.0,0.12130045890808105,0.0258634090423584,0.5,0.0,437895.7020255603,245215.73704272913,155.04000000000008,0.0
normal,103,53.573188138268456,24.698300518241656,4394.349794530769,2404.07585336009,138.04419453076906,0.0,4356.3056,2404.07585336009,100.0,0.0,0.0,2722.6910000000003,0.0,0.0,2404.07585336009,0.0,0.1085972785949707,0.030132293701171875,0.5,0.0,442290.0518200911,247619.81289608922,156.5600000000001,0.0
normal,104,54.654275043576,23.121358537689364,4390.578951758453,2404.07585336009,134.81895175845315,0.0,4355.759999999999,2404.07585336009,100.0,0.0,0.0,2722.3499999999995,0.0,0.0,2404.07585336009,0.0,0.09696745872497559,0.020106077194213867,0.5,0.0,446680.63077184954,250023.8887494493,158.0800000000001,0.0
normal,105,56.68855799815143,22.58014409922162,4409.636941417892,2404.07585336009,146.74254141789174,0.0,4362.8944,2404.07585336009,100.0,0.0,0.0,2726.8089999999993,0.0,0.0,2404.07585336009,0.0,0.09175705909729004,0.022272109985351562,0.5,0.0,451090.2677132674,252427.9646028094,159.6000000000001,0.0
normal,106,55.49911127276505,21.46111047814788,4400.85512093677,2404.07585336009,150.03912093677016,0.0,4350.816,2404.07585336009,100.0,0.0,0.0,2719.26,0.0,0.0,2404.07585336009,0.0,0.08748888969421387,0.02323317527770996,0.5,0.0,455491.1228342042,254832.0404561695,161.12000000000012,0.0
normal,107,50.45195242807839,19.95580473937459,3955.1717726443107,2404.07585336009,129.95209264430954,0.0,3925.219680000001,2404.07585336009,100.0,0.0,0.0,2453.2623000000012,0.0,0.0,2404.07585336009,0.0,0.1177208423614502,0.027101516723632812,0.5,0.0,459446.2946068485,257236.11630952958,162.64000000000013,0.0
normal,108,50.20047809344135,19.588835576657292,3944.3258829036076,2404.07585336009,108.08876290360678,0.0,3936.2371200000007,2404.07585336009,100.0,0.0,0.0,2460.1482,0.0,0.0,2404.07585336009,0.0,0.10201239585876465,0.021996736526489258,0.5,0.0,463390.6204897521,259640.19216288967,164.16000000000014,0.0
normal,109,55.78672617513312,19.19665592324132,4378.520834262283,2404.07585336009,110.13683426228152,0.0,4368.384000000001,2404.07585336009,100.0,0.0,0.0,2730.2400000000007,0.0,0.0,2404.07585336009,0.0,0.11562800407409668,0.02453780174255371,0.5,0.0,467769.1413240144,262044.26801624976,165.68000000000015,0.0
normal,110,53.78060159181181,21.27533029051775,4392.173387559806,2404.07585336009,114.95258755980527,0.0,4377.2208,2404.07585336009,100.0,0.0,0.0,2735.763,0.0,0.0,2404.07585336009,0.0,0.10543394088745117,0.027898311614990234,0.5,0.0,472161.31471157423,264448.3438696099,167.20000000000016,0.0
normal,111,56.586134313268495,20.788080531412266,4389.8994061518815,2404.07585336009,151.64980615188148,0.0,4338.2496,2404.07585336009,100.0,0.0,0.0,2711.4059999999995,0.0,0.0,2404.07585336009,0.0,0.1191720962524414,0.026665687561035156,0.5,0.0,476551.21411772614,266852.41972297,168.72000000000017,0.0
normal,112,56.10645076081829,21.86663043971882,4387.32740052772,2404.07585336009,143.64580052771953,0.0,4343.6816,2404.07585336009,100.0,0.0,0.0,2714.8009999999995,0.0,0.0,2404.07585336009,0.0,0.12684082984924316,0.03818488121032715,0.5,0.0,480938.54151825386,269256.4955763301,170.24000000000018,0.0
normal,113,56.28930227360954,24.8523395642367,4421.082468766674,2404.07585336009,170.2664687666736,0.0,4350.816,2404.07585336009,100.0,0.0,0.0,2719.26,0.0,0.0,2404.07585336009,0.0,0.0960383415222168,0.03311800956726074,0.5,0.0,485359.6239870205,271660.57142969023,171.7600000000002,0.0
normal,114,48.38979969340716,19.619012567831305,3946.0063258443793,2404.07585336009,117.72232584437808,0.0,3928.284000000001,2404.07585336009,100.0,0.0,0.0,2455.1775000000007,0.0,0.0,2404.07585336009,0.0,0.10693979263305664,0.024630308151245117,0.5,0.0,489305.6303128649,274064.64728305035,173.2800000000002,0.0
normal,115,49.96508492343886,24.114287903761255,3975.3426001700795,2404.07585336009,123.3461201700787,0.0,3951.9964800000007,2404.07585336009,100.0,0.0,0.0,2469.9977999999996,0.0,0.0,2404.07585336009,0.0,0.10247087478637695,0.023027896881103516,0.5,0.0,493280.97291303496,276468.72313641047,174.8000000000002,0.0
normal,116,59.19099261252609,23.11901488799595,4401.323092195747,2404.07585336009,132.9390921957469,0.0,4368.384000000001,2404.07585336009,100.0,0.0,0.0,2730.2400000000007,0.0,0.0,2404.07585336009,0.0,0.10909795761108398,0.02501702308654785,0.5,0.0,497682.2960052307,278872.7989897706,176.32000000000022,0.0
normal,117,57.0703263394949,22.563224675029094,4401.094446398044,2404.07585336009,123.87364639804395,0.0,4377.2208,2404.07585336009,100.0,0.0,0.0,2735.763,0.0,0.0,2404.07585336009,0.0,0.10285282135009766,0.027822256088256836,0.5,0.0,502083.3904516287,281276.8748431307,177.84000000000023,0.0
normal,118,54.55256411642057,24.223810352146653,4374.56690447882,2404.07585336009,141.42450447881996,0.0,4333.1424,2404.07585336009,100.0,0.0,0.0,2708.2139999999995,0.0,0.0,2404.07585336009,0.0,0.11284875869750977,0.024990081787109375,0.5,0.0,506457.95735610754,283680.9506964908,179.36000000000024,0.0
normal,119,54.98692169913736,20.82383559800744,4390.317925520024,2404.07585336009,148.33872552002356,0.0,4341.979200000001,2404.07585336009,100.0,0.0,0.0,2713.737,0.0,0.0,2404.07585336009,0.0,0.1045236587524414,0.029891014099121094,0.5,0.0,510848.27528162755,286085.02654985094,180.88000000000025,0.0
normal,120,56.02652143925963,21.932842827502135,4407.3706634959,2404.07585336009,153.1498634959,0.0,4354.2208,2404.07585336009,100.0,0.0,0.0,2721.3880000000004,0.0,0.0,2404.07585336009,0.0,0.11716151237487793,0.02413034439086914,0.5,0.0,515255.64594512346,288489.10240321106,182.40000000000026,0.0
normal,121,48.800246541746986,22.82773664724308,3961.87707397492,2404.07585336009,117.8337139749188,0.0,3944.0433600000015,2404.07585336009,100.0,0.0,0.0,2465.027100000001,0.0,0.0,2404.07585336009,0.0,0.1063394546508789,0.021996736526489258,0.5,0.0,519217.5230190984,290893.1782565712,183.92000000000027,0.0
normal,122,47.453963678782365,21.1832792243011,3978.504443908238,2404.07585336009,128.04012390823718,0.0,3950.464320000001,2404.07585336009,100.0,0.0,0.0,2469.0402,0.0,0.0,2404.07585336009,0.0,0.09039163589477539,0.021999597549438477,0.5,0.0,523196.0274630066,293297.2541099313,185.44000000000028,0.0
normal,123,54.48777040936975,22.48224952721972,4402.020916363413,2404.07585336009,152.84971636341186,0.0,4349.171200000001,2404.07585336009,100.0,0.0,0.0,2718.232000000001,0.0,0.0,2404.07585336009,0.0,0.11205601692199707,0.03414011001586914,0.5,0.0,527598.04837937,295701.3299632914,186.9600000000003,0.0
normal,124,53.05430965215286,24.24777651193461,4406.170633383724,2404.07585336009,146.46023338372382,0.0,4359.7104,2404.07585336009,100.0,0.0,0.0,2724.819,0.0,0.0,2404.07585336009,0.0,0.09674978256225586,0.03149747848510742,0.5,0.0,532004.2190127537,298105.40581665153,188.4800000000003,0.0
normal,125,54.97065167074279,19.976705715055893,4378.217042874242,2404.07585336009,122.4570428742427,0.0,4355.759999999999,2404.07585336009,100.0,0.0,0.0,2722.3499999999995,0.0,0.0,2404.07585336009,0.0,0.10405707359313965,0.024109601974487305,0.5,0.0,536382.4360556279,300509.48167001165,190.0000000000003,0.0
normal,126,54.6211800617788,23.637213610099796,4408.799076654406,2404.07585336009,145.90467665440647,0.0,4362.8944,2404.07585336009,100.0,0.0,0.0,2726.8089999999993,0.0,0.0,2404.07585336009,0.0,0.11279702186584473,0.02354574203491211,0.5,0.0,540791.2351322823,302913.55752337177,191.52000000000032,0.0
normal,127,57.26068036701133,22.111529594522082,4405.812584984134,2404.07585336009,132.37898498413438,0.0,4373.4336,2404.07585336009,100.0,0.0,0.0,2733.396,0.0,0.0,2404.07585336009,0.0,0.09687685966491699,0.03333687782287598,0.5,0.0,545197.0477172664,305317.6333767319,193.04000000000033,0.0
normal,128,47.66870372363751,19.276363500771083,3956.5642575592046,2404.07585336009,114.05305755920348,0.0,3942.5112000000013,2404.07585336009,100.0,0.0,0.0,2464.0695000000005,0.0,0.0,2404.07585336009,0.0,0.10712099075317383,0.023214101791381836,0.5,0.0,549153.6119748256,307721.709230092,194.56000000000034,0.0
normal,129,50.1923890572099,19.102356145624203,3962.2432929565757,2404.07585336009,129.07049295657512,0.0,3933.1728000000007,2404.07585336009,100.0,0.0,0.0,2458.2329999999997,0.0,0.0,2404.07585336009,0.0,0.08807682991027832,0.02349066734313965,0.5,0.0,553115.8552677822,310125.7850834521,196.08000000000035,0.0
normal,130,55.0501966815776,22.259755325368154,4393.870265090045,2404.07585336009,142.99666509004456,0.0,4350.873600000001,2404.07585336009,100.0,0.0,0.0,2719.2960000000007,0.0,0.0,2404.07585336009,0.0,0.19274258613586426,0.024224042892456055,0.5,0.0,557509.7255328723,312529.86093681224,197.60000000000036,0.0
normal,131,55.655531220630856,23.073087324272876,4407.641565696482,2404.07585336009,147.93116569648222,0.0,4359.7104,2404.07585336009,100.0,0.0,0.0,2724.819,0.0,0.0,2404.07585336009,0.0,0.11325311660766602,0.02199268341064453,0.5,0.0,561917.3670985687,314933.93679017236,199.12000000000037,0.0
normal,132,58.142906956666344,23.641738849342403,4393.2957108294495,2404.07585336009,139.23811082945,0.0,4354.057599999999,2404.07585336009,100.0,0.0,0.0,2721.2859999999996,0.0,0.0,2404.07585336009,0.0,0.09125494956970215,0.01800680160522461,0.5,0.0,566310.6628093981,317338.0126435325,200.64000000000038,0.0
normal,133,54.40926838635454,26.017833880729995,4403.896627666068,2404.07585336009,156.8102276660676,0.0,4347.0864,2404.07585336009,100.0,0.0,0.0,2716.929,0.0,0.0,2404.07585336009,0.0,0.11450481414794922,0.04663729667663574,0.5,0.0,570714.5594370642,319742.0884968926,202.1600000000004,0.0
normal,134,52.69478802752972,24.029746761009548,4396.428608205952,2404.07585336009,122.9950082059511,0.0,4373.4336,2404.07585336009,100.0,0.0,0.0,2733.396,0.0,0.0,2404.07585336009,0.0,0.11583542823791504,0.027231693267822266,0.5,0.0,575110.9880452702,322146.1643502527,203.6800000000004,0.0
normal,135,50.12110923974577,23.619277964272293,3964.6984728108864,2404.07585336009,139.47879281088524,0.0,3925.219680000001,2404.07585336009,100.0,0.0,0.0,2453.2623000000012,0.0,0.0,2404.07585336009,0.0,0.1154482364654541,0.021565914154052734,0.5,0.0,579075.6865180811,324550.24020361283,205.20000000000041,0.0
normal,136,49.076017118375184,20.811199985753426,3953.4677665367694,2404.07585336009,120.29496653676867,0.0,3933.1728000000007,2404.07585336009,100.0,0.0,0.0,2458.2329999999997,0.0,0.0,2404.07585336009,0.0,0.0849611759185791,0.023528099060058594,0.5,0.0,583029.1542846179,326954.31605697295,206.72000000000043,0.0
normal,137,55.39032687466073,22.173933387450735,4399.440251445993,2404.07585336009,148.56665144599222,0.0,4350.873600000001,2404.07585336009,100.0,0.0,0.0,2719.2960000000007,0.0,0.0,2404.07585336009,0.0,0.15010356903076172,0.01953268051147461,0.5,0.0,587428.5945360638,329358.39191033307,208.24000000000044,0.0
normal,138,54.90236726991125,22.951418047622646,4387.953548140434,2404.07585336009,128.24314814043345,0.0,4359.7104,2404.07585336009,100.0,0.0,0.0,2724.819,0.0,0.0,2404.07585336009,0.0,0.09668970108032227,0.03237342834472656,0.5,0.0,591816.5480842043,331762.4677636932,209.76000000000045,0.0
normal,139,57.475810546719366,25.044232654328013,4384.132934453388,2404.07585336009,130.07533445338905,0.0,4354.057599999999,2404.07585336009,100.0,0.0,0.0,2721.2859999999996,0.0,0.0,2404.07585336009,0.0,0.1070706844329834,0.025000572204589844,0.5,0.0,596200.6810186577,334166.5436170533,211.28000000000046,0.0
normal,140,54.09991123676272,22.63930256769185,4398.495549776963,2404.07585336009,154.8139497769632,0.0,4343.6816,2404.07585336009,100.0,0.0,0.0,2714.8009999999995,0.0,0.0,2404.07585336009,0.0,0.10864782333374023,0.021527767181396484,0.5,0.0,600599.1765684347,336570.6194704134,212.80000000000047,0.0
normal,141,55.65673241237469,21.786394809242474,4401.011519208716,2404.07585336009,130.98271920871574,0.0,4370.0288,2404.07585336009,100.0,0.0,0.0,2731.2680000000005,0.0,0.0,2404.07585336009,0.0,0.10787820816040039,0.01904606819152832,0.5,0.0,605000.1880876434,338974.69532377354,214.32000000000048,0.0
normal,142,46.87517623180696,17.488068480558866,3971.141804410756,2404.07585336009,127.09844441075444,0.0,3944.0433600000015,2404.07585336009,100.0,0.0,0.0,2465.027100000001,0.0,0.0,2404.07585336009,0.0,0.10743880271911621,0.027997732162475586,0.5,0.0,608971.3298920541,341378.77117713366,215.8400000000005,0.0
normal,143,49.607366744555556,19.90676094966602,3972.7890031245443,2404.07585336009,120.79252312454358,0.0,3951.9964800000007,2404.07585336009,100.0,0.0,0.0,2469.9977999999996,0.0,0.0,2404.07585336009,0.0,0.09315657615661621,0.0209958553314209,0.5,0.0,612944.1188951787,343782.8470304938,217.3600000000005,0.0
normal,144,54.82633952012109,24.74436869653214,4405.937306361153,2404.07585336009,137.55330636115167,0.0,4368.384000000001,2404.07585336009,100.0,0.0,0.0,2730.2400000000007,0.0,0.0,2404.07585336009,0.0,0.10749578475952148,0.020007848739624023,0.5,0.0,617350.0562015398,346186.9228838539,218.8800000000005,0.0
normal,145,57.445335292217685,22.38203502161649,4401.723527745294,2404.07585336009,124.50272774529408,0.0,4377.2208,2404.07585336009,100.0,0.0,0.0,2735.763,0.0,0.0,2404.07585336009,0.0,0.0934760570526123,0.0205230712890625,0.5,0.0,621751.7797292852,348590.998737214,220.40000000000052,0.0
normal,146,57.2807396718566,24.437652691867697,4376.973817379926,2404.07585336009,121.2138173799268,0.0,4355.759999999999,2404.07585336009,100.0,0.0,0.0,2722.3499999999995,0.0,0.0,2404.07585336009,0.0,0.09735918045043945,0.01952815055847168,0.5,0.0,626128.7535466651,350995.07459057414,221.92000000000053,0.0
normal,147,57.42536768690892,21.715656492142788,4398.15880024484,2404.07585336009,133.5620002448399,0.0,4364.5968,2404.07585336009,100.0,0.0,0.0,2727.8730000000005,0.0,0.0,2404.07585336009,0.0,0.08907747268676758,0.022131919860839844,0.5,0.0,630526.9123469099,353399.15044393425,223.44000000000054,0.0
normal,148,55.87313356925379,24.045761535828685,4414.015597925298,2404.07585336009,142.2843979252977,0.0,4371.7312,2404.07585336009,100.0,0.0,0.0,2732.3320000000003,0.0,0.0,2404.07585336009,0.0,0.09706592559814453,0.023134469985961914,0.5,0.0,634940.9279448352,355803.2262972944,224.96000000000055,0.0
normal,149,50.1808150596057,18.633384340551064,3955.1774181565934,2404.07585336009,112.66621815659211,0.0,3942.5112000000013,2404.07585336009,100.0,0.0,0.0,2464.0695000000005,0.0,0.0,2404.07585336009,0.0,0.09986710548400879,0.02719902992248535,0.5,0.0,638896.1053629918,358207.3021506545,226.48000000000056,0.0
normal,150,49.33714952819989,22.4168411965965,3980.403633460544,2404.07585336009,128.40715346054333,0.0,3951.9964800000007,2404.07585336009,100.0,0.0,0.0,2469.9977999999996,0.0,0.0,2404.07585336009,0.0,0.0899209976196289,0.022469520568847656,0.5,0.0,642876.5089964523,360611.3780040146,228.00000000000057,0.0
normal,151,56.68731772866042,24.27728167143354,4395.867225724244,2404.07585336009,146.69602572424347,0.0,4349.171200000001,2404.07585336009,100.0,0.0,0.0,2718.232000000001,0.0,0.0,2404.07585336009,0.0,0.12266302108764648,0.021022319793701172,0.5,0.0,647272.3762221766,363015.4538573747,229.52000000000058,0.0
normal,152,58.273506046454344,23.88853372777856,4404.050148061877,2404.07585336009,142.63734806187722,0.0,4361.4128,2404.07585336009,100.0,0.0,0.0,2725.883,0.0,0.0,2404.07585336009,0.0,0.09411334991455078,0.026633262634277344,0.5,0.0,651676.4263702384,365419.52971073485,231.0400000000006,0.0
normal,153,59.155911828027946,23.204184724703445,4396.32112913043,2404.07585336009,140.56112913043032,0.0,4355.759999999999,2404.07585336009,100.0,0.0,0.0,2722.3499999999995,0.0,0.0,2404.07585336009,0.0,0.13402414321899414,0.023740291595458984,0.5,0.0,656072.7474993689,367823.60556409496,232.5600000000006,0.0
normal,154,59.01824212622245,22.192795759075228,4400.554600557831,2404.07585336009,137.66020055783068,0.0,4362.8944,2404.07585336009,100.0,0.0,0.0,2726.8089999999993,0.0,0.0,2404.07585336009,0.0,0.09706592559814453,0.024888992309570312,0.5,0.0,660473.3020999266,370227.6814174551,234.0800000000006,0.0
normal,155,57.2847582548535,24.4542266400804,4421.762551250961,2404.07585336009,148.3289512509613,0.0,4373.4336,2404.07585336009,100.0,0.0,0.0,2733.396,0.0,0.0,2404.07585336009,0.0,0.10832810401916504,0.02641153335571289,0.5,0.0,664895.0646511776,372631.7572708152,235.60000000000062,0.0
normal,156,54.037465295888126,22.767899444533818,3985.085896344351,2404.07585336009,141.0425363443498,0.0,3944.0433600000015,2404.07585336009,100.0,0.0,0.0,2465.027100000001,0.0,0.0,2404.07585336009,0.0,0.10674214363098145,0.027138233184814453,0.5,0.0,668880.150547522,375035.8331241753,237.12000000000063,0.0
normal,157,51.16236397647976,22.313877670076575,3969.7269487246026,2404.07585336009,133.48982872460206,0.0,3936.2371200000007,2404.07585336009,100.0,0.0,0.0,2460.1482,0.0,0.0,2404.07585336009,0.0,0.12699127197265625,0.025955915451049805,0.5,0.0,672849.8774962466,377439.90897753544,238.64000000000064,0.0
normal,158,59.7238401477613,24.40032347181823,4391.87943831688,2404.07585336009,125.19783831687859,0.0,4366.681600000001,2404.07585336009,100.0,0.0,0.0,2729.1760000000004,0.0,0.0,2404.07585336009,0.0,0.1257035732269287,0.023555517196655273,0.5,0.0,677241.7569345635,379843.98483089556,240.16000000000065,0.0
normal,159,62.83053530252685,24.55053667744493,4423.985103095221,2404.07585336009,169.38190309522108,0.0,4354.6032000000005,2404.07585336009,100.0,0.0,0.0,2721.627,0.0,0.0,2404.07585336009,0.0,0.09868884086608887,0.02008223533630371,0.5,0.0,681665.7420376587,382248.0606842557,241.68000000000066,0.0
normal,160,58.5987893782559,21.927758965055496,4396.717694412381,2404.07585336009,140.95769441238193,0.0,4355.759999999999,2404.07585336009,100.0,0.0,0.0,2722.3499999999995,0.0,0.0,2404.07585336009,0.0,0.1012117862701416,0.027208805084228516,0.5,0.0,686062.459732071,384652.1365376158,243.20000000000067,0.0
normal,161,61.75977671687062,24.497043004108868,4404.160837902651,2404.07585336009,141.26643790265086,0.0,4362.8944,2404.07585336009,100.0,0.0,0.0,2726.8089999999993,0.0,0.0,2404.07585336009,0.0,0.09915542602539062,0.02501964569091797,0.5,0.0,690466.6205699737,387056.2123909759,244.72000000000068,0.0
normal,162,62.122230450043084,20.803374219214703,4398.992699561458,2404.07585336009,146.47429956145808,0.0,4352.5184,2404.07585336009,100.0,0.0,0.0,2720.3240000000005,0.0,0.0,2404.07585336009,0.0,0.0984349250793457,0.019884109497070312,0.5,0.0,694865.6132695351,389460.288244336,246.2400000000007,0.0
normal,163,56.24948888826651,19.443175763820026,3963.90550516809,2404.07585336009,119.86214516808818,0.0,3944.0433600000015,2404.07585336009,100.0,0.0,0.0,2465.027100000001,0.0,0.0,2404.07585336009,0.0,0.05688905715942383,0.032521963119506836,0.5,0.0,698829.5187747033,391864.36409769615,247.7600000000007,0.0
normal,164,56.87879118480694,22.339126377623476,3984.7707029228077,2404.07585336009,134.3063829228067,0.0,3950.464320000001,2404.07585336009,100.0,0.0,0.0,2469.0402,0.0,0.0,2404.07585336009,0.0,0.09047460556030273,0.02109551429748535,0.5,0.0,702814.2894776261,394268.43995105627,249.2800000000007,0.0
normal,165,61.219687170570985,21.361518259842573,4397.6580380296,2404.07585336009,151.89163802959845,0.0,4345.766400000001,2404.07585336009,100.0,0.0,0.0,2716.1040000000007,0.0,0.0,2404.07585336009,0.0,0.09997892379760742,0.023112058639526367,0.5,0.0,707211.9475156557,396672.5158044164,250.80000000000072,0.0
normal,166,61.45049377696767,24.15257853326547,4412.732658112568,2404.07585336009,153.02225811256818,0.0,4359.7104,2404.07585336009,100.0,0.0,0.0,2724.819,0.0,0.0,2404.07585336009,0.0,0.0947866439819336,0.023103952407836914,0.5,0.0,711624.6801737682,399076.5916577765,252.32000000000073,0.0
normal,167,61.095087016692595,22.070533101313764,4392.946066469056,2404.07585336009,137.18606646905627,0.0,4355.759999999999,2404.07585336009,100.0,0.0,0.0,2722.3499999999995,0.0,0.0,2404.07585336009,0.0,0.11161971092224121,0.02356553077697754,0.5,0.0,716017.6262402373,401480.6675111366,253.84000000000074,0.0
normal,168,63.120279229465986,21.887574860256564,4390.282951182261,2404.07585336009,146.60135118226106,0.0,4343.6816,2404.07585336009,100.0,0.0,0.0,2714.8009999999995,0.0,0.0,2404.07585336009,0.0,0.09451460838317871,0.026838302612304688,0.5,0.0,720407.9091914195,403884.74336449674,255.36000000000075,0.0
normal,169,62.083245668849976,24.161703700222404,4430.807435397358,2404.07585336009,157.37383539735765,0.0,4373.4336,2404.07585336009,100.0,0.0,0.0,2733.396,0.0,0.0,2404.07585336009,0.0,0.09115386009216309,0.02399587631225586,0.5,0.0,724838.7166268169,406288.81921785686,256.88000000000073,0.0
normal,170,53.71403248739431,19.09422472623007,3970.101738292687,2404.07585336009,126.05837829268536,0.0,3944.0433600000015,2404.07585336009,100.0,0.0,0.0,2465.027100000001,0.0,0.0,2404.07585336009,0.0,0.10431623458862305,0.024214982986450195,0.5,0.0,728808.8183651096,408692.895071217,258.4000000000007,0.0
normal,171,55.13348153286514,19.396543526400574,3977.9309641528075,2404.07585336009,125.93448415280679,0.0,3951.9964800000007,2404.07585336009,100.0,0.0,0.0,2469.9977999999996,0.0,0.0,2404.07585336009,0.0,0.10061907768249512,0.025537490844726562,0.5,0.0,732786.7493292624,411096.9709245771,259.9200000000007,0.0
normal,172,65.23109419914344,21.494358946740796,4393.858063205,2404.07585336009,144.68686320499913,0.0,4349.171200000001,2404.07585336009,100.0,0.0,0.0,2718.232000000001,0.0,0.0,2404.07585336009,0.0,0.10311603546142578,0.015110492706298828,0.5,0.0,737180.6073924674,413501.0467779372,261.4400000000007,0.0
normal,173,63.87649764135225,22.79001898103333,4412.8186937357095,2404.07585336009,153.10829373570985,0.0,4359.7104,2404.07585336009,100.0,0.0,0.0,2724.819,0.0,0.0,2404.07585336009,0.0,0.09285879135131836,0.030100584030151367,0.5,0.0,741593.4260862032,415905.12263129733,262.96000000000066,0.0
normal,174,65.8050137334734,21.512821626007423,4376.451989637346,2404.07585336009,141.607189637346,0.0,4334.8448,2404.07585336009,100.0,0.0,0.0,2709.2779999999993,0.0,0.0,2404.07585336009,0.0,0.10499167442321777,0.022811412811279297,0.5,0.0,745969.8780758405,418309.19848465745,264.48000000000064,0.0
normal,175,63.93778206822773,22.1062178413134,4411.194293732837,2404.07585336009,148.29989373283675,0.0,4362.8944,2404.07585336009,100.0,0.0,0.0,2726.8089999999993,0.0,0.0,2404.07585336009,0.0,0.11384367942810059,0.03262686729431152,0.5,0.0,750381.0723695734,420713.27433801757,266.0000000000006,0.0
normal,176,62.386669041931036,21.562395111526513,4399.967888548566,2404.07585336009,128.2366885485662,0.0,4371.7312,2404.07585336009,100.0,0.0,0.0,2732.3320000000003,0.0,0.0,2404.07585336009,0.0,0.10528230667114258,0.023104190826416016,0.5,0.0,754781.040258122,423117.3501913777,267.5200000000006,0.0
normal,177,58.298417239524305,19.176523121121516,3970.6099349876804,2404.07585336009,128.09873498767897,0.0,3942.5112000000013,2404.07585336009,100.0,0.0,0.0,2464.0695000000005,0.0,0.0,2404.07585336009,0.0,0.10060834884643555,0.018974781036376953,0.5,0.0,758751.6501931098,425521.4260447378,269.0400000000006,0.0
normal,178,59.41522926945256,21.06544790619253,3984.0388446964776,2404.07585336009,132.0423646964768,0.0,3951.9964800000007,2404.07585336009,100.0,0.0,0.0,2469.9977999999996,0.0,0.0,2404.07585336009,0.0,0.08803629875183105,0.034820556640625,0.5,0.0,762735.6890378062,427925.5018980979,270.56000000000057,0.0
normal,179,66.0296587233803,24.570236950537495,4433.24988843391,2404.07585336009,182.3762884339098,0.0,4350.873600000001,2404.07585336009,100.0,0.0,0.0,2719.2960000000007,0.0,0.0,2404.07585336009,0.0,0.20494413375854492,0.02037787437438965,0.5,0.0,767168.9389262402,430329.57775145804,272.08000000000055,0.0
normal,180,65.610394469496,23.500836817935195,4413.613270602923,2404.07585336009,136.3924706029225,0.0,4377.2208,2404.07585336009,100.0,0.0,0.0,2735.763,0.0,0.0,2404.07585336009,0.0,0.09590601921081543,0.024799346923828125,0.5,0.0,771582.5521968431,432733.65360481816,273.60000000000053,0.0
normal,181,69.10753657379082,24.84304180565935,4426.8626820675945,2404.07585336009,171.10268206759494,0.0,4355.759999999999,2404.07585336009,100.0,0.0,0.0,2722.3499999999995,0.0,0.0,2404.07585336009,0.0,0.09318828582763672,0.02301502227783203,0.5,0.0,776009.4148789106,435137.7294581783,275.1200000000005,0.0
normal,182,67.80321109234661,23.045232004530916,4418.210976114586,2404.07585336009,174.52937611458572,0.0,4343.6816,2404.07585336009,100.0,0.0,0.0,2714.8009999999995,0.0,0.0,2404.07585336009,0.0,0.09663653373718262,0.02707505226135254,0.5,0.0,780427.6258550253,437541.8053115384,276.6400000000005,0.0
normal,183,67.63739347547047,21.56063740979482,4404.271713990123,2404.07585336009,150.0509139901232,0.0,4354.2208,2404.07585336009,100.0,0.0,0.0,2721.3880000000004,0.0,0.0,2404.07585336009,0.0,0.09717011451721191,0.027916669845581055,0.5,0.0,784831.8975690154,439945.8811648985,278.1600000000005,0.0
normal,184,60.90873342515963,23.39393602525782,3981.28582020533,2404.07585336009,138.77462020532846,0.0,3942.5112000000013,2404.07585336009,100.0,0.0,0.0,2464.0695000000005,0.0,0.0,2404.07585336009,0.0,0.1166532039642334,0.02110576629638672,0.5,0.0,788813.1833892207,442349.95701825863,279.68000000000046,0.0
normal,185,64.39650229598227,20.200283503059946,3988.4998174777584,2404.07585336009,156.85917747775719,0.0,3931.640640000001,2404.07585336009,100.0,0.0,0.0,2457.2754,0.0,0.0,2404.07585336009,0.0,0.10513091087341309,0.021522998809814453,0.5,0.0,792801.6832066985,444754.03287161875,281.20000000000044,0.0
normal,186,72.91439051811676,24.412990720637453,4422.622253298883,2404.07585336009,173.45105329888273,0.0,4349.171200000001,2404.07585336009,100.0,0.0,0.0,2718.232000000001,0.0,0.0,2404.07585336009,0.0,0.10569381713867188,0.01751399040222168,0.5,0.0,797224.3054599974,447158.10872497887,282.7200000000004,0.0
normal,187,71.08677553908332,22.97461524898611,4411.454421458476,2404.07585336009,150.04162145847582,0.0,4361.4128,2404.07585336009,100.0,0.0,0.0,2725.883,0.0,0.0,2404.07585336009,0.0,0.09308815002441406,0.025966882705688477,0.5,0.0,801635.7598814559,449562.184578339,284.2400000000004,0.0
normal,188,67.1192151031503,21.148690033457047,4385.437503819236,2404.07585336009,147.18790381923566,0.0,4338.2496,2404.07585336009,100.0,0.0,0.0,2711.4059999999995,0.0,0.0,2404.07585336009,0.0,0.17680120468139648,0.02611827850341797,0.5,0.0,806021.1973852752,451966.2604316991,285.7600000000004,0.0
normal,189,70.43912578346031,24.27910692593236,4417.780559759901,2404.07585336009,174.09895975990065,0.0,4343.6816,2404.07585336009,100.0,0.0,0.0,2714.8009999999995,0.0,0.0,2404.07585336009,0.0,0.09241867065429688,0.02008533477783203,0.5,0.0,810438.9779450351,454370.3362850592,287.28000000000037,0.0
normal,190,67.13854558328812,22.65840195572177,4421.0852170910075,2404.07585336009,149.35401709100697,0.0,4371.7312,2404.07585336009,100.0,0.0,0.0,2732.3320000000003,0.0,0.0,2404.07585336009,0.0,0.08833670616149902,0.02510976791381836,0.5,0.0,814860.0631621261,456774.41213841934,288.80000000000035,0.0
normal,191,61.089734155337474,20.537169200363834,3969.8184104715533,2404.07585336009,128.83937047155214,0.0,3940.979040000001,2404.07585336009,100.0,0.0,0.0,2463.111900000001,0.0,0.0,2404.07585336009,0.0,0.1067359447479248,0.023456573486328125,0.5,0.0,818829.8815725977,459178.48799177946,290.32000000000033,0.0
normal,192,63.662491340690956,21.932551324066242,3985.08048459427,2404.07585336009,134.6161645942688,0.0,3950.464320000001,2404.07585336009,100.0,0.0,0.0,2469.0402,0.0,0.0,2404.07585336009,0.0,0.09879112243652344,0.0245211124420166,0.5,0.0,822814.9620571919,461582.5638451396,291.8400000000003,0.0
normal,193,70.27309508983275,24.019005274349087,4417.161177840359,2404.07585336009,150.47957784035847,0.0,4366.681600000001,2404.07585336009,100.0,0.0,0.0,2729.1760000000004,0.0,0.0,2404.07585336009,0.0,0.09856319427490234,0.022997379302978516,0.5,0.0,827232.1232350322,463986.6396984997,293.3600000000003,0.0
normal,194,70.02827577625989,21.51019714876259,4426.429663925622,2404.07585336009,149.20886392562127,0.0,4377.2208,2404.07585336009,100.0,0.0,0.0,2735.763,0.0,0.0,2404.07585336009,0.0,0.09850168228149414,0.02410435676574707,0.5,0.0,831658.5528989579,466390.7155518598,294.8800000000003,0.0
normal,195,72.32580441960101,24.31519022182215,4419.264703994977,2404.07585336009,182.71750399497685,0.0,4336.5472,2404.07585336009,100.0,0.0,0.0,2710.3419999999996,0.0,0.0,2404.07585336009,0.0,0.10726666450500488,0.023763418197631836,0.5,0.0,836077.8176029528,468794.79140521993,296.40000000000026,0.0
normal,196,74.26111979640984,19.780798052886336,4422.584732032443,2404.07585336009,157.987932032443,0.0,4364.5968,2404.07585336009,100.0,0.0,0.0,2727.8730000000005,0.0,0.0,2404.07585336009,0.0,0.11165356636047363,0.03392481803894043,0.5,0.0,840500.4023349853,471198.86725858005,297.92000000000024,0.0
normal,197,71.45095553392356,24.238409799896882,4433.8962158146305,2404.07585336009,179.67541581463038,0.0,4354.2208,2404.07585336009,100.0,0.0,0.0,2721.3880000000004,0.0,0.0,2404.07585336009,0.0,0.09694695472717285,0.034569501876831055,0.5,0.0,844934.2985508,473602.94311194017,299.4400000000002,0.0
normal,198,64.96544313941659,18.005468968428023,3966.4177515010388,2404.07585336009,141.19807150103762,0.0,3925.219680000001,2404.07585336009,100.0,0.0,0.0,2453.2623000000012,0.0,0.0,2404.07585336009,0.0,0.10579395294189453,0.023061513900756836,0.5,0.0,848900.716302301,476007.0189653003,300.9600000000002,0.0
normal,199,66.26418103300598,20.075113841569877,4004.9737896432043,2404.07585336009,152.9773096432034,0.0,3951.9964800000007,2404.07585336009,100.0,0.0,0.0,2469.9977999999996,0.0,0.0,2404.07585336009,0.0,0.08962869644165039,0.03020191192626953,0.5,0.0,852905.6900919442,478411.0948186604,302.4800000000002,0.0
normal,200,73.86155383057145,23.464294691434056,4423.196202772101,2404.07585336009,154.8122027720997,0.0,4368.384000000001,2404.07585336009,100.0,0.0,0.0,2730.2400000000007,0.0,0.0,2404.07585336009,0.0,0.14749860763549805,0.021128177642822266,0.5,0.0,857328.8862947163,480815.1706720205,304.00000000000017,0.0
normal,201,75.16702471845572,22.600775897201004,4425.181056084889,2404.07585336009,165.4706560848889,0.0,4359.7104,2404.07585336009,100.0,0.0,0.0,2724.819,0.0,0.0,2404.07585336009,0.0,0.09767913818359375,0.02440667152404785,0.5,0.0,861754.0673508012,483219.24652538064,305.52000000000015,0.0
normal,202,76.22836388852572,25.58531388822953,4410.522380169,2404.07585336009,177.37998016900053,0.0,4333.1424,2404.07585336009,100.0,0.0,0.0,2708.2139999999995,0.0,0.0,2404.07585336009,0.0,0.10542654991149902,0.024053573608398438,0.5,0.0,866164.5897309702,485623.32237874076,307.04000000000013,0.0
normal,203,74.33966639714576,22.68157747349098,4410.763636428494,2404.07585336009,151.27403642849274,0.0,4359.489600000001,2404.07585336009,100.0,0.0,0.0,2724.6809999999996,0.0,0.0,2404.07585336009,0.0,0.09602022171020508,0.022193193435668945,0.5,0.0,870575.3533673987,488027.3982321009,308.5600000000001,0.0
normal,204,75.87820261182219,24.36118331240573,4426.053782190965,2404.07585336009,152.62018219096464,0.0,4373.4336,2404.07585336009,100.0,0.0,0.0,2733.396,0.0,0.0,2404.07585336009,0.0,0.11824774742126465,0.012010574340820312,0.5,0.0,875001.4071495897,490431.474085461,310.0800000000001,0.0
normal,205,69.66710545558354,20.629350756877724,3990.401921492182,2404.07585336009,149.4228814921807,0.0,3940.979040000001,2404.07585336009,100.0,0.0,0.0,2463.111900000001,0.0,0.0,2404.07585336009,0.0,0.10548520088195801,0.021942138671875,0.5,0.0,878991.8090710819,492835.5499388211,311.6000000000001,0.0
normal,206,69.47570124616813,20.946778564391515,4004.4383635158747,2404.07585336009,169.73340351587333,0.0,3934.704960000001,2404.07585336009,100.0,0.0,0.0,2459.1906000000004,0.0,0.0,2404.07585336009,0.0,0.08525514602661133,0.018996000289916992,0.5,0.0,882996.2474345978,495239.62579218124,313.12000000000006,0.0
normal,207,77.12572411695417,22.26948479512534,4431.890396532894,2404.07585336009,179.3143965328929,0.0,4352.576000000001,2404.07585336009,100.0,0.0,0.0,2720.3600000000006,0.0,0.0,2404.07585336009,0.0,0.09016036987304688,0.02298116683959961,0.5,0.0,887428.1378311308,497643.70164554135,314.64000000000004,0.0
normal,208,76.70671369473838,23.776666991110393,4441.089322569333,2404.07585336009,179.67652256933206,0.0,4361.4128,2404.07585336009,100.0,0.0,0.0,2725.883,0.0,0.0,2404.07585336009,0.0,0.10044980049133301,0.024904966354370117,0.5,0.0,891869.2271537001,500047.7774989015,316.16,0.0
normal,209,81.80321136307873,23.290265281214126,4432.818190536656,2404.07585336009,177.05819053665687,0.0,4355.759999999999,2404.07585336009,100.0,0.0,0.0,2722.3499999999995,0.0,0.0,2404.07585336009,0.0,0.12721586227416992,0.026523113250732422,0.5,0.0,896302.0453442368,502451.8533522616,317.68,0.0
normal,210,78.6036606354538,25.064270704086745,4431.231441298339,2404.07585336009,166.63464129833815,0.0,4364.5968,2404.07585336009,100.0,0.0,0.0,2727.8730000000005,0.0,0.0,2404.07585336009,0.0,0.11111307144165039,0.019995450973510742,0.5,0.0,900733.2767855352,504855.9292056217,319.2,0.0
normal,211,80.49998203503635,18.933623907873827,4433.508035931547,2404.07585336009,160.07443593154653,0.0,4373.4336,2404.07585336009,100.0,0.0,0.0,2733.396,0.0,0.0,2404.07585336009,0.0,0.10524702072143555,0.026276350021362305,0.5,0.0,905166.7848214667,507260.0050589818,320.71999999999997,0.0
normal,212,71.16707104317659,17.037203111271484,3992.446038777148,2404.07585336009,148.40267877714643,0.0,3944.0433600000015,2404.07585336009,100.0,0.0,0.0,2465.027100000001,0.0,0.0,2404.07585336009,0.0,0.1193702220916748,0.032006263732910156,0.5,0.0,909159.2308602438,509664.08091234195,322.23999999999995,0.0
normal,213,69.75134630215267,22.129738399557635,4000.7110136834826,2404.07585336009,150.24669368348188,0.0,3950.464320000001,2404.07585336009,100.0,0.0,0.0,2469.0402,0.0,0.0,2404.07585336009,0.0,0.09048271179199219,0.028828859329223633,0.5,0.0,913159.9418739273,512068.15676570206,323.75999999999993,0.0
normal,214,78.94647962245057,22.735818821903937,4431.220875258853,2404.07585336009,182.04967525885206,0.0,4349.171200000001,2404.07585336009,100.0,0.0,0.0,2718.232000000001,0.0,0.0,2404.07585336009,0.0,0.18337750434875488,0.02985358238220215,0.5,0.0,917591.1627491862,514472.2326190622,325.2799999999999,0.0
normal,215,79.69218979253121,24.853549999437558,4452.122168533413,2404.07585336009,174.90136853341264,0.0,4377.2208,2404.07585336009,100.0,0.0,0.0,2735.763,0.0,0.0,2404.07585336009,0.0,0.11054825782775879,0.022026777267456055,0.5,0.0,922043.2849177195,516876.3084724223,326.7999999999999,0.0
normal,216,80.68526400750473,20.873818116458107,4438.142747286266,2404.07585336009,182.38274728626664,0.0,4355.759999999999,2404.07585336009,100.0,0.0,0.0,2722.3499999999995,0.0,0.0,2404.07585336009,0.0,0.09453892707824707,0.020638704299926758,0.5,0.0,926481.4276650058,519280.3843257824,328.3199999999999,0.0
normal,217,79.33466149503745,22.534710003184745,4436.254712601341,2404.07585336009,171.65791260134154,0.0,4364.5968,2404.07585336009,100.0,0.0,0.0,2727.8730000000005,0.0,0.0,2404.07585336009,0.0,0.08709073066711426,0.02500438690185547,0.5,0.0,930917.6823776071,521684.46017914254,329.83999999999986,0.0
normal,218,80.25261145838502,24.711053474938414,4445.760368321641,2404.07585336009,193.24196832164097,0.0,4352.5184,2404.07585336009,100.0,0.0,0.0,2720.3240000000005,0.0,0.0,2404.07585336009,0.0,0.09453606605529785,0.023050785064697266,0.5,0.0,935363.4427459288,524088.53603250266,331.35999999999984,0.0
normal,219,72.52409420616554,21.334799077247645,4001.48808160315,2404.07585336009,157.44472160314882,0.0,3944.0433600000015,2404.07585336009,100.0,0.0,0.0,2465.027100000001,0.0,0.0,2404.07585336009,0.0,0.09677958488464355,0.03371286392211914,0.5,0.0,939364.930827532,526492.6118858628,332.8799999999998,0.0
normal,220,73.18503352887042,22.38643120524184,4014.5415480466363,2404.07585336009,162.54506804663558,0.0,3951.9964800000007,2404.07585336009,100.0,0.0,0.0,2469.9977999999996,0.0,0.0,2404.07585336009,0.0,0.10600662231445312,0.026039838790893555,0.5,0.0,943379.4723755786,528896.6877392229,334.3999999999998,0.0
normal,221,83.41454036304863,22.976168288075804,4428.911907684337,2404.07585336009,176.33590768433587,0.0,4352.576000000001,2404.07585336009,100.0,0.0,0.0,2720.3600000000006,0.0,0.0,2404.07585336009,0.0,0.08671069145202637,0.03353404998779297,0.5,0.0,947808.3842832629,531300.763592583,335.9199999999998,0.0
normal,222,84.9911160564511,21.92605323957532,4435.395437156643,2404.07585336009,159.8770371566434,0.0,4375.5184,2404.07585336009,100.0,0.0,0.0,2734.699,0.0,0.0,2404.07585336009,0.0,0.1030435562133789,0.02701115608215332,0.5,0.0,952243.7797204196,533704.8394459431,337.43999999999977,0.0
normal,223,82.87666822740407,22.910541786282657,4421.466736596672,2404.07585336009,186.62193659667193,0.0,4334.8448,2404.07585336009,100.0,0.0,0.0,2709.2779999999993,0.0,0.0,2404.07585336009,0.0,0.10636377334594727,0.0203857421875,0.5,0.0,956665.2464570162,536108.9152993032,338.95999999999975,0.0
normal,224,84.88548182093353,23.013732973873935,4444.990397305354,2404.07585336009,180.39359730535364,0.0,4364.5968,2404.07585336009,100.0,0.0,0.0,2727.8730000000005,0.0,0.0,2404.07585336009,0.0,0.09604907035827637,0.03199887275695801,0.5,0.0,961110.2368543216,538512.9911526634,340.47999999999973,0.0
normal,225,83.5869581133221,20.895749651940154,4432.291236935836,2404.07585336009,162.26243693583606,0.0,4370.0288,2404.07585336009,100.0,0.0,0.0,2731.2680000000005,0.0,0.0,2404.07585336009,0.0,0.10392165184020996,0.023012161254882812,0.5,0.0,965542.5280912574,540917.0670060235,341.9999999999997,0.0
normal,226,77.09530981475741,20.88301721622349,4005.365345920779,2404.07585336009,178.61350592077807,0.0,3926.7518400000013,2404.07585336009,100.0,0.0,0.0,2454.219900000001,0.0,0.0,2404.07585336009,0.0,0.10254907608032227,0.022336483001708984,0.5,0.0,969547.8934371782,543321.1428593836,343.5199999999997,0.0
normal,227,75.27074084518883,19.713568189845162,4004.149457246014,2404.07585336009,152.15297724601328,0.0,3951.9964800000007,2404.07585336009,100.0,0.0,0.0,2469.9977999999996,0.0,0.0,2404.07585336009,0.0,0.1045386791229248,0.020117759704589844,0.5,0.0,973552.0428944243,545725.2187127437,345.0399999999997,0.0
normal,228,84.2937320143834,20.424489438787756,4436.489762762864,2404.07585336009,168.1057627628635,0.0,4368.384000000001,2404.07585336009,100.0,0.0,0.0,2730.2400000000007,0.0,0.0,2404.07585336009,0.0,0.1054224967956543,0.02394247055053711,0.5,0.0,977988.5326571872,548129.2945661038,346.55999999999966,0.0
normal,229,84.89367479375393,20.709826052407884,4447.302207114237,2404.07585336009,187.59180711423718,0.0,4359.7104,2404.07585336009,100.0,0.0,0.0,2724.819,0.0,0.0,2404.07585336009,0.0,0.09783673286437988,0.02101898193359375,0.5,0.0,982435.8348643015,550533.370419464,348.07999999999964,0.0
normal,230,88.46501449390422,27.347272545546364,4447.504581653299,2404.07585336009,191.74458165329978,0.0,4355.759999999999,2404.07585336009,100.0,0.0,0.0,2722.3499999999995,0.0,0.0,2404.07585336009,0.0,0.10251879692077637,0.021867752075195312,0.5,0.0,986883.3394459548,552937.4462728241,349.5999999999996,0.0
normal,231,88.78991491053712,25.05061904001668,4438.850867341212,2404.07585336009,193.46686734121076,0.0,4345.384000000001,2404.07585336009,100.0,0.0,0.0,2715.865,0.0,0.0,2404.07585336009,0.0,0.0982973575592041,0.03237795829772949,0.5,0.0,991322.1903132959,555341.5221261842,351.1199999999996,0.0
normal,232,84.34409027993597,24.02585679042642,4446.568480030336,2404.07585336009,173.13488003033544,0.0,4373.4336,2404.07585336009,100.0,0.0,0.0,2733.396,0.0,0.0,2404.07585336009,0.0,0.09932208061218262,0.0339963436126709,0.5,0.0,995768.7587933262,557745.5979795443,352.6399999999996,0.0
normal,233,80.16942590497666,21.351022102089512,4000.8700820718022,2404.07585336009,158.35888207180128,0.0,3942.5112000000013,2404.07585336009,100.0,0.0,0.0,2464.0695000000005,0.0,0.0,2404.07585336009,0.0,0.09058332443237305,0.010006189346313477,0.5,0.0,999769.628875398,560149.6738329044,354.15999999999957,0.0
normal,234,80.93097097381752,21.87044849713116,4015.0536844507424,2404.07585336009,163.0572044507418,0.0,3951.9964800000007,2404.07585336009,100.0,0.0,0.0,2469.9977999999996,0.0,0.0,2404.07585336009,0.0,0.07539033889770508,0.01389169692993164,0.5,0.0,1003784.6825598486,562553.7496862645,355.67999999999955,0.0
normal,235,90.16215652691652,22.032637217114807,4446.895430169295,2404.07585336009,178.51143016929416,0.0,4368.384000000001,2404.07585336009,100.0,0.0,0.0,2730.2400000000007,0.0,0.0,2404.07585336009,0.0,0.1421971321105957,0.02659440040588379,0.5,0.0,1008231.577990018,564957.8255396247,357.19999999999953,0.0
normal,236,89.85759965681564,19.52090896940532,4459.7322382877255,2404.07585336009,182.5114382877259,0.0,4377.2208,2404.07585336009,100.0,0.0,0.0,2735.763,0.0,0.0,2404.07585336009,0.0,0.10488319396972656,0.03422999382019043,0.5,0.0,1012691.3102283056,567361.9013929848,358.7199999999995,0.0
normal,237,88.46347809801284,20.990200385194644,4426.672828721511,2404.07585336009,170.91282872151174,0.0,4355.759999999999,2404.07585336009,100.0,0.0,0.0,2722.3499999999995,0.0,0.0,2404.07585336009,0.0,0.10580921173095703,0.023529767990112305,0.5,0.0,1017117.9830570271,569765.9772463449,360.2399999999995,0.0
normal,238,91.52328704600946,23.90787531788533,4463.036381452497,2404.07585336009,215.949981452497,0.0,4347.0864,2404.07585336009,100.0,0.0,0.0,2716.929,0.0,0.0,2404.07585336009,0.0,0.09604120254516602,0.03153562545776367,0.5,0.0,1021581.0194384796,572170.053099705,361.7599999999995,0.0
normal,239,92.57678459690737,19.91384434728242,4457.9939826440095,2404.07585336009,184.56038264400962,0.0,4373.4336,2404.07585336009,100.0,0.0,0.0,2733.396,0.0,0.0,2404.07585336009,0.0,0.10587239265441895,0.022991657257080078,0.5,0.0,1026039.0134211236,574574.1289530651,363.27999999999946,0.0
normal,240,80.96556862702896,18.702788108699057,3998.8703437431095,2404.07585336009,172.11850374310836,0.0,3926.7518400000013,2404.07585336009,100.0,0.0,0.0,2454.219900000001,0.0,0.0,2404.07585336009,0.0,0.1071319580078125,0.036638736724853516,0.5,0.0,1030037.8837648667,576978.2048064253,364.79999999999944,0.0
normal,241,80.57278543384025,16.87480313618073,3992.5028751735135,2404.07585336009,156.26575517351299,0.0,3936.2371200000007,2404.07585336009,100.0,0.0,0.0,2460.1482,0.0,0.0,2404.07585336009,0.0,0.10160279273986816,0.020417213439941406,0.5,0.0,1034030.3866400402,579382.2806597854,366.3199999999994,0.0
normal,242,90.97204208996767,25.78699334250964,4441.621358037362,2404.07585336009,174.9397580373613,0.0,4366.681600000001,2404.07585336009,100.0,0.0,0.0,2729.1760000000004,0.0,0.0,2404.07585336009,0.0,0.11360478401184082,0.021907806396484375,0.5,0.0,1038472.0079980775,581786.3565131455,367.8399999999994,0.0
normal,243,93.54669654038985,22.87856743779303,4454.09802969873,2404.07585336009,197.79242969873013,0.0,4356.3056,2404.07585336009,100.0,0.0,0.0,2722.6910000000003,0.0,0.0,2404.07585336009,0.0,0.093780517578125,0.026902198791503906,0.5,0.0,1042926.1060277763,584190.4323665056,369.3599999999994,0.0
normal,244,92.30080929022358,23.62637994118057,4444.96155748524,2404.07585336009,190.9039574852406,0.0,4354.057599999999,2404.07585336009,100.0,0.0,0.0,2721.2859999999996,0.0,0.0,2404.07585336009,0.0,0.11054563522338867,0.036119937896728516,0.5,0.0,1047371.0675852615,586594.5082198657,370.87999999999937,0.0
normal,245,90.24680202180939,21.73849141629442,4455.455022060656,2404.07585336009,192.56062206065553,0.0,4362.8944,2404.07585336009,100.0,0.0,0.0,2726.8089999999993,0.0,0.0,2404.07585336009,0.0,0.09943222999572754,0.03393888473510742,0.5,0.0,1051826.522607322,588998.5840732259,372.39999999999935,0.0
normal,246,94.62163452947846,26.116232687698133,4459.922744933792,2404.07585336009,209.10674493379224,0.0,4350.816,2404.07585336009,100.0,0.0,0.0,2719.26,0.0,0.0,2404.07585336009,0.0,0.08476734161376953,0.03419995307922363,0.5,0.0,1056286.4453522558,591402.659926586,373.91999999999933,0.0
normal,247,83.23722394124384,18.677784010296165,4007.1621762587793,2404.07585336009,164.65097625877792,0.0,3942.5112000000013,2404.07585336009,100.0,0.0,0.0,2464.0695000000005,0.0,0.0,2404.07585336009,0.0,0.09936213493347168,0.03373599052429199,0.5,0.0,1060293.6075285147,593806.7357799461,375.4399999999993,0.0
normal,248,81.96593440785772,18.275953253347865,4016.4615646239763,2404.07585336009,164.46508462397594,0.0,3951.9964800000007,2404.07585336009,100.0,0.0,0.0,2469.9977999999996,0.0,0.0,2404.07585336009,0.0,0.0995476245880127,0.021100759506225586,0.5,0.0,1064310.0690931387,596210.8116333062,376.9599999999993,0.0
normal,249,91.63068571762524,24.05925068392158,4430.922817298846,2404.07585336009,183.45401729884458,0.0,4347.4688000000015,2404.07585336009,100.0,0.0,0.0,2717.1680000000006,0.0,0.0,2404.07585336009,0.0,0.09077763557434082,0.025318384170532227,0.5,0.0,1068740.9919104376,598614.8874866663,378.4799999999993,0.0
normal,250,94.04307611621141,23.67109665974906,4469.164477778456,2404.07585336009,191.94367777845594,0.0,4377.2208,2404.07585336009,100.0,0.0,0.0,2735.763,0.0,0.0,2404.07585336009,0.0,0.11375737190246582,0.026089191436767578,0.5,0.0,1073210.156388216,601018.9633400264,379.99999999999926,0.0
normal,251,93.98507856350938,21.957730783025347,4433.5302734044735,2404.07585336009,198.68547340447338,0.0,4334.8448,2404.07585336009,100.0,0.0,0.0,2709.2779999999993,0.0,0.0,2404.07585336009,0.0,0.10390496253967285,0.025630950927734375,0.5,0.0,1077643.6866616204,603423.0391933866,381.51999999999924,0.0
normal,252,94.498245163913,20.998824630532194,4445.7966943559295,2404.07585336009,198.7102943559291,0.0,4347.0864,2404.07585336009,100.0,0.0,0.0,2716.929,0.0,0.0,2404.07585336009,0.0,0.09966039657592773,0.03558611869812012,0.5,0.0,1082089.4833559764,605827.1150467467,383.0399999999992,0.0
normal,253,90.73077794292023,22.765639694755023,4448.1628355191815,2404.07585336009,176.43163551918136,0.0,4371.7312,2404.07585336009,100.0,0.0,0.0,2732.3320000000003,0.0,0.0,2404.07585336009,0.0,0.11793994903564453,0.04012107849121094,0.5,0.0,1086537.6461914957,608231.1909001068,384.5599999999992,0.0
normal,254,86.96525604470567,19.94452012224757,4012.273180093878,2404.07585336009,188.5856600938769,0.0,3923.6875200000013,2404.07585336009,100.0,0.0,0.0,2452.304700000001,0.0,0.0,2404.07585336009,0.0,0.11827707290649414,0.0323176383972168,0.5,0.0,1090549.9193715896,610635.2667534669,386.0799999999992,0.0
normal,255,88.03474561561461,20.540611646262047,4019.0987890989036,2404.07585336009,168.63446909890277,0.0,3950.464320000001,2404.07585336009,100.0,0.0,0.0,2469.0402,0.0,0.0,2404.07585336009,0.0,0.10353827476501465,0.025500059127807617,0.5,0.0,1094569.0181606885,613039.342606827,387.59999999999917,0.0
normal,256,95.61854811498544,22.86994348272615,4444.657149532282,2404.07585336009,176.27314953228182,0.0,4368.384000000001,2404.07585336009,100.0,0.0,0.0,2730.2400000000007,0.0,0.0,2404.07585336009,0.0,0.12935495376586914,0.026399850845336914,0.5,0.0,1099013.6753102208,615443.4184601872,389.11999999999915,0.0
normal,257,95.84009609419581,21.611055895079513,4467.581017042619,2404.07585336009,190.3602170426195,0.0,4377.2208,2404.07585336009,100.0,0.0,0.0,2735.763,0.0,0.0,2404.07585336009,0.0,0.11898994445800781,0.03482699394226074,0.5,0.0,1103481.2563272633,617847.4943135473,390.63999999999913,0.0
normal,258,97.00127917814854,23.41812086543842,4436.8891394862485,2404.07585336009,202.04433948624828,0.0,4334.8448,2404.07585336009,100.0,0.0,0.0,2709.2779999999993,0.0,0.0,2404.07585336009,0.0,0.10803532600402832,0.026808738708496094,0.5,0.0,1107918.1454667496,620251.5701669074,392.1599999999991,0.0
normal,259,95.58346017315306,22.273946065831282,4459.678627961783,2404.07585336009,196.78422796178296,0.0,4362.8944,2404.07585336009,100.0,0.0,0.0,2726.8089999999993,0.0,0.0,2404.07585336009,0.0,0.11319589614868164,0.02757883071899414,0.5,0.0,1112377.8240947113,622655.6460202675,393.6799999999991,0.0
normal,260,97.15403959963383,25.340035721347224,4469.214083942986,2404.07585336009,218.39808394298623,0.0,4350.816,2404.07585336009,100.0,0.0,0.0,2719.26,0.0,0.0,2404.07585336009,0.0,0.13341188430786133,0.020004987716674805,0.5,0.0,1116847.0381786544,625059.7218736276,395.1999999999991,0.0
normal,261,86.29101336419622,22.47659420492121,4016.9512611525415,2404.07585336009,174.44006115254058,0.0,3942.5112000000013,2404.07585336009,100.0,0.0,0.0,2464.0695000000005,0.0,0.0,2404.07585336009,0.0,0.10856270790100098,0.02000594139099121,0.5,0.0,1120863.989439807,627463.7977269877,396.71999999999906,0.0
normal,262,88.01951304722634,20.01946273177169,4024.3872076471607,2404.07585336009,191.21440764715965,0.0,3933.1728000000007,2404.07585336009,100.0,0.0,0.0,2458.2329999999997,0.0,0.0,2404.07585336009,0.0,0.08919525146484375,0.024015188217163086,0.5,0.0,1124888.376647454,629867.8735803479,398.23999999999904,0.0
normal,263,96.15877211030663,22.9674345754542,4451.4082472566815,2404.07585336009,200.53464725668059,0.0,4350.873600000001,2404.07585336009,100.0,0.0,0.0,2719.2960000000007,0.0,0.0,2404.07585336009,0.0,0.15142083168029785,0.02365255355834961,0.5,0.0,1129339.7848947106,632271.949433708,399.759999999999,0.0
normal,264,97.51736117101059,23.261750912499227,4470.936177188336,2404.07585336009,212.9281771883353,0.0,4358.008000000001,2404.07585336009,100.0,0.0,0.0,2723.7549999999997,0.0,0.0,2404.07585336009,0.0,0.11643815040588379,0.03087306022644043,0.5,0.0,1133810.721071899,634676.0252870681,401.279999999999,0.0
normal,265,98.5724263014838,21.760738409350676,4440.2345253036165,2404.07585336009,184.4745253036169,0.0,4355.759999999999,2404.07585336009,100.0,0.0,0.0,2722.3499999999995,0.0,0.0,2404.07585336009,0.0,0.11417055130004883,0.027109384536743164,0.5,0.0,1138250.9555972025,637080.1011404282,402.799999999999,0.0
normal,266,99.05460751540731,20.206257019665884,4447.376678159076,2404.07585336009,182.77987815907557,0.0,4364.5968,2404.07585336009,100.0,0.0,0.0,2727.8730000000005,0.0,0.0,2404.07585336009,0.0,0.20892786979675293,0.020526885986328125,0.5,0.0,1142698.3322753615,639484.1769937883,404.31999999999897,0.0
normal,267,101.1484823529626,22.19959456711976,4467.6093021824345,2404.07585336009,194.17570218243443,0.0,4373.4336,2404.07585336009,100.0,0.0,0.0,2733.396,0.0,0.0,2404.07585336009,0.0,0.10045695304870605,0.02606987953186035,0.5,0.0,1147165.941577544,641888.2528471485,405.83999999999895,0.0
normal,268,88.9113050780013,18.065317082129315,4015.469253971706,2404.07585336009,188.71741397170507,0.0,3926.7518400000013,2404.07585336009,100.0,0.0,0.0,2454.219900000001,0.0,0.0,2404.07585336009,0.0,0.12364387512207031,0.03291821479797363,0.5,0.0,1151181.4108315157,644292.3287005086,407.35999999999893,0.0
normal,269,88.78165905125485,19.157777140445912,4029.7756896036217,2404.07585336009,195.07072960362117,0.0,3934.704960000001,2404.07585336009,100.0,0.0,0.0,2459.1906000000004,0.0,0.0,2404.07585336009,0.0,0.08835649490356445,0.03593087196350098,0.5,0.0,1155211.1865211192,646696.4045538687,408.8799999999989,0.0
normal,270,99.31046294137246,19.47677183164167,4451.591195687717,2404.07585336009,199.0151956877161,0.0,4352.576000000001,2404.07585336009,100.0,0.0,0.0,2720.3600000000006,0.0,0.0,2404.07585336009,0.0,0.10233473777770996,0.02534317970275879,0.5,0.0,1159662.7777168069,649100.4804072288,410.3999999999989,0.0
normal,271,99.45083332887152,21.92083418263438,4444.650158305191,2404.07585336009,169.13175830519143,0.0,4375.5184,2404.07585336009,100.0,0.0,0.0,2734.699,0.0,0.0,2404.07585336009,0.0,0.10859417915344238,0.026725292205810547,0.5,0.0,1164107.427875112,651504.5562605889,411.9199999999989,0.0
normal,272,99.90596117670475,22.24431919705356,4456.748779170691,2404.07585336009,200.9887791706916,0.0,4355.759999999999,2404.07585336009,100.0,0.0,0.0,2722.3499999999995,0.0,0.0,2404.07585336009,0.0,0.11134886741638184,0.03264045715332031,0.5,0.0,1168564.1766542827,653908.632113949,413.43999999999886,0.0
normal,273,102.14663386476366,21.991673125620075,4449.00962642698,2404.07585336009,203.62562642697876,0.0,4345.384000000001,2404.07585336009,100.0,0.0,0.0,2715.865,0.0,0.0,2404.07585336009,0.0,0.11334490776062012,0.025118589401245117,0.5,0.0,1173013.1862807097,656312.7079673092,414.95999999999884,0.0
normal,274,100.49691455142003,22.667150508681537,4468.1082751980475,2404.07585336009,194.6746751980468,0.0,4373.4336,2404.07585336009,100.0,0.0,0.0,2733.396,0.0,0.0,2404.07585336009,0.0,0.1160118579864502,0.02884697914123535,0.5,0.0,1177481.2945559078,658716.7838206693,416.4799999999988,0.0
normal,275,93.33712924625365,20.301727691604043,4024.8766069968297,2404.07585336009,180.8332469968278,0.0,3944.0433600000015,2404.07585336009,100.0,0.0,0.0,2465.027100000001,0.0,0.0,2404.07585336009,0.0,0.11852812767028809,0.03969883918762207,0.5,0.0,1181506.1711629047,661120.8596740294,417.9999999999988,0.0
normal,276,92.31014295271767,22.162046754061752,4022.879770587466,2404.07585336009,170.88329058746558,0.0,3951.9964800000007,2404.07585336009,100.0,0.0,0.0,2469.9977999999996,0.0,0.0,2404.07585336009,0.0,0.10926342010498047,0.027010679244995117,0.5,0.0,1185529.0509334921,663524.9355273895,419.5199999999988,0.0
normal,277,104.48877977418033,23.93562070402709,4485.74925334648,2404.07585336009,217.3652533464792,0.0,4368.384000000001,2404.07585336009,100.0,0.0,0.0,2730.2400000000007,0.0,0.0,2404.07585336009,0.0,0.13146281242370605,0.02653217315673828,0.5,0.0,1190014.8001868387,665929.0113807496,421.03999999999877,0.0
normal,278,103.39119140770163,22.799893232570955,4480.647976791055,2404.07585336009,220.93757679105536,0.0,4359.7104,2404.07585336009,100.0,0.0,0.0,2724.819,0.0,0.0,2404.07585336009,0.0,0.10994887351989746,0.024687528610229492,0.5,0.0,1194495.4481636297,668333.0872341098,422.55999999999875,0.0
normal,279,101.74279442022078,23.80231671886622,4466.037427303938,2404.07585336009,210.27742730393854,0.0,4355.759999999999,2404.07585336009,100.0,0.0,0.0,2722.3499999999995,0.0,0.0,2404.07585336009,0.0,0.11701107025146484,0.026089191436767578,0.5,0.0,1198961.4855909336,670737.1630874699,424.07999999999873,0.0
normal,280,103.1608835773136,22.39758351571945,4464.714468466767,2404.07585336009,200.11766846676713,0.0,4364.5968,2404.07585336009,100.0,0.0,0.0,2727.8730000000005,0.0,0.0,2404.07585336009,0.0,0.10537266731262207,0.03563737869262695,0.5,0.0,1203426.2000594004,673141.23894083,425.5999999999987,0.0
normal,281,102.28009389357344,19.841461908592024,4474.959605914839,2404.07585336009,201.52600591483832,0.0,4373.4336,2404.07585336009,100.0,0.0,0.0,2733.396,0.0,0.0,2404.07585336009,0.0,0.11034822463989258,0.033483028411865234,0.5,0.0,1207901.1596653152,675545.3147941901,427.1199999999987,0.0
normal,282,92.30962813833519,20.245777911293082,4012.9182828711428,2404.07585336009,170.40708287114117,0.0,3942.5112000000013,2404.07585336009,100.0,0.0,0.0,2464.0695000000005,0.0,0.0,2404.07585336009,0.0,0.1144418716430664,0.03223395347595215,0.5,0.0,1211914.0779481863,677949.3906475502,428.6399999999987,0.0
normal,283,91.61323634496013,19.90853122765057,4042.0782975344146,2404.07585336009,191.61397753441403,0.0,3950.464320000001,2404.07585336009,100.0,0.0,0.0,2469.0402,0.0,0.0,2404.07585336009,0.0,0.10359597206115723,0.037853240966796875,0.5,0.0,1215956.1562457208,680353.4665009103,430.15999999999866,0.0
normal,284,103.29514017827,21.882973449135232,4469.722738648261,2404.07585336009,218.84913864826004,0.0,4350.873600000001,2404.07585336009,100.0,0.0,0.0,2719.2960000000007,0.0,0.0,2404.07585336009,0.0,0.10021448135375977,0.030001401901245117,0.5,0.0,1220425.878984369,682757.5423542705,431.67999999999864,0.0
normal,285,104.9856975988768,23.662272340653576,4488.945881016487,2404.07585336009,213.42748101648743,0.0,4375.5184,2404.07585336009,100.0,0.0,0.0,2734.699,0.0,0.0,2404.07585336009,0.0,0.11617612838745117,0.03696632385253906,0.5,0.0,1224914.8248653857,685161.6182076306,433.1999999999986,0.0
normal,286,104.11401093086876,21.823835467010596,4457.0034645030155,2404.07585336009,220.45626450301575,0.0,4336.5472,2404.07585336009,100.0,0.0,0.0,2710.3419999999996,0.0,0.0,2404.07585336009,0.0,0.09457015991210938,0.01999521255493164,0.5,0.0,1229371.8283298886,687565.6940609907,434.7199999999986,0.0
normal,287,102.53923131636816,23.527711950363425,4486.18043441306,2404.07585336009,221.5836344130598,0.0,4364.5968,2404.07585336009,100.0,0.0,0.0,2727.8730000000005,0.0,0.0,2404.07585336009,0.0,0.10120987892150879,0.02299666404724121,0.5,0.0,1233858.0087643017,689969.7699143508,436.2399999999986,0.0
normal,288,104.46141685391304,22.871359766529967,4469.635253346893,2404.07585336009,217.11685334689278,0.0,4352.5184,2404.07585336009,100.0,0.0,0.0,2720.3240000000005,0.0,0.0,2404.07585336009,0.0,0.16318082809448242,0.03099346160888672,0.5,0.0,1238327.6440176487,692373.8457677109,437.75999999999857,0.0
normal,289,92.92411751749297,21.186176967930013,4002.3244588716107,2404.07585336009,175.57261887160965,0.0,3926.7518400000013,2404.07585336009,100.0,0.0,0.0,2454.219900000001,0.0,0.0,2404.07585336009,0.0,0.10774731636047363,0.03307652473449707,0.5,0.0,1242329.9684765202,694777.9216210711,439.27999999999855,0.0
normal,290,93.32378268094561,22.44385907731666,4029.778924769289,2404.07585336009,198.1382847692882,0.0,3931.640640000001,2404.07585336009,100.0,0.0,0.0,2457.2754,0.0,0.0,2404.07585336009,0.0,0.10325479507446289,0.02827620506286621,0.5,0.0,1246359.7474012894,697181.9974744312,440.79999999999853,0.0
normal,291,105.80420165690914,21.10072017658651,4461.653431754508,2404.07585336009,210.77983175450734,0.0,4350.873600000001,2404.07585336009,100.0,0.0,0.0,2719.2960000000007,0.0,0.0,2404.07585336009,0.0,0.11629319190979004,0.029736757278442383,0.5,0.0,1250821.400833044,699586.0733277913,442.3199999999985,0.0
normal,292,107.72975625189417,20.284453880589375,4471.2203280779895,2404.07585336009,213.21232807798893,0.0,4358.008000000001,2404.07585336009,100.0,0.0,0.0,2723.7549999999997,0.0,0.0,2404.07585336009,0.0,0.12659406661987305,0.022075176239013672,0.5,0.0,1255292.6211611219,701990.1491811514,443.8399999999985,0.0
normal,293,103.73098792909768,21.073494526096937,4442.50146722082,2404.07585336009,190.14626722081974,0.0,4352.3552,2404.07585336009,100.0,0.0,0.0,2720.2219999999993,0.0,0.0,2404.07585336009,0.0,0.09437942504882812,0.02211141586303711,0.5,0.0,1259735.1226283426,704394.2250345115,445.3599999999985,0.0
normal,294,105.73210856683602,22.287119891639968,4461.44898864047,2404.07585336009,196.85218864046954,0.0,4364.5968,2404.07585336009,100.0,0.0,0.0,2727.8730000000005,0.0,0.0,2404.07585336009,0.0,0.11155223846435547,0.022996902465820312,0.5,0.0,1264196.571616983,706798.3008878717,446.87999999999846,0.0
normal,295,102.95197883652064,18.60851952643353,4457.583289355301,2404.07585336009,184.14968935529998,0.0,4373.4336,2404.07585336009,100.0,0.0,0.0,2733.396,0.0,0.0,2404.07585336009,0.0,0.12058281898498535,0.023001670837402344,0.5,0.0,1268654.1549063383,709202.3767412318,448.39999999999844,0.0
normal,296,96.84505836034698,21.769022648505853,4018.4218075495755,2404.07585336009,191.66996754957415,0.0,3926.7518400000013,2404.07585336009,100.0,0.0,0.0,2454.219900000001,0.0,0.0,2404.07585336009,0.0,0.10985612869262695,0.023993492126464844,0.5,0.0,1272672.576713888,711606.4525945919,449.9199999999984,0.0
normal,297,96.10171626975536,20.547926001934325,4024.958567756751,2404.07585336009,176.0264077567504,0.0,3948.9321600000007,2404.07585336009,100.0,0.0,0.0,2468.0826,0.0,0.0,2404.07585336009,0.0,0.10362744331359863,0.024115324020385742,0.5,0.0,1276697.5352816447,714010.528447952,451.4399999999984,0.0
normal,298,101.10337927557555,25.367897613728257,4474.509008072061,2404.07585336009,223.63540807206013,0.0,4350.873600000001,2404.07585336009,100.0,0.0,0.0,2719.2960000000007,0.0,0.0,2404.07585336009,0.0,0.12188124656677246,0.023891925811767578,0.5,0.0,1281172.0442897168,716414.6043013121,452.9599999999984,0.0
normal,299,104.9549011693163,22.876571157113997,4475.363588572437,2404.07585336009,220.76038857243685,0.0,4354.6032000000005,2404.07585336009,100.0,0.0,0.0,2721.627,0.0,0.0,2404.07585336009,0.0,0.11255455017089844,0.03287005424499512,0.5,0.0,1285647.4078782892,718818.6801546722,454.47999999999837,0.0
normal,300,105.01744245907584,24.258973063142033,4463.8964562545125,2404.07585336009,209.83885625451347,0.0,4354.057599999999,2404.07585336009,100.0,0.0,0.0,2721.2859999999996,0.0,0.0,2404.07585336009,0.0,0.16602826118469238,0.030983924865722656,0.5,0.0,1290111.3043345436,721222.7560080324,455.99999999999835,0.0
normal,301,104.41166980639866,20.554666206905267,4466.761756212195,2404.07585336009,221.37775621219438,0.0,4345.384000000001,2404.07585336009,100.0,0.0,0.0,2715.865,0.0,0.0,2404.07585336009,0.0,0.10129833221435547,0.02534651756286621,0.5,0.0,1294578.0660907559,723626.8318613925,457.51999999999833,0.0
normal,302,104.80838246600354,22.98074466032848,4466.175372054485,2404.07585336009,194.4441720544844,0.0,4371.7312,2404.07585336009,100.0,0.0,0.0,2732.3320000000003,0.0,0.0,2404.07585336009,0.0,0.13550829887390137,0.024997234344482422,0.5,0.0,1299044.2414628104,726030.9077147526,459.0399999999983,0.0
normal,303,92.95367758447772,20.706344764775192,4023.2914618707873,2404.07585336009,179.24810187078543,0.0,3944.0433600000015,2404.07585336009,100.0,0.0,0.0,2465.027100000001,0.0,0.0,2404.07585336009,0.0,0.12150859832763672,0.02700042724609375,0.5,0.0,1303067.5329246812,728434.9835681127,460.5599999999983,0.0
normal,304,96.49061019457656,21.547778165270717,4047.0989060112315,2404.07585336009,195.10242601123036,0.0,3951.9964800000007,2404.07585336009,100.0,0.0,0.0,2469.9977999999996,0.0,0.0,2404.07585336009,0.0,0.09592461585998535,0.021996259689331055,0.5,0.0,1307114.6318306925,730839.0594214728,462.0799999999983,0.0
normal,305,103.8589762698344,20.378505079201915,4473.037127870232,2404.07585336009,206.35552787023158,0.0,4366.681600000001,2404.07585336009,100.0,0.0,0.0,2729.1760000000004,0.0,0.0,2404.07585336009,0.0,0.09876298904418945,0.024900436401367188,0.5,0.0,1311587.6689585627,733243.135274833,463.59999999999826,0.0
normal,306,103.91526396195452,20.603381225353676,4475.024697800542,2404.07585336009,215.3142978005421,0.0,4359.7104,2404.07585336009,100.0,0.0,0.0,2724.819,0.0,0.0,2404.07585336009,0.0,0.11233830451965332,0.0248563289642334,0.5,0.0,1316062.6936563633,735647.2111281931,465.11999999999824,0.0
normal,307,108.29030982961918,23.789350438522174,4450.864811080066,2404.07585336009,217.72241108006637,0.0,4333.1424,2404.07585336009,100.0,0.0,0.0,2708.2139999999995,0.0,0.0,2404.07585336009,0.0,0.1081855297088623,0.023993492126464844,0.5,0.0,1320513.5584674433,738051.2869815532,466.6399999999982,0.0
normal,308,104.94840616740426,21.63093635879551,4457.9529293750975,2404.07585336009,214.27132937509774,0.0,4343.6816,2404.07585336009,100.0,0.0,0.0,2714.8009999999995,0.0,0.0,2404.07585336009,0.0,0.12146687507629395,0.011996030807495117,0.5,0.0,1324971.5113968183,740455.3628349133,468.1599999999982,0.0
normal,309,103.49292960755973,24.315137518648,4473.420634361842,2404.07585336009,220.90223436184198,0.0,4352.5184,2404.07585336009,100.0,0.0,0.0,2720.3240000000005,0.0,0.0,2404.07585336009,0.0,0.06924939155578613,0.015003442764282227,0.5,0.0,1329444.9320311802,742859.4386882734,469.6799999999982,0.0
normal,310,94.44591505346598,23.376764769432615,4040.731188171677,2404.07585336009,196.68782817167508,0.0,3944.0433600000015,2404.07585336009,100.0,0.0,0.0,2465.027100000001,0.0,0.0,2404.07585336009,0.0,0.08312821388244629,0.020015239715576172,0.5,0.0,1333485.663219352,745263.5145416335,471.19999999999817,0.0
normal,311,96.26754455611054,22.150190321194934,4038.1450604786396,2404.07585336009,186.14858047863854,0.0,3951.9964800000007,2404.07585336009,100.0,0.0,0.0,2469.9977999999996,0.0,0.0,2404.07585336009,0.0,0.08913683891296387,0.03179454803466797,0.5,0.0,1337523.8082798307,747667.5903949937,472.71999999999815,0.0
normal,312,104.54557560051278,22.88093181062318,4464.376033689745,2404.07585336009,211.8000336897438,0.0,4352.576000000001,2404.07585336009,100.0,0.0,0.0,2720.3600000000006,0.0,0.0,2404.07585336009,0.0,0.09764242172241211,0.022179841995239258,0.5,0.0,1341988.1843135206,750071.6662483538,474.23999999999813,0.0
normal,313,105.18883625407823,23.18995663041597,4488.139066228271,2404.07585336009,210.91826622827116,0.0,4377.2208,2404.07585336009,100.0,0.0,0.0,2735.763,0.0,0.0,2404.07585336009,0.0,0.10795450210571289,0.012044906616210938,0.5,0.0,1346476.3233797487,752475.7421017139,475.7599999999981,0.0
normal,314,102.81206069829807,24.1771767544462,4448.640141362698,2404.07585336009,215.49774136269875,0.0,4333.1424,2404.07585336009,100.0,0.0,0.0,2708.2139999999995,0.0,0.0,2404.07585336009,0.0,0.07717037200927734,0.013999700546264648,0.5,0.0,1350924.9635211115,754879.817955074,477.2799999999981,0.0
normal,315,101.77440096518698,22.01837938854977,4472.1907996615955,2404.07585336009,207.59399966159543,0.0,4364.5968,2404.07585336009,100.0,0.0,0.0,2727.8730000000005,0.0,0.0,2404.07585336009,0.0,0.08111071586608887,0.027002811431884766,0.5,0.0,1355397.1543207732,757283.8938084341,478.7999999999981,0.0
normal,316,105.03434464655966,21.837483161918044,4461.869345586394,2404.07585336009,211.0533455863946,0.0,4350.816,2404.07585336009,100.0,0.0,0.0,2719.26,0.0,0.0,2404.07585336009,0.0,0.0810236930847168,0.012534379959106445,0.5,0.0,1359859.0236663595,759687.9696617943,480.31999999999806,0.0
normal,317,97.85229882816945,21.039362913130198,4030.8645991751873,2404.07585336009,204.11275917518634,0.0,3926.7518400000013,2404.07585336009,100.0,0.0,0.0,2454.219900000001,0.0,0.0,2404.07585336009,0.0,0.09781026840209961,0.030921459197998047,0.5,0.0,1363889.8882655348,762092.0455151544,481.83999999999804,0.0
normal,318,94.44283254787672,24.510999449129002,4035.6615904907403,2404.07585336009,183.66511049073966,0.0,3951.9964800000007,2404.07585336009,100.0,0.0,0.0,2469.9977999999996,0.0,0.0,2404.07585336009,0.0,0.09682440757751465,0.00999903678894043,0.5,0.0,1367925.5498560255,764496.1213685145,483.359999999998,0.0
normal,319,101.1147751221636,22.803898185522694,4476.361713806866,2404.07585336009,225.48811380686533,0.0,4350.873600000001,2404.07585336009,100.0,0.0,0.0,2719.2960000000007,0.0,0.0,2404.07585336009,0.0,0.07555627822875977,0.009109020233154297,0.5,0.0,1372401.9115698324,766900.1972218746,484.879999999998,0.0
normal,320,103.15443038751107,23.929738146606955,4478.075851334052,2404.07585336009,200.85505133405135,0.0,4377.2208,2404.07585336009,100.0,0.0,0.0,2735.763,0.0,0.0,2404.07585336009,0.0,0.09363412857055664,0.030228614807128906,0.5,0.0,1376879.9874211664,769304.2730752347,486.399999999998,0.0
normal,321,102.02332670036685,23.178910834888832,4442.4765963239615,2404.07585336009,188.4189963239622,0.0,4354.057599999999,2404.07585336009,100.0,0.0,0.0,2721.2859999999996,0.0,0.0,2404.07585336009,0.0,0.11375784873962402,0.0321195125579834,0.5,0.0,1381322.4640174904,771708.3489285948,487.91999999999797,0.0
normal,322,105.79645640997644,22.878704830451742,4468.888464950437,2404.07585336009,205.99406495043715,0.0,4362.8944,2404.07585336009,100.0,0.0,0.0,2726.8089999999993,0.0,0.0,2404.07585336009,0.0,0.10856771469116211,0.020989418029785156,0.5,0.0,1385791.3524824409,774112.424781955,489.43999999999795,0.0
normal,323,104.53534308928484,23.562647250349414,4481.053310661969,2404.07585336009,209.32211066196845,0.0,4371.7312,2404.07585336009,100.0,0.0,0.0,2732.3320000000003,0.0,0.0,2404.07585336009,0.0,0.08577919006347656,0.023044109344482422,0.5,0.0,1390272.405793103,776516.5006353151,490.95999999999793,0.0
normal,324,92.25466572938603,21.667912365910183,4027.4798382222816,2404.07585336009,184.96863822228025,0.0,3942.5112000000013,2404.07585336009,100.0,0.0,0.0,2464.0695000000005,0.0,0.0,2404.07585336009,0.0,0.11641955375671387,0.029031038284301758,0.5,0.0,1394299.8856313252,778920.5764886752,492.4799999999979,0.0
normal,325,92.00136177822712,18.656806294850522,4035.2871736393963,2404.07585336009,186.3550136393953,0.0,3948.9321600000007,2404.07585336009,100.0,0.0,0.0,2468.0826,0.0,0.0,2404.07585336009,0.0,0.09746766090393066,0.0370020866394043,0.5,0.0,1398335.1728049645,781324.6523420353,493.9999999999979,0.0
normal,326,103.93263017010025,24.952745017486713,4457.07275840353,2404.07585336009,209.6039584035287,0.0,4347.4688000000015,2404.07585336009,100.0,0.0,0.0,2717.1680000000006,0.0,0.0,2404.07585336009,0.0,0.11182570457458496,0.019151687622070312,0.5,0.0,1402792.245563368,783728.7281953954,495.5199999999979,0.0
normal,327,100.47721057938013,22.417752515012918,4474.321164581059,2404.07585336009,214.6107645810591,0.0,4359.7104,2404.07585336009,100.0,0.0,0.0,2724.819,0.0,0.0,2404.07585336009,0.0,0.10117244720458984,0.022736787796020508,0.5,0.0,1407266.566727949,786132.8040487556,497.03999999999786,0.0
normal,328,100.83965988550706,23.021871570839455,4456.843473321759,2404.07585336009,201.0834733217601,0.0,4355.759999999999,2404.07585336009,100.0,0.0,0.0,2722.3499999999995,0.0,0.0,2404.07585336009,0.0,0.12313294410705566,0.036180973052978516,0.5,0.0,1411723.4102012708,788536.8799021157,498.55999999999784,0.0
normal,329,101.14768134765315,24.326155309998665,4472.330612433978,2404.07585336009,228.64901243397762,0.0,4343.6816,2404.07585336009,100.0,0.0,0.0,2714.8009999999995,0.0,0.0,2404.07585336009,0.0,0.08928322792053223,0.026897907257080078,0.5,0.0,1416195.740813705,790940.9557554758,500.0799999999978,0.0
normal,330,100.76630287957919,22.7387631636071,4488.659682930988,2404.07585336009,215.22608293098762,0.0,4373.4336,2404.07585336009,100.0,0.0,0.0,2733.396,0.0,0.0,2404.07585336009,0.0,0.10898876190185547,0.02959585189819336,0.5,0.0,1420684.4004966358,793345.0316088359,501.5999999999978,0.0
normal,331,94.22059715423308,21.308585982236732,4030.776468565714,2404.07585336009,186.73310856571263,0.0,3944.0433600000015,2404.07585336009,100.0,0.0,0.0,2465.027100000001,0.0,0.0,2404.07585336009,0.0,0.11284828186035156,0.0261080265045166,0.5,0.0,1424715.1769652015,795749.107462196,503.1199999999978,0.0
normal,332,91.83407426662647,22.297544116295082,4045.7181818294475,2404.07585336009,212.54538182944708,0.0,3933.1728000000007,2404.07585336009,100.0,0.0,0.0,2458.2329999999997,0.0,0.0,2404.07585336009,0.0,0.1056516170501709,0.026217937469482422,0.5,0.0,1428760.895147031,798153.1833155561,504.63999999999777,0.0
normal,333,100.41908255670812,24.49559839354018,4465.304323387933,2404.07585336009,196.92032338793283,0.0,4368.384000000001,2404.07585336009,100.0,0.0,0.0,2730.2400000000007,0.0,0.0,2404.07585336009,0.0,0.17032408714294434,0.02486395835876465,0.5,0.0,1433226.199470419,800557.2591689163,506.15999999999775,0.0
normal,334,101.70904052639764,20.2297592262643,4474.769994498154,2404.07585336009,216.761994498153,0.0,4358.008000000001,2404.07585336009,100.0,0.0,0.0,2723.7549999999997,0.0,0.0,2404.07585336009,0.0,0.10075139999389648,0.02515411376953125,0.5,0.0,1437700.9694649172,802961.3350222764,507.67999999999773,0.0
normal,335,102.62837967032108,20.278434363696206,4458.161707657525,2404.07585336009,202.40170765752555,0.0,4355.759999999999,2404.07585336009,100.0,0.0,0.0,2722.3499999999995,0.0,0.0,2404.07585336009,0.0,0.10338902473449707,0.02510380744934082,0.5,0.0,1442159.1311725748,805365.4108756365,509.1999999999977,0.0
normal,336,99.7590272169037,22.46807614168323,4448.44532932457,2404.07585336009,188.9557293245691,0.0,4359.489600000001,2404.07585336009,100.0,0.0,0.0,2724.6809999999996,0.0,0.0,2404.07585336009,0.0,0.10046577453613281,0.02601170539855957,0.5,0.0,1446607.5765018994,807769.4867289966,510.7199999999977,0.0
normal,337,101.37601908577169,20.590740337703586,4460.149217632304,2404.07585336009,207.63081763230363,0.0,4352.5184,2404.07585336009,100.0,0.0,0.0,2720.3240000000005,0.0,0.0,2404.07585336009,0.0,0.10943961143493652,0.0251615047454834,0.5,0.0,1451067.7257195318,810173.5625823567,512.2399999999977,0.0
normal,338,90.31905971156375,22.535628244536273,4031.0108707842974,2404.07585336009,202.7268707842968,0.0,3928.284000000001,2404.07585336009,100.0,0.0,0.0,2455.1775000000007,0.0,0.0,2404.07585336009,0.0,0.11465644836425781,0.024942398071289062,0.5,0.0,1455098.736590316,812577.6384357169,513.7599999999977,0.0
normal,339,89.36832825683378,18.38730368891117,4015.448513150275,2404.07585336009,166.51635315027403,0.0,3948.9321600000007,2404.07585336009,100.0,0.0,0.0,2468.0826,0.0,0.0,2404.07585336009,0.0,0.0903933048248291,0.023101091384887695,0.5,0.0,1459114.1851034663,814981.714289077,515.2799999999977,0.0
normal,340,100.86677575963296,22.44384608411732,4458.37560692288,2404.07585336009,205.7996069228793,0.0,4352.576000000001,2404.07585336009,100.0,0.0,0.0,2720.3600000000006,0.0,0.0,2404.07585336009,0.0,0.10037851333618164,0.01800704002380371,0.5,0.0,1463572.5607103892,817385.7901424371,516.7999999999977,0.0
normal,341,104.46959237503991,23.49490970788536,4486.030888504207,2404.07585336009,208.81008850420676,0.0,4377.2208,2404.07585336009,100.0,0.0,0.0,2735.763,0.0,0.0,2404.07585336009,0.0,0.08500456809997559,0.03719472885131836,0.5,0.0,1468058.5915988933,819789.8659957972,518.3199999999977,0.0
normal,342,100.85675085629562,22.61931420458629,4436.711804187532,2404.07585336009,198.46220418753214,0.0,4338.2496,2404.07585336009,100.0,0.0,0.0,2711.4059999999995,0.0,0.0,2404.07585336009,0.0,0.09760499000549316,0.030001401901245117,0.5,0.0,1472495.303403081,822193.9418491573,519.8399999999976,0.0
normal,343,101.1586926643616,22.52000678329597,4452.896777044987,2404.07585336009,188.29997704498703,0.0,4364.5968,2404.07585336009,100.0,0.0,0.0,2727.8730000000005,0.0,0.0,2404.07585336009,0.0,0.09224176406860352,0.016999483108520508,0.5,0.0,1476948.200180126,824598.0177025174,521.3599999999976,0.0
normal,344,102.11758270248417,19.270330024136918,4463.9403469129475,2404.07585336009,209.71954691294712,0.0,4354.2208,2404.07585336009,100.0,0.0,0.0,2721.3880000000004,0.0,0.0,2404.07585336009,0.0,0.10611677169799805,0.021552562713623047,0.5,0.0,1481412.1405270388,827002.0935558776,522.8799999999976,0.0
normal,345,90.07297413983383,18.665026499283957,4017.98687356925,2404.07585336009,175.4756735692482,0.0,3942.5112000000013,2404.07585336009,100.0,0.0,0.0,2464.0695000000005,0.0,0.0,2404.07585336009,0.0,0.07850909233093262,0.014000415802001953,0.5,0.0,1485430.127400608,829406.1694092377,524.3999999999976,0.0
normal,346,89.48671127615819,21.610714956179617,4039.6619711323156,2404.07585336009,190.7298111323145,0.0,3948.9321600000007,2404.07585336009,100.0,0.0,0.0,2468.0826,0.0,0.0,2404.07585336009,0.0,0.060588836669921875,0.013011932373046875,0.5,0.0,1489469.7893717403,831810.2452625978,525.9199999999976,0.0
normal,347,98.80097760027168,27.783677557954878,4463.165495493015,2404.07585336009,215.69669549301403,0.0,4347.4688000000015,2404.07585336009,100.0,0.0,0.0,2717.1680000000006,0.0,0.0,2404.07585336009,0.0,0.11012077331542969,0.034121036529541016,0.5,0.0,1493932.9548672333,834214.3211159579,527.4399999999976,0.0
normal,348,99.22621602345676,20.05473467017421,4471.341813901727,2404.07585336009,195.82341390172638,0.0,4375.5184,2404.07585336009,100.0,0.0,0.0,2734.699,0.0,0.0,2404.07585336009,0.0,0.0925600528717041,0.017583131790161133,0.5,0.0,1498404.296681135,836618.396969318,528.9599999999975,0.0
normal,349,94.601538860254,22.421512467333756,4446.8403914022465,2404.07585336009,192.78279140224748,0.0,4354.057599999999,2404.07585336009,100.0,0.0,0.0,2721.2859999999996,0.0,0.0,2404.07585336009,0.0,0.10374569892883301,0.03523612022399902,0.5,0.0,1502851.137072537,839022.4728226782,530.4799999999975,0.0
normal,350,96.17027626299019,22.624930748508724,4449.077991259255,2404.07585336009,184.48119125925524,0.0,4364.5968,2404.07585336009,100.0,0.0,0.0,2727.8730000000005,0.0,0.0,2404.07585336009,0.0,0.09509944915771484,0.022733688354492188,0.5,0.0,1507300.2150637964,841426.5486760383,531.9999999999975,0.0
normal,351,96.45450242187162,22.707238146820323,4450.472358030494,2404.07585336009,199.6563580304946,0.0,4350.816,2404.07585336009,100.0,0.0,0.0,2719.26,0.0,0.0,2404.07585336009,0.0,0.10080313682556152,0.019527435302734375,0.5,0.0,1511750.6874218269,843830.6245293984,533.5199999999975,0.0
normal,352,86.68656255556589,20.0639387601372,4023.3355204805384,2404.07585336009,180.8243204805373,0.0,3942.5112000000013,2404.07585336009,100.0,0.0,0.0,2464.0695000000005,0.0,0.0,2404.07585336009,0.0,0.09651541709899902,0.023040294647216797,0.5,0.0,1515774.0229423074,846234.7003827585,535.0399999999975,0.0
normal,353,87.11628077872338,22.094515154451006,4023.3965529763345,2404.07585336009,187.15943297633385,0.0,3936.2371200000007,2404.07585336009,100.0,0.0,0.0,2460.1482,0.0,0.0,2404.07585336009,0.0,0.09106659889221191,0.023995399475097656,0.5,0.0,1519797.4194952836,848638.7762361186,536.5599999999974,0.0
normal,354,98.94387136187873,24.40749811721571,4463.53207642594,2404.07585336009,195.1480764259391,0.0,4368.384000000001,2404.07585336009,100.0,0.0,0.0,2730.2400000000007,0.0,0.0,2404.07585336009,0.0,0.11935782432556152,0.01901102066040039,0.5,0.0,1524260.9515717095,851042.8520894788,538.0799999999974,0.0
normal,355,95.6535436621886,23.322567328924023,4469.0121502226475,2404.07585336009,191.79135022264765,0.0,4377.2208,2404.07585336009,100.0,0.0,0.0,2735.763,0.0,0.0,2404.07585336009,0.0,0.09385013580322266,0.02199578285217285,0.5,0.0,1528729.9637219321,853446.9279428389,539.5999999999974,0.0
normal,356,95.74325363650549,21.97735039170286,4439.431418995909,2404.07585336009,201.18181899590894,0.0,4338.2496,2404.07585336009,100.0,0.0,0.0,2711.4059999999995,0.0,0.0,2404.07585336009,0.0,0.10851263999938965,0.03985023498535156,0.5,0.0,1533169.395140928,855851.003796199,541.1199999999974,0.0
normal,357,97.92881932988769,21.72552525484615,4463.636925909173,2404.07585336009,199.04012590917353,0.0,4364.5968,2404.07585336009,100.0,0.0,0.0,2727.8730000000005,0.0,0.0,2404.07585336009,0.0,0.10694599151611328,0.02899909019470215,0.5,0.0,1537633.0320668372,858255.0796495591,542.6399999999974,0.0
normal,358,95.06008642462746,21.688176004164795,4458.184188006702,2404.07585336009,184.75058800670232,0.0,4373.4336,2404.07585336009,100.0,0.0,0.0,2733.396,0.0,0.0,2404.07585336009,0.0,0.12663507461547852,0.030125141143798828,0.5,0.0,1542091.2162548439,860659.1555029192,544.1599999999974,0.0
normal,359,85.63542471311462,21.64510738128451,4022.797820974216,2404.07585336009,196.04598097421456,0.0,3926.7518400000013,2404.07585336009,100.0,0.0,0.0,2454.219900000001,0.0,0.0,2404.07585336009,0.0,0.11679315567016602,0.025025129318237305,0.5,0.0,1546114.014075818,863063.2313562793,545.6799999999973,0.0
normal,360,83.94588681968398,22.186517921770474,4029.8496458207073,2404.07585336009,198.20900582070638,0.0,3931.640640000001,2404.07585336009,100.0,0.0,0.0,2457.2754,0.0,0.0,2404.07585336009,0.0,0.10113954544067383,0.022275447845458984,0.5,0.0,1550143.8637216387,865467.3072096395,547.1999999999973,0.0
normal,361,92.91944107223755,24.047691376531887,4446.202649202788,2404.07585336009,179.52104920278708,0.0,4366.681600000001,2404.07585336009,100.0,0.0,0.0,2729.1760000000004,0.0,0.0,2404.07585336009,0.0,0.09075093269348145,0.021225690841674805,0.5,0.0,1554590.0663708416,867871.3830629996,548.7199999999973,0.0
normal,362,92.56423086892364,24.338200623275842,4457.792384096075,2404.07585336009,180.57158409607445,0.0,4377.2208,2404.07585336009,100.0,0.0,0.0,2735.763,0.0,0.0,2404.07585336009,0.0,0.0971975326538086,0.02514505386352539,0.5,0.0,1559047.8587549378,870275.4589163597,550.2399999999973,0.0
normal,363,95.56795478238804,21.004913628161223,4434.577007701432,2404.07585336009,199.73220770143232,0.0,4334.8448,2404.07585336009,100.0,0.0,0.0,2709.2779999999993,0.0,0.0,2404.07585336009,0.0,0.11418986320495605,0.02345108985900879,0.5,0.0,1563482.4357626392,872679.5347697198,551.7599999999973,0.0
normal,364,92.94072701963451,20.194287722626317,4434.726846523568,2404.07585336009,171.83244652356785,0.0,4362.8944,2404.07585336009,100.0,0.0,0.0,2726.8089999999993,0.0,0.0,2404.07585336009,0.0,0.09406900405883789,0.03169107437133789,0.5,0.0,1567917.1626091627,875083.6106230799,553.2799999999972,0.0
normal,365,92.6628879384162,23.43589938025896,4478.3845638293515,2404.07585336009,206.65336382935152,0.0,4371.7312,2404.07585336009,100.0,0.0,0.0,2732.3320000000003,0.0,0.0,2404.07585336009,0.0,0.11003589630126953,0.029283523559570312,0.5,0.0,1572395.547172992,877487.68647644,554.7999999999972,0.0
ornstein-uhlenbeck,1,95.55813683562333,23.791233636978447,4471.835396082073,2404.07585336009,198.40179608207248,0.0,4373.4336,2404.07585336009,100.0,0.0,0.0,2733.396,0.0,0.0,2404.07585336009,0.0,0.11409235000610352,0.03535723686218262,0.5,0.0,4471.835396082073,2404.07585336009,1.52,0.0
ornstein-uhlenbeck,2,82.08723996277698,22.38376505555918,4018.728985375945,2404.07585336009,176.2177853759434,0.0,3942.5112000000013,2404.07585336009,100.0,0.0,0.0,2464.0695000000005,0.0,0.0,2404.07585336009,0.0,0.11825823783874512,0.03188586235046387,0.5,0.0,8490.564381458018,4808.15170672018,3.04,0.0
ornstein-uhlenbeck,3,81.77862283174728,19.27722629490675,4006.3782079391185,2404.07585336009,170.14108793911822,0.0,3936.2371200000007,2404.07585336009,100.0,0.0,0.0,2460.1482,0.0,0.0,2404.07585336009,0.0,0.0938713550567627,0.023152828216552734,0.5,0.0,12496.942589397137,7212.22756008027,4.5600000000000005,0.0
ornstein-uhlenbeck,4,89.42705178675055,22.94887910050355,4437.915796246101,2404.07585336009,169.53179624610033,0.0,4368.384000000001,2404.07585336009,100.0,0.0,0.0,2730.2400000000007,0.0,0.0,2404.07585336009,0.0,0.09656572341918945,0.020995140075683594,0.5,0.0,16934.858385643238,9616.30341344036,6.08,0.0
ornstein-uhlenbeck,5,89.73922861852304,20.97342098605987,4449.089235170441,2404.07585336009,191.08123517044018,0.0,4358.008000000001,2404.07585336009,100.0,0.0,0.0,2723.7549999999997,0.0,0.0,2404.07585336009,0.0,0.09911227226257324,0.023982524871826172,0.5,0.0,21383.947620813677,12020.37926680045,7.6,0.0
ornstein-uhlenbeck,6,88.19691199516744,22.08783812762239,4413.1576712551105,2404.07585336009,162.50487125511077,0.0,4350.6528,2404.07585336009,100.0,0.0,0.0,2719.158,0.0,0.0,2404.07585336009,0.0,0.10451412200927734,0.02374410629272461,0.5,0.0,25797.105292068787,14424.455120160539,9.12,0.0
ornstein-uhlenbeck,7,89.29004388564353,24.373765168004773,4460.875052874794,2404.07585336009,196.27825287479357,0.0,4364.5968,2404.07585336009,100.0,0.0,0.0,2727.8730000000005,0.0,0.0,2404.07585336009,0.0,0.10465788841247559,0.0238344669342041,0.5,0.0,30257.980344943582,16828.53097352063,10.639999999999999,0.0
ornstein-uhlenbeck,8,90.98888547132698,24.361042792644177,4459.194690142607,2404.07585336009,185.76109014260666,0.0,4373.4336,2404.07585336009,100.0,0.0,0.0,2733.396,0.0,0.0,2404.07585336009,0.0,0.10728693008422852,0.021997451782226562,0.5,0.0,34717.17503508619,19232.606826880718,12.159999999999998,0.0
ornstein-uhlenbeck,9,79.3093697011217,19.690341863265832,4008.517807544944,2404.07585336009,166.00660754494248,0.0,3942.5112000000013,2404.07585336009,100.0,0.0,0.0,2464.0695000000005,0.0,0.0,2404.07585336009,0.0,0.11046314239501953,0.02199840545654297,0.5,0.0,38725.692842631135,21636.682680240807,13.679999999999998,0.0
ornstein-uhlenbeck,10,80.47458712028997,20.492507965523867,4008.673240720307,2404.07585336009,156.6767607203065,0.0,3951.9964800000007,2404.07585336009,100.0,0.0,0.0,2469.9977999999996,0.0,0.0,2404.07585336009,0.0,0.10465407371520996,0.02437281608581543,0.5,0.0,42734.366083351444,24040.758533600896,15.199999999999998,0.0
ornstein-uhlenbeck,11,85.71444573567375,23.441018507847307,4440.80878040843,2404.07585336009,172.4247804084287,0.0,4368.384000000001,2404.07585336009,100.0,0.0,0.0,2730.2400000000007,0.0,0.0,2404.07585336009,0.0,0.11243629455566406,0.02412891387939453,0.5,0.0,47175.17486375987,26444.834386960985,16.72,0.0
ornstein-uhlenbeck,12,88.01024999731855,20.564409416886882,4439.875722904137,2404.07585336009,180.1653229041368,0.0,4359.7104,2404.07585336009,100.0,0.0,0.0,2724.819,0.0,0.0,2404.07585336009,0.0,0.11437249183654785,0.026916027069091797,0.5,0.0,51615.05058666401,28848.910240321075,18.24,0.0
ornstein-uhlenbeck,13,86.59660289117387,22.350084450024116,4435.373808786579,2404.07585336009,179.61380878657914,0.0,4355.759999999999,2404.07585336009,100.0,0.0,0.0,2722.3499999999995,0.0,0.0,2404.07585336009,0.0,0.11028337478637695,0.02989816665649414,0.5,0.0,56050.42439545059,31252.986093681164,19.759999999999998,0.0
ornstein-uhlenbeck,14,88.27578401602047,19.68353494201407,4438.798752919296,2404.07585336009,179.3091529192951,0.0,4359.489600000001,2404.07585336009,100.0,0.0,0.0,2724.6809999999996,0.0,0.0,2404.07585336009,0.0,0.11328005790710449,0.022994041442871094,0.5,0.0,60489.223148369885,33657.06194704126,21.279999999999998,0.0
ornstein-uhlenbeck,15,85.33888045225613,23.689810820613708,4441.620276074382,2404.07585336009,185.69707607438198,0.0,4355.9232,2404.07585336009,100.0,0.0,0.0,2722.452,0.0,0.0,2404.07585336009,0.0,0.09955430030822754,0.02300715446472168,0.5,0.0,64930.84342444427,36061.137800401346,22.799999999999997,0.0
ornstein-uhlenbeck,16,77.4565413339472,19.320176277694465,4000.536910680462,2404.07585336009,156.4935506804607,0.0,3944.0433600000015,2404.07585336009,100.0,0.0,0.0,2465.027100000001,0.0,0.0,2404.07585336009,0.0,0.11443829536437988,0.02899765968322754,0.5,0.0,68931.38033512473,38465.213653761435,24.319999999999997,0.0
ornstein-uhlenbeck,17,76.7688835292059,21.79433135686027,4023.8293378894086,2404.07585336009,171.83285788940782,0.0,3951.9964800000007,2404.07585336009,100.0,0.0,0.0,2469.9977999999996,0.0,0.0,2404.07585336009,0.0,0.10570049285888672,0.02392435073852539,0.5,0.0,72955.20967301415,40869.289507121524,25.839999999999996,0.0
ornstein-uhlenbeck,18,87.06897422060221,22.364422236755967,4443.90940055422,2404.07585336009,175.52540055421898,0.0,4368.384000000001,2404.07585336009,100.0,0.0,0.0,2730.2400000000007,0.0,0.0,2404.07585336009,0.0,0.12341666221618652,0.022455215454101562,0.5,0.0,77399.11907356836,43273.36536048161,27.359999999999996,0.0
ornstein-uhlenbeck,19,82.95392994050128,24.628405271333843,4442.084827089226,2404.07585336009,164.86402708922554,0.0,4377.2208,2404.07585336009,100.0,0.0,0.0,2735.763,0.0,0.0,2404.07585336009,0.0,0.10222125053405762,0.025000572204589844,0.5,0.0,81841.2039006576,45677.4412138417,28.879999999999995,0.0
ornstein-uhlenbeck,20,82.60020912336067,24.303778721802527,4407.687935384007,2404.07585336009,169.43833538400693,0.0,4338.2496,2404.07585336009,100.0,0.0,0.0,2711.4059999999995,0.0,0.0,2404.07585336009,0.0,0.11876606941223145,0.037616729736328125,0.5,0.0,86248.8918360416,48081.51706720179,30.399999999999995,0.0
ornstein-uhlenbeck,21,81.20828187948342,24.558608323078438,4443.559055249968,2404.07585336009,180.6646552499679,0.0,4362.8944,2404.07585336009,100.0,0.0,0.0,2726.8089999999993,0.0,0.0,2404.07585336009,0.0,0.11825680732727051,0.023996829986572266,0.5,0.0,90692.45089129156,50485.59292056188,31.919999999999995,0.0
ornstein-uhlenbeck,22,81.75441438053086,22.27701407274462,4437.430640813192,2404.07585336009,184.91224081319297,0.0,4352.5184,2404.07585336009,100.0,0.0,0.0,2720.3240000000005,0.0,0.0,2404.07585336009,0.0,0.09472417831420898,0.023951053619384766,0.5,0.0,95129.88153210476,52889.66877392197,33.44,0.0
ornstein-uhlenbeck,23,74.88631276670993,20.490975669468387,3994.825307499783,2404.07585336009,150.7819474997814,0.0,3944.0433600000015,2404.07585336009,100.0,0.0,0.0,2465.027100000001,0.0,0.0,2404.07585336009,0.0,0.11975955963134766,0.020560503005981445,0.5,0.0,99124.70683960454,55293.74462728206,34.96,0.0
ornstein-uhlenbeck,24,77.3107741976847,18.62351214774844,4000.6734346314706,2404.07585336009,148.6769546314701,0.0,3951.9964800000007,2404.07585336009,100.0,0.0,0.0,2469.9977999999996,0.0,0.0,2404.07585336009,0.0,0.09569859504699707,0.023444175720214844,0.5,0.0,103125.38027423601,57697.82048064215,36.480000000000004,0.0
ornstein-uhlenbeck,25,81.87965777103982,20.88465198751037,4387.295759054358,2404.07585336009,127.91015905435745,0.0,4359.3856000000005,2404.07585336009,100.0,0.0,0.0,2724.616000000001,0.0,0.0,2404.07585336009,0.0,0.12066483497619629,0.02209639549255371,0.5,0.0,107512.67603329037,60101.89633400224,38.00000000000001,0.0
ornstein-uhlenbeck,26,83.3302640329544,23.28421500187989,4460.7787600774,2404.07585336009,204.47316007740048,0.0,4356.3056,2404.07585336009,100.0,0.0,0.0,2722.6910000000003,0.0,0.0,2404.07585336009,0.0,0.0976264476776123,0.023757457733154297,0.5,0.0,111973.45479336777,62505.97218736233,39.52000000000001,0.0
ornstein-uhlenbeck,27,80.10644267253019,19.31128588010697,4403.456919368387,2404.07585336009,165.2073193683877,0.0,4338.2496,2404.07585336009,100.0,0.0,0.0,2711.4059999999995,0.0,0.0,2404.07585336009,0.0,0.09742212295532227,0.03031444549560547,0.5,0.0,116376.91171273615,64910.04804072242,41.04000000000001,0.0
ornstein-uhlenbeck,28,82.07959905318405,21.04151608383958,4432.576705744046,2404.07585336009,187.19270574404544,0.0,4345.384000000001,2404.07585336009,100.0,0.0,0.0,2715.865,0.0,0.0,2404.07585336009,0.0,0.1094064712524414,0.024998188018798828,0.5,0.0,120809.4884184802,67314.12389408251,42.56000000000002,0.0
ornstein-uhlenbeck,29,83.70659262692932,22.531073020721543,4463.480551771221,2404.07585336009,190.04695177122062,0.0,4373.4336,2404.07585336009,100.0,0.0,0.0,2733.396,0.0,0.0,2404.07585336009,0.0,0.10765910148620605,0.024164199829101562,0.5,0.0,125272.96897025143,69718.1997474426,44.08000000000002,0.0
ornstein-uhlenbeck,30,73.7763487645965,18.94935556760742,3978.0574009110305,2404.07585336009,143.6447609110297,0.0,3934.412640000001,2404.07585336009,100.0,0.0,0.0,2459.0079000000005,0.0,0.0,2404.07585336009,0.0,0.0990760326385498,0.022948503494262695,0.5,0.0,129251.02637116246,72122.27560080269,45.60000000000002,0.0
ornstein-uhlenbeck,31,72.39121688885952,19.74335432583654,3986.7434253909028,2404.07585336009,144.37766539090168,0.0,3942.365760000001,2404.07585336009,100.0,0.0,0.0,2463.9786,0.0,0.0,2404.07585336009,0.0,0.08143329620361328,0.03433489799499512,0.5,0.0,133237.76979655336,74526.35145416278,47.120000000000026,0.0
ornstein-uhlenbeck,32,79.09036226736328,20.761757764227557,4404.684386643097,2404.07585336009,138.00278664309621,0.0,4366.681600000001,2404.07585336009,100.0,0.0,0.0,2729.1760000000004,0.0,0.0,2404.07585336009,0.0,0.10351705551147461,0.02800154685974121,0.5,0.0,137642.45418319645,76930.42730752287,48.64000000000003,0.0
ornstein-uhlenbeck,33,80.44200357265336,18.916508938148386,4400.856442518188,2404.07585336009,130.93164251818774,0.0,4369.9248,2404.07585336009,100.0,0.0,0.0,2731.203,0.0,0.0,2404.07585336009,0.0,0.10915803909301758,0.022524118423461914,0.5,0.0,142043.31062571463,79334.50316088296,50.16000000000003,0.0
ornstein-uhlenbeck,34,76.79502470260041,23.090152196691232,4397.084949485479,2404.07585336009,146.43214948547967,0.0,4350.6528,2404.07585336009,100.0,0.0,0.0,2719.158,0.0,0.0,2404.07585336009,0.0,0.09520769119262695,0.025925397872924805,0.5,0.0,146440.39557520012,81738.57901424305,51.680000000000035,0.0
ornstein-uhlenbeck,35,76.93722414252143,23.577329717726155,4413.777718771303,2404.07585336009,166.6913187713029,0.0,4347.0864,2404.07585336009,100.0,0.0,0.0,2716.929,0.0,0.0,2404.07585336009,0.0,0.10741853713989258,0.025099515914916992,0.5,0.0,150854.17329397143,84142.65486760314,53.20000000000004,0.0
ornstein-uhlenbeck,36,80.6226085820366,25.621006145545955,4446.2387617869845,2404.07585336009,172.80516178698403,0.0,4373.4336,2404.07585336009,100.0,0.0,0.0,2733.396,0.0,0.0,2404.07585336009,0.0,0.1177682876586914,0.019634246826171875,0.5,0.0,155300.4120557584,86546.73072096323,54.72000000000004,0.0
ornstein-uhlenbeck,37,73.1835630921488,22.137080563586576,4013.4018466047783,2404.07585336009,169.35848660477674,0.0,3944.0433600000015,2404.07585336009,100.0,0.0,0.0,2465.027100000001,0.0,0.0,2404.07585336009,0.0,0.11426496505737305,0.019997358322143555,0.5,0.0,159313.81390236318,88950.80657432332,56.240000000000045,0.0
ornstein-uhlenbeck,38,71.63476970112283,21.4937009600007,3983.2511261778795,2404.07585336009,132.78680617787862,0.0,3950.464320000001,2404.07585336009,100.0,0.0,0.0,2469.0402,0.0,0.0,2404.07585336009,0.0,0.0891103744506836,0.02641749382019043,0.5,0.0,163297.06502854105,91354.8824276834,57.76000000000005,0.0
ornstein-uhlenbeck,39,78.01423744943293,26.891969586901624,4404.977700802953,2404.07585336009,152.4017008029522,0.0,4352.576000000001,2404.07585336009,100.0,0.0,0.0,2720.3600000000006,0.0,0.0,2404.07585336009,0.0,0.09296464920043945,0.023562192916870117,0.5,0.0,167702.04272934402,93758.9582810435,59.28000000000005,0.0
ornstein-uhlenbeck,40,74.37527489759269,21.80102026918698,4434.594902493664,2404.07585336009,157.37410249366474,0.0,4377.2208,2404.07585336009,100.0,0.0,0.0,2735.763,0.0,0.0,2404.07585336009,0.0,0.11673903465270996,0.03274703025817871,0.5,0.0,172136.6376318377,96163.03413440358,60.800000000000054,0.0
ornstein-uhlenbeck,41,73.08664293528388,22.597400470580162,4418.69780407977,2404.07585336009,164.64020407977156,0.0,4354.057599999999,2404.07585336009,100.0,0.0,0.0,2721.2859999999996,0.0,0.0,2404.07585336009,0.0,0.09322881698608398,0.024796724319458008,0.5,0.0,176555.33543591746,98567.10998776367,62.32000000000006,0.0
ornstein-uhlenbeck,42,77.52909227231953,20.03173828976841,4431.445354873948,2404.07585336009,166.84855487394807,0.0,4364.5968,2404.07585336009,100.0,0.0,0.0,2727.8730000000005,0.0,0.0,2404.07585336009,0.0,0.1034841537475586,0.02547764778137207,0.5,0.0,180986.7807907914,100971.18584112376,63.84000000000006,0.0
ornstein-uhlenbeck,43,72.7159364493449,18.249691143969706,4425.6523542247605,2404.07585336009,152.21875422476046,0.0,4373.4336,2404.07585336009,100.0,0.0,0.0,2733.396,0.0,0.0,2404.07585336009,0.0,0.10737228393554688,0.02357316017150879,0.5,0.0,185412.43314501617,103375.26169448385,65.36000000000006,0.0
ornstein-uhlenbeck,44,69.26482972250261,20.280163225806913,3969.0393010359344,2404.07585336009,140.75530103593331,0.0,3928.284000000001,2404.07585336009,100.0,0.0,0.0,2455.1775000000007,0.0,0.0,2404.07585336009,0.0,0.10298848152160645,0.02480316162109375,0.5,0.0,189381.4724460521,105779.33754784394,66.88000000000005,0.0
ornstein-uhlenbeck,45,69.51270231332946,23.193321244799492,4002.23214232783,2404.07585336009,151.76782232782926,0.0,3950.464320000001,2404.07585336009,100.0,0.0,0.0,2469.0402,0.0,0.0,2404.07585336009,0.0,0.10659241676330566,0.02208709716796875,0.5,0.0,193383.70458837991,108183.41340120403,68.40000000000005,0.0
ornstein-uhlenbeck,46,75.90164725314445,22.09088543726733,4426.032380280177,2404.07585336009,157.64838028017567,0.0,4368.384000000001,2404.07585336009,100.0,0.0,0.0,2730.2400000000007,0.0,0.0,2404.07585336009,0.0,0.11050534248352051,0.0223085880279541,0.5,0.0,197809.7369686601,110587.48925456412,69.92000000000004,0.0
ornstein-uhlenbeck,47,74.23952435413854,22.5146155849436,4439.63955879681,2404.07585336009,162.41875879680975,0.0,4377.2208,2404.07585336009,100.0,0.0,0.0,2735.763,0.0,0.0,2404.07585336009,0.0,0.09256124496459961,0.02261185646057129,0.5,0.0,202249.3765274569,112991.56510792421,71.44000000000004,0.0
ornstein-uhlenbeck,48,76.58206955392593,21.67741093378266,4392.174515059368,2404.07585336009,139.81931505936777,0.0,4352.3552,2404.07585336009,100.0,0.0,0.0,2720.2219999999993,0.0,0.0,2404.07585336009,0.0,0.11799287796020508,0.026114702224731445,0.5,0.0,206641.55104251625,115395.6409612843,72.96000000000004,0.0
ornstein-uhlenbeck,49,71.09059662312639,24.119963025893714,4404.844772126716,2404.07585336009,143.65277212671594,0.0,4361.192,2404.07585336009,100.0,0.0,0.0,2725.745,0.0,0.0,2404.07585336009,0.0,0.12446904182434082,0.023258686065673828,0.5,0.0,211046.39581464298,117799.71681464439,74.48000000000003,0.0
ornstein-uhlenbeck,50,73.9395542371823,22.16245150500325,4426.264891275275,2404.07585336009,172.04409127527447,0.0,4354.2208,2404.07585336009,100.0,0.0,0.0,2721.3880000000004,0.0,0.0,2404.07585336009,0.0,0.11160731315612793,0.03165721893310547,0.5,0.0,215472.66070591824,120203.79266800448,76.00000000000003,0.0
ornstein-uhlenbeck,51,63.755396401225774,21.522120325535244,3980.4966739267065,2404.07585336009,155.27699392670533,0.0,3925.219680000001,2404.07585336009,100.0,0.0,0.0,2453.2623000000012,0.0,0.0,2404.07585336009,0.0,0.1132514476776123,0.025090694427490234,0.5,0.0,219453.15737984495,122607.86852136457,77.52000000000002,0.0
ornstein-uhlenbeck,52,64.28181342087605,22.696410622417417,3983.03993693929,2404.07585336009,132.57561693928895,0.0,3950.464320000001,2404.07585336009,100.0,0.0,0.0,2469.0402,0.0,0.0,2404.07585336009,0.0,0.1069338321685791,0.022051572799682617,0.5,0.0,223436.19731678424,125011.94437472466,79.04000000000002,0.0
ornstein-uhlenbeck,53,71.04117573884541,24.46719986841848,4423.364958748326,2404.07585336009,154.98095874832487,0.0,4368.384000000001,2404.07585336009,100.0,0.0,0.0,2730.2400000000007,0.0,0.0,2404.07585336009,0.0,0.13472509384155273,0.022974252700805664,0.5,0.0,227859.56227553257,127416.02022808474,80.56000000000002,0.0
ornstein-uhlenbeck,54,69.44477701234001,22.232348002433984,4428.410612378535,2404.07585336009,152.89221237853494,0.0,4375.5184,2404.07585336009,100.0,0.0,0.0,2734.699,0.0,0.0,2404.07585336009,0.0,0.09130334854125977,0.025646686553955078,0.5,0.0,232287.9728879111,129820.09608144483,82.08000000000001,0.0
ornstein-uhlenbeck,55,71.84536135709374,21.70627799095501,4397.55616341518,2404.07585336009,159.30656341517982,0.0,4338.2496,2404.07585336009,100.0,0.0,0.0,2711.4059999999995,0.0,0.0,2404.07585336009,0.0,0.11517095565795898,0.026077985763549805,0.5,0.0,236685.52905132627,132224.17193480494,83.60000000000001,0.0
ornstein-uhlenbeck,56,71.27336299891819,24.95055733285317,4433.670289853056,2404.07585336009,170.77588985305584,0.0,4362.8944,2404.07585336009,100.0,0.0,0.0,2726.8089999999993,0.0,0.0,2404.07585336009,0.0,0.10634636878967285,0.023998498916625977,0.5,0.0,241119.19934117934,134628.24778816503,85.12,0.0
ornstein-uhlenbeck,57,70.05178991127536,23.20889173777168,4414.689878794098,2404.07585336009,158.76667879409828,0.0,4355.9232,2404.07585336009,100.0,0.0,0.0,2722.452,0.0,0.0,2404.07585336009,0.0,0.10115957260131836,0.02953815460205078,0.5,0.0,245533.88921997344,137032.32364152512,86.64,0.0
ornstein-uhlenbeck,58,62.44732074350557,21.178799008191984,3982.57684118132,2404.07585336009,138.53348118131862,0.0,3944.0433600000015,2404.07585336009,100.0,0.0,0.0,2465.027100000001,0.0,0.0,2404.07585336009,0.0,0.11933660507202148,0.031146764755249023,0.5,0.0,249516.46606115476,139436.3994948852,88.16,0.0
ornstein-uhlenbeck,59,64.38902929786,18.825309288956277,3973.2546094156423,2404.07585336009,124.32244941564169,0.0,3948.9321600000007,2404.07585336009,100.0,0.0,0.0,2468.0826,0.0,0.0,2404.07585336009,0.0,0.10141205787658691,0.025255203247070312,0.5,0.0,253489.7206705704,141840.4753482453,89.67999999999999,0.0
ornstein-uhlenbeck,60,65.40638309779442,24.067124508893922,4417.646425483845,2404.07585336009,166.77282548384386,0.0,4350.873600000001,2404.07585336009,100.0,0.0,0.0,2719.2960000000007,0.0,0.0,2404.07585336009,0.0,0.0932929515838623,0.036187171936035156,0.5,0.0,257907.36709605422,144244.55120160538,91.19999999999999,0.0
ornstein-uhlenbeck,61,68.063645224713,19.91036216054047,4412.435337591937,2404.07585336009,152.72493759193716,0.0,4359.7104,2404.07585336009,100.0,0.0,0.0,2724.819,0.0,0.0,2404.07585336009,0.0,0.1058204174041748,0.034256935119628906,0.5,0.0,262319.80243364617,146648.62705496547,92.71999999999998,0.0
ornstein-uhlenbeck,62,69.01342000636863,24.005533598879154,4407.218637508362,2404.07585336009,170.67143750836166,0.0,4336.5472,2404.07585336009,100.0,0.0,0.0,2710.3419999999996,0.0,0.0,2404.07585336009,0.0,0.09297013282775879,0.018787145614624023,0.5,0.0,266727.0210711545,149052.70290832556,94.23999999999998,0.0
ornstein-uhlenbeck,63,68.02294997720396,23.40484375621865,4411.667829088767,2404.07585336009,167.98622908876683,0.0,4343.6816,2404.07585336009,100.0,0.0,0.0,2714.8009999999995,0.0,0.0,2404.07585336009,0.0,0.08803296089172363,0.020785808563232422,0.5,0.0,271138.68890024326,151456.77876168565,95.75999999999998,0.0
ornstein-uhlenbeck,64,66.02231015891157,24.89119038924703,4431.9185531527255,2404.07585336009,158.48495315272515,0.0,4373.4336,2404.07585336009,100.0,0.0,0.0,2733.396,0.0,0.0,2404.07585336009,0.0,0.0864262580871582,0.020174503326416016,0.5,0.0,275570.60745339596,153860.85461504574,97.27999999999997,0.0
ornstein-uhlenbeck,65,62.938945943814396,22.233144425912847,3978.540767058173,2404.07585336009,134.4974070581714,0.0,3944.0433600000015,2404.07585336009,100.0,0.0,0.0,2465.027100000001,0.0,0.0,2404.07585336009,0.0,0.10122013092041016,0.02952432632446289,0.5,0.0,279549.1482204541,156264.93046840583,98.79999999999997,0.0
ornstein-uhlenbeck,66,60.31213214309662,21.465166791040055,3990.2126612102547,2404.07585336009,138.21618121025423,0.0,3951.9964800000007,2404.07585336009,100.0,0.0,0.0,2469.9977999999996,0.0,0.0,2404.07585336009,0.0,0.08689045906066895,0.02009892463684082,0.5,0.0,283539.3608816644,158669.00632176592,100.31999999999996,0.0
ornstein-uhlenbeck,67,65.77484510939998,22.445162648946045,4404.99989564858,2404.07585336009,138.31829564857884,0.0,4366.681600000001,2404.07585336009,100.0,0.0,0.0,2729.1760000000004,0.0,0.0,2404.07585336009,0.0,0.14228129386901855,0.02531743049621582,0.5,0.0,287944.36077731295,161073.082175126,101.83999999999996,0.0
ornstein-uhlenbeck,68,67.10954927507268,21.693751947045982,4423.8140753484395,2404.07585336009,169.2108753484393,0.0,4354.6032000000005,2404.07585336009,100.0,0.0,0.0,2721.627,0.0,0.0,2404.07585336009,0.0,0.11251378059387207,0.02953338623046875,0.5,0.0,292368.1748526614,163477.1580284861,103.35999999999996,0.0
ornstein-uhlenbeck,69,64.06529014238073,21.988337052490582,4385.310887246173,2404.07585336009,152.1684872461724,0.0,4333.1424,2404.07585336009,100.0,0.0,0.0,2708.2139999999995,0.0,0.0,2404.07585336009,0.0,0.09451651573181152,0.02505040168762207,0.5,0.0,296753.48573990754,165881.2338818462,104.87999999999995,0.0
ornstein-uhlenbeck,70,66.31330141728326,22.87025498453884,4394.406600642866,2404.07585336009,147.32020064286598,0.0,4347.0864,2404.07585336009,100.0,0.0,0.0,2716.929,0.0,0.0,2404.07585336009,0.0,0.08304357528686523,0.026013612747192383,0.5,0.0,301147.89234055043,168285.30973520628,106.39999999999995,0.0
ornstein-uhlenbeck,71,67.2174341679452,19.82075507354983,4406.31110976605,2404.07585336009,136.2823097660502,0.0,4370.0288,2404.07585336009,100.0,0.0,0.0,2731.2680000000005,0.0,0.0,2404.07585336009,0.0,0.09950518608093262,0.02152276039123535,0.5,0.0,305554.2034503165,170689.38558856637,107.91999999999994,0.0
ornstein-uhlenbeck,72,58.16194922361857,19.955626252156197,3986.570386035235,2404.07585336009,161.35070603523397,0.0,3925.219680000001,2404.07585336009,100.0,0.0,0.0,2453.2623000000012,0.0,0.0,2404.07585336009,0.0,0.11238980293273926,0.025986194610595703,0.5,0.0,309540.77383635176,173093.46144192645,109.43999999999994,0.0
ornstein-uhlenbeck,73,55.062300670365424,21.25843907517822,3966.7735498366774,2404.07585336009,130.5364298366766,0.0,3936.2371200000007,2404.07585336009,100.0,0.0,0.0,2460.1482,0.0,0.0,2404.07585336009,0.0,0.09007883071899414,0.008999109268188477,0.5,0.0,313507.5473861884,175497.53729528654,110.95999999999994,0.0
ornstein-uhlenbeck,74,64.48514502937071,23.121770037214326,4401.105475091949,2404.07585336009,132.72147509194855,0.0,4368.384000000001,2404.07585336009,100.0,0.0,0.0,2730.2400000000007,0.0,0.0,2404.07585336009,0.0,0.08112335205078125,0.021177053451538086,0.5,0.0,317908.65286128037,177901.61314864663,112.47999999999993,0.0
ornstein-uhlenbeck,75,63.71693699619069,20.161137171281872,4423.917018341283,2404.07585336009,146.6962183412834,0.0,4377.2208,2404.07585336009,100.0,0.0,0.0,2735.763,0.0,0.0,2404.07585336009,0.0,0.10152769088745117,0.028081893920898438,0.5,0.0,322332.5698796217,180305.68900200672,113.99999999999993,0.0
ornstein-uhlenbeck,76,63.51638972813557,21.708189730232622,4386.358113777355,2404.07585336009,130.59811377735613,0.0,4355.759999999999,2404.07585336009,100.0,0.0,0.0,2722.3499999999995,0.0,0.0,2404.07585336009,0.0,0.10158562660217285,0.02938675880432129,0.5,0.0,326718.92799339903,182709.7648553668,115.51999999999992,0.0
ornstein-uhlenbeck,77,60.61197806109228,22.225340118528493,4400.332145333585,2404.07585336009,139.14014533358431,0.0,4361.192,2404.07585336009,100.0,0.0,0.0,2725.745,0.0,0.0,2404.07585336009,0.0,0.10344076156616211,0.02299666404724121,0.5,0.0,331119.2601387326,185113.8407087269,117.03999999999992,0.0
ornstein-uhlenbeck,78,64.5585908360077,25.661627247224295,4414.605881601949,2404.07585336009,163.78988160194842,0.0,4350.816,2404.07585336009,100.0,0.0,0.0,2719.26,0.0,0.0,2404.07585336009,0.0,0.11468005180358887,0.021995067596435547,0.5,0.0,335533.86602033454,187517.916562087,118.55999999999992,0.0
ornstein-uhlenbeck,79,55.91879099028677,20.70246656196347,3971.4948360378967,2404.07585336009,127.45147603789502,0.0,3944.0433600000015,2404.07585336009,100.0,0.0,0.0,2465.027100000001,0.0,0.0,2404.07585336009,0.0,0.10132241249084473,0.023842334747314453,0.5,0.0,339505.36085637246,189921.99241544708,120.07999999999991,0.0
ornstein-uhlenbeck,80,53.59622975902753,22.13180284560607,3968.9838106607904,2404.07585336009,118.51949066078924,0.0,3950.464320000001,2404.07585336009,100.0,0.0,0.0,2469.0402,0.0,0.0,2404.07585336009,0.0,0.10323500633239746,0.056555747985839844,0.5,0.0,343474.34466703323,192326.06826880717,121.59999999999991,0.0
ornstein-uhlenbeck,81,58.978915413409766,21.21855728164276,4390.4082273607355,2404.07585336009,123.7266273607346,0.0,4366.681600000001,2404.07585336009,100.0,0.0,0.0,2729.1760000000004,0.0,0.0,2404.07585336009,0.0,0.16201329231262207,0.03101634979248047,0.5,0.0,347864.752894394,194730.14412216726,123.1199999999999,0.0
ornstein-uhlenbeck,82,58.437271008625736,21.07338366419708,4396.344949493123,2404.07585336009,119.12414949312317,0.0,4377.2208,2404.07585336009,100.0,0.0,0.0,2735.763,0.0,0.0,2404.07585336009,0.0,0.12847256660461426,0.06826496124267578,0.5,0.0,352261.0978438871,197134.21997552735,124.6399999999999,0.0
ornstein-uhlenbeck,83,62.14461809897603,25.177474658997905,4401.8458458983105,2404.07585336009,149.4906458983105,0.0,4352.3552,2404.07585336009,100.0,0.0,0.0,2720.2219999999993,0.0,0.0,2404.07585336009,0.0,0.12741851806640625,0.06258630752563477,0.5,0.0,356662.94368978543,199538.29582888744,126.1599999999999,0.0
ornstein-uhlenbeck,84,62.22046488779629,23.09744081791274,4399.089466859275,2404.07585336009,136.1950668592747,0.0,4362.8944,2404.07585336009,100.0,0.0,0.0,2726.8089999999993,0.0,0.0,2404.07585336009,0.0,0.1292726993560791,0.04830288887023926,0.5,0.0,361062.0331566447,201942.37168224753,127.6799999999999,0.0
ornstein-uhlenbeck,85,59.660714619294026,24.33958557165145,4385.777918953381,2404.07585336009,112.34431895338076,0.0,4373.4336,2404.07585336009,100.0,0.0,0.0,2733.396,0.0,0.0,2404.07585336009,0.0,0.1477353572845459,0.05569291114807129,0.5,0.0,365447.8110755981,204346.44753560761,129.1999999999999,0.0
ornstein-uhlenbeck,86,56.574924098125685,18.55812961047008,3979.227069210333,2404.07585336009,135.18370921033156,0.0,3944.0433600000015,2404.07585336009,100.0,0.0,0.0,2465.027100000001,0.0,0.0,2404.07585336009,0.0,0.12333846092224121,0.08132243156433105,0.5,0.0,369427.03814480844,206750.5233889677,130.7199999999999,0.0
ornstein-uhlenbeck,87,53.59190945695809,19.99580201335803,3969.462735952289,2404.07585336009,117.46625595228846,0.0,3951.9964800000007,2404.07585336009,100.0,0.0,0.0,2469.9977999999996,0.0,0.0,2404.07585336009,0.0,0.11925196647644043,0.07094979286193848,0.5,0.0,373396.5008807607,209154.5992423278,132.23999999999992,0.0
ornstein-uhlenbeck,88,60.04684230407816,22.953308354569437,4396.024773076648,2404.07585336009,127.6407730766472,0.0,4368.384000000001,2404.07585336009,100.0,0.0,0.0,2730.2400000000007,0.0,0.0,2404.07585336009,0.0,0.1355581283569336,0.03465867042541504,0.5,0.0,377792.52565383737,211558.67509568788,133.75999999999993,0.0
ornstein-uhlenbeck,89,60.14195686276033,24.29566299336134,4410.845947112818,2404.07585336009,154.54034711281804,0.0,4356.3056,2404.07585336009,100.0,0.0,0.0,2722.6910000000003,0.0,0.0,2404.07585336009,0.0,0.10333395004272461,0.03165626525878906,0.5,0.0,382203.3716009502,213962.75094904797,135.27999999999994,0.0
ornstein-uhlenbeck,90,61.35026660835263,23.245678851953112,4372.809785190576,2404.07585336009,136.26258519057598,0.0,4336.5472,2404.07585336009,100.0,0.0,0.0,2710.3419999999996,0.0,0.0,2404.07585336009,0.0,0.0801537036895752,0.03522682189941406,0.5,0.0,386576.18138614076,216366.82680240806,136.79999999999995,0.0
ornstein-uhlenbeck,91,59.8737660921748,20.856730187786074,4395.010897441692,2404.07585336009,132.11649744169193,0.0,4362.8944,2404.07585336009,100.0,0.0,0.0,2726.8089999999993,0.0,0.0,2404.07585336009,0.0,0.13837552070617676,0.06955289840698242,0.5,0.0,390971.19228358247,218770.90265576815,138.31999999999996,0.0
ornstein-uhlenbeck,92,58.994710139004816,21.28998201776202,4389.423287486816,2404.07585336009,121.0968874868158,0.0,4368.3264,2404.07585336009,100.0,0.0,0.0,2730.204,0.0,0.0,2404.07585336009,0.0,0.12508249282836914,0.06946229934692383,0.5,0.0,395360.6155710693,221174.97850912824,139.83999999999997,0.0
ornstein-uhlenbeck,93,53.63280233752471,18.894109406430882,3943.1960000000013,2404.07585336009,0.0,0.0,4043.1960000000013,2404.07585336009,100.0,0.0,0.0,2526.9975000000004,0.0,0.0,2404.07585336009,0.0,0.13844561576843262,0.036760807037353516,0.5,0.0,399303.8115710693,223579.05436248833,139.83999999999997,0.0
ornstein-uhlenbeck,94,51.70400100311114,22.443635858732016,3980.9460135503905,2404.07585336009,132.01385355038974,0.0,3948.9321600000007,2404.07585336009,100.0,0.0,0.0,2468.0826,0.0,0.0,2404.07585336009,0.0,0.10663604736328125,0.02762770652770996,0.5,0.0,403284.7575846197,225983.13021584842,141.35999999999999,0.0
ornstein-uhlenbeck,95,56.632244685914934,22.852851933501228,4379.040000000001,2404.07585336009,0.0,0.0,4479.040000000001,2404.07585336009,100.0,0.0,0.0,2799.4000000000005,0.0,0.0,2404.07585336009,0.0,0.1035318374633789,0.027189016342163086,0.5,0.0,407663.79758461966,228387.2060692085,141.35999999999999,0.0
ornstein-uhlenbeck,96,59.020531983189386,23.81214442054662,4425.98573193756,2404.07585336009,167.97773193755918,0.0,4358.008000000001,2404.07585336009,100.0,0.0,0.0,2723.7549999999997,0.0,0.0,2404.07585336009,0.0,0.10987615585327148,0.029035329818725586,0.5,0.0,412089.78331655724,230791.2819225686,142.88,0.0
ornstein-uhlenbeck,97,58.22451609719612,19.542709990314965,4387.564413742163,2404.07585336009,131.80441374216431,0.0,4355.759999999999,2404.07585336009,100.0,0.0,0.0,2722.3499999999995,0.0,0.0,2404.07585336009,0.0,0.10285282135009766,0.03179144859313965,0.5,0.0,416477.3477302994,233195.35777592869,144.4,0.0
ornstein-uhlenbeck,98,57.444674521712564,20.477262446391663,4398.777573500212,2404.07585336009,135.88317350021237,0.0,4362.8944,2404.07585336009,100.0,0.0,0.0,2726.8089999999993,0.0,0.0,2404.07585336009,0.0,0.09947800636291504,0.024843692779541016,0.5,0.0,420876.12530379964,235599.43362928877,145.92000000000002,0.0
ornstein-uhlenbeck,99,54.98482231484365,22.153209052684726,4397.000420267687,2404.07585336009,144.48202026768737,0.0,4352.5184,2404.07585336009,100.0,0.0,0.0,2720.3240000000005,0.0,0.0,2404.07585336009,0.0,0.09738564491271973,0.026114225387573242,0.5,0.0,425273.12572406733,238003.50948264886,147.44000000000003,0.0
ornstein-uhlenbeck,100,52.91454745711434,19.3106729000628,3975.5955955248087,2404.07585336009,133.08439552480752,0.0,3942.5112000000013,2404.07585336009,100.0,0.0,0.0,2464.0695000000005,0.0,0.0,2404.07585336009,0.0,0.11461520195007324,0.02410101890563965,0.5,0.0,429248.72131959215,240407.58533600895,148.96000000000004,0.0
ornstein-uhlenbeck,101,49.933749474122145,19.876365489589876,3966.424496692429,2404.07585336009,114.42801669242826,0.0,3951.9964800000007,2404.07585336009,100.0,0.0,0.0,2469.9977999999996,0.0,0.0,2404.07585336009,0.0,0.08423233032226562,0.024110794067382812,0.5,0.0,433215.1458162846,242811.66118936904,150.48000000000005,0.0
ornstein-uhlenbeck,102,55.07193535586938,21.741245238697864,4390.405096646095,2404.07585336009,122.02109664609482,0.0,4368.384000000001,2404.07585336009,100.0,0.0,0.0,2730.2400000000007,0.0,0.0,2404.07585336009,0.0,0.1270434856414795,0.024109840393066406,0.5,0.0,437605.5509129307,245215.73704272913,152.00000000000006,0.0
ornstein-uhlenbeck,103,53.573188138268456,24.698300518241656,4394.349794530769,2404.07585336009,138.04419453076906,0.0,4356.3056,2404.07585336009,100.0,0.0,0.0,2722.6910000000003,0.0,0.0,2404.07585336009,0.0,0.11380624771118164,0.026009798049926758,0.5,0.0,441999.90070746146,247619.81289608922,153.52000000000007,0.0
ornstein-uhlenbeck,104,54.654275043576,23.121358537689364,4390.578951758453,2404.07585336009,134.81895175845315,0.0,4355.759999999999,2404.07585336009,100.0,0.0,0.0,2722.3499999999995,0.0,0.0,2404.07585336009,0.0,0.09859871864318848,0.024836301803588867,0.5,0.0,446390.4796592199,250023.8887494493,155.04000000000008,0.0
ornstein-uhlenbeck,105,56.68855799815143,22.58014409922162,4387.992134371659,2404.07585336009,140.90573437165884,0.0,4347.0864,2404.07585336009,100.0,0.0,0.0,2716.929,0.0,0.0,2404.07585336009,0.0,0.09043002128601074,0.013170957565307617,0.5,0.0,450778.47179359157,252427.9646028094,156.5600000000001,0.0
ornstein-uhlenbeck,106,55.49911127276505,21.46111047814788,4400.85512093677,2404.07585336009,150.03912093677016,0.0,4350.816,2404.07585336009,100.0,0.0,0.0,2719.26,0.0,0.0,2404.07585336009,0.0,0.10153436660766602,0.03074789047241211,0.5,0.0,455179.3269145283,254832.0404561695,158.0800000000001,0.0
ornstein-uhlenbeck,107,50.45195242807839,19.95580473937459,3955.1717726443107,2404.07585336009,129.95209264430954,0.0,3925.219680000001,2404.07585336009,100.0,0.0,0.0,2453.2623000000012,0.0,0.0,2404.07585336009,0.0,0.10475730895996094,0.021004676818847656,0.5,0.0,459134.49868717266,257236.11630952958,159.6000000000001,0.0
ornstein-uhlenbeck,108,50.20047809344135,19.588835576657292,3951.368000000001,2404.07585336009,0.0,0.0,4051.368000000001,2404.07585336009,100.0,0.0,0.0,2532.105,0.0,0.0,2404.07585336009,0.0,0.09772920608520508,0.03270292282104492,0.5,0.0,463085.8666871727,259640.19216288967,159.6000000000001,0.0
ornstein-uhlenbeck,109,55.78672617513312,19.19665592324132,4379.040000000001,2404.07585336009,0.0,0.0,4479.040000000001,2404.07585336009,100.0,0.0,0.0,2799.4000000000005,0.0,0.0,2404.07585336009,0.0,0.18457889556884766,0.026180267333984375,0.5,0.0,467464.90668717265,262044.26801624976,159.6000000000001,0.0
ornstein-uhlenbeck,110,53.78060159181181,21.27533029051775,4388.12,2404.07585336009,0.0,0.0,4488.12,2404.07585336009,100.0,0.0,0.0,2805.075,0.0,0.0,2404.07585336009,0.0,0.10729551315307617,0.026941776275634766,0.5,0.0,471853.02668717265,264448.3438696099,159.6000000000001,0.0
ornstein-uhlenbeck,111,56.586134313268495,20.788080531412266,4389.8994061518815,2404.07585336009,151.64980615188148,0.0,4338.2496,2404.07585336009,100.0,0.0,0.0,2711.4059999999995,0.0,0.0,2404.07585336009,0.0,0.11365890502929688,0.02539348602294922,0.5,0.0,476242.92609332455,266852.41972297,161.12000000000012,0.0
ornstein-uhlenbeck,112,56.10645076081829,21.86663043971882,4374.280000000001,2404.07585336009,0.0,0.0,4474.280000000001,2404.07585336009,100.0,0.0,0.0,2796.425,0.0,0.0,2404.07585336009,0.0,0.09836745262145996,0.02494335174560547,0.5,0.0,480617.2060933246,269256.4955763301,161.12000000000012,0.0
ornstein-uhlenbeck,113,56.28930227360954,24.8523395642367,4421.082468766674,2404.07585336009,170.2664687666736,0.0,4350.816,2404.07585336009,100.0,0.0,0.0,2719.26,0.0,0.0,2404.07585336009,0.0,0.11217927932739258,0.025831222534179688,0.5,0.0,485038.28856209124,271660.57142969023,162.64000000000013,0.0
ornstein-uhlenbeck,114,48.38979969340716,19.619012567831305,3946.0063258443793,2404.07585336009,117.72232584437808,0.0,3928.284000000001,2404.07585336009,100.0,0.0,0.0,2455.1775000000007,0.0,0.0,2404.07585336009,0.0,0.11006402969360352,0.023186683654785156,0.5,0.0,488984.2948879356,274064.64728305035,164.16000000000014,0.0
ornstein-uhlenbeck,115,49.96508492343886,24.114287903761255,3952.0652907955077,2404.07585336009,103.13313079550691,0.0,3948.9321600000007,2404.07585336009,100.0,0.0,0.0,2468.0826,0.0,0.0,2404.07585336009,0.0,0.08772397041320801,0.032984256744384766,0.5,0.0,492936.36017873115,276468.72313641047,165.68000000000015,0.0
ornstein-uhlenbeck,116,59.19099261252609,23.11901488799595,4373.813069987753,2404.07585336009,126.34426998775149,0.0,4347.4688000000015,2404.07585336009,100.0,0.0,0.0,2717.1680000000006,0.0,0.0,2404.07585336009,0.0,0.11906075477600098,0.020639896392822266,0.5,0.0,497310.1732487189,278872.7989897706,167.20000000000016,0.0
ornstein-uhlenbeck,117,57.0703263394949,22.563224675029094,4399.6897795207915,2404.07585336009,138.2769795207911,0.0,4361.4128,2404.07585336009,100.0,0.0,0.0,2725.883,0.0,0.0,2404.07585336009,0.0,0.10479378700256348,0.021782398223876953,0.5,0.0,501709.8630282397,281276.8748431307,168.72000000000017,0.0
ornstein-uhlenbeck,118,54.55256411642057,24.223810352146653,4379.885966907747,2404.07585336009,141.6363669077474,0.0,4338.2496,2404.07585336009,100.0,0.0,0.0,2711.4059999999995,0.0,0.0,2404.07585336009,0.0,0.09110832214355469,0.0210111141204834,0.5,0.0,506089.7489951474,283680.9506964908,170.24000000000018,0.0
ornstein-uhlenbeck,119,54.98692169913736,20.82383559800744,4390.317925520024,2404.07585336009,148.33872552002356,0.0,4341.979200000001,2404.07585336009,100.0,0.0,0.0,2713.737,0.0,0.0,2404.07585336009,0.0,0.10672831535339355,0.02213430404663086,0.5,0.0,510480.0669206674,286085.02654985094,171.7600000000002,0.0
ornstein-uhlenbeck,120,56.02652143925963,21.932842827502135,4388.10483964517,2404.07585336009,116.37363964516945,0.0,4371.7312,2404.07585336009,100.0,0.0,0.0,2732.3320000000003,0.0,0.0,2404.07585336009,0.0,0.10208344459533691,0.023117542266845703,0.5,0.0,514868.1717603126,288489.10240321106,173.2800000000002,0.0
ornstein-uhlenbeck,121,48.800246541746986,22.82773664724308,3961.433993099939,2404.07585336009,133.1499930999379,0.0,3928.284000000001,2404.07585336009,100.0,0.0,0.0,2455.1775000000007,0.0,0.0,2404.07585336009,0.0,0.12185120582580566,0.0370328426361084,0.5,0.0,518829.6057534125,290893.1782565712,174.8000000000002,0.0
ornstein-uhlenbeck,122,47.453963678782365,21.1832792243011,3978.504443908238,2404.07585336009,128.04012390823718,0.0,3950.464320000001,2404.07585336009,100.0,0.0,0.0,2469.0402,0.0,0.0,2404.07585336009,0.0,0.10249090194702148,0.029474258422851562,0.5,0.0,522808.11019732076,293297.2541099313,176.32000000000022,0.0
ornstein-uhlenbeck,123,54.48777040936975,22.48224952721972,4402.020916363413,2404.07585336009,152.84971636341186,0.0,4349.171200000001,2404.07585336009,100.0,0.0,0.0,2718.232000000001,0.0,0.0,2404.07585336009,0.0,0.10139679908752441,0.03812241554260254,0.5,0.0,527210.1311136842,295701.3299632914,177.84000000000023,0.0
ornstein-uhlenbeck,124,53.05430965215286,24.24777651193461,4399.396947308915,2404.07585336009,143.09134730891483,0.0,4356.3056,2404.07585336009,100.0,0.0,0.0,2722.6910000000003,0.0,0.0,2404.07585336009,0.0,0.11247992515563965,0.031527042388916016,0.5,0.0,531609.5280609931,298105.40581665153,179.36000000000024,0.0
ornstein-uhlenbeck,125,54.97065167074279,19.976705715055893,4378.217042874242,2404.07585336009,122.4570428742427,0.0,4355.759999999999,2404.07585336009,100.0,0.0,0.0,2722.3499999999995,0.0,0.0,2404.07585336009,0.0,0.11151790618896484,0.03224492073059082,0.5,0.0,535987.7451038673,300509.48167001165,180.88000000000025,0.0
ornstein-uhlenbeck,126,54.6211800617788,23.637213610099796,4408.799076654406,2404.07585336009,145.90467665440647,0.0,4362.8944,2404.07585336009,100.0,0.0,0.0,2726.8089999999993,0.0,0.0,2404.07585336009,0.0,0.10568785667419434,0.027669191360473633,0.5,0.0,540396.5441805216,302913.55752337177,182.40000000000026,0.0
ornstein-uhlenbeck,127,57.26068036701133,22.111529594522082,4405.812584984134,2404.07585336009,132.37898498413438,0.0,4373.4336,2404.07585336009,100.0,0.0,0.0,2733.396,0.0,0.0,2404.07585336009,0.0,0.11203360557556152,0.029758930206298828,0.5,0.0,544802.3567655057,305317.6333767319,183.92000000000027,0.0
ornstein-uhlenbeck,128,47.66870372363751,19.276363500771083,3956.5642575592046,2404.07585336009,114.05305755920348,0.0,3942.5112000000013,2404.07585336009,100.0,0.0,0.0,2464.0695000000005,0.0,0.0,2404.07585336009,0.0,0.10758423805236816,0.0243377685546875,0.5,0.0,548758.921023065,307721.709230092,185.44000000000028,0.0
ornstein-uhlenbeck,129,50.1923890572099,19.102356145624203,3951.368000000001,2404.07585336009,0.0,0.0,4051.368000000001,2404.07585336009,100.0,0.0,0.0,2532.105,0.0,0.0,2404.07585336009,0.0,0.07380461692810059,0.022066593170166016,0.5,0.0,552710.289023065,310125.7850834521,185.44000000000028,0.0
ornstein-uhlenbeck,130,55.0501966815776,22.259755325368154,4379.040000000001,2404.07585336009,0.0,0.0,4479.040000000001,2404.07585336009,100.0,0.0,0.0,2799.4000000000005,0.0,0.0,2404.07585336009,0.0,0.14417433738708496,0.026083946228027344,0.5,0.0,557089.329023065,312529.86093681224,185.44000000000028,0.0
ornstein-uhlenbeck,131,55.655531220630856,23.073087324272876,4407.641565696482,2404.07585336009,147.93116569648222,0.0,4359.7104,2404.07585336009,100.0,0.0,0.0,2724.819,0.0,0.0,2404.07585336009,0.0,0.10502982139587402,0.027388811111450195,0.5,0.0,561496.9705887615,314933.93679017236,186.9600000000003,0.0
ornstein-uhlenbeck,132,58.142906956666344,23.641738849342403,4393.612030172625,2404.07585336009,137.85203017262603,0.0,4355.759999999999,2404.07585336009,100.0,0.0,0.0,2722.3499999999995,0.0,0.0,2404.07585336009,0.0,0.10381937026977539,0.0260007381439209,0.5,0.0,565890.5826189341,317338.0126435325,188.4800000000003,0.0
ornstein-uhlenbeck,133,54.40926838635454,26.017833880729995,4403.896627666068,2404.07585336009,156.8102276660676,0.0,4347.0864,2404.07585336009,100.0,0.0,0.0,2716.929,0.0,0.0,2404.07585336009,0.0,0.11197066307067871,0.023856163024902344,0.5,0.0,570294.4792466002,319742.0884968926,190.0000000000003,0.0
ornstein-uhlenbeck,134,52.69478802752972,24.029746761009548,4390.345034561676,2404.07585336009,134.42183456167547,0.0,4355.9232,2404.07585336009,100.0,0.0,0.0,2722.452,0.0,0.0,2404.07585336009,0.0,0.10093975067138672,0.03789496421813965,0.5,0.0,574684.8242811619,322146.1643502527,191.52000000000032,0.0
ornstein-uhlenbeck,135,50.12110923974577,23.619277964272293,3955.594291700098,2404.07585336009,127.31029170009697,0.0,3928.284000000001,2404.07585336009,100.0,0.0,0.0,2455.1775000000007,0.0,0.0,2404.07585336009,0.0,0.10956048965454102,0.024064064025878906,0.5,0.0,578640.4185728619,324550.24020361283,193.04000000000033,0.0
ornstein-uhlenbeck,136,49.076017118375184,20.811199985753426,3962.09516058245,2404.07585336009,110.09868058244926,0.0,3951.9964800000007,2404.07585336009,100.0,0.0,0.0,2469.9977999999996,0.0,0.0,2404.07585336009,0.0,0.10031771659851074,0.02453780174255371,0.5,0.0,582602.5137334444,326954.31605697295,194.56000000000034,0.0
ornstein-uhlenbeck,137,55.39032687466073,22.173933387450735,4389.9546595479815,2404.07585336009,140.7834595479804,0.0,4349.171200000001,2404.07585336009,100.0,0.0,0.0,2718.232000000001,0.0,0.0,2404.07585336009,0.0,0.15106844902038574,0.01944589614868164,0.5,0.0,586992.4683929924,329358.39191033307,196.08000000000035,0.0
ornstein-uhlenbeck,138,54.90236726991125,22.951418047622646,4395.570398408274,2404.07585336009,134.15759840827377,0.0,4361.4128,2404.07585336009,100.0,0.0,0.0,2725.883,0.0,0.0,2404.07585336009,0.0,0.11355900764465332,0.026134490966796875,0.5,0.0,591388.0387914006,331762.4677636932,197.60000000000036,0.0
ornstein-uhlenbeck,139,57.475810546719366,25.044232654328013,4385.071430594184,2404.07585336009,148.5242305941838,0.0,4336.5472,2404.07585336009,100.0,0.0,0.0,2710.3419999999996,0.0,0.0,2404.07585336009,0.0,0.09337806701660156,0.022612571716308594,0.5,0.0,595773.1102219948,334166.5436170533,199.12000000000037,0.0
ornstein-uhlenbeck,140,54.09991123676272,22.63930256769185,4398.495549776963,2404.07585336009,154.8139497769632,0.0,4343.6816,2404.07585336009,100.0,0.0,0.0,2714.8009999999995,0.0,0.0,2404.07585336009,0.0,0.09213590621948242,0.024001598358154297,0.5,0.0,600171.6057717717,336570.6194704134,200.64000000000038,0.0
ornstein-uhlenbeck,141,55.65673241237469,21.786394809242474,4401.011519208716,2404.07585336009,130.98271920871574,0.0,4370.0288,2404.07585336009,100.0,0.0,0.0,2731.2680000000005,0.0,0.0,2404.07585336009,0.0,0.09293746948242188,0.02316117286682129,0.5,0.0,604572.6172909804,338974.69532377354,202.1600000000004,0.0
ornstein-uhlenbeck,142,46.87517623180696,17.488068480558866,3953.3981430110484,2404.07585336009,110.88694301104717,0.0,3942.5112000000013,2404.07585336009,100.0,0.0,0.0,2464.0695000000005,0.0,0.0,2404.07585336009,0.0,0.11923956871032715,0.02957320213317871,0.5,0.0,608526.0154339914,341378.77117713366,203.6800000000004,0.0
ornstein-uhlenbeck,143,49.607366744555556,19.90676094966602,3942.494481638762,2404.07585336009,106.25736163876124,0.0,3936.2371200000007,2404.07585336009,100.0,0.0,0.0,2460.1482,0.0,0.0,2404.07585336009,0.0,0.10007238388061523,0.03490757942199707,0.5,0.0,612468.5099156302,343782.8470304938,205.20000000000041,0.0
ornstein-uhlenbeck,144,54.82633952012109,24.74436869653214,4405.937306361153,2404.07585336009,137.55330636115167,0.0,4368.384000000001,2404.07585336009,100.0,0.0,0.0,2730.2400000000007,0.0,0.0,2404.07585336009,0.0,0.10306191444396973,0.029687881469726562,0.5,0.0,616874.4472219914,346186.9228838539,206.72000000000043,0.0
ornstein-uhlenbeck,145,57.445335292217685,22.38203502161649,4388.12,2404.07585336009,0.0,0.0,4488.12,2404.07585336009,100.0,0.0,0.0,2805.075,0.0,0.0,2404.07585336009,0.0,0.09853291511535645,0.030098438262939453,0.5,0.0,621262.5672219914,348590.998737214,206.72000000000043,0.0
ornstein-uhlenbeck,146,57.2807396718566,24.437652691867697,4387.913832079187,2404.07585336009,153.069032079187,0.0,4334.8448,2404.07585336009,100.0,0.0,0.0,2709.2779999999993,0.0,0.0,2404.07585336009,0.0,0.07602763175964355,0.023018598556518555,0.5,0.0,625650.4810540705,350995.07459057414,208.24000000000044,0.0
ornstein-uhlenbeck,147,57.42536768690892,21.715656492142788,4401.208045803118,2404.07585336009,155.82404580311672,0.0,4345.384000000001,2404.07585336009,100.0,0.0,0.0,2715.865,0.0,0.0,2404.07585336009,0.0,0.10254716873168945,0.02552485466003418,0.5,0.0,630051.6890998736,353399.15044393425,209.76000000000045,0.0
ornstein-uhlenbeck,148,55.87313356925379,24.045761535828685,4414.015597925298,2404.07585336009,142.2843979252977,0.0,4371.7312,2404.07585336009,100.0,0.0,0.0,2732.3320000000003,0.0,0.0,2404.07585336009,0.0,0.10155153274536133,0.024127721786499023,0.5,0.0,634465.7046977989,355803.2262972944,211.28000000000046,0.0
ornstein-uhlenbeck,149,50.1808150596057,18.633384340551064,3955.1774181565934,2404.07585336009,112.66621815659211,0.0,3942.5112000000013,2404.07585336009,100.0,0.0,0.0,2464.0695000000005,0.0,0.0,2404.07585336009,0.0,0.10377669334411621,0.033637285232543945,0.5,0.0,638420.8821159556,358207.3021506545,212.80000000000047,0.0
ornstein-uhlenbeck,150,49.33714952819989,22.4168411965965,3949.0474326200874,2404.07585336009,112.81031262008666,0.0,3936.2371200000007,2404.07585336009,100.0,0.0,0.0,2460.1482,0.0,0.0,2404.07585336009,0.0,0.0987405776977539,0.022530317306518555,0.5,0.0,642369.9295485757,360611.3780040146,214.32000000000048,0.0
ornstein-uhlenbeck,151,56.68731772866042,24.27728167143354,4395.867225724244,2404.07585336009,146.69602572424347,0.0,4349.171200000001,2404.07585336009,100.0,0.0,0.0,2718.232000000001,0.0,0.0,2404.07585336009,0.0,0.15036845207214355,0.02521824836730957,0.5,0.0,646765.7967742999,363015.4538573747,215.8400000000005,0.0
ornstein-uhlenbeck,152,58.273506046454344,23.88853372777856,4396.741668028048,2404.07585336009,138.7336680280464,0.0,4358.008000000001,2404.07585336009,100.0,0.0,0.0,2723.7549999999997,0.0,0.0,2404.07585336009,0.0,0.1027364730834961,0.018517732620239258,0.5,0.0,651162.538442328,365419.52971073485,217.3600000000005,0.0
ornstein-uhlenbeck,153,59.155911828027946,23.204184724703445,4396.32112913043,2404.07585336009,140.56112913043032,0.0,4355.759999999999,2404.07585336009,100.0,0.0,0.0,2722.3499999999995,0.0,0.0,2404.07585336009,0.0,0.3337266445159912,0.023678302764892578,0.5,0.0,655558.8595714584,367823.60556409496,218.8800000000005,0.0
ornstein-uhlenbeck,154,59.01824212622245,22.192795759075228,4400.554600557831,2404.07585336009,137.66020055783068,0.0,4362.8944,2404.07585336009,100.0,0.0,0.0,2726.8089999999993,0.0,0.0,2404.07585336009,0.0,0.10053086280822754,0.02805614471435547,0.5,0.0,659959.4141720162,370227.6814174551,220.40000000000052,0.0
ornstein-uhlenbeck,155,57.2847582548535,24.4542266400804,4421.762551250961,2404.07585336009,148.3289512509613,0.0,4373.4336,2404.07585336009,100.0,0.0,0.0,2733.396,0.0,0.0,2404.07585336009,0.0,0.10835790634155273,0.024915456771850586,0.5,0.0,664381.1767232672,372631.7572708152,221.92000000000053,0.0
ornstein-uhlenbeck,156,54.037465295888126,22.767899444533818,3967.6791991706264,2404.07585336009,126.70015917062523,0.0,3940.979040000001,2404.07585336009,100.0,0.0,0.0,2463.111900000001,0.0,0.0,2404.07585336009,0.0,0.10403752326965332,0.02343130111694336,0.5,0.0,668348.8559224379,375035.8331241753,223.44000000000054,0.0
ornstein-uhlenbeck,157,51.16236397647976,22.313877670076575,3969.7269487246026,2404.07585336009,133.48982872460206,0.0,3936.2371200000007,2404.07585336009,100.0,0.0,0.0,2460.1482,0.0,0.0,2404.07585336009,0.0,0.09144210815429688,0.021996021270751953,0.5,0.0,672318.5828711624,377439.90897753544,224.96000000000055,0.0
ornstein-uhlenbeck,158,59.7238401477613,24.40032347181823,4379.040000000001,2404.07585336009,0.0,0.0,4479.040000000001,2404.07585336009,100.0,0.0,0.0,2799.4000000000005,0.0,0.0,2404.07585336009,0.0,0.11757564544677734,0.0237429141998291,0.5,0.0,676697.6228711625,379843.98483089556,224.96000000000055,0.0
ornstein-uhlenbeck,159,62.83053530252685,24.55053667744493,4423.985103095221,2404.07585336009,169.38190309522108,0.0,4354.6032000000005,2404.07585336009,100.0,0.0,0.0,2721.627,0.0,0.0,2404.07585336009,0.0,0.09937071800231934,0.024111509323120117,0.5,0.0,681121.6079742577,382248.0606842557,226.48000000000056,0.0
ornstein-uhlenbeck,160,58.5987893782559,21.927758965055496,4390.636529982879,2404.07585336009,136.57892998287986,0.0,4354.057599999999,2404.07585336009,100.0,0.0,0.0,2721.2859999999996,0.0,0.0,2404.07585336009,0.0,0.10718917846679688,0.027011632919311523,0.5,0.0,685512.2445042406,384652.1365376158,228.00000000000057,0.0
ornstein-uhlenbeck,161,61.75977671687062,24.497043004108868,4404.160837902651,2404.07585336009,141.26643790265086,0.0,4362.8944,2404.07585336009,100.0,0.0,0.0,2726.8089999999993,0.0,0.0,2404.07585336009,0.0,0.0922243595123291,0.03401613235473633,0.5,0.0,689916.4053421433,387056.2123909759,229.52000000000058,0.0
ornstein-uhlenbeck,162,62.122230450043084,20.803374219214703,4398.7009957739565,2404.07585336009,126.9697957739564,0.0,4371.7312,2404.07585336009,100.0,0.0,0.0,2732.3320000000003,0.0,0.0,2404.07585336009,0.0,0.09833955764770508,0.02315211296081543,0.5,0.0,694315.1063379173,389460.288244336,231.0400000000006,0.0
ornstein-uhlenbeck,163,56.24948888826651,19.443175763820026,3962.99773382972,2404.07585336009,136.24589382971854,0.0,3926.7518400000013,2404.07585336009,100.0,0.0,0.0,2454.219900000001,0.0,0.0,2404.07585336009,0.0,0.09887170791625977,0.020815134048461914,0.5,0.0,698278.104071747,391864.36409769615,232.5600000000006,0.0
ornstein-uhlenbeck,164,56.87879118480694,22.339126377623476,3984.7707029228077,2404.07585336009,134.3063829228067,0.0,3950.464320000001,2404.07585336009,100.0,0.0,0.0,2469.0402,0.0,0.0,2404.07585336009,0.0,0.09596109390258789,0.03188800811767578,0.5,0.0,702262.8747746699,394268.43995105627,234.0800000000006,0.0
ornstein-uhlenbeck,165,61.219687170570985,21.361518259842573,4397.6580380296,2404.07585336009,151.89163802959845,0.0,4345.766400000001,2404.07585336009,100.0,0.0,0.0,2716.1040000000007,0.0,0.0,2404.07585336009,0.0,0.09336686134338379,0.030216455459594727,0.5,0.0,706660.5328126994,396672.5158044164,235.60000000000062,0.0
ornstein-uhlenbeck,166,61.45049377696767,24.15257853326547,4412.732658112568,2404.07585336009,153.02225811256818,0.0,4359.7104,2404.07585336009,100.0,0.0,0.0,2724.819,0.0,0.0,2404.07585336009,0.0,0.11301159858703613,0.024536609649658203,0.5,0.0,711073.265470812,399076.5916577765,237.12000000000063,0.0
ornstein-uhlenbeck,167,61.095087016692595,22.070533101313764,4368.8502919171015,2404.07585336009,116.49509191710135,0.0,4352.3552,2404.07585336009,100.0,0.0,0.0,2720.2219999999993,0.0,0.0,2404.07585336009,0.0,0.09185433387756348,0.031531333923339844,0.5,0.0,715442.1157627291,401480.6675111366,238.64000000000064,0.0
ornstein-uhlenbeck,168,63.120279229465986,21.887574860256564,4387.649800173765,2404.07585336009,124.75540017376431,0.0,4362.8944,2404.07585336009,100.0,0.0,0.0,2726.8089999999993,0.0,0.0,2404.07585336009,0.0,0.11049103736877441,0.041689395904541016,0.5,0.0,719829.7655629029,403884.74336449674,240.16000000000065,0.0
ornstein-uhlenbeck,169,62.083245668849976,24.161703700222404,4430.807435397358,2404.07585336009,157.37383539735765,0.0,4373.4336,2404.07585336009,100.0,0.0,0.0,2733.396,0.0,0.0,2404.07585336009,0.0,0.10500478744506836,0.0232241153717041,0.5,0.0,724260.5729983003,406288.81921785686,241.68000000000066,0.0
ornstein-uhlenbeck,170,53.71403248739431,19.09422472623007,3943.206039493384,2404.07585336009,114.92203949338315,0.0,3928.284000000001,2404.07585336009,100.0,0.0,0.0,2455.1775000000007,0.0,0.0,2404.07585336009,0.0,0.10208868980407715,0.027031898498535156,0.5,0.0,728203.7790377937,408692.895071217,243.20000000000067,0.0
ornstein-uhlenbeck,171,55.13348153286514,19.396543526400574,3977.9309641528075,2404.07585336009,125.93448415280679,0.0,3951.9964800000007,2404.07585336009,100.0,0.0,0.0,2469.9977999999996,0.0,0.0,2404.07585336009,0.0,0.09584641456604004,0.027676105499267578,0.5,0.0,732181.7100019465,411096.9709245771,244.72000000000068,0.0
ornstein-uhlenbeck,172,65.23109419914344,21.494358946740796,4405.331107697616,2404.07585336009,138.64950769761532,0.0,4366.681600000001,2404.07585336009,100.0,0.0,0.0,2729.1760000000004,0.0,0.0,2404.07585336009,0.0,0.10765194892883301,0.029087066650390625,0.5,0.0,736587.0411096441,413501.0467779372,246.2400000000007,0.0
ornstein-uhlenbeck,173,63.87649764135225,22.79001898103333,4412.8186937357095,2404.07585336009,153.10829373570985,0.0,4359.7104,2404.07585336009,100.0,0.0,0.0,2724.819,0.0,0.0,2404.07585336009,0.0,0.11409235000610352,0.019744157791137695,0.5,0.0,740999.8598033799,415905.12263129733,247.7600000000007,0.0
ornstein-uhlenbeck,174,65.8050137334734,21.512821626007423,4389.698875874252,2404.07585336009,133.9388758742524,0.0,4355.759999999999,2404.07585336009,100.0,0.0,0.0,2722.3499999999995,0.0,0.0,2404.07585336009,0.0,0.10340070724487305,0.023853302001953125,0.5,0.0,745389.5586792541,418309.19848465745,249.2800000000007,0.0
ornstein-uhlenbeck,175,63.93778206822773,22.1062178413134,4406.930367092349,2404.07585336009,164.9511670923481,0.0,4341.979200000001,2404.07585336009,100.0,0.0,0.0,2713.737,0.0,0.0,2404.07585336009,0.0,0.07660889625549316,0.02384185791015625,0.5,0.0,749796.4890463465,420713.27433801757,250.80000000000072,0.0
ornstein-uhlenbeck,176,62.386669041931036,21.562395111526513,4405.6587687408155,2404.07585336009,153.14036874081532,0.0,4352.5184,2404.07585336009,100.0,0.0,0.0,2720.3240000000005,0.0,0.0,2404.07585336009,0.0,0.09392786026000977,0.03097844123840332,0.5,0.0,754202.1478150873,423117.3501913777,252.32000000000073,0.0
ornstein-uhlenbeck,177,58.298417239524305,19.176523121121516,3948.961767061139,2404.07585336009,122.20992706113796,0.0,3926.7518400000013,2404.07585336009,100.0,0.0,0.0,2454.219900000001,0.0,0.0,2404.07585336009,0.0,0.10539412498474121,0.024086713790893555,0.5,0.0,758151.1095821485,425521.4260447378,253.84000000000074,0.0
ornstein-uhlenbeck,178,59.41522926945256,21.06544790619253,3984.0388446964776,2404.07585336009,132.0423646964768,0.0,3951.9964800000007,2404.07585336009,100.0,0.0,0.0,2469.9977999999996,0.0,0.0,2404.07585336009,0.0,0.08320856094360352,0.02064824104309082,0.5,0.0,762135.148426845,427925.5018980979,255.36000000000075,0.0
ornstein-uhlenbeck,179,66.0296587233803,24.570236950537495,4433.24988843391,2404.07585336009,182.3762884339098,0.0,4350.873600000001,2404.07585336009,100.0,0.0,0.0,2719.2960000000007,0.0,0.0,2404.07585336009,0.0,0.10185003280639648,0.02181220054626465,0.5,0.0,766568.3983152789,430329.57775145804,256.88000000000073,0.0
ornstein-uhlenbeck,180,65.610394469496,23.500836817935195,4399.7841237649645,2404.07585336009,125.9681237649651,0.0,4373.816,2404.07585336009,100.0,0.0,0.0,2733.635,0.0,0.0,2404.07585336009,0.0,0.0940239429473877,0.024022340774536133,0.5,0.0,770968.1824390439,432733.65360481816,258.4000000000007,0.0
ornstein-uhlenbeck,181,69.10753657379082,24.84304180565935,4393.122316978541,2404.07585336009,154.8727169785405,0.0,4338.2496,2404.07585336009,100.0,0.0,0.0,2711.4059999999995,0.0,0.0,2404.07585336009,0.0,0.11040043830871582,0.02488398551940918,0.5,0.0,775361.3047560224,435137.7294581783,259.9200000000007,0.0
ornstein-uhlenbeck,182,67.80321109234661,23.045232004530916,4418.210976114586,2404.07585336009,174.52937611458572,0.0,4343.6816,2404.07585336009,100.0,0.0,0.0,2714.8009999999995,0.0,0.0,2404.07585336009,0.0,0.1019601821899414,0.02545309066772461,0.5,0.0,779779.515732137,437541.8053115384,261.4400000000007,0.0
ornstein-uhlenbeck,183,67.63739347547047,21.56063740979482,4416.552336163361,2404.07585336009,143.11873616336138,0.0,4373.4336,2404.07585336009,100.0,0.0,0.0,2733.396,0.0,0.0,2404.07585336009,0.0,0.09564352035522461,0.013663530349731445,0.5,0.0,784196.0680683004,439945.8811648985,262.96000000000066,0.0
ornstein-uhlenbeck,184,60.90873342515963,23.39393602525782,3983.4552953444972,2404.07585336009,139.4119353444957,0.0,3944.0433600000015,2404.07585336009,100.0,0.0,0.0,2465.027100000001,0.0,0.0,2404.07585336009,0.0,0.10706257820129395,0.022120237350463867,0.5,0.0,788179.5233636448,442349.95701825863,264.48000000000064,0.0
ornstein-uhlenbeck,185,64.39650229598227,20.200283503059946,4001.9302833917127,2404.07585336009,151.46596339171182,0.0,3950.464320000001,2404.07585336009,100.0,0.0,0.0,2469.0402,0.0,0.0,2404.07585336009,0.0,0.1175832748413086,0.014149665832519531,0.5,0.0,792181.4536470366,444754.03287161875,266.0000000000006,0.0
ornstein-uhlenbeck,186,72.91439051811676,24.412990720637453,4422.622253298883,2404.07585336009,173.45105329888273,0.0,4349.171200000001,2404.07585336009,100.0,0.0,0.0,2718.232000000001,0.0,0.0,2404.07585336009,0.0,0.10670280456542969,0.022920846939086914,0.5,0.0,796604.0759003354,447158.10872497887,267.5200000000006,0.0
ornstein-uhlenbeck,187,71.08677553908332,22.97461524898611,4378.871626257359,2404.07585336009,108.94682625735939,0.0,4369.9248,2404.07585336009,100.0,0.0,0.0,2731.203,0.0,0.0,2404.07585336009,0.0,0.0926504135131836,0.021344423294067383,0.5,0.0,800982.9475265928,449562.184578339,269.0400000000006,0.0
ornstein-uhlenbeck,188,67.1192151031503,21.148690033457047,4392.737551103705,2404.07585336009,156.19035110370535,0.0,4336.5472,2404.07585336009,100.0,0.0,0.0,2710.3419999999996,0.0,0.0,2404.07585336009,0.0,0.0971975326538086,0.025915145874023438,0.5,0.0,805375.6850776965,451966.2604316991,270.56000000000057,0.0
ornstein-uhlenbeck,189,70.43912578346031,24.27910692593236,4417.780559759901,2404.07585336009,174.09895975990065,0.0,4343.6816,2404.07585336009,100.0,0.0,0.0,2714.8009999999995,0.0,0.0,2404.07585336009,0.0,0.10690116882324219,0.030684471130371094,0.5,0.0,809793.4656374564,454370.3362850592,272.08000000000055,0.0
ornstein-uhlenbeck,190,67.13854558328812,22.65840195572177,4421.0852170910075,2404.07585336009,149.35401709100697,0.0,4371.7312,2404.07585336009,100.0,0.0,0.0,2732.3320000000003,0.0,0.0,2404.07585336009,0.0,0.20070362091064453,0.020787715911865234,0.5,0.0,814214.5508545474,456774.41213841934,273.60000000000053,0.0
ornstein-uhlenbeck,191,61.089734155337474,20.537169200363834,3971.3859161375217,2404.07585336009,146.16623613752083,0.0,3925.219680000001,2404.07585336009,100.0,0.0,0.0,2453.2623000000012,0.0,0.0,2404.07585336009,0.0,0.10739326477050781,0.029270172119140625,0.5,0.0,818185.9367706849,459178.48799177946,275.1200000000005,0.0
ornstein-uhlenbeck,192,63.662491340690956,21.932551324066242,3991.7776205658015,2404.07585336009,142.8454605658007,0.0,3948.9321600000007,2404.07585336009,100.0,0.0,0.0,2468.0826,0.0,0.0,2404.07585336009,0.0,0.09904718399047852,0.023663759231567383,0.5,0.0,822177.7143912507,461582.5638451396,276.6400000000005,0.0
ornstein-uhlenbeck,193,70.27309508983275,24.019005274349087,4381.179007882782,2404.07585336009,120.09100788278123,0.0,4361.088000000001,2404.07585336009,100.0,0.0,0.0,2725.6800000000007,0.0,0.0,2404.07585336009,0.0,0.12145614624023438,0.027884721755981445,0.5,0.0,826558.8933991336,463986.6396984997,278.1600000000005,0.0
ornstein-uhlenbeck,194,70.02827577625989,21.51019714876259,4413.620394820487,2404.07585336009,152.20759482048695,0.0,4361.4128,2404.07585336009,100.0,0.0,0.0,2725.883,0.0,0.0,2404.07585336009,0.0,0.11921525001525879,0.02237534523010254,0.5,0.0,830972.513793954,466390.7155518598,279.68000000000046,0.0
ornstein-uhlenbeck,195,72.32580441960101,24.31519022182215,4400.85178574847,2404.07585336009,145.09178574847104,0.0,4355.759999999999,2404.07585336009,100.0,0.0,0.0,2722.3499999999995,0.0,0.0,2404.07585336009,0.0,0.09074878692626953,0.024553775787353516,0.5,0.0,835373.3655797025,468794.79140521993,281.20000000000044,0.0
ornstein-uhlenbeck,196,74.26111979640984,19.780798052886336,4409.67380555178,2404.07585336009,165.99220555178024,0.0,4343.6816,2404.07585336009,100.0,0.0,0.0,2714.8009999999995,0.0,0.0,2404.07585336009,0.0,0.09558272361755371,0.023094892501831055,0.5,0.0,839783.0393852544,471198.86725858005,282.7200000000004,0.0
ornstein-uhlenbeck,197,71.45095553392356,24.238409799896882,4427.026872218822,2404.07585336009,171.10367221882152,0.0,4355.9232,2404.07585336009,100.0,0.0,0.0,2722.452,0.0,0.0,2404.07585336009,0.0,0.09531927108764648,0.022655725479125977,0.5,0.0,844210.0662574732,473602.94311194017,284.2400000000004,0.0
ornstein-uhlenbeck,198,64.96544313941659,18.005468968428023,3973.327444186287,2404.07585336009,149.63992418628544,0.0,3923.6875200000013,2404.07585336009,100.0,0.0,0.0,2452.304700000001,0.0,0.0,2404.07585336009,0.0,0.1034996509552002,0.02360391616821289,0.5,0.0,848183.3937016595,476007.0189653003,285.7600000000004,0.0
ornstein-uhlenbeck,199,66.26418103300598,20.075113841569877,3982.2099459205215,2404.07585336009,133.27778592052059,0.0,3948.9321600000007,2404.07585336009,100.0,0.0,0.0,2468.0826,0.0,0.0,2404.07585336009,0.0,0.08948302268981934,0.023526906967163086,0.5,0.0,852165.60364758,478411.0948186604,287.28000000000037,0.0
ornstein-uhlenbeck,200,73.86155383057145,23.464294691434056,4417.84342643042,2404.07585336009,166.9698264304186,0.0,4350.873600000001,2404.07585336009,100.0,0.0,0.0,2719.2960000000007,0.0,0.0,2404.07585336009,0.0,0.11707115173339844,0.02503657341003418,0.5,0.0,856583.4470740104,480815.1706720205,288.80000000000035,0.0
ornstein-uhlenbeck,201,75.16702471845572,22.600775897201004,4425.181056084889,2404.07585336009,165.4706560848889,0.0,4359.7104,2404.07585336009,100.0,0.0,0.0,2724.819,0.0,0.0,2404.07585336009,0.0,0.1352083683013916,0.02822256088256836,0.5,0.0,861008.6281300953,483219.24652538064,290.32000000000033,0.0
ornstein-uhlenbeck,202,76.22836388852572,25.58531388822953,4420.43288464582,2404.07585336009,164.67288464582126,0.0,4355.759999999999,2404.07585336009,100.0,0.0,0.0,2722.3499999999995,0.0,0.0,2404.07585336009,0.0,0.1042180061340332,0.023969650268554688,0.5,0.0,865429.0610147411,485623.32237874076,291.8400000000003,0.0
ornstein-uhlenbeck,203,74.33966639714576,22.68157747349098,4422.345569089779,2404.07585336009,178.6639690897791,0.0,4343.6816,2404.07585336009,100.0,0.0,0.0,2714.8009999999995,0.0,0.0,2404.07585336009,0.0,0.10313081741333008,0.025121688842773438,0.5,0.0,869851.4065838308,488027.3982321009,293.3600000000003,0.0
ornstein-uhlenbeck,204,75.87820261182219,24.36118331240573,4397.649948206493,2404.07585336009,129.32354820649266,0.0,4368.3264,2404.07585336009,100.0,0.0,0.0,2730.204,0.0,0.0,2404.07585336009,0.0,0.10753059387207031,0.025142669677734375,0.5,0.0,874249.0565320373,490431.474085461,294.8800000000003,0.0
ornstein-uhlenbeck,205,69.66710545558354,20.629350756877724,3990.401921492182,2404.07585336009,149.4228814921807,0.0,3940.979040000001,2404.07585336009,100.0,0.0,0.0,2463.111900000001,0.0,0.0,2404.07585336009,0.0,0.10224008560180664,0.020952701568603516,0.5,0.0,878239.4584535295,492835.5499388211,296.40000000000026,0.0
ornstein-uhlenbeck,206,69.47570124616813,20.946778564391515,4004.4383635158747,2404.07585336009,169.73340351587333,0.0,3934.704960000001,2404.07585336009,100.0,0.0,0.0,2459.1906000000004,0.0,0.0,2404.07585336009,0.0,0.08559346199035645,0.0250399112701416,0.5,0.0,882243.8968170454,495239.62579218124,297.92000000000024,0.0
ornstein-uhlenbeck,207,77.12572411695417,22.26948479512534,4431.890396532894,2404.07585336009,179.3143965328929,0.0,4352.576000000001,2404.07585336009,100.0,0.0,0.0,2720.3600000000006,0.0,0.0,2404.07585336009,0.0,0.17404890060424805,0.024537324905395508,0.5,0.0,886675.7872135784,497643.70164554135,299.4400000000002,0.0
ornstein-uhlenbeck,208,76.70671369473838,23.776666991110393,4441.089322569333,2404.07585336009,179.67652256933206,0.0,4361.4128,2404.07585336009,100.0,0.0,0.0,2725.883,0.0,0.0,2404.07585336009,0.0,0.10157489776611328,0.02421092987060547,0.5,0.0,891116.8765361477,500047.7774989015,300.9600000000002,0.0
ornstein-uhlenbeck,209,81.80321136307873,23.290265281214126,4410.653525415712,2404.07585336009,172.40392541571168,0.0,4338.2496,2404.07585336009,100.0,0.0,0.0,2711.4059999999995,0.0,0.0,2404.07585336009,0.0,0.12019157409667969,0.025836944580078125,0.5,0.0,895527.5300615634,502451.8533522616,302.4800000000002,0.0
ornstein-uhlenbeck,210,78.6036606354538,25.064270704086745,4439.315440682607,2404.07585336009,195.6338406826067,0.0,4343.6816,2404.07585336009,100.0,0.0,0.0,2714.8009999999995,0.0,0.0,2404.07585336009,0.0,0.10021233558654785,0.02264261245727539,0.5,0.0,899966.8455022459,504855.9292056217,304.00000000000017,0.0
ornstein-uhlenbeck,211,80.49998203503635,18.933623907873827,4433.508035931547,2404.07585336009,160.07443593154653,0.0,4373.4336,2404.07585336009,100.0,0.0,0.0,2733.396,0.0,0.0,2404.07585336009,0.0,0.10078716278076172,0.024225234985351562,0.5,0.0,904400.3535381774,507260.0050589818,305.52000000000015,0.0
ornstein-uhlenbeck,212,71.16707104317659,17.037203111271484,3992.446038777148,2404.07585336009,148.40267877714643,0.0,3944.0433600000015,2404.07585336009,100.0,0.0,0.0,2465.027100000001,0.0,0.0,2404.07585336009,0.0,0.1126103401184082,0.03753066062927246,0.5,0.0,908392.7995769546,509664.08091234195,307.04000000000013,0.0
ornstein-uhlenbeck,213,69.75134630215267,22.129738399557635,4004.2095816302253,2404.07585336009,152.2131016302246,0.0,3951.9964800000007,2404.07585336009,100.0,0.0,0.0,2469.9977999999996,0.0,0.0,2404.07585336009,0.0,0.09309840202331543,0.02842235565185547,0.5,0.0,912397.0091585848,512068.15676570206,308.5600000000001,0.0
ornstein-uhlenbeck,214,78.94647962245057,22.735818821903937,4431.220875258853,2404.07585336009,182.04967525885206,0.0,4349.171200000001,2404.07585336009,100.0,0.0,0.0,2718.232000000001,0.0,0.0,2404.07585336009,0.0,0.08880901336669922,0.03821420669555664,0.5,0.0,916828.2300338437,514472.2326190622,310.0800000000001,0.0
ornstein-uhlenbeck,215,79.69218979253121,24.853549999437558,4452.122168533413,2404.07585336009,174.90136853341264,0.0,4377.2208,2404.07585336009,100.0,0.0,0.0,2735.763,0.0,0.0,2404.07585336009,0.0,0.10950589179992676,0.024140596389770508,0.5,0.0,921280.352202377,516876.3084724223,311.6000000000001,0.0
ornstein-uhlenbeck,216,80.68526400750473,20.873818116458107,4438.142747286266,2404.07585336009,182.38274728626664,0.0,4355.759999999999,2404.07585336009,100.0,0.0,0.0,2722.3499999999995,0.0,0.0,2404.07585336009,0.0,0.1000826358795166,0.021908044815063477,0.5,0.0,925718.4949496633,519280.3843257824,313.12000000000006,0.0
ornstein-uhlenbeck,217,79.33466149503745,22.534710003184745,4436.254712601341,2404.07585336009,171.65791260134154,0.0,4364.5968,2404.07585336009,100.0,0.0,0.0,2727.8730000000005,0.0,0.0,2404.07585336009,0.0,0.0974586009979248,0.012006998062133789,0.5,0.0,930154.7496622646,521684.46017914254,314.64000000000004,0.0
ornstein-uhlenbeck,218,80.25261145838502,24.711053474938414,4445.760368321641,2404.07585336009,193.24196832164097,0.0,4352.5184,2404.07585336009,100.0,0.0,0.0,2720.3240000000005,0.0,0.0,2404.07585336009,0.0,0.08351421356201172,0.028065919876098633,0.5,0.0,934600.5100305863,524088.53603250266,316.16,0.0
ornstein-uhlenbeck,219,72.52409420616554,21.334799077247645,4001.48808160315,2404.07585336009,157.44472160314882,0.0,3944.0433600000015,2404.07585336009,100.0,0.0,0.0,2465.027100000001,0.0,0.0,2404.07585336009,0.0,0.1172933578491211,0.024486064910888672,0.5,0.0,938601.9981121895,526492.6118858628,317.68,0.0
ornstein-uhlenbeck,220,73.18503352887042,22.38643120524184,4014.5415480466363,2404.07585336009,162.54506804663558,0.0,3951.9964800000007,2404.07585336009,100.0,0.0,0.0,2469.9977999999996,0.0,0.0,2404.07585336009,0.0,0.08446025848388672,0.023135900497436523,0.5,0.0,942616.5396602361,528896.6877392229,319.2,0.0
ornstein-uhlenbeck,221,83.41454036304863,22.976168288075804,4436.869245245144,2404.07585336009,170.18764524514344,0.0,4366.681600000001,2404.07585336009,100.0,0.0,0.0,2729.1760000000004,0.0,0.0,2404.07585336009,0.0,0.09959769248962402,0.022794008255004883,0.5,0.0,947053.4089054812,531300.763592583,320.71999999999997,0.0
ornstein-uhlenbeck,222,84.9911160564511,21.92605323957532,4454.60187600469,2404.07585336009,177.38107600468962,0.0,4377.2208,2404.07585336009,100.0,0.0,0.0,2735.763,0.0,0.0,2404.07585336009,0.0,0.10883545875549316,0.023273229598999023,0.5,0.0,951508.0107814859,533704.8394459431,322.23999999999995,0.0
ornstein-uhlenbeck,223,82.87666822740407,22.910541786282657,4431.9568301591435,2404.07585336009,177.8992301591446,0.0,4354.057599999999,2404.07585336009,100.0,0.0,0.0,2721.2859999999996,0.0,0.0,2404.07585336009,0.0,0.09447550773620605,0.023121118545532227,0.5,0.0,955939.9676116451,536108.9152993032,323.75999999999993,0.0
ornstein-uhlenbeck,224,84.88548182093353,23.013732973873935,4444.990397305354,2404.07585336009,180.39359730535364,0.0,4364.5968,2404.07585336009,100.0,0.0,0.0,2727.8730000000005,0.0,0.0,2404.07585336009,0.0,0.09902811050415039,0.02411794662475586,0.5,0.0,960384.9580089505,538512.9911526634,325.2799999999999,0.0
ornstein-uhlenbeck,225,83.5869581133221,20.895749651940154,4438.317431871294,2404.07585336009,164.88383187129298,0.0,4373.4336,2404.07585336009,100.0,0.0,0.0,2733.396,0.0,0.0,2404.07585336009,0.0,0.10785698890686035,0.03575539588928223,0.5,0.0,964823.2754408218,540917.0670060235,326.7999999999999,0.0
ornstein-uhlenbeck,226,77.09530981475741,20.88301721622349,4005.365345920779,2404.07585336009,178.61350592077807,0.0,3926.7518400000013,2404.07585336009,100.0,0.0,0.0,2454.219900000001,0.0,0.0,2404.07585336009,0.0,0.10935163497924805,0.023263216018676758,0.5,0.0,968828.6407867426,543321.1428593836,328.3199999999999,0.0
ornstein-uhlenbeck,227,75.27074084518883,19.713568189845162,4004.149457246014,2404.07585336009,152.15297724601328,0.0,3951.9964800000007,2404.07585336009,100.0,0.0,0.0,2469.9977999999996,0.0,0.0,2404.07585336009,0.0,0.10206317901611328,0.028133392333984375,0.5,0.0,972832.7902439886,545725.2187127437,329.83999999999986,0.0
ornstein-uhlenbeck,228,84.2937320143834,20.424489438787756,4438.2126387495355,2404.07585336009,190.7438387495341,0.0,4347.4688000000015,2404.07585336009,100.0,0.0,0.0,2717.1680000000006,0.0,0.0,2404.07585336009,0.0,0.09653472900390625,0.025964021682739258,0.5,0.0,977271.0028827381,548129.2945661038,331.35999999999984,0.0
ornstein-uhlenbeck,229,84.89367479375393,20.709826052407884,4437.496368438055,2404.07585336009,160.2755684380543,0.0,4377.2208,2404.07585336009,100.0,0.0,0.0,2735.763,0.0,0.0,2404.07585336009,0.0,0.1099863052368164,0.023267507553100586,0.5,0.0,981708.4992511761,550533.370419464,332.8799999999998,0.0
ornstein-uhlenbeck,230,88.46501449390422,27.347272545546364,4432.980523075823,2404.07585336009,194.73092307582246,0.0,4338.2496,2404.07585336009,100.0,0.0,0.0,2711.4059999999995,0.0,0.0,2404.07585336009,0.0,0.08833789825439453,0.02565169334411621,0.5,0.0,986141.4797742519,552937.4462728241,334.3999999999998,0.0
ornstein-uhlenbeck,231,88.78991491053712,25.05061904001668,4438.850867341212,2404.07585336009,193.46686734121076,0.0,4345.384000000001,2404.07585336009,100.0,0.0,0.0,2715.865,0.0,0.0,2404.07585336009,0.0,0.11476826667785645,0.023119449615478516,0.5,0.0,990580.3306415931,555341.5221261842,335.9199999999998,0.0
ornstein-uhlenbeck,232,84.34409027993597,24.02585679042642,4446.568480030336,2404.07585336009,173.13488003033544,0.0,4373.4336,2404.07585336009,100.0,0.0,0.0,2733.396,0.0,0.0,2404.07585336009,0.0,0.10937786102294922,0.023108720779418945,0.5,0.0,995026.8991216234,557745.5979795443,337.43999999999977,0.0
ornstein-uhlenbeck,233,80.16942590497666,21.351022102089512,4000.8700820718022,2404.07585336009,158.35888207180128,0.0,3942.5112000000013,2404.07585336009,100.0,0.0,0.0,2464.0695000000005,0.0,0.0,2404.07585336009,0.0,0.11435747146606445,0.018520832061767578,0.5,0.0,999027.7692036951,560149.6738329044,338.95999999999975,0.0
ornstein-uhlenbeck,234,80.93097097381752,21.87044849713116,4019.4553642205674,2404.07585336009,184.75040422056605,0.0,3934.704960000001,2404.07585336009,100.0,0.0,0.0,2459.1906000000004,0.0,0.0,2404.07585336009,0.0,0.08689379692077637,0.023531198501586914,0.5,0.0,1003047.2245679157,562553.7496862645,340.47999999999973,0.0
ornstein-uhlenbeck,235,90.16215652691652,22.032637217114807,4431.08701478947,2404.07585336009,183.6182147894689,0.0,4347.4688000000015,2404.07585336009,100.0,0.0,0.0,2717.1680000000006,0.0,0.0,2404.07585336009,0.0,0.21651220321655273,0.023522377014160156,0.5,0.0,1007478.3115827051,564957.8255396247,341.9999999999997,0.0
ornstein-uhlenbeck,236,89.85759965681564,19.52090896940532,4459.7322382877255,2404.07585336009,182.5114382877259,0.0,4377.2208,2404.07585336009,100.0,0.0,0.0,2735.763,0.0,0.0,2404.07585336009,0.0,0.10332250595092773,0.02688455581665039,0.5,0.0,1011938.0438209928,567361.9013929848,343.5199999999997,0.0
ornstein-uhlenbeck,237,88.46347809801284,20.990200385194644,4418.341222617873,2404.07585336009,165.986022617873,0.0,4352.3552,2404.07585336009,100.0,0.0,0.0,2720.2219999999993,0.0,0.0,2404.07585336009,0.0,0.09741497039794922,0.011820554733276367,0.5,0.0,1016356.3850436107,569765.9772463449,345.0399999999997,0.0
ornstein-uhlenbeck,238,91.52328704600946,23.90787531788533,4463.036381452497,2404.07585336009,215.949981452497,0.0,4347.0864,2404.07585336009,100.0,0.0,0.0,2716.929,0.0,0.0,2404.07585336009,0.0,0.1034243106842041,0.028956890106201172,0.5,0.0,1020819.4214250632,572170.053099705,346.55999999999966,0.0
ornstein-uhlenbeck,239,92.57678459690737,19.91384434728242,4439.3793479039105,2404.07585336009,185.15854790391052,0.0,4354.2208,2404.07585336009,100.0,0.0,0.0,2721.3880000000004,0.0,0.0,2404.07585336009,0.0,0.10644745826721191,0.030715465545654297,0.5,0.0,1025258.800772967,574574.1289530651,348.07999999999964,0.0
ornstein-uhlenbeck,240,80.96556862702896,18.702788108699057,3998.8703437431095,2404.07585336009,172.11850374310836,0.0,3926.7518400000013,2404.07585336009,100.0,0.0,0.0,2454.219900000001,0.0,0.0,2404.07585336009,0.0,0.10519719123840332,0.025802135467529297,0.5,0.0,1029257.6711167102,576978.2048064253,349.5999999999996,0.0
ornstein-uhlenbeck,241,80.57278543384025,16.87480313618073,4000.7465128726135,2404.07585336009,167.57371287261242,0.0,3933.1728000000007,2404.07585336009,100.0,0.0,0.0,2458.2329999999997,0.0,0.0,2404.07585336009,0.0,0.10312962532043457,0.023139238357543945,0.5,0.0,1033258.4176295828,579382.2806597854,351.1199999999996,0.0
ornstein-uhlenbeck,242,90.97204208996767,25.78699334250964,4446.382889032367,2404.07585336009,200.6164890323649,0.0,4345.766400000001,2404.07585336009,100.0,0.0,0.0,2716.1040000000007,0.0,0.0,2404.07585336009,0.0,0.10939908027648926,0.022111177444458008,0.5,0.0,1037704.8005186152,581786.3565131455,352.6399999999996,0.0
ornstein-uhlenbeck,243,93.54669654038985,22.87856743779303,4457.183036124319,2404.07585336009,195.7702361243191,0.0,4361.4128,2404.07585336009,100.0,0.0,0.0,2725.883,0.0,0.0,2404.07585336009,0.0,0.09662628173828125,0.022994279861450195,0.5,0.0,1042161.9835547395,584190.4323665056,354.15999999999957,0.0
ornstein-uhlenbeck,244,92.30080929022358,23.62637994118057,4444.96155748524,2404.07585336009,190.9039574852406,0.0,4354.057599999999,2404.07585336009,100.0,0.0,0.0,2721.2859999999996,0.0,0.0,2404.07585336009,0.0,0.09178471565246582,0.024133682250976562,0.5,0.0,1046606.9451122248,586594.5082198657,355.67999999999955,0.0
ornstein-uhlenbeck,245,90.24680202180939,21.73849141629442,4455.455022060656,2404.07585336009,192.56062206065553,0.0,4362.8944,2404.07585336009,100.0,0.0,0.0,2726.8089999999993,0.0,0.0,2404.07585336009,0.0,0.09688878059387207,0.0250246524810791,0.5,0.0,1051062.4001342854,588998.5840732259,357.19999999999953,0.0
ornstein-uhlenbeck,246,94.62163452947846,26.116232687698133,4469.664448786865,2404.07585336009,215.4436487868656,0.0,4354.2208,2404.07585336009,100.0,0.0,0.0,2721.3880000000004,0.0,0.0,2404.07585336009,0.0,0.1836080551147461,0.02499532699584961,0.5,0.0,1055532.0645830722,591402.659926586,358.7199999999995,0.0
ornstein-uhlenbeck,247,83.23722394124384,18.677784010296165,3993.7323356021284,2404.07585336009,165.44833560212754,0.0,3928.284000000001,2404.07585336009,100.0,0.0,0.0,2455.1775000000007,0.0,0.0,2404.07585336009,0.0,0.11576652526855469,0.023288965225219727,0.5,0.0,1059525.7969186744,593806.7357799461,360.2399999999995,0.0
ornstein-uhlenbeck,248,81.96593440785772,18.275953253347865,4016.4615646239763,2404.07585336009,164.46508462397594,0.0,3951.9964800000007,2404.07585336009,100.0,0.0,0.0,2469.9977999999996,0.0,0.0,2404.07585336009,0.0,0.09035778045654297,0.023648977279663086,0.5,0.0,1063542.2584832984,596210.8116333062,361.7599999999995,0.0
ornstein-uhlenbeck,249,91.63068571762524,24.05925068392158,4471.602126504639,2404.07585336009,222.43092650463842,0.0,4349.171200000001,2404.07585336009,100.0,0.0,0.0,2718.232000000001,0.0,0.0,2404.07585336009,0.0,0.10873174667358398,0.008126974105834961,0.5,0.0,1068013.8606098029,598614.8874866663,363.27999999999946,0.0
ornstein-uhlenbeck,250,94.04307611621141,23.67109665974906,4469.164477778456,2404.07585336009,191.94367777845594,0.0,4377.2208,2404.07585336009,100.0,0.0,0.0,2735.763,0.0,0.0,2404.07585336009,0.0,0.09523892402648926,0.021318912506103516,0.5,0.0,1072483.0250875812,601018.9633400264,364.79999999999944,0.0
ornstein-uhlenbeck,251,93.98507856350938,21.957730783025347,4434.220924082442,2404.07585336009,180.1633240824432,0.0,4354.057599999999,2404.07585336009,100.0,0.0,0.0,2721.2859999999996,0.0,0.0,2404.07585336009,0.0,0.09257006645202637,0.028809309005737305,0.5,0.0,1076917.2460116637,603423.0391933866,366.3199999999994,0.0
ornstein-uhlenbeck,252,94.498245163913,20.998824630532194,4414.100852845373,2404.07585336009,154.61125284537204,0.0,4359.489600000001,2404.07585336009,100.0,0.0,0.0,2724.6809999999996,0.0,0.0,2404.07585336009,0.0,0.10044479370117188,0.024477243423461914,0.5,0.0,1081331.3468645092,605827.1150467467,367.8399999999994,0.0
ornstein-uhlenbeck,253,90.73077794292023,22.765639694755023,4440.483237312319,2404.07585336009,170.45443731231856,0.0,4370.0288,2404.07585336009,100.0,0.0,0.0,2731.2680000000005,0.0,0.0,2404.07585336009,0.0,0.08935832977294922,0.018996000289916992,0.5,0.0,1085771.8301018216,608231.1909001068,369.3599999999994,0.0
ornstein-uhlenbeck,254,86.96525604470567,19.94452012224757,4003.004585878127,2404.07585336009,176.25274587812564,0.0,3926.7518400000013,2404.07585336009,100.0,0.0,0.0,2454.219900000001,0.0,0.0,2404.07585336009,0.0,0.10817217826843262,0.0252230167388916,0.5,0.0,1089774.8346876998,610635.2667534669,370.87999999999937,0.0
ornstein-uhlenbeck,255,88.03474561561461,20.540611646262047,4006.6980250258475,2404.07585336009,170.46090502584647,0.0,3936.2371200000007,2404.07585336009,100.0,0.0,0.0,2460.1482,0.0,0.0,2404.07585336009,0.0,0.0909566879272461,0.02381610870361328,0.5,0.0,1093781.5327127257,613039.342606827,372.39999999999935,0.0
ornstein-uhlenbeck,256,95.61854811498544,22.86994348272615,4434.610575391373,2404.07585336009,167.92897539137144,0.0,4366.681600000001,2404.07585336009,100.0,0.0,0.0,2729.1760000000004,0.0,0.0,2404.07585336009,0.0,0.10909843444824219,0.02611851692199707,0.5,0.0,1098216.1432881171,615443.4184601872,373.91999999999933,0.0
ornstein-uhlenbeck,257,95.84009609419581,21.611055895079513,4467.581017042619,2404.07585336009,190.3602170426195,0.0,4377.2208,2404.07585336009,100.0,0.0,0.0,2735.763,0.0,0.0,2404.07585336009,0.0,0.09751629829406738,0.02454090118408203,0.5,0.0,1102683.7243051596,617847.4943135473,375.4399999999993,0.0
ornstein-uhlenbeck,258,97.00127917814854,23.41812086543842,4444.641562184904,2404.07585336009,208.09436218490384,0.0,4336.5472,2404.07585336009,100.0,0.0,0.0,2710.3419999999996,0.0,0.0,2404.07585336009,0.0,0.10206961631774902,0.021846532821655273,0.5,0.0,1107128.3658673447,620251.5701669074,376.9599999999993,0.0
ornstein-uhlenbeck,259,95.58346017315306,22.273946065831282,4459.678627961783,2404.07585336009,196.78422796178296,0.0,4362.8944,2404.07585336009,100.0,0.0,0.0,2726.8089999999993,0.0,0.0,2404.07585336009,0.0,0.08809280395507812,0.021127939224243164,0.5,0.0,1111588.0444953064,622655.6460202675,378.4799999999993,0.0
ornstein-uhlenbeck,260,97.15403959963383,25.340035721347224,4469.214083942986,2404.07585336009,218.39808394298623,0.0,4350.816,2404.07585336009,100.0,0.0,0.0,2719.26,0.0,0.0,2404.07585336009,0.0,0.09816408157348633,0.020528793334960938,0.5,0.0,1116057.2585792495,625059.7218736276,379.99999999999926,0.0
ornstein-uhlenbeck,261,86.29101336419622,22.47659420492121,4000.7092561522195,2404.07585336009,172.4252561522182,0.0,3928.284000000001,2404.07585336009,100.0,0.0,0.0,2455.1775000000007,0.0,0.0,2404.07585336009,0.0,0.10132884979248047,0.02807474136352539,0.5,0.0,1120057.9678354017,627463.7977269877,381.51999999999924,0.0
ornstein-uhlenbeck,262,88.01951304722634,20.01946273177169,4020.539401230535,2404.07585336009,168.54292123053463,0.0,3951.9964800000007,2404.07585336009,100.0,0.0,0.0,2469.9977999999996,0.0,0.0,2404.07585336009,0.0,0.10252737998962402,0.03399300575256348,0.5,0.0,1124078.5072366323,629867.8735803479,383.0399999999992,0.0
ornstein-uhlenbeck,263,96.15877211030663,22.9674345754542,4455.631312517347,2404.07585336009,187.24731251734661,0.0,4368.384000000001,2404.07585336009,100.0,0.0,0.0,2730.2400000000007,0.0,0.0,2404.07585336009,0.0,0.12994146347045898,0.023275375366210938,0.5,0.0,1128534.1385491497,632271.949433708,384.5599999999992,0.0
ornstein-uhlenbeck,264,97.51736117101059,23.261750912499227,4470.936177188336,2404.07585336009,212.9281771883353,0.0,4358.008000000001,2404.07585336009,100.0,0.0,0.0,2723.7549999999997,0.0,0.0,2404.07585336009,0.0,0.09455609321594238,0.020830392837524414,0.5,0.0,1133005.074726338,634676.0252870681,386.0799999999992,0.0
ornstein-uhlenbeck,265,98.5724263014838,21.760738409350676,4440.2345253036165,2404.07585336009,184.4745253036169,0.0,4355.759999999999,2404.07585336009,100.0,0.0,0.0,2722.3499999999995,0.0,0.0,2404.07585336009,0.0,0.08762717247009277,0.02635788917541504,0.5,0.0,1137445.3092516416,637080.1011404282,387.59999999999917,0.0
ornstein-uhlenbeck,266,99.05460751540731,20.206257019665884,4445.660881840411,2404.07585336009,203.68168184041065,0.0,4341.979200000001,2404.07585336009,100.0,0.0,0.0,2713.737,0.0,0.0,2404.07585336009,0.0,0.09457731246948242,0.022794723510742188,0.5,0.0,1141890.970133482,639484.1769937883,389.11999999999915,0.0
ornstein-uhlenbeck,267,101.1484823529626,22.19959456711976,4467.6093021824345,2404.07585336009,194.17570218243443,0.0,4373.4336,2404.07585336009,100.0,0.0,0.0,2733.396,0.0,0.0,2404.07585336009,0.0,0.09336590766906738,0.030080318450927734,0.5,0.0,1146358.5794356645,641888.2528471485,390.63999999999913,0.0
ornstein-uhlenbeck,268,88.9113050780013,18.065317082129315,4003.7294278629606,2404.07585336009,161.21822786295937,0.0,3942.5112000000013,2404.07585336009,100.0,0.0,0.0,2464.0695000000005,0.0,0.0,2404.07585336009,0.0,0.12699198722839355,0.03633904457092285,0.5,0.0,1150362.3088635274,644292.3287005086,392.1599999999991,0.0
ornstein-uhlenbeck,269,88.78165905125485,19.157777140445912,4029.7756896036217,2404.07585336009,195.07072960362117,0.0,3934.704960000001,2404.07585336009,100.0,0.0,0.0,2459.1906000000004,0.0,0.0,2404.07585336009,0.0,0.09756588935852051,0.03221750259399414,0.5,0.0,1154392.084553131,646696.4045538687,393.6799999999991,0.0
ornstein-uhlenbeck,270,99.31046294137246,19.47677183164167,4425.0788710934,2404.07585336009,165.69327109339983,0.0,4359.3856000000005,2404.07585336009,100.0,0.0,0.0,2724.616000000001,0.0,0.0,2404.07585336009,0.0,0.13195443153381348,0.03154730796813965,0.5,0.0,1158817.1634242244,649100.4804072288,395.1999999999991,0.0
ornstein-uhlenbeck,271,99.45083332887152,21.92083418263438,4444.650158305191,2404.07585336009,169.13175830519143,0.0,4375.5184,2404.07585336009,100.0,0.0,0.0,2734.699,0.0,0.0,2404.07585336009,0.0,0.08277773857116699,0.04006385803222656,0.5,0.0,1163261.8135825295,651504.5562605889,396.71999999999906,0.0
ornstein-uhlenbeck,272,99.90596117670475,22.24431919705356,4456.748779170691,2404.07585336009,200.9887791706916,0.0,4355.759999999999,2404.07585336009,100.0,0.0,0.0,2722.3499999999995,0.0,0.0,2404.07585336009,0.0,0.11949372291564941,0.024922847747802734,0.5,0.0,1167718.5623617002,653908.632113949,398.23999999999904,0.0
ornstein-uhlenbeck,273,102.14663386476366,21.991673125620075,4457.808906636313,2404.07585336009,193.21210663631268,0.0,4364.5968,2404.07585336009,100.0,0.0,0.0,2727.8730000000005,0.0,0.0,2404.07585336009,0.0,0.10781311988830566,0.024895906448364258,0.5,0.0,1172176.3712683364,656312.7079673092,399.759999999999,0.0
ornstein-uhlenbeck,274,100.49691455142003,22.667150508681537,4468.1082751980475,2404.07585336009,194.6746751980468,0.0,4373.4336,2404.07585336009,100.0,0.0,0.0,2733.396,0.0,0.0,2404.07585336009,0.0,0.11022043228149414,0.012099266052246094,0.5,0.0,1176644.4795435346,658716.7838206693,401.279999999999,0.0
ornstein-uhlenbeck,275,93.33712924625365,20.301727691604043,4016.40796623593,2404.07585336009,189.65612623592898,0.0,3926.7518400000013,2404.07585336009,100.0,0.0,0.0,2454.219900000001,0.0,0.0,2404.07585336009,0.0,0.10596561431884766,0.026993751525878906,0.5,0.0,1180660.8875097705,661120.8596740294,402.799999999999,0.0
ornstein-uhlenbeck,276,92.31014295271767,22.162046754061752,4022.879770587466,2404.07585336009,170.88329058746558,0.0,3951.9964800000007,2404.07585336009,100.0,0.0,0.0,2469.9977999999996,0.0,0.0,2404.07585336009,0.0,0.1074380874633789,0.020527124404907227,0.5,0.0,1184683.767280358,663524.9355273895,404.31999999999897,0.0
ornstein-uhlenbeck,277,104.48877977418033,23.93562070402709,4485.74925334648,2404.07585336009,217.3652533464792,0.0,4368.384000000001,2404.07585336009,100.0,0.0,0.0,2730.2400000000007,0.0,0.0,2404.07585336009,0.0,0.0983881950378418,0.024991750717163086,0.5,0.0,1189169.5165337045,665929.0113807496,405.83999999999895,0.0
ornstein-uhlenbeck,278,103.39119140770163,22.799893232570955,4474.044233333508,2404.07585336009,216.03623333350714,0.0,4358.008000000001,2404.07585336009,100.0,0.0,0.0,2723.7549999999997,0.0,0.0,2404.07585336009,0.0,0.10431146621704102,0.024106502532958984,0.5,0.0,1193643.560767038,668333.0872341098,407.35999999999893,0.0
ornstein-uhlenbeck,279,101.74279442022078,23.80231671886622,4466.037427303938,2404.07585336009,210.27742730393854,0.0,4355.759999999999,2404.07585336009,100.0,0.0,0.0,2722.3499999999995,0.0,0.0,2404.07585336009,0.0,0.10874271392822266,0.027022838592529297,0.5,0.0,1198109.5981943419,670737.1630874699,408.8799999999989,0.0
ornstein-uhlenbeck,280,103.1608835773136,22.39758351571945,4450.536325421663,2404.07585336009,206.85472542166295,0.0,4343.6816,2404.07585336009,100.0,0.0,0.0,2714.8009999999995,0.0,0.0,2404.07585336009,0.0,0.10074687004089355,0.02398061752319336,0.5,0.0,1202560.1345197635,673141.23894083,410.3999999999989,0.0
ornstein-uhlenbeck,281,102.28009389357344,19.841461908592024,4474.959605914839,2404.07585336009,201.52600591483832,0.0,4373.4336,2404.07585336009,100.0,0.0,0.0,2733.396,0.0,0.0,2404.07585336009,0.0,0.12136363983154297,0.024842500686645508,0.5,0.0,1207035.0941256783,675545.3147941901,411.9199999999989,0.0
ornstein-uhlenbeck,282,92.30962813833519,20.245777911293082,4018.0371072956113,2404.07585336009,189.75310729561062,0.0,3928.284000000001,2404.07585336009,100.0,0.0,0.0,2455.1775000000007,0.0,0.0,2404.07585336009,0.0,0.11128950119018555,0.02301025390625,0.5,0.0,1211053.131232974,677949.3906475502,413.43999999999886,0.0
ornstein-uhlenbeck,283,91.61323634496013,19.90853122765057,4021.725608058654,2404.07585336009,187.02064805865274,0.0,3934.704960000001,2404.07585336009,100.0,0.0,0.0,2459.1906000000004,0.0,0.0,2404.07585336009,0.0,0.09304070472717285,0.029001474380493164,0.5,0.0,1215074.8568410326,680353.4665009103,414.95999999999884,0.0
ornstein-uhlenbeck,284,103.29514017827,21.882973449135232,4462.305722416805,2404.07585336009,195.62412241680403,0.0,4366.681600000001,2404.07585336009,100.0,0.0,0.0,2729.1760000000004,0.0,0.0,2404.07585336009,0.0,0.1609961986541748,0.025922775268554688,0.5,0.0,1219537.1625634495,682757.5423542705,416.4799999999988,0.0
ornstein-uhlenbeck,285,104.9856975988768,23.662272340653576,4474.309634110692,2404.07585336009,212.8968341106921,0.0,4361.4128,2404.07585336009,100.0,0.0,0.0,2725.883,0.0,0.0,2404.07585336009,0.0,0.10465097427368164,0.02700185775756836,0.5,0.0,1224011.4721975601,685161.6182076306,417.9999999999988,0.0
ornstein-uhlenbeck,286,104.11401093086876,21.823835467010596,4459.996989273981,2404.07585336009,204.23698927398124,0.0,4355.759999999999,2404.07585336009,100.0,0.0,0.0,2722.3499999999995,0.0,0.0,2404.07585336009,0.0,0.12226629257202148,0.019999265670776367,0.5,0.0,1228471.469186834,687565.6940609907,419.5199999999988,0.0
ornstein-uhlenbeck,287,102.53923131636816,23.527711950363425,4486.18043441306,2404.07585336009,221.5836344130598,0.0,4364.5968,2404.07585336009,100.0,0.0,0.0,2727.8730000000005,0.0,0.0,2404.07585336009,0.0,0.09162783622741699,0.028645753860473633,0.5,0.0,1232957.649621247,689969.7699143508,421.03999999999877,0.0
ornstein-uhlenbeck,288,104.46141685391304,22.871359766529967,4430.277026380353,2404.07585336009,165.84182638035293,0.0,4364.4352,2404.07585336009,100.0,0.0,0.0,2727.7720000000004,0.0,0.0,2404.07585336009,0.0,0.09845805168151855,0.02610039710998535,0.5,0.0,1237387.9266476275,692373.8457677109,422.55999999999875,0.0
ornstein-uhlenbeck,289,92.92411751749297,21.186176967930013,4016.6343383152907,2404.07585336009,188.3503383152899,0.0,3928.284000000001,2404.07585336009,100.0,0.0,0.0,2455.1775000000007,0.0,0.0,2404.07585336009,0.0,0.1075441837310791,0.025879621505737305,0.5,0.0,1241404.5609859428,694777.9216210711,424.07999999999873,0.0
ornstein-uhlenbeck,290,93.32378268094561,22.44385907731666,4035.7372953413615,2404.07585336009,201.03233534136092,0.0,3934.704960000001,2404.07585336009,100.0,0.0,0.0,2459.1906000000004,0.0,0.0,2404.07585336009,0.0,0.1016244888305664,0.0225222110748291,0.5,0.0,1245440.2982812843,697181.9974744312,425.5999999999987,0.0
ornstein-uhlenbeck,291,105.80420165690914,21.10072017658651,4419.0627711255165,2404.07585336009,159.67717112551568,0.0,4359.3856000000005,2404.07585336009,100.0,0.0,0.0,2724.616000000001,0.0,0.0,2404.07585336009,0.0,0.09153056144714355,0.022530794143676758,0.5,0.0,1249859.3610524097,699586.0733277913,427.1199999999987,0.0
ornstein-uhlenbeck,292,107.72975625189417,20.284453880589375,4460.370388835399,2404.07585336009,186.5543888353992,0.0,4373.816,2404.07585336009,100.0,0.0,0.0,2733.635,0.0,0.0,2404.07585336009,0.0,0.10509824752807617,0.02399444580078125,0.5,0.0,1254319.7314412452,701990.1491811514,428.6399999999987,0.0
ornstein-uhlenbeck,293,103.73098792909768,21.073494526096937,4442.50146722082,2404.07585336009,190.14626722081974,0.0,4352.3552,2404.07585336009,100.0,0.0,0.0,2720.2219999999993,0.0,0.0,2404.07585336009,0.0,0.0981144905090332,0.02455925941467285,0.5,0.0,1258762.232908466,704394.2250345115,430.15999999999866,0.0
ornstein-uhlenbeck,294,105.73210856683602,22.287119891639968,4447.731387633663,2404.07585336009,200.64498763366305,0.0,4347.0864,2404.07585336009,100.0,0.0,0.0,2716.929,0.0,0.0,2404.07585336009,0.0,0.1113889217376709,0.025114059448242188,0.5,0.0,1263209.9642960995,706798.3008878717,431.67999999999864,0.0
ornstein-uhlenbeck,295,102.95197883652064,18.60851952643353,4456.5853207337395,2404.07585336009,204.06692073373924,0.0,4352.5184,2404.07585336009,100.0,0.0,0.0,2720.3240000000005,0.0,0.0,2404.07585336009,0.0,0.11103463172912598,0.02099752426147461,0.5,0.0,1267666.5496168332,709202.3767412318,433.1999999999986,0.0
ornstein-uhlenbeck,296,96.84505836034698,21.769022648505853,4023.9396351867917,2404.07585336009,179.89627518679,0.0,3944.0433600000015,2404.07585336009,100.0,0.0,0.0,2465.027100000001,0.0,0.0,2404.07585336009,0.0,0.11460542678833008,0.028883934020996094,0.5,0.0,1271690.48925202,711606.4525945919,434.7199999999986,0.0
ornstein-uhlenbeck,297,96.10171626975536,20.547926001934325,4029.193226301555,2404.07585336009,177.1967463015544,0.0,3951.9964800000007,2404.07585336009,100.0,0.0,0.0,2469.9977999999996,0.0,0.0,2404.07585336009,0.0,0.10598468780517578,0.025536775588989258,0.5,0.0,1275719.6824783215,714010.528447952,436.2399999999986,0.0
ornstein-uhlenbeck,298,101.10337927557555,25.367897613728257,4474.509008072061,2404.07585336009,223.63540807206013,0.0,4350.873600000001,2404.07585336009,100.0,0.0,0.0,2719.2960000000007,0.0,0.0,2404.07585336009,0.0,0.12860703468322754,0.03551912307739258,0.5,0.0,1280194.1914863936,716414.6043013121,437.75999999999857,0.0
ornstein-uhlenbeck,299,104.9549011693163,22.876571157113997,4475.363588572437,2404.07585336009,220.76038857243685,0.0,4354.6032000000005,2404.07585336009,100.0,0.0,0.0,2721.627,0.0,0.0,2404.07585336009,0.0,0.10114669799804688,0.02872776985168457,0.5,0.0,1284669.555074966,718818.6801546722,439.27999999999855,0.0
ornstein-uhlenbeck,300,105.01744245907584,24.258973063142033,4463.8964562545125,2404.07585336009,209.83885625451347,0.0,4354.057599999999,2404.07585336009,100.0,0.0,0.0,2721.2859999999996,0.0,0.0,2404.07585336009,0.0,0.10741853713989258,0.02704000473022461,0.5,0.0,1289133.4515312205,721222.7560080324,440.79999999999853,0.0
ornstein-uhlenbeck,301,104.41166980639866,20.554666206905267,4466.761756212195,2404.07585336009,221.37775621219438,0.0,4345.384000000001,2404.07585336009,100.0,0.0,0.0,2715.865,0.0,0.0,2404.07585336009,0.0,0.11299848556518555,0.02620100975036621,0.5,0.0,1293600.2132874327,723626.8318613925,442.3199999999985,0.0
ornstein-uhlenbeck,302,104.80838246600354,22.98074466032848,4466.175372054485,2404.07585336009,194.4441720544844,0.0,4371.7312,2404.07585336009,100.0,0.0,0.0,2732.3320000000003,0.0,0.0,2404.07585336009,0.0,0.09399843215942383,0.026080846786499023,0.5,0.0,1298066.3886594872,726030.9077147526,443.8399999999985,0.0
ornstein-uhlenbeck,303,92.95367758447772,20.706344764775192,4022.0428229109784,2404.07585336009,193.75882291097773,0.0,3928.284000000001,2404.07585336009,100.0,0.0,0.0,2455.1775000000007,0.0,0.0,2404.07585336009,0.0,0.122406005859375,0.04384326934814453,0.5,0.0,1302088.4314823982,728434.9835681127,445.3599999999985,0.0
ornstein-uhlenbeck,304,96.49061019457656,21.547778165270717,4047.0989060112315,2404.07585336009,195.10242601123036,0.0,3951.9964800000007,2404.07585336009,100.0,0.0,0.0,2469.9977999999996,0.0,0.0,2404.07585336009,0.0,0.09420943260192871,0.030395030975341797,0.5,0.0,1306135.5303884095,730839.0594214728,446.87999999999846,0.0
ornstein-uhlenbeck,305,103.8589762698344,20.378505079201915,4473.037127870232,2404.07585336009,206.35552787023158,0.0,4366.681600000001,2404.07585336009,100.0,0.0,0.0,2729.1760000000004,0.0,0.0,2404.07585336009,0.0,0.12085247039794922,0.022171974182128906,0.5,0.0,1310608.5675162796,733243.135274833,448.39999999999844,0.0
ornstein-uhlenbeck,306,103.91526396195452,20.603381225353676,4465.432924411856,2404.07585336009,189.91452441185592,0.0,4375.5184,2404.07585336009,100.0,0.0,0.0,2734.699,0.0,0.0,2404.07585336009,0.0,0.10871648788452148,0.022250890731811523,0.5,0.0,1315074.0004406916,735647.2111281931,449.9199999999984,0.0
ornstein-uhlenbeck,307,108.29030982961918,23.789350438522174,4450.864811080066,2404.07585336009,217.72241108006637,0.0,4333.1424,2404.07585336009,100.0,0.0,0.0,2708.2139999999995,0.0,0.0,2404.07585336009,0.0,0.10978221893310547,0.02275991439819336,0.5,0.0,1319524.8652517716,738051.2869815532,451.4399999999984,0.0
ornstein-uhlenbeck,308,104.94840616740426,21.63093635879551,4457.9529293750975,2404.07585336009,214.27132937509774,0.0,4343.6816,2404.07585336009,100.0,0.0,0.0,2714.8009999999995,0.0,0.0,2404.07585336009,0.0,0.09438800811767578,0.026128530502319336,0.5,0.0,1323982.8181811466,740455.3628349133,452.9599999999984,0.0
ornstein-uhlenbeck,309,103.49292960755973,24.315137518648,4467.57138098635,2404.07585336009,213.35058098635014,0.0,4354.2208,2404.07585336009,100.0,0.0,0.0,2721.3880000000004,0.0,0.0,2404.07585336009,0.0,0.11017537117004395,0.022542953491210938,0.5,0.0,1328450.389562133,742859.4386882734,454.47999999999837,0.0
ornstein-uhlenbeck,310,94.44591505346598,23.376764769432615,4040.731188171677,2404.07585336009,196.68782817167508,0.0,3944.0433600000015,2404.07585336009,100.0,0.0,0.0,2465.027100000001,0.0,0.0,2404.07585336009,0.0,0.107421875,0.02076125144958496,0.5,0.0,1332491.1207503048,745263.5145416335,455.99999999999835,0.0
ornstein-uhlenbeck,311,96.26754455611054,22.150190321194934,3998.611270396883,2404.07585336009,154.7133503968819,0.0,3943.897920000001,2404.07585336009,100.0,0.0,0.0,2464.9361999999996,0.0,0.0,2404.07585336009,0.0,0.08317303657531738,0.019613027572631836,0.5,0.0,1336489.7320207017,747667.5903949937,457.51999999999833,0.0
ornstein-uhlenbeck,312,104.54557560051278,22.88093181062318,4464.376033689745,2404.07585336009,211.8000336897438,0.0,4352.576000000001,2404.07585336009,100.0,0.0,0.0,2720.3600000000006,0.0,0.0,2404.07585336009,0.0,0.08829641342163086,0.022831439971923828,0.5,0.0,1340954.1080543916,750071.6662483538,459.0399999999983,0.0
ornstein-uhlenbeck,313,105.18883625407823,23.18995663041597,4447.17006176798,2404.07585336009,178.94766176798038,0.0,4368.2224,2404.07585336009,100.0,0.0,0.0,2730.139,0.0,0.0,2404.07585336009,0.0,0.09964227676391602,0.021128416061401367,0.5,0.0,1345401.2781161596,752475.7421017139,460.5599999999983,0.0
ornstein-uhlenbeck,314,102.81206069829807,24.1771767544462,4462.613405128364,2404.07585336009,227.76860512836402,0.0,4334.8448,2404.07585336009,100.0,0.0,0.0,2709.2779999999993,0.0,0.0,2404.07585336009,0.0,0.09666848182678223,0.022458553314208984,0.5,0.0,1349863.891521288,754879.817955074,462.0799999999983,0.0
ornstein-uhlenbeck,315,101.77440096518698,22.01837938854977,4447.774282710596,2404.07585336009,188.28468271059486,0.0,4359.489600000001,2404.07585336009,100.0,0.0,0.0,2724.6809999999996,0.0,0.0,2404.07585336009,0.0,0.09326839447021484,0.025173664093017578,0.5,0.0,1354311.6658039987,757283.8938084341,463.59999999999826,0.0
ornstein-uhlenbeck,316,105.03434464655966,21.837483161918044,4452.647411895422,2404.07585336009,200.12901189542234,0.0,4352.5184,2404.07585336009,100.0,0.0,0.0,2720.3240000000005,0.0,0.0,2404.07585336009,0.0,0.09292149543762207,0.021924972534179688,0.5,0.0,1358764.3132158942,759687.9696617943,465.11999999999824,0.0
ornstein-uhlenbeck,317,97.85229882816945,21.039362913130198,4011.3542678404765,2404.07585336009,170.37522784047553,0.0,3940.979040000001,2404.07585336009,100.0,0.0,0.0,2463.111900000001,0.0,0.0,2404.07585336009,0.0,0.09802460670471191,0.022894859313964844,0.5,0.0,1362775.6674837347,762092.0455151544,466.6399999999982,0.0
ornstein-uhlenbeck,318,94.44283254787672,24.510999449129002,4035.175991476347,2404.07585336009,184.71167147634648,0.0,3950.464320000001,2404.07585336009,100.0,0.0,0.0,2469.0402,0.0,0.0,2404.07585336009,0.0,0.08882617950439453,0.020994186401367188,0.5,0.0,1366810.843475211,764496.1213685145,468.1599999999982,0.0
ornstein-uhlenbeck,319,101.1147751221636,22.803898185522694,4476.361713806866,2404.07585336009,225.48811380686533,0.0,4350.873600000001,2404.07585336009,100.0,0.0,0.0,2719.2960000000007,0.0,0.0,2404.07585336009,0.0,0.17392802238464355,0.023099184036254883,0.5,0.0,1371287.2051890178,766900.1972218746,469.6799999999982,0.0
ornstein-uhlenbeck,320,103.15443038751107,23.929738146606955,4478.075851334052,2404.07585336009,200.85505133405135,0.0,4377.2208,2404.07585336009,100.0,0.0,0.0,2735.763,0.0,0.0,2404.07585336009,0.0,0.10319209098815918,0.03387165069580078,0.5,0.0,1375765.2810403518,769304.2730752347,471.19999999999817,0.0
ornstein-uhlenbeck,321,102.02332670036685,23.178910834888832,4443.274211810919,2404.07585336009,210.1318118109195,0.0,4333.1424,2404.07585336009,100.0,0.0,0.0,2708.2139999999995,0.0,0.0,2404.07585336009,0.0,0.11555314064025879,0.026747703552246094,0.5,0.0,1380208.5552521627,771708.3489285948,472.71999999999815,0.0
ornstein-uhlenbeck,322,105.79645640997644,22.878704830451742,4468.888464950437,2404.07585336009,205.99406495043715,0.0,4362.8944,2404.07585336009,100.0,0.0,0.0,2726.8089999999993,0.0,0.0,2404.07585336009,0.0,0.09226417541503906,0.024988651275634766,0.5,0.0,1384677.4437171132,774112.424781955,474.23999999999813,0.0
ornstein-uhlenbeck,323,104.53534308928484,23.562647250349414,4483.66549185753,2404.07585336009,210.2318918575292,0.0,4373.4336,2404.07585336009,100.0,0.0,0.0,2733.396,0.0,0.0,2404.07585336009,0.0,0.12358307838439941,0.03427314758300781,0.5,0.0,1389161.1092089708,776516.5006353151,475.7599999999981,0.0
ornstein-uhlenbeck,324,92.25466572938603,21.667912365910183,4030.3349360288266,2404.07585336009,203.5830960288255,0.0,3926.7518400000013,2404.07585336009,100.0,0.0,0.0,2454.219900000001,0.0,0.0,2404.07585336009,0.0,0.10851597785949707,0.029601097106933594,0.5,0.0,1393191.4441449996,778920.5764886752,477.2799999999981,0.0
ornstein-uhlenbeck,325,92.00136177822712,18.656806294850522,4034.6240385770116,2404.07585336009,182.6275585770111,0.0,3951.9964800000007,2404.07585336009,100.0,0.0,0.0,2469.9977999999996,0.0,0.0,2404.07585336009,0.0,0.08646583557128906,0.031540870666503906,0.5,0.0,1397226.0681835767,781324.6523420353,478.7999999999981,0.0
ornstein-uhlenbeck,326,103.93263017010025,24.952745017486713,4464.270445699728,2404.07585336009,211.69444569972728,0.0,4352.576000000001,2404.07585336009,100.0,0.0,0.0,2720.3600000000006,0.0,0.0,2404.07585336009,0.0,0.14448165893554688,0.021994590759277344,0.5,0.0,1401690.3386292765,783728.7281953954,480.31999999999806,0.0
ornstein-uhlenbeck,327,100.47721057938013,22.417752515012918,4464.516000609594,2404.07585336009,187.29520060959402,0.0,4377.2208,2404.07585336009,100.0,0.0,0.0,2735.763,0.0,0.0,2404.07585336009,0.0,0.0920109748840332,0.02261805534362793,0.5,0.0,1406154.854629886,786132.8040487556,481.83999999999804,0.0
ornstein-uhlenbeck,328,100.83965988550706,23.021871570839455,4444.488752252355,2404.07585336009,207.94155225235528,0.0,4336.5472,2404.07585336009,100.0,0.0,0.0,2710.3419999999996,0.0,0.0,2404.07585336009,0.0,0.09409880638122559,0.02300715446472168,0.5,0.0,1410599.3433821385,788536.8799021157,483.359999999998,0.0
ornstein-uhlenbeck,329,101.14768134765315,24.326155309998665,4472.330612433978,2404.07585336009,228.64901243397762,0.0,4343.6816,2404.07585336009,100.0,0.0,0.0,2714.8009999999995,0.0,0.0,2404.07585336009,0.0,0.10812759399414062,0.024639129638671875,0.5,0.0,1415071.6739945726,790940.9557554758,484.879999999998,0.0
ornstein-uhlenbeck,330,100.76630287957919,22.7387631636071,4465.427429634613,2404.07585336009,193.6962296346128,0.0,4371.7312,2404.07585336009,100.0,0.0,0.0,2732.3320000000003,0.0,0.0,2404.07585336009,0.0,0.10762476921081543,0.025531768798828125,0.5,0.0,1419537.1014242072,793345.0316088359,486.399999999998,0.0
ornstein-uhlenbeck,331,94.22059715423308,21.308585982236732,4013.3649801664105,2404.07585336009,185.0809801664097,0.0,3928.284000000001,2404.07585336009,100.0,0.0,0.0,2455.1775000000007,0.0,0.0,2404.07585336009,0.0,0.11377692222595215,0.022626638412475586,0.5,0.0,1423550.4664043735,795749.107462196,487.91999999999797,0.0
ornstein-uhlenbeck,332,91.83407426662647,22.297544116295082,4045.7181818294475,2404.07585336009,212.54538182944708,0.0,3933.1728000000007,2404.07585336009,100.0,0.0,0.0,2458.2329999999997,0.0,0.0,2404.07585336009,0.0,0.09506082534790039,0.025006771087646484,0.5,0.0,1427596.184586203,798153.1833155561,489.43999999999795,0.0
ornstein-uhlenbeck,333,100.41908255670812,24.49559839354018,4439.760470854208,2404.07585336009,180.3748708542068,0.0,4359.3856000000005,2404.07585336009,100.0,0.0,0.0,2724.616000000001,0.0,0.0,2404.07585336009,0.0,0.09589576721191406,0.020088672637939453,0.5,0.0,1432035.945057057,800557.2591689163,490.95999999999793,0.0
ornstein-uhlenbeck,334,101.70904052639764,20.2297592262643,4457.872793651484,2404.07585336009,180.65199365148385,0.0,4377.2208,2404.07585336009,100.0,0.0,0.0,2735.763,0.0,0.0,2404.07585336009,0.0,0.09981322288513184,0.02399301528930664,0.5,0.0,1436493.8178507085,802961.3350222764,492.4799999999979,0.0
ornstein-uhlenbeck,335,102.62837967032108,20.278434363696206,4430.439211332562,2404.07585336009,192.18961133256184,0.0,4338.2496,2404.07585336009,100.0,0.0,0.0,2711.4059999999995,0.0,0.0,2404.07585336009,0.0,0.09967279434204102,0.014999866485595703,0.5,0.0,1440924.257062041,805365.4108756365,493.9999999999979,0.0
ornstein-uhlenbeck,336,99.7590272169037,22.46807614168323,4458.214148054691,2404.07585336009,195.31974805469062,0.0,4362.8944,2404.07585336009,100.0,0.0,0.0,2726.8089999999993,0.0,0.0,2404.07585336009,0.0,0.11690402030944824,0.03321576118469238,0.5,0.0,1445382.4712100956,807769.4867289966,495.5199999999979,0.0
ornstein-uhlenbeck,337,101.37601908577169,20.590740337703586,4460.149217632304,2404.07585336009,207.63081763230363,0.0,4352.5184,2404.07585336009,100.0,0.0,0.0,2720.3240000000005,0.0,0.0,2404.07585336009,0.0,0.0890035629272461,0.025365829467773438,0.5,0.0,1449842.620427728,810173.5625823567,497.03999999999786,0.0
ornstein-uhlenbeck,338,90.31905971156375,22.535628244536273,4031.0108707842974,2404.07585336009,202.7268707842968,0.0,3928.284000000001,2404.07585336009,100.0,0.0,0.0,2455.1775000000007,0.0,0.0,2404.07585336009,0.0,0.1149911880493164,0.0370335578918457,0.5,0.0,1453873.6312985122,812577.6384357169,498.55999999999784,0.0
ornstein-uhlenbeck,339,89.36832825683378,18.38730368891117,4012.68191984408,2404.07585336009,177.97695984407903,0.0,3934.704960000001,2404.07585336009,100.0,0.0,0.0,2459.1906000000004,0.0,0.0,2404.07585336009,0.0,0.10122036933898926,0.024585723876953125,0.5,0.0,1457886.3132183563,814981.714289077,500.0799999999978,0.0
ornstein-uhlenbeck,340,100.86677575963296,22.44384608411732,4458.37560692288,2404.07585336009,205.7996069228793,0.0,4352.576000000001,2404.07585336009,100.0,0.0,0.0,2720.3600000000006,0.0,0.0,2404.07585336009,0.0,0.10113024711608887,0.0254671573638916,0.5,0.0,1462344.6888252792,817385.7901424371,501.5999999999978,0.0
ornstein-uhlenbeck,341,104.46959237503991,23.49490970788536,4486.030888504207,2404.07585336009,208.81008850420676,0.0,4377.2208,2404.07585336009,100.0,0.0,0.0,2735.763,0.0,0.0,2404.07585336009,0.0,0.1113424301147461,0.024134397506713867,0.5,0.0,1466830.7197137834,819789.8659957972,503.1199999999978,0.0
ornstein-uhlenbeck,342,100.85675085629562,22.61931420458629,4410.232992959464,2404.07585336009,163.4713929594649,0.0,4346.7616,2404.07585336009,100.0,0.0,0.0,2716.7259999999997,0.0,0.0,2404.07585336009,0.0,0.0996403694152832,0.024824857711791992,0.5,0.0,1471240.9527067428,822193.9418491573,504.63999999999777,0.0
ornstein-uhlenbeck,343,101.1586926643616,22.52000678329597,4440.933998512648,2404.07585336009,178.03959851264776,0.0,4362.8944,2404.07585336009,100.0,0.0,0.0,2726.8089999999993,0.0,0.0,2404.07585336009,0.0,0.09662914276123047,0.023488759994506836,0.5,0.0,1475681.8867052554,824598.0177025174,506.15999999999775,0.0
ornstein-uhlenbeck,344,102.11758270248417,19.270330024136918,4447.458901011468,2404.07585336009,191.5357010114677,0.0,4355.9232,2404.07585336009,100.0,0.0,0.0,2722.452,0.0,0.0,2404.07585336009,0.0,0.08641982078552246,0.01964402198791504,0.5,0.0,1480129.3456062668,827002.0935558776,507.67999999999773,0.0
ornstein-uhlenbeck,345,90.07297413983383,18.665026499283957,4017.98687356925,2404.07585336009,175.4756735692482,0.0,3942.5112000000013,2404.07585336009,100.0,0.0,0.0,2464.0695000000005,0.0,0.0,2404.07585336009,0.0,0.1176905632019043,0.02231311798095703,0.5,0.0,1484147.332479836,829406.1694092377,509.1999999999977,0.0
ornstein-uhlenbeck,346,89.48671127615819,21.610714956179617,4039.6619711323156,2404.07585336009,190.7298111323145,0.0,3948.9321600000007,2404.07585336009,100.0,0.0,0.0,2468.0826,0.0,0.0,2404.07585336009,0.0,0.08682012557983398,0.02226090431213379,0.5,0.0,1488186.9944509682,831810.2452625978,510.7199999999977,0.0
ornstein-uhlenbeck,347,98.80097760027168,27.783677557954878,4466.106093142044,2404.07585336009,215.23249314204307,0.0,4350.873600000001,2404.07585336009,100.0,0.0,0.0,2719.2960000000007,0.0,0.0,2404.07585336009,0.0,0.09933876991271973,0.024115562438964844,0.5,0.0,1492653.1005441102,834214.3211159579,512.2399999999977,0.0
ornstein-uhlenbeck,348,99.22621602345676,20.05473467017421,4471.341813901727,2404.07585336009,195.82341390172638,0.0,4375.5184,2404.07585336009,100.0,0.0,0.0,2734.699,0.0,0.0,2404.07585336009,0.0,0.1002199649810791,0.018372774124145508,0.5,0.0,1497124.4423580118,836618.396969318,513.7599999999977,0.0
ornstein-uhlenbeck,349,94.601538860254,22.421512467333756,4432.100952346645,2404.07585336009,193.8513523466447,0.0,4338.2496,2404.07585336009,100.0,0.0,0.0,2711.4059999999995,0.0,0.0,2404.07585336009,0.0,0.10523533821105957,0.026095867156982422,0.5,0.0,1501556.5433103584,839022.4728226782,515.2799999999977,0.0
ornstein-uhlenbeck,350,96.17027626299019,22.624930748508724,4430.521027368193,2404.07585336009,188.5418273681924,0.0,4341.979200000001,2404.07585336009,100.0,0.0,0.0,2713.737,0.0,0.0,2404.07585336009,0.0,0.09647750854492188,0.02910900115966797,0.5,0.0,1505987.0643377267,841426.5486760383,516.7999999999977,0.0
ornstein-uhlenbeck,351,96.45450242187162,22.707238146820323,4434.435695860521,2404.07585336009,166.10929586052163,0.0,4368.3264,2404.07585336009,100.0,0.0,0.0,2730.204,0.0,0.0,2404.07585336009,0.0,0.11142754554748535,0.026303768157958984,0.5,0.0,1510421.5000335872,843830.6245293984,518.3199999999977,0.0
ornstein-uhlenbeck,352,86.68656255556589,20.0639387601372,4023.3355204805384,2404.07585336009,180.8243204805373,0.0,3942.5112000000013,2404.07585336009,100.0,0.0,0.0,2464.0695000000005,0.0,0.0,2404.07585336009,0.0,0.11981797218322754,0.022090435028076172,0.5,0.0,1514444.8355540677,846234.7003827585,519.8399999999976,0.0
ornstein-uhlenbeck,353,87.11628077872338,22.094515154451006,4023.3965529763345,2404.07585336009,187.15943297633385,0.0,3936.2371200000007,2404.07585336009,100.0,0.0,0.0,2460.1482,0.0,0.0,2404.07585336009,0.0,0.09369564056396484,0.025785207748413086,0.5,0.0,1518468.232107044,848638.7762361186,521.3599999999976,0.0
ornstein-uhlenbeck,354,98.94387136187873,24.40749811721571,4452.711344593553,2404.07585336009,203.5401445935522,0.0,4349.171200000001,2404.07585336009,100.0,0.0,0.0,2718.232000000001,0.0,0.0,2404.07585336009,0.0,0.10142993927001953,0.024956464767456055,0.5,0.0,1522920.9434516374,851042.8520894788,522.8799999999976,0.0
ornstein-uhlenbeck,355,95.6535436621886,23.322567328924023,4464.690356818337,2404.07585336009,206.68235681833602,0.0,4358.008000000001,2404.07585336009,100.0,0.0,0.0,2723.7549999999997,0.0,0.0,2404.07585336009,0.0,0.09597039222717285,0.026972055435180664,0.5,0.0,1527385.6338084557,853446.9279428389,524.3999999999976,0.0
ornstein-uhlenbeck,356,95.74325363650549,21.97735039170286,4439.431418995909,2404.07585336009,201.18181899590894,0.0,4338.2496,2404.07585336009,100.0,0.0,0.0,2711.4059999999995,0.0,0.0,2404.07585336009,0.0,0.1076357364654541,0.027617454528808594,0.5,0.0,1531825.0652274515,855851.003796199,525.9199999999976,0.0
ornstein-uhlenbeck,357,97.92881932988769,21.72552525484615,4463.636925909173,2404.07585336009,199.04012590917353,0.0,4364.5968,2404.07585336009,100.0,0.0,0.0,2727.8730000000005,0.0,0.0,2404.07585336009,0.0,0.11309242248535156,0.026042699813842773,0.5,0.0,1536288.7021533607,858255.0796495591,527.4399999999976,0.0
ornstein-uhlenbeck,358,95.06008642462746,21.688176004164795,4453.376961667449,2404.07585336009,183.3481616674494,0.0,4370.0288,2404.07585336009,100.0,0.0,0.0,2731.2680000000005,0.0,0.0,2404.07585336009,0.0,0.1095585823059082,0.024601221084594727,0.5,0.0,1540742.0791150283,860659.1555029192,528.9599999999975,0.0
ornstein-uhlenbeck,359,85.63542471311462,21.64510738128451,3992.2926985555437,2404.07585336009,167.07301855554272,0.0,3925.219680000001,2404.07585336009,100.0,0.0,0.0,2453.2623000000012,0.0,0.0,2404.07585336009,0.0,0.10818028450012207,0.0199887752532959,0.5,0.0,1544734.371813584,863063.2313562793,530.4799999999975,0.0
ornstein-uhlenbeck,360,83.94588681968398,22.186517921770474,4029.8496458207073,2404.07585336009,198.20900582070638,0.0,3931.640640000001,2404.07585336009,100.0,0.0,0.0,2457.2754,0.0,0.0,2404.07585336009,0.0,0.07991719245910645,0.02889561653137207,0.5,0.0,1548764.2214594046,865467.3072096395,531.9999999999975,0.0
ornstein-uhlenbeck,361,92.91944107223755,24.047691376531887,4438.50937562373,2404.07585336009,192.74297562372888,0.0,4345.766400000001,2404.07585336009,100.0,0.0,0.0,2716.1040000000007,0.0,0.0,2404.07585336009,0.0,0.07130265235900879,0.022183656692504883,0.5,0.0,1553202.7308350282,867871.3830629996,533.5199999999975,0.0
ornstein-uhlenbeck,362,92.56423086892364,24.338200623275842,4456.897855466033,2404.07585336009,198.8898554660331,0.0,4358.008000000001,2404.07585336009,100.0,0.0,0.0,2723.7549999999997,0.0,0.0,2404.07585336009,0.0,0.09714460372924805,0.021414756774902344,0.5,0.0,1557659.6286904942,870275.4589163597,535.0399999999975,0.0
ornstein-uhlenbeck,363,95.56795478238804,21.004913628161223,4440.3506218222965,2404.07585336009,184.5906218222972,0.0,4355.759999999999,2404.07585336009,100.0,0.0,0.0,2722.3499999999995,0.0,0.0,2404.07585336009,0.0,0.10054326057434082,0.023675203323364258,0.5,0.0,1562099.9793123165,872679.5347697198,536.5599999999974,0.0
ornstein-uhlenbeck,364,92.94072701963451,20.194287722626317,4434.726846523568,2404.07585336009,171.83244652356785,0.0,4362.8944,2404.07585336009,100.0,0.0,0.0,2726.8089999999993,0.0,0.0,2404.07585336009,0.0,0.09538984298706055,0.020992517471313477,0.5,0.0,1566534.70615884,875083.6106230799,538.0799999999974,0.0
ornstein-uhlenbeck,365,92.6628879384162,23.43589938025896,4478.3845638293515,2404.07585336009,206.65336382935152,0.0,4371.7312,2404.07585336009,100.0,0.0,0.0,2732.3320000000003,0.0,0.0,2404.07585336009,0.0,0.09704351425170898,0.021994590759277344,0.5,0.0,1571013.0907226694,877487.68647644,539.5999999999974,0.0
fixed-bias,1,95.55813683562333,23.791233636978447,4471.835396082073,3481.1628171864973,198.40179608207248,0.0,4373.4336,3481.1628171864973,100.0,0.0,0.0,2733.396,0.0,0.0,3481.1628171864973,0.0,0.10011148452758789,0.024008750915527344,0.5,0.0,4471.835396082073,3481.1628171864973,1.52,0.0
fixed-bias,2,82.08723996277698,22.38376505555918,4018.201979283368,3481.1628171864973,192.98229928336693,0.0,3925.219680000001,3481.1628171864973,100.0,0.0,0.0,2453.2623000000012,0.0,0.0,3481.1628171864973,0.0,0.11443567276000977,0.019894123077392578,0.5,0.0,8490.037375365442,6962.3256343729945,3.04,0.0
fixed-bias,3,81.77862283174728,19.27722629490675,4029.5937115626657,3481.1628171864973,177.5972315626651,0.0,3951.9964800000007,3481.1628171864973,100.0,0.0,0.0,2469.9977999999996,0.0,0.0,3481.1628171864973,0.0,0.08706951141357422,0.02099156379699707,0.5,0.0,12519.631086928108,10443.488451559491,4.5600000000000005,0.0
fixed-bias,4,89.42705178675055,22.94887910050355,4443.993837045388,3481.1628171864973,196.52503704538722,0.0,4347.4688000000015,3481.1628171864973,100.0,0.0,0.0,2717.1680000000006,0.0,0.0,3481.1628171864973,0.0,0.11961841583251953,0.02910304069519043,0.5,0.0,16963.624923973497,13924.651268745989,6.08,0.0
fixed-bias,5,89.73922861852304,20.97342098605987,4449.089235170441,3481.1628171864973,191.08123517044018,0.0,4358.008000000001,3481.1628171864973,100.0,0.0,0.0,2723.7549999999997,0.0,0.0,3481.1628171864973,0.0,0.11642169952392578,0.026014328002929688,0.5,0.0,21412.714159143936,17405.814085932485,7.6,0.0
fixed-bias,6,88.19691199516744,22.08783812762239,4422.790292430458,3481.1628171864973,187.94549243045796,0.0,4334.8448,3481.1628171864973,100.0,0.0,0.0,2709.2779999999993,0.0,0.0,3481.1628171864973,0.0,0.10529351234436035,0.031172990798950195,0.5,0.0,25835.504451574394,20886.976903118983,9.12,0.0
fixed-bias,7,89.29004388564353,24.373765168004773,4460.875052874794,3481.1628171864973,196.27825287479357,0.0,4364.5968,3481.1628171864973,100.0,0.0,0.0,2727.8730000000005,0.0,0.0,3481.1628171864973,0.0,0.10840034484863281,0.025693655014038086,0.5,0.0,30296.37950444919,24368.13972030548,10.639999999999999,0.0
fixed-bias,8,90.98888547132698,24.361042792644177,4459.194690142607,3481.1628171864973,185.76109014260666,0.0,4373.4336,3481.1628171864973,100.0,0.0,0.0,2733.396,0.0,0.0,3481.1628171864973,0.0,0.12317585945129395,0.020104408264160156,0.5,0.0,34755.5741945918,27849.302537491978,12.159999999999998,0.0
fixed-bias,9,79.3093697011217,19.690341863265832,4008.517807544944,3481.1628171864973,166.00660754494248,0.0,3942.5112000000013,3481.1628171864973,100.0,0.0,0.0,2464.0695000000005,0.0,0.0,3481.1628171864973,0.0,0.10006141662597656,0.03180670738220215,0.5,0.0,38764.09200213674,31330.465354678476,13.679999999999998,0.0
fixed-bias,10,80.47458712028997,20.492507965523867,4008.673240720307,3481.1628171864973,156.6767607203065,0.0,3951.9964800000007,3481.1628171864973,100.0,0.0,0.0,2469.9977999999996,0.0,0.0,3481.1628171864973,0.0,0.09537744522094727,0.03361678123474121,0.5,0.0,42772.76524285705,34811.62817186497,15.199999999999998,0.0
fixed-bias,11,85.71444573567375,23.441018507847307,4440.849097180657,3481.1628171864973,175.86989718065513,0.0,4364.979200000002,3481.1628171864973,100.0,0.0,0.0,2728.1120000000005,0.0,0.0,3481.1628171864973,0.0,0.12016892433166504,0.03301501274108887,0.5,0.0,47213.614340037704,38292.790989051464,16.72,0.0
fixed-bias,12,88.01024999731855,20.564409416886882,4445.633443107035,3481.1628171864973,170.1150431070354,0.0,4375.5184,3481.1628171864973,100.0,0.0,0.0,2734.699,0.0,0.0,3481.1628171864973,0.0,0.10317540168762207,0.024127483367919922,0.5,0.0,51659.24778314474,41773.95380623796,18.24,0.0
fixed-bias,13,86.59660289117387,22.350084450024116,4435.373808786579,3481.1628171864973,179.61380878657914,0.0,4355.759999999999,3481.1628171864973,100.0,0.0,0.0,2722.3499999999995,0.0,0.0,3481.1628171864973,0.0,0.09433960914611816,0.022221803665161133,0.5,0.0,56094.62159193132,45255.11662342445,19.759999999999998,0.0
fixed-bias,14,88.27578401602047,19.68353494201407,4438.798752919296,3481.1628171864973,179.3091529192951,0.0,4359.489600000001,3481.1628171864973,100.0,0.0,0.0,2724.6809999999996,0.0,0.0,3481.1628171864973,0.0,0.1061556339263916,0.021094560623168945,0.5,0.0,60533.420344850616,48736.279440610946,21.279999999999998,0.0
fixed-bias,15,85.33888045225613,23.689810820613708,4441.620276074382,3481.1628171864973,185.69707607438198,0.0,4355.9232,3481.1628171864973,100.0,0.0,0.0,2722.452,0.0,0.0,3481.1628171864973,0.0,0.11152005195617676,0.022034645080566406,0.5,0.0,64975.040620925,52217.44225779744,22.799999999999997,0.0
fixed-bias,16,77.4565413339472,19.320176277694465,4000.536910680462,3481.1628171864973,156.4935506804607,0.0,3944.0433600000015,3481.1628171864973,100.0,0.0,0.0,2465.027100000001,0.0,0.0,3481.1628171864973,0.0,0.11650753021240234,0.02125692367553711,0.5,0.0,68975.57753160546,55698.605074983934,24.319999999999997,0.0
fixed-bias,17,76.7688835292059,21.79433135686027,4023.8293378894086,3481.1628171864973,171.83285788940782,0.0,3951.9964800000007,3481.1628171864973,100.0,0.0,0.0,2469.9977999999996,0.0,0.0,3481.1628171864973,0.0,0.10320925712585449,0.022091388702392578,0.5,0.0,72999.40686949488,59179.76789217043,25.839999999999996,0.0
fixed-bias,18,87.06897422060221,22.364422236755967,4443.90940055422,3481.1628171864973,175.52540055421898,0.0,4368.384000000001,3481.1628171864973,100.0,0.0,0.0,2730.2400000000007,0.0,0.0,3481.1628171864973,0.0,0.10816574096679688,0.020041704177856445,0.5,0.0,77443.3162700491,62660.93070935692,27.359999999999996,0.0
fixed-bias,19,82.95392994050128,24.628405271333843,4442.084827089226,3481.1628171864973,164.86402708922554,0.0,4377.2208,3481.1628171864973,100.0,0.0,0.0,2735.763,0.0,0.0,3481.1628171864973,0.0,0.11346173286437988,0.02206873893737793,0.5,0.0,81885.40109713832,66142.09352654342,28.879999999999995,0.0
fixed-bias,20,82.60020912336067,24.303778721802527,4422.055045575259,3481.1628171864973,167.99744557526,0.0,4354.057599999999,3481.1628171864973,100.0,0.0,0.0,2721.2859999999996,0.0,0.0,3481.1628171864973,0.0,0.11532878875732422,0.012127399444580078,0.5,0.0,86307.45614271358,69623.25634372992,30.399999999999995,0.0
fixed-bias,21,81.20828187948342,24.558608323078438,4443.559055249968,3481.1628171864973,180.6646552499679,0.0,4362.8944,3481.1628171864973,100.0,0.0,0.0,2726.8089999999993,0.0,0.0,3481.1628171864973,0.0,0.0895836353302002,0.022467851638793945,0.5,0.0,90751.01519796354,73104.41916091643,31.919999999999995,0.0
fixed-bias,22,81.75441438053086,22.27701407274462,4437.430640813192,3481.1628171864973,184.91224081319297,0.0,4352.5184,3481.1628171864973,100.0,0.0,0.0,2720.3240000000005,0.0,0.0,3481.1628171864973,0.0,0.09958767890930176,0.020858287811279297,0.5,0.0,95188.44583877674,76585.58197810293,33.44,0.0
fixed-bias,23,74.88631276670993,20.490975669468387,3997.8414207255637,3481.1628171864973,169.55742072556274,0.0,3928.284000000001,3481.1628171864973,100.0,0.0,0.0,2455.1775000000007,0.0,0.0,3481.1628171864973,0.0,0.10729384422302246,0.02190542221069336,0.5,0.0,99186.28725950231,80066.74479528943,34.96,0.0
fixed-bias,24,77.3107741976847,18.62351214774844,3999.214681582822,3481.1628171864973,167.5740415828213,0.0,3931.640640000001,3481.1628171864973,100.0,0.0,0.0,2457.2754,0.0,0.0,3481.1628171864973,0.0,0.0851585865020752,0.0206601619720459,0.5,0.0,103185.50194108512,83547.90761247593,36.480000000000004,0.0
fixed-bias,25,81.87965777103982,20.88465198751037,4427.495649179929,3481.1628171864973,181.7292491799281,0.0,4345.766400000001,3481.1628171864973,100.0,0.0,0.0,2716.1040000000007,0.0,0.0,3481.1628171864973,0.0,0.09053373336791992,0.0208737850189209,0.5,0.0,107612.99759026505,87029.07042966243,38.00000000000001,0.0
fixed-bias,26,83.3302640329544,23.28421500187989,4460.7787600774,3481.1628171864973,204.47316007740048,0.0,4356.3056,3481.1628171864973,100.0,0.0,0.0,2722.6910000000003,0.0,0.0,3481.1628171864973,0.0,0.09589529037475586,0.0220949649810791,0.5,0.0,112073.77635034245,90510.23324684893,39.52000000000001,0.0
fixed-bias,27,80.10644267253019,19.31128588010697,4405.055146822358,3481.1628171864973,170.21034682235842,0.0,4334.8448,3481.1628171864973,100.0,0.0,0.0,2709.2779999999993,0.0,0.0,3481.1628171864973,0.0,0.11056709289550781,0.020090341567993164,0.5,0.0,116478.8314971648,93991.39606403543,41.04000000000001,0.0
fixed-bias,28,82.07959905318405,21.04151608383958,4432.576705744046,3481.1628171864973,187.19270574404544,0.0,4345.384000000001,3481.1628171864973,100.0,0.0,0.0,2715.865,0.0,0.0,3481.1628171864973,0.0,0.09573245048522949,0.021289348602294922,0.5,0.0,120911.40820290885,97472.55888122194,42.56000000000002,0.0
fixed-bias,29,83.70659262692932,22.531073020721543,4463.480551771221,3481.1628171864973,190.04695177122062,0.0,4373.4336,3481.1628171864973,100.0,0.0,0.0,2733.396,0.0,0.0,3481.1628171864973,0.0,0.11339187622070312,0.01624274253845215,0.5,0.0,125374.88875468007,100953.72169840844,44.08000000000002,0.0
fixed-bias,30,73.7763487645965,18.94935556760742,3991.1901119869713,3481.1628171864973,148.67891198697004,0.0,3942.5112000000013,3481.1628171864973,100.0,0.0,0.0,2464.0695000000005,0.0,0.0,3481.1628171864973,0.0,0.10311746597290039,0.024344682693481445,0.5,0.0,129366.07886666704,104434.88451559494,45.60000000000002,0.0
fixed-bias,31,72.39121688885952,19.74335432583654,4001.7881282928874,3481.1628171864973,149.79164829288712,0.0,3951.9964800000007,3481.1628171864973,100.0,0.0,0.0,2469.9977999999996,0.0,0.0,3481.1628171864973,0.0,0.08431410789489746,0.021144866943359375,0.5,0.0,133367.86699495994,107916.04733278144,47.120000000000026,0.0
fixed-bias,32,79.09036226736328,20.761757764227557,4415.934059685999,3481.1628171864973,163.35805968599877,0.0,4352.576000000001,3481.1628171864973,100.0,0.0,0.0,2720.3600000000006,0.0,0.0,3481.1628171864973,0.0,0.10798406600952148,0.022410154342651367,0.5,0.0,137783.80105464594,111397.21014996794,48.64000000000003,0.0
fixed-bias,33,80.44200357265336,18.916508938148386,4425.844390812863,3481.1628171864973,167.83639081286236,0.0,4358.008000000001,3481.1628171864973,100.0,0.0,0.0,2723.7549999999997,0.0,0.0,3481.1628171864973,0.0,0.10250639915466309,0.021703243255615234,0.5,0.0,142209.6454454588,114878.37296715444,50.16000000000003,0.0
fixed-bias,34,76.79502470260041,23.090152196691232,4412.51078452474,3481.1628171864973,175.9635845247405,0.0,4336.5472,3481.1628171864973,100.0,0.0,0.0,2710.3419999999996,0.0,0.0,3481.1628171864973,0.0,0.11427664756774902,0.02465987205505371,0.5,0.0,146622.15622998355,118359.53578434094,51.680000000000035,0.0
fixed-bias,35,76.93722414252143,23.577329717726155,4428.952382337688,3481.1628171864973,164.35558233768768,0.0,4364.5968,3481.1628171864973,100.0,0.0,0.0,2727.8730000000005,0.0,0.0,3481.1628171864973,0.0,0.1035609245300293,0.029010772705078125,0.5,0.0,151051.10861232123,121840.69860152745,53.20000000000004,0.0
fixed-bias,36,80.6226085820366,25.621006145545955,4446.2387617869845,3481.1628171864973,172.80516178698403,0.0,4373.4336,3481.1628171864973,100.0,0.0,0.0,2733.396,0.0,0.0,3481.1628171864973,0.0,0.10070657730102539,0.018044471740722656,0.5,0.0,155497.3473741082,125321.86141871395,54.72000000000004,0.0
fixed-bias,37,73.1835630921488,22.137080563586576,4013.4018466047783,3481.1628171864973,169.35848660477674,0.0,3944.0433600000015,3481.1628171864973,100.0,0.0,0.0,2465.027100000001,0.0,0.0,3481.1628171864973,0.0,0.11107134819030762,0.01911783218383789,0.5,0.0,159510.74922071298,128803.02423590045,56.240000000000045,0.0
fixed-bias,38,71.63476970112283,21.4937009600007,3998.263410924579,3481.1628171864973,165.09061092457847,0.0,3933.1728000000007,3481.1628171864973,100.0,0.0,0.0,2458.2329999999997,0.0,0.0,3481.1628171864973,0.0,0.0922858715057373,0.020649194717407227,0.5,0.0,163509.01263163757,132284.18705308693,57.76000000000005,0.0
fixed-bias,39,78.01423744943293,26.891969586901624,4442.753646096717,3481.1628171864973,193.58244609671587,0.0,4349.171200000001,3481.1628171864973,100.0,0.0,0.0,2718.232000000001,0.0,0.0,3481.1628171864973,0.0,0.11427187919616699,0.022140026092529297,0.5,0.0,167951.76627773428,135765.34987027344,59.28000000000005,0.0
fixed-bias,40,74.37527489759269,21.80102026918698,4433.81027185787,3481.1628171864973,175.80227185786967,0.0,4358.008000000001,3481.1628171864973,100.0,0.0,0.0,2723.7549999999997,0.0,0.0,3481.1628171864973,0.0,0.0993049144744873,0.01982426643371582,0.5,0.0,172385.57654959214,139246.51268745994,60.800000000000054,0.0
fixed-bias,41,73.08664293528388,22.597400470580162,4424.645884135638,3481.1628171864973,168.88588413563892,0.0,4355.759999999999,3481.1628171864973,100.0,0.0,0.0,2722.3499999999995,0.0,0.0,3481.1628171864973,0.0,0.1011655330657959,0.021053314208984375,0.5,0.0,176810.2224337278,142727.67550464644,62.32000000000006,0.0
fixed-bias,42,77.52909227231953,20.03173828976841,4431.445354873948,3481.1628171864973,166.84855487394807,0.0,4364.5968,3481.1628171864973,100.0,0.0,0.0,2727.8730000000005,0.0,0.0,3481.1628171864973,0.0,0.09704804420471191,0.018991708755493164,0.5,0.0,181241.66778860174,146208.83832183294,63.84000000000006,0.0
fixed-bias,43,72.7159364493449,18.249691143969706,4425.6523542247605,3481.1628171864973,152.21875422476046,0.0,4373.4336,3481.1628171864973,100.0,0.0,0.0,2733.396,0.0,0.0,3481.1628171864973,0.0,0.09821534156799316,0.019115209579467773,0.5,0.0,185667.3201428265,149690.00113901944,65.36000000000006,0.0
fixed-bias,44,69.26482972250261,20.280163225806913,3984.411583634948,3481.1628171864973,141.9003836349468,0.0,3942.5112000000013,3481.1628171864973,100.0,0.0,0.0,2464.0695000000005,0.0,0.0,3481.1628171864973,0.0,0.09864187240600586,0.01922464370727539,0.5,0.0,189651.73172646144,153171.16395620594,66.88000000000005,0.0
fixed-bias,45,69.51270231332946,23.193321244799492,4002.23214232783,3481.1628171864973,151.76782232782926,0.0,3950.464320000001,3481.1628171864973,100.0,0.0,0.0,2469.0402,0.0,0.0,3481.1628171864973,0.0,0.08674478530883789,0.01981353759765625,0.5,0.0,193653.96386878926,156652.32677339244,68.40000000000005,0.0
fixed-bias,46,75.90164725314445,22.09088543726733,4426.032380280177,3481.1628171864973,157.64838028017567,0.0,4368.384000000001,3481.1628171864973,100.0,0.0,0.0,2730.2400000000007,0.0,0.0,3481.1628171864973,0.0,0.1511223316192627,0.016939401626586914,0.5,0.0,198079.99624906943,160133.48959057895,69.92000000000004,0.0
fixed-bias,47,74.23952435413854,22.5146155849436,4439.63955879681,3481.1628171864973,162.41875879680975,0.0,4377.2208,3481.1628171864973,100.0,0.0,0.0,2735.763,0.0,0.0,3481.1628171864973,0.0,0.09511756896972656,0.023012161254882812,0.5,0.0,202519.63580786623,163614.65240776545,71.44000000000004,0.0
fixed-bias,48,76.58206955392593,21.67741093378266,4408.704156971876,3481.1628171864973,172.15695697187576,0.0,4336.5472,3481.1628171864973,100.0,0.0,0.0,2710.3419999999996,0.0,0.0,3481.1628171864973,0.0,0.09812498092651367,0.020638227462768555,0.5,0.0,206928.33996483812,167095.81522495195,72.96000000000004,0.0
fixed-bias,49,71.09059662312639,24.119963025893714,4414.412038558996,3481.1628171864973,170.73043855899633,0.0,4343.6816,3481.1628171864973,100.0,0.0,0.0,2714.8009999999995,0.0,0.0,3481.1628171864973,0.0,0.10764265060424805,0.01999831199645996,0.5,0.0,211342.75200339712,170576.97804213845,74.48000000000003,0.0
fixed-bias,50,73.9395542371823,22.16245150500325,4426.264891275275,3481.1628171864973,172.04409127527447,0.0,4354.2208,3481.1628171864973,100.0,0.0,0.0,2721.3880000000004,0.0,0.0,3481.1628171864973,0.0,0.09918045997619629,0.024103641510009766,0.5,0.0,215769.0168946724,174058.14085932495,76.00000000000003,0.0
fixed-bias,51,63.755396401225774,21.522120325535244,3980.4966739267065,3481.1628171864973,155.27699392670533,0.0,3925.219680000001,3481.1628171864973,100.0,0.0,0.0,2453.2623000000012,0.0,0.0,3481.1628171864973,0.0,0.11455321311950684,0.018114089965820312,0.5,0.0,219749.5135685991,177539.30367651145,77.52000000000002,0.0
fixed-bias,52,64.28181342087605,22.696410622417417,3991.2880468604303,3481.1628171864973,158.1152468604296,0.0,3933.1728000000007,3481.1628171864973,100.0,0.0,0.0,2458.2329999999997,0.0,0.0,3481.1628171864973,0.0,0.10576462745666504,0.020746231079101562,0.5,0.0,223740.80161545952,181020.46649369795,79.04000000000002,0.0
fixed-bias,53,71.04117573884541,24.46719986841848,4423.364958748326,3481.1628171864973,154.98095874832487,0.0,4368.384000000001,3481.1628171864973,100.0,0.0,0.0,2730.2400000000007,0.0,0.0,3481.1628171864973,0.0,0.1387636661529541,0.02221202850341797,0.5,0.0,228164.16657420786,184501.62931088445,80.56000000000002,0.0
fixed-bias,54,69.44477701234001,22.232348002433984,4428.410612378535,3481.1628171864973,152.89221237853494,0.0,4375.5184,3481.1628171864973,100.0,0.0,0.0,2734.699,0.0,0.0,3481.1628171864973,0.0,0.09947824478149414,0.02355217933654785,0.5,0.0,232592.5771865864,187982.79212807096,82.08000000000001,0.0
fixed-bias,55,71.84536135709374,21.70627799095501,4407.1071598565895,3481.1628171864973,151.34715985659034,0.0,4355.759999999999,3481.1628171864973,100.0,0.0,0.0,2722.3499999999995,0.0,0.0,3481.1628171864973,0.0,0.11011981964111328,0.022089719772338867,0.5,0.0,236999.68434644298,191463.95494525746,83.60000000000001,0.0
fixed-bias,56,71.27336299891819,24.95055733285317,4433.670289853056,3481.1628171864973,170.77588985305584,0.0,4362.8944,3481.1628171864973,100.0,0.0,0.0,2726.8089999999993,0.0,0.0,3481.1628171864973,0.0,0.1004033088684082,0.021996021270751953,0.5,0.0,241433.35463629605,194945.11776244396,85.12,0.0
fixed-bias,57,70.05178991127536,23.20889173777168,4425.791858954123,3481.1628171864973,152.35825895412307,0.0,4373.4336,3481.1628171864973,100.0,0.0,0.0,2733.396,0.0,0.0,3481.1628171864973,0.0,0.10845637321472168,0.03497171401977539,0.5,0.0,245859.14649525017,198426.28057963046,86.64,0.0
fixed-bias,58,62.44732074350557,21.178799008191984,3982.57684118132,3481.1628171864973,138.53348118131862,0.0,3944.0433600000015,3481.1628171864973,100.0,0.0,0.0,2465.027100000001,0.0,0.0,3481.1628171864973,0.0,0.1152346134185791,0.022104740142822266,0.5,0.0,249841.7233364315,201907.44339681696,88.16,0.0
fixed-bias,59,64.38902929786,18.825309288956277,3977.4876730946685,3481.1628171864973,142.7827130946676,0.0,3934.704960000001,3481.1628171864973,100.0,0.0,0.0,2459.1906000000004,0.0,0.0,3481.1628171864973,0.0,0.0925133228302002,0.021160364151000977,0.5,0.0,253819.21100952616,205388.60621400346,89.67999999999999,0.0
fixed-bias,60,65.40638309779442,24.067124508893922,4417.646425483845,3481.1628171864973,166.77282548384386,0.0,4350.873600000001,3481.1628171864973,100.0,0.0,0.0,2719.2960000000007,0.0,0.0,3481.1628171864973,0.0,0.10223913192749023,0.022103548049926758,0.5,0.0,258236.85743501,208869.76903118996,91.19999999999999,0.0
fixed-bias,61,68.063645224713,19.91036216054047,4412.435337591937,3481.1628171864973,152.72493759193716,0.0,4359.7104,3481.1628171864973,100.0,0.0,0.0,2724.819,0.0,0.0,3481.1628171864973,0.0,0.10774874687194824,0.020946741104125977,0.5,0.0,262649.29277260194,212350.93184837647,92.71999999999998,0.0
fixed-bias,62,69.01342000636863,24.005533598879154,4407.218637508362,3481.1628171864973,170.67143750836166,0.0,4336.5472,3481.1628171864973,100.0,0.0,0.0,2710.3419999999996,0.0,0.0,3481.1628171864973,0.0,0.11342740058898926,0.023072004318237305,0.5,0.0,267056.5114101103,215832.09466556297,94.23999999999998,0.0
fixed-bias,63,68.02294997720396,23.40484375621865,4411.667829088767,3481.1628171864973,167.98622908876683,0.0,4343.6816,3481.1628171864973,100.0,0.0,0.0,2714.8009999999995,0.0,0.0,3481.1628171864973,0.0,0.10822439193725586,0.020148754119873047,0.5,0.0,271468.17923919903,219313.25748274947,95.75999999999998,0.0
fixed-bias,64,66.02231015891157,24.89119038924703,4431.9185531527255,3481.1628171864973,158.48495315272515,0.0,4373.4336,3481.1628171864973,100.0,0.0,0.0,2733.396,0.0,0.0,3481.1628171864973,0.0,0.09252572059631348,0.03116130828857422,0.5,0.0,275900.09779235173,222794.42029993597,97.27999999999997,0.0
fixed-bias,65,62.938945943814396,22.233144425912847,3982.484521094578,3481.1628171864973,139.97332109457702,0.0,3942.5112000000013,3481.1628171864973,100.0,0.0,0.0,2464.0695000000005,0.0,0.0,3481.1628171864973,0.0,0.11668753623962402,0.01999974250793457,0.5,0.0,279882.5823134463,226275.58311712247,98.79999999999997,0.0
fixed-bias,66,60.31213214309662,21.465166791040055,3991.143200119425,3481.1628171864973,154.90608011942405,0.0,3936.2371200000007,3481.1628171864973,100.0,0.0,0.0,2460.1482,0.0,0.0,3481.1628171864973,0.0,0.09915876388549805,0.02288341522216797,0.5,0.0,283873.72551356576,229756.74593430897,100.31999999999996,0.0
fixed-bias,67,65.77484510939998,22.445162648946045,4405.540687701755,3481.1628171864973,152.96468770175355,0.0,4352.576000000001,3481.1628171864973,100.0,0.0,0.0,2720.3600000000006,0.0,0.0,3481.1628171864973,0.0,0.11940979957580566,0.0216829776763916,0.5,0.0,288279.26620126754,233237.90875149547,101.83999999999996,0.0
fixed-bias,68,67.10954927507268,21.693751947045982,4423.8140753484395,3481.1628171864973,169.2108753484393,0.0,4354.6032000000005,3481.1628171864973,100.0,0.0,0.0,2721.627,0.0,0.0,3481.1628171864973,0.0,0.11365580558776855,0.023998737335205078,0.5,0.0,292703.080276616,236719.07156868197,103.35999999999996,0.0
fixed-bias,69,64.06529014238073,21.988337052490582,4385.310887246173,3481.1628171864973,152.1684872461724,0.0,4333.1424,3481.1628171864973,100.0,0.0,0.0,2708.2139999999995,0.0,0.0,3481.1628171864973,0.0,0.11042070388793945,0.022900819778442383,0.5,0.0,297088.39116386214,240200.23438586848,104.87999999999995,0.0
fixed-bias,70,66.31330141728326,22.87025498453884,4408.526604760063,3481.1628171864973,145.63220476006228,0.0,4362.8944,3481.1628171864973,100.0,0.0,0.0,2726.8089999999993,0.0,0.0,3481.1628171864973,0.0,0.1083979606628418,0.022644758224487305,0.5,0.0,301496.9177686222,243681.39720305498,106.39999999999995,0.0
fixed-bias,71,67.2174341679452,19.82075507354983,4406.31110976605,3481.1628171864973,136.2823097660502,0.0,4370.0288,3481.1628171864973,100.0,0.0,0.0,2731.2680000000005,0.0,0.0,3481.1628171864973,0.0,0.10928750038146973,0.020093202590942383,0.5,0.0,305903.2288783883,247162.56002024148,107.91999999999994,0.0
fixed-bias,72,58.16194922361857,19.955626252156197,3986.570386035235,3481.1628171864973,161.35070603523397,0.0,3925.219680000001,3481.1628171864973,100.0,0.0,0.0,2453.2623000000012,0.0,0.0,3481.1628171864973,0.0,0.09712576866149902,0.022001266479492188,0.5,0.0,309889.79926442355,250643.72283742798,109.43999999999994,0.0
fixed-bias,73,55.062300670365424,21.25843907517822,3973.722470967725,3481.1628171864973,123.2581509677239,0.0,3950.464320000001,3481.1628171864973,100.0,0.0,0.0,2469.0402,0.0,0.0,3481.1628171864973,0.0,0.10559844970703125,0.025738954544067383,0.5,0.0,313863.5217353913,254124.88565461448,110.95999999999994,0.0
fixed-bias,74,64.48514502937071,23.121770037214326,4404.931216966756,3481.1628171864973,154.05761696675538,0.0,4350.873600000001,3481.1628171864973,100.0,0.0,0.0,2719.2960000000007,0.0,0.0,3481.1628171864973,0.0,0.09006261825561523,0.020799875259399414,0.5,0.0,318268.45295235806,257606.04847180098,112.47999999999993,0.0
fixed-bias,75,63.71693699619069,20.161137171281872,4423.917018341283,3481.1628171864973,146.6962183412834,0.0,4377.2208,3481.1628171864973,100.0,0.0,0.0,2735.763,0.0,0.0,3481.1628171864973,0.0,0.0958259105682373,0.02170729637145996,0.5,0.0,322692.36997069936,261087.21128898748,113.99999999999993,0.0
fixed-bias,76,63.51638972813557,21.708189730232622,4387.327842776883,3481.1628171864973,149.07824277688226,0.0,4338.2496,3481.1628171864973,100.0,0.0,0.0,2711.4059999999995,0.0,0.0,3481.1628171864973,0.0,0.10573148727416992,0.021417617797851562,0.5,0.0,327079.69781347626,264568.374106174,115.51999999999992,0.0
fixed-bias,77,60.61197806109228,22.225340118528493,4400.332145333585,3481.1628171864973,139.14014533358431,0.0,4361.192,3481.1628171864973,100.0,0.0,0.0,2725.745,0.0,0.0,3481.1628171864973,0.0,0.10337328910827637,0.015781402587890625,0.5,0.0,331480.02995880984,268049.5369233605,117.03999999999992,0.0
fixed-bias,78,64.5585908360077,25.661627247224295,4425.057294515452,3481.1628171864973,155.0284945154516,0.0,4370.0288,3481.1628171864973,100.0,0.0,0.0,2731.2680000000005,0.0,0.0,3481.1628171864973,0.0,0.09627270698547363,0.022611379623413086,0.5,0.0,335905.08725332527,271530.699740547,118.55999999999992,0.0
fixed-bias,79,55.91879099028677,20.70246656196347,3971.4948360378967,3481.1628171864973,127.45147603789502,0.0,3944.0433600000015,3481.1628171864973,100.0,0.0,0.0,2465.027100000001,0.0,0.0,3481.1628171864973,0.0,0.10604429244995117,0.021114587783813477,0.5,0.0,339876.5820893632,275011.8625577335,120.07999999999991,0.0
fixed-bias,80,53.59622975902753,22.13180284560607,3972.7165732667468,3481.1628171864973,120.720093266746,0.0,3951.9964800000007,3481.1628171864973,100.0,0.0,0.0,2469.9977999999996,0.0,0.0,3481.1628171864973,0.0,0.09005212783813477,0.021477460861206055,0.5,0.0,343849.2986626299,278493.02537492,121.59999999999991,0.0
fixed-bias,81,58.978915413409766,21.21855728164276,4390.4082273607355,3481.1628171864973,123.7266273607346,0.0,4366.681600000001,3481.1628171864973,100.0,0.0,0.0,2729.1760000000004,0.0,0.0,3481.1628171864973,0.0,0.11566042900085449,0.02188730239868164,0.5,0.0,348239.70688999066,281974.1881921065,123.1199999999999,0.0
fixed-bias,82,58.437271008625736,21.07338366419708,4403.9571484869775,3481.1628171864973,144.24674848697748,0.0,4359.7104,3481.1628171864973,100.0,0.0,0.0,2724.819,0.0,0.0,3481.1628171864973,0.0,0.11235690116882324,0.02325725555419922,0.5,0.0,352643.66403847764,285455.351009293,124.6399999999999,0.0
fixed-bias,83,62.14461809897603,25.177474658997905,4401.8458458983105,3481.1628171864973,149.4906458983105,0.0,4352.3552,3481.1628171864973,100.0,0.0,0.0,2720.2219999999993,0.0,0.0,3481.1628171864973,0.0,0.11151289939880371,0.024361371994018555,0.5,0.0,357045.50988437596,288936.5138264795,126.1599999999999,0.0
fixed-bias,84,62.22046488779629,23.09744081791274,4399.089466859275,3481.1628171864973,136.1950668592747,0.0,4362.8944,3481.1628171864973,100.0,0.0,0.0,2726.8089999999993,0.0,0.0,3481.1628171864973,0.0,0.11141014099121094,0.022197961807250977,0.5,0.0,361444.59935123526,292417.676643666,127.6799999999999,0.0
fixed-bias,85,59.660714619294026,24.33958557165145,4407.043091285369,3481.1628171864973,154.52469128536862,0.0,4352.5184,3481.1628171864973,100.0,0.0,0.0,2720.3240000000005,0.0,0.0,3481.1628171864973,0.0,0.09143352508544922,0.018996477127075195,0.5,0.0,365851.64244252065,295898.8394608525,129.1999999999999,0.0
fixed-bias,86,56.574924098125685,18.55812961047008,3979.227069210333,3481.1628171864973,135.18370921033156,0.0,3944.0433600000015,3481.1628171864973,100.0,0.0,0.0,2465.027100000001,0.0,0.0,3481.1628171864973,0.0,0.10976719856262207,0.019994258880615234,0.5,0.0,369830.86951173097,299380.002278039,130.7199999999999,0.0
fixed-bias,87,53.59190945695809,19.99580201335803,3969.462735952289,3481.1628171864973,117.46625595228846,0.0,3951.9964800000007,3481.1628171864973,100.0,0.0,0.0,2469.9977999999996,0.0,0.0,3481.1628171864973,0.0,0.09134507179260254,0.021996736526489258,0.5,0.0,373800.33224768325,302861.1650952255,132.23999999999992,0.0
fixed-bias,88,60.04684230407816,22.953308354569437,4396.024773076648,3481.1628171864973,127.6407730766472,0.0,4368.384000000001,3481.1628171864973,100.0,0.0,0.0,2730.2400000000007,0.0,0.0,3481.1628171864973,0.0,0.11938238143920898,0.02199530601501465,0.5,0.0,378196.3570207599,306342.327912412,133.75999999999993,0.0
fixed-bias,89,60.14195686276033,24.29566299336134,4410.845947112818,3481.1628171864973,154.54034711281804,0.0,4356.3056,3481.1628171864973,100.0,0.0,0.0,2722.6910000000003,0.0,0.0,3481.1628171864973,0.0,0.11010622978210449,0.02052783966064453,0.5,0.0,382607.2029678727,309823.4907295985,135.27999999999994,0.0
fixed-bias,90,61.35026660835263,23.245678851953112,4392.430491041851,3481.1628171864973,138.37289104185203,0.0,4354.057599999999,3481.1628171864973,100.0,0.0,0.0,2721.2859999999996,0.0,0.0,3481.1628171864973,0.0,0.1004037857055664,0.02300238609313965,0.5,0.0,386999.6334589146,313304.653546785,136.79999999999995,0.0
fixed-bias,91,59.8737660921748,20.856730187786074,4395.010897441692,3481.1628171864973,132.11649744169193,0.0,4362.8944,3481.1628171864973,100.0,0.0,0.0,2726.8089999999993,0.0,0.0,3481.1628171864973,0.0,0.09433197975158691,0.01968073844909668,0.5,0.0,391394.6443563563,316785.8163639715,138.31999999999996,0.0
fixed-bias,92,58.994710139004816,21.28998201776202,4404.861451910466,3481.1628171864973,131.42785191046545,0.0,4373.4336,3481.1628171864973,100.0,0.0,0.0,2733.396,0.0,0.0,3481.1628171864973,0.0,0.0907602310180664,0.04251503944396973,0.5,0.0,395799.50580826675,320266.979181158,139.83999999999997,0.0
fixed-bias,93,53.63280233752471,18.894109406430882,3955.204669276645,3481.1628171864973,112.69346927664365,0.0,3942.5112000000013,3481.1628171864973,100.0,0.0,0.0,2464.0695000000005,0.0,0.0,3481.1628171864973,0.0,0.11549019813537598,0.0272064208984375,0.5,0.0,399754.7104775434,323748.1419983445,141.35999999999999,0.0
fixed-bias,94,51.70400100311114,22.443635858732016,3980.9460135503905,3481.1628171864973,132.01385355038974,0.0,3948.9321600000007,3481.1628171864973,100.0,0.0,0.0,2468.0826,0.0,0.0,3481.1628171864973,0.0,0.09816718101501465,0.02787327766418457,0.5,0.0,403735.6564910938,327229.304815531,142.88,0.0
fixed-bias,95,56.632244685914934,22.852851933501228,4396.835530051446,3481.1628171864973,128.45153005144493,0.0,4368.384000000001,3481.1628171864973,100.0,0.0,0.0,2730.2400000000007,0.0,0.0,3481.1628171864973,0.0,0.18325304985046387,0.02252793312072754,0.5,0.0,408132.49202114524,330710.4676327175,144.4,0.0
fixed-bias,96,59.020531983189386,23.81214442054662,4425.98573193756,3481.1628171864973,167.97773193755918,0.0,4358.008000000001,3481.1628171864973,100.0,0.0,0.0,2723.7549999999997,0.0,0.0,3481.1628171864973,0.0,0.09452509880065918,0.022008895874023438,0.5,0.0,412558.4777530828,334191.630449904,145.92000000000002,0.0
fixed-bias,97,58.22451609719612,19.542709990314965,4387.564413742163,3481.1628171864973,131.80441374216431,0.0,4355.759999999999,3481.1628171864973,100.0,0.0,0.0,2722.3499999999995,0.0,0.0,3481.1628171864973,0.0,0.12219595909118652,0.022124528884887695,0.5,0.0,416946.042166825,337672.7932670905,147.44000000000003,0.0
fixed-bias,98,57.444674521712564,20.477262446391663,4398.777573500212,3481.1628171864973,135.88317350021237,0.0,4362.8944,3481.1628171864973,100.0,0.0,0.0,2726.8089999999993,0.0,0.0,3481.1628171864973,0.0,0.11582350730895996,0.022014617919921875,0.5,0.0,421344.8197403252,341153.956084277,148.96000000000004,0.0
fixed-bias,99,54.98482231484365,22.153209052684726,4397.000420267687,3481.1628171864973,144.48202026768737,0.0,4352.5184,3481.1628171864973,100.0,0.0,0.0,2720.3240000000005,0.0,0.0,3481.1628171864973,0.0,0.1043238639831543,0.026170969009399414,0.5,0.0,425741.8201605929,344635.1189014635,150.48000000000005,0.0
fixed-bias,100,52.91454745711434,19.3106729000628,3975.5955955248087,3481.1628171864973,133.08439552480752,0.0,3942.5112000000013,3481.1628171864973,100.0,0.0,0.0,2464.0695000000005,0.0,0.0,3481.1628171864973,0.0,0.11749100685119629,0.024753808975219727,0.5,0.0,429717.4157561177,348116.28171865,152.00000000000006,0.0
fixed-bias,101,49.933749474122145,19.876365489589876,3966.424496692429,3481.1628171864973,114.42801669242826,0.0,3951.9964800000007,3481.1628171864973,100.0,0.0,0.0,2469.9977999999996,0.0,0.0,3481.1628171864973,0.0,0.10375690460205078,0.022686004638671875,0.5,0.0,433683.84025281016,351597.4445358365,153.52000000000007,0.0
fixed-bias,102,55.07193535586938,21.741245238697864,4390.405096646095,3481.1628171864973,122.02109664609482,0.0,4368.384000000001,3481.1628171864973,100.0,0.0,0.0,2730.2400000000007,0.0,0.0,3481.1628171864973,0.0,0.1179354190826416,0.02104640007019043,0.5,0.0,438074.24534945627,355078.607353023,155.04000000000008,0.0
fixed-bias,103,53.573188138268456,24.698300518241656,4401.307032734871,3481.1628171864973,127.49103273487165,0.0,4373.816,3481.1628171864973,100.0,0.0,0.0,2733.635,0.0,0.0,3481.1628171864973,0.0,0.09865236282348633,0.020118236541748047,0.5,0.0,442475.5523821911,358559.7701702095,156.5600000000001,0.0
fixed-bias,104,54.654275043576,23.121358537689364,4390.578951758453,3481.1628171864973,134.81895175845315,0.0,4355.759999999999,3481.1628171864973,100.0,0.0,0.0,2722.3499999999995,0.0,0.0,3481.1628171864973,0.0,0.08776044845581055,0.018218040466308594,0.5,0.0,446866.13133394957,362040.932987396,158.0800000000001,0.0
fixed-bias,105,56.68855799815143,22.58014409922162,4409.636941417892,3481.1628171864973,146.74254141789174,0.0,4362.8944,3481.1628171864973,100.0,0.0,0.0,2726.8089999999993,0.0,0.0,3481.1628171864973,0.0,0.08817768096923828,0.02234673500061035,0.5,0.0,451275.76827536745,365522.0958045825,159.6000000000001,0.0
fixed-bias,106,55.49911127276505,21.46111047814788,4400.85512093677,3481.1628171864973,150.03912093677016,0.0,4350.816,3481.1628171864973,100.0,0.0,0.0,2719.26,0.0,0.0,3481.1628171864973,0.0,0.10449004173278809,0.023000001907348633,0.5,0.0,455676.6233963042,369003.258621769,161.12000000000012,0.0
fixed-bias,107,50.45195242807839,19.95580473937459,3955.1717726443107,3481.1628171864973,129.95209264430954,0.0,3925.219680000001,3481.1628171864973,100.0,0.0,0.0,2453.2623000000012,0.0,0.0,3481.1628171864973,0.0,0.11541342735290527,0.036522626876831055,0.5,0.0,459631.79516894853,372484.4214389555,162.64000000000013,0.0
fixed-bias,108,50.20047809344135,19.588835576657292,3953.038827129176,3481.1628171864973,119.86602712917528,0.0,3933.1728000000007,3481.1628171864973,100.0,0.0,0.0,2458.2329999999997,0.0,0.0,3481.1628171864973,0.0,0.08420062065124512,0.03569960594177246,0.5,0.0,463584.8339960777,375965.584256142,164.16000000000014,0.0
fixed-bias,109,55.78672617513312,19.19665592324132,4378.520834262283,3481.1628171864973,110.13683426228152,0.0,4368.384000000001,3481.1628171864973,100.0,0.0,0.0,2730.2400000000007,0.0,0.0,3481.1628171864973,0.0,0.0921022891998291,0.02237868309020996,0.5,0.0,467963.35483034,379446.74707332853,165.68000000000015,0.0
fixed-bias,110,53.78060159181181,21.27533029051775,4392.173387559806,3481.1628171864973,114.95258755980527,0.0,4377.2208,3481.1628171864973,100.0,0.0,0.0,2735.763,0.0,0.0,3481.1628171864973,0.0,0.11453461647033691,0.025284767150878906,0.5,0.0,472355.52821789985,382927.90989051503,167.20000000000016,0.0
fixed-bias,111,56.586134313268495,20.788080531412266,4389.8994061518815,3481.1628171864973,151.64980615188148,0.0,4338.2496,3481.1628171864973,100.0,0.0,0.0,2711.4059999999995,0.0,0.0,3481.1628171864973,0.0,0.15007233619689941,0.022119998931884766,0.5,0.0,476745.42762405175,386409.07270770153,168.72000000000017,0.0
fixed-bias,112,56.10645076081829,21.86663043971882,4387.32740052772,3481.1628171864973,143.64580052771953,0.0,4343.6816,3481.1628171864973,100.0,0.0,0.0,2714.8009999999995,0.0,0.0,3481.1628171864973,0.0,0.09331107139587402,0.021204471588134766,0.5,0.0,481132.75502457947,389890.23552488803,170.24000000000018,0.0
fixed-bias,113,56.28930227360954,24.8523395642367,4421.082468766674,3481.1628171864973,170.2664687666736,0.0,4350.816,3481.1628171864973,100.0,0.0,0.0,2719.26,0.0,0.0,3481.1628171864973,0.0,0.11023163795471191,0.019997835159301758,0.5,0.0,485553.83749334613,393371.39834207454,171.7600000000002,0.0
fixed-bias,114,48.38979969340716,19.619012567831305,3946.0063258443793,3481.1628171864973,117.72232584437808,0.0,3928.284000000001,3481.1628171864973,100.0,0.0,0.0,2455.1775000000007,0.0,0.0,3481.1628171864973,0.0,0.10711836814880371,0.024648666381835938,0.5,0.0,489499.8438191905,396852.56115926104,173.2800000000002,0.0
fixed-bias,115,49.96508492343886,24.114287903761255,3975.3426001700795,3481.1628171864973,123.3461201700787,0.0,3951.9964800000007,3481.1628171864973,100.0,0.0,0.0,2469.9977999999996,0.0,0.0,3481.1628171864973,0.0,0.10960102081298828,0.02199387550354004,0.5,0.0,493475.1864193606,400333.72397644754,174.8000000000002,0.0
fixed-bias,116,59.19099261252609,23.11901488799595,4401.323092195747,3481.1628171864973,132.9390921957469,0.0,4368.384000000001,3481.1628171864973,100.0,0.0,0.0,2730.2400000000007,0.0,0.0,3481.1628171864973,0.0,0.11411452293395996,0.02928900718688965,0.5,0.0,497876.5095115563,403814.88679363404,176.32000000000022,0.0
fixed-bias,117,57.0703263394949,22.563224675029094,4399.6897795207915,3481.1628171864973,138.2769795207911,0.0,4361.4128,3481.1628171864973,100.0,0.0,0.0,2725.883,0.0,0.0,3481.1628171864973,0.0,0.10581612586975098,0.01981329917907715,0.5,0.0,502276.1992910771,407296.04961082054,177.84000000000023,0.0
fixed-bias,118,54.55256411642057,24.223810352146653,4379.885966907747,3481.1628171864973,141.6363669077474,0.0,4338.2496,3481.1628171864973,100.0,0.0,0.0,2711.4059999999995,0.0,0.0,3481.1628171864973,0.0,0.08088946342468262,0.022366046905517578,0.5,0.0,506656.0852579848,410777.21242800704,179.36000000000024,0.0
fixed-bias,119,54.98692169913736,20.82383559800744,4390.317925520024,3481.1628171864973,148.33872552002356,0.0,4341.979200000001,3481.1628171864973,100.0,0.0,0.0,2713.737,0.0,0.0,3481.1628171864973,0.0,0.09790229797363281,0.02115774154663086,0.5,0.0,511046.4031835048,414258.37524519354,180.88000000000025,0.0
fixed-bias,120,56.02652143925963,21.932842827502135,4407.3706634959,3481.1628171864973,153.1498634959,0.0,4354.2208,3481.1628171864973,100.0,0.0,0.0,2721.3880000000004,0.0,0.0,3481.1628171864973,0.0,0.09230804443359375,0.02147507667541504,0.5,0.0,515453.77384700073,417739.53806238004,182.40000000000026,0.0
fixed-bias,121,48.800246541746986,22.82773664724308,3961.433993099939,3481.1628171864973,133.1499930999379,0.0,3928.284000000001,3481.1628171864973,100.0,0.0,0.0,2455.1775000000007,0.0,0.0,3481.1628171864973,0.0,0.11845135688781738,0.018472671508789062,0.5,0.0,519415.2078401007,421220.70087956655,183.92000000000027,0.0
fixed-bias,122,47.453963678782365,21.1832792243011,3978.504443908238,3481.1628171864973,128.04012390823718,0.0,3950.464320000001,3481.1628171864973,100.0,0.0,0.0,2469.0402,0.0,0.0,3481.1628171864973,0.0,0.1070868968963623,0.030926942825317383,0.5,0.0,523393.7122840089,424701.86369675305,185.44000000000028,0.0
fixed-bias,123,54.48777040936975,22.48224952721972,4402.020916363413,3481.1628171864973,152.84971636341186,0.0,4349.171200000001,3481.1628171864973,100.0,0.0,0.0,2718.232000000001,0.0,0.0,3481.1628171864973,0.0,0.11213231086730957,0.0427553653717041,0.5,0.0,527795.7332003723,428183.02651393955,186.9600000000003,0.0
fixed-bias,124,53.05430965215286,24.24777651193461,4406.170633383724,3481.1628171864973,146.46023338372382,0.0,4359.7104,3481.1628171864973,100.0,0.0,0.0,2724.819,0.0,0.0,3481.1628171864973,0.0,0.11924934387207031,0.022677183151245117,0.5,0.0,532201.903833756,431664.18933112605,188.4800000000003,0.0
fixed-bias,125,54.97065167074279,19.976705715055893,4378.217042874242,3481.1628171864973,122.4570428742427,0.0,4355.759999999999,3481.1628171864973,100.0,0.0,0.0,2722.3499999999995,0.0,0.0,3481.1628171864973,0.0,0.11058998107910156,0.02228236198425293,0.5,0.0,536580.1208766302,435145.35214831255,190.0000000000003,0.0
fixed-bias,126,54.6211800617788,23.637213610099796,4408.799076654406,3481.1628171864973,145.90467665440647,0.0,4362.8944,3481.1628171864973,100.0,0.0,0.0,2726.8089999999993,0.0,0.0,3481.1628171864973,0.0,0.11196470260620117,0.02910757064819336,0.5,0.0,540988.9199532846,438626.51496549905,191.52000000000032,0.0
fixed-bias,127,57.26068036701133,22.111529594522082,4405.812584984134,3481.1628171864973,132.37898498413438,0.0,4373.4336,3481.1628171864973,100.0,0.0,0.0,2733.396,0.0,0.0,3481.1628171864973,0.0,0.09536147117614746,0.03110361099243164,0.5,0.0,545394.7325382687,442107.67778268555,193.04000000000033,0.0
fixed-bias,128,47.66870372363751,19.276363500771083,3956.5642575592046,3481.1628171864973,114.05305755920348,0.0,3942.5112000000013,3481.1628171864973,100.0,0.0,0.0,2464.0695000000005,0.0,0.0,3481.1628171864973,0.0,0.09853696823120117,0.02353072166442871,0.5,0.0,549351.2967958279,445588.84059987206,194.56000000000034,0.0
fixed-bias,129,50.1923890572099,19.102356145624203,3962.2432929565757,3481.1628171864973,129.07049295657512,0.0,3933.1728000000007,3481.1628171864973,100.0,0.0,0.0,2458.2329999999997,0.0,0.0,3481.1628171864973,0.0,0.09722447395324707,0.023093461990356445,0.5,0.0,553313.5400887845,449070.00341705856,196.08000000000035,0.0
fixed-bias,130,55.0501966815776,22.259755325368154,4393.870265090045,3481.1628171864973,142.99666509004456,0.0,4350.873600000001,3481.1628171864973,100.0,0.0,0.0,2719.2960000000007,0.0,0.0,3481.1628171864973,0.0,0.11784934997558594,0.03561973571777344,0.5,0.0,557707.4103538746,452551.16623424506,197.60000000000036,0.0
fixed-bias,131,55.655531220630856,23.073087324272876,4407.641565696482,3481.1628171864973,147.93116569648222,0.0,4359.7104,3481.1628171864973,100.0,0.0,0.0,2724.819,0.0,0.0,3481.1628171864973,0.0,0.1136789321899414,0.023986339569091797,0.5,0.0,562115.051919571,456032.32905143156,199.12000000000037,0.0
fixed-bias,132,58.142906956666344,23.641738849342403,4393.612030172625,3481.1628171864973,137.85203017262603,0.0,4355.759999999999,3481.1628171864973,100.0,0.0,0.0,2722.3499999999995,0.0,0.0,3481.1628171864973,0.0,0.1268291473388672,0.029654979705810547,0.5,0.0,566508.6639497436,459513.49186861806,200.64000000000038,0.0
fixed-bias,133,54.40926838635454,26.017833880729995,4403.896627666068,3481.1628171864973,156.8102276660676,0.0,4347.0864,3481.1628171864973,100.0,0.0,0.0,2716.929,0.0,0.0,3481.1628171864973,0.0,0.11410665512084961,0.03219103813171387,0.5,0.0,570912.5605774097,462994.65468580456,202.1600000000004,0.0
fixed-bias,134,52.69478802752972,24.029746761009548,4396.428608205952,3481.1628171864973,122.9950082059511,0.0,4373.4336,3481.1628171864973,100.0,0.0,0.0,2733.396,0.0,0.0,3481.1628171864973,0.0,0.1173698902130127,0.026545286178588867,0.5,0.0,575308.9891856157,466475.81750299106,203.6800000000004,0.0
fixed-bias,135,50.12110923974577,23.619277964272293,3964.6984728108864,3481.1628171864973,139.47879281088524,0.0,3925.219680000001,3481.1628171864973,100.0,0.0,0.0,2453.2623000000012,0.0,0.0,3481.1628171864973,0.0,0.11616206169128418,0.024562597274780273,0.5,0.0,579273.6876584266,469956.98032017756,205.20000000000041,0.0
fixed-bias,136,49.076017118375184,20.811199985753426,3961.270563029325,3481.1628171864973,125.03344302932423,0.0,3936.2371200000007,3481.1628171864973,100.0,0.0,0.0,2460.1482,0.0,0.0,3481.1628171864973,0.0,0.09163546562194824,0.020009756088256836,0.5,0.0,583234.9582214559,473438.14313736407,206.72000000000043,0.0
fixed-bias,137,55.39032687466073,22.173933387450735,4399.440251445993,3481.1628171864973,148.56665144599222,0.0,4350.873600000001,3481.1628171864973,100.0,0.0,0.0,2719.2960000000007,0.0,0.0,3481.1628171864973,0.0,0.09338021278381348,0.02939462661743164,0.5,0.0,587634.3984729019,476919.30595455057,208.24000000000044,0.0
fixed-bias,138,54.90236726991125,22.951418047622646,4395.570398408274,3481.1628171864973,134.15759840827377,0.0,4361.4128,3481.1628171864973,100.0,0.0,0.0,2725.883,0.0,0.0,3481.1628171864973,0.0,0.11089634895324707,0.03354001045227051,0.5,0.0,592029.9688713101,480400.46877173707,209.76000000000045,0.0
fixed-bias,139,57.475810546719366,25.044232654328013,4385.071430594184,3481.1628171864973,148.5242305941838,0.0,4336.5472,3481.1628171864973,100.0,0.0,0.0,2710.3419999999996,0.0,0.0,3481.1628171864973,0.0,0.09125638008117676,0.03195619583129883,0.5,0.0,596415.0403019043,483881.63158892357,211.28000000000046,0.0
fixed-bias,140,54.09991123676272,22.63930256769185,4398.495549776963,3481.1628171864973,154.8139497769632,0.0,4343.6816,3481.1628171864973,100.0,0.0,0.0,2714.8009999999995,0.0,0.0,3481.1628171864973,0.0,0.09148311614990234,0.01894688606262207,0.5,0.0,600813.5358516813,487362.7944061101,212.80000000000047,0.0
fixed-bias,141,55.65673241237469,21.786394809242474,4401.011519208716,3481.1628171864973,130.98271920871574,0.0,4370.0288,3481.1628171864973,100.0,0.0,0.0,2731.2680000000005,0.0,0.0,3481.1628171864973,0.0,0.09824419021606445,0.02357769012451172,0.5,0.0,605214.5473708899,490843.9572232966,214.32000000000048,0.0
fixed-bias,142,46.87517623180696,17.488068480558866,3971.141804410756,3481.1628171864973,127.09844441075444,0.0,3944.0433600000015,3481.1628171864973,100.0,0.0,0.0,2465.027100000001,0.0,0.0,3481.1628171864973,0.0,0.11562728881835938,0.023228883743286133,0.5,0.0,609185.6891753006,494325.1200404831,215.8400000000005,0.0
fixed-bias,143,49.607366744555556,19.90676094966602,3972.7890031245443,3481.1628171864973,120.79252312454358,0.0,3951.9964800000007,3481.1628171864973,100.0,0.0,0.0,2469.9977999999996,0.0,0.0,3481.1628171864973,0.0,0.10690164566040039,0.022854089736938477,0.5,0.0,613158.4781784252,497806.2828576696,217.3600000000005,0.0
fixed-bias,144,54.82633952012109,24.74436869653214,4405.937306361153,3481.1628171864973,137.55330636115167,0.0,4368.384000000001,3481.1628171864973,100.0,0.0,0.0,2730.2400000000007,0.0,0.0,3481.1628171864973,0.0,0.09695124626159668,0.017003297805786133,0.5,0.0,617564.4154847864,501287.4456748561,218.8800000000005,0.0
fixed-bias,145,57.445335292217685,22.38203502161649,4401.723527745294,3481.1628171864973,124.50272774529408,0.0,4377.2208,3481.1628171864973,100.0,0.0,0.0,2735.763,0.0,0.0,3481.1628171864973,0.0,0.10776925086975098,0.018518924713134766,0.5,0.0,621966.1390125317,504768.6084920426,220.40000000000052,0.0
fixed-bias,146,57.2807396718566,24.437652691867697,4387.913832079187,3481.1628171864973,153.069032079187,0.0,4334.8448,3481.1628171864973,100.0,0.0,0.0,2709.2779999999993,0.0,0.0,3481.1628171864973,0.0,0.10517573356628418,0.02388167381286621,0.5,0.0,626354.0528446109,508249.7713092291,221.92000000000053,0.0
fixed-bias,147,57.42536768690892,21.715656492142788,4401.208045803118,3481.1628171864973,155.82404580311672,0.0,4345.384000000001,3481.1628171864973,100.0,0.0,0.0,2715.865,0.0,0.0,3481.1628171864973,0.0,0.11563682556152344,0.02511119842529297,0.5,0.0,630755.260890414,511730.9341264156,223.44000000000054,0.0
fixed-bias,148,55.87313356925379,24.045761535828685,4414.015597925298,3481.1628171864973,142.2843979252977,0.0,4371.7312,3481.1628171864973,100.0,0.0,0.0,2732.3320000000003,0.0,0.0,3481.1628171864973,0.0,0.1161649227142334,0.02409529685974121,0.5,0.0,635169.2764883393,515212.0969436021,224.96000000000055,0.0
fixed-bias,149,50.1808150596057,18.633384340551064,3955.1774181565934,3481.1628171864973,112.66621815659211,0.0,3942.5112000000013,3481.1628171864973,100.0,0.0,0.0,2464.0695000000005,0.0,0.0,3481.1628171864973,0.0,0.11722517013549805,0.021031856536865234,0.5,0.0,639124.4539064959,518693.2597607886,226.48000000000056,0.0
fixed-bias,150,49.33714952819989,22.4168411965965,3980.403633460544,3481.1628171864973,128.40715346054333,0.0,3951.9964800000007,3481.1628171864973,100.0,0.0,0.0,2469.9977999999996,0.0,0.0,3481.1628171864973,0.0,0.10308408737182617,0.021111249923706055,0.5,0.0,643104.8575399565,522174.4225779751,228.00000000000057,0.0
fixed-bias,151,56.68731772866042,24.27728167143354,4395.867225724244,3481.1628171864973,146.69602572424347,0.0,4349.171200000001,3481.1628171864973,100.0,0.0,0.0,2718.232000000001,0.0,0.0,3481.1628171864973,0.0,0.12452387809753418,0.035871028900146484,0.5,0.0,647500.7247656807,525655.5853951615,229.52000000000058,0.0
fixed-bias,152,58.273506046454344,23.88853372777856,4404.050148061877,3481.1628171864973,142.63734806187722,0.0,4361.4128,3481.1628171864973,100.0,0.0,0.0,2725.883,0.0,0.0,3481.1628171864973,0.0,0.10590696334838867,0.030876874923706055,0.5,0.0,651904.7749137426,529136.748212348,231.0400000000006,0.0
fixed-bias,153,59.155911828027946,23.204184724703445,4396.32112913043,3481.1628171864973,140.56112913043032,0.0,4355.759999999999,3481.1628171864973,100.0,0.0,0.0,2722.3499999999995,0.0,0.0,3481.1628171864973,0.0,0.10964822769165039,0.030838727951049805,0.5,0.0,656301.096042873,532617.9110295344,232.5600000000006,0.0
fixed-bias,154,59.01824212622245,22.192795759075228,4400.554600557831,3481.1628171864973,137.66020055783068,0.0,4362.8944,3481.1628171864973,100.0,0.0,0.0,2726.8089999999993,0.0,0.0,3481.1628171864973,0.0,0.11328959465026855,0.023168087005615234,0.5,0.0,660701.6506434308,536099.0738467209,234.0800000000006,0.0
fixed-bias,155,57.2847582548535,24.4542266400804,4421.762551250961,3481.1628171864973,148.3289512509613,0.0,4373.4336,3481.1628171864973,100.0,0.0,0.0,2733.396,0.0,0.0,3481.1628171864973,0.0,0.10483598709106445,0.02418661117553711,0.5,0.0,665123.4131946818,539580.2366639073,235.60000000000062,0.0
fixed-bias,156,54.037465295888126,22.767899444533818,3985.085896344351,3481.1628171864973,141.0425363443498,0.0,3944.0433600000015,3481.1628171864973,100.0,0.0,0.0,2465.027100000001,0.0,0.0,3481.1628171864973,0.0,0.10114812850952148,0.020039796829223633,0.5,0.0,669108.4990910261,543061.3994810937,237.12000000000063,0.0
fixed-bias,157,51.16236397647976,22.313877670076575,3969.7269487246026,3481.1628171864973,133.48982872460206,0.0,3936.2371200000007,3481.1628171864973,100.0,0.0,0.0,2460.1482,0.0,0.0,3481.1628171864973,0.0,0.09067869186401367,0.02136993408203125,0.5,0.0,673078.2260397507,546542.5622982802,238.64000000000064,0.0
fixed-bias,158,59.7238401477613,24.40032347181823,4396.133775283522,3481.1628171864973,146.96257528352103,0.0,4349.171200000001,3481.1628171864973,100.0,0.0,0.0,2718.232000000001,0.0,0.0,3481.1628171864973,0.0,0.11429357528686523,0.021718502044677734,0.5,0.0,677474.3598150342,550023.7251154666,240.16000000000065,0.0
fixed-bias,159,62.83053530252685,24.55053667744493,4423.985103095221,3481.1628171864973,169.38190309522108,0.0,4354.6032000000005,3481.1628171864973,100.0,0.0,0.0,2721.627,0.0,0.0,3481.1628171864973,0.0,0.11061334609985352,0.02916240692138672,0.5,0.0,681898.3449181294,553504.8879326531,241.68000000000066,0.0
fixed-bias,160,58.5987893782559,21.927758965055496,4396.717694412381,3481.1628171864973,140.95769441238193,0.0,4355.759999999999,3481.1628171864973,100.0,0.0,0.0,2722.3499999999995,0.0,0.0,3481.1628171864973,0.0,0.11782717704772949,0.030305147171020508,0.5,0.0,686295.0626125417,556986.0507498395,243.20000000000067,0.0
fixed-bias,161,61.75977671687062,24.497043004108868,4406.789861568246,3481.1628171864973,164.810661568245,0.0,4341.979200000001,3481.1628171864973,100.0,0.0,0.0,2713.737,0.0,0.0,3481.1628171864973,0.0,0.1205909252166748,0.01852893829345703,0.5,0.0,690701.85247411,560467.213567026,244.72000000000068,0.0
fixed-bias,162,62.122230450043084,20.803374219214703,4402.67788425799,3481.1628171864973,151.86188425798966,0.0,4350.816,3481.1628171864973,100.0,0.0,0.0,2719.26,0.0,0.0,3481.1628171864973,0.0,0.0921173095703125,0.021305084228515625,0.5,0.0,695104.530358368,563948.3763842124,246.2400000000007,0.0
fixed-bias,163,56.24948888826651,19.443175763820026,3962.99773382972,3481.1628171864973,136.24589382971854,0.0,3926.7518400000013,3481.1628171864973,100.0,0.0,0.0,2454.219900000001,0.0,0.0,3481.1628171864973,0.0,0.10322928428649902,0.023903608322143555,0.5,0.0,699067.5280921977,567429.5392013988,247.7600000000007,0.0
fixed-bias,164,56.87879118480694,22.339126377623476,3984.7707029228077,3481.1628171864973,134.3063829228067,0.0,3950.464320000001,3481.1628171864973,100.0,0.0,0.0,2469.0402,0.0,0.0,3481.1628171864973,0.0,0.09208369255065918,0.025173187255859375,0.5,0.0,703052.2987951206,570910.7020185853,249.2800000000007,0.0
fixed-bias,165,61.219687170570985,21.361518259842573,4397.6580380296,3481.1628171864973,151.89163802959845,0.0,4345.766400000001,3481.1628171864973,100.0,0.0,0.0,2716.1040000000007,0.0,0.0,3481.1628171864973,0.0,0.16716957092285156,0.020994186401367188,0.5,0.0,707449.9568331501,574391.8648357717,250.80000000000072,0.0
fixed-bias,166,61.45049377696767,24.15257853326547,4412.732658112568,3481.1628171864973,153.02225811256818,0.0,4359.7104,3481.1628171864973,100.0,0.0,0.0,2724.819,0.0,0.0,3481.1628171864973,0.0,0.11114978790283203,0.0223846435546875,0.5,0.0,711862.6894912627,577873.0276529582,252.32000000000073,0.0
fixed-bias,167,61.095087016692595,22.070533101313764,4392.946066469056,3481.1628171864973,137.18606646905627,0.0,4355.759999999999,3481.1628171864973,100.0,0.0,0.0,2722.3499999999995,0.0,0.0,3481.1628171864973,0.0,0.10928797721862793,0.03879404067993164,0.5,0.0,716255.6355577317,581354.1904701446,253.84000000000074,0.0
fixed-bias,168,63.120279229465986,21.887574860256564,4394.579515828958,3481.1628171864973,149.1955158289579,0.0,4345.384000000001,3481.1628171864973,100.0,0.0,0.0,2715.865,0.0,0.0,3481.1628171864973,0.0,0.10536479949951172,0.018044233322143555,0.5,0.0,720650.2150735607,584835.3532873311,255.36000000000075,0.0
fixed-bias,169,62.083245668849976,24.161703700222404,4430.807435397358,3481.1628171864973,157.37383539735765,0.0,4373.4336,3481.1628171864973,100.0,0.0,0.0,2733.396,0.0,0.0,3481.1628171864973,0.0,0.0954287052154541,0.01199960708618164,0.5,0.0,725081.0225089581,588316.5161045175,256.88000000000073,0.0
fixed-bias,170,53.71403248739431,19.09422472623007,3970.101738292687,3481.1628171864973,126.05837829268536,0.0,3944.0433600000015,3481.1628171864973,100.0,0.0,0.0,2465.027100000001,0.0,0.0,3481.1628171864973,0.0,0.10959458351135254,0.01955699920654297,0.5,0.0,729051.1242472508,591797.678921704,258.4000000000007,0.0
fixed-bias,171,55.13348153286514,19.396543526400574,3977.9309641528075,3481.1628171864973,125.93448415280679,0.0,3951.9964800000007,3481.1628171864973,100.0,0.0,0.0,2469.9977999999996,0.0,0.0,3481.1628171864973,0.0,0.10250639915466309,0.02354574203491211,0.5,0.0,733029.0552114036,595278.8417388904,259.9200000000007,0.0
fixed-bias,172,65.23109419914344,21.494358946740796,4405.331107697616,3481.1628171864973,138.64950769761532,0.0,4366.681600000001,3481.1628171864973,100.0,0.0,0.0,2729.1760000000004,0.0,0.0,3481.1628171864973,0.0,0.13596272468566895,0.02153921127319336,0.5,0.0,737434.3863191012,598760.0045560768,261.4400000000007,0.0
fixed-bias,173,63.87649764135225,22.79001898103333,4412.8186937357095,3481.1628171864973,153.10829373570985,0.0,4359.7104,3481.1628171864973,100.0,0.0,0.0,2724.819,0.0,0.0,3481.1628171864973,0.0,0.1068568229675293,0.02099776268005371,0.5,0.0,741847.205012837,602241.1673732633,262.96000000000066,0.0
fixed-bias,174,65.8050137334734,21.512821626007423,4389.698875874252,3481.1628171864973,133.9388758742524,0.0,4355.759999999999,3481.1628171864973,100.0,0.0,0.0,2722.3499999999995,0.0,0.0,3481.1628171864973,0.0,0.10291147232055664,0.02157735824584961,0.5,0.0,746236.9038887112,605722.3301904497,264.48000000000064,0.0
fixed-bias,175,63.93778206822773,22.1062178413134,4411.194293732837,3481.1628171864973,148.29989373283675,0.0,4362.8944,3481.1628171864973,100.0,0.0,0.0,2726.8089999999993,0.0,0.0,3481.1628171864973,0.0,0.1071462631225586,0.024341821670532227,0.5,0.0,750648.0981824441,609203.4930076362,266.0000000000006,0.0
fixed-bias,176,62.386669041931036,21.562395111526513,4405.6587687408155,3481.1628171864973,153.14036874081532,0.0,4352.5184,3481.1628171864973,100.0,0.0,0.0,2720.3240000000005,0.0,0.0,3481.1628171864973,0.0,0.18887591361999512,0.021840572357177734,0.5,0.0,755053.756951185,612684.6558248226,267.5200000000006,0.0
fixed-bias,177,58.298417239524305,19.176523121121516,3971.1477343847087,3481.1628171864973,127.1043743847071,0.0,3944.0433600000015,3481.1628171864973,100.0,0.0,0.0,2465.027100000001,0.0,0.0,3481.1628171864973,0.0,0.11010169982910156,0.02111506462097168,0.5,0.0,759024.9046855697,616165.818642009,269.0400000000006,0.0
fixed-bias,178,59.41522926945256,21.06544790619253,3984.0388446964776,3481.1628171864973,132.0423646964768,0.0,3951.9964800000007,3481.1628171864973,100.0,0.0,0.0,2469.9977999999996,0.0,0.0,3481.1628171864973,0.0,0.10417652130126953,0.021494388580322266,0.5,0.0,763008.9435302662,619646.9814591955,270.56000000000057,0.0
fixed-bias,179,66.0296587233803,24.570236950537495,4433.24988843391,3481.1628171864973,182.3762884339098,0.0,4350.873600000001,3481.1628171864973,100.0,0.0,0.0,2719.2960000000007,0.0,0.0,3481.1628171864973,0.0,0.09252238273620605,0.022838115692138672,0.5,0.0,767442.1934187001,623128.1442763819,272.08000000000055,0.0
fixed-bias,180,65.610394469496,23.500836817935195,4413.613270602923,3481.1628171864973,136.3924706029225,0.0,4377.2208,3481.1628171864973,100.0,0.0,0.0,2735.763,0.0,0.0,3481.1628171864973,0.0,0.0989997386932373,0.0264585018157959,0.5,0.0,771855.806689303,626609.3070935684,273.60000000000053,0.0
fixed-bias,181,69.10753657379082,24.84304180565935,4426.8626820675945,3481.1628171864973,171.10268206759494,0.0,4355.759999999999,3481.1628171864973,100.0,0.0,0.0,2722.3499999999995,0.0,0.0,3481.1628171864973,0.0,0.09329652786254883,0.024144887924194336,0.5,0.0,776282.6693713706,630090.4699107548,275.1200000000005,0.0
fixed-bias,182,67.80321109234661,23.045232004530916,4418.210976114586,3481.1628171864973,174.52937611458572,0.0,4343.6816,3481.1628171864973,100.0,0.0,0.0,2714.8009999999995,0.0,0.0,3481.1628171864973,0.0,0.10652422904968262,0.030745506286621094,0.5,0.0,780700.8803474852,633571.6327279413,276.6400000000005,0.0
fixed-bias,183,67.63739347547047,21.56063740979482,4416.552336163361,3481.1628171864973,143.11873616336138,0.0,4373.4336,3481.1628171864973,100.0,0.0,0.0,2733.396,0.0,0.0,3481.1628171864973,0.0,0.10270333290100098,0.022423744201660156,0.5,0.0,785117.4326836485,637052.7955451277,278.1600000000005,0.0
fixed-bias,184,60.90873342515963,23.39393602525782,3983.4552953444972,3481.1628171864973,139.4119353444957,0.0,3944.0433600000015,3481.1628171864973,100.0,0.0,0.0,2465.027100000001,0.0,0.0,3481.1628171864973,0.0,0.12550616264343262,0.019010543823242188,0.5,0.0,789100.887978993,640533.9583623142,279.68000000000046,0.0
fixed-bias,185,64.39650229598227,20.200283503059946,4001.9302833917127,3481.1628171864973,151.46596339171182,0.0,3950.464320000001,3481.1628171864973,100.0,0.0,0.0,2469.0402,0.0,0.0,3481.1628171864973,0.0,0.09589600563049316,0.02580118179321289,0.5,0.0,793102.8182623847,644015.1211795006,281.20000000000044,0.0
fixed-bias,186,72.91439051811676,24.412990720637453,4422.622253298883,3481.1628171864973,173.45105329888273,0.0,4349.171200000001,3481.1628171864973,100.0,0.0,0.0,2718.232000000001,0.0,0.0,3481.1628171864973,0.0,0.12302517890930176,0.025101423263549805,0.5,0.0,797525.4405156836,647496.283996687,282.7200000000004,0.0
fixed-bias,187,71.08677553908332,22.97461524898611,4411.704589833992,3481.1628171864973,151.994189833992,0.0,4359.7104,3481.1628171864973,100.0,0.0,0.0,2724.819,0.0,0.0,3481.1628171864973,0.0,0.10862016677856445,0.024820566177368164,0.5,0.0,801937.1451055176,650977.4468138735,284.2400000000004,0.0
fixed-bias,188,67.1192151031503,21.148690033457047,4408.029087398113,3481.1628171864973,152.26908739811407,0.0,4355.759999999999,3481.1628171864973,100.0,0.0,0.0,2722.3499999999995,0.0,0.0,3481.1628171864973,0.0,0.18410968780517578,0.024750471115112305,0.5,0.0,806345.1741929157,654458.6096310599,285.7600000000004,0.0
fixed-bias,189,70.43912578346031,24.27910692593236,4417.780559759901,3481.1628171864973,174.09895975990065,0.0,4343.6816,3481.1628171864973,100.0,0.0,0.0,2714.8009999999995,0.0,0.0,3481.1628171864973,0.0,0.09504961967468262,0.01901984214782715,0.5,0.0,810762.9547526756,657939.7724482464,287.28000000000037,0.0
fixed-bias,190,67.13854558328812,22.65840195572177,4421.0852170910075,3481.1628171864973,149.35401709100697,0.0,4371.7312,3481.1628171864973,100.0,0.0,0.0,2732.3320000000003,0.0,0.0,3481.1628171864973,0.0,0.1044619083404541,0.019475936889648438,0.5,0.0,815184.0399697666,661420.9352654328,288.80000000000035,0.0
fixed-bias,191,61.089734155337474,20.537169200363834,3971.3859161375217,3481.1628171864973,146.16623613752083,0.0,3925.219680000001,3481.1628171864973,100.0,0.0,0.0,2453.2623000000012,0.0,0.0,3481.1628171864973,0.0,0.11539959907531738,0.00800013542175293,0.5,0.0,819155.4258859041,664902.0980826193,290.32000000000033,0.0
fixed-bias,192,63.662491340690956,21.932551324066242,3991.7776205658015,3481.1628171864973,142.8454605658007,0.0,3948.9321600000007,3481.1628171864973,100.0,0.0,0.0,2468.0826,0.0,0.0,3481.1628171864973,0.0,0.08085370063781738,0.02009129524230957,0.5,0.0,823147.20350647,668383.2608998057,291.8400000000003,0.0
fixed-bias,193,70.27309508983275,24.019005274349087,4416.012862991777,3481.1628171864973,165.13926299177635,0.0,4350.873600000001,3481.1628171864973,100.0,0.0,0.0,2719.2960000000007,0.0,0.0,3481.1628171864973,0.0,0.09204554557800293,0.021216630935668945,0.5,0.0,827563.2163694617,671864.4237169921,293.3600000000003,0.0
fixed-bias,194,70.02827577625989,21.51019714876259,4428.666128815971,3481.1628171864973,153.14772881597136,0.0,4375.5184,3481.1628171864973,100.0,0.0,0.0,2734.699,0.0,0.0,3481.1628171864973,0.0,0.10122227668762207,0.02160930633544922,0.5,0.0,831991.8824982777,675345.5865341786,294.8800000000003,0.0
fixed-bias,195,72.32580441960101,24.31519022182215,4419.264703994977,3481.1628171864973,182.71750399497685,0.0,4336.5472,3481.1628171864973,100.0,0.0,0.0,2710.3419999999996,0.0,0.0,3481.1628171864973,0.0,0.09426188468933105,0.022223472595214844,0.5,0.0,836411.1472022727,678826.749351365,296.40000000000026,0.0
fixed-bias,196,74.26111979640984,19.780798052886336,4422.584732032443,3481.1628171864973,157.987932032443,0.0,4364.5968,3481.1628171864973,100.0,0.0,0.0,2727.8730000000005,0.0,0.0,3481.1628171864973,0.0,0.09760117530822754,0.02487969398498535,0.5,0.0,840833.7319343052,682307.9121685515,297.92000000000024,0.0
fixed-bias,197,71.45095553392356,24.238409799896882,4433.8962158146305,3481.1628171864973,179.67541581463038,0.0,4354.2208,3481.1628171864973,100.0,0.0,0.0,2721.3880000000004,0.0,0.0,3481.1628171864973,0.0,0.10609793663024902,0.022796630859375,0.5,0.0,845267.6281501198,685789.0749857379,299.4400000000002,0.0
fixed-bias,198,64.96544313941659,18.005468968428023,3973.327444186287,3481.1628171864973,149.63992418628544,0.0,3923.6875200000013,3481.1628171864973,100.0,0.0,0.0,2452.304700000001,0.0,0.0,3481.1628171864973,0.0,0.11510491371154785,0.021099328994750977,0.5,0.0,849240.9555943061,689270.2378029244,300.9600000000002,0.0
fixed-bias,199,66.26418103300598,20.075113841569877,4004.9737896432043,3481.1628171864973,152.9773096432034,0.0,3951.9964800000007,3481.1628171864973,100.0,0.0,0.0,2469.9977999999996,0.0,0.0,3481.1628171864973,0.0,0.10142230987548828,0.02253270149230957,0.5,0.0,853245.9293839493,692751.4006201108,302.4800000000002,0.0
fixed-bias,200,73.86155383057145,23.464294691434056,4423.196202772101,3481.1628171864973,154.8122027720997,0.0,4368.384000000001,3481.1628171864973,100.0,0.0,0.0,2730.2400000000007,0.0,0.0,3481.1628171864973,0.0,0.09866070747375488,0.0180203914642334,0.5,0.0,857669.1255867213,696232.5634372972,304.00000000000017,0.0
fixed-bias,201,75.16702471845572,22.600775897201004,4433.42116686011,3481.1628171864973,156.20036686011042,0.0,4377.2208,3481.1628171864973,100.0,0.0,0.0,2735.763,0.0,0.0,3481.1628171864973,0.0,0.09566807746887207,0.023229598999023438,0.5,0.0,862102.5467535815,699713.7262544837,305.52000000000015,0.0
fixed-bias,202,76.22836388852572,25.58531388822953,4420.43288464582,3481.1628171864973,164.67288464582126,0.0,4355.759999999999,3481.1628171864973,100.0,0.0,0.0,2722.3499999999995,0.0,0.0,3481.1628171864973,0.0,0.12418627738952637,0.025763750076293945,0.5,0.0,866522.9796382273,703194.8890716701,307.04000000000013,0.0
fixed-bias,203,74.33966639714576,22.68157747349098,4422.345569089779,3481.1628171864973,178.6639690897791,0.0,4343.6816,3481.1628171864973,100.0,0.0,0.0,2714.8009999999995,0.0,0.0,3481.1628171864973,0.0,0.10605478286743164,0.021654844284057617,0.5,0.0,870945.325207317,706676.0518888566,308.5600000000001,0.0
fixed-bias,204,75.87820261182219,24.36118331240573,4440.654762266229,3481.1628171864973,189.83876226622965,0.0,4350.816,3481.1628171864973,100.0,0.0,0.0,2719.26,0.0,0.0,3481.1628171864973,0.0,0.12355399131774902,0.012453556060791016,0.5,0.0,875385.9799695832,710157.214706043,310.0800000000001,0.0
fixed-bias,205,69.66710545558354,20.629350756877724,3990.401921492182,3481.1628171864973,149.4228814921807,0.0,3940.979040000001,3481.1628171864973,100.0,0.0,0.0,2463.111900000001,0.0,0.0,3481.1628171864973,0.0,0.09827446937561035,0.020928621292114258,0.5,0.0,879376.3818910754,713638.3775232295,311.6000000000001,0.0
fixed-bias,206,69.47570124616813,20.946778564391515,4004.4383635158747,3481.1628171864973,169.73340351587333,0.0,3934.704960000001,3481.1628171864973,100.0,0.0,0.0,2459.1906000000004,0.0,0.0,3481.1628171864973,0.0,0.09145665168762207,0.02129220962524414,0.5,0.0,883380.8202545913,717119.5403404159,313.12000000000006,0.0
fixed-bias,207,77.12572411695417,22.26948479512534,4431.890396532894,3481.1628171864973,179.3143965328929,0.0,4352.576000000001,3481.1628171864973,100.0,0.0,0.0,2720.3600000000006,0.0,0.0,3481.1628171864973,0.0,0.0968320369720459,0.019832849502563477,0.5,0.0,887812.7106511241,720600.7031576023,314.64000000000004,0.0
fixed-bias,208,76.70671369473838,23.776666991110393,4441.089322569333,3481.1628171864973,179.67652256933206,0.0,4361.4128,3481.1628171864973,100.0,0.0,0.0,2725.883,0.0,0.0,3481.1628171864973,0.0,0.11576676368713379,0.029628992080688477,0.5,0.0,892253.7999736934,724081.8659747888,316.16,0.0
fixed-bias,209,81.80321136307873,23.290265281214126,4432.818190536656,3481.1628171864973,177.05819053665687,0.0,4355.759999999999,3481.1628171864973,100.0,0.0,0.0,2722.3499999999995,0.0,0.0,3481.1628171864973,0.0,0.17249393463134766,0.020659446716308594,0.5,0.0,896686.6181642301,727563.0287919752,317.68,0.0
fixed-bias,210,78.6036606354538,25.064270704086745,4439.315440682607,3481.1628171864973,195.6338406826067,0.0,4343.6816,3481.1628171864973,100.0,0.0,0.0,2714.8009999999995,0.0,0.0,3481.1628171864973,0.0,0.11837530136108398,0.02181243896484375,0.5,0.0,901125.9336049127,731044.1916091617,319.2,0.0
fixed-bias,211,80.49998203503635,18.933623907873827,4433.508035931547,3481.1628171864973,160.07443593154653,0.0,4373.4336,3481.1628171864973,100.0,0.0,0.0,2733.396,0.0,0.0,3481.1628171864973,0.0,0.09986186027526855,0.022150278091430664,0.5,0.0,905559.4416408442,734525.3544263481,320.71999999999997,0.0
fixed-bias,212,71.16707104317659,17.037203111271484,3992.446038777148,3481.1628171864973,148.40267877714643,0.0,3944.0433600000015,3481.1628171864973,100.0,0.0,0.0,2465.027100000001,0.0,0.0,3481.1628171864973,0.0,0.10727405548095703,0.01919865608215332,0.5,0.0,909551.8876796213,738006.5172435346,322.23999999999995,0.0
fixed-bias,213,69.75134630215267,22.129738399557635,4004.2095816302253,3481.1628171864973,152.2131016302246,0.0,3951.9964800000007,3481.1628171864973,100.0,0.0,0.0,2469.9977999999996,0.0,0.0,3481.1628171864973,0.0,0.0777897834777832,0.019765377044677734,0.5,0.0,913556.0972612515,741487.680060721,323.75999999999993,0.0
fixed-bias,214,78.94647962245057,22.735818821903937,4431.220875258853,3481.1628171864973,182.04967525885206,0.0,4349.171200000001,3481.1628171864973,100.0,0.0,0.0,2718.232000000001,0.0,0.0,3481.1628171864973,0.0,0.11276626586914062,0.022748231887817383,0.5,0.0,917987.3181365104,744968.8428779074,325.2799999999999,0.0
fixed-bias,215,79.69218979253121,24.853549999437558,4452.122168533413,3481.1628171864973,174.90136853341264,0.0,4377.2208,3481.1628171864973,100.0,0.0,0.0,2735.763,0.0,0.0,3481.1628171864973,0.0,0.11392378807067871,0.021007061004638672,0.5,0.0,922439.4403050438,748450.0056950939,326.7999999999999,0.0
fixed-bias,216,80.68526400750473,20.873818116458107,4438.142747286266,3481.1628171864973,182.38274728626664,0.0,4355.759999999999,3481.1628171864973,100.0,0.0,0.0,2722.3499999999995,0.0,0.0,3481.1628171864973,0.0,0.10051560401916504,0.0348818302154541,0.5,0.0,926877.5830523301,751931.1685122803,328.3199999999999,0.0
fixed-bias,217,79.33466149503745,22.534710003184745,4436.254712601341,3481.1628171864973,171.65791260134154,0.0,4364.5968,3481.1628171864973,100.0,0.0,0.0,2727.8730000000005,0.0,0.0,3481.1628171864973,0.0,0.09362101554870605,0.021832942962646484,0.5,0.0,931313.8377649314,755412.3313294668,329.83999999999986,0.0
fixed-bias,218,80.25261145838502,24.711053474938414,4448.307322978893,3481.1628171864973,197.49132297889312,0.0,4350.816,3481.1628171864973,100.0,0.0,0.0,2719.26,0.0,0.0,3481.1628171864973,0.0,0.09749484062194824,0.021214008331298828,0.5,0.0,935762.1450879102,758893.4941466532,331.35999999999984,0.0
fixed-bias,219,72.52409420616554,21.334799077247645,4001.48808160315,3481.1628171864973,157.44472160314882,0.0,3944.0433600000015,3481.1628171864973,100.0,0.0,0.0,2465.027100000001,0.0,0.0,3481.1628171864973,0.0,0.10464215278625488,0.023096084594726562,0.5,0.0,939763.6331695134,762374.6569638397,332.8799999999998,0.0
fixed-bias,220,73.18503352887042,22.38643120524184,4014.5415480466363,3481.1628171864973,162.54506804663558,0.0,3951.9964800000007,3481.1628171864973,100.0,0.0,0.0,2469.9977999999996,0.0,0.0,3481.1628171864973,0.0,0.09827613830566406,0.017995119094848633,0.5,0.0,943778.1747175601,765855.8197810261,334.3999999999998,0.0
fixed-bias,221,83.41454036304863,22.976168288075804,4436.869245245144,3481.1628171864973,170.18764524514344,0.0,4366.681600000001,3481.1628171864973,100.0,0.0,0.0,2729.1760000000004,0.0,0.0,3481.1628171864973,0.0,0.09038043022155762,0.022228717803955078,0.5,0.0,948215.0439628052,769336.9825982125,335.9199999999998,0.0
fixed-bias,222,84.9911160564511,21.92605323957532,4454.60187600469,3481.1628171864973,177.38107600468962,0.0,4377.2208,3481.1628171864973,100.0,0.0,0.0,2735.763,0.0,0.0,3481.1628171864973,0.0,0.11514449119567871,0.02200770378112793,0.5,0.0,952669.6458388099,772818.145415399,337.43999999999977,0.0
fixed-bias,223,82.87666822740407,22.910541786282657,4431.9568301591435,3481.1628171864973,177.8992301591446,0.0,4354.057599999999,3481.1628171864973,100.0,0.0,0.0,2721.2859999999996,0.0,0.0,3481.1628171864973,0.0,0.10395121574401855,0.020981550216674805,0.5,0.0,957101.6026689691,776299.3082325854,338.95999999999975,0.0
fixed-bias,224,84.88548182093353,23.013732973873935,4444.990397305354,3481.1628171864973,180.39359730535364,0.0,4364.5968,3481.1628171864973,100.0,0.0,0.0,2727.8730000000005,0.0,0.0,3481.1628171864973,0.0,0.09667038917541504,0.021109580993652344,0.5,0.0,961546.5930662744,779780.4710497719,340.47999999999973,0.0
fixed-bias,225,83.5869581133221,20.895749651940154,4438.317431871294,3481.1628171864973,164.88383187129298,0.0,4373.4336,3481.1628171864973,100.0,0.0,0.0,2733.396,0.0,0.0,3481.1628171864973,0.0,0.10029292106628418,0.0200042724609375,0.5,0.0,965984.9104981457,783261.6338669583,341.9999999999997,0.0
fixed-bias,226,77.09530981475741,20.88301721622349,4005.365345920779,3481.1628171864973,178.61350592077807,0.0,3926.7518400000013,3481.1628171864973,100.0,0.0,0.0,2454.219900000001,0.0,0.0,3481.1628171864973,0.0,0.10559773445129395,0.022230148315429688,0.5,0.0,969990.2758440665,786742.7966841448,343.5199999999997,0.0
fixed-bias,227,75.27074084518883,19.713568189845162,4004.149457246014,3481.1628171864973,152.15297724601328,0.0,3951.9964800000007,3481.1628171864973,100.0,0.0,0.0,2469.9977999999996,0.0,0.0,3481.1628171864973,0.0,0.10147237777709961,0.020524263381958008,0.5,0.0,973994.4253013126,790223.9595013312,345.0399999999997,0.0
fixed-bias,228,84.2937320143834,20.424489438787756,4438.2126387495355,3481.1628171864973,190.7438387495341,0.0,4347.4688000000015,3481.1628171864973,100.0,0.0,0.0,2717.1680000000006,0.0,0.0,3481.1628171864973,0.0,0.10569143295288086,0.022943973541259766,0.5,0.0,978432.6379400621,793705.1223185176,346.55999999999966,0.0
fixed-bias,229,84.89367479375393,20.709826052407884,4447.302207114237,3481.1628171864973,187.59180711423718,0.0,4359.7104,3481.1628171864973,100.0,0.0,0.0,2724.819,0.0,0.0,3481.1628171864973,0.0,0.11201119422912598,0.027422428131103516,0.5,0.0,982879.9401471764,797186.2851357041,348.07999999999964,0.0
fixed-bias,230,88.46501449390422,27.347272545546364,4447.504581653299,3481.1628171864973,191.74458165329978,0.0,4355.759999999999,3481.1628171864973,100.0,0.0,0.0,2722.3499999999995,0.0,0.0,3481.1628171864973,0.0,0.105743408203125,0.02386617660522461,0.5,0.0,987327.4447288297,800667.4479528905,349.5999999999996,0.0
fixed-bias,231,88.78991491053712,25.05061904001668,4453.741328210527,3481.1628171864973,189.14452821052714,0.0,4364.5968,3481.1628171864973,100.0,0.0,0.0,2727.8730000000005,0.0,0.0,3481.1628171864973,0.0,0.1025094985961914,0.03188490867614746,0.5,0.0,991781.1860570402,804148.610770077,351.1199999999996,0.0
fixed-bias,232,84.34409027993597,24.02585679042642,4446.568480030336,3481.1628171864973,173.13488003033544,0.0,4373.4336,3481.1628171864973,100.0,0.0,0.0,2733.396,0.0,0.0,3481.1628171864973,0.0,0.12051272392272949,0.02416825294494629,0.5,0.0,996227.7545370705,807629.7735872634,352.6399999999996,0.0
fixed-bias,233,80.16942590497666,21.351022102089512,4000.8700820718022,3481.1628171864973,158.35888207180128,0.0,3942.5112000000013,3481.1628171864973,100.0,0.0,0.0,2464.0695000000005,0.0,0.0,3481.1628171864973,0.0,0.11313271522521973,0.021063804626464844,0.5,0.0,1000228.6246191423,811110.9364044499,354.15999999999957,0.0
fixed-bias,234,80.93097097381752,21.87044849713116,4019.4553642205674,3481.1628171864973,184.75040422056605,0.0,3934.704960000001,3481.1628171864973,100.0,0.0,0.0,2459.1906000000004,0.0,0.0,3481.1628171864973,0.0,0.08925604820251465,0.019011735916137695,0.5,0.0,1004248.0799833628,814592.0992216363,355.67999999999955,0.0
fixed-bias,235,90.16215652691652,22.032637217114807,4446.895430169295,3481.1628171864973,178.51143016929416,0.0,4368.384000000001,3481.1628171864973,100.0,0.0,0.0,2730.2400000000007,0.0,0.0,3481.1628171864973,0.0,0.10126996040344238,0.02110576629638672,0.5,0.0,1008694.9754135321,818073.2620388228,357.19999999999953,0.0
fixed-bias,236,89.85759965681564,19.52090896940532,4459.7322382877255,3481.1628171864973,182.5114382877259,0.0,4377.2208,3481.1628171864973,100.0,0.0,0.0,2735.763,0.0,0.0,3481.1628171864973,0.0,0.10373067855834961,0.020905733108520508,0.5,0.0,1013154.7076518198,821554.4248560092,358.7199999999995,0.0
fixed-bias,237,88.46347809801284,20.990200385194644,4426.672828721511,3481.1628171864973,170.91282872151174,0.0,4355.759999999999,3481.1628171864973,100.0,0.0,0.0,2722.3499999999995,0.0,0.0,3481.1628171864973,0.0,0.09152579307556152,0.01981067657470703,0.5,0.0,1017581.3804805413,825035.5876731956,360.2399999999995,0.0
fixed-bias,238,91.52328704600946,23.90787531788533,4463.036381452497,3481.1628171864973,215.949981452497,0.0,4347.0864,3481.1628171864973,100.0,0.0,0.0,2716.929,0.0,0.0,3481.1628171864973,0.0,0.09471344947814941,0.025750398635864258,0.5,0.0,1022044.4168619937,828516.7504903821,361.7599999999995,0.0
fixed-bias,239,92.57678459690737,19.91384434728242,4457.9939826440095,3481.1628171864973,184.56038264400962,0.0,4373.4336,3481.1628171864973,100.0,0.0,0.0,2733.396,0.0,0.0,3481.1628171864973,0.0,0.10270476341247559,0.02510213851928711,0.5,0.0,1026502.4108446378,831997.9133075685,363.27999999999946,0.0
fixed-bias,240,80.96556862702896,18.702788108699057,3998.8703437431095,3481.1628171864973,172.11850374310836,0.0,3926.7518400000013,3481.1628171864973,100.0,0.0,0.0,2454.219900000001,0.0,0.0,3481.1628171864973,0.0,0.0960392951965332,0.019765853881835938,0.5,0.0,1030501.2811883809,835479.076124755,364.79999999999944,0.0
fixed-bias,241,80.57278543384025,16.87480313618073,4000.7465128726135,3481.1628171864973,167.57371287261242,0.0,3933.1728000000007,3481.1628171864973,100.0,0.0,0.0,2458.2329999999997,0.0,0.0,3481.1628171864973,0.0,0.09293150901794434,0.01891326904296875,0.5,0.0,1034502.0277012535,838960.2389419414,366.3199999999994,0.0
fixed-bias,242,90.97204208996767,25.78699334250964,4453.815908074538,3481.1628171864973,204.64470807453702,0.0,4349.171200000001,3481.1628171864973,100.0,0.0,0.0,2718.232000000001,0.0,0.0,3481.1628171864973,0.0,0.09424209594726562,0.04585409164428711,0.5,0.0,1038955.843609328,842441.4017591279,367.8399999999994,0.0
fixed-bias,243,93.54669654038985,22.87856743779303,4457.183036124319,3481.1628171864973,195.7702361243191,0.0,4361.4128,3481.1628171864973,100.0,0.0,0.0,2725.883,0.0,0.0,3481.1628171864973,0.0,0.10846471786499023,0.0262296199798584,0.5,0.0,1043413.0266454524,845922.5645763143,369.3599999999994,0.0
fixed-bias,244,92.30080929022358,23.62637994118057,4444.96155748524,3481.1628171864973,190.9039574852406,0.0,4354.057599999999,3481.1628171864973,100.0,0.0,0.0,2721.2859999999996,0.0,0.0,3481.1628171864973,0.0,0.10382556915283203,0.027859926223754883,0.5,0.0,1047857.9882029376,849403.7273935007,370.87999999999937,0.0
fixed-bias,245,90.24680202180939,21.73849141629442,4455.455022060656,3481.1628171864973,192.56062206065553,0.0,4362.8944,3481.1628171864973,100.0,0.0,0.0,2726.8089999999993,0.0,0.0,3481.1628171864973,0.0,0.09131932258605957,0.022247791290283203,0.5,0.0,1052313.4432249982,852884.8902106872,372.39999999999935,0.0
fixed-bias,246,94.62163452947846,26.116232687698133,4469.664448786865,3481.1628171864973,215.4436487868656,0.0,4354.2208,3481.1628171864973,100.0,0.0,0.0,2721.3880000000004,0.0,0.0,3481.1628171864973,0.0,0.10768437385559082,0.021088361740112305,0.5,0.0,1056783.107673785,856366.0530278736,373.91999999999933,0.0
fixed-bias,247,83.23722394124384,18.677784010296165,4007.1621762587793,3481.1628171864973,164.65097625877792,0.0,3942.5112000000013,3481.1628171864973,100.0,0.0,0.0,2464.0695000000005,0.0,0.0,3481.1628171864973,0.0,0.11577486991882324,0.02005290985107422,0.5,0.0,1060790.2698500438,859847.2158450601,375.4399999999993,0.0
fixed-bias,248,81.96593440785772,18.275953253347865,4016.4615646239763,3481.1628171864973,164.46508462397594,0.0,3951.9964800000007,3481.1628171864973,100.0,0.0,0.0,2469.9977999999996,0.0,0.0,3481.1628171864973,0.0,0.10121536254882812,0.020440101623535156,0.5,0.0,1064806.7314146678,863328.3786622465,376.9599999999993,0.0
fixed-bias,249,91.63068571762524,24.05925068392158,4471.602126504639,3481.1628171864973,222.43092650463842,0.0,4349.171200000001,3481.1628171864973,100.0,0.0,0.0,2718.232000000001,0.0,0.0,3481.1628171864973,0.0,0.11529016494750977,0.028139829635620117,0.5,0.0,1069278.3335411723,866809.541479433,378.4799999999993,0.0
fixed-bias,250,94.04307611621141,23.67109665974906,4469.164477778456,3481.1628171864973,191.94367777845594,0.0,4377.2208,3481.1628171864973,100.0,0.0,0.0,2735.763,0.0,0.0,3481.1628171864973,0.0,0.1107168197631836,0.029758214950561523,0.5,0.0,1073747.4980189507,870290.7042966194,379.99999999999926,0.0
fixed-bias,251,93.98507856350938,21.957730783025347,4436.828510258338,3481.1628171864973,184.47331025833796,0.0,4352.3552,3481.1628171864973,100.0,0.0,0.0,2720.2219999999993,0.0,0.0,3481.1628171864973,0.0,0.10448455810546875,0.022449731826782227,0.5,0.0,1078184.326529209,873771.8671138058,381.51999999999924,0.0
fixed-bias,252,94.498245163913,20.998824630532194,4445.7966943559295,3481.1628171864973,198.7102943559291,0.0,4347.0864,3481.1628171864973,100.0,0.0,0.0,2716.929,0.0,0.0,3481.1628171864973,0.0,0.09919214248657227,0.02109217643737793,0.5,0.0,1082630.123223565,877253.0299309923,383.0399999999992,0.0
fixed-bias,253,90.73077794292023,22.765639694755023,4454.353218847356,3481.1628171864973,201.8348188473568,0.0,4352.5184,3481.1628171864973,100.0,0.0,0.0,2720.3240000000005,0.0,0.0,3481.1628171864973,0.0,0.10465407371520996,0.021219491958618164,0.5,0.0,1087084.4764424125,880734.1927481787,384.5599999999992,0.0
fixed-bias,254,86.96525604470567,19.94452012224757,4012.273180093878,3481.1628171864973,188.5856600938769,0.0,3923.6875200000013,3481.1628171864973,100.0,0.0,0.0,2452.304700000001,0.0,0.0,3481.1628171864973,0.0,0.12298870086669922,0.03568434715270996,0.5,0.0,1091096.7496225063,884215.3555653652,386.0799999999992,0.0
fixed-bias,255,88.03474561561461,20.540611646262047,4022.1757921156195,3481.1628171864973,170.1793121156189,0.0,3951.9964800000007,3481.1628171864973,100.0,0.0,0.0,2469.9977999999996,0.0,0.0,3481.1628171864973,0.0,0.08833718299865723,0.02909541130065918,0.5,0.0,1095118.9254146218,887696.5183825516,387.59999999999917,0.0
fixed-bias,256,95.61854811498544,22.86994348272615,4449.090232693623,3481.1628171864973,198.2166326936217,0.0,4350.873600000001,3481.1628171864973,100.0,0.0,0.0,2719.2960000000007,0.0,0.0,3481.1628171864973,0.0,0.14499425888061523,0.02152562141418457,0.5,0.0,1099568.0156473154,891177.681199738,389.11999999999915,0.0
fixed-bias,257,95.84009609419581,21.611055895079513,4467.581017042619,3481.1628171864973,190.3602170426195,0.0,4377.2208,3481.1628171864973,100.0,0.0,0.0,2735.763,0.0,0.0,3481.1628171864973,0.0,0.10347199440002441,0.020998716354370117,0.5,0.0,1104035.596664358,894658.8440169245,390.63999999999913,0.0
fixed-bias,258,97.00127917814854,23.41812086543842,4444.641562184904,3481.1628171864973,208.09436218490384,0.0,4336.5472,3481.1628171864973,100.0,0.0,0.0,2710.3419999999996,0.0,0.0,3481.1628171864973,0.0,0.09336566925048828,0.02199721336364746,0.5,0.0,1108480.238226543,898140.006834111,392.1599999999991,0.0
fixed-bias,259,95.58346017315306,22.273946065831282,4459.678627961783,3481.1628171864973,196.78422796178296,0.0,4362.8944,3481.1628171864973,100.0,0.0,0.0,2726.8089999999993,0.0,0.0,3481.1628171864973,0.0,0.10718274116516113,0.022629261016845703,0.5,0.0,1112939.9168545047,901621.1696512974,393.6799999999991,0.0
fixed-bias,260,97.15403959963383,25.340035721347224,4469.214083942986,3481.1628171864973,218.39808394298623,0.0,4350.816,3481.1628171864973,100.0,0.0,0.0,2719.26,0.0,0.0,3481.1628171864973,0.0,0.10796356201171875,0.02152538299560547,0.5,0.0,1117409.1309384478,905102.3324684838,395.1999999999991,0.0
fixed-bias,261,86.29101336419622,22.47659420492121,4023.414089859265,3481.1628171864973,179.3707298592637,0.0,3944.0433600000015,3481.1628171864973,100.0,0.0,0.0,2465.027100000001,0.0,0.0,3481.1628171864973,0.0,0.1124258041381836,0.023001432418823242,0.5,0.0,1121432.545028307,908583.4952856703,396.71999999999906,0.0
fixed-bias,262,88.01951304722634,20.01946273177169,4024.3872076471607,3481.1628171864973,191.21440764715965,0.0,3933.1728000000007,3481.1628171864973,100.0,0.0,0.0,2458.2329999999997,0.0,0.0,3481.1628171864973,0.0,0.10359859466552734,0.020207881927490234,0.5,0.0,1125456.932235954,912064.6581028567,398.23999999999904,0.0
fixed-bias,263,96.15877211030663,22.9674345754542,4455.631312517347,3481.1628171864973,187.24731251734661,0.0,4368.384000000001,3481.1628171864973,100.0,0.0,0.0,2730.2400000000007,0.0,0.0,3481.1628171864973,0.0,0.09135293960571289,0.021616220474243164,0.5,0.0,1129912.5635484715,915545.8209200432,399.759999999999,0.0
fixed-bias,264,97.51736117101059,23.261750912499227,4470.936177188336,3481.1628171864973,212.9281771883353,0.0,4358.008000000001,3481.1628171864973,100.0,0.0,0.0,2723.7549999999997,0.0,0.0,3481.1628171864973,0.0,0.0815587043762207,0.019603967666625977,0.5,0.0,1134383.4997256598,919026.9837372296,401.279999999999,0.0
fixed-bias,265,98.5724263014838,21.760738409350676,4440.2345253036165,3481.1628171864973,184.4745253036169,0.0,4355.759999999999,3481.1628171864973,100.0,0.0,0.0,2722.3499999999995,0.0,0.0,3481.1628171864973,0.0,0.1043248176574707,0.02082681655883789,0.5,0.0,1138823.7342509634,922508.146554416,402.799999999999,0.0
fixed-bias,266,99.05460751540731,20.206257019665884,4445.660881840411,3481.1628171864973,203.68168184041065,0.0,4341.979200000001,3481.1628171864973,100.0,0.0,0.0,2713.737,0.0,0.0,3481.1628171864973,0.0,0.09589958190917969,0.030013322830200195,0.5,0.0,1143269.3951328038,925989.3093716025,404.31999999999897,0.0
fixed-bias,267,101.1484823529626,22.19959456711976,4467.6093021824345,3481.1628171864973,194.17570218243443,0.0,4373.4336,3481.1628171864973,100.0,0.0,0.0,2733.396,0.0,0.0,3481.1628171864973,0.0,0.1237633228302002,0.02192211151123047,0.5,0.0,1147737.0044349863,929470.4721887889,405.83999999999895,0.0
fixed-bias,268,88.9113050780013,18.065317082129315,4015.469253971706,3481.1628171864973,188.71741397170507,0.0,3926.7518400000013,3481.1628171864973,100.0,0.0,0.0,2454.219900000001,0.0,0.0,3481.1628171864973,0.0,0.12223219871520996,0.0229947566986084,0.5,0.0,1151752.473688958,932951.6350059754,407.35999999999893,0.0
fixed-bias,269,88.78165905125485,19.157777140445912,4029.7756896036217,3481.1628171864973,195.07072960362117,0.0,3934.704960000001,3481.1628171864973,100.0,0.0,0.0,2459.1906000000004,0.0,0.0,3481.1628171864973,0.0,0.09267306327819824,0.05080389976501465,0.5,0.0,1155782.2493785615,936432.7978231618,408.8799999999989,0.0
fixed-bias,270,99.31046294137246,19.47677183164167,4451.591195687717,3481.1628171864973,199.0151956877161,0.0,4352.576000000001,3481.1628171864973,100.0,0.0,0.0,2720.3600000000006,0.0,0.0,3481.1628171864973,0.0,0.13728713989257812,0.022471189498901367,0.5,0.0,1160233.8405742492,939913.9606403483,410.3999999999989,0.0
fixed-bias,271,99.45083332887152,21.92083418263438,4467.438843191357,3481.1628171864973,209.4308431913557,0.0,4358.008000000001,3481.1628171864973,100.0,0.0,0.0,2723.7549999999997,0.0,0.0,3481.1628171864973,0.0,0.10977935791015625,0.02932262420654297,0.5,0.0,1164701.2794174405,943395.1234575347,411.9199999999989,0.0
fixed-bias,272,99.90596117670475,22.24431919705356,4456.748779170691,3481.1628171864973,200.9887791706916,0.0,4355.759999999999,3481.1628171864973,100.0,0.0,0.0,2722.3499999999995,0.0,0.0,3481.1628171864973,0.0,0.10740375518798828,0.03245377540588379,0.5,0.0,1169158.0281966112,946876.2862747211,413.43999999999886,0.0
fixed-bias,273,102.14663386476366,21.991673125620075,4457.808906636313,3481.1628171864973,193.21210663631268,0.0,4364.5968,3481.1628171864973,100.0,0.0,0.0,2727.8730000000005,0.0,0.0,3481.1628171864973,0.0,0.10862135887145996,0.019287586212158203,0.5,0.0,1173615.8371032474,950357.4490919076,414.95999999999884,0.0
fixed-bias,274,100.49691455142003,22.667150508681537,4468.1082751980475,3481.1628171864973,194.6746751980468,0.0,4373.4336,3481.1628171864973,100.0,0.0,0.0,2733.396,0.0,0.0,3481.1628171864973,0.0,0.21864533424377441,0.03120565414428711,0.5,0.0,1178083.9453784456,953838.611909094,416.4799999999988,0.0
fixed-bias,275,93.33712924625365,20.301727691604043,4024.8766069968297,3481.1628171864973,180.8332469968278,0.0,3944.0433600000015,3481.1628171864973,100.0,0.0,0.0,2465.027100000001,0.0,0.0,3481.1628171864973,0.0,0.09714841842651367,0.020121335983276367,0.5,0.0,1182108.8219854424,957319.7747262805,417.9999999999988,0.0
fixed-bias,276,92.31014295271767,22.162046754061752,4024.254036328268,3481.1628171864973,189.5490763282665,0.0,3934.704960000001,3481.1628171864973,100.0,0.0,0.0,2459.1906000000004,0.0,0.0,3481.1628171864973,0.0,0.09292149543762207,0.023603439331054688,0.5,0.0,1186133.0760217707,960800.9375434669,419.5199999999988,0.0
fixed-bias,277,104.48877977418033,23.93562070402709,4485.74925334648,3481.1628171864973,217.3652533464792,0.0,4368.384000000001,3481.1628171864973,100.0,0.0,0.0,2730.2400000000007,0.0,0.0,3481.1628171864973,0.0,0.15633487701416016,0.023411273956298828,0.5,0.0,1190618.8252751173,964282.1003606534,421.03999999999877,0.0
fixed-bias,278,103.39119140770163,22.799893232570955,4480.647976791055,3481.1628171864973,220.93757679105536,0.0,4359.7104,3481.1628171864973,100.0,0.0,0.0,2724.819,0.0,0.0,3481.1628171864973,0.0,0.12000870704650879,0.03316307067871094,0.5,0.0,1195099.4732519083,967763.2631778398,422.55999999999875,0.0
fixed-bias,279,101.74279442022078,23.80231671886622,4466.037427303938,3481.1628171864973,210.27742730393854,0.0,4355.759999999999,3481.1628171864973,100.0,0.0,0.0,2722.3499999999995,0.0,0.0,3481.1628171864973,0.0,0.13774728775024414,0.06694722175598145,0.5,0.0,1199565.5106792122,971244.4259950262,424.07999999999873,0.0
fixed-bias,280,103.1608835773136,22.39758351571945,4464.714468466767,3481.1628171864973,200.11766846676713,0.0,4364.5968,3481.1628171864973,100.0,0.0,0.0,2727.8730000000005,0.0,0.0,3481.1628171864973,0.0,0.11619091033935547,0.015512466430664062,0.5,0.0,1204030.225147679,974725.5888122127,425.5999999999987,0.0
fixed-bias,281,102.28009389357344,19.841461908592024,4474.959605914839,3481.1628171864973,201.52600591483832,0.0,4373.4336,3481.1628171864973,100.0,0.0,0.0,2733.396,0.0,0.0,3481.1628171864973,0.0,0.08911848068237305,0.027009010314941406,0.5,0.0,1208505.1847535938,978206.7516293991,427.1199999999987,0.0
fixed-bias,282,92.30962813833519,20.245777911293082,4018.0371072956113,3481.1628171864973,189.75310729561062,0.0,3928.284000000001,3481.1628171864973,100.0,0.0,0.0,2455.1775000000007,0.0,0.0,3481.1628171864973,0.0,0.09731411933898926,0.01285696029663086,0.5,0.0,1212523.2218608893,981687.9144465856,428.6399999999987,0.0
fixed-bias,283,91.61323634496013,19.90853122765057,4042.0782975344146,3481.1628171864973,191.61397753441403,0.0,3950.464320000001,3481.1628171864973,100.0,0.0,0.0,2469.0402,0.0,0.0,3481.1628171864973,0.0,0.10720682144165039,0.022818326950073242,0.5,0.0,1216565.3001584238,985169.077263772,430.15999999999866,0.0
fixed-bias,284,103.29514017827,21.882973449135232,4469.722738648261,3481.1628171864973,218.84913864826004,0.0,4350.873600000001,3481.1628171864973,100.0,0.0,0.0,2719.2960000000007,0.0,0.0,3481.1628171864973,0.0,0.08133196830749512,0.012989282608032227,0.5,0.0,1221035.0228970721,988650.2400809585,431.67999999999864,0.0
fixed-bias,285,104.9856975988768,23.662272340653576,4488.945881016487,3481.1628171864973,213.42748101648743,0.0,4375.5184,3481.1628171864973,100.0,0.0,0.0,2734.699,0.0,0.0,3481.1628171864973,0.0,0.11384963989257812,0.0452275276184082,0.5,0.0,1225523.9687780887,992131.4028981449,433.1999999999986,0.0
fixed-bias,286,104.11401093086876,21.823835467010596,4459.996989273981,3481.1628171864973,204.23698927398124,0.0,4355.759999999999,3481.1628171864973,100.0,0.0,0.0,2722.3499999999995,0.0,0.0,3481.1628171864973,0.0,0.10766172409057617,0.024210691452026367,0.5,0.0,1229983.9657673626,995612.5657153314,434.7199999999986,0.0
fixed-bias,287,102.53923131636816,23.527711950363425,4486.18043441306,3481.1628171864973,221.5836344130598,0.0,4364.5968,3481.1628171864973,100.0,0.0,0.0,2727.8730000000005,0.0,0.0,3481.1628171864973,0.0,0.09226274490356445,0.019052743911743164,0.5,0.0,1234470.1462017756,999093.7285325178,436.2399999999986,0.0
fixed-bias,288,104.46141685391304,22.871359766529967,4474.33629475115,3481.1628171864973,220.11549475114975,0.0,4354.2208,3481.1628171864973,100.0,0.0,0.0,2721.3880000000004,0.0,0.0,3481.1628171864973,0.0,0.10867047309875488,0.021886348724365234,0.5,0.0,1238944.4824965268,1002574.8913497042,437.75999999999857,0.0
fixed-bias,289,92.92411751749297,21.186176967930013,4016.6343383152907,3481.1628171864973,188.3503383152899,0.0,3928.284000000001,3481.1628171864973,100.0,0.0,0.0,2455.1775000000007,0.0,0.0,3481.1628171864973,0.0,0.09848904609680176,0.029135942459106445,0.5,0.0,1242961.1168348421,1006056.0541668907,439.27999999999855,0.0
fixed-bias,290,93.32378268094561,22.44385907731666,4035.7372953413615,3481.1628171864973,201.03233534136092,0.0,3934.704960000001,3481.1628171864973,100.0,0.0,0.0,2459.1906000000004,0.0,0.0,3481.1628171864973,0.0,0.11446976661682129,0.04356026649475098,0.5,0.0,1246996.8541301836,1009537.2169840771,440.79999999999853,0.0
fixed-bias,291,105.80420165690914,21.10072017658651,4461.653431754508,3481.1628171864973,210.77983175450734,0.0,4350.873600000001,3481.1628171864973,100.0,0.0,0.0,2719.2960000000007,0.0,0.0,3481.1628171864973,0.0,0.1212623119354248,0.03511166572570801,0.5,0.0,1251458.5075619381,1013018.3798012636,442.3199999999985,0.0
fixed-bias,292,107.72975625189417,20.284453880589375,4472.601880899494,3481.1628171864973,212.89148089949424,0.0,4359.7104,3481.1628171864973,100.0,0.0,0.0,2724.819,0.0,0.0,3481.1628171864973,0.0,0.11222982406616211,0.020051956176757812,0.5,0.0,1255931.1094428375,1016499.54261845,443.8399999999985,0.0
fixed-bias,293,103.73098792909768,21.073494526096937,4443.9374224738785,3481.1628171864973,207.39022247387817,0.0,4336.5472,3481.1628171864973,100.0,0.0,0.0,2710.3419999999996,0.0,0.0,3481.1628171864973,0.0,0.09999823570251465,0.0290377140045166,0.5,0.0,1260375.0468653115,1019980.7054356365,445.3599999999985,0.0
fixed-bias,294,105.73210856683602,22.287119891639968,4462.08440006805,3481.1628171864973,216.70040006804948,0.0,4345.384000000001,3481.1628171864973,100.0,0.0,0.0,2715.865,0.0,0.0,3481.1628171864973,0.0,0.09010958671569824,0.026113510131835938,0.5,0.0,1264837.1312653795,1023461.8682528229,446.87999999999846,0.0
fixed-bias,295,102.95197883652064,18.60851952643353,4458.394665475951,3481.1628171864973,186.66346547595055,0.0,4371.7312,3481.1628171864973,100.0,0.0,0.0,2732.3320000000003,0.0,0.0,3481.1628171864973,0.0,0.09057140350341797,0.020954370498657227,0.5,0.0,1269295.5259308554,1026943.0310700093,448.39999999999844,0.0
fixed-bias,296,96.84505836034698,21.769022648505853,4023.9396351867917,3481.1628171864973,179.89627518679,0.0,3944.0433600000015,3481.1628171864973,100.0,0.0,0.0,2465.027100000001,0.0,0.0,3481.1628171864973,0.0,0.11454534530639648,0.036493778228759766,0.5,0.0,1273319.465566042,1030424.1938871958,449.9199999999984,0.0
fixed-bias,297,96.10171626975536,20.547926001934325,4031.519752748709,3481.1628171864973,195.28263274870847,0.0,3936.2371200000007,3481.1628171864973,100.0,0.0,0.0,2460.1482,0.0,0.0,3481.1628171864973,0.0,0.0948190689086914,0.022014141082763672,0.5,0.0,1277350.985318791,1033905.3567043822,451.4399999999984,0.0
fixed-bias,298,101.10337927557555,25.367897613728257,4474.509008072061,3481.1628171864973,223.63540807206013,0.0,4350.873600000001,3481.1628171864973,100.0,0.0,0.0,2719.2960000000007,0.0,0.0,3481.1628171864973,0.0,0.1565535068511963,0.025747060775756836,0.5,0.0,1281825.494326863,1037386.5195215687,452.9599999999984,0.0
fixed-bias,299,104.9549011693163,22.876571157113997,4477.061235260041,3481.1628171864973,219.05323526004062,0.0,4358.008000000001,3481.1628171864973,100.0,0.0,0.0,2723.7549999999997,0.0,0.0,3481.1628171864973,0.0,0.10975170135498047,0.022114038467407227,0.5,0.0,1286302.555562123,1040867.6823387551,454.47999999999837,0.0
fixed-bias,300,105.01744245907584,24.258973063142033,4463.8964562545125,3481.1628171864973,209.83885625451347,0.0,4354.057599999999,3481.1628171864973,100.0,0.0,0.0,2721.2859999999996,0.0,0.0,3481.1628171864973,0.0,0.11121678352355957,0.03562664985656738,0.5,0.0,1290766.4520183774,1044348.8451559416,455.99999999999835,0.0
fixed-bias,301,104.41166980639866,20.554666206905267,4466.761756212195,3481.1628171864973,221.37775621219438,0.0,4345.384000000001,3481.1628171864973,100.0,0.0,0.0,2715.865,0.0,0.0,3481.1628171864973,0.0,0.10680747032165527,0.02909111976623535,0.5,0.0,1295233.2137745896,1047830.007973128,457.51999999999833,0.0
fixed-bias,302,104.80838246600354,22.98074466032848,4466.175372054485,3481.1628171864973,194.4441720544844,0.0,4371.7312,3481.1628171864973,100.0,0.0,0.0,2732.3320000000003,0.0,0.0,3481.1628171864973,0.0,0.09195351600646973,0.025995731353759766,0.5,0.0,1299699.3891466442,1051311.1707903144,459.0399999999983,0.0
fixed-bias,303,92.95367758447772,20.706344764775192,4029.7461853145487,3481.1628171864973,187.2349853145473,0.0,3942.5112000000013,3481.1628171864973,100.0,0.0,0.0,2464.0695000000005,0.0,0.0,3481.1628171864973,0.0,0.11470985412597656,0.03185701370239258,0.5,0.0,1303729.1353319588,1054792.333607501,460.5599999999983,0.0
fixed-bias,304,96.49061019457656,21.547778165270717,4047.0989060112315,3481.1628171864973,195.10242601123036,0.0,3951.9964800000007,3481.1628171864973,100.0,0.0,0.0,2469.9977999999996,0.0,0.0,3481.1628171864973,0.0,0.08656930923461914,0.022742748260498047,0.5,0.0,1307776.23423797,1058273.4964246873,462.0799999999983,0.0
fixed-bias,305,103.8589762698344,20.378505079201915,4473.037127870232,3481.1628171864973,206.35552787023158,0.0,4366.681600000001,3481.1628171864973,100.0,0.0,0.0,2729.1760000000004,0.0,0.0,3481.1628171864973,0.0,0.10134458541870117,0.026996135711669922,0.5,0.0,1312249.2713658402,1061754.6592418738,463.59999999999826,0.0
fixed-bias,306,103.91526396195452,20.603381225353676,4475.024697800542,3481.1628171864973,215.3142978005421,0.0,4359.7104,3481.1628171864973,100.0,0.0,0.0,2724.819,0.0,0.0,3481.1628171864973,0.0,0.11098337173461914,0.023011207580566406,0.5,0.0,1316724.2960636409,1065235.8220590602,465.11999999999824,0.0
fixed-bias,307,108.29030982961918,23.789350438522174,4460.398355397469,3481.1628171864973,204.63835539746907,0.0,4355.759999999999,3481.1628171864973,100.0,0.0,0.0,2722.3499999999995,0.0,0.0,3481.1628171864973,0.0,0.1058194637298584,0.0268094539642334,0.5,0.0,1321184.6944190382,1068716.9848762467,466.6399999999982,0.0
fixed-bias,308,104.94840616740426,21.63093635879551,4460.295876867091,3481.1628171864973,195.69907686709053,0.0,4364.5968,3481.1628171864973,100.0,0.0,0.0,2727.8730000000005,0.0,0.0,3481.1628171864973,0.0,0.1087038516998291,0.023090839385986328,0.5,0.0,1325644.9902959054,1072198.147693433,468.1599999999982,0.0
fixed-bias,309,103.49292960755973,24.315137518648,4473.420634361842,3481.1628171864973,220.90223436184198,0.0,4352.5184,3481.1628171864973,100.0,0.0,0.0,2720.3240000000005,0.0,0.0,3481.1628171864973,0.0,0.11122488975524902,0.023426055908203125,0.5,0.0,1330118.4109302673,1075679.3105106195,469.6799999999982,0.0
fixed-bias,310,94.44591505346598,23.376764769432615,4040.731188171677,3481.1628171864973,196.68782817167508,0.0,3944.0433600000015,3481.1628171864973,100.0,0.0,0.0,2465.027100000001,0.0,0.0,3481.1628171864973,0.0,0.12098479270935059,0.026998281478881836,0.5,0.0,1334159.142118439,1079160.473327806,471.19999999999817,0.0
fixed-bias,311,96.26754455611054,22.150190321194934,4038.4323757500006,3481.1628171864973,187.96805574999956,0.0,3950.464320000001,3481.1628171864973,100.0,0.0,0.0,2469.0402,0.0,0.0,3481.1628171864973,0.0,0.10316300392150879,0.02611851692199707,0.5,0.0,1338197.5744941891,1082641.6361449924,472.71999999999815,0.0
fixed-bias,312,104.54557560051278,22.88093181062318,4464.376033689745,3481.1628171864973,211.8000336897438,0.0,4352.576000000001,3481.1628171864973,100.0,0.0,0.0,2720.3600000000006,0.0,0.0,3481.1628171864973,0.0,0.09936833381652832,0.021418333053588867,0.5,0.0,1342661.950527879,1086122.7989621789,474.23999999999813,0.0
fixed-bias,313,105.18883625407823,23.18995663041597,4488.139066228271,3481.1628171864973,210.91826622827116,0.0,4377.2208,3481.1628171864973,100.0,0.0,0.0,2735.763,0.0,0.0,3481.1628171864973,0.0,0.10111188888549805,0.03269052505493164,0.5,0.0,1347150.0895941071,1089603.9617793653,475.7599999999981,0.0
fixed-bias,314,102.81206069829807,24.1771767544462,4462.613405128364,3481.1628171864973,227.76860512836402,0.0,4334.8448,3481.1628171864973,100.0,0.0,0.0,2709.2779999999993,0.0,0.0,3481.1628171864973,0.0,0.12212109565734863,0.0340123176574707,0.5,0.0,1351612.7029992356,1093085.1245965518,477.2799999999981,0.0
fixed-bias,315,101.77440096518698,22.01837938854977,4472.1907996615955,3481.1628171864973,207.59399966159543,0.0,4364.5968,3481.1628171864973,100.0,0.0,0.0,2727.8730000000005,0.0,0.0,3481.1628171864973,0.0,0.10530495643615723,0.021581172943115234,0.5,0.0,1356084.8937988973,1096566.2874137382,478.7999999999981,0.0
fixed-bias,316,105.03434464655966,21.837483161918044,4489.98736642954,3481.1628171864973,216.5537664295401,0.0,4373.4336,3481.1628171864973,100.0,0.0,0.0,2733.396,0.0,0.0,3481.1628171864973,0.0,0.11321616172790527,0.02398967742919922,0.5,0.0,1360574.8811653268,1100047.4502309246,480.31999999999806,0.0
fixed-bias,317,97.85229882816945,21.039362913130198,4030.8645991751873,3481.1628171864973,204.11275917518634,0.0,3926.7518400000013,3481.1628171864973,100.0,0.0,0.0,2454.219900000001,0.0,0.0,3481.1628171864973,0.0,0.10747766494750977,0.019003629684448242,0.5,0.0,1364605.745764502,1103528.613048111,481.83999999999804,0.0
fixed-bias,318,94.44283254787672,24.510999449129002,4035.6615904907403,3481.1628171864973,183.66511049073966,0.0,3951.9964800000007,3481.1628171864973,100.0,0.0,0.0,2469.9977999999996,0.0,0.0,3481.1628171864973,0.0,0.09252142906188965,0.019531965255737305,0.5,0.0,1368641.4073549928,1107009.7758652975,483.359999999998,0.0
fixed-bias,319,101.1147751221636,22.803898185522694,4476.361713806866,3481.1628171864973,225.48811380686533,0.0,4350.873600000001,3481.1628171864973,100.0,0.0,0.0,2719.2960000000007,0.0,0.0,3481.1628171864973,0.0,0.11029052734375,0.026646137237548828,0.5,0.0,1373117.7690687997,1110490.938682484,484.879999999998,0.0
fixed-bias,320,103.15443038751107,23.929738146606955,4478.075851334052,3481.1628171864973,200.85505133405135,0.0,4377.2208,3481.1628171864973,100.0,0.0,0.0,2735.763,0.0,0.0,3481.1628171864973,0.0,0.10632085800170898,0.02209329605102539,0.5,0.0,1377595.8449201337,1113972.1014996704,486.399999999998,0.0
fixed-bias,321,102.02332670036685,23.178910834888832,4443.274211810919,3481.1628171864973,210.1318118109195,0.0,4333.1424,3481.1628171864973,100.0,0.0,0.0,2708.2139999999995,0.0,0.0,3481.1628171864973,0.0,0.10041379928588867,0.014079093933105469,0.5,0.0,1382039.1191319446,1117453.2643168569,487.91999999999797,0.0
fixed-bias,322,105.79645640997644,22.878704830451742,4468.888464950437,3481.1628171864973,205.99406495043715,0.0,4362.8944,3481.1628171864973,100.0,0.0,0.0,2726.8089999999993,0.0,0.0,3481.1628171864973,0.0,0.22530865669250488,0.0296173095703125,0.5,0.0,1386508.007596895,1120934.4271340433,489.43999999999795,0.0
fixed-bias,323,104.53534308928484,23.562647250349414,4483.66549185753,3481.1628171864973,210.2318918575292,0.0,4373.4336,3481.1628171864973,100.0,0.0,0.0,2733.396,0.0,0.0,3481.1628171864973,0.0,0.12300443649291992,0.023206472396850586,0.5,0.0,1390991.6730887527,1124415.5899512297,490.95999999999793,0.0
fixed-bias,324,92.25466572938603,21.667912365910183,4030.3349360288266,3481.1628171864973,203.5830960288255,0.0,3926.7518400000013,3481.1628171864973,100.0,0.0,0.0,2454.219900000001,0.0,0.0,3481.1628171864973,0.0,0.10514116287231445,0.01896500587463379,0.5,0.0,1395022.0080247815,1127896.7527684162,492.4799999999979,0.0
fixed-bias,325,92.00136177822712,18.656806294850522,4035.2871736393963,3481.1628171864973,186.3550136393953,0.0,3948.9321600000007,3481.1628171864973,100.0,0.0,0.0,2468.0826,0.0,0.0,3481.1628171864973,0.0,0.0774068832397461,0.008106231689453125,0.5,0.0,1399057.2951984208,1131377.9155856026,493.9999999999979,0.0
fixed-bias,326,103.93263017010025,24.952745017486713,4464.270445699728,3481.1628171864973,211.69444569972728,0.0,4352.576000000001,3481.1628171864973,100.0,0.0,0.0,2720.3600000000006,0.0,0.0,3481.1628171864973,0.0,0.1051938533782959,0.028055191040039062,0.5,0.0,1403521.5656441206,1134859.078402789,495.5199999999979,0.0
fixed-bias,327,100.47721057938013,22.417752515012918,4474.321164581059,3481.1628171864973,214.6107645810591,0.0,4359.7104,3481.1628171864973,100.0,0.0,0.0,2724.819,0.0,0.0,3481.1628171864973,0.0,0.0989840030670166,0.020020246505737305,0.5,0.0,1407995.8868087016,1138340.2412199755,497.03999999999786,0.0
fixed-bias,328,100.83965988550706,23.021871570839455,4456.843473321759,3481.1628171864973,201.0834733217601,0.0,4355.759999999999,3481.1628171864973,100.0,0.0,0.0,2722.3499999999995,0.0,0.0,3481.1628171864973,0.0,0.09773397445678711,0.01605057716369629,0.5,0.0,1412452.7302820233,1141821.404037162,498.55999999999784,0.0
fixed-bias,329,101.14768134765315,24.326155309998665,4472.330612433978,3481.1628171864973,228.64901243397762,0.0,4343.6816,3481.1628171864973,100.0,0.0,0.0,2714.8009999999995,0.0,0.0,3481.1628171864973,0.0,0.11082744598388672,0.02101588249206543,0.5,0.0,1416925.0608944574,1145302.5668543484,500.0799999999978,0.0
fixed-bias,330,100.76630287957919,22.7387631636071,4488.659682930988,3481.1628171864973,215.22608293098762,0.0,4373.4336,3481.1628171864973,100.0,0.0,0.0,2733.396,0.0,0.0,3481.1628171864973,0.0,0.0843667984008789,0.023937225341796875,0.5,0.0,1421413.7205773883,1148783.7296715348,501.5999999999978,0.0
fixed-bias,331,94.22059715423308,21.308585982236732,4030.776468565714,3481.1628171864973,186.73310856571263,0.0,3944.0433600000015,3481.1628171864973,100.0,0.0,0.0,2465.027100000001,0.0,0.0,3481.1628171864973,0.0,0.11135411262512207,0.0179293155670166,0.5,0.0,1425444.497045954,1152264.8924887213,503.1199999999978,0.0
fixed-bias,332,91.83407426662647,22.297544116295082,4045.7181818294475,3481.1628171864973,212.54538182944708,0.0,3933.1728000000007,3481.1628171864973,100.0,0.0,0.0,2458.2329999999997,0.0,0.0,3481.1628171864973,0.0,0.09725499153137207,0.03335738182067871,0.5,0.0,1429490.2152277834,1155746.0553059077,504.63999999999777,0.0
fixed-bias,333,100.41908255670812,24.49559839354018,4465.304323387933,3481.1628171864973,196.92032338793283,0.0,4368.384000000001,3481.1628171864973,100.0,0.0,0.0,2730.2400000000007,0.0,0.0,3481.1628171864973,0.0,0.19765019416809082,0.01800847053527832,0.5,0.0,1433955.5195511715,1159227.2181230942,506.15999999999775,0.0
fixed-bias,334,101.70904052639764,20.2297592262643,4474.769994498154,3481.1628171864973,216.761994498153,0.0,4358.008000000001,3481.1628171864973,100.0,0.0,0.0,2723.7549999999997,0.0,0.0,3481.1628171864973,0.0,0.10052108764648438,0.018543720245361328,0.5,0.0,1438430.2895456697,1162708.3809402806,507.67999999999773,0.0
fixed-bias,335,102.62837967032108,20.278434363696206,4458.161707657525,3481.1628171864973,202.40170765752555,0.0,4355.759999999999,3481.1628171864973,100.0,0.0,0.0,2722.3499999999995,0.0,0.0,3481.1628171864973,0.0,0.09950637817382812,0.02252793312072754,0.5,0.0,1442888.4512533273,1166189.543757467,509.1999999999977,0.0
fixed-bias,336,99.7590272169037,22.46807614168323,4458.214148054691,3481.1628171864973,195.31974805469062,0.0,4362.8944,3481.1628171864973,100.0,0.0,0.0,2726.8089999999993,0.0,0.0,3481.1628171864973,0.0,0.10835504531860352,0.020997285842895508,0.5,0.0,1447346.665401382,1169670.7065746535,510.7199999999977,0.0
fixed-bias,337,101.37601908577169,20.590740337703586,4468.455973000631,3481.1628171864973,195.02237300063132,0.0,4373.4336,3481.1628171864973,100.0,0.0,0.0,2733.396,0.0,0.0,3481.1628171864973,0.0,0.09943008422851562,0.031017065048217773,0.5,0.0,1451815.1213743826,1173151.86939184,512.2399999999977,0.0
fixed-bias,338,90.31905971156375,22.535628244536273,4031.0108707842974,3481.1628171864973,202.7268707842968,0.0,3928.284000000001,3481.1628171864973,100.0,0.0,0.0,2455.1775000000007,0.0,0.0,3481.1628171864973,0.0,0.10464692115783691,0.032010793685913086,0.5,0.0,1455846.132245167,1176633.0322090264,513.7599999999977,0.0
fixed-bias,339,89.36832825683378,18.38730368891117,4025.5055727199715,3481.1628171864973,189.26845271997084,0.0,3936.2371200000007,3481.1628171864973,100.0,0.0,0.0,2460.1482,0.0,0.0,3481.1628171864973,0.0,0.09415054321289062,0.02410435676574707,0.5,0.0,1459871.637817887,1180114.1950262128,515.2799999999977,0.0
fixed-bias,340,100.86677575963296,22.44384608411732,4458.37560692288,3481.1628171864973,205.7996069228793,0.0,4352.576000000001,3481.1628171864973,100.0,0.0,0.0,2720.3600000000006,0.0,0.0,3481.1628171864973,0.0,0.11253237724304199,0.01700568199157715,0.5,0.0,1464330.0134248098,1183595.3578433993,516.7999999999977,0.0
fixed-bias,341,104.46959237503991,23.49490970788536,4486.030888504207,3481.1628171864973,208.81008850420676,0.0,4377.2208,3481.1628171864973,100.0,0.0,0.0,2735.763,0.0,0.0,3481.1628171864973,0.0,0.0933678150177002,0.02397465705871582,0.5,0.0,1468816.044313314,1187076.5206605857,518.3199999999977,0.0
fixed-bias,342,100.85675085629562,22.61931420458629,4445.26048624898,3481.1628171864973,191.20288624898023,0.0,4354.057599999999,3481.1628171864973,100.0,0.0,0.0,2721.2859999999996,0.0,0.0,3481.1628171864973,0.0,0.11051130294799805,0.024529218673706055,0.5,0.0,1473261.3047995628,1190557.6834777722,519.8399999999976,0.0
fixed-bias,343,101.1586926643616,22.52000678329597,4456.655184461091,3481.1628171864973,211.2711844610903,0.0,4345.384000000001,3481.1628171864973,100.0,0.0,0.0,2715.865,0.0,0.0,3481.1628171864973,0.0,0.09983110427856445,0.02196645736694336,0.5,0.0,1477717.9599840238,1194038.8462949586,521.3599999999976,0.0
fixed-bias,344,102.11758270248417,19.270330024136918,4468.607215914417,3481.1628171864973,195.17361591441656,0.0,4373.4336,3481.1628171864973,100.0,0.0,0.0,2733.396,0.0,0.0,3481.1628171864973,0.0,0.09597492218017578,0.01967453956604004,0.5,0.0,1482186.5671999382,1197520.009112145,522.8799999999976,0.0
fixed-bias,345,90.07297413983383,18.665026499283957,4017.98687356925,3481.1628171864973,175.4756735692482,0.0,3942.5112000000013,3481.1628171864973,100.0,0.0,0.0,2464.0695000000005,0.0,0.0,3481.1628171864973,0.0,0.10662388801574707,0.019591331481933594,0.5,0.0,1486204.5540735074,1201001.1719293315,524.3999999999976,0.0
fixed-bias,346,89.48671127615819,21.610714956179617,4039.6619711323156,3481.1628171864973,190.7298111323145,0.0,3948.9321600000007,3481.1628171864973,100.0,0.0,0.0,2468.0826,0.0,0.0,3481.1628171864973,0.0,0.08761930465698242,0.018189191818237305,0.5,0.0,1490244.2160446397,1204482.334746518,525.9199999999976,0.0
fixed-bias,347,98.80097760027168,27.783677557954878,4466.106093142044,3481.1628171864973,215.23249314204307,0.0,4350.873600000001,3481.1628171864973,100.0,0.0,0.0,2719.2960000000007,0.0,0.0,3481.1628171864973,0.0,0.16090607643127441,0.029961824417114258,0.5,0.0,1494710.3221377817,1207963.4975637044,527.4399999999976,0.0
fixed-bias,348,99.22621602345676,20.05473467017421,4471.341813901727,3481.1628171864973,195.82341390172638,0.0,4375.5184,3481.1628171864973,100.0,0.0,0.0,2734.699,0.0,0.0,3481.1628171864973,0.0,0.0994107723236084,0.020410776138305664,0.5,0.0,1499181.6639516833,1211444.6603808908,528.9599999999975,0.0
fixed-bias,349,94.601538860254,22.421512467333756,4446.8403914022465,3481.1628171864973,192.78279140224748,0.0,4354.057599999999,3481.1628171864973,100.0,0.0,0.0,2721.2859999999996,0.0,0.0,3481.1628171864973,0.0,0.11246275901794434,0.023935317993164062,0.5,0.0,1503628.5043430855,1214925.8231980773,530.4799999999975,0.0
fixed-bias,350,96.17027626299019,22.624930748508724,4454.623296282307,3481.1628171864973,191.728896282307,0.0,4362.8944,3481.1628171864973,100.0,0.0,0.0,2726.8089999999993,0.0,0.0,3481.1628171864973,0.0,0.10759425163269043,0.024102449417114258,0.5,0.0,1508083.1276393677,1218406.9860152637,531.9999999999975,0.0
fixed-bias,351,96.45450242187162,22.707238146820323,4467.732498902485,3481.1628171864973,194.29889890248432,0.0,4373.4336,3481.1628171864973,100.0,0.0,0.0,2733.396,0.0,0.0,3481.1628171864973,0.0,0.10191965103149414,0.018024444580078125,0.5,0.0,1512550.8601382703,1221888.1488324502,533.5199999999975,0.0
fixed-bias,352,86.68656255556589,20.0639387601372,4023.3355204805384,3481.1628171864973,180.8243204805373,0.0,3942.5112000000013,3481.1628171864973,100.0,0.0,0.0,2464.0695000000005,0.0,0.0,3481.1628171864973,0.0,0.10330510139465332,0.032500505447387695,0.5,0.0,1516574.1956587508,1225369.3116496366,535.0399999999975,0.0
fixed-bias,353,87.11628077872338,22.094515154451006,4033.668380754293,3481.1628171864973,181.67190075429207,0.0,3951.9964800000007,3481.1628171864973,100.0,0.0,0.0,2469.9977999999996,0.0,0.0,3481.1628171864973,0.0,0.09931755065917969,0.02269148826599121,0.5,0.0,1520607.8640395051,1228850.474466823,536.5599999999974,0.0
fixed-bias,354,98.94387136187873,24.40749811721571,4463.53207642594,3481.1628171864973,195.1480764259391,0.0,4368.384000000001,3481.1628171864973,100.0,0.0,0.0,2730.2400000000007,0.0,0.0,3481.1628171864973,0.0,0.1258103847503662,0.031545400619506836,0.5,0.0,1525071.396115931,1232331.6372840095,538.0799999999974,0.0
fixed-bias,355,95.6535436621886,23.322567328924023,4469.0121502226475,3481.1628171864973,191.79135022264765,0.0,4377.2208,3481.1628171864973,100.0,0.0,0.0,2735.763,0.0,0.0,3481.1628171864973,0.0,0.11337900161743164,0.023943185806274414,0.5,0.0,1529540.4082661537,1235812.800101196,539.5999999999974,0.0
fixed-bias,356,95.74325363650549,21.97735039170286,4440.146609047548,3481.1628171864973,203.59940904754782,0.0,4336.5472,3481.1628171864973,100.0,0.0,0.0,2710.3419999999996,0.0,0.0,3481.1628171864973,0.0,0.21450209617614746,0.021946191787719727,0.5,0.0,1533980.5548752013,1239293.9629183824,541.1199999999974,0.0
fixed-bias,357,97.92881932988769,21.72552525484615,4463.636925909173,3481.1628171864973,199.04012590917353,0.0,4364.5968,3481.1628171864973,100.0,0.0,0.0,2727.8730000000005,0.0,0.0,3481.1628171864973,0.0,0.10753703117370605,0.0319828987121582,0.5,0.0,1538444.1918011105,1242775.1257355688,542.6399999999974,0.0
fixed-bias,358,95.06008642462746,21.688176004164795,4458.184188006702,3481.1628171864973,184.75058800670232,0.0,4373.4336,3481.1628171864973,100.0,0.0,0.0,2733.396,0.0,0.0,3481.1628171864973,0.0,0.10767102241516113,0.018971681594848633,0.5,0.0,1542902.3759891172,1246256.2885527553,544.1599999999974,0.0
fixed-bias,359,85.63542471311462,21.64510738128451,4022.797820974216,3481.1628171864973,196.04598097421456,0.0,3926.7518400000013,3481.1628171864973,100.0,0.0,0.0,2454.219900000001,0.0,0.0,3481.1628171864973,0.0,0.10994219779968262,0.02105712890625,0.5,0.0,1546925.1738100913,1249737.4513699417,545.6799999999973,0.0
fixed-bias,360,83.94588681968398,22.186517921770474,4029.8496458207073,3481.1628171864973,198.20900582070638,0.0,3931.640640000001,3481.1628171864973,100.0,0.0,0.0,2457.2754,0.0,0.0,3481.1628171864973,0.0,0.09018874168395996,0.020077228546142578,0.5,0.0,1550955.023455912,1253218.6141871281,547.1999999999973,0.0
fixed-bias,361,92.91944107223755,24.047691376531887,4446.202649202788,3481.1628171864973,179.52104920278708,0.0,4366.681600000001,3481.1628171864973,100.0,0.0,0.0,2729.1760000000004,0.0,0.0,3481.1628171864973,0.0,0.08801674842834473,0.029468059539794922,0.5,0.0,1555401.226105115,1256699.7770043146,548.7199999999973,0.0
fixed-bias,362,92.56423086892364,24.338200623275842,4464.714807945832,3481.1628171864973,210.11160794583193,0.0,4354.6032000000005,3481.1628171864973,100.0,0.0,0.0,2721.627,0.0,0.0,3481.1628171864973,0.0,0.10539698600769043,0.027997732162475586,0.5,0.0,1559865.9409130607,1260180.939821501,550.2399999999973,0.0
fixed-bias,363,95.56795478238804,21.004913628161223,4440.3506218222965,3481.1628171864973,184.5906218222972,0.0,4355.759999999999,3481.1628171864973,100.0,0.0,0.0,2722.3499999999995,0.0,0.0,3481.1628171864973,0.0,0.10287141799926758,0.027849912643432617,0.5,0.0,1564306.291534883,1263662.1026386875,551.7599999999973,0.0
fixed-bias,364,92.94072701963451,20.194287722626317,4441.527015711458,3481.1628171864973,197.84541571145851,0.0,4343.6816,3481.1628171864973,100.0,0.0,0.0,2714.8009999999995,0.0,0.0,3481.1628171864973,0.0,0.08347892761230469,0.02074742317199707,0.5,0.0,1568747.8185505944,1267143.265455874,553.2799999999972,0.0
fixed-bias,365,92.6628879384162,23.43589938025896,4478.3845638293515,3481.1628171864973,206.65336382935152,0.0,4371.7312,3481.1628171864973,100.0,0.0,0.0,2732.3320000000003,0.0,0.0,3481.1628171864973,0.0,0.0972440242767334,0.020816564559936523,0.5,0.0,1573226.2031144237,1270624.4282730604,554.7999999999972,0.0
