hour,phase,price_eur_mwh
0,pretrain,77.43773663803545
1,pretrain,67.70235236140398
2,pretrain,85.0228474529185
3,pretrain,91.31131429553328
4,pretrain,74.3917184907693
5,pretrain,86.81799259202583
6,pretrain,106.02272322533828
7,pretrain,110.23463061432696
8,pretrain,119.86559073996568
9,pretrain,119.38885201500779
10,pretrain,138.0159459124358
11,pretrain,140.20011027210361
12,pretrain,135.52824558048974
13,pretrain,142.9957044444163
14,pretrain,134.72083685154954
15,pretrain,119.33886373253053
16,pretrain,122.95000627265999
17,pretrain,105.09351054644364
18,pretrain,112.02760241045819
19,pretrain,96.83602135903435
20,pretrain,88.52110109163793
21,pretrain,78.33936020917206
22,pretrain,88.79956859585909
23,pretrain,74.78598935477753
24,pretrain,71.56967340292304
25,pretrain,73.20145278765003
26,pretrain,83.27400735112153
27,pretrain,86.7066450595441
28,pretrain,93.2981568729958
29,pretrain,100.67829265121534
30,pretrain,122.12947678719159
31,pretrain,109.50954720222661
32,pretrain,115.8983541476556
33,pretrain,119.6993175898413
34,pretrain,135.90489347436502
35,pretrain,143.0058491106671
36,pretrain,134.0847163189889
37,pretrain,127.25281895319974
38,pretrain,124.38120836823114
39,pretrain,131.41424171842192
40,pretrain,125.94232934985544
41,pretrain,117.10610147974509
42,pretrain,99.67221832191835
43,pretrain,99.08901521168605
44,pretrain,90.92978245335375
45,pretrain,85.5326013184636
46,pretrain,85.98696409028027
47,pretrain,77.80728558175332
48,pretrain,80.41649352306777
49,pretrain,76.5480427857317
50,pretrain,81.31737809447932
51,pretrain,88.82228738960451
52,pretrain,78.32793845964729
53,pretrain,94.66324393455858
54,pretrain,101.22220378415025
55,pretrain,107.63873358562151
56,pretrain,117.78404700867914
57,pretrain,138.1579189439642
58,pretrain,124.03929820647983
59,pretrain,141.70918664389652
60,pretrain,121.52222684556618
61,pretrain,131.2838795672785
62,pretrain,132.2679716528658
63,pretrain,130.88816710496326
64,pretrain,125.67499765683546
65,pretrain,119.09653425316765
66,pretrain,102.19538444050511
67,pretrain,93.52179932410046
68,pretrain,96.84899206854986
69,pretrain,82.24154698384328
70,pretrain,68.79893231825609
71,pretrain,66.94111251779272
72,pretrain,67.611052119199
73,pretrain,79.96618157096997
74,pretrain,80.12531418224326
75,pretrain,89.27734980415761
76,pretrain,86.54864923651962
77,pretrain,98.47041658274999
78,pretrain,109.97139355895058
79,pretrain,110.25646944252563
80,pretrain,123.62087230767119
81,pretrain,120.88446631427512
82,pretrain,128.04300174822447
83,pretrain,130.8905420438973
84,pretrain,125.39995324249958
85,pretrain,137.8402250421686
86,pretrain,127.19221379912327
87,pretrain,126.27982679262982
88,pretrain,123.81264367845917
89,pretrain,116.30349116852709
90,pretrain,110.28975127899419
91,pretrain,96.4142151780609
92,pretrain,86.5802839108587
93,pretrain,83.1157212843643
94,pretrain,65.4872328220145
95,pretrain,64.41199583915515
96,pretrain,64.35916073382943
97,pretrain,67.98500822318074
98,pretrain,82.15818933291898
99,pretrain,76.48372175418773
100,pretrain,86.91545720034952
101,pretrain,107.57001266187754
102,pretrain,102.09064586417324
103,pretrain,118.60545353347696
104,pretrain,112.47181619258562
105,pretrain,124.51046060532003
106,pretrain,123.32134330691316
107,pretrain,131.2062678141322
108,pretrain,141.66322273232382
109,pretrain,120.0999690357979
110,pretrain,134.3969088945647
111,pretrain,128.0558458869193
112,pretrain,115.18755798709029
113,pretrain,101.13686615063263
114,pretrain,105.5177936943756
115,pretrain,92.9402446070786
116,pretrain,91.80216732350229
117,pretrain,83.90237136125577
118,pretrain,91.77422664969882
119,pretrain,74.0481378242084
120,pretrain,59.228728995053764
121,pretrain,69.77091670587436
122,pretrain,72.79399650562296
123,pretrain,86.1983264459154
124,pretrain,87.59759890334531
125,pretrain,90.2835631914567
126,pretrain,106.12313206578517
127,pretrain,91.89471871921393
128,pretrain,102.79869667403071
129,pretrain,106.09598449682126
130,pretrain,114.68091641296239
131,pretrain,109.48321706538303
132,pretrain,126.49791651054392
133,pretrain,118.71892466904332
134,pretrain,106.03294448218726
135,pretrain,105.38395937840514
136,pretrain,110.42481971563025
137,pretrain,108.10983569695179
138,pretrain,110.39055606956298
139,pretrain,110.73949444631924
140,pretrain,84.23198440223666
141,pretrain,67.40852088373698
142,pretrain,53.977652787998366
143,pretrain,70.47840332497452
144,pretrain,60.87656468552661
145,pretrain,64.9772380567669
146,pretrain,66.10063315335091
147,pretrain,74.16188326464136
148,pretrain,89.40793529431036
149,pretrain,88.64836776980393
150,pretrain,93.11101475169971
151,pretrain,93.08297764317079
152,pretrain,94.48262989037437
153,pretrain,109.58151326745937
154,pretrain,117.3325189436425
155,pretrain,134.60353006645312
156,pretrain,122.42228961979231
157,pretrain,128.32200684599852
158,pretrain,113.76841456187584
159,pretrain,103.99242640870982
160,pretrain,100.15915935015025
161,pretrain,95.56639914949126
162,pretrain,111.40785130749053
163,pretrain,80.82088579644608
164,pretrain,87.58800707789999
165,pretrain,68.06479293127624
166,pretrain,78.44999164882333
167,pretrain,71.37970386705129
168,pretrain,73.56561488017879
169,pretrain,75.51484306368798
170,pretrain,73.59965438447522
171,pretrain,87.17409223770372
172,pretrain,86.17885021871726
173,pretrain,87.2493005982299
174,pretrain,94.59521746688655
175,pretrain,113.96399275629608
176,pretrain,132.45144811272698
177,pretrain,127.31185440562744
178,pretrain,129.85037356609763
179,pretrain,136.08310196693589
180,pretrain,145.26673199509813
181,pretrain,135.5515528610264
182,pretrain,127.51206232830678
183,pretrain,134.88223117751903
184,pretrain,123.24876956913641
185,pretrain,124.86933735048706
186,pretrain,106.28459355921875
187,pretrain,87.25839445460387
188,pretrain,78.8734444674782
189,pretrain,96.81293808369709
190,pretrain,92.62728171417673
191,pretrain,74.40478956651064
192,pretrain,71.69781273421766
193,pretrain,87.47709085257114
194,pretrain,69.92618373342451
195,pretrain,76.39229171606253
196,pretrain,94.90992566081792
197,pretrain,93.84189896735323
198,pretrain,104.722336369545
199,pretrain,111.22033946818509
200,pretrain,122.46390769369704
201,pretrain,137.23636962941174
202,pretrain,131.4687526720527
203,pretrain,138.89259643819247
204,pretrain,118.36193449505737
205,pretrain,133.3513388765367
206,pretrain,123.99823125449575
207,pretrain,116.22601025551297
208,pretrain,112.73809236787557
209,pretrain,109.8548951307747
210,pretrain,112.09053164215368
211,pretrain,86.38759820831343
212,pretrain,90.00836324406093
213,pretrain,79.67675240104053
214,pretrain,76.16116443487674
215,pretrain,83.80759911707035
216,pretrain,79.00549013762385
217,pretrain,86.42197671246232
218,pretrain,77.48375909406008
219,pretrain,77.9198223126304
220,pretrain,87.90969610654845
221,pretrain,98.87596961868658
222,pretrain,106.11315350922213
223,pretrain,103.79003341680112
224,pretrain,120.42448489461543
225,pretrain,127.7395967183001
226,pretrain,150.82112105539696
227,pretrain,148.69309832051783
228,pretrain,127.87461983712188
229,pretrain,131.37927453787108
230,pretrain,118.97379274042959
231,pretrain,121.18811396548098
232,pretrain,122.22540667031517
233,pretrain,122.11196696177393
234,pretrain,98.86789593964357
235,pretrain,91.70282376797444
236,pretrain,72.5222544036832
237,pretrain,82.18603584163675
238,pretrain,70.22048923318278
239,pretrain,71.4872764339918
240,pretrain,67.61561644356081
241,pretrain,74.898627446209
242,pretrain,64.5879134245153
243,pretrain,71.68093727017717
244,pretrain,106.66447956512789
245,pretrain,86.56655066563364
246,pretrain,95.8562180412644
247,pretrain,127.09038224854766
248,pretrain,142.87104002282476
249,pretrain,116.4711730738952
250,pretrain,127.66527312813044
251,pretrain,136.34072186509763
252,pretrain,148.46008382414627
253,pretrain,125.71342083014767
254,pretrain,128.64904201489782
255,pretrain,132.0624067129919
256,pretrain,123.10863126463447
257,pretrain,109.38582545213634
258,pretrain,103.55991895277319
259,pretrain,85.86676484886604
260,pretrain,87.72511271710421
261,pretrain,81.28619931323345
262,pretrain,80.50709967237842
263,pretrain,71.21011012967733
264,pretrain,78.32544832706112
265,pretrain,83.67709190058659
266,pretrain,79.81581265451459
267,pretrain,86.15398797829722
268,pretrain,89.97838292732295
269,pretrain,96.78924393835571
270,pretrain,98.78067587835724
271,pretrain,114.8496655931621
272,pretrain,118.7748473593921
273,pretrain,142.5116900537412
274,pretrain,143.1207414800351
275,pretrain,136.61768735582407
276,pretrain,128.44868246914186
277,pretrain,124.63162315950473
278,pretrain,140.06304588494407
279,pretrain,127.86833738347354
280,pretrain,123.39428737383291
281,pretrain,98.3610236039821
282,pretrain,111.97264799916546
283,pretrain,100.42393149933929
284,pretrain,80.6696946713842
285,pretrain,79.56773825150401
286,pretrain,80.68211566801901
287,pretrain,75.99509974487792
288,pretrain,64.68428231282715
289,pretrain,67.11374834492307
290,pretrain,68.62314687142067
291,pretrain,76.15026880403856
292,pretrain,92.29358758320085
293,pretrain,66.50027005403716
294,pretrain,92.12684968317812
295,pretrain,102.42186538800324
296,pretrain,109.88960371675239
297,pretrain,110.13821824072207
298,pretrain,103.35056344160678
299,pretrain,122.72561297877333
300,pretrain,134.84045351256907
301,pretrain,107.83075786973134
302,pretrain,124.31496181102095
303,pretrain,110.48533310630924
304,pretrain,107.03105703262482
305,pretrain,92.58657793139207
306,pretrain,91.34600242040858
307,pretrain,97.4338943390792
308,pretrain,85.18289373515726
309,pretrain,88.78826155049838
310,pretrain,80.0582610088973
311,pretrain,71.45434792088736
312,pretrain,80.89042818512922
313,pretrain,71.37089993588843
314,pretrain,77.18017148798351
315,pretrain,72.47450125547245
316,pretrain,80.97131850266054
317,pretrain,81.37144717161661
318,pretrain,101.85562345254571
319,pretrain,91.50063720863602
320,pretrain,113.69775471512818
321,pretrain,111.5056266077824
322,pretrain,126.69161462570528
323,pretrain,126.02590119544179
324,pretrain,135.5041212369613
325,pretrain,125.86514681470088
326,pretrain,104.74531583274081
327,pretrain,112.49520968463807
328,pretrain,98.06289443502837
329,pretrain,96.78082745462476
330,pretrain,106.02877944200067
331,pretrain,92.0511082452004
332,pretrain,74.84750854715693
333,pretrain,66.73732995222691
334,pretrain,70.81852281661713
335,pretrain,58.12647347093302
336,pretrain,68.90837907790112
337,pretrain,77.79580228081166
338,pretrain,87.53923547239418
339,pretrain,87.93438963927287
340,pretrain,70.94718522828897
341,pretrain,98.94786377624021
342,pretrain,104.85376988293439
343,pretrain,115.35319493313092
344,pretrain,132.20717875028342
345,pretrain,108.98479851823225
346,pretrain,125.52943600907808
347,pretrain,137.98252666809265
348,pretrain,121.62474610144223
349,pretrain,145.06286847017387
350,pretrain,133.2051163122122
351,pretrain,132.26337661941741
352,pretrain,114.7099520048994
353,pretrain,118.55218216987906
354,pretrain,112.82527374498608
355,pretrain,98.37595410509547
356,pretrain,91.15270843866334
357,pretrain,85.22704377573115
358,pretrain,71.38997706562556
359,pretrain,74.11949706647889
360,pretrain,72.95101508051306
361,pretrain,78.26057146628786
362,pretrain,86.18902720188113
363,pretrain,74.48970324870822
364,pretrain,88.1711230975753
365,pretrain,108.2582683683281
366,pretrain,98.22248950963142
367,pretrain,105.357766554885
368,pretrain,120.78964487478147
369,pretrain,132.1394802996109
370,pretrain,130.24336589815036
371,pretrain,143.7806548522999
372,pretrain,141.02554720066414
373,pretrain,139.8835306639245
374,pretrain,134.58488946425783
375,pretrain,144.00562357849702
376,pretrain,117.52990182920358
377,pretrain,95.90758835667546
378,pretrain,117.00523023226906
379,pretrain,92.74502853940172
380,pretrain,90.03423889487622
381,pretrain,93.43439738341975
382,pretrain,65.37235689812738
383,pretrain,65.18024283861078
384,pretrain,61.24750343940289
385,pretrain,68.72686182747827
386,pretrain,81.5940576709565
387,pretrain,87.03802624325945
388,pretrain,91.26792037098215
389,pretrain,84.99102851213917
390,pretrain,85.57689944329256
391,pretrain,112.2571269725524
392,pretrain,115.28351866724704
393,pretrain,128.94601654568305
394,pretrain,135.65411805965707
395,pretrain,134.14143318149522
396,pretrain,140.13879161936057
397,pretrain,134.8691927179463
398,pretrain,134.27900669469864
399,pretrain,119.63354426899109
400,pretrain,117.62083562570204
401,pretrain,113.396507062685
402,pretrain,110.62195473969307
403,pretrain,93.14322620548151
404,pretrain,93.22706498221063
405,pretrain,80.71781316543428
406,pretrain,77.13662748419553
407,pretrain,81.71610448387425
408,pretrain,57.99264674044274
409,pretrain,64.58757629560584
410,pretrain,66.09888441580026
411,pretrain,64.05499731449312
412,pretrain,83.51101418763457
413,pretrain,102.16802955362229
414,pretrain,101.6580571778154
415,pretrain,113.28402171748643
416,pretrain,127.65086968256233
417,pretrain,135.77182220261395
418,pretrain,129.36478834460002
419,pretrain,143.74359161410322
420,pretrain,134.67414297634883
421,pretrain,126.21571870692834
422,pretrain,125.16268900481926
423,pretrain,113.30604104395228
424,pretrain,111.83205887900677
425,pretrain,108.83756755735618
426,pretrain,110.3658098639048
427,pretrain,109.93871700512824
428,pretrain,77.87967758585968
429,pretrain,85.86654601935892
430,pretrain,69.63201608208254
431,pretrain,78.75693162790955
432,pretrain,72.76074618775813
433,pretrain,60.18441799780764
434,pretrain,85.25505321227465
435,pretrain,77.75623025519366
436,pretrain,84.5382374862715
437,pretrain,87.4868487498668
438,pretrain,98.57517317975949
439,pretrain,114.9971342718949
440,pretrain,117.2954846657687
441,pretrain,127.65193884711621
442,pretrain,132.68557633822385
443,pretrain,143.3525074261573
444,pretrain,131.0671501863449
445,pretrain,120.97235164716612
446,pretrain,138.32798083936896
447,pretrain,122.37073745207833
448,pretrain,127.72617894987896
449,pretrain,114.64102765179533
450,pretrain,102.76033915163318
451,pretrain,98.83507519255467
452,pretrain,104.41753987427035
453,pretrain,99.21208019009354
454,pretrain,78.38372636078901
455,pretrain,76.11318935112449
456,pretrain,74.91714570394278
457,pretrain,60.461938872268085
458,pretrain,72.5891015229779
459,pretrain,74.00843856854407
460,pretrain,82.31849013587212
461,pretrain,79.6521597788484
462,pretrain,80.59068449773994
463,pretrain,83.71147117404942
464,pretrain,97.86815154029483
465,pretrain,108.72970525673381
466,pretrain,114.34437765320145
467,pretrain,134.88507105345266
468,pretrain,129.1551714034701
469,pretrain,111.69049282328352
470,pretrain,119.4715779659992
471,pretrain,109.14248164544588
472,pretrain,104.53231373989094
473,pretrain,101.77794385730282
474,pretrain,98.26059338001484
475,pretrain,83.60504235537152
476,pretrain,88.31803670608659
477,pretrain,65.0798355430357
478,pretrain,69.97525104093
479,pretrain,88.00861694717352
480,pretrain,67.96427758504126
481,pretrain,78.5653583870836
482,pretrain,70.52911516724488
483,pretrain,78.73397331464065
484,pretrain,79.22537408889752
485,pretrain,84.82826477695737
486,pretrain,86.9437804702357
487,pretrain,103.61016473346754
488,pretrain,99.86734213055291
489,pretrain,117.59620462658327
490,pretrain,125.24462158178619
491,pretrain,122.19188821174176
492,pretrain,117.88964977559354
493,pretrain,122.89136158831347
494,pretrain,114.09294110184761
495,pretrain,119.75589973979703
496,pretrain,92.02839097031807
497,pretrain,97.48289491685794
498,pretrain,77.25314368304707
499,pretrain,74.23103878445336
500,pretrain,90.59053748255035
501,pretrain,81.24923640777578
502,pretrain,64.04111187558091
503,pretrain,55.079614685907046
504,pretrain,49.667968030095494
505,pretrain,70.05845988069558
506,pretrain,96.76675671727477
507,pretrain,85.65006946894147
508,pretrain,83.9076204444328
509,pretrain,99.34026905575553
510,pretrain,90.89653190887316
511,pretrain,108.77018318432324
512,pretrain,119.18001851695462
513,pretrain,123.90859695385674
514,pretrain,135.69140981988252
515,pretrain,135.1191353313892
516,pretrain,138.7308068776927
517,pretrain,126.8549952636547
518,pretrain,136.54748411364625
519,pretrain,137.62889774941706
520,pretrain,110.6230025756174
521,pretrain,104.04720484018786
522,pretrain,114.07047342339057
523,pretrain,94.0888754861926
524,pretrain,99.61476986936118
525,pretrain,78.63070960209483
526,pretrain,89.04380122946124
527,pretrain,75.45831047860027
528,pretrain,75.29436587166091
529,pretrain,86.76850466976654
530,pretrain,74.35360935199283
531,pretrain,74.48635508208326
532,pretrain,84.64002162085252
533,pretrain,99.08263553714885
534,pretrain,90.70246270763525
535,pretrain,116.09287385936396
536,pretrain,113.91836474413742
537,pretrain,133.62424000654428
538,pretrain,110.05521495940873
539,pretrain,125.91378387291806
540,pretrain,119.73679007520653
541,pretrain,125.59647434283978
542,pretrain,131.19062460748404
543,pretrain,123.00792571707775
544,pretrain,116.20151473349524
545,pretrain,109.7196276671145
546,pretrain,104.85564121003891
547,pretrain,87.39567559645887
548,pretrain,93.88333241227178
549,pretrain,87.31665961256682
550,pretrain,80.328076672795
551,pretrain,78.70302803841741
552,pretrain,75.43733272748146
553,pretrain,90.36880035418868
554,pretrain,76.38847323905895
555,pretrain,79.39611953873914
556,pretrain,82.03776807815316
557,pretrain,87.04331600331388
558,pretrain,93.11021442020359
559,pretrain,103.72018156824046
560,pretrain,117.50054566779562
561,pretrain,126.95355318459033
562,pretrain,129.45588730296265
563,pretrain,125.91948129024655
564,pretrain,140.2674652331719
565,pretrain,137.95906488809183
566,pretrain,127.76956437516921
567,pretrain,119.05586299929092
568,pretrain,122.45341208765059
569,pretrain,112.33434877397664
570,pretrain,91.48097064569181
571,pretrain,94.75757532006132
572,pretrain,90.16227521760725
573,pretrain,74.65522699351375
574,pretrain,78.60397375017857
575,pretrain,62.44963405027782
576,pretrain,83.58609600677954
577,pretrain,83.90243229848558
578,pretrain,74.8957064187253
579,pretrain,84.59103847379833
580,pretrain,68.61723148028318
581,pretrain,85.8812545714839
582,pretrain,100.54637584546514
583,pretrain,102.08411438834293
584,pretrain,123.61177906772744
585,pretrain,140.08818288826257
586,pretrain,119.46445156478092
587,pretrain,125.1746747626727
588,pretrain,134.78019415316163
589,pretrain,144.76331118335122
590,pretrain,119.09837481989611
591,pretrain,126.10209962073414
592,pretrain,132.46699801318704
593,pretrain,97.44710537432366
594,pretrain,92.64805355191552
595,pretrain,91.74318300191985
596,pretrain,83.73189990383891
597,pretrain,88.18421407311492
598,pretrain,78.84912285171573
599,pretrain,59.7191359408731
600,pretrain,76.84372415669405
601,pretrain,69.12235504597032
602,pretrain,86.93525655548432
603,pretrain,76.48653720639578
604,pretrain,82.62751866866968
605,pretrain,99.2849224668482
606,pretrain,108.82385279218306
607,pretrain,114.06980719805283
608,pretrain,104.2356623944091
609,pretrain,128.23791988851
610,pretrain,120.42673863362553
611,pretrain,133.58042461486573
612,pretrain,121.33056545029508
613,pretrain,135.26879290250415
614,pretrain,122.24841181256174
615,pretrain,113.67256716699981
616,pretrain,123.43100202534676
617,pretrain,112.41816845997721
618,pretrain,97.80862652234438
619,pretrain,106.56530037258047
620,pretrain,84.19522156092965
621,pretrain,81.76409888965864
622,pretrain,78.89098640138323
623,pretrain,68.78533867178662
624,pretrain,69.05287824016683
625,pretrain,61.93617180584475
626,pretrain,65.60799541305788
627,pretrain,84.09304591935734
628,pretrain,70.45909947286793
629,pretrain,65.9934310277634
630,pretrain,105.17128385306255
631,pretrain,119.66652573159148
632,pretrain,102.54163376937274
633,pretrain,95.8809666600427
634,pretrain,113.18260198557968
635,pretrain,116.07400160404688
636,pretrain,117.76439716478933
637,pretrain,109.45668086739745
638,pretrain,120.30296293495904
639,pretrain,115.57172998729287
640,pretrain,93.82854293441295
641,pretrain,104.86547596429456
642,pretrain,108.70526774853452
643,pretrain,86.6713563346958
644,pretrain,76.08518659641936
645,pretrain,72.05587908567044
646,pretrain,73.82315612653606
647,pretrain,52.358417739104794
648,pretrain,66.4282940455017
649,pretrain,62.909459516175964
650,pretrain,83.5130826231518
651,pretrain,71.62790345920683
652,pretrain,91.95626931063944
653,pretrain,76.29512862165917
654,pretrain,96.81124175610562
655,pretrain,101.65648474978117
656,pretrain,98.66079043876502
657,pretrain,112.62422043081558
658,pretrain,125.19600501851592
659,pretrain,115.60283209719533
660,pretrain,105.57746722832516
661,pretrain,118.05266311966857
662,pretrain,108.27646956552302
663,pretrain,108.466324004409
664,pretrain,104.96046626420231
665,pretrain,85.4560649113272
666,pretrain,79.18790170711786
667,pretrain,88.98158888811943
668,pretrain,74.43141885232586
669,pretrain,52.50333059508198
670,pretrain,75.00923481236853
671,pretrain,68.21212915407236
672,pretrain,66.44076694606157
673,pretrain,62.63934906121546
674,pretrain,82.85746659533498
675,pretrain,83.73336708324045
676,pretrain,106.21258379982604
677,pretrain,97.74870297507732
678,pretrain,105.25339066844957
679,pretrain,108.58091345056054
680,pretrain,123.68597247595977
681,pretrain,128.3656505839351
682,pretrain,138.14632772040818
683,pretrain,126.95895697792722
684,pretrain,128.66850575480177
685,pretrain,127.29671495972966
686,pretrain,134.45894142131854
687,pretrain,135.35196449632372
688,pretrain,113.48104159315903
689,pretrain,106.51814706908434
690,pretrain,104.66438332931183
691,pretrain,92.4211021851746
692,pretrain,94.76819476347258
693,pretrain,62.92434377780466
694,pretrain,69.55736304948515
695,pretrain,66.91466007798982
696,pretrain,53.386154018433054
697,pretrain,65.26211977389971
698,pretrain,68.64699107722164
699,pretrain,79.12696144577514
700,pretrain,95.85272925080432
701,pretrain,92.22394555492096
702,pretrain,93.70249235535299
703,pretrain,109.2579371408896
704,pretrain,125.34239108905301
705,pretrain,115.35453502419941
706,pretrain,120.64516515968378
707,pretrain,135.39516858038803
708,pretrain,130.17671319167582
709,pretrain,136.10665443187006
710,pretrain,127.820589896693
711,pretrain,128.77551473783518
712,pretrain,108.66837720519709
713,pretrain,109.61689626429168
714,pretrain,100.26348200261695
715,pretrain,84.45730337161353
716,pretrain,74.4411785345727
717,pretrain,86.22179096412307
718,pretrain,73.16062094624523
719,pretrain,64.79298507567151
720,pretrain,70.97030323827862
721,pretrain,81.78611080378764
722,pretrain,57.51306985715673
723,pretrain,68.55342177884224
724,pretrain,79.35664319850314
725,pretrain,105.66459431435229
726,pretrain,104.00043059701964
727,pretrain,115.64284401043071
728,pretrain,107.61844738065543
729,pretrain,113.9966511670975
730,pretrain,131.3030065809801
731,pretrain,131.1837041698209
732,pretrain,136.1296452845783
733,pretrain,129.21614159490971
734,pretrain,129.94564665883544
735,pretrain,124.21789084850258
736,pretrain,122.96187384634467
737,pretrain,115.96037234229667
738,pretrain,88.78075877853111
739,pretrain,75.9970149378628
740,pretrain,94.75369791487735
741,pretrain,90.02833204416436
742,pretrain,67.59398846402543
743,pretrain,57.88327669262819
744,pretrain,72.31630396528247
745,pretrain,79.99295641935704
746,pretrain,89.92401946316622
747,pretrain,84.44120253844004
748,pretrain,83.5502918245393
749,pretrain,86.61440907147033
750,pretrain,101.6156357305901
751,pretrain,106.89447911921843
752,pretrain,108.40348215139433
753,pretrain,139.12727403972758
754,pretrain,141.78613472733508
755,pretrain,139.59018965434035
756,pretrain,124.15722221475183
757,pretrain,137.34195478027513
758,pretrain,132.62179878674124
759,pretrain,126.27759382645371
760,pretrain,126.52134753357508
761,pretrain,114.3715658931907
762,pretrain,107.44413928765954
763,pretrain,98.85470431112692
764,pretrain,89.25035666124172
765,pretrain,66.04193292391498
766,pretrain,76.21223190297616
767,pretrain,68.09671493775981
768,pretrain,61.06321036641256
769,pretrain,85.77869619326727
770,pretrain,89.15313864108519
771,pretrain,90.9624993943012
772,pretrain,88.34364536237973
773,pretrain,104.34236764207836
774,pretrain,101.39836347234733
775,pretrain,110.68888759579059
776,pretrain,107.55416706383687
777,pretrain,125.69107189911988
778,pretrain,127.76578756846122
779,pretrain,119.85849588152907
780,pretrain,130.89236113299998
781,pretrain,129.6418763053503
782,pretrain,141.663189474223
783,pretrain,129.66884809123644
784,pretrain,116.39350154026445
785,pretrain,111.05680785901701
786,pretrain,101.65563705236632
787,pretrain,91.91405479609273
788,pretrain,77.64252044842645
789,pretrain,78.88031957108088
790,pretrain,69.35238986077948
791,pretrain,62.321638927475504
792,pretrain,68.0559591068629
793,pretrain,68.01630456014365
794,pretrain,53.28983859735814
795,pretrain,70.89282439848482
796,pretrain,85.431795677682
797,pretrain,92.45186028388513
798,pretrain,99.17287933356452
799,pretrain,98.26560446346237
800,pretrain,97.7058219667294
801,pretrain,101.38847706365492
802,pretrain,117.10570973066531
803,pretrain,120.08042217520878
804,pretrain,128.26483348332314
805,pretrain,125.84601910302415
806,pretrain,113.29104124041308
807,pretrain,100.10442065163245
808,pretrain,101.91333181439543
809,pretrain,99.69214836673488
810,pretrain,89.34951862736737
811,pretrain,79.35491750809331
812,pretrain,79.48926311024182
813,pretrain,67.84263956716096
814,pretrain,62.55897001849978
815,pretrain,67.37780995510529
816,pretrain,60.53906422533419
817,pretrain,66.6278426683898
818,pretrain,69.55795114700497
819,pretrain,62.54768976559845
820,pretrain,73.40507587544452
821,pretrain,95.26910616793147
822,pretrain,81.45836876449353
823,pretrain,80.80988349237164
824,pretrain,89.36024364042774
825,pretrain,110.07976753101796
826,pretrain,114.38502899280927
827,pretrain,115.8941153327717
828,pretrain,127.46852349779584
829,pretrain,95.45232671134916
830,pretrain,117.30516176399426
831,pretrain,122.3383935728332
832,pretrain,95.23275874723412
833,pretrain,94.70466698981673
834,pretrain,84.73186952853887
835,pretrain,76.61212227997954
836,pretrain,74.64490882618352
837,pretrain,83.0830040438071
838,pretrain,82.07141236808815
839,pretrain,61.987493756241804
840,pretrain,85.83855685645462
841,pretrain,71.9049121711438
842,pretrain,88.64684124401434
843,pretrain,78.63848251111449
844,pretrain,86.646537752308
845,pretrain,95.7572995720059
846,pretrain,126.02890457887914
847,pretrain,115.1729310957728
848,pretrain,109.93995890432714
849,pretrain,129.56326154174215
850,pretrain,123.68417696079729
851,pretrain,125.65784846940123
852,pretrain,137.86688602307572
853,pretrain,129.82453463478012
854,pretrain,128.80744457356647
855,pretrain,121.92316035445762
856,pretrain,118.29074015678233
857,pretrain,111.76237367650367
858,pretrain,85.10233968229554
859,pretrain,98.16608513973951
860,pretrain,77.74191978529646
861,pretrain,67.84647862386716
862,pretrain,74.15002307953624
863,pretrain,72.29214838178244
864,pretrain,64.8031030211272
865,pretrain,78.0216324103772
866,pretrain,63.632988893205024
867,pretrain,75.88239891192855
868,pretrain,80.67215925824144
869,pretrain,92.2138828219151
870,pretrain,102.58206661488336
871,pretrain,100.05258009379271
872,pretrain,121.14541375735527
873,pretrain,122.06837471997947
874,pretrain,111.19634442474332
875,pretrain,113.66019560320125
876,pretrain,130.25259799427096
877,pretrain,127.56118858408666
878,pretrain,125.50455354264153
879,pretrain,121.34049612106013
880,pretrain,117.15563105378689
881,pretrain,115.69692056956747
882,pretrain,91.46231313036498
883,pretrain,83.21080824142346
884,pretrain,76.6045614746064
885,pretrain,81.44928223945868
886,pretrain,84.32996925334386
887,pretrain,67.92266204311731
888,pretrain,50.0846002925433
889,pretrain,57.48848135626548
890,pretrain,67.45314314991928
891,pretrain,74.4231645102624
892,pretrain,81.83109002778272
893,pretrain,92.64227667659225
894,pretrain,97.60422839924095
895,pretrain,116.25748728324342
896,pretrain,109.69006060036959
897,pretrain,114.41285880561261
898,pretrain,129.9099654675174
899,pretrain,116.79083727508362
900,pretrain,133.21573268838054
901,pretrain,129.89639930430272
902,pretrain,124.89942124000835
903,pretrain,134.01761133861106
904,pretrain,110.12053948346279
905,pretrain,124.34515576308878
906,pretrain,98.29474745199575
907,pretrain,82.11749613298309
908,pretrain,85.65755569377916
909,pretrain,70.27503400767398
910,pretrain,68.10339014977937
911,pretrain,74.29669065727242
912,pretrain,74.28394693300469
913,pretrain,65.88417383309758
914,pretrain,81.75776927064173
915,pretrain,87.88614885237634
916,pretrain,96.32970427631001
917,pretrain,96.31002612773383
918,pretrain,110.74671992048928
919,pretrain,92.55747415308684
920,pretrain,112.29603783477599
921,pretrain,114.1164516088127
922,pretrain,126.77385922635598
923,pretrain,124.24547125890183
924,pretrain,128.51002748820582
925,pretrain,143.87446405410813
926,pretrain,124.46229396597381
927,pretrain,124.36283219692183
928,pretrain,112.9811355844098
929,pretrain,108.20956788053398
930,pretrain,99.88742366729225
931,pretrain,95.66131139851333
932,pretrain,94.16175050818111
933,pretrain,91.8052387690339
934,pretrain,76.33548876554386
935,pretrain,75.57789052341646
936,pretrain,60.36758651844204
937,pretrain,69.89371386392956
938,pretrain,81.11605619746213
939,pretrain,85.28904826366737
940,pretrain,86.26738045428698
941,pretrain,98.90108291539457
942,pretrain,103.50063626387713
943,pretrain,116.94152401107677
944,pretrain,116.88937584758347
945,pretrain,117.94211950295472
946,pretrain,128.24199476092392
947,pretrain,105.10752237377643
948,pretrain,132.63758848300697
949,pretrain,99.36497477888037
950,pretrain,111.76755744621639
951,pretrain,124.40185483505087
952,pretrain,118.39473729006093
953,pretrain,98.03964370388276
954,pretrain,93.87768625689506
955,pretrain,102.77425914776401
956,pretrain,80.70226153934517
957,pretrain,96.30466165555404
958,pretrain,73.57838165298264
959,pretrain,73.86101721830465
960,pretrain,75.30851833922006
961,pretrain,64.34174277097371
962,pretrain,57.97208540352494
963,pretrain,69.4038204456401
964,pretrain,75.58863726171047
965,pretrain,71.46747571585061
966,pretrain,87.32686658050461
967,pretrain,90.42410061701976
968,pretrain,110.26838520873066
969,pretrain,108.74230123675002
970,pretrain,110.49384306023047
971,pretrain,114.60406501605543
972,pretrain,118.15849929848052
973,pretrain,120.38803405855427
974,pretrain,104.758511224056
975,pretrain,100.1327051822978
976,pretrain,111.71095687445144
977,pretrain,93.0629423913614
978,pretrain,78.0387864104562
979,pretrain,85.93591060852798
980,pretrain,79.5804815994927
981,pretrain,58.03591800114078
982,pretrain,67.8266909727602
983,pretrain,69.17819058085334
984,pretrain,65.11993743351753
985,pretrain,68.10070038015375
986,pretrain,54.508007132961595
987,pretrain,72.6812839678002
988,pretrain,73.20388774410385
989,pretrain,78.27441033230221
990,pretrain,96.08929069522524
991,pretrain,107.94715612302934
992,pretrain,116.9798062566703
993,pretrain,118.73519188395146
994,pretrain,111.6296582690058
995,pretrain,118.02660443388302
996,pretrain,122.25942879414139
997,pretrain,116.17426672406798
998,pretrain,113.55364522533964
999,pretrain,114.80675396691367
1000,pretrain,102.15058465165997
1001,pretrain,90.27866454664621
1002,pretrain,85.80906129318056
1003,pretrain,87.20801462396932
1004,pretrain,75.6487921494671
1005,pretrain,72.75464254277736
1006,pretrain,71.10279385530511
1007,pretrain,60.04611680688171
1008,pretrain,74.79564533915266
1009,pretrain,72.79862606910932
1010,pretrain,62.88639322128922
1011,pretrain,89.07089492400773
1012,pretrain,79.73970208005888
1013,pretrain,77.74032593155711
1014,pretrain,90.38531035342379
1015,pretrain,98.34187009776326
1016,pretrain,114.16304657937448
1017,pretrain,117.76805942134074
1018,pretrain,122.03176640252262
1019,pretrain,132.6810505426461
1020,pretrain,131.46466291965584
1021,pretrain,130.25181778394054
1022,pretrain,128.00504980227691
1023,pretrain,124.88794080972855
1024,pretrain,96.88203329589467
1025,pretrain,103.59472536507414
1026,pretrain,81.30397951419842
1027,pretrain,91.26956809142095
1028,pretrain,83.70859625231947
1029,pretrain,85.89671479283524
1030,pretrain,82.26597305835003
1031,pretrain,71.39008562746109
1032,pretrain,64.45527023090247
1033,pretrain,73.36167296177152
1034,pretrain,68.25405563795
1035,pretrain,77.23381420293445
1036,pretrain,91.3472493857638
1037,pretrain,86.23141672908665
1038,pretrain,104.90358796401767
1039,pretrain,111.64194115269171
1040,pretrain,105.81982431303109
1041,pretrain,127.4625153114133
1042,pretrain,130.02745172658285
1043,pretrain,128.25134073773097
1044,pretrain,122.35957118585645
1045,pretrain,120.56228549014516
1046,pretrain,120.13762034838665
1047,pretrain,124.01211799200978
1048,pretrain,105.81315751086649
1049,pretrain,109.72282819211225
1050,pretrain,88.52411461905052
1051,pretrain,89.06103882149125
1052,pretrain,84.33534088666975
1053,pretrain,96.80599657495259
1054,pretrain,61.45887149238157
1055,pretrain,81.25650059332668
1056,pretrain,69.36392743111237
1057,pretrain,72.47678867466979
1058,pretrain,73.13120931278661
1059,pretrain,80.50979922917958
1060,pretrain,81.935707284318
1061,pretrain,102.03301821779817
1062,pretrain,94.51341896541636
1063,pretrain,114.98763604972375
1064,pretrain,108.01025115750996
1065,pretrain,118.89637678360026
1066,pretrain,115.57024981442554
1067,pretrain,130.78315267066634
1068,pretrain,139.72619577462643
1069,pretrain,126.52411346931936
1070,pretrain,122.57086464311602
1071,pretrain,110.46145585026714
1072,pretrain,111.33084689079567
1073,pretrain,93.18740539451754
1074,pretrain,90.86216422546352
1075,pretrain,92.21490513501159
1076,pretrain,93.71729370114532
1077,pretrain,99.42567157345374
1078,pretrain,67.49174532511378
1079,pretrain,80.6698145837056
1080,pretrain,69.8168544942872
1081,pretrain,67.67907868843098
1082,pretrain,75.34682815135007
1083,pretrain,77.14896308491726
1084,pretrain,83.75000045597176
1085,pretrain,86.83559799538506
1086,pretrain,86.68195737268321
1087,pretrain,93.282404383973
1088,pretrain,118.09279371732383
1089,pretrain,116.86643736598474
1090,pretrain,119.07888556735784
1091,pretrain,126.9126544535313
1092,pretrain,134.22629267439905
1093,pretrain,128.28752098395728
1094,pretrain,118.59915727147944
1095,pretrain,128.89038173186205
1096,pretrain,125.50031867492707
1097,pretrain,109.58785924673248
1098,pretrain,105.65614274182674
1099,pretrain,100.0379432725089
1100,pretrain,91.90762918231016
1101,pretrain,81.56642463237861
1102,pretrain,76.67284891413993
1103,pretrain,73.046344449174
1104,pretrain,58.78448545785258
1105,pretrain,74.19119732043356
1106,pretrain,60.73591297168334
1107,pretrain,69.99318777763206
1108,pretrain,92.99170739669363
1109,pretrain,96.52037680270689
1110,pretrain,109.46237317171583
1111,pretrain,103.15436313780621
1112,pretrain,103.34519612401479
1113,pretrain,116.85289271326262
1114,pretrain,124.36019934568668
1115,pretrain,127.17287137362106
1116,pretrain,136.63263068428253
1117,pretrain,123.65079824287342
1118,pretrain,126.36022474218548
1119,pretrain,110.86737309434851
1120,pretrain,116.16572507857944
1121,pretrain,105.35262660878965
1122,pretrain,91.56468014795279
1123,pretrain,87.91198060375449
1124,pretrain,81.08978088210718
1125,pretrain,74.18874238393575
1126,pretrain,85.75315467883723
1127,pretrain,67.79784404709385
1128,pretrain,58.57773235404817
1129,pretrain,44.6692962647809
1130,pretrain,56.99255651745121
1131,pretrain,66.33243074777927
1132,pretrain,68.54207982605374
1133,pretrain,91.5944477647212
1134,pretrain,86.20939903229713
1135,pretrain,104.82456944778096
1136,pretrain,101.52253830786982
1137,pretrain,106.91860701887627
1138,pretrain,110.20121555594672
1139,pretrain,113.63926855824339
1140,pretrain,128.27926125986576
1141,pretrain,95.05201273126197
1142,pretrain,94.8992211821373
1143,pretrain,102.27541767905474
1144,pretrain,101.14512429096743
1145,pretrain,100.03785085134703
1146,pretrain,91.31359881968667
1147,pretrain,77.46681971465426
1148,pretrain,82.18125078140099
1149,pretrain,76.67858136865196
1150,pretrain,65.61867798345956
1151,pretrain,69.15016450555676
1152,pretrain,62.42749486100753
1153,pretrain,56.674471229482585
1154,pretrain,69.44618156337069
1155,pretrain,69.03935464214312
1156,pretrain,73.7570515275864
1157,pretrain,92.04184711329903
1158,pretrain,67.63935572522982
1159,pretrain,82.892973610042
1160,pretrain,91.24976934255554
1161,pretrain,103.43213066503684
1162,pretrain,108.59215329760211
1163,pretrain,101.26772488117096
1164,pretrain,106.3650684950639
1165,pretrain,106.43959663516678
1166,pretrain,130.28841139233748
1167,pretrain,120.75215142756446
1168,pretrain,97.4523374120733
1169,pretrain,91.32578064886417
1170,pretrain,78.05270077604415
1171,pretrain,64.9931752299803
1172,pretrain,72.81129126228232
1173,pretrain,60.17163379556152
1174,pretrain,63.18484259807459
1175,pretrain,48.364688651397834
1176,pretrain,60.525589282625106
1177,pretrain,68.83262692285777
1178,pretrain,73.5702996178455
1179,pretrain,78.74795718344686
1180,pretrain,71.05747307585087
1181,pretrain,95.69429943711603
1182,pretrain,90.21969137629236
1183,pretrain,109.44881961904125
1184,pretrain,111.53627553616163
1185,pretrain,106.82348839208001
1186,pretrain,120.07256542599082
1187,pretrain,128.52206967428936
1188,pretrain,131.52510799290397
1189,pretrain,124.47125655822387
1190,pretrain,134.85637818744874
1191,pretrain,125.89467455259606
1192,pretrain,109.56815201790914
1193,pretrain,110.38693079927835
1194,pretrain,112.09173283061266
1195,pretrain,104.54069040229575
1196,pretrain,71.7973859025272
1197,pretrain,67.99591662425355
1198,pretrain,82.51997312944482
1199,pretrain,59.17736175373402
1200,pretrain,55.71714583063438
1201,pretrain,63.43014706270339
1202,pretrain,73.67852645923134
1203,pretrain,74.26509780848262
1204,pretrain,76.09296593372308
1205,pretrain,83.13920385009612
1206,pretrain,90.59877838166614
1207,pretrain,97.0259692207719
1208,pretrain,129.5505379151763
1209,pretrain,119.89076690204868
1210,pretrain,129.3723094457389
1211,pretrain,121.36262994068848
1212,pretrain,124.80982147947942
1213,pretrain,119.56681783467702
1214,pretrain,101.06457033114737
1215,pretrain,106.48660411778131
1216,pretrain,96.81252545712465
1217,pretrain,86.06377602643057
1218,pretrain,86.734603102583
1219,pretrain,99.13254897894524
1220,pretrain,80.94198555533299
1221,pretrain,85.40878155994079
1222,pretrain,73.60457339864168
1223,pretrain,73.58017071401704
1224,pretrain,58.761559588851576
1225,pretrain,71.18256839615749
1226,pretrain,75.81768731034978
1227,pretrain,70.14235377782221
1228,pretrain,85.4450585162175
1229,pretrain,92.73366626681121
1230,pretrain,91.57231458224751
1231,pretrain,94.75115944619584
1232,pretrain,101.495708896102
1233,pretrain,117.8739833222563
1234,pretrain,124.56557661513585
1235,pretrain,118.6063036962969
1236,pretrain,126.18141828189697
1237,pretrain,129.5108066290681
1238,pretrain,126.89502338214375
1239,pretrain,129.5969799478645
1240,pretrain,121.18458220887253
1241,pretrain,95.72297544231145
1242,pretrain,109.43742522759236
1243,pretrain,83.95635216176683
1244,pretrain,89.32771805092361
1245,pretrain,75.29942512410048
1246,pretrain,66.69077841009928
1247,pretrain,52.52938588441666
1248,pretrain,64.26274824290037
1249,pretrain,54.18242365351423
1250,pretrain,77.39289609784016
1251,pretrain,86.55640214614871
1252,pretrain,74.25997641025764
1253,pretrain,90.2864589117097
1254,pretrain,89.83213214856735
1255,pretrain,98.37195783661245
1256,pretrain,116.83122195555413
1257,pretrain,116.54016166548028
1258,pretrain,135.5332107736124
1259,pretrain,120.75517928367984
1260,pretrain,133.62995498442706
1261,pretrain,125.39234641696545
1262,pretrain,127.98225051611817
1263,pretrain,113.27120650158801
1264,pretrain,110.23879362421849
1265,pretrain,102.4758446433153
1266,pretrain,88.94680740586486
1267,pretrain,93.16734524820954
1268,pretrain,85.83725636925809
1269,pretrain,79.17049844827928
1270,pretrain,81.95022744243916
1271,pretrain,78.25224794584953
1272,pretrain,62.297602512925025
1273,pretrain,69.30380379051948
1274,pretrain,64.32759240411924
1275,pretrain,74.27079912503812
1276,pretrain,75.4991644387672
1277,pretrain,100.4931511517309
1278,pretrain,98.2067452344618
1279,pretrain,101.31749835995835
1280,pretrain,119.84610860656912
1281,pretrain,99.14544018895124
1282,pretrain,105.16510138632896
1283,pretrain,130.64164406214834
1284,pretrain,125.78090761665705
1285,pretrain,126.27850522247624
1286,pretrain,110.66675331870287
1287,pretrain,116.3244937805116
1288,pretrain,126.32523531492885
1289,pretrain,109.65532834316063
1290,pretrain,96.6548123928606
1291,pretrain,84.02015739780298
1292,pretrain,77.14057721676298
1293,pretrain,57.05037348252155
1294,pretrain,71.37752128555424
1295,pretrain,73.08325011090089
1296,pretrain,45.8541159567682
1297,pretrain,54.087738125873756
1298,pretrain,52.816667614085894
1299,pretrain,58.644377923626216
1300,pretrain,72.38692358870833
1301,pretrain,61.79573911645727
1302,pretrain,90.37323408098963
1303,pretrain,98.47802535137065
1304,pretrain,96.95024986983782
1305,pretrain,84.70528558629357
1306,pretrain,100.87040746829385
1307,pretrain,121.40228335675954
1308,pretrain,90.23511632830454
1309,pretrain,108.75888058638982
1310,pretrain,99.4017502485749
1311,pretrain,110.9875160788486
1312,pretrain,93.55815895698544
1313,pretrain,95.67881695778608
1314,pretrain,89.98275392748587
1315,pretrain,93.16076307420522
1316,pretrain,70.33553502473018
1317,pretrain,69.37554243907725
1318,pretrain,50.195940838933794
1319,pretrain,68.90238177067823
1320,pretrain,52.06263812206737
1321,pretrain,54.58067828413148
1322,pretrain,61.58604064566476
1323,pretrain,53.55175105188272
1324,pretrain,73.4768691380698
1325,pretrain,85.89832487227031
1326,pretrain,87.49017949461663
1327,pretrain,79.42364261097656
1328,pretrain,97.65623455200102
1329,pretrain,110.17482322251101
1330,pretrain,93.50548468109088
1331,pretrain,102.62857810590143
1332,pretrain,119.15905773929046
1333,pretrain,113.38746969002142
1334,pretrain,111.82516746583217
1335,pretrain,119.11455045966157
1336,pretrain,102.39513113468792
1337,pretrain,97.39792720787179
1338,pretrain,106.83267312438491
1339,pretrain,76.4481582241463
1340,pretrain,65.26364679769034
1341,pretrain,69.47719700057857
1342,pretrain,65.27595123956961
1343,pretrain,54.85298846126378
1344,pretrain,55.99688116085589
1345,pretrain,83.75703790534325
1346,pretrain,70.89004296686569
1347,pretrain,67.18457083048165
1348,pretrain,86.58349973553146
1349,pretrain,85.61832475172838
1350,pretrain,92.23300574675203
1351,pretrain,106.51881164568624
1352,pretrain,98.92099917144115
1353,pretrain,118.29027838422849
1354,pretrain,135.54045789268184
1355,pretrain,126.96325340354521
1356,pretrain,121.24636048702696
1357,pretrain,119.1769898625408
1358,pretrain,116.95409964406696
1359,pretrain,113.43755932850885
1360,pretrain,106.2336050552285
1361,pretrain,109.35112019896684
1362,pretrain,80.39038449162281
1363,pretrain,93.38748636751612
1364,pretrain,76.2185651161542
1365,pretrain,76.05843616726125
1366,pretrain,59.259391922154606
1367,pretrain,75.90733106341811
1368,pretrain,73.8655155978011
1369,pretrain,72.59938533375465
1370,pretrain,55.80163559654464
1371,pretrain,79.32020104935812
1372,pretrain,82.1392766175118
1373,pretrain,73.29369458628996
1374,pretrain,93.7060568462596
1375,pretrain,104.58128318176784
1376,pretrain,113.34903810701132
1377,pretrain,116.53173028761339
1378,pretrain,122.21104936473832
1379,pretrain,134.66710184312294
1380,pretrain,133.70870719571155
1381,pretrain,99.94177107483623
1382,pretrain,117.34168959125782
1383,pretrain,113.79643113167093
1384,pretrain,94.88364733461034
1385,pretrain,102.41847173536024
1386,pretrain,103.89049809571017
1387,pretrain,77.44332168662578
1388,pretrain,81.59164342594511
1389,pretrain,65.3606446624582
1390,pretrain,62.544377613455545
1391,pretrain,76.74181020111435
1392,pretrain,59.20023295550494
1393,pretrain,68.26062063981249
1394,pretrain,52.59018847437848
1395,pretrain,87.22603257196215
1396,pretrain,83.36191508685152
1397,pretrain,84.31612542212181
1398,pretrain,98.14506759639869
1399,pretrain,90.02671143789269
1400,pretrain,118.0009414504208
1401,pretrain,112.16202074802452
1402,pretrain,117.88890150954522
1403,pretrain,118.58522538534771
1404,pretrain,118.89548429443487
1405,pretrain,128.07583519809884
1406,pretrain,121.56871243076648
1407,pretrain,119.96788408322028
1408,pretrain,108.47033800051497
1409,pretrain,105.41086535809261
1410,pretrain,90.18990556499924
1411,pretrain,103.61397889460031
1412,pretrain,65.99725218495556
1413,pretrain,82.414990669307
1414,pretrain,78.50319300863414
1415,pretrain,57.745650280002735
1416,pretrain,81.0111316005071
1417,pretrain,72.1630901909498
1418,pretrain,74.96529265710943
1419,pretrain,72.1879167766699
1420,pretrain,76.4391334503099
1421,pretrain,83.73710074666681
1422,pretrain,96.30118748661543
1423,pretrain,112.15100426940609
1424,pretrain,109.62745645895066
1425,pretrain,107.09859716655741
1426,pretrain,125.7531213286723
1427,pretrain,129.5239234758897
1428,pretrain,128.4142189436416
1429,pretrain,128.1187087569312
1430,pretrain,116.99027978833
1431,pretrain,106.9582328146111
1432,pretrain,101.23139527093306
1433,pretrain,87.85780808147206
1434,pretrain,95.0725316084269
1435,pretrain,84.74478109717093
1436,pretrain,74.65704107982164
1437,pretrain,48.31878868570233
1438,pretrain,57.217640844972806
1439,pretrain,73.16589313861259
1440,annual,57.492277302705546
1441,annual,66.71624393579327
1442,annual,55.70303974987539
1443,annual,83.10572572648802
1444,annual,76.65706402277318
1445,annual,87.36503712200324
1446,annual,111.41552363826408
1447,annual,112.70537746100143
1448,annual,105.35676033291413
1449,annual,109.27672725984415
1450,annual,116.1856873245875
1451,annual,125.86624607969492
1452,annual,121.96749222920363
1453,annual,118.62510693185486
1454,annual,130.5274974224161
1455,annual,113.10880960458434
1456,annual,126.20599804750915
1457,annual,101.29979716630359
1458,annual,107.09183245700842
1459,annual,87.90326933181997
1460,annual,85.51296988920619
1461,annual,65.79919345547238
1462,annual,59.998449408978146
1463,annual,67.50915815465844
1464,annual,64.10247494013409
1465,annual,57.436103706610425
1466,annual,49.520216417562146
1467,annual,53.22009897806017
1468,annual,58.27695778292164
1469,annual,62.064957879128464
1470,annual,84.06993187598827
1471,annual,99.18251459184383
1472,annual,96.5867227050131
1473,annual,84.20261403374553
1474,annual,105.05065121991503
1475,annual,107.97165433715557
1476,annual,126.96203900221508
1477,annual,97.61694300685997
1478,annual,103.45131408179785
1479,annual,115.93275353680487
1480,annual,100.29387573118395
1481,annual,94.68866780631102
1482,annual,84.11072449660259
1483,annual,78.84548309190163
1484,annual,75.91492524263987
1485,annual,57.62627535723267
1486,annual,66.83583172949733
1487,annual,46.13002755552241
1488,annual,58.483367972279716
1489,annual,58.206354586113186
1490,annual,54.54339358191071
1491,annual,63.58305889498546
1492,annual,64.37610296830299
1493,annual,67.29469935696541
1494,annual,80.02750625671827
1495,annual,81.01262932442219
1496,annual,98.93880390237341
1497,annual,92.74762332844529
1498,annual,111.93492627573568
1499,annual,99.48458895600172
1500,annual,105.32606486497937
1501,annual,103.93959423371084
1502,annual,116.84028392280598
1503,annual,104.59062684659693
1504,annual,94.66255376927226
1505,annual,93.83429393595327
1506,annual,65.99888541098991
1507,annual,75.5232412547321
1508,annual,85.33653761206554
1509,annual,64.82331314881203
1510,annual,60.01704364080226
1511,annual,61.161453916960134
1512,annual,68.84882237546482
1513,annual,46.72647209715913
1514,annual,52.24460646108868
1515,annual,72.1531073220428
1516,annual,70.96496793376997
1517,annual,94.41561117363374
1518,annual,89.16258530986826
1519,annual,83.97230589632073
1520,annual,96.53986909419808
1521,annual,90.89977570750187
1522,annual,115.79173824421991
1523,annual,119.15468219950704
1524,annual,118.28827875069487
1525,annual,129.29278752986002
1526,annual,127.25290123461676
1527,annual,111.53407647769758
1528,annual,89.6064310891352
1529,annual,104.38680442596375
1530,annual,96.12686225701866
1531,annual,86.39454163712999
1532,annual,84.535818423415
1533,annual,61.15215222166532
1534,annual,81.77326140489802
1535,annual,55.030783615143065
1536,annual,67.29558851591445
1537,annual,48.82524875432875
1538,annual,57.878925486614044
1539,annual,82.21955083651387
1540,annual,74.21460651430081
1541,annual,90.25661458629438
1542,annual,93.19744820806157
1543,annual,98.22671120338185
1544,annual,117.21260769776913
1545,annual,110.62173793668883
1546,annual,103.036662351333
1547,annual,113.85365915136602
1548,annual,125.71133892792116
1549,annual,123.44365273787973
1550,annual,104.74610120995726
1551,annual,106.72026837863842
1552,annual,101.64803430468965
1553,annual,96.14261969846943
1554,annual,80.2944963894952
1555,annual,78.51026488027615
1556,annual,70.47292121623141
1557,annual,76.26086774080656
1558,annual,71.7940134726964
1559,annual,61.157546644925034
1560,annual,57.77996243193575
1561,annual,63.05790050654246
1562,annual,58.40291782572383
1563,annual,60.528420705965644
1564,annual,68.39451112749586
1565,annual,78.07320413405432
1566,annual,81.60849040056343
1567,annual,99.97732862448022
1568,annual,111.75400618917126
1569,annual,99.43269782811208
1570,annual,117.09807260216303
1571,annual,118.13456922544296
1572,annual,123.64835028319602
1573,annual,119.79054544274494
1574,annual,105.26824867298171
1575,annual,102.0303698436407
1576,annual,106.15166940358138
1577,annual,106.9110995099413
1578,annual,73.20278183055757
1579,annual,85.91752208423861
1580,annual,85.43325684120276
1581,annual,68.47887035365548
1582,annual,69.33713865357997
1583,annual,56.31395336304713
1584,annual,59.57259217568722
1585,annual,48.58243883476497
1586,annual,45.792013189018085
1587,annual,76.85644474410802
1588,annual,67.6475623481067
1589,annual,79.11872765679917
1590,annual,79.43598374374069
1591,annual,87.01233549830685
1592,annual,104.13682016914531
1593,annual,105.90410765241349
1594,annual,119.53205186739298
1595,annual,123.12560391041102
1596,annual,123.0943189404991
1597,annual,121.41410288600184
1598,annual,129.1304295228905
1599,annual,103.19997505313958
1600,annual,105.08804284027889
1601,annual,107.35361168713457
1602,annual,100.64384024460652
1603,annual,71.38884122207003
1604,annual,73.0286782366553
1605,annual,80.17928710124392
1606,annual,68.61139249796162
1607,annual,63.111851233068364
1608,annual,58.394165661522685
1609,annual,58.08746101466593
1610,annual,66.46063360018937
1611,annual,66.90344677352765
1612,annual,74.79501424064438
1613,annual,82.99986150484462
1614,annual,84.71107098105195
1615,annual,102.15724955312707
1616,annual,128.4496003963233
1617,annual,97.13295352998776
1618,annual,118.70850551605294
1619,annual,113.03189728872074
1620,annual,124.75486382915393
1621,annual,119.48587778429487
1622,annual,122.2112435148728
1623,annual,120.7528992566666
1624,annual,106.67501215114538
1625,annual,106.95663286938898
1626,annual,71.38126005869051
1627,annual,95.0946902392525
1628,annual,78.13614042413867
1629,annual,77.54518661936498
1630,annual,54.3958751367346
1631,annual,54.5117093674852
1632,annual,54.934191467600925
1633,annual,54.55038468993818
1634,annual,59.6485479163428
1635,annual,70.35092330984568
1636,annual,53.144922592019945
1637,annual,81.56912347041313
1638,annual,80.83294039410616
1639,annual,86.12454444321442
1640,annual,82.49776323936362
1641,annual,103.88295755349444
1642,annual,84.83650820837428
1643,annual,112.03383451415728
1644,annual,95.8298384306588
1645,annual,107.27434572518737
1646,annual,103.19602031799921
1647,annual,109.21487338483058
1648,annual,92.83744376233162
1649,annual,82.20169084304547
1650,annual,76.71386354667311
1651,annual,83.96163304671197
1652,annual,71.55706086788989
1653,annual,58.589762170220666
1654,annual,55.49242785254678
1655,annual,42.14927107995431
1656,annual,56.51648718959789
1657,annual,40.25017061141699
1658,annual,63.040379407289365
1659,annual,62.3457832306789
1660,annual,86.00430797937693
1661,annual,64.61949493522306
1662,annual,79.5873968544605
1663,annual,101.78310940793811
1664,annual,103.43981070511687
1665,annual,93.93088026218314
1666,annual,105.58311891195298
1667,annual,106.5046857439111
1668,annual,109.66434052193881
1669,annual,100.89924740471176
1670,annual,103.07681626335953
1671,annual,86.71615767260863
1672,annual,94.98968119773022
1673,annual,90.99697318792828
1674,annual,78.58933828163448
1675,annual,60.5001722403392
1676,annual,74.81694848559728
1677,annual,64.23301079469121
1678,annual,51.217886898997904
1679,annual,52.0838926982762
1680,annual,46.93710074857343
1681,annual,51.76140015993285
1682,annual,58.659203086437856
1683,annual,77.55661903347291
1684,annual,68.82642884372834
1685,annual,86.29959389238257
1686,annual,84.6359263479355
1687,annual,98.69060781071876
1688,annual,102.81129195367772
1689,annual,117.14011220716651
1690,annual,110.64472737861283
1691,annual,105.34000475948066
1692,annual,107.88686371991908
1693,annual,113.66521080795813
1694,annual,104.93073831893687
1695,annual,113.43735553186097
1696,annual,100.21631065196351
1697,annual,115.70387972411521
1698,annual,75.04073920973107
1699,annual,82.80695004743092
1700,annual,64.9188317827828
1701,annual,63.78204181217029
1702,annual,64.09304964401933
1703,annual,41.36171018316179
1704,annual,60.433878163500616
1705,annual,74.78475413871769
1706,annual,58.93100072871449
1707,annual,69.40452864804404
1708,annual,81.73864277419959
1709,annual,79.4630698759048
1710,annual,83.89158772094453
1711,annual,78.097949352498
1712,annual,108.66719498435617
1713,annual,108.84712538696164
1714,annual,106.41856053162425
1715,annual,118.52981770008999
1716,annual,113.86982637474694
1717,annual,113.28963496894424
1718,annual,119.37036059159922
1719,annual,99.04541337420207
1720,annual,111.91779151778645
1721,annual,85.12235127732478
1722,annual,83.23765796235428
1723,annual,96.15826742865339
1724,annual,82.55810732233579
1725,annual,68.1068977335635
1726,annual,55.034265391653506
1727,annual,55.3273159869252
1728,annual,58.71975463448508
1729,annual,59.45596318784424
1730,annual,61.42582256725864
1731,annual,66.67368856952959
1732,annual,71.41855124015858
1733,annual,68.83315087960378
1734,annual,84.00146618051284
1735,annual,103.21511590276991
1736,annual,92.18687773739056
1737,annual,107.83031146108169
1738,annual,107.5562828011659
1739,annual,118.00213034165645
1740,annual,115.02448666926495
1741,annual,128.93047622626892
1742,annual,118.16697946485469
1743,annual,98.85233022717823
1744,annual,108.50337621070909
1745,annual,89.70090862077863
1746,annual,83.51758114677922
1747,annual,82.87953292558086
1748,annual,69.19957275995844
1749,annual,74.06319521278674
1750,annual,55.956709512159186
1751,annual,54.20420490839655
1752,annual,52.474457710988816
1753,annual,54.222540083861325
1754,annual,70.53819519022304
1755,annual,71.54259177265969
1756,annual,86.40497649147025
1757,annual,98.10200713749211
1758,annual,79.47968860391497
1759,annual,96.05334923106763
1760,annual,93.31582232622623
1761,annual,102.71778087298398
1762,annual,108.6655268908615
1763,annual,108.24596065493955
1764,annual,109.31032667618638
1765,annual,115.5489246198837
1766,annual,103.9724396258156
1767,annual,115.67564396807117
1768,annual,95.38339656003357
1769,annual,117.96654797322046
1770,annual,84.11434925165852
1771,annual,80.53699464163448
1772,annual,62.36269538364542
1773,annual,80.1609554887984
1774,annual,70.70066819226386
1775,annual,61.12297703659054
1776,annual,46.54058800059718
1777,annual,60.02256862395862
1778,annual,52.36279790916251
1779,annual,77.80064706302417
1780,annual,78.7885662456591
1781,annual,80.31394934565998
1782,annual,67.82400308485514
1783,annual,87.2122519146371
1784,annual,107.81709744363269
1785,annual,118.23128136021538
1786,annual,122.16912899630393
1787,annual,103.55667916157412
1788,annual,119.72742684533695
1789,annual,124.4169049113692
1790,annual,100.02908597970891
1791,annual,108.46497570344425
1792,annual,104.50574757730136
1793,annual,92.67346306513545
1794,annual,72.4977135476241
1795,annual,76.94485215716826
1796,annual,69.69656494879354
1797,annual,64.91722571885526
1798,annual,56.826474873900004
1799,annual,54.793136376229924
1800,annual,50.894531635917225
1801,annual,55.67182142464589
1802,annual,52.394081889659866
1803,annual,55.84310737571225
1804,annual,65.45101420072871
1805,annual,55.856740269763534
1806,annual,82.02846291250471
1807,annual,85.19579133547745
1808,annual,92.02973010747354
1809,annual,104.98993944748554
1810,annual,85.9723435564869
1811,annual,88.50150824562618
1812,annual,107.4026126572812
1813,annual,104.23524436346977
1814,annual,102.95628334240834
1815,annual,93.60704838535027
1816,annual,97.0270112886125
1817,annual,92.66140685639007
1818,annual,82.08404024630526
1819,annual,69.13744000968832
1820,annual,47.85066679377783
1821,annual,65.2741884669533
1822,annual,64.60332532225395
1823,annual,57.28865188076004
1824,annual,43.801876015130446
1825,annual,57.149373273607715
1826,annual,61.34056719558222
1827,annual,71.2176623244264
1828,annual,57.33013604024684
1829,annual,69.03926453994933
1830,annual,83.81719184321814
1831,annual,85.28641022334382
1832,annual,82.40039461766031
1833,annual,100.24782880632091
1834,annual,105.85099440677168
1835,annual,104.62271591452335
1836,annual,106.59569485151006
1837,annual,101.8493655303895
1838,annual,113.04793282197882
1839,annual,89.72536105640587
1840,annual,86.64044933196027
1841,annual,84.91501376005877
1842,annual,84.87064765567764
1843,annual,58.871915855546135
1844,annual,53.856641435947004
1845,annual,42.44530428015599
1846,annual,54.717891333916825
1847,annual,42.8125715866133
1848,annual,52.994842172255055
1849,annual,62.38449378286
1850,annual,54.95813917260246
1851,annual,66.70829579874888
1852,annual,68.67653979038461
1853,annual,83.68358622009426
1854,annual,89.87226759118246
1855,annual,88.30034483607713
1856,annual,99.72202902519477
1857,annual,115.63439366975877
1858,annual,115.19902012796432
1859,annual,103.87332137906138
1860,annual,121.31618754176945
1861,annual,106.37213286158052
1862,annual,123.3521097256196
1863,annual,115.47723720672302
1864,annual,103.3903268597456
1865,annual,95.09367715296356
1866,annual,84.39898500417902
1867,annual,83.73486331052298
1868,annual,68.1050176967019
1869,annual,66.74259858192113
1870,annual,67.06595587102085
1871,annual,52.59901591552162
1872,annual,50.72335021778165
1873,annual,47.120193503239484
1874,annual,51.15634805516467
1875,annual,49.81252621057877
1876,annual,76.49152244983145
1877,annual,92.35963712129376
1878,annual,97.05552368546965
1879,annual,80.40878758177071
1880,annual,106.45172951015681
1881,annual,118.24294637269209
1882,annual,107.97917440533107
1883,annual,115.44224637157966
1884,annual,99.58974773126985
1885,annual,116.7645562701924
1886,annual,103.12517641576264
1887,annual,108.46317571659576
1888,annual,88.16326876019617
1889,annual,97.7603292866036
1890,annual,93.84899354112073
1891,annual,71.62288189091025
1892,annual,61.55751148642375
1893,annual,47.191504361710955
1894,annual,57.540821751572636
1895,annual,52.02236587478232
1896,annual,42.82471085029177
1897,annual,59.87924141090153
1898,annual,55.65234098062586
1899,annual,55.41377504431793
1900,annual,65.79628690395263
1901,annual,86.03873110743751
1902,annual,90.056361699118
1903,annual,91.95722901016393
1904,annual,105.18570629679503
1905,annual,97.15877393357873
1906,annual,111.47258906842562
1907,annual,115.38921958164003
1908,annual,111.4741740810864
1909,annual,117.6943076254076
1910,annual,104.97016062545377
1911,annual,110.52463524688159
1912,annual,104.64773632132655
1913,annual,69.66015845657532
1914,annual,94.75531177715716
1915,annual,53.08723427317856
1916,annual,65.30447394462723
1917,annual,72.22244698754184
1918,annual,56.71381023352353
1919,annual,44.52560350064782
1920,annual,46.06139305553738
1921,annual,64.04876073116365
1922,annual,43.45849119134848
1923,annual,72.63001492137046
1924,annual,69.37047275693244
1925,annual,67.50755555265566
1926,annual,80.14636897084922
1927,annual,84.43806617353324
1928,annual,106.74109115613898
1929,annual,111.88391546296988
1930,annual,97.03876259179555
1931,annual,110.56032738978813
1932,annual,107.90580425051654
1933,annual,124.13714408561776
1934,annual,99.99125871779255
1935,annual,118.8583258223473
1936,annual,99.54493163313525
1937,annual,83.28038565130568
1938,annual,79.39309607719653
1939,annual,70.63376747004753
1940,annual,59.61434233314672
1941,annual,64.35670099151734
1942,annual,49.007203030202845
1943,annual,38.390585090693186
1944,annual,51.35087549375032
1945,annual,40.98766290052059
1946,annual,52.390238202462385
1947,annual,55.90226071611243
1948,annual,62.41855868432919
1949,annual,92.63142072018131
1950,annual,84.83957979789227
1951,annual,94.11582668557399
1952,annual,85.17710088979734
1953,annual,100.36978562703676
1954,annual,112.09147041360096
1955,annual,105.16983074590371
1956,annual,121.65279000867959
1957,annual,103.74448936199951
1958,annual,108.07812028714746
1959,annual,100.91307757632767
1960,annual,100.70285253559103
1961,annual,87.02893803876792
1962,annual,82.22113824396821
1963,annual,74.7346751732362
1964,annual,63.513185201405314
1965,annual,67.0558347729162
1966,annual,60.31463214570196
1967,annual,54.70160090983832
1968,annual,45.12391949712487
1969,annual,55.859941099175664
1970,annual,50.29822631212724
1971,annual,54.022124770176255
1972,annual,62.905106403925544
1973,annual,82.15216541081928
1974,annual,64.84473650065091
1975,annual,88.71455552703144
1976,annual,73.9222168749157
1977,annual,96.39765452268631
1978,annual,111.55093468787022
1979,annual,105.55693167036384
1980,annual,103.93258679313888
1981,annual,97.16398772420078
1982,annual,99.19864967090882
1983,annual,92.64296673363047
1984,annual,82.7797733013697
1985,annual,80.23669545878964
1986,annual,77.15463544983206
1987,annual,62.441735398807346
1988,annual,55.617331599343075
1989,annual,45.59375557204637
1990,annual,55.310700471351865
1991,annual,53.85017495075217
1992,annual,50.037940196275606
1993,annual,56.826023274407945
1994,annual,52.504911836849445
1995,annual,59.22886104927274
1996,annual,64.11535604748397
1997,annual,67.46422226926974
1998,annual,70.93808201734628
1999,annual,99.88599178648681
2000,annual,85.06904880355539
2001,annual,88.94951804545676
2002,annual,102.03942113216416
2003,annual,103.27948927454835
2004,annual,90.94632426150083
2005,annual,110.24607998869823
2006,annual,97.81378594175663
2007,annual,85.38909097269449
2008,annual,98.19492955721445
2009,annual,87.17817543292077
2010,annual,65.06832070680015
2011,annual,82.4140051466772
2012,annual,66.95503558931301
2013,annual,56.01120462534633
2014,annual,64.52372118517786
2015,annual,50.37904160321575
2016,annual,52.887316996337475
2017,annual,48.85180588032177
2018,annual,61.7860229980932
2019,annual,65.71160190016515
2020,annual,68.22942271628742
2021,annual,69.02751941315329
2022,annual,84.15142043049832
2023,annual,90.31816266414825
2024,annual,87.44418704729613
2025,annual,92.55068622217267
2026,annual,113.61397074118105
2027,annual,91.27464986542827
2028,annual,114.7552658128598
2029,annual,108.26509192381118
2030,annual,119.55871656574217
2031,annual,100.37743935953515
2032,annual,103.3878553111849
2033,annual,87.70124222034302
2034,annual,84.02196682505888
2035,annual,81.24210249145452
2036,annual,64.4115358665731
2037,annual,69.87121723756056
2038,annual,49.18163646678471
2039,annual,56.490949548964714
2040,annual,60.0656514489069
2041,annual,58.9870588122547
2042,annual,72.0353305669542
2043,annual,55.363815692522365
2044,annual,56.65133965581538
2045,annual,66.9652814455675
2046,annual,87.96807419899157
2047,annual,94.43248849383474
2048,annual,98.50258694378341
2049,annual,94.91408070934347
2050,annual,114.80023412676972
2051,annual,101.86467023407181
2052,annual,121.95613032561928
2053,annual,134.52181584039505
2054,annual,111.59690495270965
2055,annual,108.56260218746246
2056,annual,93.7416555154396
2057,annual,75.96739845098517
2058,annual,77.8627787623623
2059,annual,66.17680038473847
2060,annual,56.10849705528397
2061,annual,75.25020976697286
2062,annual,58.88667169727711
2063,annual,56.74425952284389
2064,annual,49.784111329206034
2065,annual,51.89554680255649
2066,annual,63.99193359515754
2067,annual,60.78438986561788
2068,annual,71.5018417549739
2069,annual,72.92368451494028
2070,annual,79.51906712491966
2071,annual,78.76554827903676
2072,annual,81.43429775183901
2073,annual,101.37699847784124
2074,annual,108.68902590025506
2075,annual,100.94502474577776
2076,annual,111.98049133049896
2077,annual,111.6640855433721
2078,annual,90.98898831583416
2079,annual,96.14849641053645
2080,annual,100.51440140065978
2081,annual,93.1173314390176
2082,annual,73.02689091957795
2083,annual,75.75930330169828
2084,annual,75.43554805365983
2085,annual,67.2596704871068
2086,annual,55.513241841131396
2087,annual,49.534704955509646
2088,annual,46.79262237277591
2089,annual,56.592161722057156
2090,annual,57.40744791906189
2091,annual,65.64940686067312
2092,annual,67.88236875242116
2093,annual,80.61291849715586
2094,annual,82.58411851111354
2095,annual,95.86945932958106
2096,annual,103.79396041038505
2097,annual,96.60436864124986
2098,annual,93.34298798601914
2099,annual,123.15309588424043
2100,annual,113.88064809315004
2101,annual,97.08926587215502
2102,annual,102.09758438323541
2103,annual,109.215576022007
2104,annual,94.5899635983888
2105,annual,85.49545824597456
2106,annual,93.03443312995569
2107,annual,65.68450972330584
2108,annual,60.44215138541329
2109,annual,62.305266612241674
2110,annual,58.97025559034985
2111,annual,56.82034773350575
2112,annual,58.68782910906666
2113,annual,54.008778929295175
2114,annual,59.3322341504892
2115,annual,58.111047242397994
2116,annual,66.8995111784088
2117,annual,74.49362683986853
2118,annual,83.11870983906736
2119,annual,95.3428145662528
2120,annual,100.83909020807373
2121,annual,102.96486421131297
2122,annual,100.90567898651992
2123,annual,110.91706960568881
2124,annual,111.17378247334914
2125,annual,111.92115217969271
2126,annual,125.03088932317146
2127,annual,98.42094595978162
2128,annual,99.77623690551796
2129,annual,97.71019264354508
2130,annual,82.18194006531014
2131,annual,92.33611435281678
2132,annual,63.37361041866328
2133,annual,62.77743509547905
2134,annual,49.02671667983808
2135,annual,49.60795208269669
2136,annual,47.86272260324719
2137,annual,53.56168650873092
2138,annual,52.04132409008268
2139,annual,63.85228702271503
2140,annual,58.61152883533256
2141,annual,63.22578886359382
2142,annual,94.50313217830902
2143,annual,83.01326673337825
2144,annual,80.61539895224554
2145,annual,86.40902431412617
2146,annual,88.71249790600305
2147,annual,106.44380347673308
2148,annual,96.95623297692799
2149,annual,99.97014843513067
2150,annual,95.74586782674761
2151,annual,97.81507367563819
2152,annual,79.59729857700177
2153,annual,71.25478724869787
2154,annual,74.66562977752668
2155,annual,70.69081137990504
2156,annual,62.03150982485507
2157,annual,47.303738395258534
2158,annual,54.90844415462524
2159,annual,40.840366593504015
2160,annual,41.31180303402394
2161,annual,38.85248668473414
2162,annual,59.510693079351405
2163,annual,58.45960142849702
2164,annual,63.82405919774598
2165,annual,75.47368934368654
2166,annual,94.98530617822479
2167,annual,65.7984175788018
2168,annual,80.07709954529813
2169,annual,86.64659461095559
2170,annual,89.0602411154333
2171,annual,89.94344352129015
2172,annual,97.08688767987206
2173,annual,88.8312797798046
2174,annual,98.54713703479415
2175,annual,91.9895818557807
2176,annual,89.83234151042424
2177,annual,83.53405402318907
2178,annual,77.3081670197284
2179,annual,62.50872647995588
2180,annual,75.95325941338434
2181,annual,55.26767803213501
2182,annual,34.20154826913681
2183,annual,38.38510891638042
2184,annual,36.183564545183586
2185,annual,51.268490701944515
2186,annual,53.15238455144628
2187,annual,55.14697943861402
2188,annual,81.19499735661023
2189,annual,76.73488009694577
2190,annual,85.91637534897679
2191,annual,80.42357190694491
2192,annual,87.11442932675801
2193,annual,101.61523588577818
2194,annual,107.47240768815708
2195,annual,94.23487070916251
2196,annual,108.66513227460983
2197,annual,109.19793990906619
2198,annual,104.36715724477024
2199,annual,94.81366859422913
2200,annual,90.79130700203699
2201,annual,86.45728626189937
2202,annual,80.83398864628649
2203,annual,77.18134976473503
2204,annual,73.7544380970131
2205,annual,56.5396032335917
2206,annual,50.477576774950094
2207,annual,54.63105905700851
2208,annual,54.56400192941161
2209,annual,47.225864343381645
2210,annual,60.019628300320996
2211,annual,66.30072189177613
2212,annual,75.01073432339416
2213,annual,86.13923849880773
2214,annual,72.74591348884927
2215,annual,87.5529996258605
2216,annual,94.76746417107405
2217,annual,100.10585748546114
2218,annual,100.46390135477685
2219,annual,96.77052136094825
2220,annual,110.41867816635681
2221,annual,102.50817211041353
2222,annual,106.34595255763894
2223,annual,94.53809770013038
2224,annual,85.87997583137005
2225,annual,89.31620083421558
2226,annual,80.88461481257674
2227,annual,76.54692701561662
2228,annual,82.1641527294658
2229,annual,60.68235541221514
2230,annual,57.57713462110466
2231,annual,42.07897717851412
2232,annual,38.9517328545363
2233,annual,62.931853164341916
2234,annual,45.87839202582771
2235,annual,49.682236371481736
2236,annual,63.93420100909488
2237,annual,70.76088171873258
2238,annual,72.02694032728097
2239,annual,84.57177798219813
2240,annual,104.08199812002813
2241,annual,94.01224694376934
2242,annual,94.07837461743108
2243,annual,115.76551613469769
2244,annual,113.18536767433159
2245,annual,103.26061820231006
2246,annual,92.57041836334511
2247,annual,94.50320896291522
2248,annual,93.80935688403314
2249,annual,96.33694045097347
2250,annual,70.95433657987004
2251,annual,70.80626197365989
2252,annual,69.6481496579865
2253,annual,38.98365022225552
2254,annual,61.536519608805335
2255,annual,40.80961301250375
2256,annual,51.472929239594684
2257,annual,51.81265570015311
2258,annual,61.512894310116806
2259,annual,62.0111569034911
2260,annual,44.79864135809936
2261,annual,64.77415996161564
2262,annual,79.92260632676543
2263,annual,85.02169755605652
2264,annual,97.63785112999336
2265,annual,106.34510117289327
2266,annual,109.66534129690979
2267,annual,106.08054054017552
2268,annual,94.04626920297535
2269,annual,104.15089008977272
2270,annual,108.128672590584
2271,annual,91.3065907071318
2272,annual,98.86716313291181
2273,annual,93.84868302315326
2274,annual,79.83190110230593
2275,annual,46.542155008364404
2276,annual,53.592258390244794
2277,annual,72.69327512479144
2278,annual,48.46390083417903
2279,annual,33.96604471823519
2280,annual,58.26926787024927
2281,annual,49.516358707444425
2282,annual,61.24605056189574
2283,annual,59.38975472992559
2284,annual,67.05576185346445
2285,annual,73.5267913924076
2286,annual,83.96719525913508
2287,annual,104.3713037052915
2288,annual,101.1553394514406
2289,annual,86.95777765659923
2290,annual,107.94134299953147
2291,annual,116.49690969726488
2292,annual,118.00889521605626
2293,annual,103.95222368796634
2294,annual,113.68760643880528
2295,annual,107.02243139577315
2296,annual,113.96742825952492
2297,annual,80.15184622685462
2298,annual,74.32808415256369
2299,annual,68.17376502301184
2300,annual,59.46551156345691
2301,annual,50.05391933006186
2302,annual,30.305122604843998
2303,annual,45.931918185309975
2304,annual,46.11714558266473
2305,annual,40.136509031213365
2306,annual,62.26264467111853
2307,annual,51.177404514755615
2308,annual,66.99051354653858
2309,annual,65.26553018913718
2310,annual,76.77353958421156
2311,annual,79.38432775430206
2312,annual,94.612558160294
2313,annual,89.70167899816148
2314,annual,97.51393267195563
2315,annual,99.1729418840707
2316,annual,94.85599744004695
2317,annual,99.48213696626776
2318,annual,111.4200569768268
2319,annual,87.09098866033875
2320,annual,87.0180002478915
2321,annual,87.21262692978911
2322,annual,79.28430735261975
2323,annual,63.26789822905236
2324,annual,37.59517148140662
2325,annual,55.204020562216456
2326,annual,29.023801133901237
2327,annual,55.8417816427905
2328,annual,44.13233784805648
2329,annual,51.69394172768146
2330,annual,39.17697187088214
2331,annual,38.26460400007317
2332,annual,58.36258195163973
2333,annual,62.5196051410932
2334,annual,65.84422026925307
2335,annual,77.44195134214057
2336,annual,105.41603401476848
2337,annual,95.54463434949965
2338,annual,101.5552216275968
2339,annual,102.60803932074208
2340,annual,108.61224402932794
2341,annual,94.33597080510928
2342,annual,76.72114231928789
2343,annual,87.3597409064991
2344,annual,89.77043255848241
2345,annual,69.00625793535787
2346,annual,68.36561927459576
2347,annual,57.254274716723835
2348,annual,68.29278089325544
2349,annual,56.68031990972613
2350,annual,51.60618594148223
2351,annual,48.66936007367332
2352,annual,46.803640989695474
2353,annual,49.704310481660464
2354,annual,41.639396252320786
2355,annual,38.396895744511525
2356,annual,63.30228405287268
2357,annual,71.92898570721403
2358,annual,86.7757515575155
2359,annual,97.43689289184705
2360,annual,104.66162289010407
2361,annual,90.33064969935789
2362,annual,100.2642768440475
2363,annual,109.92208416583557
2364,annual,127.35687243204991
2365,annual,117.92020342849587
2366,annual,112.03757441963269
2367,annual,95.21253480131459
2368,annual,85.0360379608715
2369,annual,91.17746943025404
2370,annual,68.29634489623761
2371,annual,67.42957284919444
2372,annual,61.18341141809712
2373,annual,68.63172828749853
2374,annual,48.283294472901915
2375,annual,28.609863112859514
2376,annual,50.71018951794485
2377,annual,42.10468272314164
2378,annual,51.03491841861392
2379,annual,54.767791294311685
2380,annual,59.48500037010296
2381,annual,75.23278563784712
2382,annual,64.41171330982344
2383,annual,80.30308989008584
2384,annual,97.14693564158415
2385,annual,92.97515756948658
2386,annual,89.78494077601849
2387,annual,111.00084987137105
2388,annual,115.65938938017742
2389,annual,105.2924454641731
2390,annual,86.968629662422
2391,annual,103.53559374583206
2392,annual,78.3955292852876
2393,annual,86.90959790450606
2394,annual,69.57492173870783
2395,annual,59.631346697433756
2396,annual,58.13935220000759
2397,annual,53.995048449630616
2398,annual,45.540204220020364
2399,annual,52.40648377369426
2400,annual,42.68006001371302
2401,annual,55.112367226086214
2402,annual,52.51723825299836
2403,annual,49.4549539530168
2404,annual,54.3210959707254
2405,annual,55.30407329592855
2406,annual,78.57448046431827
2407,annual,81.17648601644845
2408,annual,72.27105081687557
2409,annual,93.17609949482491
2410,annual,95.02110492087724
2411,annual,117.83181056742102
2412,annual,92.62638614623721
2413,annual,93.69558343218331
2414,annual,111.10913429976245
2415,annual,108.31592373669181
2416,annual,85.28875153157855
2417,annual,78.95649981198802
2418,annual,81.17849821381019
2419,annual,49.86724531274558
2420,annual,46.35906556533925
2421,annual,52.789544398981576
2422,annual,62.666977456883544
2423,annual,43.78499954737772
2424,annual,46.63120369632826
2425,annual,55.91624875428707
2426,annual,66.69802511513903
2427,annual,49.99571814166409
2428,annual,60.68901557257961
2429,annual,82.63557978011414
2430,annual,63.64611516091559
2431,annual,91.80892927995322
2432,annual,82.67718510355695
2433,annual,97.8566917348687
2434,annual,99.86351909677799
2435,annual,97.13739134550923
2436,annual,97.95889394118082
2437,annual,107.01279906514911
2438,annual,109.76878610128163
2439,annual,95.99902317253542
2440,annual,91.38461463231275
2441,annual,88.15767324585102
2442,annual,68.05075917834334
2443,annual,73.97667807667477
2444,annual,67.37845413892501
2445,annual,75.43951631685388
2446,annual,46.83411372443721
2447,annual,43.18128016042995
2448,annual,51.55176818114796
2449,annual,52.975099771183054
2450,annual,45.138581868011144
2451,annual,50.96153635752118
2452,annual,64.72908791430233
2453,annual,61.01479592960508
2454,annual,72.11576930443788
2455,annual,83.8813547005811
2456,annual,98.36755068713606
2457,annual,91.7764557147181
2458,annual,86.64172762584577
2459,annual,89.04503625708436
2460,annual,95.32473667490893
2461,annual,93.87247425163055
2462,annual,100.14391725313189
2463,annual,87.10220341537358
2464,annual,84.77800152998836
2465,annual,76.97192548177722
2466,annual,71.87597832177404
2467,annual,78.21550450766735
2468,annual,65.69562192400215
2469,annual,54.31587309516962
2470,annual,45.73106885037814
2471,annual,42.95640516690178
2472,annual,43.10193426917631
2473,annual,46.073317786574194
2474,annual,36.836336558576065
2475,annual,48.67992546243779
2476,annual,37.7270059602565
2477,annual,62.18555856515743
2478,annual,73.57715644523022
2479,annual,72.22752771228177
2480,annual,95.51217847868156
2481,annual,79.5219380221091
2482,annual,92.60217173416666
2483,annual,93.27336184603791
2484,annual,93.67758117001345
2485,annual,92.64538247532758
2486,annual,91.71948865181633
2487,annual,93.3555155493071
2488,annual,92.00185239975868
2489,annual,74.45007477129552
2490,annual,74.00249108693379
2491,annual,54.87771272165839
2492,annual,60.107606131370595
2493,annual,42.292147226908014
2494,annual,52.82255609608593
2495,annual,59.085092218901785
2496,annual,39.124556212306906
2497,annual,23.480882079813924
2498,annual,39.33395794793961
2499,annual,57.86434529835567
2500,annual,58.02584161228
2501,annual,62.1044218877102
2502,annual,75.17057416371675
2503,annual,77.96496904783348
2504,annual,90.34302881568713
2505,annual,93.5484998212907
2506,annual,102.65751684015355
2507,annual,96.05159329713291
2508,annual,101.34330252802968
2509,annual,90.72420804119659
2510,annual,85.67222672578583
2511,annual,99.84725153146661
2512,annual,82.33086472665954
2513,annual,80.52838606074513
2514,annual,68.09114743136917
2515,annual,55.42098789095025
2516,annual,53.68909045673726
2517,annual,59.49729636618298
2518,annual,48.16046200813359
2519,annual,27.32944472842952
2520,annual,42.415759608130514
2521,annual,59.4182908137054
2522,annual,46.446578252406944
2523,annual,38.52068229126988
2524,annual,74.28210634412011
2525,annual,71.83228398616647
2526,annual,73.57761239023735
2527,annual,78.93094472515882
2528,annual,97.79653069907364
2529,annual,91.01505149452665
2530,annual,109.30452877040082
2531,annual,107.45305233520585
2532,annual,106.09517066463856
2533,annual,104.27960849209657
2534,annual,98.71873308055949
2535,annual,103.7160396580103
2536,annual,82.21497260392508
2537,annual,68.9268855991737
2538,annual,79.05323624387955
2539,annual,71.42305053220132
2540,annual,62.9796444808339
2541,annual,56.18633878208765
2542,annual,45.592630120506215
2543,annual,51.4598021071519
2544,annual,43.35578338884319
2545,annual,40.845565127686044
2546,annual,45.244355791303164
2547,annual,68.67216255748974
2548,annual,44.840439746516054
2549,annual,69.95398188417029
2550,annual,60.28736498188978
2551,annual,80.61895304937136
2552,annual,85.25122852164601
2553,annual,78.25322546503692
2554,annual,102.81331123988278
2555,annual,99.65771869401401
2556,annual,86.92659766238957
2557,annual,109.41456791774559
2558,annual,111.18105994032416
2559,annual,106.85444657684852
2560,annual,91.5918999280913
2561,annual,81.85328486457206
2562,annual,84.3455013700459
2563,annual,79.41474573252468
2564,annual,67.78879802588453
2565,annual,44.974744149444696
2566,annual,49.35024511506573
2567,annual,48.2586027685389
2568,annual,28.82770661960781
2569,annual,48.081752859239785
2570,annual,65.5078148652476
2571,annual,57.21092826175555
2572,annual,70.0919470224797
2573,annual,67.00338885889965
2574,annual,72.71889577907507
2575,annual,84.11938484466907
2576,annual,81.77802918707019
2577,annual,86.80764430866697
2578,annual,109.41584094183372
2579,annual,113.26115590254985
2580,annual,95.37579184624684
2581,annual,110.02640759604861
2582,annual,98.58972467963063
2583,annual,97.23631440246551
2584,annual,91.98639148642616
2585,annual,89.02401746901582
2586,annual,73.96638798585116
2587,annual,76.8213669802855
2588,annual,60.779945089025055
2589,annual,57.08491311510549
2590,annual,40.65777952511452
2591,annual,61.59613966791227
2592,annual,46.64961970361465
2593,annual,49.61722493206366
2594,annual,34.04477171474942
2595,annual,45.09620069774568
2596,annual,67.79408982132476
2597,annual,67.42157791124013
2598,annual,57.58078243934351
2599,annual,88.96191110292109
2600,annual,83.54075788315313
2601,annual,105.39475964058505
2602,annual,98.16909700267848
2603,annual,103.5064485948112
2604,annual,112.32265694670811
2605,annual,94.68885133980967
2606,annual,90.92900796883656
2607,annual,92.53223639038649
2608,annual,94.5084027149447
2609,annual,70.00857365014262
2610,annual,59.546743518862144
2611,annual,71.71621638124964
2612,annual,53.0671938174389
2613,annual,48.54000877901623
2614,annual,32.05577498892043
2615,annual,38.48141101448701
2616,annual,42.418966436059115
2617,annual,50.944752881419404
2618,annual,40.32890136569805
2619,annual,64.52531033537187
2620,annual,52.00305661566991
2621,annual,59.2501990433513
2622,annual,84.77836522429074
2623,annual,81.93575738109529
2624,annual,83.06330697701571
2625,annual,92.45164319526
2626,annual,109.28485554297795
2627,annual,113.18690215478583
2628,annual,95.94515937494627
2629,annual,101.1178091171475
2630,annual,99.18152154398207
2631,annual,85.80278736057197
2632,annual,87.03402438790836
2633,annual,80.28665904579755
2634,annual,81.60118064060221
2635,annual,74.3743336825223
2636,annual,54.84582962223627
2637,annual,49.55467622262542
2638,annual,51.81308111202024
2639,annual,38.82022242902018
2640,annual,42.57231722064434
2641,annual,38.07994679798655
2642,annual,33.725321482656305
2643,annual,38.11661921167116
2644,annual,62.93966557499393
2645,annual,56.62370995583067
2646,annual,77.9860287579316
2647,annual,67.7422201387939
2648,annual,80.69283761579706
2649,annual,103.09649288292783
2650,annual,79.78678795161872
2651,annual,75.76067731735175
2652,annual,102.15591705704298
2653,annual,84.32872047340538
2654,annual,88.08023099607509
2655,annual,79.26773341516922
2656,annual,80.50849825438765
2657,annual,64.24702056702723
2658,annual,63.423675303678664
2659,annual,61.47360440142933
2660,annual,43.29672491655103
2661,annual,40.170640677541236
2662,annual,38.70144743577702
2663,annual,27.352675223130042
2664,annual,34.11646461195083
2665,annual,39.36732748375917
2666,annual,37.91787503945353
2667,annual,43.234057438850215
2668,annual,50.83773910708812
2669,annual,52.262890557114225
2670,annual,70.02545300127582
2671,annual,82.97289169052307
2672,annual,74.28190933677722
2673,annual,87.47042141819924
2674,annual,85.96270113304347
2675,annual,93.50084854445367
2676,annual,104.02318872396684
2677,annual,94.64622612829044
2678,annual,73.6923220660432
2679,annual,87.22080061795326
2680,annual,87.85986242081287
2681,annual,69.71229733212404
2682,annual,72.46203092328346
2683,annual,51.98791392735717
2684,annual,39.11263919816262
2685,annual,46.53442153296515
2686,annual,27.062452806190443
2687,annual,36.49878706138722
2688,annual,51.55355171988331
2689,annual,27.00293558407699
2690,annual,35.04207713787494
2691,annual,41.78935222183024
2692,annual,55.75225474103161
2693,annual,60.56850798047399
2694,annual,82.45190467228798
2695,annual,86.65817160452849
2696,annual,90.22099718726807
2697,annual,93.63705956906679
2698,annual,100.38541394813106
2699,annual,93.34072956488434
2700,annual,108.11649644717218
2701,annual,91.34023437251773
2702,annual,103.9225916834703
2703,annual,101.96115707126636
2704,annual,87.94573043542398
2705,annual,77.61368050009911
2706,annual,74.46129288519667
2707,annual,40.60209530483828
2708,annual,58.67687936660299
2709,annual,49.13877820040442
2710,annual,44.873026600730206
2711,annual,47.93329893322986
2712,annual,40.258785540050454
2713,annual,32.75750727068696
2714,annual,43.74495343243209
2715,annual,50.184177349618444
2716,annual,56.77640820521638
2717,annual,64.38772049777319
2718,annual,79.1718892719167
2719,annual,69.93323184137071
2720,annual,87.26254056188708
2721,annual,102.38957793711063
2722,annual,82.96080705060388
2723,annual,101.27188514748075
2724,annual,96.17390889678393
2725,annual,96.86902862545548
2726,annual,89.59923900038606
2727,annual,90.71373462256115
2728,annual,100.58698182798351
2729,annual,68.50606537622619
2730,annual,61.50005689273765
2731,annual,52.67688899818461
2732,annual,69.6762832055931
2733,annual,45.945015832801566
2734,annual,44.67106231625373
2735,annual,38.65689859504631
2736,annual,32.902386466108794
2737,annual,39.59878953174599
2738,annual,64.14295622569284
2739,annual,60.38113342553115
2740,annual,48.634266950995354
2741,annual,67.8737909647514
2742,annual,63.805587312002515
2743,annual,64.01139973563939
2744,annual,93.61385683465056
2745,annual,100.95171570207836
2746,annual,104.80694961524989
2747,annual,95.67662228824899
2748,annual,99.12356362131764
2749,annual,105.43366871127057
2750,annual,99.57049990565154
2751,annual,88.5218731585536
2752,annual,72.5051949323882
2753,annual,79.13334239954526
2754,annual,79.08984660722244
2755,annual,53.11249182798465
2756,annual,60.56784454674136
2757,annual,51.89689961880666
2758,annual,50.47819348565905
2759,annual,48.45579870241354
2760,annual,34.50570770753328
2761,annual,28.147979652944485
2762,annual,39.81251132393991
2763,annual,55.96124474755574
2764,annual,50.72539841472834
2765,annual,56.74451169899935
2766,annual,55.490626907538996
2767,annual,91.84718143241923
2768,annual,91.66713877433858
2769,annual,97.43380092873065
2770,annual,103.78399485070506
2771,annual,103.65287132395537
2772,annual,98.10679880149988
2773,annual,97.72909159863055
2774,annual,92.62167683973226
2775,annual,112.35255911385254
2776,annual,89.50872589333164
2777,annual,74.11559746520025
2778,annual,73.78540383626634
2779,annual,54.20990694700994
2780,annual,67.09748339164993
2781,annual,43.55967344088257
2782,annual,48.08935099038267
2783,annual,49.61147589220913
2784,annual,42.746183159067336
2785,annual,41.44601995131245
2786,annual,43.77368937074236
2787,annual,48.003302594734116
2788,annual,50.05444689400738
2789,annual,58.30759601419414
2790,annual,81.50475779463488
2791,annual,76.56431309702177
2792,annual,78.38166465036521
2793,annual,86.75085746613175
2794,annual,104.45176236453834
2795,annual,104.05066265941528
2796,annual,104.15066823128545
2797,annual,96.58564000282111
2798,annual,100.23569668034412
2799,annual,85.73274924141865
2800,annual,82.5911225546612
2801,annual,85.19104205763698
2802,annual,76.66225623677991
2803,annual,54.048184684745344
2804,annual,47.823823182158804
2805,annual,49.324448592338264
2806,annual,57.496331689250326
2807,annual,25.365738701003394
2808,annual,37.57659491353316
2809,annual,25.261587434579095
2810,annual,33.892597546584916
2811,annual,40.34262096041841
2812,annual,45.485864649473996
2813,annual,51.09144966192739
2814,annual,62.40758787998009
2815,annual,65.05600108169256
2816,annual,64.1502723181359
2817,annual,87.68077138918814
2818,annual,91.75559463634002
2819,annual,95.17532318695531
2820,annual,77.02405542685648
2821,annual,90.82127392744717
2822,annual,91.14044814560435
2823,annual,73.19219794148924
2824,annual,75.92331738242616
2825,annual,68.40791245225425
2826,annual,77.08713666551525
2827,annual,70.75778547530165
2828,annual,35.535080250327525
2829,annual,63.209464350756264
2830,annual,31.645439725562696
2831,annual,44.11532044178369
2832,annual,42.76547483955605
2833,annual,27.955971868106904
2834,annual,42.56494744117915
2835,annual,42.049337946480904
2836,annual,52.93613102970533
2837,annual,56.858755193923145
2838,annual,71.57220687560819
2839,annual,69.59280155558275
2840,annual,74.15849843723572
2841,annual,89.86188794914044
2842,annual,90.02734461369488
2843,annual,93.93599545701815
2844,annual,83.68479761457743
2845,annual,79.71938605126326
2846,annual,80.84239974880444
2847,annual,76.12680299923828
2848,annual,81.79108514186953
2849,annual,76.79747761276667
2850,annual,60.76044867638701
2851,annual,66.46072892547296
2852,annual,59.44924614276726
2853,annual,44.856799231813746
2854,annual,32.04367091812205
2855,annual,48.52450687832568
2856,annual,38.01854270547013
2857,annual,40.53822829647315
2858,annual,39.80907919531169
2859,annual,40.17515546772339
2860,annual,41.75756607117506
2861,annual,65.80505674908008
2862,annual,62.23947308252444
2863,annual,100.74750269874761
2864,annual,74.81809285279758
2865,annual,79.66082514944287
2866,annual,98.5685533521381
2867,annual,109.71896413410781
2868,annual,99.02339876924317
2869,annual,102.06239566386765
2870,annual,79.73906428756088
2871,annual,84.2997925837597
2872,annual,74.91775568059687
2873,annual,61.11088606718998
2874,annual,69.44252338588849
2875,annual,42.79948918773831
2876,annual,42.929113784997824
2877,annual,42.995927725993646
2878,annual,35.875632712555635
2879,annual,42.700174742681895
2880,annual,40.57086473354359
2881,annual,46.298838377135354
2882,annual,48.164530946492015
2883,annual,56.03952207761837
2884,annual,53.110875998251316
2885,annual,62.78938705178148
2886,annual,72.21833281367729
2887,annual,77.02404813052759
2888,annual,79.94866871898716
2889,annual,86.67988635920202
2890,annual,87.56651812521719
2891,annual,100.47693262627445
2892,annual,97.37410180564251
2893,annual,91.79860798190168
2894,annual,88.80902675726017
2895,annual,79.65623681165788
2896,annual,90.95695392822135
2897,annual,76.51973590765368
2898,annual,61.223823041737596
2899,annual,66.83003384206427
2900,annual,48.64263271996878
2901,annual,35.661014746629476
2902,annual,50.31523939854366
2903,annual,34.85167249312279
2904,annual,34.4780906176032
2905,annual,39.100948713394885
2906,annual,50.90923500806127
2907,annual,46.696378230607586
2908,annual,43.156346330111674
2909,annual,64.33572801909534
2910,annual,63.869365545179726
2911,annual,90.61724646458487
2912,annual,82.7403255632904
2913,annual,71.08220279168061
2914,annual,96.58896523005207
2915,annual,112.2838404660274
2916,annual,110.35664564763664
2917,annual,111.37469243799809
2918,annual,85.57196396975498
2919,annual,96.25970594268418
2920,annual,76.97332702137983
2921,annual,77.30816988768454
2922,annual,57.565663909355656
2923,annual,54.829065867136165
2924,annual,47.33930976036461
2925,annual,53.72452214481804
2926,annual,48.17427419909762
2927,annual,40.98606638524804
2928,annual,26.572602287518905
2929,annual,35.90508337169218
2930,annual,35.426279654887026
2931,annual,53.12017624992149
2932,annual,61.80145245449947
2933,annual,68.06248696713342
2934,annual,61.33421827662582
2935,annual,53.224280006721784
2936,annual,68.24027844692155
2937,annual,99.96219289221608
2938,annual,90.14669623093656
2939,annual,90.34795147451315
2940,annual,110.51725597945186
2941,annual,106.47502798454066
2942,annual,93.55232552085344
2943,annual,86.24195233904662
2944,annual,81.31916392945698
2945,annual,76.95784737213735
2946,annual,80.17635188251884
2947,annual,62.99114167278418
2948,annual,58.18420589627514
2949,annual,55.51693106892695
2950,annual,32.03780351023349
2951,annual,44.437093983082285
2952,annual,34.64985465881922
2953,annual,17.899868341257935
2954,annual,24.000286246692458
2955,annual,37.6482603683662
2956,annual,56.25619052485276
2957,annual,60.15222986575886
2958,annual,68.48133835351743
2959,annual,90.37852391068128
2960,annual,71.85368777723362
2961,annual,88.00014129823874
2962,annual,95.4226509921558
2963,annual,90.09399455247748
2964,annual,97.23301865677564
2965,annual,83.1845848121094
2966,annual,104.2664165478455
2967,annual,82.76669171146507
2968,annual,98.25760601434014
2969,annual,74.5111814578481
2970,annual,75.23083321930558
2971,annual,58.81541039110726
2972,annual,51.76045403802789
2973,annual,41.12096659473964
2974,annual,41.97863401750918
2975,annual,40.57261946275244
2976,annual,26.70254936735654
2977,annual,32.89626480199406
2978,annual,31.713140608041222
2979,annual,59.2820469035599
2980,annual,45.75877127938503
2981,annual,65.3503604344824
2982,annual,58.41163879221647
2983,annual,69.03903278872531
2984,annual,62.90570486551582
2985,annual,75.49191979577184
2986,annual,85.0435807071718
2987,annual,98.74464539616176
2988,annual,88.75247966008814
2989,annual,97.12637763802682
2990,annual,88.48513622248119
2991,annual,92.08771124643225
2992,annual,73.00427970023753
2993,annual,86.08651334166048
2994,annual,56.093447815364996
2995,annual,46.85680854732857
2996,annual,36.79619464116572
2997,annual,59.532931719105775
2998,annual,43.149512117441326
2999,annual,31.223654261830664
3000,annual,42.64321501358179
3001,annual,39.072573609731236
3002,annual,51.997367307418706
3003,annual,28.17648768463775
3004,annual,44.02815257207979
3005,annual,48.96274814928316
3006,annual,43.86157202732501
3007,annual,75.12176529459944
3008,annual,70.98786099216694
3009,annual,84.6599661705231
3010,annual,101.91189481541055
3011,annual,82.9050812137778
3012,annual,83.28180957733657
3013,annual,86.68034410619063
3014,annual,90.93169816464093
3015,annual,74.2092123281494
3016,annual,68.10334066153676
3017,annual,75.09666181829282
3018,annual,62.6801480292981
3019,annual,36.3050931167872
3020,annual,36.34789904284097
3021,annual,52.569037257174735
3022,annual,39.48377380104449
3023,annual,27.47346868049099
3024,annual,34.55795463524718
3025,annual,37.04935048686835
3026,annual,45.826336661835185
3027,annual,33.841921298660296
3028,annual,44.19363878376337
3029,annual,60.340306578958526
3030,annual,65.12255524916343
3031,annual,78.26067670729633
3032,annual,71.08517271425025
3033,annual,89.99146473889402
3034,annual,100.63466296167996
3035,annual,98.79355505899335
3036,annual,97.03412581121977
3037,annual,94.13193786127131
3038,annual,85.22318478448817
3039,annual,86.55844658920515
3040,annual,90.99887871617028
3041,annual,72.73357519340165
3042,annual,58.80279997833975
3043,annual,54.218683829928324
3044,annual,52.52803427133449
3045,annual,41.719916480083846
3046,annual,43.82289604409901
3047,annual,41.12620719044723
3048,annual,42.679575029444
3049,annual,47.97841057565503
3050,annual,47.55381726765254
3051,annual,36.88059363742671
3052,annual,43.33943401359664
3053,annual,57.1969664214526
3054,annual,61.958306728291504
3055,annual,64.2256671235949
3056,annual,77.03417523282286
3057,annual,82.98480955285093
3058,annual,86.17368978165032
3059,annual,92.01916848563883
3060,annual,104.99531638875347
3061,annual,96.13938870487279
3062,annual,111.32294430818374
3063,annual,88.14497850996044
3064,annual,78.2471833947088
3065,annual,73.36534400052138
3066,annual,67.61964541375514
3067,annual,61.2851698904997
3068,annual,67.18140019307901
3069,annual,37.59194243078986
3070,annual,46.45931593809555
3071,annual,38.25193957844776
3072,annual,22.649681937845607
3073,annual,42.4062793464966
3074,annual,49.378690251308626
3075,annual,37.14784921259468
3076,annual,50.14699293527478
3077,annual,43.65105842927329
3078,annual,55.14801220093585
3079,annual,81.3672718524242
3080,annual,76.48713183035107
3081,annual,77.56124351450266
3082,annual,93.03490890761114
3083,annual,90.01693921563441
3084,annual,91.45189061620626
3085,annual,100.11084687248183
3086,annual,81.90535912046893
3087,annual,79.18874561255231
3088,annual,81.4511038156015
3089,annual,80.73831355747181
3090,annual,75.12374629032934
3091,annual,52.133398762441935
3092,annual,57.71747961376774
3093,annual,37.73212209505086
3094,annual,53.84737654013179
3095,annual,27.170520886380668
3096,annual,45.50142874511263
3097,annual,30.643934615556937
3098,annual,54.998807783602416
3099,annual,48.39096065400223
3100,annual,41.745466023513
3101,annual,52.9311190693631
3102,annual,71.12304790056872
3103,annual,81.0593249527789
3104,annual,79.30787352498308
3105,annual,86.44406794208294
3106,annual,96.92118463346446
3107,annual,94.90576046353739
3108,annual,84.52555938407178
3109,annual,87.3475808503294
3110,annual,92.73531991752526
3111,annual,95.81066102635675
3112,annual,92.80145765207517
3113,annual,78.874404978026
3114,annual,67.17192434706969
3115,annual,63.09953799356297
3116,annual,44.53959145712395
3117,annual,42.43454714111665
3118,annual,32.29979037452981
3119,annual,25.905882584445035
3120,annual,37.20160701152706
3121,annual,37.03954658244332
3122,annual,44.05367268097636
3123,annual,47.68890612998057
3124,annual,51.47436908902832
3125,annual,61.22157689078223
3126,annual,64.19175014861761
3127,annual,75.60091743329225
3128,annual,73.72405969694654
3129,annual,88.70406575914689
3130,annual,95.86131851425866
3131,annual,88.15353828253185
3132,annual,94.9478717103802
3133,annual,88.5221696300746
3134,annual,86.30192345984166
3135,annual,76.7469835132166
3136,annual,89.65941431976987
3137,annual,80.82326766927343
3138,annual,68.83268575225613
3139,annual,72.54621118091231
3140,annual,48.0192493458903
3141,annual,67.57411080372609
3142,annual,36.732217481998504
3143,annual,37.596986943813505
3144,annual,27.59544993676299
3145,annual,34.67628041896225
3146,annual,41.07990676919477
3147,annual,37.7744590118232
3148,annual,58.49143202522562
3149,annual,52.70275330758428
3150,annual,59.941556337166254
3151,annual,57.49380590994299
3152,annual,74.62566584468773
3153,annual,75.79733857384653
3154,annual,76.2944413157662
3155,annual,77.6458752929026
3156,annual,106.15178028633814
3157,annual,81.74985255665723
3158,annual,69.50447578421436
3159,annual,71.28378466246087
3160,annual,70.86513053247495
3161,annual,69.13912372698461
3162,annual,62.21604542208717
3163,annual,56.2024754447288
3164,annual,39.11879079518603
3165,annual,41.40931370426025
3166,annual,27.38651163322019
3167,annual,26.740532074367714
3168,annual,23.137995656333047
3169,annual,21.892559305744122
3170,annual,42.61065746101934
3171,annual,43.89667796812944
3172,annual,51.79299041216016
3173,annual,50.80605776276143
3174,annual,63.6941290432563
3175,annual,50.37746643296282
3176,annual,77.88436759669796
3177,annual,77.98850918441214
3178,annual,85.87923015570829
3179,annual,86.59985115452888
3180,annual,76.58322621604003
3181,annual,71.5753465590116
3182,annual,75.16592002505126
3183,annual,81.0908887945552
3184,annual,76.50039877373828
3185,annual,53.52424345104828
3186,annual,49.630872512589406
3187,annual,44.705667747040344
3188,annual,41.12122697020061
3189,annual,27.491377713477128
3190,annual,22.720567421034232
3191,annual,24.824987771269846
3192,annual,34.22999107234883
3193,annual,25.11743087584881
3194,annual,36.6327701892415
3195,annual,50.79517947608688
3196,annual,38.12572248324071
3197,annual,54.12382296218885
3198,annual,71.73801425255496
3199,annual,67.95838461271393
3200,annual,73.95060285568144
3201,annual,94.061130332597
3202,annual,87.07110586430956
3203,annual,101.35369537286537
3204,annual,96.97168351156637
3205,annual,89.77497794794215
3206,annual,93.35824674086219
3207,annual,87.31675992891351
3208,annual,86.70702295056857
3209,annual,66.91776743270427
3210,annual,63.869608916801745
3211,annual,55.28326359263606
3212,annual,54.17314551566707
3213,annual,34.125323391398965
3214,annual,45.695014654918474
3215,annual,38.292815771240065
3216,annual,22.683100471748148
3217,annual,43.90682887598367
3218,annual,55.110483593660405
3219,annual,50.01996938161055
3220,annual,59.63437919862347
3221,annual,56.1369007605568
3222,annual,49.92646170290364
3223,annual,56.23010880454714
3224,annual,80.25915741175379
3225,annual,79.6958740345683
3226,annual,81.88265294772607
3227,annual,91.69430237773436
3228,annual,98.14318336370202
3229,annual,80.5742154753866
3230,annual,85.6082422121018
3231,annual,96.51066996137067
3232,annual,69.61619401904072
3233,annual,77.94116191120699
3234,annual,59.34065496841977
3235,annual,59.820279786535714
3236,annual,56.99712111843467
3237,annual,47.93555176109548
3238,annual,44.51101576498958
3239,annual,25.02797800487602
3240,annual,41.81129211331512
3241,annual,27.102694753634122
3242,annual,38.997586470423876
3243,annual,43.75478051976612
3244,annual,51.78299493034138
3245,annual,57.83309651479063
3246,annual,56.15153463118695
3247,annual,59.86764651409462
3248,annual,84.88080389907888
3249,annual,85.60189451513249
3250,annual,98.07779130058043
3251,annual,91.52192577455384
3252,annual,81.66069957396905
3253,annual,99.60882669608964
3254,annual,85.91981169562904
3255,annual,86.85124555434933
3256,annual,72.72233903154857
3257,annual,83.82099949432988
3258,annual,55.88949586591916
3259,annual,52.438005073459706
3260,annual,48.761604080963274
3261,annual,32.95135240709266
3262,annual,39.56540857455234
3263,annual,46.8195234904526
3264,annual,28.666897074528517
3265,annual,36.773962123659956
3266,annual,14.614349158236596
3267,annual,41.06595732060305
3268,annual,45.086256072668554
3269,annual,48.27804218771949
3270,annual,71.24219811710645
3271,annual,67.7452162601632
3272,annual,76.1707744633295
3273,annual,80.78625479736206
3274,annual,73.23682949949075
3275,annual,82.51247762813456
3276,annual,100.27934224903993
3277,annual,74.68876397371048
3278,annual,82.44083367668571
3279,annual,80.60603734535651
3280,annual,91.53956929841073
3281,annual,76.50399583712478
3282,annual,58.13323014365341
3283,annual,65.26213258392698
3284,annual,41.666467796069256
3285,annual,49.45018935435383
3286,annual,25.738814279160913
3287,annual,42.19888222571941
3288,annual,29.03526387962063
3289,annual,25.078524327186308
3290,annual,34.56642202524484
3291,annual,43.28988304555381
3292,annual,43.326345599182815
3293,annual,58.95138973827548
3294,annual,57.620381974075976
3295,annual,75.011883547915
3296,annual,80.8221095396813
3297,annual,83.01015204132146
3298,annual,84.73403665799408
3299,annual,92.47443419818269
3300,annual,96.68636298765811
3301,annual,107.75650105391344
3302,annual,95.78045853130712
3303,annual,91.30545607751168
3304,annual,101.99243060227079
3305,annual,74.17657221060689
3306,annual,66.16148113388213
3307,annual,60.15188228488612
3308,annual,39.212605222682505
3309,annual,37.51991651644205
3310,annual,32.25421679631668
3311,annual,38.48747007247296
3312,annual,27.39159263726854
3313,annual,30.81077922902771
3314,annual,41.101940194046
3315,annual,43.59831195263446
3316,annual,40.99122111070815
3317,annual,43.43691414224429
3318,annual,64.86718698826364
3319,annual,68.96423280008513
3320,annual,56.43493458867508
3321,annual,72.37164071580867
3322,annual,80.49179873335207
3323,annual,88.09562418181123
3324,annual,90.0658010945563
3325,annual,84.13623445424678
3326,annual,83.84965528808883
3327,annual,75.38996664610013
3328,annual,63.89417562959365
3329,annual,60.68298822447616
3330,annual,55.936918628159
3331,annual,48.51944091712135
3332,annual,27.20040589949038
3333,annual,33.51323936356591
3334,annual,32.85194845757151
3335,annual,27.45403188998768
3336,annual,26.544293024601785
3337,annual,33.34281704532633
3338,annual,23.504539990125554
3339,annual,23.402662585048
3340,annual,39.23352506200107
3341,annual,54.64368441494073
3342,annual,69.01930770458758
3343,annual,68.76402351922046
3344,annual,57.2727733097437
3345,annual,72.75182856571709
3346,annual,80.95464433952655
3347,annual,83.01960963388805
3348,annual,86.83331981223746
3349,annual,74.26248912681322
3350,annual,79.42111399128027
3351,annual,77.97334911894029
3352,annual,75.62425101512375
3353,annual,56.0612522735602
3354,annual,52.757628450751284
3355,annual,26.90022773033969
3356,annual,37.04718764807229
3357,annual,32.23168115288936
3358,annual,23.979521421175093
3359,annual,30.76378328075084
3360,annual,30.949838046853834
3361,annual,14.34591569392304
3362,annual,37.140703144096875
3363,annual,32.757605021307334
3364,annual,50.2829131767401
3365,annual,43.37802016831103
3366,annual,61.6374538114635
3367,annual,66.89666622519957
3368,annual,78.82221658281861
3369,annual,83.60818316002317
3370,annual,85.3368502165775
3371,annual,78.08499777953408
3372,annual,79.57973779552772
3373,annual,85.70408077915029
3374,annual,87.31192454531244
3375,annual,77.74462136121946
3376,annual,81.3990969478517
3377,annual,66.92820550259815
3378,annual,53.6772997049799
3379,annual,51.408059806237084
3380,annual,48.20428019374842
3381,annual,42.78327581821625
3382,annual,50.44367244562786
3383,annual,27.068351994516576
3384,annual,30.52483785545979
3385,annual,35.54388393406635
3386,annual,34.94452136104331
3387,annual,35.89451854467734
3388,annual,33.71860973742905
3389,annual,49.261419322683246
3390,annual,52.52304784644058
3391,annual,55.06438505226839
3392,annual,69.7472364148183
3393,annual,73.94913681764778
3394,annual,91.76372162405974
3395,annual,94.89917663616939
3396,annual,83.881632831536
3397,annual,88.00861289235007
3398,annual,72.22748796481586
3399,annual,78.37115098231787
3400,annual,79.30452235380176
3401,annual,75.47674161817145
3402,annual,55.40829049465248
3403,annual,61.76293467932753
3404,annual,33.98713177607523
3405,annual,29.91844131943624
3406,annual,40.80919995975285
3407,annual,45.503862188016925
3408,annual,34.780985422965585
3409,annual,31.533015636551877
3410,annual,17.291297431785196
3411,annual,23.440749633551764
3412,annual,46.86880581266298
3413,annual,50.204456807851
3414,annual,51.98684806027908
3415,annual,69.12236151721204
3416,annual,76.7545804575585
3417,annual,89.60205990141463
3418,annual,87.9071098951308
3419,annual,99.63845925284315
3420,annual,90.89748175388654
3421,annual,88.88862434770938
3422,annual,95.32878912100665
3423,annual,74.21920591276098
3424,annual,98.34910914362533
3425,annual,71.60016069590553
3426,annual,63.88016354019741
3427,annual,57.269725956201185
3428,annual,60.85062132014918
3429,annual,45.96038537528047
3430,annual,22.012319571931485
3431,annual,43.08351780696401
3432,annual,27.83289869009919
3433,annual,32.43953711970186
3434,annual,24.345277434724032
3435,annual,43.55648403505406
3436,annual,40.34907700511891
3437,annual,53.596857076531485
3438,annual,58.287279282773056
3439,annual,83.72474509262176
3440,annual,91.41815372682404
3441,annual,82.14538012297368
3442,annual,87.05265513014332
3443,annual,86.55030238353525
3444,annual,99.40812165768162
3445,annual,86.90648715166435
3446,annual,83.17013524202689
3447,annual,89.60201767057546
3448,annual,71.25367856312613
3449,annual,68.0226024031467
3450,annual,47.90958507357138
3451,annual,58.429022733569035
3452,annual,61.08700683911429
3453,annual,45.11667087246124
3454,annual,46.273702552504616
3455,annual,24.81347944756863
3456,annual,32.18296786046247
3457,annual,23.769319420609698
3458,annual,32.489487126052964
3459,annual,45.256861987460475
3460,annual,46.106938509063255
3461,annual,41.226674070351464
3462,annual,49.772140759934835
3463,annual,57.007633505386295
3464,annual,79.2239943237536
3465,annual,98.01673332508665
3466,annual,97.17280166977173
3467,annual,74.10226679974039
3468,annual,101.66098110879514
3469,annual,96.76135172902609
3470,annual,73.91073615353997
3471,annual,79.07996410614932
3472,annual,84.05655289620334
3473,annual,72.46041304479077
3474,annual,49.81961318513298
3475,annual,57.41373949753079
3476,annual,28.192368835592177
3477,annual,37.29659276258276
3478,annual,43.4152656459041
3479,annual,31.46175254013537
3480,annual,23.035963710361223
3481,annual,35.06223683043074
3482,annual,38.4427927285696
3483,annual,45.41589856095561
3484,annual,47.522203537627895
3485,annual,55.690348243785905
3486,annual,59.89073256955707
3487,annual,63.139807520756634
3488,annual,68.2435361081673
3489,annual,71.22126944931436
3490,annual,67.71120366775884
3491,annual,72.46496934930316
3492,annual,78.77134825457512
3493,annual,82.03907869668107
3494,annual,88.93665079627075
3495,annual,72.78496937908947
3496,annual,75.55527443707811
3497,annual,69.65010357928182
3498,annual,52.17588972854647
3499,annual,51.7968715832502
3500,annual,38.579239776257914
3501,annual,45.51266817064784
3502,annual,35.73152491400441
3503,annual,18.423596762745102
3504,annual,28.08931484379446
3505,annual,40.902017611349876
3506,annual,28.964583448010234
3507,annual,38.28695477528745
3508,annual,44.664148328476855
3509,annual,38.51602021547882
3510,annual,57.8827812202718
3511,annual,49.63455062805473
3512,annual,62.29212477535252
3513,annual,81.49478445855402
3514,annual,80.0338538512104
3515,annual,77.4412924743963
3516,annual,84.3688057965252
3517,annual,79.39637695432748
3518,annual,77.2804315475582
3519,annual,78.14354893236158
3520,annual,61.47817570129064
3521,annual,61.10792308876927
3522,annual,51.298972069710466
3523,annual,34.12417641199358
3524,annual,32.933471576569296
3525,annual,47.25088611103757
3526,annual,33.49221824106572
3527,annual,17.128413905547728
3528,annual,17.20179282651071
3529,annual,29.649541843741275
3530,annual,46.03335798517669
3531,annual,36.81735931926675
3532,annual,54.98062426053013
3533,annual,54.57550264677163
3534,annual,63.29463149606515
3535,annual,56.60343511193707
3536,annual,82.02481120729605
3537,annual,78.05837497070557
3538,annual,92.41012957571843
3539,annual,81.98904276608114
3540,annual,90.9410226133773
3541,annual,91.3184262534711
3542,annual,84.27312341422423
3543,annual,83.97419281358368
3544,annual,72.39345123175792
3545,annual,62.09672116204339
3546,annual,72.36849489564972
3547,annual,60.15167941111391
3548,annual,38.4377098729126
3549,annual,42.85897884245849
3550,annual,27.60243488215562
3551,annual,21.069375895327354
3552,annual,37.551223351829215
3553,annual,16.67017602678611
3554,annual,40.71483301571657
3555,annual,36.04576588445651
3556,annual,42.58837499599317
3557,annual,54.79418622454809
3558,annual,63.93033831659142
3559,annual,60.43457375908176
3560,annual,80.02255269063791
3561,annual,81.40091556043562
3562,annual,75.21307159122625
3563,annual,86.89952674067153
3564,annual,100.33097994510881
3565,annual,101.67128099527503
3566,annual,91.00029759503998
3567,annual,70.97120335088687
3568,annual,78.2056030402845
3569,annual,73.85220640458657
3570,annual,65.08641168718718
3571,annual,57.79581077706512
3572,annual,47.186852454617664
3573,annual,37.48824567439664
3574,annual,28.433045739872107
3575,annual,15.119488883953384
3576,annual,31.760141503262446
3577,annual,31.553655330101098
3578,annual,37.52285199862101
3579,annual,27.129454387616057
3580,annual,49.20314088407612
3581,annual,67.71479677344624
3582,annual,59.67060841577893
3583,annual,66.31425616897894
3584,annual,76.51502621824125
3585,annual,96.51490700283478
3586,annual,76.83458738948967
3587,annual,89.64643762537892
3588,annual,82.64574799117449
3589,annual,83.64474439146773
3590,annual,84.62704702003329
3591,annual,91.03479673806054
3592,annual,88.45093217506553
3593,annual,70.39271587964491
3594,annual,56.030249585367756
3595,annual,71.22034694958816
3596,annual,40.62257151891949
3597,annual,33.26071661908133
3598,annual,18.86270089939267
3599,annual,41.23396513484154
3600,annual,36.557441666649574
3601,annual,49.17614642793874
3602,annual,21.714527996401056
3603,annual,49.26363995191567
3604,annual,44.37256107460824
3605,annual,57.495707309004686
3606,annual,45.62925979884346
3607,annual,78.32070286207723
3608,annual,80.10361093833387
3609,annual,79.7134000849859
3610,annual,89.95314054250136
3611,annual,81.66528930801329
3612,annual,84.17595624302562
3613,annual,84.0816948073481
3614,annual,69.97041614769016
3615,annual,86.9187483169026
3616,annual,83.34422584113975
3617,annual,60.96529508264411
3618,annual,61.59710105523777
3619,annual,48.92258177756971
3620,annual,46.43766862432748
3621,annual,32.577655562394575
3622,annual,25.76331356544498
3623,annual,38.25030122719711
3624,annual,28.07526042147897
3625,annual,45.785321920630665
3626,annual,32.97594270729487
3627,annual,29.96439734407455
3628,annual,53.401752113962424
3629,annual,55.86805506256745
3630,annual,64.4012080120463
3631,annual,75.87560188649388
3632,annual,68.36385475170856
3633,annual,78.78140206618905
3634,annual,83.19538856410573
3635,annual,77.23802759582202
3636,annual,86.47750390120896
3637,annual,98.25503555416155
3638,annual,86.46569204635885
3639,annual,69.03093791531144
3640,annual,61.139509809155435
3641,annual,79.66900492553671
3642,annual,57.86367302043387
3643,annual,45.64237210378635
3644,annual,41.3942909832989
3645,annual,25.554559632339846
3646,annual,43.99022418503471
3647,annual,26.46402681311462
3648,annual,36.46979899873524
3649,annual,26.863803182601544
3650,annual,40.58415667119554
3651,annual,35.49225967713576
3652,annual,45.85644807978048
3653,annual,51.295216927766496
3654,annual,57.516915306843636
3655,annual,62.30217681205761
3656,annual,64.16778104790318
3657,annual,86.94594740144754
3658,annual,68.6577767982405
3659,annual,78.64504522537798
3660,annual,79.64967377848862
3661,annual,81.83011011338088
3662,annual,72.4774915118517
3663,annual,74.14044031358135
3664,annual,64.67984609520413
3665,annual,46.86308085509273
3666,annual,52.60700506688264
3667,annual,36.73794989481859
3668,annual,25.155500677236667
3669,annual,34.53369025030617
3670,annual,33.05096761080456
3671,annual,30.664173803859633
3672,annual,29.876705824908235
3673,annual,10.798630691420952
3674,annual,18.068518843311082
3675,annual,49.03562857122327
3676,annual,30.461670088134397
3677,annual,50.23795420007614
3678,annual,46.84383919542392
3679,annual,59.96483630065926
3680,annual,60.77330655056193
3681,annual,75.92355249774464
3682,annual,76.81621900946412
3683,annual,74.83301928940166
3684,annual,70.937963211305
3685,annual,80.56153105849562
3686,annual,66.0202756785898
3687,annual,74.85107159775418
3688,annual,86.85121944104588
3689,annual,70.12881479661485
3690,annual,58.08612326390399
3691,annual,44.66636756905344
3692,annual,23.32931915272249
3693,annual,22.66916590951244
3694,annual,39.21899711539255
3695,annual,19.941294217947597
3696,annual,22.354782590791284
3697,annual,27.645820781959436
3698,annual,23.471667191798062
3699,annual,26.92144606409414
3700,annual,42.54500679385228
3701,annual,43.051992385651744
3702,annual,52.0206507378725
3703,annual,59.463842520003226
3704,annual,77.12768108677942
3705,annual,77.30499728773724
3706,annual,82.500985746486
3707,annual,91.70214134324677
3708,annual,86.81248251024014
3709,annual,84.70054401711832
3710,annual,87.69316433419819
3711,annual,84.50758556016115
3712,annual,71.77221138003483
3713,annual,66.35823293414344
3714,annual,51.69447753823703
3715,annual,43.29876367771183
3716,annual,49.101979391838135
3717,annual,40.29513244086422
3718,annual,35.61042476990311
3719,annual,31.217859377235786
3720,annual,28.118936795652715
3721,annual,34.34283092704319
3722,annual,39.24941856378219
3723,annual,43.82593119506184
3724,annual,41.943087261565196
3725,annual,61.08068107532817
3726,annual,59.57699604299166
3727,annual,70.5728914827351
3728,annual,75.00601371581213
3729,annual,80.9385676846029
3730,annual,77.84405678066369
3731,annual,92.33789208456375
3732,annual,110.5116657483942
3733,annual,83.72872477948447
3734,annual,84.29803042606584
3735,annual,75.39287190995141
3736,annual,68.84515137663762
3737,annual,77.86947776715809
3738,annual,52.36554244731337
3739,annual,46.192095449126576
3740,annual,30.049367999282694
3741,annual,30.475213357198697
3742,annual,18.10134933197315
3743,annual,33.82597339415646
3744,annual,49.95399293634263
3745,annual,25.64521002376793
3746,annual,18.2415895841891
3747,annual,43.543209041485596
3748,annual,36.7410154902029
3749,annual,60.18661925299685
3750,annual,55.300182779324594
3751,annual,60.26646100205753
3752,annual,71.13275471567866
3753,annual,84.83183268473007
3754,annual,81.71781222913206
3755,annual,82.56039232796655
3756,annual,85.96576233781317
3757,annual,76.35934847430913
3758,annual,86.71343009352915
3759,annual,64.4758058464813
3760,annual,69.00344352672003
3761,annual,71.39606818536572
3762,annual,59.98080142510589
3763,annual,54.51440839245965
3764,annual,42.036049779893695
3765,annual,45.70118117393187
3766,annual,38.97324662226934
3767,annual,32.1477684069535
3768,annual,34.790536471223405
3769,annual,34.39578389927163
3770,annual,27.87370003240678
3771,annual,25.40577552358797
3772,annual,45.73306725945606
3773,annual,53.97431274629087
3774,annual,66.09394618182358
3775,annual,57.64417140542833
3776,annual,65.11872177849776
3777,annual,82.26257581877366
3778,annual,82.78159645542354
3779,annual,71.26185215681808
3780,annual,90.3710355627486
3781,annual,71.52856172147547
3782,annual,75.78887995126122
3783,annual,89.39682467119235
3784,annual,86.96920239517199
3785,annual,55.40949065801499
3786,annual,54.73503795341351
3787,annual,49.94657908426909
3788,annual,56.61998567336762
3789,annual,32.21401523452344
3790,annual,27.574335954915686
3791,annual,40.78219993174591
3792,annual,24.192317828985754
3793,annual,33.990469933791424
3794,annual,19.392725216299237
3795,annual,34.60756566239678
3796,annual,28.913856344120582
3797,annual,40.98258945001056
3798,annual,63.90424189194992
3799,annual,64.55595927511375
3800,annual,69.63778512630802
3801,annual,72.4138374944809
3802,annual,81.4061445783347
3803,annual,88.57731117620942
3804,annual,95.05396070242591
3805,annual,65.16723236662946
3806,annual,76.5173037701625
3807,annual,79.67660442384029
3808,annual,71.39972612303352
3809,annual,68.18221234402125
3810,annual,59.33095333974425
3811,annual,46.987116793708935
3812,annual,37.97580548283442
3813,annual,34.013415697251396
3814,annual,40.399807735780605
3815,annual,22.356792798814052
3816,annual,23.813611896179623
3817,annual,26.70280608351379
3818,annual,40.41618721814709
3819,annual,29.82171652340397
3820,annual,45.486518929418956
3821,annual,54.18378668968338
3822,annual,50.80603156140608
3823,annual,56.61842806648522
3824,annual,62.18363630494554
3825,annual,68.36136369942739
3826,annual,81.53267046812577
3827,annual,79.24414280918022
3828,annual,80.19838335469022
3829,annual,68.39427490809743
3830,annual,66.95883096450923
3831,annual,87.55552337158389
3832,annual,63.39345987902175
3833,annual,52.10600393447244
3834,annual,62.76485900604565
3835,annual,46.58241985303162
3836,annual,42.44130501624745
3837,annual,31.119805987042223
3838,annual,25.383995054536996
3839,annual,23.879377391548097
3840,annual,13.104787150749369
3841,annual,24.383275927974356
3842,annual,30.152271227299476
3843,annual,46.87851529185163
3844,annual,38.354685033180104
3845,annual,25.505161957687875
3846,annual,50.41480905086141
3847,annual,80.07083979577288
3848,annual,71.59762239301871
3849,annual,63.771464054706456
3850,annual,79.27823053076268
3851,annual,71.31058242382531
3852,annual,67.33623235676353
3853,annual,74.45973491707065
3854,annual,75.28158992922911
3855,annual,55.281331585708
3856,annual,55.4734181888293
3857,annual,58.23749123636528
3858,annual,47.90130710522675
3859,annual,47.337068464539044
3860,annual,27.949345894669904
3861,annual,37.78771940952801
3862,annual,18.313933834476984
3863,annual,38.22856961883458
3864,annual,12.966703395610637
3865,annual,18.97456071889782
3866,annual,34.050973981358645
3867,annual,48.79343224702185
3868,annual,44.213113959566535
3869,annual,53.43106167902067
3870,annual,56.83306488402164
3871,annual,56.246153390791235
3872,annual,67.77166288472215
3873,annual,68.21069534638339
3874,annual,72.44385204195537
3875,annual,88.88453581386719
3876,annual,77.70734581393349
3877,annual,88.2269765130961
3878,annual,72.25894976640156
3879,annual,80.27703726716764
3880,annual,67.78330911893347
3881,annual,75.71026529291794
3882,annual,59.282520835269686
3883,annual,58.814461461514675
3884,annual,35.64759593923564
3885,annual,35.9287129569941
3886,annual,22.86331029217379
3887,annual,24.406152940009775
3888,annual,24.443731424521367
3889,annual,21.755924652309233
3890,annual,20.83578022217968
3891,annual,24.01922318166075
3892,annual,22.82258028081922
3893,annual,40.32522214537511
3894,annual,61.560516379853155
3895,annual,51.51714830344777
3896,annual,60.59558243645195
3897,annual,92.08095721193814
3898,annual,77.42935892122551
3899,annual,88.08670806846914
3900,annual,91.67910237848236
3901,annual,90.8185490334007
3902,annual,70.34281347514707
3903,annual,75.9052912028789
3904,annual,58.59474705033125
3905,annual,83.87567943083661
3906,annual,43.7815630943536
3907,annual,40.393272102444215
3908,annual,33.215758367746375
3909,annual,23.354077957098944
3910,annual,41.38055437099761
3911,annual,46.942373626474314
3912,annual,22.589319324644077
3913,annual,16.854152315717684
3914,annual,12.519146175803687
3915,annual,33.22923909537178
3916,annual,38.864388893853466
3917,annual,43.420371915188234
3918,annual,58.166314310954846
3919,annual,67.32126877474454
3920,annual,73.97997834264822
3921,annual,75.07951673899355
3922,annual,73.56309975608409
3923,annual,90.6997518502708
3924,annual,86.49542235451726
3925,annual,92.47994726649426
3926,annual,88.69667878845603
3927,annual,66.23441916236452
3928,annual,59.92153461948419
3929,annual,58.115557882296415
3930,annual,47.945189012819675
3931,annual,54.6727551338782
3932,annual,44.20578968704837
3933,annual,43.97558079383109
3934,annual,33.58644470489921
3935,annual,29.086734145459918
3936,annual,35.854892172967574
3937,annual,31.03709785942255
3938,annual,30.821099524182802
3939,annual,46.88747476606327
3940,annual,42.17850099543653
3941,annual,46.057757737795214
3942,annual,49.55446785999302
3943,annual,69.64582895565313
3944,annual,81.15345826495397
3945,annual,77.0655581543432
3946,annual,92.70114103398608
3947,annual,69.47470846311366
3948,annual,85.8134269317509
3949,annual,84.91406942205077
3950,annual,76.4218610644886
3951,annual,96.54114566966562
3952,annual,70.72751286870412
3953,annual,60.75977911045437
3954,annual,56.46475083768225
3955,annual,32.46997266893195
3956,annual,35.178110527454905
3957,annual,42.90977025018103
3958,annual,25.244728977218863
3959,annual,20.64827783913999
3960,annual,36.60203622073383
3961,annual,37.8700915475612
3962,annual,34.2809927923746
3963,annual,31.271689020712863
3964,annual,39.21006260768804
3965,annual,41.92806008294333
3966,annual,48.16764617638947
3967,annual,55.5350705752268
3968,annual,66.18139587433697
3969,annual,69.0612666387371
3970,annual,69.5969522938066
3971,annual,86.85882727532193
3972,annual,88.00259577576612
3973,annual,98.70994798471722
3974,annual,76.75988629531417
3975,annual,79.70783928120122
3976,annual,73.62753176281704
3977,annual,61.859701992689985
3978,annual,62.080499838616035
3979,annual,54.563093270348716
3980,annual,43.745119890198964
3981,annual,32.86751005263985
3982,annual,27.28482814664919
3983,annual,16.206025149570102
3984,annual,16.954172253714212
3985,annual,19.345456981637398
3986,annual,18.02705448104043
3987,annual,34.829023124120276
3988,annual,46.47453743455183
3989,annual,36.14890080625448
3990,annual,52.66904596861285
3991,annual,49.11673958418612
3992,annual,61.46213711514245
3993,annual,63.97076094127031
3994,annual,78.59936557368712
3995,annual,71.05120640172316
3996,annual,85.49479779230892
3997,annual,74.515745603163
3998,annual,68.58737070807695
3999,annual,59.466955475931215
4000,annual,65.92715056501854
4001,annual,64.55137591823325
4002,annual,52.588084534950745
4003,annual,61.32405359620307
4004,annual,48.3398141024191
4005,annual,28.849409272882852
4006,annual,24.474609110019355
4007,annual,28.079090928733727
4008,annual,16.592027603541542
4009,annual,33.54649018940207
4010,annual,29.806299319515848
4011,annual,33.255969241778494
4012,annual,42.29181038911355
4013,annual,57.090705896131425
4014,annual,51.66382386444706
4015,annual,56.37997229774401
4016,annual,75.86593803352764
4017,annual,77.1284674669129
4018,annual,71.11102822605709
4019,annual,76.41766994602402
4020,annual,78.85922837445742
4021,annual,79.27068191359173
4022,annual,62.82606814161396
4023,annual,57.048187276571326
4024,annual,56.69706087092739
4025,annual,49.56638772062435
4026,annual,45.145588935167
4027,annual,48.38575196589899
4028,annual,35.44474779634913
4029,annual,32.77545479499175
4030,annual,17.11906786442909
4031,annual,20.523046113774615
4032,annual,30.472815650848567
4033,annual,31.556599233632205
4034,annual,23.99740161785342
4035,annual,35.85485001232985
4036,annual,58.365537184748504
4037,annual,47.869399569769115
4038,annual,50.22925878775028
4039,annual,62.149226595068185
4040,annual,71.51217121710451
4041,annual,75.77861074696187
4042,annual,81.50467886501099
4043,annual,73.20495477006718
4044,annual,78.07371055620223
4045,annual,83.55784724898992
4046,annual,80.4333727102435
4047,annual,72.45844359360626
4048,annual,69.35864566827834
4049,annual,64.02744455327911
4050,annual,62.890062009086044
4051,annual,47.21648912200581
4052,annual,43.967579999275884
4053,annual,30.22874850982206
4054,annual,34.37075803214454
4055,annual,29.802821949116648
4056,annual,32.59857759460701
4057,annual,32.40195048005231
4058,annual,34.40116443868446
4059,annual,33.67149886430979
4060,annual,42.6315553855242
4061,annual,56.41554164370504
4062,annual,50.455445013946104
4063,annual,58.40935069266916
4064,annual,72.12349275277136
4065,annual,80.20748252688851
4066,annual,75.05995168858958
4067,annual,84.05171585053404
4068,annual,84.92005137533818
4069,annual,66.92757543301275
4070,annual,79.89605176863154
4071,annual,75.62670234197715
4072,annual,69.3896980265843
4073,annual,74.76392711886223
4074,annual,45.94565518109745
4075,annual,41.310489646455935
4076,annual,19.7744751826138
4077,annual,30.611504804178917
4078,annual,26.526131022627293
4079,annual,22.614449369822353
4080,annual,34.43795639644054
4081,annual,33.48370307059411
4082,annual,30.21862936117573
4083,annual,31.398429816655128
4084,annual,48.78605502542536
4085,annual,47.653903448808016
4086,annual,49.03037736922279
4087,annual,49.61111961376967
4088,annual,67.046021729405
4089,annual,82.82689005354774
4090,annual,99.76960931044833
4091,annual,85.0471952387583
4092,annual,79.45369355960801
4093,annual,75.0745908029688
4094,annual,85.9729389645484
4095,annual,62.67281269709273
4096,annual,74.97929849180956
4097,annual,69.88280188374938
4098,annual,59.06677330643337
4099,annual,46.05467295198637
4100,annual,45.09606290894499
4101,annual,35.73084121400044
4102,annual,23.37078483215257
4103,annual,41.402061470898616
4104,annual,22.67483595407507
4105,annual,32.716514605886424
4106,annual,10.158594615860324
4107,annual,44.48683461761021
4108,annual,52.238380948195854
4109,annual,47.962369934896685
4110,annual,59.95843926886127
4111,annual,67.72096379689533
4112,annual,65.3460024338334
4113,annual,81.07845287007034
4114,annual,74.9999893455119
4115,annual,79.59599039046864
4116,annual,94.50381613665758
4117,annual,92.26330730523289
4118,annual,75.81802908756602
4119,annual,70.8328636785473
4120,annual,65.32349817129781
4121,annual,69.11395887575875
4122,annual,47.48839274447602
4123,annual,50.5774007501712
4124,annual,46.46304547603357
4125,annual,33.569103953017986
4126,annual,37.588018452345466
4127,annual,24.07601484636881
4128,annual,23.696422847708444
4129,annual,18.611523017932857
4130,annual,37.563924323088244
4131,annual,28.06190064423237
4132,annual,43.20544219738023
4133,annual,47.07216776557666
4134,annual,46.98500315076646
4135,annual,58.29901385814882
4136,annual,81.47024556798563
4137,annual,78.23373143233202
4138,annual,73.31482703825817
4139,annual,86.82766874312135
4140,annual,84.2383554029034
4141,annual,112.01741366228526
4142,annual,83.6690204999311
4143,annual,73.57547231472526
4144,annual,81.76749099795659
4145,annual,48.44354967039262
4146,annual,56.161828906708536
4147,annual,63.59812426003272
4148,annual,39.47767338078174
4149,annual,20.327655862878714
4150,annual,26.259161826841822
4151,annual,38.06563719466
4152,annual,25.808753280503886
4153,annual,17.00935032403273
4154,annual,20.93556815032568
4155,annual,26.23071124870242
4156,annual,39.18977958236968
4157,annual,53.51765135567888
4158,annual,58.21958061233108
4159,annual,60.4364081845788
4160,annual,52.647038429477846
4161,annual,58.26861949002697
4162,annual,77.44889858182768
4163,annual,65.11642503627941
4164,annual,74.99566034138888
4165,annual,78.31339738923198
4166,annual,64.08213044921605
4167,annual,60.69798092710359
4168,annual,62.54722799339516
4169,annual,60.81751302789821
4170,annual,58.29234667324776
4171,annual,47.66850977033407
4172,annual,36.889449269875286
4173,annual,24.73875538944455
4174,annual,17.850254641001726
4175,annual,19.63318249349969
4176,annual,26.019915090511294
4177,annual,26.353422753880654
4178,annual,10.0
4179,annual,24.36313109248995
4180,annual,45.87649082351601
4181,annual,43.38603657533182
4182,annual,38.40435910584287
4183,annual,75.57511408122004
4184,annual,63.00889655214864
4185,annual,71.9069851772108
4186,annual,76.31931436120769
4187,annual,72.87966399119013
4188,annual,70.91984095609561
4189,annual,92.79382760099914
4190,annual,81.14876326978862
4191,annual,75.40781111157295
4192,annual,67.85074394441244
4193,annual,48.70200550554135
4194,annual,59.96067194458895
4195,annual,36.00725492880471
4196,annual,38.50672479587194
4197,annual,17.533428074913438
4198,annual,10.030873703306764
4199,annual,26.20676272208683
4200,annual,18.735272864958485
4201,annual,10.316951643467515
4202,annual,33.5521809125612
4203,annual,50.95550973532764
4204,annual,51.324549071158245
4205,annual,45.384952567316745
4206,annual,55.27882945609332
4207,annual,70.07428840986468
4208,annual,79.18509116119701
4209,annual,73.67298468750859
4210,annual,81.4622508418475
4211,annual,86.59076024530609
4212,annual,89.6390775647484
4213,annual,83.12123025509966
4214,annual,80.22814715550096
4215,annual,87.45992907614928
4216,annual,79.88423262206084
4217,annual,66.79192294308208
4218,annual,68.96093956270118
4219,annual,44.35192955163079
4220,annual,53.19185459155281
4221,annual,38.33498711520574
4222,annual,55.395513866701314
4223,annual,16.69043679958588
4224,annual,19.641573471356818
4225,annual,29.528943326027882
4226,annual,32.35344579939432
4227,annual,49.54424392689928
4228,annual,34.80933802269928
4229,annual,54.63111228557101
4230,annual,64.45603952655152
4231,annual,68.55808949993636
4232,annual,62.468364753700996
4233,annual,87.63160936672557
4234,annual,90.97169705315203
4235,annual,88.93078643609063
4236,annual,86.7911169867672
4237,annual,85.94297435812257
4238,annual,80.50721126471369
4239,annual,81.49581999871312
4240,annual,70.40541431265538
4241,annual,56.132707039350045
4242,annual,46.767602330474816
4243,annual,41.37547410680159
4244,annual,41.93339342949118
4245,annual,33.72748536201748
4246,annual,30.89832372187239
4247,annual,30.185065768792388
4248,annual,20.093398282303088
4249,annual,37.85947224772885
4250,annual,26.989516959725165
4251,annual,30.43134637578962
4252,annual,43.97105558829774
4253,annual,32.65531271756191
4254,annual,48.78769009185476
4255,annual,70.7251194322484
4256,annual,56.21259025714123
4257,annual,85.26576270069978
4258,annual,93.18182033404435
4259,annual,81.13409777572019
4260,annual,87.44646782904859
4261,annual,93.04243715711839
4262,annual,77.35841429882312
4263,annual,83.267373289444
4264,annual,64.74277532859274
4265,annual,59.05571869604831
4266,annual,48.71727397503833
4267,annual,50.08857193012092
4268,annual,49.37571811016253
4269,annual,32.42585879710439
4270,annual,18.96121029680574
4271,annual,17.472536322671544
4272,annual,28.23176612283895
4273,annual,40.85012727035673
4274,annual,32.24400863285664
4275,annual,30.766594911068175
4276,annual,46.204442486676896
4277,annual,45.39441031410503
4278,annual,52.04868901296097
4279,annual,55.17186925938814
4280,annual,81.34256150584547
4281,annual,55.974510847505734
4282,annual,87.43860646764193
4283,annual,80.34278603816638
4284,annual,81.79224490026172
4285,annual,97.59126678948918
4286,annual,75.34268412780736
4287,annual,70.84762095524376
4288,annual,69.03181684051837
4289,annual,66.15032119144816
4290,annual,51.54012449353167
4291,annual,34.71952795451192
4292,annual,33.14938530482051
4293,annual,44.11243816799437
4294,annual,29.692422951425563
4295,annual,29.70589423283315
4296,annual,22.953991980819232
4297,annual,20.791605280145326
4298,annual,42.485155123673664
4299,annual,32.32662334619846
4300,annual,36.49840260198651
4301,annual,56.04992921597062
4302,annual,49.266478767264445
4303,annual,58.05211424108718
4304,annual,70.12733511033872
4305,annual,76.2607259065054
4306,annual,83.10301453496241
4307,annual,100.75648914203948
4308,annual,87.7353476090225
4309,annual,64.99870472486919
4310,annual,83.63651529918918
4311,annual,76.56160502971674
4312,annual,70.39296183301519
4313,annual,64.77751146644852
4314,annual,54.81593533680513
4315,annual,46.859893540684794
4316,annual,44.94971531636983
4317,annual,29.49551182505111
4318,annual,21.483108839556976
4319,annual,50.25783847051061
4320,annual,16.79397285994996
4321,annual,24.241978400075592
4322,annual,14.172864501017044
4323,annual,31.360696638574417
4324,annual,28.55502800468514
4325,annual,38.99293464963168
4326,annual,57.88134973636881
4327,annual,60.285023174992475
4328,annual,67.56810860679838
4329,annual,54.44307679510171
4330,annual,87.59867967101177
4331,annual,66.06577923246968
4332,annual,88.74931892455074
4333,annual,83.77318064785658
4334,annual,77.5221802466571
4335,annual,61.77283725496956
4336,annual,64.23355116875601
4337,annual,52.74157534280901
4338,annual,49.75314898224216
4339,annual,40.533740119747286
4340,annual,19.71194835762057
4341,annual,39.40322252603976
4342,annual,25.4892892556251
4343,annual,19.562431904377085
4344,annual,18.024882545875357
4345,annual,26.295179709642795
4346,annual,18.974763799977875
4347,annual,12.374212848684369
4348,annual,39.26453883417971
4349,annual,46.67221017440001
4350,annual,47.91044581109244
4351,annual,47.31239162476149
4352,annual,63.718984735627785
4353,annual,56.88312455404158
4354,annual,64.67234153719207
4355,annual,69.58191422628505
4356,annual,83.25901297564594
4357,annual,72.68661011482301
4358,annual,69.30725501648165
4359,annual,84.23692362384026
4360,annual,65.82720038602321
4361,annual,59.20757071008017
4362,annual,46.549894446843304
4363,annual,37.74841284965122
4364,annual,18.51624888837631
4365,annual,38.16554157186519
4366,annual,29.711292152384694
4367,annual,21.994175153001343
4368,annual,23.903112407403313
4369,annual,31.91230533150975
4370,annual,16.582483323921373
4371,annual,29.06867193406649
4372,annual,30.910503118953116
4373,annual,61.408428928911704
4374,annual,62.00617027691977
4375,annual,45.14395624608607
4376,annual,57.890833008973544
4377,annual,75.15536407082989
4378,annual,77.20216643904712
4379,annual,73.3836431461503
4380,annual,100.55902392329727
4381,annual,86.47902012262605
4382,annual,84.78021871853124
4383,annual,70.67800986383207
4384,annual,75.77911919951737
4385,annual,59.72203528731289
4386,annual,52.734180632433365
4387,annual,52.124370347619816
4388,annual,26.968945501610975
4389,annual,46.56394546530481
4390,annual,30.479277626351212
4391,annual,36.27070490366471
4392,annual,16.397567969142813
4393,annual,18.637830241195765
4394,annual,19.7249621357617
4395,annual,35.79010396781565
4396,annual,40.52879243743933
4397,annual,43.52106011516829
4398,annual,46.888372479011124
4399,annual,52.63272721732224
4400,annual,69.61305481832811
4401,annual,72.48943522098098
4402,annual,75.49683219676041
4403,annual,96.35541669981829
4404,annual,84.34232059655149
4405,annual,94.13904428218082
4406,annual,76.71567067416494
4407,annual,78.17233972807904
4408,annual,69.55711789204267
4409,annual,49.184518899024
4410,annual,66.42763247220466
4411,annual,46.155125812758406
4412,annual,45.972271779157055
4413,annual,27.771492806804474
4414,annual,27.70140885592209
4415,annual,19.08833235403447
4416,annual,34.896321649344365
4417,annual,28.521833778170574
4418,annual,31.963999887151164
4419,annual,44.66060352848062
4420,annual,49.259064162429404
4421,annual,53.36650272325188
4422,annual,43.63451501093752
4423,annual,57.20747218417937
4424,annual,61.977228699146394
4425,annual,82.04180677184004
4426,annual,82.35431143477079
4427,annual,72.86200910686452
4428,annual,83.4983800831474
4429,annual,72.03320989015904
4430,annual,80.5638439962123
4431,annual,62.97855719093617
4432,annual,74.23895373431412
4433,annual,65.79660614858543
4434,annual,70.27192173401227
4435,annual,54.026748750140335
4436,annual,36.62501974065721
4437,annual,40.33969109783669
4438,annual,17.846260626142637
4439,annual,18.330778169116485
4440,annual,27.68828737904513
4441,annual,10.0
4442,annual,28.745098729440027
4443,annual,25.647837349900456
4444,annual,40.83360356367036
4445,annual,38.63668490499052
4446,annual,58.41713222208576
4447,annual,62.94233786485899
4448,annual,81.22607445749489
4449,annual,76.29022683085364
4450,annual,74.85476679628567
4451,annual,82.02583506449804
4452,annual,74.2692559463104
4453,annual,87.25001994875983
4454,annual,85.72271120649958
4455,annual,95.98991885158321
4456,annual,65.048459197609
4457,annual,60.645361886118415
4458,annual,50.41707892693852
4459,annual,48.955485378418416
4460,annual,43.07667139828117
4461,annual,33.38294493141975
4462,annual,37.732992343895354
4463,annual,21.10953630373398
4464,annual,32.93475402132923
4465,annual,30.375569678660142
4466,annual,28.968360165478803
4467,annual,31.31266507654994
4468,annual,59.458703708054486
4469,annual,40.74472107919127
4470,annual,57.42882705395085
4471,annual,56.808180429342094
4472,annual,84.33032762717397
4473,annual,83.35317570419359
4474,annual,75.59932472100753
4475,annual,88.12389637432541
4476,annual,87.10692740841597
4477,annual,79.89013833107767
4478,annual,87.09143748956208
4479,annual,79.37300820263523
4480,annual,71.77095134929115
4481,annual,62.47457530134052
4482,annual,58.49379757900074
4483,annual,49.11589157706758
4484,annual,40.51810830240368
4485,annual,28.70403087470661
4486,annual,42.61472945077032
4487,annual,17.664227302743107
4488,annual,25.988563427725122
4489,annual,20.925550428470853
4490,annual,40.26116593010171
4491,annual,23.24773028685965
4492,annual,30.185367582604506
4493,annual,34.8208149528245
4494,annual,52.15519408429205
4495,annual,45.57118261790609
4496,annual,59.23924571862503
4497,annual,51.44043018588966
4498,annual,74.87353041189172
4499,annual,71.64575211644191
4500,annual,64.66301972523233
4501,annual,84.33234621028448
4502,annual,62.48882439178749
4503,annual,75.03490628894966
4504,annual,57.459147084784725
4505,annual,69.36815891761863
4506,annual,55.56387798809634
4507,annual,34.51497649192687
4508,annual,28.73081325900472
4509,annual,35.31979222644487
4510,annual,24.08576272882599
4511,annual,22.13273631071139
4512,annual,32.77868001485109
4513,annual,17.53126082390981
4514,annual,26.9484333958981
4515,annual,38.145908377855974
4516,annual,42.57370902775911
4517,annual,41.33575356274086
4518,annual,47.28952207385304
4519,annual,42.67835963827492
4520,annual,54.650809179352734
4521,annual,71.23952602530895
4522,annual,71.88039751131626
4523,annual,76.28018305900898
4524,annual,84.91479799774679
4525,annual,66.18218155798097
4526,annual,71.09401260499294
4527,annual,70.20233992000082
4528,annual,57.46748962007817
4529,annual,68.04070024986171
4530,annual,56.86946353357949
4531,annual,44.933721519616284
4532,annual,50.45462335530301
4533,annual,18.5177237917564
4534,annual,26.156272969649017
4535,annual,26.45146756234195
4536,annual,17.83989511474417
4537,annual,28.58427703496532
4538,annual,20.32291342525936
4539,annual,39.467590599693146
4540,annual,48.6190136341268
4541,annual,49.57043134504655
4542,annual,40.33395296857598
4543,annual,55.18655867284289
4544,annual,74.67401551480083
4545,annual,76.53912807279089
4546,annual,59.58507666108879
4547,annual,94.07675334871352
4548,annual,86.2495875391262
4549,annual,77.58151296576725
4550,annual,89.09674238316201
4551,annual,70.94921882143677
4552,annual,64.64871854826183
4553,annual,65.78772805028346
4554,annual,69.40464316303391
4555,annual,60.38046155980301
4556,annual,43.03402748032841
4557,annual,37.64221732430169
4558,annual,35.507564832240995
4559,annual,16.122691297468705
4560,annual,30.36125369973361
4561,annual,20.357704468697477
4562,annual,31.775129423357235
4563,annual,32.175122546062624
4564,annual,44.21773361943146
4565,annual,48.38832336949381
4566,annual,30.623824835947353
4567,annual,64.40377204923482
4568,annual,75.34529062091185
4569,annual,79.9886972248218
4570,annual,80.36814154638228
4571,annual,97.32313532663305
4572,annual,87.69905203549104
4573,annual,87.68722819273465
4574,annual,89.54476426845547
4575,annual,79.32201443568697
4576,annual,63.023924975204125
4577,annual,43.46593904535639
4578,annual,51.3910997863731
4579,annual,53.53105985649106
4580,annual,37.38329635117532
4581,annual,40.40429054517517
4582,annual,30.417130296346784
4583,annual,36.534820775943174
4584,annual,22.90541124377555
4585,annual,30.030288724610294
4586,annual,33.333463303490554
4587,annual,46.066756446193956
4588,annual,26.614046450066617
4589,annual,43.835307351239955
4590,annual,62.05527374384887
4591,annual,75.39888809204565
4592,annual,72.18771700187749
4593,annual,74.13871502096538
4594,annual,87.30485396366956
4595,annual,91.19454109126634
4596,annual,82.3898514714024
4597,annual,86.88737818683325
4598,annual,90.69212511356976
4599,annual,91.60402028253289
4600,annual,76.20798457462318
4601,annual,63.38482742714121
4602,annual,54.834543492437575
4603,annual,51.961746005214195
4604,annual,39.341762160905255
4605,annual,35.571065457323535
4606,annual,20.823372670960687
4607,annual,36.66582768399806
4608,annual,16.21207386051914
4609,annual,22.89888280541242
4610,annual,30.13353565098992
4611,annual,50.048243281221254
4612,annual,36.95208779888995
4613,annual,42.24085381294977
4614,annual,50.92701633903822
4615,annual,76.3693003716747
4616,annual,47.8347757296604
4617,annual,68.5248510161163
4618,annual,103.16462346451814
4619,annual,89.03838305431371
4620,annual,76.48567208299481
4621,annual,83.97598260898245
4622,annual,81.85395031978463
4623,annual,83.31575708054984
4624,annual,85.04956770028907
4625,annual,66.20653648101792
4626,annual,51.01524525360488
4627,annual,53.86565586141858
4628,annual,34.7475301028057
4629,annual,25.853648274199923
4630,annual,15.273518588523856
4631,annual,13.834749733033313
4632,annual,18.235706406665578
4633,annual,17.007174725380736
4634,annual,31.932397761124335
4635,annual,24.598849613471042
4636,annual,15.2579372394618
4637,annual,39.2914021058684
4638,annual,51.6323904738884
4639,annual,58.328243105759654
4640,annual,82.56346509013322
4641,annual,71.71213061694297
4642,annual,88.43541747478649
4643,annual,84.2331816468849
4644,annual,85.06882985027896
4645,annual,77.7020001335475
4646,annual,80.91776855654678
4647,annual,70.49970207607684
4648,annual,71.76746216969632
4649,annual,61.28184194774587
4650,annual,47.85024419012695
4651,annual,55.57785102018889
4652,annual,43.82199149583117
4653,annual,30.609562346925355
4654,annual,30.59044991840908
4655,annual,25.758912694971997
4656,annual,15.998716393757086
4657,annual,24.42341641422774
4658,annual,21.588663951224436
4659,annual,23.2880901148657
4660,annual,23.45730524973108
4661,annual,40.08247084578617
4662,annual,54.47520916853306
4663,annual,51.370283282600454
4664,annual,83.60511342912703
4665,annual,76.11681221312192
4666,annual,83.75677085532695
4667,annual,82.38138529825818
4668,annual,91.76236369137186
4669,annual,69.72342533388777
4670,annual,52.83623070877415
4671,annual,65.462322117077
4672,annual,67.90519249624357
4673,annual,58.13969388361516
4674,annual,52.143224779605546
4675,annual,53.51860969545419
4676,annual,39.49590448756329
4677,annual,37.238864220554674
4678,annual,19.04025605486137
4679,annual,15.096297068330138
4680,annual,35.93179529670931
4681,annual,24.74609888388511
4682,annual,21.65036454276449
4683,annual,25.95584487209968
4684,annual,31.32589893940735
4685,annual,37.35909752637861
4686,annual,39.75370149168413
4687,annual,45.003634912517406
4688,annual,61.95884889127806
4689,annual,64.367360041987
4690,annual,82.25884409823962
4691,annual,78.44349444845359
4692,annual,79.14142535313728
4693,annual,70.15391796188266
4694,annual,72.43334248845346
4695,annual,71.99877583360173
4696,annual,69.24844983021481
4697,annual,56.25586351813455
4698,annual,58.65187414710708
4699,annual,43.09468416600889
4700,annual,42.861660860654865
4701,annual,27.008183151763436
4702,annual,12.135491077784438
4703,annual,26.08575850685675
4704,annual,31.474634074341452
4705,annual,31.297045434956956
4706,annual,33.06877274713481
4707,annual,31.670142405932125
4708,annual,34.21807155760371
4709,annual,52.32129636844307
4710,annual,59.08362089875465
4711,annual,58.94942019549346
4712,annual,79.5474350827049
4713,annual,69.82232088838407
4714,annual,76.98461665237328
4715,annual,97.74121805657383
4716,annual,92.62069707103974
4717,annual,81.78574191071233
4718,annual,83.95184935985
4719,annual,78.12358296095557
4720,annual,48.707130649349416
4721,annual,56.18482132645702
4722,annual,55.265268632294195
4723,annual,45.05457840361838
4724,annual,42.64886208781183
4725,annual,43.4946966371554
4726,annual,27.118993178403876
4727,annual,18.23302841151348
4728,annual,28.373567624978207
4729,annual,24.183992899675367
4730,annual,28.545484236781462
4731,annual,32.22736116806879
4732,annual,58.70945675697773
4733,annual,30.08454891583066
4734,annual,52.66808313182867
4735,annual,63.50981350477833
4736,annual,64.52561441862761
4737,annual,84.18656444951253
4738,annual,88.26157790018011
4739,annual,84.37049219765358
4740,annual,83.6093643141403
4741,annual,83.85687447170872
4742,annual,80.91722324124052
4743,annual,76.36097356748017
4744,annual,69.27076154475544
4745,annual,65.55892022670461
4746,annual,61.800450875512766
4747,annual,38.16810182302561
4748,annual,32.36944316302467
4749,annual,20.57340668542524
4750,annual,36.72517144621749
4751,annual,28.7995659137415
4752,annual,29.926785735181078
4753,annual,15.470884912139114
4754,annual,44.18346847722686
4755,annual,29.800634906959623
4756,annual,42.23029206460895
4757,annual,54.95515154007026
4758,annual,47.988807561350335
4759,annual,59.2786220926932
4760,annual,72.3180198045259
4761,annual,99.95763364703299
4762,annual,84.27440566406827
4763,annual,97.7133096014367
4764,annual,95.53003076925455
4765,annual,87.80650068834711
4766,annual,73.95184154820664
4767,annual,85.57587792986122
4768,annual,58.89976287453453
4769,annual,76.45621795021127
4770,annual,57.48468807346495
4771,annual,26.918285876257876
4772,annual,38.16059684746421
4773,annual,39.90302473950602
4774,annual,28.007692509867624
4775,annual,32.62691730699545
4776,annual,19.201489416808023
4777,annual,16.576048987533476
4778,annual,29.449357420592385
4779,annual,35.04100466122928
4780,annual,38.21460795000782
4781,annual,58.05544057856831
4782,annual,49.20002375739393
4783,annual,66.27157897024081
4784,annual,71.5454425278154
4785,annual,64.76115857701416
4786,annual,71.43020340269145
4787,annual,85.0747456771675
4788,annual,101.8512827480021
4789,annual,89.61361604236893
4790,annual,68.17736627088249
4791,annual,52.330981673148116
4792,annual,76.86611150254143
4793,annual,62.99654624815642
4794,annual,65.13181051458935
4795,annual,41.19136803973923
4796,annual,43.80338274137461
4797,annual,41.55786702713288
4798,annual,26.44121153932138
4799,annual,23.615223407985813
4800,annual,26.327933777405743
4801,annual,31.489467112429196
4802,annual,30.03039697899017
4803,annual,42.70459839509808
4804,annual,37.430349614482374
4805,annual,37.73409813183811
4806,annual,71.94163407352406
4807,annual,59.05333258935467
4808,annual,66.57829445887664
4809,annual,76.81260799563756
4810,annual,82.64404211938363
4811,annual,82.0101367773844
4812,annual,85.98635995302654
4813,annual,84.78550806586527
4814,annual,83.50514785831822
4815,annual,58.47913489231651
4816,annual,86.17284158468141
4817,annual,62.712095973417775
4818,annual,60.770812084194496
4819,annual,37.3364490432708
4820,annual,37.35782903862463
4821,annual,29.534100762458884
4822,annual,41.902859131153825
4823,annual,22.461547485259505
4824,annual,29.69598843271352
4825,annual,19.347987606002384
4826,annual,23.62771111778139
4827,annual,29.57506412355052
4828,annual,47.402109551827195
4829,annual,28.524413047183778
4830,annual,40.10604009499733
4831,annual,42.041021429442324
4832,annual,55.43133157910119
4833,annual,63.23043121969272
4834,annual,61.09818440664952
4835,annual,70.8381638740803
4836,annual,61.51363268972547
4837,annual,68.5674360568562
4838,annual,83.61739763865424
4839,annual,72.9519361914784
4840,annual,65.63108991457301
4841,annual,49.59723430472794
4842,annual,38.342668864835
4843,annual,34.52998571515048
4844,annual,36.78566992202469
4845,annual,38.48487968296937
4846,annual,34.467601972095515
4847,annual,29.596250127254606
4848,annual,17.855326138686962
4849,annual,24.87218240065757
4850,annual,24.802354908752704
4851,annual,30.05437985123573
4852,annual,53.55280422690902
4853,annual,29.671664937433555
4854,annual,48.87836652385243
4855,annual,67.43788652656784
4856,annual,52.528649090962205
4857,annual,64.6976847411373
4858,annual,69.90615897286924
4859,annual,75.0494605846035
4860,annual,64.98812377438078
4861,annual,81.59806684373969
4862,annual,79.46876521351551
4863,annual,73.91466674341088
4864,annual,57.29279165690186
4865,annual,58.43598159529694
4866,annual,43.560259134677814
4867,annual,41.106893547290355
4868,annual,54.48352446859755
4869,annual,32.42946097996379
4870,annual,17.872882541153288
4871,annual,26.11846646673698
4872,annual,15.726197797971917
4873,annual,17.97070727768625
4874,annual,22.230818005354905
4875,annual,31.772886153316495
4876,annual,49.036317171192
4877,annual,53.40317943753748
4878,annual,60.724527832457014
4879,annual,55.513740034829674
4880,annual,67.2100503629932
4881,annual,79.92977749714032
4882,annual,77.49476743690425
4883,annual,83.29140847274165
4884,annual,90.07143474671798
4885,annual,82.72815854554003
4886,annual,84.32980403282775
4887,annual,90.49559629023136
4888,annual,70.16569481458241
4889,annual,73.73983903730766
4890,annual,61.01552574493726
4891,annual,37.03805790550864
4892,annual,32.72346897237021
4893,annual,28.65859470632281
4894,annual,23.721123757482975
4895,annual,26.84047244895183
4896,annual,31.609922055291744
4897,annual,37.756262215602895
4898,annual,33.17740826690466
4899,annual,31.914129786615057
4900,annual,25.034839721598168
4901,annual,49.49291492090024
4902,annual,56.89893122019709
4903,annual,65.92077105202445
4904,annual,88.54269205226382
4905,annual,87.83074547577817
4906,annual,88.95401913017021
4907,annual,77.97392741873641
4908,annual,82.58881167706322
4909,annual,84.9117876038812
4910,annual,76.4702747920875
4911,annual,81.90968930611453
4912,annual,74.5480404643628
4913,annual,55.750878679275246
4914,annual,66.26730334340616
4915,annual,49.74668098803242
4916,annual,27.860200496699164
4917,annual,35.068823368280995
4918,annual,32.96165920448725
4919,annual,35.49733377345104
4920,annual,24.152069345140823
4921,annual,34.49761192105936
4922,annual,32.368254350782315
4923,annual,25.11824026225669
4924,annual,30.530546382293643
4925,annual,58.06778817827292
4926,annual,66.4197539972079
4927,annual,67.19972576646717
4928,annual,83.81753433959398
4929,annual,86.51796279808303
4930,annual,88.30167251952469
4931,annual,78.53916344895643
4932,annual,100.7033105784125
4933,annual,90.12006681649198
4934,annual,79.74593248679395
4935,annual,72.7189239633078
4936,annual,73.9061508222646
4937,annual,51.24797924452174
4938,annual,62.44926677297666
4939,annual,41.458742699525914
4940,annual,44.816745440748065
4941,annual,31.465714435692064
4942,annual,28.75576875482297
4943,annual,21.818826799361183
4944,annual,25.728015307588326
4945,annual,43.15511233650152
4946,annual,42.1175656598907
4947,annual,38.64047896140196
4948,annual,41.81549663251512
4949,annual,56.006888929502196
4950,annual,66.0576139098952
4951,annual,58.14387505245013
4952,annual,71.39833981597712
4953,annual,63.65538835608652
4954,annual,91.98342975265506
4955,annual,102.51581960731363
4956,annual,87.65851175401941
4957,annual,68.99554454648265
4958,annual,87.86973700318414
4959,annual,70.99834086343851
4960,annual,66.71105522371906
4961,annual,69.79503322843838
4962,annual,59.05428376113653
4963,annual,45.3484092012503
4964,annual,36.821005696221434
4965,annual,36.81133576320499
4966,annual,27.761364223402644
4967,annual,19.16617889953863
4968,annual,24.53012559890493
4969,annual,30.929597248101235
4970,annual,29.785041202641587
4971,annual,24.6693588291499
4972,annual,50.103148021736125
4973,annual,27.515568202109517
4974,annual,53.619709810504325
4975,annual,59.99361476737611
4976,annual,73.37606207370312
4977,annual,82.89712894875012
4978,annual,92.18551163035325
4979,annual,80.46916685258658
4980,annual,91.88328974939967
4981,annual,87.73495294245555
4982,annual,69.47907816279918
4983,annual,93.60815652980111
4984,annual,60.680430032810214
4985,annual,68.31118058228515
4986,annual,60.31031060431379
4987,annual,51.631153956288806
4988,annual,38.234015993438966
4989,annual,42.595448824259414
4990,annual,18.726929145653898
4991,annual,27.68622595266838
4992,annual,20.122155815023888
4993,annual,20.134772381102458
4994,annual,31.68044962489208
4995,annual,41.161098477164245
4996,annual,35.38710713274863
4997,annual,50.89048772908171
4998,annual,52.03107855100035
4999,annual,51.479409771307544
5000,annual,63.06953648151506
5001,annual,68.32914919314743
5002,annual,69.44255982957985
5003,annual,81.14101396649507
5004,annual,80.51032272908165
5005,annual,64.98795295109305
5006,annual,61.80363116770855
5007,annual,74.12251194512639
5008,annual,58.610861797087296
5009,annual,61.037596686014204
5010,annual,57.88060585231706
5011,annual,34.47741631043102
5012,annual,26.84085519083409
5013,annual,45.936723594569145
5014,annual,31.063033588963393
5015,annual,22.199230664252546
5016,annual,17.329250024309637
5017,annual,21.63724954441666
5018,annual,18.89350905439342
5019,annual,39.77618794616768
5020,annual,32.08676441662918
5021,annual,53.56093613344182
5022,annual,48.59574228731965
5023,annual,50.442086394309285
5024,annual,61.89036094136934
5025,annual,49.8993225175052
5026,annual,74.21731093426754
5027,annual,76.51981742624332
5028,annual,85.39871561786349
5029,annual,62.79033153141755
5030,annual,84.47839043456798
5031,annual,77.45745109749778
5032,annual,75.31712215506906
5033,annual,58.367116855214704
5034,annual,59.91194831830179
5035,annual,33.042707148456444
5036,annual,44.005154167116025
5037,annual,26.539588456643415
5038,annual,15.206873083916417
5039,annual,16.72765219036001
5040,annual,27.79355969816725
5041,annual,22.177142134720206
5042,annual,34.77713672916632
5043,annual,22.070206713504525
5044,annual,25.732530240206195
5045,annual,60.96383870920607
5046,annual,64.97971162434456
5047,annual,57.11950725489825
5048,annual,72.72531344136877
5049,annual,87.1185705063401
5050,annual,87.08367756899109
5051,annual,87.91287014727297
5052,annual,96.51054323963386
5053,annual,80.88138557619537
5054,annual,83.97950029198327
5055,annual,78.81972491839038
5056,annual,70.56721420776475
5057,annual,62.3954378508427
5058,annual,58.332256491761015
5059,annual,50.25999920394168
5060,annual,34.3618894488569
5061,annual,42.95047443274026
5062,annual,23.957466813469864
5063,annual,27.025668244083644
5064,annual,25.58655559434325
5065,annual,31.83585348870534
5066,annual,15.015205740831838
5067,annual,43.8628744599429
5068,annual,37.53287659520635
5069,annual,59.943934381244475
5070,annual,54.12347997997443
5071,annual,65.3226220433072
5072,annual,88.25908769665105
5073,annual,76.94329714135074
5074,annual,93.84036056702449
5075,annual,87.23893484929219
5076,annual,91.27215001845158
5077,annual,87.48624288006671
5078,annual,90.71237450003781
5079,annual,73.67774990887568
5080,annual,65.07641119195019
5081,annual,60.60476120616312
5082,annual,58.74648238669639
5083,annual,48.41767773862541
5084,annual,48.63099838787309
5085,annual,47.173449539079414
5086,annual,24.161330564690438
5087,annual,23.09943425452015
5088,annual,16.66490706322015
5089,annual,45.42003154712376
5090,annual,34.61141628916444
5091,annual,40.780037534539176
5092,annual,32.433155329474594
5093,annual,50.38089114459236
5094,annual,62.228806285027666
5095,annual,63.897332238523205
5096,annual,81.76046740833414
5097,annual,97.86267485046204
5098,annual,76.55908190650453
5099,annual,78.95589923058145
5100,annual,81.13277388549437
5101,annual,99.98219047852696
5102,annual,92.47442705949362
5103,annual,78.28380330297023
5104,annual,73.44729972492998
5105,annual,59.387044753224835
5106,annual,65.27503967166845
5107,annual,47.351036463778925
5108,annual,41.074210094083
5109,annual,41.81193714636063
5110,annual,30.67010079152406
5111,annual,27.29731967306816
5112,annual,28.451920285152447
5113,annual,35.75238716259241
5114,annual,45.55850113125735
5115,annual,41.83800506329208
5116,annual,49.793832429913984
5117,annual,49.00391479103523
5118,annual,52.70493573557011
5119,annual,71.36377985187639
5120,annual,74.73724523772442
5121,annual,68.19949288651829
5122,annual,81.72352376704822
5123,annual,86.68191724173947
5124,annual,84.28365570469202
5125,annual,99.19897818592892
5126,annual,88.18679304967074
5127,annual,90.56592141962545
5128,annual,75.47472073413712
5129,annual,66.7829926853961
5130,annual,50.87453610003786
5131,annual,50.698183553416754
5132,annual,43.471750046323386
5133,annual,26.21720413304957
5134,annual,28.070336769223537
5135,annual,26.803283064116897
5136,annual,31.89406145492068
5137,annual,33.29925120968851
5138,annual,27.954915133220112
5139,annual,41.12397848721356
5140,annual,42.12959366768678
5141,annual,27.864693550559636
5142,annual,54.708608846862575
5143,annual,74.98270557668957
5144,annual,60.13177904945348
5145,annual,80.70095814139566
5146,annual,97.24907692949037
5147,annual,81.47909626706311
5148,annual,88.6034177458964
5149,annual,77.13186983332359
5150,annual,97.58483634931665
5151,annual,79.13276752209842
5152,annual,73.95923984482705
5153,annual,77.18520017959551
5154,annual,63.878052259638764
5155,annual,43.81662388942537
5156,annual,38.4080017097764
5157,annual,41.33247210306489
5158,annual,27.61249454843823
5159,annual,12.670503816838643
5160,annual,25.504402845798676
5161,annual,15.008630636107977
5162,annual,42.47789736124126
5163,annual,35.25274724497974
5164,annual,32.1889287809627
5165,annual,40.35315569984361
5166,annual,37.815148531919945
5167,annual,51.12274835843533
5168,annual,74.56091485523689
5169,annual,89.87650149088722
5170,annual,82.12418724268281
5171,annual,78.27398623574791
5172,annual,76.47465422967997
5173,annual,71.35836003610525
5174,annual,92.79114233180907
5175,annual,70.5122227120331
5176,annual,83.35536787541133
5177,annual,71.06659952955985
5178,annual,39.003957784141114
5179,annual,40.614595851068906
5180,annual,34.077968241520736
5181,annual,33.19967523002862
5182,annual,29.06512930782143
5183,annual,50.820244688291595
5184,annual,17.520883636802004
5185,annual,28.890468808110352
5186,annual,34.68808267016266
5187,annual,34.03424750480973
5188,annual,40.52015125485094
5189,annual,37.79212126037932
5190,annual,53.99059618942153
5191,annual,64.21801281976312
5192,annual,69.2595113067691
5193,annual,76.79219695593359
5194,annual,87.82225573986977
5195,annual,86.71443627771966
5196,annual,80.70906354057958
5197,annual,69.8446371273387
5198,annual,71.72135033709097
5199,annual,70.47354050929754
5200,annual,68.65747328333165
5201,annual,56.30015875837298
5202,annual,45.65284103912526
5203,annual,36.64500290186932
5204,annual,26.429284560155843
5205,annual,32.16721791036675
5206,annual,17.9986971938578
5207,annual,19.054503849536093
5208,annual,26.12953283788298
5209,annual,19.615634556833882
5210,annual,36.33800321509382
5211,annual,43.98932889388647
5212,annual,39.88533166243421
5213,annual,48.01995800668176
5214,annual,63.58018598175002
5215,annual,61.333358395835596
5216,annual,68.01887652785904
5217,annual,90.06593908172415
5218,annual,92.33501184387286
5219,annual,93.07092262806081
5220,annual,96.68590479179015
5221,annual,72.44029280637055
5222,annual,96.09219430851542
5223,annual,83.63044818890377
5224,annual,82.36699889268328
5225,annual,70.14261340664393
5226,annual,59.672146418078654
5227,annual,49.313702768665344
5228,annual,47.21790283572706
5229,annual,35.57356111380457
5230,annual,40.24299450762515
5231,annual,17.61131987554775
5232,annual,25.192020938943774
5233,annual,46.90543903243912
5234,annual,28.5352220111857
5235,annual,36.401954613193745
5236,annual,37.46398036649739
5237,annual,54.44682186330897
5238,annual,53.63450871216044
5239,annual,65.80431170791722
5240,annual,81.31556012157856
5241,annual,75.1477239183759
5242,annual,91.81427890095293
5243,annual,95.0802371464529
5244,annual,97.96427659105235
5245,annual,89.62673058131438
5246,annual,111.43546256264544
5247,annual,89.17410084123108
5248,annual,77.1236488285526
5249,annual,60.28180387371974
5250,annual,58.74815482630487
5251,annual,63.17067229542265
5252,annual,58.20090475830816
5253,annual,50.13805720122342
5254,annual,39.8254041736018
5255,annual,20.50157139426137
5256,annual,33.67186968323168
5257,annual,20.865581327530286
5258,annual,21.89404348004709
5259,annual,40.4746411816478
5260,annual,48.96017071878432
5261,annual,59.23702057539713
5262,annual,63.751665063715066
5263,annual,71.79183437964392
5264,annual,66.89735446068731
5265,annual,80.14796509874542
5266,annual,73.69840296908359
5267,annual,72.7253968940968
5268,annual,95.69971681937092
5269,annual,82.72735477897069
5270,annual,92.7353252713039
5271,annual,89.85455919926306
5272,annual,69.82003654364074
5273,annual,72.26163525014432
5274,annual,54.485321311717186
5275,annual,37.2429727905361
5276,annual,45.761050376166
5277,annual,34.79438066730382
5278,annual,30.273100942396113
5279,annual,46.59954529471847
5280,annual,17.823659815979507
5281,annual,34.1157099721406
5282,annual,26.09129566714971
5283,annual,46.08340351638305
5284,annual,47.41796556724141
5285,annual,55.30069911821017
5286,annual,52.4713987370228
5287,annual,61.67038372460992
5288,annual,82.44851973660798
5289,annual,95.41010088725781
5290,annual,89.85374032916754
5291,annual,81.82892470034147
5292,annual,92.74202385753743
5293,annual,108.4280668212138
5294,annual,86.83066027712533
5295,annual,92.9384459885861
5296,annual,69.10788075113119
5297,annual,67.45839861782541
5298,annual,64.98703732684523
5299,annual,55.44457079086817
5300,annual,38.899406236951606
5301,annual,32.34117258519967
5302,annual,41.95602878912899
5303,annual,40.58514739036999
5304,annual,42.38952206921223
5305,annual,45.74604268158775
5306,annual,35.38856698128448
5307,annual,36.58957621478769
5308,annual,56.100301114464614
5309,annual,58.23235650597393
5310,annual,52.432731534896135
5311,annual,59.78785963316119
5312,annual,79.22781521508735
5313,annual,80.08737974796131
5314,annual,86.06169607984445
5315,annual,97.85041531059046
5316,annual,96.36467076411716
5317,annual,99.90913438025636
5318,annual,70.8208468667831
5319,annual,83.5327603776029
5320,annual,80.84988178341453
5321,annual,55.84425810381101
5322,annual,55.05320847375709
5323,annual,45.803920952529886
5324,annual,45.46595897271621
5325,annual,52.10200191819296
5326,annual,50.49232672802292
5327,annual,24.800298390978554
5328,annual,31.716522197041993
5329,annual,32.894449700427074
5330,annual,34.22238446303154
5331,annual,38.604018178970485
5332,annual,43.434004212704025
5333,annual,61.016510941776694
5334,annual,63.323796308037856
5335,annual,53.010947230075324
5336,annual,74.36983284013779
5337,annual,80.7349342812218
5338,annual,80.40648839248756
5339,annual,89.63545646692009
5340,annual,83.0086564674857
5341,annual,82.18780327150826
5342,annual,78.85667445268959
5343,annual,57.44999459873283
5344,annual,67.36087704184641
5345,annual,56.1461738152249
5346,annual,45.01248036755294
5347,annual,58.988096253241515
5348,annual,45.03772434136908
5349,annual,35.17353245350024
5350,annual,26.60295148209415
5351,annual,30.793423560318473
5352,annual,35.681665312286526
5353,annual,22.054452507566047
5354,annual,31.328863685353696
5355,annual,42.602825464519015
5356,annual,25.762167533073374
5357,annual,47.30150424873513
5358,annual,51.31584560136611
5359,annual,60.66765192147421
5360,annual,64.23714811477119
5361,annual,74.94305649944157
5362,annual,93.521880231308
5363,annual,78.23879408412286
5364,annual,84.08386463849926
5365,annual,96.78814522282417
5366,annual,73.73273784094582
5367,annual,88.35946244921494
5368,annual,68.29276061876327
5369,annual,75.99346059043388
5370,annual,60.751785565316965
5371,annual,50.21892924863773
5372,annual,40.725131110653734
5373,annual,30.665961954675964
5374,annual,31.9738230632814
5375,annual,35.84907092810177
5376,annual,31.007775700209624
5377,annual,29.60190991901608
5378,annual,33.12564476122765
5379,annual,47.839276621250995
5380,annual,55.91395878898184
5381,annual,48.010891684960406
5382,annual,55.76396428860308
5383,annual,71.91210985859551
5384,annual,88.33292366624103
5385,annual,91.4937930502799
5386,annual,77.07861156427686
5387,annual,87.97783417692014
5388,annual,83.6678387106669
5389,annual,87.95034176153298
5390,annual,99.92870922999899
5391,annual,70.94506539351528
5392,annual,63.161744801941474
5393,annual,62.2488052737898
5394,annual,63.41115196879093
5395,annual,58.314134360233425
5396,annual,49.612254627075274
5397,annual,49.30494693843471
5398,annual,21.0272202807784
5399,annual,41.64158466638244
5400,annual,28.90063894284565
5401,annual,38.27158119298287
5402,annual,24.829235975577184
5403,annual,40.223851643692115
5404,annual,48.28756766792809
5405,annual,62.8788384501277
5406,annual,48.71536452235386
5407,annual,69.40799324457085
5408,annual,67.71551917407884
5409,annual,86.6545732924786
5410,annual,93.59589590839815
5411,annual,100.67253823195274
5412,annual,87.11716586874898
5413,annual,97.79298817739836
5414,annual,98.26537631656556
5415,annual,69.46462917996867
5416,annual,81.29616086400358
5417,annual,76.83006288653246
5418,annual,59.32759041211648
5419,annual,43.94664152993949
5420,annual,53.9410475520933
5421,annual,30.588127447157515
5422,annual,33.98982791359561
5423,annual,32.0986342521173
5424,annual,37.411952623292514
5425,annual,27.696820944888213
5426,annual,30.23021658550452
5427,annual,41.26576860416898
5428,annual,54.73877203061852
5429,annual,72.22267686181007
5430,annual,49.62779861143033
5431,annual,71.97495570502878
5432,annual,67.99536799978618
5433,annual,91.0513415909109
5434,annual,80.16005394471982
5435,annual,85.26823725287399
5436,annual,86.97348133714856
5437,annual,90.05583148857414
5438,annual,90.25399109806334
5439,annual,86.77046279412505
5440,annual,76.64150784019826
5441,annual,58.8130913832115
5442,annual,67.50993741214204
5443,annual,53.499407547280676
5444,annual,55.98152652977813
5445,annual,34.81253453822462
5446,annual,22.888688277319407
5447,annual,32.43766539952387
5448,annual,42.35094276742758
5449,annual,34.293083565409816
5450,annual,34.40520075423745
5451,annual,33.80734168429757
5452,annual,61.04545299460004
5453,annual,45.981929148999605
5454,annual,56.18016720012754
5455,annual,74.30816618290127
5456,annual,62.13515574205915
5457,annual,93.3932500198006
5458,annual,92.95762828842547
5459,annual,98.1549446243144
5460,annual,96.4482573567507
5461,annual,89.67210791017456
5462,annual,79.45889369344324
5463,annual,82.07592116695021
5464,annual,69.18143076713238
5465,annual,73.63713509484016
5466,annual,68.43755990553828
5467,annual,66.03321895766351
5468,annual,49.957462385576385
5469,annual,48.16672067831854
5470,annual,33.62540124977917
5471,annual,29.179329368415853
5472,annual,36.07370816992291
5473,annual,30.21477527298118
5474,annual,38.4570572404766
5475,annual,32.5815920931087
5476,annual,40.23131158357809
5477,annual,59.6030360984592
5478,annual,69.37785364663726
5479,annual,62.16365504473068
5480,annual,82.64924752743987
5481,annual,79.23565109470273
5482,annual,88.39713656652414
5483,annual,102.59766315838573
5484,annual,98.74423091557209
5485,annual,97.62908373623809
5486,annual,103.5354180245774
5487,annual,77.86650175058655
5488,annual,69.39733324344813
5489,annual,64.2719262346354
5490,annual,60.24832461613558
5491,annual,35.68335677597773
5492,annual,45.62490714981403
5493,annual,36.71456375263279
5494,annual,42.57364906903774
5495,annual,36.125913286796774
5496,annual,24.52596190191567
5497,annual,34.97122437716875
5498,annual,38.73495350048068
5499,annual,31.091285513702303
5500,annual,38.88734088101102
5501,annual,31.540515209518443
5502,annual,47.60625512911609
5503,annual,57.379892658449805
5504,annual,70.42486433691855
5505,annual,67.86035658122863
5506,annual,75.60660492985734
5507,annual,72.60888678121442
5508,annual,84.70044611232053
5509,annual,85.81724899055448
5510,annual,82.93314361360879
5511,annual,75.52230707134922
5512,annual,57.502950952059216
5513,annual,58.36001983069563
5514,annual,53.07308154552249
5515,annual,46.1170582029373
5516,annual,43.43138466798907
5517,annual,48.64398281100175
5518,annual,39.44561872336733
5519,annual,22.351395375475967
5520,annual,35.039036015819335
5521,annual,35.65423464496731
5522,annual,26.780587327653905
5523,annual,44.31085730249299
5524,annual,41.82879992588416
5525,annual,38.34407087556264
5526,annual,60.2534348105434
5527,annual,65.33562182013053
5528,annual,68.29039197995965
5529,annual,75.40407142561665
5530,annual,74.24181508451841
5531,annual,87.57285435362799
5532,annual,83.26420793737486
5533,annual,84.02340107483694
5534,annual,82.8516343110571
5535,annual,66.46701119007244
5536,annual,62.95754883838985
5537,annual,45.92037155428466
5538,annual,61.12975108136952
5539,annual,39.92601860570407
5540,annual,44.1723706926115
5541,annual,40.487835720925915
5542,annual,38.04794982240659
5543,annual,20.899680392952945
5544,annual,32.69720811568618
5545,annual,47.60296963844165
5546,annual,50.952256387153085
5547,annual,49.90388237743089
5548,annual,50.918446171362426
5549,annual,47.413078596973065
5550,annual,68.96747406394013
5551,annual,69.7189025839126
5552,annual,82.70272726299447
5553,annual,79.36895685759121
5554,annual,87.81579827162545
5555,annual,93.50945473009516
5556,annual,95.18872579276258
5557,annual,96.14605756516573
5558,annual,84.56570329814568
5559,annual,73.68542887952653
5560,annual,91.21678138001008
5561,annual,90.89710576607419
5562,annual,66.79786675043074
5563,annual,44.8619929498952
5564,annual,42.03294012606871
5565,annual,46.07823817762305
5566,annual,47.96666384072884
5567,annual,24.53760119580481
5568,annual,32.545297815757564
5569,annual,36.12964210942848
5570,annual,44.47582587930261
5571,annual,39.577948191749314
5572,annual,36.02944285197338
5573,annual,60.74496950509637
5574,annual,72.53832810391869
5575,annual,70.64380004166313
5576,annual,81.78188111300022
5577,annual,80.95723398272864
5578,annual,82.75454013827478
5579,annual,100.72914061559858
5580,annual,96.63992716506446
5581,annual,96.4406839664359
5582,annual,101.53764368003884
5583,annual,76.31442514359661
5584,annual,74.1237502372734
5585,annual,72.56799852630198
5586,annual,59.02545448045884
5587,annual,62.040481311652755
5588,annual,47.04076661531692
5589,annual,34.38649448697485
5590,annual,38.08537167051692
5591,annual,35.92489576033103
5592,annual,41.343753672431895
5593,annual,38.033649605768595
5594,annual,41.574706186606775
5595,annual,45.21542720572263
5596,annual,47.36051699892581
5597,annual,50.371972895295514
5598,annual,66.17700398253626
5599,annual,68.96587039526774
5600,annual,92.38487813278938
5601,annual,95.81695896304343
5602,annual,94.90977234160728
5603,annual,95.87180747227718
5604,annual,93.16262476141185
5605,annual,82.75508210715621
5606,annual,88.1176814962187
5607,annual,85.89070087209974
5608,annual,80.70194896481856
5609,annual,75.38715945846347
5610,annual,71.23693875228273
5611,annual,50.56449324264269
5612,annual,43.40169231158917
5613,annual,54.25994717161011
5614,annual,44.053387769273286
5615,annual,31.76235484352263
5616,annual,33.33972536869839
5617,annual,34.39792835824504
5618,annual,38.46924558503419
5619,annual,46.76567602262876
5620,annual,69.47735668911493
5621,annual,57.95089585654188
5622,annual,69.49819992371827
5623,annual,58.47017242387076
5624,annual,75.31821477808559
5625,annual,95.24113817764554
5626,annual,93.39669996470236
5627,annual,58.06227283006963
5628,annual,99.58960033884586
5629,annual,108.52050466601848
5630,annual,74.21091614489109
5631,annual,97.5657195610768
5632,annual,57.021769675308846
5633,annual,79.46597763381921
5634,annual,64.12822571221835
5635,annual,37.63307364528373
5636,annual,52.766517338234586
5637,annual,52.190929277936334
5638,annual,41.127748637355715
5639,annual,39.898261028121134
5640,annual,31.23980601972493
5641,annual,20.6643220879972
5642,annual,44.08736498360078
5643,annual,57.31804283841136
5644,annual,58.5698617522571
5645,annual,40.86563692855103
5646,annual,52.414059660749956
5647,annual,65.53004433713433
5648,annual,66.78941130819628
5649,annual,86.09993771048217
5650,annual,93.66130347341476
5651,annual,82.06896344117054
5652,annual,100.75024259264165
5653,annual,98.31982125926959
5654,annual,86.12870403322096
5655,annual,84.36624246616198
5656,annual,63.93480551321317
5657,annual,69.63968902121645
5658,annual,64.59229471148002
5659,annual,58.11862432718731
5660,annual,52.56423021459883
5661,annual,45.273945428685586
5662,annual,36.4377032267789
5663,annual,37.844999670199904
5664,annual,39.40249437938287
5665,annual,31.54225653661889
5666,annual,37.54431165737446
5667,annual,37.804986839551155
5668,annual,39.71216710106432
5669,annual,55.58116155047366
5670,annual,53.944430879539254
5671,annual,68.46352785860648
5672,annual,72.11228140498126
5673,annual,75.04664411277653
5674,annual,79.14378167790746
5675,annual,80.40126780338024
5676,annual,72.21982905618879
5677,annual,87.52939650399927
5678,annual,83.6212989373073
5679,annual,84.27548354452563
5680,annual,67.63458321444654
5681,annual,80.53742165448229
5682,annual,55.348350850103834
5683,annual,44.39724707757526
5684,annual,36.93675907415958
5685,annual,25.422976115026817
5686,annual,47.264575669866076
5687,annual,43.27478024924534
5688,annual,36.50257879364756
5689,annual,25.44790971855841
5690,annual,49.804073040862605
5691,annual,36.79098110635946
5692,annual,43.04441084075628
5693,annual,63.206575916290035
5694,annual,63.96790216641647
5695,annual,83.2935568183743
5696,annual,74.18639557312164
5697,annual,74.61225418597648
5698,annual,77.18486432507098
5699,annual,70.00064538284931
5700,annual,83.46785130811986
5701,annual,93.93336151099338
5702,annual,86.86997677399789
5703,annual,77.95096463508952
5704,annual,64.23714194003887
5705,annual,67.49971585243945
5706,annual,66.79912713213248
5707,annual,55.15425732456131
5708,annual,46.53049884763638
5709,annual,33.22907317228307
5710,annual,42.25138610128576
5711,annual,10.0
5712,annual,38.63047525712796
5713,annual,57.15251064509154
5714,annual,27.519960374018865
5715,annual,42.42355051299945
5716,annual,50.504421665208994
5717,annual,54.10247572067856
5718,annual,73.85870352667864
5719,annual,77.11188905412483
5720,annual,81.78611256658536
5721,annual,93.15909351115747
5722,annual,91.6824773723139
5723,annual,119.98440028546696
5724,annual,96.77848505546073
5725,annual,96.10774116279649
5726,annual,77.86472730315376
5727,annual,82.43331040337584
5728,annual,89.74673104060528
5729,annual,62.64862613640345
5730,annual,48.307252191791164
5731,annual,58.06166200263178
5732,annual,61.53366564600664
5733,annual,44.6935559801794
5734,annual,36.8979506516629
5735,annual,21.72203129560691
5736,annual,39.539264874744575
5737,annual,42.233657975519336
5738,annual,25.686609786785066
5739,annual,53.784288047108355
5740,annual,57.046796100263904
5741,annual,67.21518808043017
5742,annual,70.58943262779377
5743,annual,78.9152649166932
5744,annual,85.08699908274095
5745,annual,94.08221390073302
5746,annual,77.35193185366884
5747,annual,82.89053121282696
5748,annual,90.03316869160885
5749,annual,93.86044530841865
5750,annual,95.00708939312563
5751,annual,89.73188855455426
5752,annual,89.85807838477528
5753,annual,82.87376563484545
5754,annual,58.942151026776685
5755,annual,60.065269420455174
5756,annual,44.13857951135234
5757,annual,43.20205215070208
5758,annual,42.514800731981836
5759,annual,10.0
5760,annual,55.56887835999948
5761,annual,41.832420673389755
5762,annual,35.532537726041596
5763,annual,60.484680649127405
5764,annual,48.49947667899245
5765,annual,59.574509776430844
5766,annual,62.381999559700986
5767,annual,87.25943209550434
5768,annual,80.43904839243497
5769,annual,88.6880022843945
5770,annual,101.88994538061874
5771,annual,99.93781649124267
5772,annual,95.84414152180943
5773,annual,104.13982861041376
5774,annual,112.56755399183878
5775,annual,90.0314130688738
5776,annual,82.21300674586254
5777,annual,75.40851406491028
5778,annual,76.76236204953415
5779,annual,53.720772809543
5780,annual,49.05238556518873
5781,annual,32.76617901427247
5782,annual,30.82722102822906
5783,annual,33.158751232626194
5784,annual,36.19319009049216
5785,annual,51.815577860464444
5786,annual,44.947866368844174
5787,annual,38.13085452586076
5788,annual,45.81684216006261
5789,annual,69.87410415574514
5790,annual,75.65356883200907
5791,annual,74.63045667784478
5792,annual,78.10047431866488
5793,annual,96.8533521642091
5794,annual,84.6748311427112
5795,annual,98.75470401610777
5796,annual,114.82195797012218
5797,annual,97.26130628965925
5798,annual,86.41657232241586
5799,annual,91.13683909994425
5800,annual,77.88061629085276
5801,annual,63.252330646023836
5802,annual,72.24897425795238
5803,annual,67.8187898942977
5804,annual,49.15343266639497
5805,annual,42.40959721460894
5806,annual,32.96740080046775
5807,annual,36.463426450562956
5808,annual,32.50745763272658
5809,annual,29.940368413814014
5810,annual,56.16299322577579
5811,annual,49.52514379451174
5812,annual,56.58556556034692
5813,annual,66.3090298944959
5814,annual,73.17469443019056
5815,annual,71.46609642681402
5816,annual,84.18682567988385
5817,annual,86.06736425762325
5818,annual,96.49487580785855
5819,annual,98.71770657244947
5820,annual,93.94512260919849
5821,annual,85.34978970140978
5822,annual,94.15706326536933
5823,annual,86.58545222925015
5824,annual,66.88342671444205
5825,annual,78.83227020029747
5826,annual,74.72914159405431
5827,annual,79.46868514470809
5828,annual,48.876824669546835
5829,annual,41.48350608812315
5830,annual,32.15027433906502
5831,annual,39.697765159336114
5832,annual,35.256921713232636
5833,annual,28.06800828066696
5834,annual,35.85625131055523
5835,annual,25.717167841614163
5836,annual,54.54939025143177
5837,annual,47.484827973620405
5838,annual,60.36112545746196
5839,annual,56.212943116151635
5840,annual,69.47954747307321
5841,annual,77.49353013266236
5842,annual,83.930735395259
5843,annual,90.55623370275075
5844,annual,99.15097693665555
5845,annual,92.5800611207255
5846,annual,91.71837851611559
5847,annual,91.29909224034768
5848,annual,78.69603932094738
5849,annual,67.33283292158191
5850,annual,68.71127151880624
5851,annual,62.234336338690994
5852,annual,52.326902972494096
5853,annual,29.909472400440208
5854,annual,30.524009141828778
5855,annual,32.35954612671708
5856,annual,40.21132317123336
5857,annual,34.723586342976844
5858,annual,46.68661817077083
5859,annual,52.40436494326363
5860,annual,57.06771875476382
5861,annual,63.6305653034204
5862,annual,52.67840376807642
5863,annual,71.82355321876044
5864,annual,69.61412267770284
5865,annual,66.87370744650936
5866,annual,82.05727185107932
5867,annual,97.65224804016901
5868,annual,91.66029108629388
5869,annual,103.19682728799815
5870,annual,85.77488206967091
5871,annual,99.6486601261262
5872,annual,75.89452480948258
5873,annual,68.14231159234411
5874,annual,50.7392343019742
5875,annual,62.87074270992025
5876,annual,43.45735397382235
5877,annual,36.70609079803958
5878,annual,47.8415136132669
5879,annual,44.16013904590898
5880,annual,47.18263413600917
5881,annual,36.25091933721184
5882,annual,41.73765416234857
5883,annual,46.4341845811605
5884,annual,59.38636864370293
5885,annual,72.79016919320196
5886,annual,71.071395639911
5887,annual,91.68992323425823
5888,annual,90.30377854258823
5889,annual,87.46103148100482
5890,annual,100.7366765608887
5891,annual,110.75152021666598
5892,annual,114.11253506505442
5893,annual,106.59912874378844
5894,annual,94.31238094112089
5895,annual,87.6058806014728
5896,annual,87.73477922681487
5897,annual,89.28259051356774
5898,annual,71.59637617603936
5899,annual,63.99790682019861
5900,annual,53.537406032860495
5901,annual,44.28989126167763
5902,annual,40.84838503163925
5903,annual,40.231856291615934
5904,annual,52.25148148361596
5905,annual,37.61119649677892
5906,annual,42.946816007455276
5907,annual,40.37045679484889
5908,annual,59.23973004548263
5909,annual,71.67554359036802
5910,annual,81.50266428135143
5911,annual,77.89816906433869
5912,annual,88.10151577993128
5913,annual,88.49148237193351
5914,annual,98.71159306478673
5915,annual,99.99617752236315
5916,annual,98.97279661170928
5917,annual,98.58648584058648
5918,annual,98.10282189437974
5919,annual,87.3666654705293
5920,annual,81.56670717707313
5921,annual,89.93014897614543
5922,annual,90.19105566446845
5923,annual,51.107174572349415
5924,annual,43.43091187868893
5925,annual,39.63625545563578
5926,annual,41.6996120798558
5927,annual,46.695150813323394
5928,annual,43.62056908377084
5929,annual,41.28901985295636
5930,annual,47.141267809514694
5931,annual,42.14065285876128
5932,annual,51.93756337336371
5933,annual,60.965217807302665
5934,annual,56.21681483640984
5935,annual,67.36463526267951
5936,annual,74.91801705716338
5937,annual,96.21661477245128
5938,annual,96.83414724949715
5939,annual,102.75680993664825
5940,annual,84.17330562896495
5941,annual,85.99978684764389
5942,annual,100.17703118296978
5943,annual,67.87439184965268
5944,annual,93.6875804081831
5945,annual,62.06857975227797
5946,annual,75.63730468278449
5947,annual,54.01729719625334
5948,annual,62.281775268757336
5949,annual,73.3426294231202
5950,annual,24.72436239288251
5951,annual,45.4757879415978
5952,annual,24.81239984343798
5953,annual,43.71407814125588
5954,annual,41.64276213023959
5955,annual,49.10275669628622
5956,annual,46.984211341562
5957,annual,67.75745907508428
5958,annual,57.690838848424846
5959,annual,86.97537100845344
5960,annual,81.00369909930643
5961,annual,79.2693795685596
5962,annual,108.01795825244663
5963,annual,97.71673511838672
5964,annual,114.5387893157241
5965,annual,108.02632537536668
5966,annual,88.87329802742957
5967,annual,89.81098658029033
5968,annual,85.24600506949649
5969,annual,89.25269850515502
5970,annual,72.77784325912481
5971,annual,62.923471167883946
5972,annual,52.67866485540145
5973,annual,47.66004182975438
5974,annual,53.73367612408134
5975,annual,40.32956956989565
5976,annual,36.50805663504199
5977,annual,36.17420269184584
5978,annual,39.257151461204934
5979,annual,37.238063401488844
5980,annual,48.66503233881556
5981,annual,73.89082565755434
5982,annual,68.01524072088742
5983,annual,83.06789950695179
5984,annual,64.83798266222072
5985,annual,95.42772871275085
5986,annual,94.35797528400765
5987,annual,94.79428941097537
5988,annual,101.11571446479645
5989,annual,94.67920756360321
5990,annual,78.6577975598537
5991,annual,98.25922177039932
5992,annual,86.61217529621294
5993,annual,74.92106652052018
5994,annual,61.9385518288479
5995,annual,50.144603323494685
5996,annual,56.459176461971865
5997,annual,61.362359051633845
5998,annual,45.31260450582254
5999,annual,29.62816716801273
6000,annual,37.856220494949696
6001,annual,36.5485456708638
6002,annual,46.58494978505647
6003,annual,48.817269005899504
6004,annual,25.668706405763086
6005,annual,60.42911009630207
6006,annual,55.02745140260981
6007,annual,58.669570964820956
6008,annual,75.04749939565397
6009,annual,85.43493864291936
6010,annual,73.31209569852774
6011,annual,94.77189532490775
6012,annual,96.16199745889529
6013,annual,89.51109355884331
6014,annual,79.49698353900594
6015,annual,74.31214573716494
6016,annual,84.7627437312843
6017,annual,57.95361940444331
6018,annual,71.5710503651959
6019,annual,54.74557918783093
6020,annual,48.788610681499634
6021,annual,30.298701943299108
6022,annual,38.49886773543395
6023,annual,41.88397349692863
6024,annual,25.720711841184336
6025,annual,41.321082172210104
6026,annual,40.741404671252525
6027,annual,39.17006454130494
6028,annual,56.74937723593062
6029,annual,38.80582417440367
6030,annual,66.18543853394985
6031,annual,83.35558802635458
6032,annual,88.43153765680547
6033,annual,85.62232940034515
6034,annual,84.38123223713326
6035,annual,84.40556940142397
6036,annual,87.98858619275505
6037,annual,93.84244783714827
6038,annual,80.3367280025047
6039,annual,88.56326618044001
6040,annual,93.97727668802678
6041,annual,69.90504088074908
6042,annual,52.65683411773374
6043,annual,45.66592035570082
6044,annual,56.124516957692805
6045,annual,43.842140020279864
6046,annual,47.04395381033277
6047,annual,33.062921240920545
6048,annual,47.501925292886924
6049,annual,40.61276873629842
6050,annual,39.01614235644352
6051,annual,46.43574564655277
6052,annual,46.28050206918238
6053,annual,79.00724202814554
6054,annual,70.08588240410037
6055,annual,83.77762097510147
6056,annual,81.56198384960187
6057,annual,83.65471777232611
6058,annual,94.96665493875796
6059,annual,108.6442519682739
6060,annual,96.691082581382
6061,annual,92.870455919405
6062,annual,98.08141298105458
6063,annual,96.06232115390665
6064,annual,98.99972226339374
6065,annual,81.45151209262386
6066,annual,76.00887834081816
6067,annual,68.84656745485522
6068,annual,46.632813857107244
6069,annual,41.937076913215506
6070,annual,36.20500448218992
6071,annual,31.221996078363055
6072,annual,47.622492617682525
6073,annual,44.60143956335729
6074,annual,45.91402000991773
6075,annual,29.30387805990472
6076,annual,72.70262848766825
6077,annual,56.340066232415225
6078,annual,87.67331566623096
6079,annual,67.42945312658438
6080,annual,79.75960435026701
6081,annual,74.84922199423869
6082,annual,100.13657553979404
6083,annual,91.42653384090148
6084,annual,92.67481238593247
6085,annual,89.25647466999615
6086,annual,103.45841623415537
6087,annual,98.1637262668561
6088,annual,100.75508474734958
6089,annual,73.53773200321112
6090,annual,73.0093685870937
6091,annual,53.17956068642806
6092,annual,53.57850143683677
6093,annual,45.89484767687346
6094,annual,48.99365116514951
6095,annual,50.417213281392776
6096,annual,49.59181405369732
6097,annual,35.94300756063239
6098,annual,53.67026165049616
6099,annual,50.09739599458652
6100,annual,54.066505359869204
6101,annual,58.230617279418354
6102,annual,67.1837941721529
6103,annual,93.36636264969081
6104,annual,89.1225666589975
6105,annual,94.27337874265139
6106,annual,95.5460677722829
6107,annual,120.20888420722162
6108,annual,112.10336443781671
6109,annual,94.87255839732704
6110,annual,95.45512220294148
6111,annual,91.16252761567446
6112,annual,87.83025635330611
6113,annual,73.81804393906947
6114,annual,75.17381271393889
6115,annual,75.51541423028422
6116,annual,46.15425565501203
6117,annual,41.42490319471237
6118,annual,41.81724997113371
6119,annual,39.19114125751064
6120,annual,58.05794478323979
6121,annual,51.106116756719004
6122,annual,53.6440344886853
6123,annual,48.74208880156872
6124,annual,54.77971053097784
6125,annual,52.69200312207354
6126,annual,78.32413960965489
6127,annual,83.76322597681826
6128,annual,97.35819670269862
6129,annual,91.59678351401944
6130,annual,96.91674672920233
6131,annual,102.40835680242948
6132,annual,109.2053983893291
6133,annual,89.28626759716457
6134,annual,103.9394289687125
6135,annual,93.11945672348612
6136,annual,78.60111964164278
6137,annual,63.15794311711544
6138,annual,70.97842809024552
6139,annual,75.88735029838928
6140,annual,70.46769511920353
6141,annual,53.700024035036705
6142,annual,61.78550098247718
6143,annual,42.74891433294634
6144,annual,50.10593322225055
6145,annual,39.89188290918483
6146,annual,42.38195198130195
6147,annual,45.84622843846678
6148,annual,40.9952732321138
6149,annual,75.01167153560797
6150,annual,67.34644529600418
6151,annual,73.83256592414236
6152,annual,78.0397313562069
6153,annual,92.05783275241447
6154,annual,112.56820540711941
6155,annual,118.2075104043621
6156,annual,89.19256980269164
6157,annual,98.62169562997009
6158,annual,90.18540476189187
6159,annual,101.5994101743969
6160,annual,89.77225318745973
6161,annual,75.15152154314525
6162,annual,73.06008945383645
6163,annual,60.895584484771014
6164,annual,70.39347356410748
6165,annual,55.64197749364019
6166,annual,51.85733006290665
6167,annual,22.16639019617307
6168,annual,38.06760885554693
6169,annual,56.187608648844844
6170,annual,52.82826494429105
6171,annual,31.73331850677821
6172,annual,49.594511624708666
6173,annual,49.001648341059585
6174,annual,79.29073076908038
6175,annual,74.54425876215275
6176,annual,72.95955380832594
6177,annual,84.96706492654052
6178,annual,68.1256799558094
6179,annual,83.00222516832964
6180,annual,92.8934680927879
6181,annual,98.44731854360884
6182,annual,73.45409122357854
6183,annual,81.64455891659478
6184,annual,87.179404194328
6185,annual,60.9784059089593
6186,annual,67.4353809644508
6187,annual,59.14160009325739
6188,annual,65.81696084903025
6189,annual,44.66894564924755
6190,annual,40.846427596997025
6191,annual,46.36159900169008
6192,annual,28.363388789456312
6193,annual,38.12711517163935
6194,annual,38.94569214494714
6195,annual,45.77100054017348
6196,annual,59.261429725553775
6197,annual,63.41935579674039
6198,annual,59.98471966562166
6199,annual,74.05588597823683
6200,annual,91.39771104665526
6201,annual,78.41513563550942
6202,annual,90.51819827920701
6203,annual,90.50889002814688
6204,annual,92.47013800715685
6205,annual,79.0089144656607
6206,annual,100.64296687052855
6207,annual,78.87124601878239
6208,annual,87.68275389507933
6209,annual,67.99127948723904
6210,annual,60.97014091868499
6211,annual,68.69104991980674
6212,annual,60.425254961674476
6213,annual,48.55162223352616
6214,annual,48.68069663012179
6215,annual,37.58575858199502
6216,annual,43.65330738112839
6217,annual,39.44947847449691
6218,annual,54.97200588374843
6219,annual,46.959738317944264
6220,annual,70.60149916238234
6221,annual,63.429003703245286
6222,annual,73.88431691501017
6223,annual,87.55464392118981
6224,annual,88.91116377239616
6225,annual,92.55018532419345
6226,annual,99.4608229339449
6227,annual,109.84857002001223
6228,annual,98.41743062578587
6229,annual,101.68812713336544
6230,annual,99.78330433511246
6231,annual,101.85013340269718
6232,annual,87.92148541190801
6233,annual,95.95121251190491
6234,annual,72.46793978115875
6235,annual,64.05420794256165
6236,annual,57.35199142993767
6237,annual,41.97391353801902
6238,annual,39.44567151527688
6239,annual,40.49713849629472
6240,annual,53.22435405154078
6241,annual,44.89493199717161
6242,annual,44.27979963028093
6243,annual,62.736789789996074
6244,annual,71.54713232387783
6245,annual,76.4162035949262
6246,annual,67.31299528285848
6247,annual,77.94029765226611
6248,annual,103.6476038232575
6249,annual,97.28003623233634
6250,annual,97.97746085510427
6251,annual,108.86227374005848
6252,annual,112.19610779960463
6253,annual,98.54389348198568
6254,annual,101.87399704323235
6255,annual,102.76339925007264
6256,annual,79.85541809306092
6257,annual,82.00105027322448
6258,annual,65.22259803633402
6259,annual,58.50449993224963
6260,annual,54.63291464089732
6261,annual,56.74146812817909
6262,annual,45.58077211810151
6263,annual,39.97259547232044
6264,annual,44.96935574668637
6265,annual,36.403442625283205
6266,annual,52.006582869224815
6267,annual,62.394809900156744
6268,annual,58.9232869121826
6269,annual,65.17115594060941
6270,annual,77.54444206581125
6271,annual,66.09373524250996
6272,annual,93.85145889286964
6273,annual,120.58520910564204
6274,annual,99.5562715847021
6275,annual,102.5816937590281
6276,annual,110.50577524088416
6277,annual,116.69735537434245
6278,annual,108.33742410909294
6279,annual,78.52526764701472
6280,annual,94.06410994138868
6281,annual,102.89693175509572
6282,annual,79.53644761416243
6283,annual,57.55553258083708
6284,annual,61.81155623543562
6285,annual,43.09821779376175
6286,annual,58.438586640704415
6287,annual,37.932083747191236
6288,annual,45.571685199270306
6289,annual,39.13772131712729
6290,annual,44.62538954781703
6291,annual,65.65373785302165
6292,annual,60.8053934408837
6293,annual,62.73954497885273
6294,annual,65.81591235464035
6295,annual,67.76869558361425
6296,annual,79.96749105355264
6297,annual,97.08661348888558
6298,annual,108.8003683850486
6299,annual,99.47269897102855
6300,annual,117.54208492748624
6301,annual,98.21550753258035
6302,annual,99.05440445222825
6303,annual,87.55432579463253
6304,annual,97.90382999827698
6305,annual,99.52239238716628
6306,annual,60.88320043424454
6307,annual,64.4438682195809
6308,annual,70.09597489813441
6309,annual,42.18896851473289
6310,annual,53.53044526396965
6311,annual,55.771738934722634
6312,annual,46.0258717234127
6313,annual,50.82437098740701
6314,annual,63.5064981840457
6315,annual,69.77425020577074
6316,annual,59.90430350428214
6317,annual,63.37644706108852
6318,annual,68.04020031996843
6319,annual,90.98032576506333
6320,annual,79.42583674623026
6321,annual,94.59265234022482
6322,annual,102.2023214897269
6323,annual,100.35379589548002
6324,annual,107.638603328711
6325,annual,124.89392254357213
6326,annual,100.40801459931883
6327,annual,93.12999962473532
6328,annual,98.52269580361283
6329,annual,85.08128171479781
6330,annual,86.91472737824901
6331,annual,68.95297081404013
6332,annual,58.41265554478975
6333,annual,39.917038668205144
6334,annual,36.46140154453093
6335,annual,31.736676896469127
6336,annual,44.27605175647623
6337,annual,31.263345277457788
6338,annual,54.903271451377535
6339,annual,49.39142785301316
6340,annual,52.78784307338896
6341,annual,54.50238360679955
6342,annual,73.21940841236398
6343,annual,68.79347008763108
6344,annual,73.85831439364327
6345,annual,96.84002088308189
6346,annual,94.46099361458235
6347,annual,92.441900310021
6348,annual,100.37280230407205
6349,annual,94.39279072089276
6350,annual,94.68812953199563
6351,annual,80.79843829923546
6352,annual,98.3045272974873
6353,annual,70.59249290256058
6354,annual,80.68946904180214
6355,annual,59.74227341399844
6356,annual,61.19811535144203
6357,annual,55.023243326374626
6358,annual,54.03346656522284
6359,annual,35.43635145908431
6360,annual,50.228836747476215
6361,annual,57.315275034732
6362,annual,43.17152380113062
6363,annual,49.80951898234551
6364,annual,50.93618039740409
6365,annual,58.864149301996456
6366,annual,82.31513592870525
6367,annual,67.57799154597174
6368,annual,74.58680296243915
6369,annual,100.60284412059711
6370,annual,97.00282684653206
6371,annual,111.66671283939036
6372,annual,92.0202444346385
6373,annual,95.71399994495071
6374,annual,86.72102388925073
6375,annual,88.86204597846367
6376,annual,67.9309799589709
6377,annual,81.09150420825344
6378,annual,71.21154620518402
6379,annual,61.175202019749904
6380,annual,52.00083894044802
6381,annual,42.37383854626375
6382,annual,51.06277093132757
6383,annual,33.175036341813225
6384,annual,50.769799633039035
6385,annual,64.2924687064487
6386,annual,62.57804213226632
6387,annual,43.420405359683436
6388,annual,57.38072785389867
6389,annual,72.28166690801217
6390,annual,76.11237696053028
6391,annual,73.24395794346134
6392,annual,94.75715994843301
6393,annual,97.80770061131112
6394,annual,117.9699977190085
6395,annual,103.62657750437756
6396,annual,116.01865941925782
6397,annual,95.51569990027734
6398,annual,94.43132006700618
6399,annual,103.66113145071743
6400,annual,100.34447858150409
6401,annual,76.78006188112558
6402,annual,76.86725158851638
6403,annual,57.857427595336844
6404,annual,60.22487372620127
6405,annual,62.156811186041686
6406,annual,47.21420223002278
6407,annual,45.704579900422615
6408,annual,38.06327182374407
6409,annual,42.93699291244103
6410,annual,65.18576022629404
6411,annual,56.471830708253115
6412,annual,54.083172876907696
6413,annual,66.81888805769293
6414,annual,64.32221404078
6415,annual,76.75292882606641
6416,annual,102.98435292248412
6417,annual,97.17497905061607
6418,annual,118.2082385324553
6419,annual,105.3166270908161
6420,annual,106.81380544058052
6421,annual,111.20656306712152
6422,annual,81.70169646589044
6423,annual,99.95435303493751
6424,annual,91.70974310562488
6425,annual,96.75451751130929
6426,annual,84.81907016342143
6427,annual,60.26753017266246
6428,annual,72.03874395913314
6429,annual,53.789915369868105
6430,annual,43.88524708621097
6431,annual,49.70068622841005
6432,annual,45.90734168636765
6433,annual,60.85944425523434
6434,annual,54.27371064607472
6435,annual,57.96156446316982
6436,annual,69.73467319452172
6437,annual,78.50789812334426
6438,annual,83.79833728605658
6439,annual,96.64977566727345
6440,annual,97.3989558349885
6441,annual,100.08391168508824
6442,annual,113.42363514191558
6443,annual,105.78010219969313
6444,annual,107.79546866243548
6445,annual,120.27988665872556
6446,annual,116.4856516688532
6447,annual,98.67729351188804
6448,annual,88.90108391323325
6449,annual,96.9994558864218
6450,annual,83.9328433949999
6451,annual,72.28957521218148
6452,annual,59.95451485015866
6453,annual,58.969865725798535
6454,annual,51.375066739043426
6455,annual,43.237016306422184
6456,annual,48.990428745437306
6457,annual,51.103707693184234
6458,annual,48.97416746784442
6459,annual,63.97549219001914
6460,annual,73.26874925522733
6461,annual,77.9527003129071
6462,annual,75.74810303502747
6463,annual,91.76923350332203
6464,annual,93.58178129641975
6465,annual,89.28532572380824
6466,annual,109.32068725825455
6467,annual,108.10491803306707
6468,annual,128.70647413329388
6469,annual,118.59403181163995
6470,annual,109.62805348574878
6471,annual,101.1646575626413
6472,annual,94.26786815720357
6473,annual,77.6931462407502
6474,annual,64.04619229914015
6475,annual,63.213045891011284
6476,annual,62.576353971376
6477,annual,39.90057245547114
6478,annual,47.622753665024284
6479,annual,46.99941106307197
6480,annual,46.66387633588343
6481,annual,44.11572518958989
6482,annual,49.67441613518273
6483,annual,70.96523595316157
6484,annual,68.68445101569192
6485,annual,66.14031119550627
6486,annual,77.84050645687138
6487,annual,85.92535343162457
6488,annual,87.24364529384587
6489,annual,93.44745045741269
6490,annual,112.45224303991395
6491,annual,104.00678853230461
6492,annual,99.62971766752011
6493,annual,107.0199407998836
6494,annual,105.31212890233324
6495,annual,83.81885840581283
6496,annual,93.06131790122954
6497,annual,93.0956995916288
6498,annual,81.99712384794175
6499,annual,88.46107833225123
6500,annual,73.39616462226454
6501,annual,68.76555752617752
6502,annual,74.80721413754856
6503,annual,55.47476406929183
6504,annual,45.23983042620688
6505,annual,52.645193800391084
6506,annual,43.07869139340548
6507,annual,52.70487622666824
6508,annual,52.25344761811876
6509,annual,67.13103100548027
6510,annual,65.71999605858672
6511,annual,72.42795498161959
6512,annual,87.74305510758931
6513,annual,88.92546032853753
6514,annual,78.89778557919115
6515,annual,85.3708107020534
6516,annual,88.75713683105357
6517,annual,89.95149082363832
6518,annual,97.63334130075422
6519,annual,91.77866263135515
6520,annual,92.95750373633888
6521,annual,83.94579756404751
6522,annual,79.51049241220655
6523,annual,68.8143240766502
6524,annual,59.112703235477206
6525,annual,60.638199609009746
6526,annual,54.907885194486234
6527,annual,47.86403439337236
6528,annual,54.490868107825705
6529,annual,26.475989891112548
6530,annual,45.615901845641126
6531,annual,49.78408632369393
6532,annual,67.04375616079712
6533,annual,76.90533889878265
6534,annual,59.720858179262464
6535,annual,89.59974475190683
6536,annual,75.45073165273442
6537,annual,81.28445426849477
6538,annual,92.8306934245055
6539,annual,94.85663867368874
6540,annual,85.85495490320956
6541,annual,102.60131423868994
6542,annual,100.14019844093723
6543,annual,98.84650900229072
6544,annual,81.35465050272164
6545,annual,77.99374563893304
6546,annual,71.07887582172343
6547,annual,77.83814245492421
6548,annual,35.14833487987883
6549,annual,44.574855256994965
6550,annual,47.98393398109911
6551,annual,36.5577339518157
6552,annual,47.61067973995584
6553,annual,49.69086351849345
6554,annual,48.43499161425187
6555,annual,58.97979057134973
6556,annual,69.70243682018729
6557,annual,70.02253968480113
6558,annual,76.05168472637489
6559,annual,86.11569461796942
6560,annual,94.61775182496007
6561,annual,86.96788951104583
6562,annual,109.35043605534817
6563,annual,105.04700755122248
6564,annual,119.76952319661319
6565,annual,113.38344519193663
6566,annual,115.01853594541518
6567,annual,92.80241568400194
6568,annual,91.70614946862537
6569,annual,77.50214605154113
6570,annual,74.03571292669017
6571,annual,81.92951464111789
6572,annual,76.57716722150475
6573,annual,49.27897280409269
6574,annual,50.03025913805335
6575,annual,50.08990243326113
6576,annual,54.79243359188435
6577,annual,37.05133156044211
6578,annual,41.302825691645424
6579,annual,62.81139417278889
6580,annual,49.5152799060627
6581,annual,68.76863785521951
6582,annual,81.40432292587683
6583,annual,91.19748756994666
6584,annual,93.97384369305544
6585,annual,98.39473814062228
6586,annual,112.84491744867108
6587,annual,111.3670106570042
6588,annual,104.93145548179442
6589,annual,109.38714641953605
6590,annual,109.15370275218879
6591,annual,115.06668982461358
6592,annual,101.39817780373873
6593,annual,97.58861465811327
6594,annual,75.22272928700906
6595,annual,68.14955385429045
6596,annual,63.22454851490219
6597,annual,57.74580384870437
6598,annual,46.06262668144982
6599,annual,61.25728268118859
6600,annual,57.60471553797589
6601,annual,49.11470475682145
6602,annual,59.69082551448322
6603,annual,61.107892304339835
6604,annual,71.29652628335654
6605,annual,62.018874094624884
6606,annual,79.37261385032608
6607,annual,87.83816556573481
6608,annual,100.52703923279876
6609,annual,96.72360506204491
6610,annual,86.51921875677954
6611,annual,100.86207948311423
6612,annual,110.0495185502183
6613,annual,110.02675102860425
6614,annual,119.98864953043858
6615,annual,106.41307739676677
6616,annual,96.19014466975746
6617,annual,88.04334357472968
6618,annual,89.37136949326309
6619,annual,68.05244746557042
6620,annual,64.41563213398078
6621,annual,50.610634039202736
6622,annual,65.90838871193483
6623,annual,54.70011914324642
6624,annual,45.30787065427278
6625,annual,51.07464215108584
6626,annual,59.06450101442143
6627,annual,57.74910228492972
6628,annual,61.69229204860354
6629,annual,67.96929618135408
6630,annual,83.67975221623327
6631,annual,85.86819414169449
6632,annual,92.33799514420238
6633,annual,91.49276641745753
6634,annual,107.56994374805487
6635,annual,108.49604430064113
6636,annual,108.39487023316863
6637,annual,111.53599723088615
6638,annual,112.9328372377247
6639,annual,107.79378423342453
6640,annual,100.38988502950245
6641,annual,86.80726614629421
6642,annual,76.43207033477441
6643,annual,64.85216053864923
6644,annual,61.22280496359971
6645,annual,59.91205434780049
6646,annual,48.69700593555134
6647,annual,52.75873934657184
6648,annual,43.67427132922016
6649,annual,39.13221485178685
6650,annual,61.97241160590028
6651,annual,56.38940455399189
6652,annual,59.701655526723954
6653,annual,64.88257626905995
6654,annual,84.78221255035828
6655,annual,100.16175779733445
6656,annual,93.17333386446593
6657,annual,100.88662119081086
6658,annual,115.95174158516082
6659,annual,95.89213390632064
6660,annual,127.13287389581642
6661,annual,129.9285019597981
6662,annual,85.72798663068758
6663,annual,101.83110235677745
6664,annual,90.64634849755858
6665,annual,87.04432193835284
6666,annual,78.0508441955877
6667,annual,80.12742618727432
6668,annual,65.49736549677117
6669,annual,52.89746360331901
6670,annual,54.039681348620924
6671,annual,56.5384238595423
6672,annual,37.174869800584496
6673,annual,34.39477360114206
6674,annual,66.20389692720947
6675,annual,49.41334389300248
6676,annual,59.04581652735057
6677,annual,63.474162958334105
6678,annual,78.0293420553639
6679,annual,94.81507402520316
6680,annual,91.78411115654103
6681,annual,80.5896023344236
6682,annual,85.95433890881836
6683,annual,96.53291952989626
6684,annual,98.49877482644062
6685,annual,85.94902757613879
6686,annual,103.58205368628212
6687,annual,84.04595905169171
6688,annual,99.09105291971281
6689,annual,95.19781541812058
6690,annual,71.65861216164934
6691,annual,70.16830732828416
6692,annual,50.28906264603315
6693,annual,59.5421679425029
6694,annual,46.276415133051955
6695,annual,38.866760540195074
6696,annual,44.71598131967454
6697,annual,44.224679848650666
6698,annual,48.04670009948854
6699,annual,62.53621735619251
6700,annual,54.24820048461255
6701,annual,80.92273100612135
6702,annual,63.430184163095596
6703,annual,93.94221762889525
6704,annual,79.39857625044488
6705,annual,93.11443845744228
6706,annual,93.49177822005412
6707,annual,97.36082916320042
6708,annual,107.44151911654282
6709,annual,112.10927291333374
6710,annual,106.9375447675234
6711,annual,89.88369365900043
6712,annual,89.00470300493485
6713,annual,74.76215245411959
6714,annual,66.09825872510086
6715,annual,57.872139762101
6716,annual,57.0300747698254
6717,annual,56.93562318178119
6718,annual,35.35345404550654
6719,annual,47.579834295247444
6720,annual,64.81273466300027
6721,annual,62.682047430525024
6722,annual,52.02229894085759
6723,annual,50.29634695674536
6724,annual,71.3631761183227
6725,annual,56.380536311868454
6726,annual,91.5657665936655
6727,annual,88.74040535661378
6728,annual,112.33493623122328
6729,annual,90.08201321758878
6730,annual,116.0104655817999
6731,annual,110.85823776076255
6732,annual,110.03612941482744
6733,annual,100.70356073357898
6734,annual,113.43127903383098
6735,annual,109.30683618041537
6736,annual,111.9655560823312
6737,annual,98.51350712256445
6738,annual,77.9333710349582
6739,annual,66.88906164458834
6740,annual,56.736602198425004
6741,annual,73.25712499612342
6742,annual,50.478377278847994
6743,annual,65.54859782970249
6744,annual,57.31255792406625
6745,annual,56.77342986124935
6746,annual,54.67627298315417
6747,annual,67.1841614655913
6748,annual,67.9882154944753
6749,annual,72.39370391234361
6750,annual,88.68001989035531
6751,annual,89.7247760764763
6752,annual,91.7253033672591
6753,annual,109.12379923645135
6754,annual,108.58085846567435
6755,annual,116.0010364799042
6756,annual,109.48110273033622
6757,annual,102.41678594839412
6758,annual,122.97333541081709
6759,annual,116.69807631887474
6760,annual,105.1822612872654
6761,annual,87.77406746725116
6762,annual,80.70943781188113
6763,annual,86.40602981126581
6764,annual,65.28134129663043
6765,annual,56.83832987079492
6766,annual,72.10909688872819
6767,annual,53.75278535558669
6768,annual,67.68591000853684
6769,annual,43.37359730623401
6770,annual,61.70322432916893
6771,annual,78.89396473856257
6772,annual,68.77651333769697
6773,annual,73.66190008920807
6774,annual,74.19649203963871
6775,annual,99.96182316898367
6776,annual,92.37748271930057
6777,annual,103.99324234090258
6778,annual,99.64325125561834
6779,annual,124.97143896987758
6780,annual,122.77758986623152
6781,annual,112.26360417539307
6782,annual,100.2860780092638
6783,annual,117.03896720996354
6784,annual,95.61105356404889
6785,annual,82.46144000696154
6786,annual,69.44156328064571
6787,annual,70.60621497220025
6788,annual,56.90140240018657
6789,annual,57.34273725264707
6790,annual,63.51301513647464
6791,annual,51.55753127995216
6792,annual,56.80953168448806
6793,annual,49.199532562648464
6794,annual,58.50457504495906
6795,annual,78.1179877686701
6796,annual,66.1760960033632
6797,annual,79.27484877546001
6798,annual,71.43976680783086
6799,annual,103.88940495998895
6800,annual,95.14633159601945
6801,annual,113.58145726242681
6802,annual,108.95930437504029
6803,annual,117.83439433641686
6804,annual,119.33208404526637
6805,annual,109.32223670014868
6806,annual,118.67999822720634
6807,annual,99.10530915123
6808,annual,105.18745838779871
6809,annual,88.60691362732175
6810,annual,86.76044821663486
6811,annual,72.50346925566866
6812,annual,69.36379242523115
6813,annual,54.15323157844782
6814,annual,59.96367839155557
6815,annual,55.339712518583006
6816,annual,50.06705882795591
6817,annual,54.97028874074127
6818,annual,59.47956095634581
6819,annual,58.24422739881837
6820,annual,68.35821865469833
6821,annual,68.5793003803007
6822,annual,103.15415157222375
6823,annual,100.6258078952768
6824,annual,101.5730401055881
6825,annual,114.97839411594568
6826,annual,94.53502956059863
6827,annual,92.9046241465357
6828,annual,111.19395876653644
6829,annual,102.33754890039087
6830,annual,108.47620517848222
6831,annual,107.24674382089131
6832,annual,106.75160324726058
6833,annual,83.0467467394096
6834,annual,87.58533274981626
6835,annual,76.73883345267792
6836,annual,72.16836174000038
6837,annual,59.01690821891048
6838,annual,69.4726062658995
6839,annual,54.58244328442583
6840,annual,63.523618382373826
6841,annual,43.92705405508104
6842,annual,58.89009341180826
6843,annual,56.76092965782266
6844,annual,60.20822126100957
6845,annual,74.40056910031599
6846,annual,73.93677276082697
6847,annual,62.02255211485311
6848,annual,65.32721560894922
6849,annual,105.60142096865286
6850,annual,109.5549141595611
6851,annual,117.50888547419609
6852,annual,103.18993460808626
6853,annual,92.06907948816539
6854,annual,96.35617575531552
6855,annual,95.51343980927096
6856,annual,81.77385480006281
6857,annual,96.50687259590268
6858,annual,94.24618363149358
6859,annual,73.16829198241705
6860,annual,62.743250620758126
6861,annual,46.87854167451144
6862,annual,65.31894586141225
6863,annual,50.8606177713312
6864,annual,47.396264346883704
6865,annual,54.47897493376006
6866,annual,48.641201400075275
6867,annual,58.79269782710636
6868,annual,51.669844727403316
6869,annual,78.41816283042002
6870,annual,75.87429120508321
6871,annual,92.96810063700875
6872,annual,88.60049011143565
6873,annual,94.71186495593355
6874,annual,90.39372601001278
6875,annual,108.86763262811859
6876,annual,96.70285990198387
6877,annual,98.8981978583796
6878,annual,100.10064292500874
6879,annual,96.77125609572023
6880,annual,76.56080401242653
6881,annual,81.85124682803252
6882,annual,83.0714212833183
6883,annual,66.69476104020931
6884,annual,61.41172550046204
6885,annual,58.916944848873634
6886,annual,52.319210171612774
6887,annual,42.38545820526292
6888,annual,55.362123148371964
6889,annual,64.62770270908231
6890,annual,51.262722446037316
6891,annual,61.44383358622423
6892,annual,59.59984154622658
6893,annual,85.41937638855434
6894,annual,84.91402648300416
6895,annual,86.61586642193592
6896,annual,101.39101693885262
6897,annual,97.23729385414
6898,annual,103.3656899995571
6899,annual,102.949598687565
6900,annual,107.118658237248
6901,annual,125.4893675983777
6902,annual,105.7687076009796
6903,annual,110.59589655451545
6904,annual,93.96248077805983
6905,annual,99.49373345688858
6906,annual,77.44423613025667
6907,annual,78.20214420672562
6908,annual,71.0757026166588
6909,annual,83.06213139352352
6910,annual,64.71553232801537
6911,annual,51.93188523440096
6912,annual,61.55163476160251
6913,annual,74.19886402760801
6914,annual,47.05339221499087
6915,annual,58.11818327625216
6916,annual,69.17606257949205
6917,annual,74.96996588218717
6918,annual,83.4091894657594
6919,annual,83.40195628072809
6920,annual,112.3028914807985
6921,annual,95.90357770018187
6922,annual,110.45030268895157
6923,annual,123.41566257515603
6924,annual,115.82976419523158
6925,annual,107.2138645058483
6926,annual,101.2625999149399
6927,annual,105.44445291977257
6928,annual,95.01500652559467
6929,annual,95.47766313909784
6930,annual,74.85963387060497
6931,annual,84.81095759442375
6932,annual,71.99563923771413
6933,annual,66.37673077162181
6934,annual,71.61909516478538
6935,annual,53.591104276751416
6936,annual,50.68126136887919
6937,annual,53.12791111129795
6938,annual,58.96682025702576
6939,annual,64.54687233281793
6940,annual,64.84221303393079
6941,annual,62.53854154940488
6942,annual,82.00036291971267
6943,annual,97.13097161011572
6944,annual,102.57786137677292
6945,annual,117.29743412094803
6946,annual,128.11244939198846
6947,annual,121.54023988708478
6948,annual,127.54796006601079
6949,annual,121.599764053522
6950,annual,126.14775108769722
6951,annual,122.50782743667155
6952,annual,109.0971162929764
6953,annual,99.90340745121729
6954,annual,84.84593755124604
6955,annual,78.39252532595808
6956,annual,68.7850962759429
6957,annual,70.24460437830902
6958,annual,54.744248514337045
6959,annual,55.98117045983365
6960,annual,38.061065246010315
6961,annual,71.70936869694475
6962,annual,59.157865553213014
6963,annual,69.33386439053291
6964,annual,83.56471788512793
6965,annual,81.54020047389054
6966,annual,98.45717394418418
6967,annual,84.7330931833014
6968,annual,121.08143704421833
6969,annual,116.81250935094327
6970,annual,114.55680638086301
6971,annual,127.28083377711233
6972,annual,107.55334523952175
6973,annual,113.57128008595282
6974,annual,124.43718961218892
6975,annual,93.17914631587342
6976,annual,106.38608652710715
6977,annual,98.92440495927357
6978,annual,102.65623086201401
6979,annual,66.47420961658321
6980,annual,84.7794727836898
6981,annual,61.21345494664909
6982,annual,57.34558653460873
6983,annual,48.14861444308632
6984,annual,48.612192091098294
6985,annual,61.565412381793024
6986,annual,52.43559095904969
6987,annual,72.0240796244606
6988,annual,67.01128001507567
6989,annual,69.84616659096889
6990,annual,83.09253521995454
6991,annual,97.77323727795977
6992,annual,100.09618229538555
6993,annual,108.8018927730925
6994,annual,118.86543019905552
6995,annual,124.95215479244133
6996,annual,114.83424592211824
6997,annual,107.93900705489648
6998,annual,113.904526335747
6999,annual,112.2934085152627
7000,annual,90.6292059430581
7001,annual,87.95471336784864
7002,annual,81.56151322313016
7003,annual,77.88785952799506
7004,annual,66.22673716181943
7005,annual,71.75813075601248
7006,annual,48.493180665633204
7007,annual,45.69948402460625
7008,annual,49.28177188134462
7009,annual,51.46766263051262
7010,annual,43.93304548839164
7011,annual,55.007008540219005
7012,annual,62.244531834083595
7013,annual,68.8183845794911
7014,annual,80.16793423975064
7015,annual,80.64836551581587
7016,annual,104.2755727735025
7017,annual,101.95040258334167
7018,annual,95.87866011048558
7019,annual,105.78897163018173
7020,annual,106.94500492228116
7021,annual,114.7506514792234
7022,annual,97.53250884428535
7023,annual,104.18347504723768
7024,annual,92.78771817969613
7025,annual,97.8735287227945
7026,annual,89.28001399455158
7027,annual,73.54060259240906
7028,annual,63.35462140530784
7029,annual,63.91384655883518
7030,annual,54.12659625423915
7031,annual,66.31534191145815
7032,annual,52.947957531435634
7033,annual,49.995058536112
7034,annual,52.260590315248294
7035,annual,50.524029132393096
7036,annual,70.27266993076611
7037,annual,65.77199306713545
7038,annual,88.1053829235215
7039,annual,75.96483069177502
7040,annual,93.83812849780554
7041,annual,107.61387006603594
7042,annual,85.48490629121028
7043,annual,121.54631856616187
7044,annual,102.91791532843466
7045,annual,106.5289572731215
7046,annual,107.27447661233013
7047,annual,104.22111244698074
7048,annual,95.011268412097
7049,annual,94.28738779343854
7050,annual,83.47276260939404
7051,annual,86.4191318085099
7052,annual,69.99881724885633
7053,annual,75.94539797304746
7054,annual,63.14614172574095
7055,annual,38.79419859006859
7056,annual,79.42809065629913
7057,annual,54.966741572706596
7058,annual,74.52285923727712
7059,annual,67.54041333855548
7060,annual,82.02799129001704
7061,annual,75.26686658919442
7062,annual,93.54522557391311
7063,annual,94.27831621911677
7064,annual,116.17129412191551
7065,annual,113.26181800412891
7066,annual,122.00757247314209
7067,annual,100.20442904608387
7068,annual,117.85468779088741
7069,annual,120.80145709833481
7070,annual,116.30895059424722
7071,annual,117.44173037453564
7072,annual,100.61203526809678
7073,annual,96.69413742254906
7074,annual,97.98908334451635
7075,annual,62.545185848557914
7076,annual,78.25407324230314
7077,annual,64.65498718565155
7078,annual,55.259962119234274
7079,annual,62.25384823473219
7080,annual,68.76206634529738
7081,annual,68.27783183402953
7082,annual,61.880789610041944
7083,annual,74.7351802453193
7084,annual,80.88699915839489
7085,annual,80.47891445380718
7086,annual,83.39781155492247
7087,annual,91.62515507492512
7088,annual,110.64528276177323
7089,annual,109.81848489672304
7090,annual,106.5537603265166
7091,annual,104.44132807542718
7092,annual,125.59710758759917
7093,annual,113.5460033813864
7094,annual,117.56632012960915
7095,annual,120.07331466297755
7096,annual,93.47106015600025
7097,annual,96.345928279801
7098,annual,87.57690280107718
7099,annual,84.2158276227762
7100,annual,83.85573595819163
7101,annual,57.09363801793246
7102,annual,67.52007744694112
7103,annual,68.2168713821057
7104,annual,57.85197635810747
7105,annual,59.26564213794469
7106,annual,66.70982570810794
7107,annual,70.8883260572836
7108,annual,79.0018137286987
7109,annual,86.06866572789583
7110,annual,81.48721442483652
7111,annual,105.0296962044769
7112,annual,113.67725816728364
7113,annual,112.04485945488054
7114,annual,103.37051253089756
7115,annual,117.40280201043305
7116,annual,120.89823988528627
7117,annual,109.16396575613925
7118,annual,112.44265047467879
7119,annual,99.28124120488982
7120,annual,109.20133066965329
7121,annual,98.43520674205377
7122,annual,76.17672755124778
7123,annual,84.39014040934195
7124,annual,73.89092129063941
7125,annual,72.26110369620055
7126,annual,60.229971286185155
7127,annual,53.953382875145486
7128,annual,53.57400422660724
7129,annual,56.4576247172104
7130,annual,63.910599897384905
7131,annual,69.7112255260716
7132,annual,73.21500221580487
7133,annual,78.58963349322192
7134,annual,86.92953509422584
7135,annual,117.56713087540078
7136,annual,98.57496002628403
7137,annual,106.49018860549658
7138,annual,142.07235621874804
7139,annual,122.08664244662617
7140,annual,108.70091591104013
7141,annual,125.46003365875985
7142,annual,108.44121223819367
7143,annual,118.2264567363069
7144,annual,103.05306300330425
7145,annual,93.98696579543007
7146,annual,102.61408098889036
7147,annual,86.50740070646803
7148,annual,82.52467673786337
7149,annual,72.00691523883286
7150,annual,60.20444293439175
7151,annual,65.6538218116633
7152,annual,69.80936635047561
7153,annual,62.23577276846831
7154,annual,78.56802193023883
7155,annual,75.72633739901877
7156,annual,76.83150360717283
7157,annual,84.38296410406686
7158,annual,91.23354024074094
7159,annual,87.89030427731564
7160,annual,104.41506564253109
7161,annual,113.1183385273257
7162,annual,112.78772435240087
7163,annual,121.81483414730954
7164,annual,120.30610313184083
7165,annual,125.30295312646214
7166,annual,121.42130437105895
7167,annual,112.6860729452751
7168,annual,94.19794007858395
7169,annual,112.22599647152492
7170,annual,89.00051522043078
7171,annual,81.72398022636325
7172,annual,72.39547641940484
7173,annual,65.01514652487923
7174,annual,76.50734547947097
7175,annual,72.24622298341652
7176,annual,58.02991682153337
7177,annual,54.53477104766136
7178,annual,63.04502757084219
7179,annual,62.9732623550302
7180,annual,66.4529862463272
7181,annual,77.19150274719459
7182,annual,77.94550761734844
7183,annual,90.48099792270754
7184,annual,96.60853699788508
7185,annual,105.39014085501219
7186,annual,99.90435983528697
7187,annual,113.23585772572919
7188,annual,101.22427764930795
7189,annual,102.97423368974695
7190,annual,100.6260550219259
7191,annual,91.99023850595937
7192,annual,103.1000678599973
7193,annual,80.71046400116171
7194,annual,75.88343889365862
7195,annual,84.52991705903709
7196,annual,63.41010797808282
7197,annual,60.87774501977047
7198,annual,49.99585168339988
7199,annual,62.05838194408864
7200,annual,61.59854267253996
7201,annual,61.656222642194166
7202,annual,62.742205442383145
7203,annual,63.32148251513046
7204,annual,64.12963938350757
7205,annual,68.31678404791522
7206,annual,92.1438969331048
7207,annual,94.93120111059221
7208,annual,89.77821890140804
7209,annual,101.2351899568333
7210,annual,102.80641787731118
7211,annual,98.87896438317027
7212,annual,110.24586373198186
7213,annual,104.58070871490271
7214,annual,97.5870452908258
7215,annual,89.08347537791413
7216,annual,82.81422471736607
7217,annual,85.84135791522237
7218,annual,81.14389295561212
7219,annual,67.83413201994486
7220,annual,73.53056814026928
7221,annual,62.20839729271097
7222,annual,63.05704930162079
7223,annual,54.28136908770493
7224,annual,55.00486401665075
7225,annual,63.23697087874446
7226,annual,55.21964688862786
7227,annual,74.40410982780435
7228,annual,68.80461144620253
7229,annual,90.88309395749957
7230,annual,88.59415912837228
7231,annual,107.56664458186256
7232,annual,97.32081958960107
7233,annual,107.09285092807346
7234,annual,120.33004678662932
7235,annual,129.6435566343937
7236,annual,134.634676364827
7237,annual,120.61050919642663
7238,annual,131.9845322581348
7239,annual,110.19769213530058
7240,annual,115.09194607721138
7241,annual,91.52892847570878
7242,annual,94.66340915321364
7243,annual,64.8036894183804
7244,annual,67.32907700508262
7245,annual,73.82201604735731
7246,annual,54.82153216717025
7247,annual,65.73962719594903
7248,annual,68.93564539544896
7249,annual,58.69564409853177
7250,annual,57.951594670023304
7251,annual,66.67728406651571
7252,annual,68.95748187547656
7253,annual,83.10970061174709
7254,annual,92.5007054280547
7255,annual,97.00047079725121
7256,annual,120.07885435044463
7257,annual,107.14195330705067
7258,annual,128.79620797652572
7259,annual,112.33184132712519
7260,annual,122.26620098848244
7261,annual,130.12659848600666
7262,annual,126.71559976050975
7263,annual,109.5351206829446
7264,annual,111.1245381895208
7265,annual,102.81798445133948
7266,annual,87.36446700020814
7267,annual,88.84700857305901
7268,annual,91.58391780536904
7269,annual,74.24438231385469
7270,annual,70.23406934798227
7271,annual,68.08344546588366
7272,annual,50.37488068518931
7273,annual,66.7667161410087
7274,annual,57.94785483178906
7275,annual,66.13039458285161
7276,annual,94.35822779353846
7277,annual,82.27202931368433
7278,annual,86.14130070967661
7279,annual,109.0479255283172
7280,annual,99.48127752129142
7281,annual,109.69654382610945
7282,annual,128.03587300145293
7283,annual,121.38260885516617
7284,annual,109.5699171830182
7285,annual,125.39238524728344
7286,annual,114.87172860119153
7287,annual,125.59470887186882
7288,annual,102.21319796295737
7289,annual,108.23707268691348
7290,annual,106.26827780295615
7291,annual,77.49057640046225
7292,annual,75.5169893779649
7293,annual,73.95849230158963
7294,annual,59.2231654100639
7295,annual,65.24727832902103
7296,annual,60.638469922631565
7297,annual,61.49951686126053
7298,annual,66.84857725081123
7299,annual,71.7947465117116
7300,annual,78.74887837528783
7301,annual,79.88265010594961
7302,annual,87.99645842788148
7303,annual,99.25370286515648
7304,annual,107.07977109279314
7305,annual,110.140240938703
7306,annual,121.0101114729008
7307,annual,106.89751302194998
7308,annual,116.5941021514079
7309,annual,119.17618440172872
7310,annual,111.56967283996782
7311,annual,126.68461977674706
7312,annual,107.58872699647911
7313,annual,101.61656100156236
7314,annual,88.57198655895581
7315,annual,84.54702950662019
7316,annual,67.71580450825765
7317,annual,69.8660924983225
7318,annual,58.96100268038031
7319,annual,61.240828755958155
7320,annual,42.329952772790605
7321,annual,54.807484846990334
7322,annual,78.5399344257921
7323,annual,78.2392638604745
7324,annual,88.36159999053244
7325,annual,96.14648410750235
7326,annual,98.1931846965264
7327,annual,96.95090717325313
7328,annual,99.5112777330856
7329,annual,123.19644558240459
7330,annual,119.30659121184287
7331,annual,141.7392426229379
7332,annual,119.88850149512456
7333,annual,137.57022693012647
7334,annual,117.5357130911777
7335,annual,124.71087751687662
7336,annual,121.38281920107022
7337,annual,92.39025723084052
7338,annual,88.92930067688364
7339,annual,76.78088014454671
7340,annual,67.96972939714482
7341,annual,76.93261667181378
7342,annual,65.25549622768527
7343,annual,64.25044110005963
7344,annual,61.30916152423962
7345,annual,42.92015646492922
7346,annual,70.77069057392997
7347,annual,61.97461204569725
7348,annual,74.61845889435622
7349,annual,81.8368369405137
7350,annual,94.8256209305641
7351,annual,90.00850355995718
7352,annual,80.37014877210993
7353,annual,103.40815244411864
7354,annual,108.84758921192602
7355,annual,101.6651588811373
7356,annual,112.03917367991689
7357,annual,107.0510982764479
7358,annual,96.49990275237313
7359,annual,108.32301069656442
7360,annual,92.84944723727101
7361,annual,87.5963289443249
7362,annual,80.1586176661567
7363,annual,86.7549630063985
7364,annual,70.03191915026626
7365,annual,65.40016391678319
7366,annual,56.95147330718237
7367,annual,61.48218571268778
7368,annual,67.98117035236496
7369,annual,63.28951519484678
7370,annual,66.29887575325857
7371,annual,69.94458451979756
7372,annual,59.644684818270264
7373,annual,70.18956109339841
7374,annual,82.54672681596657
7375,annual,85.36782784258182
7376,annual,89.17032976671159
7377,annual,88.30110312983176
7378,annual,96.79707816186628
7379,annual,108.21441881582362
7380,annual,110.6312150302085
7381,annual,103.92219306551982
7382,annual,108.20071356840522
7383,annual,99.80783992952934
7384,annual,106.41121466375036
7385,annual,89.88173407032893
7386,annual,89.7572730159733
7387,annual,78.82422184534906
7388,annual,59.47005765080715
7389,annual,64.3694774668254
7390,annual,50.91894726795027
7391,annual,57.241661949219356
7392,annual,57.93938937858061
7393,annual,67.97836539563254
7394,annual,57.18083910316335
7395,annual,72.80484708306518
7396,annual,83.47976057693167
7397,annual,93.39662911782246
7398,annual,87.78709385335233
7399,annual,101.80701504715914
7400,annual,110.37361169971871
7401,annual,127.49064958836469
7402,annual,108.03055754395818
7403,annual,115.58939034452978
7404,annual,146.33613585831475
7405,annual,120.69343243345037
7406,annual,104.75324755073308
7407,annual,110.45323820523721
7408,annual,86.74945014471122
7409,annual,103.59237296915097
7410,annual,100.37871399865188
7411,annual,78.84256555400047
7412,annual,75.13464453841408
7413,annual,80.07646572378101
7414,annual,53.9179500841244
7415,annual,54.350091430157704
7416,annual,62.43113586356956
7417,annual,59.25960382888806
7418,annual,65.92436002397281
7419,annual,62.93285132644608
7420,annual,80.97056520466674
7421,annual,85.29762128277913
7422,annual,98.64958127115894
7423,annual,103.62382467421263
7424,annual,110.90957789726286
7425,annual,103.8988019166502
7426,annual,124.17755184398682
7427,annual,120.58690089153117
7428,annual,122.92327085609773
7429,annual,131.6199471170932
7430,annual,114.48133497869267
7431,annual,126.2787353805631
7432,annual,120.81185971227941
7433,annual,108.04290416928526
7434,annual,86.4110908311553
7435,annual,69.00113999920359
7436,annual,87.8867366313742
7437,annual,73.93393437234688
7438,annual,62.31371543718981
7439,annual,74.66678127866743
7440,annual,57.714983293686736
7441,annual,62.236437486189615
7442,annual,72.825815141712
7443,annual,64.48542825219377
7444,annual,78.73160706385268
7445,annual,95.55598045894048
7446,annual,96.29634028967826
7447,annual,112.35143638837428
7448,annual,118.6762732047572
7449,annual,115.88256445167859
7450,annual,101.89428544338327
7451,annual,114.73905076765881
7452,annual,130.7141272397851
7453,annual,111.18321776709897
7454,annual,117.97467574554678
7455,annual,118.5285026858179
7456,annual,121.36401990680129
7457,annual,97.77186812214953
7458,annual,89.45955266804418
7459,annual,86.42331685566958
7460,annual,82.41475809919004
7461,annual,72.16027628594405
7462,annual,77.02083901826254
7463,annual,59.236528887809385
7464,annual,65.91581032718024
7465,annual,69.53844975345199
7466,annual,65.77189826736787
7467,annual,80.4589989170312
7468,annual,81.14619119008668
7469,annual,93.50071721229045
7470,annual,96.50735572453854
7471,annual,105.73033078512134
7472,annual,104.89538880535305
7473,annual,111.12155265421453
7474,annual,130.73045681311126
7475,annual,129.0163812049826
7476,annual,116.77080153036867
7477,annual,125.37920504605859
7478,annual,101.94507654539764
7479,annual,111.57620498614898
7480,annual,117.64274427310714
7481,annual,101.71792950353424
7482,annual,95.89782421747614
7483,annual,63.058901534910575
7484,annual,76.81649391505869
7485,annual,76.44749721516918
7486,annual,72.69607974980146
7487,annual,73.67559376215075
7488,annual,63.615098017530684
7489,annual,64.99413874205287
7490,annual,58.65945848290605
7491,annual,72.4477842827361
7492,annual,70.20455953253571
7493,annual,72.74962772019914
7494,annual,86.61572507083348
7495,annual,115.1312106472255
7496,annual,108.1326704196119
7497,annual,118.26938237150146
7498,annual,117.16995213566682
7499,annual,109.95052666477498
7500,annual,132.78606503115577
7501,annual,106.89734970154545
7502,annual,116.839580730918
7503,annual,116.07344442051405
7504,annual,112.14107717915695
7505,annual,97.24997454856278
7506,annual,80.59346816727832
7507,annual,81.12384233995898
7508,annual,74.30709613076083
7509,annual,67.89920863488105
7510,annual,77.07686663984578
7511,annual,56.61056301793292
7512,annual,61.4795720876733
7513,annual,61.258116880106506
7514,annual,70.37269260976154
7515,annual,65.91479982623578
7516,annual,78.9007856297485
7517,annual,77.70586256964718
7518,annual,89.54687810484643
7519,annual,81.03632341195816
7520,annual,78.46551328183916
7521,annual,108.18399581273164
7522,annual,112.90388880266171
7523,annual,115.95575386718792
7524,annual,108.8722777741306
7525,annual,124.06951321965585
7526,annual,105.7754012684517
7527,annual,108.53065314158377
7528,annual,104.32882769220066
7529,annual,106.80977338792897
7530,annual,83.53550093384936
7531,annual,73.85808042456674
7532,annual,60.586574816845456
7533,annual,79.39879085343104
7534,annual,66.06033924637651
7535,annual,63.616229429517595
7536,annual,84.30549592675072
7537,annual,62.89222261584491
7538,annual,52.57060485317926
7539,annual,65.71275030417877
7540,annual,65.07360272537014
7541,annual,76.21680062172912
7542,annual,83.1511451741225
7543,annual,88.66378108539102
7544,annual,88.72560195331619
7545,annual,118.20375815757451
7546,annual,112.14533225384636
7547,annual,110.6480830283623
7548,annual,119.4329646322853
7549,annual,116.22039750475933
7550,annual,111.96007376027559
7551,annual,110.94372967033077
7552,annual,100.94333994622862
7553,annual,98.72174786986015
7554,annual,92.39676040318157
7555,annual,80.68549765865372
7556,annual,71.10870604819044
7557,annual,79.52316131575385
7558,annual,59.16596377579205
7559,annual,63.42237348977328
7560,annual,69.60874218288035
7561,annual,62.44323729018668
7562,annual,63.854133700942704
7563,annual,72.25345529441257
7564,annual,77.35974007156295
7565,annual,76.86785905078126
7566,annual,91.08551423681361
7567,annual,106.19183012711993
7568,annual,121.4250235701566
7569,annual,121.94580901395331
7570,annual,101.48196102353907
7571,annual,130.40567940369849
7572,annual,121.83226060980208
7573,annual,128.89989028314196
7574,annual,122.16515493681595
7575,annual,115.96917732386962
7576,annual,110.47958907327069
7577,annual,103.8826517838852
7578,annual,107.05271467368976
7579,annual,88.3756220472115
7580,annual,89.98176396241743
7581,annual,82.60351838813666
7582,annual,75.65307716410389
7583,annual,53.02674954725834
7584,annual,75.55444619840002
7585,annual,63.98039980735041
7586,annual,76.36644108417218
7587,annual,67.62791884758744
7588,annual,72.14079260268112
7589,annual,104.66792349068113
7590,annual,88.96552041440225
7591,annual,113.55480941459678
7592,annual,112.56874752059933
7593,annual,114.47362791782223
7594,annual,122.24351598799868
7595,annual,115.19040376552873
7596,annual,126.51134991223333
7597,annual,116.93723722661154
7598,annual,119.43859670812844
7599,annual,125.2369848964602
7600,annual,113.65491036156843
7601,annual,92.52859231113862
7602,annual,103.43328996441812
7603,annual,88.8000155007584
7604,annual,77.28390280183247
7605,annual,81.3815919447822
7606,annual,69.30296813975801
7607,annual,58.318319441189416
7608,annual,81.72284741776406
7609,annual,67.82429539436727
7610,annual,70.30852597677632
7611,annual,72.48632491672608
7612,annual,91.38009564182794
7613,annual,84.97677030795528
7614,annual,84.58053085567438
7615,annual,99.27551978407502
7616,annual,122.55456652980556
7617,annual,124.81063045342059
7618,annual,120.8810066184215
7619,annual,136.90418564796306
7620,annual,132.92390755674228
7621,annual,123.78542960576242
7622,annual,121.59385299889175
7623,annual,120.78811501732712
7624,annual,105.2852741288567
7625,annual,104.74098160331765
7626,annual,99.40847664307354
7627,annual,75.68006846422328
7628,annual,80.42580714562405
7629,annual,73.3027168076453
7630,annual,79.18415177231665
7631,annual,53.2066189870069
7632,annual,64.20228654844462
7633,annual,64.42252273848555
7634,annual,78.95414030391395
7635,annual,75.69275871555874
7636,annual,96.62309187129325
7637,annual,94.78747040824977
7638,annual,93.97255075255815
7639,annual,106.9361756316216
7640,annual,109.42178423111864
7641,annual,125.3427068655941
7642,annual,112.57751511327936
7643,annual,119.64254168217569
7644,annual,130.89985405451367
7645,annual,136.03816108453532
7646,annual,105.61934805049387
7647,annual,129.46330786959405
7648,annual,111.13325367865025
7649,annual,89.94790636365262
7650,annual,73.2405119709596
7651,annual,77.25467482653244
7652,annual,82.0966958593111
7653,annual,75.51394696800682
7654,annual,76.33917607021561
7655,annual,63.880662496914546
7656,annual,58.69886248265955
7657,annual,65.28072096426972
7658,annual,71.85130703598837
7659,annual,78.1961657782747
7660,annual,76.24986926004966
7661,annual,97.01018910383617
7662,annual,92.59201268043665
7663,annual,98.37001930870531
7664,annual,108.2240547784826
7665,annual,127.37511169544621
7666,annual,122.4815773442368
7667,annual,120.9848536183428
7668,annual,134.97204885781727
7669,annual,143.68294996249094
7670,annual,125.22141004223366
7671,annual,128.6471299767488
7672,annual,120.85181045882723
7673,annual,100.48264019403788
7674,annual,97.77626029803878
7675,annual,79.5382584635214
7676,annual,80.92364872333584
7677,annual,71.3404604656267
7678,annual,68.35933708329068
7679,annual,62.58625181451417
7680,annual,58.783376720402075
7681,annual,66.2580153662811
7682,annual,63.741530000266806
7683,annual,54.073282511886745
7684,annual,68.61118666677872
7685,annual,68.93684214773255
7686,annual,90.03263299382076
7687,annual,99.09480431616818
7688,annual,103.63253696079994
7689,annual,100.87279913160829
7690,annual,113.43766852119619
7691,annual,110.39923444962048
7692,annual,105.97434758796459
7693,annual,120.09558785344292
7694,annual,118.00705911793663
7695,annual,114.76319812667144
7696,annual,96.71336238570696
7697,annual,104.50316390527931
7698,annual,84.13149317534207
7699,annual,86.32004754050668
7700,annual,70.49284989183325
7701,annual,67.1964107839637
7702,annual,45.32804242467327
7703,annual,59.58484816082645
7704,annual,62.07738904157293
7705,annual,58.988275058577166
7706,annual,79.01548794979398
7707,annual,59.95705753265372
7708,annual,70.34001941046131
7709,annual,74.12157420963784
7710,annual,83.83845347532895
7711,annual,103.58808802858643
7712,annual,113.67292366190841
7713,annual,101.83421151197795
7714,annual,105.94729486768692
7715,annual,105.17163742834626
7716,annual,125.79895239944713
7717,annual,123.396701872428
7718,annual,110.88350080956226
7719,annual,96.27175882887445
7720,annual,91.3953687836427
7721,annual,96.70181912813753
7722,annual,92.7433726548647
7723,annual,64.83139664935548
7724,annual,72.27819002298968
7725,annual,82.20315333171503
7726,annual,63.2259097520706
7727,annual,74.18577672381286
7728,annual,73.65052788172314
7729,annual,60.80614725472274
7730,annual,70.13602638972966
7731,annual,76.21540150612361
7732,annual,75.83806630532962
7733,annual,82.9346433145145
7734,annual,110.51230758702616
7735,annual,98.40384524560966
7736,annual,122.08564746134711
7737,annual,116.17948645875396
7738,annual,124.23380632454544
7739,annual,131.93068898465827
7740,annual,123.66968946684024
7741,annual,131.97916814670597
7742,annual,108.06748336722377
7743,annual,123.1890213929912
7744,annual,93.70991785350458
7745,annual,104.40795638956561
7746,annual,105.2921027326256
7747,annual,95.67194994546904
7748,annual,73.07087501838214
7749,annual,67.88764024573311
7750,annual,66.96802041396343
7751,annual,70.97011096027067
7752,annual,52.49019450976458
7753,annual,69.66209663465368
7754,annual,75.25633290698157
7755,annual,75.26815914754991
7756,annual,87.94822777453862
7757,annual,92.7708819436482
7758,annual,94.41242595492305
7759,annual,91.0207165011139
7760,annual,114.81296468268079
7761,annual,112.33426054387081
7762,annual,120.09968114475501
7763,annual,131.55642856249094
7764,annual,140.084327097589
7765,annual,127.41895383125018
7766,annual,129.15894083521434
7767,annual,108.40302873648751
7768,annual,115.70984867807448
7769,annual,106.03098388177251
7770,annual,108.57948067512366
7771,annual,86.65742086880852
7772,annual,81.81255909281525
7773,annual,86.00297233158014
7774,annual,72.02862757742385
7775,annual,60.897154191144
7776,annual,89.44067265284033
7777,annual,61.421089571153445
7778,annual,72.52924370059002
7779,annual,80.58790827912784
7780,annual,86.16854653876827
7781,annual,89.74508548139255
7782,annual,97.5495235023089
7783,annual,104.91272288929135
7784,annual,105.10013559778838
7785,annual,137.44256361749763
7786,annual,123.2484412383455
7787,annual,132.78082919777617
7788,annual,126.35038360506651
7789,annual,125.16727187634753
7790,annual,121.36481927869532
7791,annual,107.84204359820178
7792,annual,112.7426373455532
7793,annual,103.53611658503954
7794,annual,108.39980253999758
7795,annual,81.68943417276762
7796,annual,79.41042904608054
7797,annual,70.6268792968903
7798,annual,84.58708750508067
7799,annual,63.09456411900994
7800,annual,73.8023133702882
7801,annual,78.0874316110549
7802,annual,72.15416920762267
7803,annual,67.07622316935893
7804,annual,73.39068374236959
7805,annual,98.41745577777212
7806,annual,89.21916246208025
7807,annual,110.20469885403402
7808,annual,115.21870749104387
7809,annual,123.53417792256374
7810,annual,129.05735518877935
7811,annual,120.81232312580792
7812,annual,121.49968918036117
7813,annual,134.00110647395437
7814,annual,120.24991984149709
7815,annual,98.51593011203434
7816,annual,119.49395699555002
7817,annual,98.77839566100458
7818,annual,103.04100163572113
7819,annual,102.68191805393923
7820,annual,84.4380142705747
7821,annual,86.05683783019094
7822,annual,74.55353394323556
7823,annual,83.02557444893623
7824,annual,61.077645721869715
7825,annual,70.53100795992259
7826,annual,78.97903331872514
7827,annual,76.83800510024977
7828,annual,93.79225456514791
7829,annual,88.35361492276469
7830,annual,116.12947180495766
7831,annual,124.31665397918015
7832,annual,116.83107856174496
7833,annual,125.20851547035993
7834,annual,135.0886361904568
7835,annual,119.05469818885967
7836,annual,119.07850247530422
7837,annual,138.60362869145968
7838,annual,127.74717248844371
7839,annual,118.97566405968468
7840,annual,114.66348901497585
7841,annual,88.25074216608962
7842,annual,98.05000407627055
7843,annual,85.78555732530515
7844,annual,91.91907566084723
7845,annual,86.3215453834022
7846,annual,78.20718235143269
7847,annual,73.76039699364765
7848,annual,50.876587211661175
7849,annual,68.50050853159345
7850,annual,71.50785886343054
7851,annual,80.72501933953637
7852,annual,93.30103970086489
7853,annual,69.32676159508239
7854,annual,86.74754659647762
7855,annual,90.9053423219302
7856,annual,104.73541870850391
7857,annual,109.05445915920441
7858,annual,111.365390518962
7859,annual,124.15619340243755
7860,annual,108.04404751197706
7861,annual,107.6063867720873
7862,annual,105.04424493481883
7863,annual,106.06462359405221
7864,annual,93.52663947412856
7865,annual,96.4549035087972
7866,annual,88.53143964437639
7867,annual,76.57512607166261
7868,annual,83.34549123387289
7869,annual,70.28747388309264
7870,annual,74.97385421149791
7871,annual,62.214965081983
7872,annual,62.89482003538763
7873,annual,59.50612259397994
7874,annual,66.64932091477476
7875,annual,76.69434649825806
7876,annual,73.2977052830761
7877,annual,87.24756062374772
7878,annual,83.58640345287255
7879,annual,103.1488978831842
7880,annual,98.94913252274306
7881,annual,115.99370121910766
7882,annual,113.95887738288764
7883,annual,128.33600631817183
7884,annual,107.8558373312048
7885,annual,104.35896226454837
7886,annual,108.54132707561378
7887,annual,98.10337464900076
7888,annual,92.52649998581225
7889,annual,102.04889944268554
7890,annual,90.05494879393721
7891,annual,79.26281710983633
7892,annual,73.49267836279503
7893,annual,66.21859473459098
7894,annual,79.90864658161098
7895,annual,58.12433617028933
7896,annual,59.77408115303905
7897,annual,77.74178248892402
7898,annual,72.64434523738971
7899,annual,95.4481384126521
7900,annual,81.14150722735236
7901,annual,99.35445442268416
7902,annual,109.00873098249988
7903,annual,103.94503703316504
7904,annual,109.40778619443316
7905,annual,127.4952880207491
7906,annual,130.93104979455006
7907,annual,118.04404632069009
7908,annual,121.32366724726766
7909,annual,109.03748708679345
7910,annual,131.09500928306903
7911,annual,119.4697382282159
7912,annual,114.05394896990319
7913,annual,94.58417090916625
7914,annual,91.56633351299084
7915,annual,88.7629096840893
7916,annual,79.9725475365229
7917,annual,80.08063750625008
7918,annual,79.0381352372268
7919,annual,89.53027810331497
7920,annual,70.43793890369145
7921,annual,80.54352166004236
7922,annual,67.97753081456749
7923,annual,65.98530118853957
7924,annual,82.77966197025785
7925,annual,80.05173004786928
7926,annual,100.71546048129167
7927,annual,102.11901350094514
7928,annual,99.96390404990215
7929,annual,135.6994797464167
7930,annual,122.27834355262897
7931,annual,116.47489550905729
7932,annual,137.78344946799717
7933,annual,123.74693503229659
7934,annual,135.3001655269973
7935,annual,115.94412390211087
7936,annual,111.27089362183646
7937,annual,111.12130017283084
7938,annual,105.34383018957172
7939,annual,98.98137368958801
7940,annual,84.88014603410423
7941,annual,83.61380548077909
7942,annual,80.58234188579304
7943,annual,73.2248534638016
7944,annual,69.69762938984987
7945,annual,60.29875992144315
7946,annual,79.651525436671
7947,annual,79.96308045349701
7948,annual,82.52996747715858
7949,annual,103.29645385162189
7950,annual,89.41622523265771
7951,annual,121.75575617195895
7952,annual,115.66070806688852
7953,annual,124.59224315958384
7954,annual,123.65930349325524
7955,annual,116.48008578444964
7956,annual,129.722015108238
7957,annual,132.49462833977861
7958,annual,132.22945998071816
7959,annual,120.46783214404945
7960,annual,98.29857556632889
7961,annual,96.27017489237886
7962,annual,117.2550512860706
7963,annual,84.33403507271169
7964,annual,97.25528996187792
7965,annual,72.15299696102706
7966,annual,73.39848490460815
7967,annual,76.86278558409143
7968,annual,64.51198286122258
7969,annual,84.83348473126998
7970,annual,75.6986031848837
7971,annual,83.5471417686705
7972,annual,83.93268236971656
7973,annual,98.57872937693068
7974,annual,113.70388035266848
7975,annual,107.78782228595949
7976,annual,129.91124075986346
7977,annual,117.39397540243306
7978,annual,133.1670688622164
7979,annual,133.96422791248602
7980,annual,122.52488185241062
7981,annual,131.76179085964029
7982,annual,127.11322805020572
7983,annual,115.46120445925123
7984,annual,118.93755790742259
7985,annual,110.00842615581335
7986,annual,100.49284285541184
7987,annual,92.76034732832449
7988,annual,85.35345636248064
7989,annual,76.91873802830256
7990,annual,76.21144908045628
7991,annual,66.94444994628729
7992,annual,92.55641395929273
7993,annual,61.04949727513815
7994,annual,70.6432872961239
7995,annual,76.04279775532078
7996,annual,102.62588534212902
7997,annual,82.97628947463711
7998,annual,104.70931641142161
7999,annual,111.05366190098067
8000,annual,118.97075646492911
8001,annual,132.40588676401669
8002,annual,137.0093350190426
8003,annual,126.67205820404384
8004,annual,132.85407762348467
8005,annual,115.36689655898763
8006,annual,128.0754442092413
8007,annual,116.1632260404738
8008,annual,114.8108786198486
8009,annual,95.5835344620748
8010,annual,104.54091632128534
8011,annual,79.96481710985225
8012,annual,87.48821488186543
8013,annual,70.27668984775592
8014,annual,68.5240476329125
8015,annual,81.56202005922198
8016,annual,69.07496642481135
8017,annual,74.48525064906188
8018,annual,80.46675401533285
8019,annual,66.09703010834747
8020,annual,89.86339615702934
8021,annual,72.6594633903031
8022,annual,97.3404255338616
8023,annual,94.41303535847068
8024,annual,97.42922171638784
8025,annual,115.3792648879747
8026,annual,122.31392096103592
8027,annual,124.77376726047959
8028,annual,120.09050196866072
8029,annual,118.50727857794114
8030,annual,118.96924144528144
8031,annual,112.89361855367669
8032,annual,109.20246957419022
8033,annual,99.99173276415615
8034,annual,98.11389345355329
8035,annual,71.36584618733089
8036,annual,76.8214350568113
8037,annual,61.20896781470092
8038,annual,70.20255309616162
8039,annual,78.42706695452712
8040,annual,60.77308300472299
8041,annual,66.50378019287163
8042,annual,74.23496907749201
8043,annual,55.93209471412976
8044,annual,73.88887740314524
8045,annual,87.49377231671349
8046,annual,68.38980345504055
8047,annual,90.73940753346704
8048,annual,113.87262504734906
8049,annual,118.68161955594134
8050,annual,117.94299298143939
8051,annual,124.703339689649
8052,annual,120.28659513567045
8053,annual,122.0889178296421
8054,annual,112.42321749175368
8055,annual,111.58414581571228
8056,annual,100.00679816897217
8057,annual,108.66174223152532
8058,annual,103.73823653631635
8059,annual,95.61694944810728
8060,annual,74.80089116687586
8061,annual,64.84368585334127
8062,annual,78.39886464412021
8063,annual,69.83702157122521
8064,annual,74.57767684971135
8065,annual,67.90217064928898
8066,annual,79.37355050508317
8067,annual,72.05357420463031
8068,annual,92.02150096615446
8069,annual,105.21552436129626
8070,annual,114.99736646878583
8071,annual,115.38176590347635
8072,annual,105.89282972055324
8073,annual,124.74084660068681
8074,annual,145.0472181835171
8075,annual,123.97788418265597
8076,annual,131.47554953424049
8077,annual,142.23497172060206
8078,annual,132.86683560764405
8079,annual,143.00345614899948
8080,annual,111.0860470516935
8081,annual,101.79552718467124
8082,annual,111.7420056042036
8083,annual,84.61740173827428
8084,annual,85.37485820698193
8085,annual,80.21062632304917
8086,annual,84.25615579107642
8087,annual,77.88537107305213
8088,annual,75.80828485176835
8089,annual,69.95454372646806
8090,annual,85.89103557747583
8091,annual,113.14515444457513
8092,annual,92.68202232973677
8093,annual,95.18457184565251
8094,annual,91.76886177041617
8095,annual,104.81648529689184
8096,annual,115.442083666775
8097,annual,119.0881670518128
8098,annual,128.00390497567184
8099,annual,145.3536689414838
8100,annual,142.12910087730734
8101,annual,129.85887859527946
8102,annual,118.46628809455973
8103,annual,134.06391011716917
8104,annual,116.75933135066253
8105,annual,96.10433348661023
8106,annual,107.85120648629774
8107,annual,102.59268765914554
8108,annual,67.74449829887611
8109,annual,74.3421249656938
8110,annual,75.28737133435858
8111,annual,79.05007804015034
8112,annual,68.22199223598805
8113,annual,66.71305490851788
8114,annual,82.18455679689052
8115,annual,77.38818249087173
8116,annual,91.68440211737101
8117,annual,85.69126832010907
8118,annual,91.52930075909023
8119,annual,116.15468952662023
8120,annual,119.36812419551913
8121,annual,130.9408142144675
8122,annual,124.06798301914304
8123,annual,124.96489728181551
8124,annual,143.2337160133087
8125,annual,119.14206958969771
8126,annual,138.34041269995956
8127,annual,134.12520600843692
8128,annual,124.22868102711003
8129,annual,104.61007612997346
8130,annual,95.81577421917855
8131,annual,92.9029473759202
8132,annual,76.98764749833025
8133,annual,73.44120948735623
8134,annual,81.52507713152065
8135,annual,78.56498303810262
8136,annual,64.14094349101745
8137,annual,78.96874279702564
8138,annual,80.19120643568239
8139,annual,93.4034287043175
8140,annual,92.09063363823728
8141,annual,103.2416191800965
8142,annual,106.35416283073879
8143,annual,118.14154633395023
8144,annual,107.24060485075489
8145,annual,122.77678988200621
8146,annual,128.20644207101
8147,annual,129.5653173164869
8148,annual,136.0886351458309
8149,annual,136.59035412793514
8150,annual,131.65636083339942
8151,annual,122.33519448912283
8152,annual,111.6517014645361
8153,annual,119.0796020496226
8154,annual,105.33540463620778
8155,annual,86.6240598830262
8156,annual,85.98804177010012
8157,annual,67.3779412460418
8158,annual,76.83974490454348
8159,annual,71.97272777383628
8160,annual,68.12470533064486
8161,annual,86.41946766324375
8162,annual,67.49044586361751
8163,annual,87.15838111134983
8164,annual,105.21410622094255
8165,annual,103.57401281014545
8166,annual,102.46813067670543
8167,annual,101.41246317117657
8168,annual,106.82394352081192
8169,annual,120.64123080942382
8170,annual,123.20519717570946
8171,annual,125.94184045049457
8172,annual,130.10993328971762
8173,annual,130.88023897907414
8174,annual,132.5828986281831
8175,annual,114.03127461338455
8176,annual,112.26249056442316
8177,annual,109.20763562398334
8178,annual,101.15655938610142
8179,annual,109.64725923971932
8180,annual,89.57841367527844
8181,annual,68.59851900221575
8182,annual,80.08512971264854
8183,annual,78.10797592676735
8184,annual,64.60592226005606
8185,annual,56.81977578093549
8186,annual,83.28869814634183
8187,annual,64.95599208532711
8188,annual,84.39312413734143
8189,annual,87.21923650075736
8190,annual,97.41343087825213
8191,annual,113.24992409712065
8192,annual,110.60005746314225
8193,annual,107.22951576170249
8194,annual,124.8375705892175
8195,annual,113.63814819546583
8196,annual,120.9154105771761
8197,annual,108.34227493169247
8198,annual,107.72338256949979
8199,annual,112.10992294154023
8200,annual,109.05164015466094
8201,annual,85.97593572225377
8202,annual,96.58524543001928
8203,annual,79.0634004554595
8204,annual,89.3444506113833
8205,annual,70.6993479633811
8206,annual,60.235282427434235
8207,annual,67.13338563988312
8208,annual,58.42950984028117
8209,annual,76.83095367057113
8210,annual,69.38094560699592
8211,annual,72.45409377212789
8212,annual,83.99379800035904
8213,annual,77.73169611754057
8214,annual,82.44616060628286
8215,annual,103.01431670221213
8216,annual,97.4620241848405
8217,annual,103.0511917109521
8218,annual,122.83612400085792
8219,annual,123.03990003858733
8220,annual,109.72875350928769
8221,annual,113.88629881518511
8222,annual,108.91222330352025
8223,annual,126.06182732527239
8224,annual,113.50747326947584
8225,annual,96.38074529863684
8226,annual,97.36894736365892
8227,annual,74.92178614369628
8228,annual,73.87822063939504
8229,annual,74.5064128844093
8230,annual,72.99454993989843
8231,annual,65.89971953499858
8232,annual,75.21264337079317
8233,annual,74.87745217603232
8234,annual,75.93915395536766
8235,annual,79.64616711195579
8236,annual,84.81841630365709
8237,annual,97.31946400103244
8238,annual,106.51505999867501
8239,annual,112.57997997670566
8240,annual,108.79975888507089
8241,annual,116.45031591153028
8242,annual,132.40035184619705
8243,annual,143.97969647911845
8244,annual,134.4478589775494
8245,annual,128.91296277393545
8246,annual,131.0040210421547
8247,annual,115.34716734056836
8248,annual,128.70008053737106
8249,annual,112.48585979421921
8250,annual,97.87287757939498
8251,annual,94.12960020326074
8252,annual,84.01224542857045
8253,annual,92.50869166401762
8254,annual,75.62985245596973
8255,annual,75.49368646533205
8256,annual,77.97401038603904
8257,annual,68.48029111404031
8258,annual,78.9531123483768
8259,annual,84.36647985238596
8260,annual,75.95156816466374
8261,annual,97.64119928997395
8262,annual,103.0181022132836
8263,annual,112.18850042283229
8264,annual,118.66923644075324
8265,annual,126.67076115202579
8266,annual,140.06370665177113
8267,annual,122.92591422481986
8268,annual,130.64698004882536
8269,annual,137.69492255320344
8270,annual,133.21236778818516
8271,annual,128.2726465951618
8272,annual,140.41281645821542
8273,annual,116.06185427883797
8274,annual,112.43170110286891
8275,annual,93.163050908933
8276,annual,80.44089974165045
8277,annual,79.6564558633632
8278,annual,83.09911799004279
8279,annual,77.66104678279005
8280,annual,76.75894390261222
8281,annual,72.8404030547721
8282,annual,74.56174987378421
8283,annual,80.88087154787853
8284,annual,94.32873653914288
8285,annual,102.49418101010889
8286,annual,95.48299974045135
8287,annual,117.39624476634839
8288,annual,113.32716309177134
8289,annual,128.49750958814602
8290,annual,127.97796911165445
8291,annual,145.0370161204051
8292,annual,130.18833590597202
8293,annual,133.9396024536515
8294,annual,134.36644031182976
8295,annual,117.75446557243454
8296,annual,117.95007649440561
8297,annual,109.1648252139117
8298,annual,99.42242507057338
8299,annual,92.25057757287964
8300,annual,97.42904972291554
8301,annual,77.53132362414209
8302,annual,82.08343388566087
8303,annual,77.07191816539827
8304,annual,62.49885290070047
8305,annual,78.85027454564135
8306,annual,66.38582603530716
8307,annual,87.48622501662673
8308,annual,84.61716068185508
8309,annual,95.97706049987787
8310,annual,93.32045422989117
8311,annual,112.41832376881602
8312,annual,126.09029717066683
8313,annual,118.43217383831734
8314,annual,124.79811925128296
8315,annual,136.28943680411385
8316,annual,137.5116404160774
8317,annual,113.17903422830587
8318,annual,145.77870685069723
8319,annual,129.11632513088495
8320,annual,124.25004312652557
8321,annual,110.29094160668136
8322,annual,88.83186575848391
8323,annual,101.30789896382817
8324,annual,84.15318960105479
8325,annual,86.81294394477217
8326,annual,75.9435231512669
8327,annual,76.60123407116085
8328,annual,67.60946834198597
8329,annual,81.74677614601934
8330,annual,68.3216449640654
8331,annual,100.56079136037702
8332,annual,106.71302847315603
8333,annual,109.10646472391639
8334,annual,114.01327127945602
8335,annual,110.89762388046643
8336,annual,128.1418130392376
8337,annual,124.25323084264734
8338,annual,117.36206116883064
8339,annual,144.81282549417747
8340,annual,142.84003509663998
8341,annual,132.5365013206885
8342,annual,119.98872744814389
8343,annual,120.33303741622457
8344,annual,104.24027471415985
8345,annual,119.13465756727938
8346,annual,90.9829676583465
8347,annual,98.33951500135773
8348,annual,82.05989261102245
8349,annual,71.1826083976677
8350,annual,79.73551802595534
8351,annual,72.16126952209163
8352,annual,73.24892958139132
8353,annual,57.322577278353876
8354,annual,64.10221367201795
8355,annual,55.350395978024466
8356,annual,62.568643279365
8357,annual,100.94084180004842
8358,annual,110.21220269078573
8359,annual,101.27334059754806
8360,annual,100.45278661073628
8361,annual,110.24770842610431
8362,annual,123.91469626005913
8363,annual,115.50830188921687
8364,annual,122.44448767432189
8365,annual,119.52136564394324
8366,annual,112.37560127950536
8367,annual,108.4257578620902
8368,annual,109.38998371147244
8369,annual,92.71642586465691
8370,annual,97.15725150297651
8371,annual,82.78267084302685
8372,annual,81.06235517517423
8373,annual,85.52323417530008
8374,annual,68.81519447399292
8375,annual,74.82185414971947
8376,annual,52.31569139564772
8377,annual,63.809052823788754
8378,annual,70.49077730914709
8379,annual,89.94671658433325
8380,annual,64.47233757663922
8381,annual,85.89416112980807
8382,annual,105.30546505004845
8383,annual,94.35990521835143
8384,annual,105.44924375931298
8385,annual,115.39774921519944
8386,annual,118.51070857468045
8387,annual,132.2581153561585
8388,annual,124.23974472330421
8389,annual,130.35413471663696
8390,annual,114.15457328641891
8391,annual,106.81963404475276
8392,annual,105.34616869856126
8393,annual,91.36724371354559
8394,annual,97.52004781239911
8395,annual,83.57681512290833
8396,annual,74.77764304289856
8397,annual,78.54933842764959
8398,annual,61.119542116744206
8399,annual,73.73597464375986
8400,annual,70.34449623220104
8401,annual,84.46619210421335
8402,annual,75.04853260076223
8403,annual,88.0132692369989
8404,annual,90.60769433031518
8405,annual,102.3578389767722
8406,annual,105.05077047731295
8407,annual,98.6285873944616
8408,annual,127.24154365406899
8409,annual,124.6829353960651
8410,annual,136.46808607250358
8411,annual,138.67094194375483
8412,annual,127.9848234920412
8413,annual,125.83060688740159
8414,annual,135.39479826525712
8415,annual,122.95840654044424
8416,annual,126.6626295758639
8417,annual,110.51015915030337
8418,annual,112.35847355971823
8419,annual,99.79305986072912
8420,annual,91.47499528984514
8421,annual,79.96590231461332
8422,annual,80.0498541390909
8423,annual,84.73624227108155
8424,annual,73.84377762776721
8425,annual,79.54912205787255
8426,annual,78.66761979353825
8427,annual,84.06113020344071
8428,annual,103.06478735258015
8429,annual,106.12677019231454
8430,annual,104.91273181863951
8431,annual,113.75770535363765
8432,annual,113.66253726866601
8433,annual,124.10693236255057
8434,annual,132.73344571099585
8435,annual,140.06018480229883
8436,annual,140.27126847236113
8437,annual,124.38120363850972
8438,annual,138.07412525603598
8439,annual,124.78051529764977
8440,annual,111.38157045165346
8441,annual,122.73315054960474
8442,annual,115.9837332709774
8443,annual,98.62290580272341
8444,annual,94.94785011231565
8445,annual,89.2038915314328
8446,annual,89.46291640603862
8447,annual,81.1242747118555
8448,annual,63.75510708692131
8449,annual,91.47730050952683
8450,annual,86.92110630873704
8451,annual,79.08721622865131
8452,annual,81.13961272757058
8453,annual,100.65054939658691
8454,annual,102.15053299948923
8455,annual,114.78114749149715
8456,annual,125.32386803665597
8457,annual,121.05828163805192
8458,annual,121.42851147848833
8459,annual,136.44093583807773
8460,annual,130.10951046421408
8461,annual,134.5231543809611
8462,annual,119.61076392426492
8463,annual,123.57235494622918
8464,annual,125.09622843474983
8465,annual,116.98864472067986
8466,annual,98.0697495394437
8467,annual,87.26592699880982
8468,annual,89.5027228244442
8469,annual,87.65167224698872
8470,annual,81.63725231443712
8471,annual,71.30155976286733
8472,annual,76.85109753906572
8473,annual,87.50957098070879
8474,annual,80.12889738411195
8475,annual,70.1901150770275
8476,annual,91.09410470397802
8477,annual,113.05558641579813
8478,annual,94.16937549424813
8479,annual,112.47087064688068
8480,annual,117.6578185349158
8481,annual,126.44876910896983
8482,annual,132.00328133793622
8483,annual,142.56605267634833
8484,annual,135.14676829037936
8485,annual,143.66435324554132
8486,annual,129.50801884241417
8487,annual,122.88061124297225
8488,annual,114.11503813486404
8489,annual,97.69637711928729
8490,annual,106.6747532945796
8491,annual,113.135932953872
8492,annual,93.13438581745979
8493,annual,88.74927739686991
8494,annual,75.18348928552409
8495,annual,73.53606008031147
8496,annual,82.43027205336611
8497,annual,91.64491448034653
8498,annual,90.47596151954141
8499,annual,89.78189374892777
8500,annual,89.83434478182409
8501,annual,98.46632010776298
8502,annual,98.52508159127399
8503,annual,100.73237132935438
8504,annual,110.53875328462048
8505,annual,126.16474385847194
8506,annual,128.19796416881974
8507,annual,121.77538129761459
8508,annual,134.25455311430213
8509,annual,130.98347233964452
8510,annual,121.15111141796052
8511,annual,122.80491149733588
8512,annual,116.98551614096927
8513,annual,107.3846143803799
8514,annual,111.96650146490754
8515,annual,81.5653562968779
8516,annual,73.66674822101226
8517,annual,83.36622298669634
8518,annual,79.3413955483053
8519,annual,78.80908644617975
8520,annual,62.85566433577861
8521,annual,60.74406465146787
8522,annual,70.72623743827194
8523,annual,71.54294422719062
8524,annual,93.07602363925692
8525,annual,84.58552018484177
8526,annual,93.74197118827475
8527,annual,120.95891173656295
8528,annual,106.10937058816587
8529,annual,117.70859041564087
8530,annual,122.72061377128205
8531,annual,126.09866286156193
8532,annual,123.4833505253014
8533,annual,121.7981760671003
8534,annual,118.35281262288815
8535,annual,108.65138427617796
8536,annual,110.2716028247255
8537,annual,117.38473331917615
8538,annual,103.85290767371983
8539,annual,89.6106823620404
8540,annual,87.5140907868593
8541,annual,68.12216204012938
8542,annual,68.70066926623379
8543,annual,75.67025384567897
8544,annual,79.12784752509873
8545,annual,61.983583290865326
8546,annual,66.9791175998681
8547,annual,92.5896332364247
8548,annual,81.50059997558498
8549,annual,101.82929154126816
8550,annual,95.88536851563954
8551,annual,103.18806645380474
8552,annual,105.28658287615401
8553,annual,120.8628342015518
8554,annual,128.47541628204505
8555,annual,112.0304894461111
8556,annual,118.4109055596697
8557,annual,127.6311354822318
8558,annual,116.57680677733842
8559,annual,109.3753093212043
8560,annual,115.80684720838842
8561,annual,110.04624983290134
8562,annual,90.63337325205609
8563,annual,88.9413279835687
8564,annual,71.06271161019933
8565,annual,67.97477960156682
8566,annual,71.8411459323204
8567,annual,68.4017669682671
8568,annual,67.0283025694605
8569,annual,70.05774511682891
8570,annual,70.26219423012793
8571,annual,87.19058672301483
8572,annual,74.02219772977037
8573,annual,88.90612211374838
8574,annual,89.859778920647
8575,annual,115.88004748724504
8576,annual,105.34144290286795
8577,annual,126.23034832718632
8578,annual,143.8602655428181
8579,annual,147.12855794214482
8580,annual,120.31605074987499
8581,annual,136.12836290502526
8582,annual,122.83230304579507
8583,annual,116.43142645321993
8584,annual,118.85555166818497
8585,annual,122.35421191184619
8586,annual,109.56058229706844
8587,annual,91.2776125223669
8588,annual,95.4035832825856
8589,annual,65.60044121265572
8590,annual,72.75898280230649
8591,annual,69.19440415702351
8592,annual,75.44528359535495
8593,annual,74.21831956349146
8594,annual,77.70618719895127
8595,annual,82.20775838499797
8596,annual,89.9979759893562
8597,annual,101.37519444403367
8598,annual,106.01336627026257
8599,annual,110.30847488168266
8600,annual,123.03270429988176
8601,annual,132.64090984626205
8602,annual,126.35127304919564
8603,annual,133.32127100473414
8604,annual,144.1139705658162
8605,annual,124.9744074319767
8606,annual,145.23709774502424
8607,annual,115.31868169912333
8608,annual,117.05580117180561
8609,annual,104.98176943951103
8610,annual,122.32213403639852
8611,annual,93.02734647759067
8612,annual,85.81198880921525
8613,annual,80.63952470632773
8614,annual,79.60277841106196
8615,annual,73.21340904153537
8616,annual,73.80367606080883
8617,annual,47.65531608492607
8618,annual,79.34328707226948
8619,annual,83.79602003408476
8620,annual,98.17532087708717
8621,annual,107.57468673094762
8622,annual,103.36510600665365
8623,annual,119.16117450425529
8624,annual,111.05422025422958
8625,annual,132.21871267495328
8626,annual,126.26772621824458
8627,annual,124.36696554141962
8628,annual,133.3820610721556
8629,annual,145.04832486404229
8630,annual,132.29557690516796
8631,annual,138.0518791148115
8632,annual,113.8769087872616
8633,annual,121.01415068724756
8634,annual,99.64949019989245
8635,annual,98.90482851662603
8636,annual,91.60023312706336
8637,annual,88.945500933585
8638,annual,80.89193334354549
8639,annual,69.97551940654144
8640,annual,81.94990999010571
8641,annual,89.78293233929631
8642,annual,74.2562648817831
8643,annual,69.01239432620851
8644,annual,93.90201092019551
8645,annual,94.49343986787238
8646,annual,103.85863152572283
8647,annual,117.12144777228892
8648,annual,116.25631493476041
8649,annual,123.96984203821225
8650,annual,130.08726035140566
8651,annual,145.64326066591735
8652,annual,135.14801120627385
8653,annual,123.99984051551755
8654,annual,121.32118863776944
8655,annual,127.23449718223843
8656,annual,110.87203036783737
8657,annual,100.17359783104753
8658,annual,109.99174230083729
8659,annual,102.61887024323873
8660,annual,86.96236210221439
8661,annual,86.04352526698246
8662,annual,80.43166541339605
8663,annual,80.74903467244583
8664,annual,79.77875686418304
8665,annual,55.11667414377479
8666,annual,77.03600385127233
8667,annual,87.87078770249327
8668,annual,86.65710490435252
8669,annual,97.46580739366763
8670,annual,110.94635748608925
8671,annual,113.35273085175757
8672,annual,132.0041129705436
8673,annual,135.16985108651005
8674,annual,129.97300652242635
8675,annual,132.33416305553845
8676,annual,112.13816479105374
8677,annual,131.30651484621248
8678,annual,120.09536860451361
8679,annual,127.92379740426605
8680,annual,121.16372332162466
8681,annual,118.27217503395448
8682,annual,116.11412140825017
8683,annual,96.96603084221327
8684,annual,108.18408812805022
8685,annual,85.58716575882747
8686,annual,68.47826436939843
8687,annual,71.46640784311164
8688,annual,64.48802976402813
8689,annual,73.1270232659129
8690,annual,63.509318262476455
8691,annual,72.99431321197875
8692,annual,79.68168112012201
8693,annual,83.8969226874783
8694,annual,100.96132641992845
8695,annual,106.58868869198162
8696,annual,117.30254044732237
8697,annual,110.9136850096379
8698,annual,127.47290980985376
8699,annual,109.6380239884792
8700,annual,110.36292895857184
8701,annual,110.83958718756585
8702,annual,117.92638280972726
8703,annual,123.18091139114954
8704,annual,103.15286672137366
8705,annual,97.64457034454327
8706,annual,92.741859724016
8707,annual,92.06451413582388
8708,annual,77.14900093965413
8709,annual,71.11078461112193
8710,annual,60.32415535744935
8711,annual,63.816237167268895
8712,annual,76.90636054012602
8713,annual,69.13407727466632
8714,annual,65.1851445324802
8715,annual,85.28393520643804
8716,annual,76.30495850016186
8717,annual,98.85819693473502
8718,annual,105.71552233984416
8719,annual,101.92287374540876
8720,annual,95.99827029766985
8721,annual,131.89455453144618
8722,annual,120.96756086893957
8723,annual,117.97556762868349
8724,annual,129.1356898348438
8725,annual,126.185086122619
8726,annual,128.35685921791472
8727,annual,108.27976729924096
8728,annual,110.53445381883849
8729,annual,91.98781889245191
8730,annual,99.81734168257323
8731,annual,87.3149893418578
8732,annual,83.23474056053786
8733,annual,74.22398563388282
8734,annual,69.09607004975663
8735,annual,61.46081981472081
8736,annual,81.31973769770177
8737,annual,87.93615348548737
8738,annual,74.56218699541405
8739,annual,88.21141658440023
8740,annual,93.45376497750983
8741,annual,97.29650711794316
8742,annual,92.78353011331016
8743,annual,102.3480885244188
8744,annual,113.74844037101533
8745,annual,109.09746162724888
8746,annual,142.24130393300598
8747,annual,136.91569660233768
8748,annual,134.75660759303491
8749,annual,116.45218421475734
8750,annual,116.38609125359785
8751,annual,126.19076831032866
8752,annual,135.76021570409972
8753,annual,107.17171376631889
8754,annual,111.9066800955274
8755,annual,93.3925053657526
8756,annual,90.43821005453886
8757,annual,93.50056333577496
8758,annual,76.2479208253624
8759,annual,70.4976819271388
8760,annual,86.34456443299811
8761,annual,76.38668778023671
8762,annual,87.74887861115614
8763,annual,78.30480541732608
8764,annual,101.2533936716878
8765,annual,99.42444684320127
8766,annual,108.47830100971727
8767,annual,113.81760584450902
8768,annual,115.95620014402799
8769,annual,126.19974095163666
8770,annual,127.44004020961823
8771,annual,141.65414328983033
8772,annual,133.3755426634507
8773,annual,122.00571696632085
8774,annual,117.54537223361889
8775,annual,112.39945821703303
8776,annual,124.94376606043153
8777,annual,103.55253686208808
8778,annual,107.40068620670853
8779,annual,98.32802478685568
8780,annual,89.48233124072179
8781,annual,87.29403819146255
8782,annual,80.28566618319105
8783,annual,54.34438726908035
8784,annual,72.40729405343998
8785,annual,79.41934626406331
8786,annual,92.13779635273472
8787,annual,97.27475347729145
8788,annual,79.09109187154584
8789,annual,94.4339222326501
8790,annual,92.46737747056392
8791,annual,124.9199479341842
8792,annual,128.0991456454163
8793,annual,129.01420251072972
8794,annual,132.30581698384273
8795,annual,145.01911957169577
8796,annual,144.686897538309
8797,annual,143.23842834214892
8798,annual,134.63049697201913
8799,annual,123.41567301971102
8800,annual,126.13329463636836
8801,annual,119.28920257534445
8802,annual,103.47119622349221
8803,annual,94.42173327647836
8804,annual,99.0628021366936
8805,annual,97.09602141478835
8806,annual,73.02036761937663
8807,annual,73.91150778797207
8808,annual,77.7926496301302
8809,annual,79.90020221180944
8810,annual,74.8254920310291
8811,annual,98.84014662564854
8812,annual,93.36194714285398
8813,annual,101.47168093318142
8814,annual,119.05625767058665
8815,annual,109.15726336961151
8816,annual,119.27773000695439
8817,annual,116.17181062191601
8818,annual,129.58714335399716
8819,annual,122.05153961568178
8820,annual,140.96797985203798
8821,annual,137.3229338077246
8822,annual,128.74939267571744
8823,annual,125.39499879154626
8824,annual,126.07691634000454
8825,annual,103.66338767644905
8826,annual,106.61852795811281
8827,annual,102.81669211708694
8828,annual,75.72699239923469
8829,annual,89.25148562851236
8830,annual,65.61192319886693
8831,annual,75.06665435900831
8832,annual,65.65954157445009
8833,annual,87.43886825285998
8834,annual,69.72893986045995
8835,annual,70.5519478358924
8836,annual,91.03348753998242
8837,annual,93.8924752139697
8838,annual,92.92982857790042
8839,annual,116.93776335352632
8840,annual,104.03467790761445
8841,annual,117.88994606214332
8842,annual,126.34568635737878
8843,annual,140.36222433312508
8844,annual,145.3304173433171
8845,annual,142.76670317450453
8846,annual,129.7212421970472
8847,annual,106.76140788444707
8848,annual,123.09349457696037
8849,annual,124.49583167408444
8850,annual,114.83699366972044
8851,annual,100.90569113208605
8852,annual,80.4506482925043
8853,annual,79.55101094258818
8854,annual,94.45642348364414
8855,annual,64.65505934122679
8856,annual,58.26395204419509
8857,annual,75.90709696891561
8858,annual,67.61472200877411
8859,annual,65.90075779972442
8860,annual,93.1704512991823
8861,annual,91.14701547679124
8862,annual,91.39227255438075
8863,annual,92.26859739997012
8864,annual,124.32593438027769
8865,annual,113.3429504114621
8866,annual,129.007992271334
8867,annual,127.67574753607855
8868,annual,117.27946937609232
8869,annual,116.42315025928478
8870,annual,129.3998869550494
8871,annual,125.23870362239478
8872,annual,92.9313540604323
8873,annual,105.83303817502379
8874,annual,93.47696343160922
8875,annual,79.19198234812207
8876,annual,83.04065062713578
8877,annual,64.55802444947025
8878,annual,67.33235313004954
8879,annual,61.978894697433596
8880,annual,63.418378822780696
8881,annual,67.76488367692791
8882,annual,62.90948973860495
8883,annual,87.91025807497829
8884,annual,84.86297480318169
8885,annual,101.78509894531705
8886,annual,93.13606918340453
8887,annual,97.01450345541987
8888,annual,121.98403385197291
8889,annual,108.88411410907358
8890,annual,116.37305866229553
8891,annual,126.25708552981203
8892,annual,111.51490246965045
8893,annual,126.1870637241827
8894,annual,122.46617136752535
8895,annual,123.66319457236813
8896,annual,115.03706496010982
8897,annual,111.8046499768173
8898,annual,93.5333337319614
8899,annual,80.52723216860413
8900,annual,97.79659224869559
8901,annual,63.11126091981617
8902,annual,59.62191840285838
8903,annual,72.85773595029448
8904,annual,87.86665888320682
8905,annual,77.40540247642929
8906,annual,86.88043798187252
8907,annual,67.68714524241594
8908,annual,85.87041080033893
8909,annual,82.11061668756633
8910,annual,111.11005816361731
8911,annual,100.25349123815153
8912,annual,109.64421972952685
8913,annual,130.19217557307567
8914,annual,139.34212742746303
8915,annual,132.57280042062632
8916,annual,139.4281505306561
8917,annual,138.1468506214448
8918,annual,129.1241177357814
8919,annual,117.32233007029446
8920,annual,124.38590175286517
8921,annual,117.53610737706431
8922,annual,112.01896572251009
8923,annual,99.59873053734358
8924,annual,80.51877118995343
8925,annual,89.17628835314505
8926,annual,78.87495974242813
8927,annual,72.02709615452923
8928,annual,72.4616313638938
8929,annual,70.31888584564842
8930,annual,85.94870617874578
8931,annual,72.26059675720691
8932,annual,81.87083058299216
8933,annual,94.42396363099432
8934,annual,117.72872484735551
8935,annual,121.01753380726191
8936,annual,106.6919916354657
8937,annual,136.8426982070598
8938,annual,141.59484191084616
8939,annual,124.40442624193442
8940,annual,114.64705189667195
8941,annual,133.2187198713376
8942,annual,139.77887544937525
8943,annual,138.76201725544155
8944,annual,112.85209994655351
8945,annual,126.59912225182285
8946,annual,86.9952588949099
8947,annual,94.10974179773358
8948,annual,86.48103270771755
8949,annual,92.82421082524152
8950,annual,89.2243756754286
8951,annual,83.47473251623862
8952,annual,63.958910913338414
8953,annual,82.68648876902489
8954,annual,82.85488493852034
8955,annual,70.18023278547241
8956,annual,73.22720067289208
8957,annual,105.30265427039616
8958,annual,103.32251689547161
8959,annual,102.2464259167422
8960,annual,118.09793587363542
8961,annual,128.8888433878076
8962,annual,130.08126440349835
8963,annual,121.32519686696892
8964,annual,149.84776653181842
8965,annual,141.77482984388075
8966,annual,128.061053803451
8967,annual,123.6157574916837
8968,annual,122.63921046101098
8969,annual,103.49091149045854
8970,annual,107.34472279560131
8971,annual,86.35288045534382
8972,annual,89.19903756854426
8973,annual,74.2015358688543
8974,annual,69.83787733115871
8975,annual,88.9513174235792
8976,annual,75.17437379586887
8977,annual,77.38204373612972
8978,annual,62.6287656394087
8979,annual,78.71134913782764
8980,annual,93.39026359122722
8981,annual,98.48908541609684
8982,annual,87.4683280707628
8983,annual,114.1222413279247
8984,annual,122.63303706998995
8985,annual,136.18386606277846
8986,annual,125.43947980361887
8987,annual,115.74179166917912
8988,annual,126.72640062715121
8989,annual,124.90182111931603
8990,annual,136.5749997773654
8991,annual,104.17987737002633
8992,annual,116.11371496101147
8993,annual,123.87150178328609
8994,annual,104.75826634426153
8995,annual,104.10652981792819
8996,annual,76.56617997318375
8997,annual,70.67144710034543
8998,annual,90.21774419082116
8999,annual,76.53251477897841
9000,annual,75.45669756657466
9001,annual,66.70750525537349
9002,annual,79.4559943869702
9003,annual,74.24979868658431
9004,annual,99.12546626014671
9005,annual,118.68857699477127
9006,annual,108.50203109822415
9007,annual,107.3155029382848
9008,annual,99.36123602494425
9009,annual,112.3679931881592
9010,annual,143.05015943065177
9011,annual,125.37474271140498
9012,annual,131.66382361540943
9013,annual,138.850885254207
9014,annual,142.469583177329
9015,annual,124.24701073518723
9016,annual,116.39316771157324
9017,annual,112.96804225006261
9018,annual,99.60940013578778
9019,annual,92.27537768948226
9020,annual,92.92554360917252
9021,annual,84.89963137598099
9022,annual,95.70258300783703
9023,annual,79.1635184133129
9024,annual,76.30699051678064
9025,annual,59.44754740844012
9026,annual,74.91639855009235
9027,annual,69.22209226718475
9028,annual,83.76145223840248
9029,annual,92.61782869918068
9030,annual,94.49677688404181
9031,annual,120.34454612159642
9032,annual,119.02166428489764
9033,annual,122.60767188669958
9034,annual,123.59480157316996
9035,annual,134.2847099836752
9036,annual,109.60207175227629
9037,annual,131.14008838575947
9038,annual,109.55055753821367
9039,annual,108.67499627153296
9040,annual,112.08896568452337
9041,annual,110.95170167388386
9042,annual,84.86921307857432
9043,annual,83.0093528928401
9044,annual,81.37808271204052
9045,annual,73.51501500242753
9046,annual,77.54739671973168
9047,annual,95.50524975010133
9048,annual,70.37621746746264
9049,annual,62.060082984152224
9050,annual,60.266899251963785
9051,annual,72.32773739853397
9052,annual,72.99965271102528
9053,annual,90.77393591729093
9054,annual,97.63782488552941
9055,annual,97.30442038082401
9056,annual,123.40129190952585
9057,annual,107.22995633737324
9058,annual,116.44888915825004
9059,annual,125.21495043617898
9060,annual,128.15809094941423
9061,annual,130.32226128140604
9062,annual,120.83230953338135
9063,annual,121.52083649759636
9064,annual,102.20078642303208
9065,annual,108.35442169982672
9066,annual,101.25948500050679
9067,annual,99.13663097951583
9068,annual,67.17416386142727
9069,annual,67.6723037824103
9070,annual,77.22409365201416
9071,annual,46.73073865039958
9072,annual,78.31266269673668
9073,annual,83.87727391720875
9074,annual,73.7848492124932
9075,annual,79.72188986993815
9076,annual,80.78351452851064
9077,annual,92.43966499550302
9078,annual,100.43606529073581
9079,annual,106.67845446378132
9080,annual,113.4751878841539
9081,annual,123.42177846291915
9082,annual,128.09254089471406
9083,annual,148.34744329399035
9084,annual,131.2231321614938
9085,annual,136.1075898246368
9086,annual,125.74231168815263
9087,annual,120.87305053529464
9088,annual,105.7416490045689
9089,annual,99.57025467701675
9090,annual,94.72062706920588
9091,annual,98.08161663143481
9092,annual,97.98600254870657
9093,annual,68.87009365566932
9094,annual,74.00323678210617
9095,annual,64.46371284295503
9096,annual,72.16328454400536
9097,annual,83.90588245805891
9098,annual,74.7216799706768
9099,annual,82.68416208387977
9100,annual,100.91932846821229
9101,annual,100.1761373880614
9102,annual,98.19676645053936
9103,annual,113.31339493683518
9104,annual,112.65710920585545
9105,annual,128.85456083455819
9106,annual,134.380984643189
9107,annual,122.31799848175818
9108,annual,135.67869663615997
9109,annual,132.31469002177846
9110,annual,134.61568258798383
9111,annual,132.14148114082326
9112,annual,123.0970981300706
9113,annual,109.61652582311136
9114,annual,111.74414146398577
9115,annual,89.52842773351612
9116,annual,78.71332535011777
9117,annual,57.50200438499094
9118,annual,77.73561156964337
9119,annual,68.72735499245422
9120,annual,77.35323114873474
9121,annual,59.42360139910495
9122,annual,73.01300481940277
9123,annual,86.72015115145139
9124,annual,80.93250616934009
9125,annual,99.68067797595921
9126,annual,99.7150145795876
9127,annual,111.67330021496758
9128,annual,123.93245939146678
9129,annual,133.00677496065086
9130,annual,130.89189674422994
9131,annual,126.63688776977403
9132,annual,130.50688444109474
9133,annual,138.24461303349966
9134,annual,121.98192878580424
9135,annual,123.95986600260672
9136,annual,116.08412255324014
9137,annual,111.10887242665585
9138,annual,96.09693510613691
9139,annual,81.59106916935943
9140,annual,93.3371362678091
9141,annual,90.67104329244472
9142,annual,63.85303356661353
9143,annual,78.14482983886963
9144,annual,82.72319025511513
9145,annual,79.84724052178025
9146,annual,74.74360339341203
9147,annual,75.29655254275123
9148,annual,89.70555157115363
9149,annual,98.27543605405315
9150,annual,104.8241870256009
9151,annual,110.38122124848881
9152,annual,110.39651314337166
9153,annual,128.65243670242097
9154,annual,133.80532500519507
9155,annual,134.64207872871916
9156,annual,134.9456760969238
9157,annual,146.4694976269946
9158,annual,125.04345877329972
9159,annual,135.5224111516034
9160,annual,113.18553118257901
9161,annual,120.69390287308076
9162,annual,113.92466733699807
9163,annual,93.94874595606304
9164,annual,102.3454313688404
9165,annual,86.59681059472602
9166,annual,71.05878529369603
9167,annual,72.086699392568
9168,annual,82.99922815772919
9169,annual,82.34387253521713
9170,annual,69.4920443843085
9171,annual,81.60986777575559
9172,annual,90.56531357108808
9173,annual,92.1117216431955
9174,annual,122.79952749587375
9175,annual,113.57101100919421
9176,annual,118.44263218165159
9177,annual,134.67714149853714
9178,annual,126.99618354369845
9179,annual,140.97432538248663
9180,annual,120.5952705442121
9181,annual,129.2856721275835
9182,annual,138.31045516942712
9183,annual,137.71191490918977
9184,annual,112.75076400482804
9185,annual,104.58312797220242
9186,annual,108.47670115183966
9187,annual,91.18828719645866
9188,annual,86.78850636683285
9189,annual,89.73516647117684
9190,annual,73.60355014243073
9191,annual,59.23594890791845
9192,annual,56.019819969086896
9193,annual,67.42814282989134
9194,annual,55.138424363971026
9195,annual,71.9593290235186
9196,annual,68.79172332398201
9197,annual,99.55989329109066
9198,annual,110.74963621205933
9199,annual,91.95103285296545
9200,annual,108.9825648942373
9201,annual,104.83714868999591
9202,annual,114.3366565396777
9203,annual,133.9362473873852
9204,annual,116.69498707212206
9205,annual,117.22019306584187
9206,annual,109.27094721829222
9207,annual,121.68989356728963
9208,annual,80.82236183374174
9209,annual,96.87423109944903
9210,annual,93.06140670085028
9211,annual,81.15176259735856
9212,annual,86.8368595157833
9213,annual,83.95283063366097
9214,annual,58.749493448717985
9215,annual,84.09639137429554
9216,annual,54.92115384938357
9217,annual,77.5362725878136
9218,annual,71.1231601303174
9219,annual,70.1857325752644
9220,annual,76.53228900680502
9221,annual,86.05100790116113
9222,annual,94.97456733912195
9223,annual,92.93410385100755
9224,annual,104.93570478278457
9225,annual,106.23372495282773
9226,annual,106.96951412980056
9227,annual,112.84872813435337
9228,annual,111.10742738264818
9229,annual,116.02598245201239
9230,annual,120.14970959013887
9231,annual,113.36479036967218
9232,annual,122.6019826574969
9233,annual,82.61171455222042
9234,annual,97.0619521739252
9235,annual,86.37047213463846
9236,annual,86.33258718318744
9237,annual,79.9470629866582
9238,annual,68.60460454095043
9239,annual,68.6084374132609
9240,annual,67.5803792344733
9241,annual,79.46459798398476
9242,annual,62.521162407306406
9243,annual,88.53434101141929
9244,annual,88.34754538393229
9245,annual,91.87186528209683
9246,annual,101.67266734224737
9247,annual,110.02393441418975
9248,annual,128.91136302166518
9249,annual,150.6140856794057
9250,annual,139.27266164455742
9251,annual,127.98810143937517
9252,annual,138.5711875321034
9253,annual,137.8973410549531
9254,annual,122.11240927177658
9255,annual,114.65974199565214
9256,annual,118.02668550648687
9257,annual,117.75916511250827
9258,annual,90.63846679700974
9259,annual,90.0011786435103
9260,annual,93.11414660974444
9261,annual,82.6535184083894
9262,annual,88.88235978907998
9263,annual,63.26421851653838
9264,annual,92.20151820042435
9265,annual,62.10248439560002
9266,annual,61.17012686866946
9267,annual,81.69969306125383
9268,annual,79.30852730686064
9269,annual,95.30958206739405
9270,annual,102.79438370119138
9271,annual,109.58257638904489
9272,annual,111.64491047525448
9273,annual,128.05865138906267
9274,annual,126.8262639282245
9275,annual,141.19129248753887
9276,annual,131.94122071260225
9277,annual,124.64479413856806
9278,annual,115.86327643161478
9279,annual,123.22052671683817
9280,annual,108.23056216192772
9281,annual,100.3490752538661
9282,annual,107.6038572060046
9283,annual,81.39826689044595
9284,annual,99.68174575949202
9285,annual,83.44872637239662
9286,annual,77.05269557109585
9287,annual,66.12829641975196
9288,annual,79.34351365582286
9289,annual,74.22752102762814
9290,annual,71.75900002961978
9291,annual,83.61392942269565
9292,annual,74.76625164156432
9293,annual,82.38134687961063
9294,annual,94.26704660267073
9295,annual,113.7893247790327
9296,annual,118.20246871063031
9297,annual,132.8335728451218
9298,annual,121.84937858126389
9299,annual,136.80365279760215
9300,annual,132.3175708659171
9301,annual,124.66194851582398
9302,annual,132.29175876431586
9303,annual,123.91364385471392
9304,annual,113.19558173191616
9305,annual,111.32909933530772
9306,annual,102.19229219758023
9307,annual,94.23445938386372
9308,annual,84.92779008579298
9309,annual,71.57574353833385
9310,annual,77.84589649870517
9311,annual,67.82904550663599
9312,annual,64.90335777985965
9313,annual,72.16261517951928
9314,annual,82.95743896085645
9315,annual,83.33769334694361
9316,annual,83.81685105415147
9317,annual,90.7306489049937
9318,annual,108.15249481852233
9319,annual,91.6566739185099
9320,annual,124.44490863460803
9321,annual,109.28706595716591
9322,annual,117.72348756796151
9323,annual,127.92963685957845
9324,annual,150.42698186445895
9325,annual,145.46311838979838
9326,annual,134.69865288092242
9327,annual,127.13153118297221
9328,annual,103.16777297691239
9329,annual,112.0846253771334
9330,annual,98.67221657253242
9331,annual,88.7680626989548
9332,annual,89.30441344080948
9333,annual,78.08390520984219
9334,annual,84.03962297522983
9335,annual,58.6005757914388
9336,annual,73.49669858545003
9337,annual,66.88605462989779
9338,annual,73.63875846182347
9339,annual,84.12041512691968
9340,annual,78.95814430580164
9341,annual,96.44589296810628
9342,annual,101.19790156500807
9343,annual,105.37648363834269
9344,annual,114.13202731859482
9345,annual,122.87339551278319
9346,annual,122.73467721970964
9347,annual,131.93113779795914
9348,annual,130.67119423335356
9349,annual,126.98412169881856
9350,annual,141.59610719143922
9351,annual,127.43173002277157
9352,annual,114.83490934569853
9353,annual,111.82806200635547
9354,annual,94.6820461124941
9355,annual,91.63786299937789
9356,annual,85.3359876031762
9357,annual,71.7090524918067
9358,annual,80.01467747710437
9359,annual,69.87393079710752
9360,annual,62.60466350055958
9361,annual,61.81864065734713
9362,annual,92.73843566310376
9363,annual,68.05559254670993
9364,annual,62.398981209052195
9365,annual,72.66082685470009
9366,annual,98.52281782170229
9367,annual,110.12813259137192
9368,annual,100.49401930915599
9369,annual,121.77187728925931
9370,annual,121.76380274105901
9371,annual,117.01255310205495
9372,annual,117.36482656997453
9373,annual,119.97535596126889
9374,annual,122.85072931954778
9375,annual,114.71863645693577
9376,annual,100.53393042574925
9377,annual,98.0428546816964
9378,annual,108.29850447791421
9379,annual,87.4699930007403
9380,annual,85.90300025519976
9381,annual,77.67559364609592
9382,annual,71.25257288994061
9383,annual,67.23799073045453
9384,annual,72.46291289556723
9385,annual,71.95292846564801
9386,annual,71.01224981487994
9387,annual,67.6418045965475
9388,annual,81.86825833735517
9389,annual,84.75961018345465
9390,annual,89.81774060220678
9391,annual,120.702109910464
9392,annual,93.47137743130477
9393,annual,119.04377385746405
9394,annual,108.76510624111658
9395,annual,119.4133491175194
9396,annual,139.83248804568888
9397,annual,110.66483324417973
9398,annual,109.87549255652911
9399,annual,111.23556108779137
9400,annual,99.0060522319165
9401,annual,106.34435291825787
9402,annual,88.00755240446104
9403,annual,90.52775079639402
9404,annual,68.15027483856686
9405,annual,58.73725278369681
9406,annual,67.06922215916317
9407,annual,53.65572787886178
9408,annual,84.49411621510502
9409,annual,61.13176220034939
9410,annual,68.06570929808268
9411,annual,84.44372056118188
9412,annual,82.65705331248537
9413,annual,82.43628980096497
9414,annual,118.6676781935571
9415,annual,102.09946584078045
9416,annual,115.77790245300903
9417,annual,121.8876281877296
9418,annual,134.01120024224718
9419,annual,135.02455938702195
9420,annual,125.73355661113337
9421,annual,128.719121962107
9422,annual,126.51334755818004
9423,annual,129.55284433416634
9424,annual,108.00138959411261
9425,annual,126.25742072010331
9426,annual,96.27449781330587
9427,annual,94.51339838585305
9428,annual,78.06804939543551
9429,annual,70.74948938426007
9430,annual,69.37177552682729
9431,annual,65.60600438299534
9432,annual,68.8377093451148
9433,annual,65.34227051957147
9434,annual,81.73542279517396
9435,annual,74.67469094021001
9436,annual,80.00124159073812
9437,annual,91.24344327233968
9438,annual,110.0944765679238
9439,annual,111.63534628031226
9440,annual,116.35424929925368
9441,annual,111.90061081420043
9442,annual,118.99085997297695
9443,annual,120.90226080670851
9444,annual,142.60657532773223
9445,annual,135.37404531207866
9446,annual,121.23956358049307
9447,annual,118.84999582334463
9448,annual,110.54944412845478
9449,annual,102.8294471603834
9450,annual,105.8341737880829
9451,annual,92.08690441900332
9452,annual,103.80110749273317
9453,annual,90.94144069889302
9454,annual,86.64684614855408
9455,annual,78.54484654926641
9456,annual,68.5677295534647
9457,annual,77.75355440508682
9458,annual,73.17757844775979
9459,annual,93.77800708775268
9460,annual,90.18323718192158
9461,annual,96.2833136332707
9462,annual,102.96558341695828
9463,annual,123.63570488948469
9464,annual,105.47899944682793
9465,annual,137.86850817446845
9466,annual,126.44053377142227
9467,annual,119.67758509966905
9468,annual,125.93132426437776
9469,annual,117.7203188044056
9470,annual,133.1590181957405
9471,annual,114.85586195034648
9472,annual,118.29834344715981
9473,annual,118.7873097119246
9474,annual,96.57286668899312
9475,annual,92.03960122025144
9476,annual,76.52206923819409
9477,annual,77.6289418103162
9478,annual,96.56042900617604
9479,annual,79.19469264173368
9480,annual,69.62189138251644
9481,annual,67.8684556555395
9482,annual,75.41790545488064
9483,annual,81.56693731561796
9484,annual,83.38717707649921
9485,annual,98.21563694675868
9486,annual,94.112154813182
9487,annual,101.83720468686676
9488,annual,119.70129839006691
9489,annual,113.60380414074652
9490,annual,133.55263487009876
9491,annual,130.60326462316186
9492,annual,117.11646098392757
9493,annual,131.59350252682492
9494,annual,114.23932385048647
9495,annual,128.499834246507
9496,annual,114.7500200996605
9497,annual,124.31297981879545
9498,annual,110.31023748864612
9499,annual,85.48962333073506
9500,annual,70.57381582293395
9501,annual,74.48572124373787
9502,annual,65.98890379748916
9503,annual,87.36786464000997
9504,annual,71.44150812298365
9505,annual,80.01360104201814
9506,annual,73.26301598328702
9507,annual,78.87348205538326
9508,annual,86.2630092171536
9509,annual,102.61176859288881
9510,annual,104.01702344262165
9511,annual,100.82992600248717
9512,annual,129.5041385019162
9513,annual,120.39470484093079
9514,annual,123.86062651974483
9515,annual,107.86575776790463
9516,annual,136.59922212651554
9517,annual,131.30990130319196
9518,annual,128.30419276357324
9519,annual,119.51463146393475
9520,annual,111.9222826761626
9521,annual,106.33195333565705
9522,annual,105.2293123662431
9523,annual,98.87239622841604
9524,annual,84.67577269022809
9525,annual,87.90232191616252
9526,annual,74.91146983555188
9527,annual,68.51243926356356
9528,annual,65.75906882403838
9529,annual,54.21665556702372
9530,annual,69.6508047952336
9531,annual,59.7424042885317
9532,annual,69.44992854490934
9533,annual,68.03409875327841
9534,annual,89.77080860340746
9535,annual,111.03692806102026
9536,annual,103.73513093612797
9537,annual,115.41231035228125
9538,annual,133.37294130545843
9539,annual,120.48418831954507
9540,annual,112.0500478680753
9541,annual,112.2311927126976
9542,annual,114.55969579274336
9543,annual,105.20047015472885
9544,annual,100.20704822627201
9545,annual,106.04188971662343
9546,annual,99.38099447095716
9547,annual,71.0084901506221
9548,annual,71.12638808157772
9549,annual,68.36782603743555
9550,annual,72.58176989192165
9551,annual,74.23635162301986
9552,annual,85.58192806467369
9553,annual,61.160800910416484
9554,annual,64.25766897356654
9555,annual,76.58286162354754
9556,annual,72.00845083884374
9557,annual,82.85037548079042
9558,annual,87.64587972021425
9559,annual,76.98106743301724
9560,annual,105.45205043169497
9561,annual,108.59918000809708
9562,annual,124.51871889471765
9563,annual,117.09010516057832
9564,annual,107.92820476396923
9565,annual,114.98139091645129
9566,annual,97.62020774756942
9567,annual,100.37072500092226
9568,annual,109.5502323357066
9569,annual,95.97557528862137
9570,annual,98.34625050646714
9571,annual,68.24293236569017
9572,annual,75.5264934118926
9573,annual,68.07020151134357
9574,annual,75.23028734920841
9575,annual,70.26828942601075
9576,annual,75.97691149667064
9577,annual,84.19239981196502
9578,annual,71.91343530813856
9579,annual,90.30633754277358
9580,annual,77.48524508892636
9581,annual,84.42730094476308
9582,annual,106.86086686795096
9583,annual,96.56553974176947
9584,annual,120.42101932331592
9585,annual,122.86260328133129
9586,annual,135.39447823873638
9587,annual,129.34111736499716
9588,annual,131.28728586632846
9589,annual,133.89078902803553
9590,annual,121.51846000901918
9591,annual,116.4024472716389
9592,annual,119.6343298147116
9593,annual,108.36916317599477
9594,annual,97.58038295753
9595,annual,92.41205014530729
9596,annual,98.5953703586709
9597,annual,76.0815436064487
9598,annual,71.08197527617497
9599,annual,58.20156570999224
9600,annual,70.25925163868193
9601,annual,76.87536844518995
9602,annual,81.30689795585265
9603,annual,80.25061252138669
9604,annual,93.24474372858592
9605,annual,98.68334700590516
9606,annual,109.50167698147696
9607,annual,116.23706774083497
9608,annual,128.15790071279687
9609,annual,120.45373324700529
9610,annual,115.96237291857994
9611,annual,134.88559988209425
9612,annual,136.84250065852106
9613,annual,142.13581307966
9614,annual,136.82916010682968
9615,annual,137.3750582264518
9616,annual,120.55690698655113
9617,annual,110.19313123252351
9618,annual,89.51821017333289
9619,annual,95.29827606697587
9620,annual,81.17804828896833
9621,annual,81.07695181580222
9622,annual,75.05341852088294
9623,annual,75.39416906606789
9624,annual,69.57250666139736
9625,annual,78.85353907489407
9626,annual,52.585155721171816
9627,annual,80.65789750337177
9628,annual,94.97107057092595
9629,annual,107.54696905227954
9630,annual,106.20684304478594
9631,annual,121.59478787144138
9632,annual,116.70264030377538
9633,annual,121.58725638071837
9634,annual,130.56723959706062
9635,annual,129.30337286324897
9636,annual,124.09229259356657
9637,annual,125.2070051733223
9638,annual,117.43469120262935
9639,annual,125.79137253222383
9640,annual,115.44228683770926
9641,annual,105.23343475671629
9642,annual,95.81768228300712
9643,annual,96.62703175422683
9644,annual,91.59473778258602
9645,annual,70.09383693006757
9646,annual,64.06891286596735
9647,annual,79.00945719400151
9648,annual,59.09713313791177
9649,annual,75.50031892772836
9650,annual,87.05271052231949
9651,annual,91.83887403736918
9652,annual,91.00117977087727
9653,annual,98.00410381532188
9654,annual,118.11345864739218
9655,annual,89.187605095746
9656,annual,111.38351363717545
9657,annual,128.09933727402978
9658,annual,123.38066509661805
9659,annual,138.99420030334886
9660,annual,129.783366563339
9661,annual,130.12992471719335
9662,annual,123.8815638453862
9663,annual,117.13131481095247
9664,annual,110.72131934063933
9665,annual,110.03210077359037
9666,annual,93.9016793192376
9667,annual,99.9592667606752
9668,annual,90.32400644264314
9669,annual,87.68032713798284
9670,annual,65.08604208434339
9671,annual,57.52461188285693
9672,annual,69.80580417874958
9673,annual,94.0519203436078
9674,annual,83.98819833502709
9675,annual,74.19051632015356
9676,annual,88.23538729925441
9677,annual,97.89541413027753
9678,annual,88.8921842979408
9679,annual,118.56086852915615
9680,annual,113.49989720923617
9681,annual,120.32704690253723
9682,annual,126.0103296128077
9683,annual,137.9733861269389
9684,annual,123.79783295819243
9685,annual,115.1613049742001
9686,annual,128.4036946805372
9687,annual,104.70322897001509
9688,annual,112.43046146271936
9689,annual,117.09885589574986
9690,annual,104.4720414518736
9691,annual,100.41356739653027
9692,annual,89.80210114542633
9693,annual,97.90876269847453
9694,annual,69.152611089016
9695,annual,74.04656885119822
9696,annual,59.112088563032714
9697,annual,71.19146518224804
9698,annual,65.7417674221501
9699,annual,84.2759282762495
9700,annual,71.8705246895181
9701,annual,93.88595032070174
9702,annual,94.36216857708568
9703,annual,96.34547799780613
9704,annual,107.45659103561331
9705,annual,110.79905052500423
9706,annual,115.84737567692824
9707,annual,114.04208105778365
9708,annual,111.00434427229399
9709,annual,113.01648068283853
9710,annual,99.53457841132798
9711,annual,115.4445220850317
9712,annual,93.23574055533008
9713,annual,94.86399010861638
9714,annual,94.80141266458219
9715,annual,89.34411185176515
9716,annual,61.91983683803603
9717,annual,69.79038463889653
9718,annual,69.91232402614465
9719,annual,63.953183897027685
9720,annual,73.12612281261956
9721,annual,56.719070642109536
9722,annual,49.598508207529775
9723,annual,76.76424819334258
9724,annual,71.5768341942833
9725,annual,68.31708415277515
9726,annual,88.10542402669941
9727,annual,106.20610117645286
9728,annual,92.76750220872961
9729,annual,127.15337387484612
9730,annual,106.05315629711775
9731,annual,116.14960729404203
9732,annual,106.62046380845032
9733,annual,115.78640325060415
9734,annual,111.68622647934163
9735,annual,96.54945502461928
9736,annual,125.48013890283848
9737,annual,92.39894001684969
9738,annual,85.41782269278296
9739,annual,90.13769596829238
9740,annual,90.38756221801896
9741,annual,79.29313500322885
9742,annual,56.38139626483866
9743,annual,65.00479791738366
9744,annual,53.9766266074394
9745,annual,77.26347232842618
9746,annual,59.9653392447425
9747,annual,71.38879244204904
9748,annual,84.00199443426888
9749,annual,94.82308760257185
9750,annual,96.94012947935681
9751,annual,118.94484723345805
9752,annual,119.8135231240576
9753,annual,125.39860793462945
9754,annual,115.17316136417521
9755,annual,141.60032443555465
9756,annual,122.60308531229127
9757,annual,141.90572071908818
9758,annual,141.1859290354571
9759,annual,124.34206216102598
9760,annual,122.28371124795473
9761,annual,82.12881971514005
9762,annual,97.46758714259634
9763,annual,100.08036023280006
9764,annual,91.42368861303207
9765,annual,68.05661632612394
9766,annual,70.69706803404323
9767,annual,49.75890763623815
9768,annual,72.04960275149624
9769,annual,54.70125803162757
9770,annual,81.80872065888163
9771,annual,86.99425548025705
9772,annual,79.95072551486221
9773,annual,95.15129612067129
9774,annual,97.00887023763013
9775,annual,108.44549854330876
9776,annual,104.56758464416902
9777,annual,124.9388044516299
9778,annual,111.59694030185204
9779,annual,113.08399352015121
9780,annual,127.77023349677827
9781,annual,126.03348858189602
9782,annual,126.90483598806138
9783,annual,114.76280354382
9784,annual,128.83119335639893
9785,annual,107.79507129822537
9786,annual,100.608714258244
9787,annual,92.55895969629495
9788,annual,91.76893898169885
9789,annual,82.14059591039351
9790,annual,76.3010411142473
9791,annual,75.65575808036688
9792,annual,53.861241753700135
9793,annual,55.1856028567194
9794,annual,71.86892677413296
9795,annual,75.66356435302602
9796,annual,88.09663760246333
9797,annual,90.85372271447008
9798,annual,103.11307832571136
9799,annual,96.25796804666301
9800,annual,113.3722022868081
9801,annual,108.94290838201182
9802,annual,127.53378443858203
9803,annual,112.40965329984316
9804,annual,131.2446396384047
9805,annual,115.68393859157283
9806,annual,121.37069861783647
9807,annual,126.83078381726808
9808,annual,115.27719875886501
9809,annual,93.05744841335888
9810,annual,93.07900809252547
9811,annual,78.68255929318762
9812,annual,69.90009085323614
9813,annual,78.18626082355304
9814,annual,76.95978348502533
9815,annual,73.00523142713114
9816,annual,72.98620263825214
9817,annual,69.09212652345553
9818,annual,69.99730425568123
9819,annual,68.36743006711919
9820,annual,79.64455074521014
9821,annual,79.82982968352914
9822,annual,91.40386390219878
9823,annual,106.6411744357941
9824,annual,112.22273941888676
9825,annual,143.89621585796877
9826,annual,113.37958545270723
9827,annual,126.14217314123194
9828,annual,116.77533122958435
9829,annual,124.04067590012657
9830,annual,121.36920477582582
9831,annual,126.13743176467567
9832,annual,109.56785580547077
9833,annual,104.39920267184048
9834,annual,94.72264441943638
9835,annual,79.19220281368084
9836,annual,77.94836914486929
9837,annual,73.89649096294718
9838,annual,72.77503307293206
9839,annual,73.65899162834069
9840,annual,65.99006257338579
9841,annual,66.8716497505512
9842,annual,58.119567269644435
9843,annual,80.9715073535284
9844,annual,77.29965155387369
9845,annual,96.07924920383661
9846,annual,108.39835423390758
9847,annual,104.12808579060561
9848,annual,104.68034440494688
9849,annual,118.94644918198006
9850,annual,126.63721274875628
9851,annual,124.32044942977231
9852,annual,123.35452737603943
9853,annual,131.3528671253254
9854,annual,127.82822296216074
9855,annual,116.30972096405318
9856,annual,99.63430532898849
9857,annual,109.28243148718528
9858,annual,91.728217103543
9859,annual,91.81699190096087
9860,annual,84.07609250450633
9861,annual,61.542051799136296
9862,annual,72.53472601283346
9863,annual,73.00532006539763
9864,annual,65.90408749128994
9865,annual,62.6657968677717
9866,annual,48.60669391502947
9867,annual,78.93163357426235
9868,annual,77.59504950914668
9869,annual,71.19219931607415
9870,annual,81.50476384753985
9871,annual,96.64477606093027
9872,annual,106.74514171519208
9873,annual,102.99504841006122
9874,annual,117.79375733001848
9875,annual,99.54473084580947
9876,annual,106.46719608005574
9877,annual,97.37195339987423
9878,annual,104.01031292802833
9879,annual,118.9633687371956
9880,annual,117.76928604548925
9881,annual,96.67170613241764
9882,annual,82.6994345106576
9883,annual,79.04563474423043
9884,annual,78.09358729547023
9885,annual,56.21113826365661
9886,annual,59.84418885877655
9887,annual,73.20601545460319
9888,annual,52.16322068083998
9889,annual,55.45670473156969
9890,annual,64.25176458113856
9891,annual,70.70215621946777
9892,annual,69.0288688658711
9893,annual,81.15650208371446
9894,annual,92.3924175053824
9895,annual,110.20863004334412
9896,annual,100.01894619998863
9897,annual,106.29040580477916
9898,annual,123.1312059054828
9899,annual,109.21557167888695
9900,annual,103.93407697336943
9901,annual,115.61089035054341
9902,annual,119.52098733835004
9903,annual,109.50916140910114
9904,annual,100.25277597508891
9905,annual,82.92986846815623
9906,annual,87.06194727331989
9907,annual,90.40602642822951
9908,annual,64.15596458315312
9909,annual,66.47904075300394
9910,annual,61.04633747602014
9911,annual,55.86726736056007
9912,annual,68.92375376231927
9913,annual,71.50903686754323
9914,annual,74.42222285098156
9915,annual,67.9126881816498
9916,annual,68.77250017149775
9917,annual,91.27490586533742
9918,annual,92.893017394306
9919,annual,119.41144011673713
9920,annual,127.01644729428679
9921,annual,134.07909151693195
9922,annual,115.40024463142268
9923,annual,130.473097208776
9924,annual,133.9079898641791
9925,annual,131.9849783831945
9926,annual,120.08594828614952
9927,annual,128.38689238548625
9928,annual,111.9441696170994
9929,annual,105.72979007872635
9930,annual,84.63770211195008
9931,annual,94.33391812967551
9932,annual,79.85707601758794
9933,annual,79.44539718737501
9934,annual,72.84051721107102
9935,annual,69.41008755080533
9936,annual,66.25567636937369
9937,annual,73.93640803771875
9938,annual,69.04948254049347
9939,annual,63.76660215788687
9940,annual,86.17302980009863
9941,annual,82.38476939673843
9942,annual,86.02729020765005
9943,annual,96.20800962904201
9944,annual,113.88804398396253
9945,annual,117.06243795994479
9946,annual,105.54068282525755
9947,annual,122.52991219335786
9948,annual,135.97523474890528
9949,annual,121.98879437031219
9950,annual,121.2783346352196
9951,annual,126.17851988332082
9952,annual,117.98529901474345
9953,annual,112.55996500339648
9954,annual,74.44095606867754
9955,annual,102.72499790356844
9956,annual,86.71258843253061
9957,annual,95.09999282570395
9958,annual,64.38201458937974
9959,annual,53.536005315243834
9960,annual,66.35522255076923
9961,annual,65.11672147023847
9962,annual,75.54602465235322
9963,annual,83.68369821806223
9964,annual,80.59912173793184
9965,annual,86.60723917739038
9966,annual,100.47923345309682
9967,annual,102.01141692450345
9968,annual,108.57761808979352
9969,annual,125.80775784196652
9970,annual,132.35645986572956
9971,annual,133.94697963654463
9972,annual,124.95163719516361
9973,annual,108.1569377836144
9974,annual,121.09258831935819
9975,annual,111.44683823114785
9976,annual,110.25967474488311
9977,annual,98.69331910830256
9978,annual,96.131556053243
9979,annual,80.21869851003967
9980,annual,71.0517354032208
9981,annual,84.86580332193854
9982,annual,62.55945187649344
9983,annual,67.3223531103466
9984,annual,73.60485432411086
9985,annual,74.3053937724527
9986,annual,76.34675907707782
9987,annual,77.17846423170403
9988,annual,86.76076201958297
9989,annual,99.18886925906179
9990,annual,99.36891630325117
9991,annual,89.03568812985033
9992,annual,106.7404699020874
9993,annual,122.7528995606613
9994,annual,116.9327301951461
9995,annual,137.90735945562938
9996,annual,125.46329692595673
9997,annual,125.62850051083572
9998,annual,130.9474512560352
9999,annual,115.71913980841026
10000,annual,112.37895183711366
10001,annual,110.9262947763567
10002,annual,84.19057062461869
10003,annual,85.92177889911216
10004,annual,87.60196191432115
10005,annual,75.28033330243251
10006,annual,81.72664393437488
10007,annual,54.38357389712078
10008,annual,52.11525018106209
10009,annual,72.81498166894085
10010,annual,76.58095993056018
10011,annual,72.87606083438006
10012,annual,83.83841952499695
10013,annual,93.83234879260678
10014,annual,89.12435867781718
10015,annual,97.74504867731238
10016,annual,112.15307375822024
10017,annual,124.08117943937734
10018,annual,112.28837102730043
10019,annual,123.02945805782305
10020,annual,123.68137127099564
10021,annual,127.95671195364531
10022,annual,121.54643947809363
10023,annual,112.4813990898047
10024,annual,120.6237905706904
10025,annual,99.08577582474021
10026,annual,93.29849342045952
10027,annual,75.13871188419854
10028,annual,74.926257309864
10029,annual,78.55066949974714
10030,annual,72.21931786193689
10031,annual,71.4536254564852
10032,annual,63.17530231611166
10033,annual,76.38915900910268
10034,annual,56.40188750679118
10035,annual,53.7201709890312
10036,annual,63.863020059974104
10037,annual,73.1501151241255
10038,annual,77.972828535611
10039,annual,93.5048450274732
10040,annual,109.28868327300246
10041,annual,117.17659970434241
10042,annual,113.18459794549898
10043,annual,128.97761906198326
10044,annual,109.91645957601494
10045,annual,98.78728900233173
10046,annual,117.57555447383149
10047,annual,90.15057198659059
10048,annual,93.22741984694785
10049,annual,96.91645610569674
10050,annual,84.94839218815605
10051,annual,77.25170770780619
10052,annual,62.82112376598626
10053,annual,66.58914182104283
10054,annual,70.41405803626878
10055,annual,59.84719005102961
10056,annual,51.81726353700463
10057,annual,49.39876557954964
10058,annual,55.59962800830864
10059,annual,69.5058575014112
10060,annual,74.7078886730108
10061,annual,72.06689955159972
10062,annual,67.77299519827666
10063,annual,95.80728690127852
10064,annual,91.77741138233111
10065,annual,110.06345349829218
10066,annual,102.79287933929096
10067,annual,103.6358642545795
10068,annual,113.6844458322098
10069,annual,130.40066172414893
10070,annual,114.83399640524556
10071,annual,105.64070805981672
10072,annual,101.82988286518086
10073,annual,78.43825790001641
10074,annual,76.48034760811267
10075,annual,58.38352543598795
10076,annual,85.79806173074611
10077,annual,78.58627571534234
10078,annual,65.21893288167256
10079,annual,60.459994089001924
10080,annual,52.19473432072857
10081,annual,63.87527987003163
10082,annual,82.96582725440719
10083,annual,74.4455788906785
10084,annual,75.09028261101405
10085,annual,72.77831770760469
10086,annual,105.64990016255565
10087,annual,101.81135528556358
10088,annual,95.55358351380657
10089,annual,108.4265323197333
10090,annual,110.36791231537732
10091,annual,122.53128092368549
10092,annual,126.26616609761176
10093,annual,119.55949261515306
10094,annual,126.80458922613742
10095,annual,116.45107570008517
10096,annual,118.10595342288624
10097,annual,99.51447306913909
10098,annual,118.97005907679838
10099,annual,82.32697319984193
10100,annual,72.38081440666225
10101,annual,65.18384650434673
10102,annual,66.9391664147416
10103,annual,51.87339082511089
10104,annual,66.61256006791716
10105,annual,50.03585237210417
10106,annual,69.56866259621937
10107,annual,62.232839928927426
10108,annual,76.20571005825393
10109,annual,91.32780915727793
10110,annual,112.68835878830551
10111,annual,93.39662450412105
10112,annual,108.05351772188354
10113,annual,109.67919135468676
10114,annual,113.27785685034146
10115,annual,117.51404546621038
10116,annual,130.8485891223902
10117,annual,119.3293851921237
10118,annual,138.23132101699468
10119,annual,118.79709480004898
10120,annual,101.17597202790208
10121,annual,99.08698721320968
10122,annual,87.84128139697476
10123,annual,92.89203518779276
10124,annual,66.14582006477266
10125,annual,62.31524283821178
10126,annual,63.542926253768385
10127,annual,70.74185687372923
10128,annual,73.7649181150083
10129,annual,75.96699865393681
10130,annual,72.1580859624732
10131,annual,72.02411618996553
10132,annual,85.25744241493805
10133,annual,76.97985962389681
10134,annual,79.1431781402963
10135,annual,105.15810789099365
10136,annual,100.85500857923532
10137,annual,114.59118549469869
10138,annual,120.83821415694179
10139,annual,124.86316717852455
10140,annual,131.40276822462653
10141,annual,129.534812211432
10142,annual,121.4411985673008
10143,annual,111.5775171082673
10144,annual,109.76253262583668
10145,annual,96.89532393610237
10146,annual,92.32900454037676
10147,annual,107.0812519519938
10148,annual,80.35795352349446
10149,annual,76.2891926171301
10150,annual,62.27582861065006
10151,annual,73.08324845919302
10152,annual,69.62287489770694
10153,annual,70.70174116496817
10154,annual,69.27906337689409
10155,annual,80.60101284693728
10156,annual,88.7141770894774
10157,annual,88.04091551811827
10158,annual,92.62379664439696
10159,annual,108.46183479039325
10160,annual,101.30769306392159
10161,annual,109.01021670707335
10162,annual,119.09505488685349
10163,annual,108.58761375756643
10164,annual,130.16145770490692
10165,annual,114.815159205345
10166,annual,115.74952945791864
10167,annual,113.0476621865578
10168,annual,108.85499008896394
10169,annual,98.55604065809082
10170,annual,93.00172713855675
10171,annual,85.2991031042006
10172,annual,74.96444785538255
10173,annual,66.141936419693
10174,annual,76.21172479771118
10175,annual,47.72767510959386
10176,annual,61.53122144398345
10177,annual,60.447972152313525
10178,annual,70.54651249633804
10179,annual,60.329396908310805
10180,annual,74.17865998611047
10181,annual,84.59349349106563
10182,annual,101.73753159902297
10183,annual,103.59899380349832
10184,annual,98.7090370291084
10185,annual,110.49033240189046
10186,annual,126.24611565087798
10187,annual,112.54851857734681
10188,annual,122.54778856908034
10189,annual,122.08175388452115
10190,annual,116.07144035022634
10191,annual,135.95616041404705
10192,annual,104.8750910404789
10193,annual,104.53963534407731
10194,annual,87.04653375430503
10195,annual,89.63435529897892
10196,annual,85.1432434908748
10197,annual,67.26002698649411
10198,annual,66.7585660807779
10199,annual,57.036929768260265
