error_distribution,day,avg_price,price_volatility,milp_net_profit,ppo_net_profit,milp_arbitrage,ppo_arbitrage,milp_flexibility,ppo_flexibility,milp_degradation,ppo_degradation,milp_fcr_revenue,milp_afrr_revenue,milp_mfrr_revenue,ppo_fcr_revenue,ppo_afrr_revenue,ppo_mfrr_revenue,milp_exec_time,ppo_exec_time,milp_utilization,ppo_utilization,milp_cumulative,ppo_cumulative,milp_throughput_cum,ppo_throughput_cum,ppo_arbitrage_throughput,ppo_activation_throughput,ppo_total_throughput
uniform,1,95.55813683562333,23.791233636978447,4445.973585984244,2058.626156275521,184.0599859842439,-19.997313844419327,4361.9136,2094.4654944409513,100.0,15.842024321010731,0.0,2716.475540025816,0.0,28.176711746600716,1952.497649787144,113.79113290720663,0.4661228656768799,0.02053213119506836,0.5,0.0072463768115942065,4445.973585984244,2058.626156275521,1.52,7.6041716740851495,0.3478260869565219,7.256345587128628,7.6041716740851495
uniform,2,82.08723996277698,22.38376505555918,4012.416082324751,2107.8677336718774,180.75672232474994,44.20860340698903,3931.6593600000015,2079.961592064936,100.0,16.302461800047528,0.0,2445.0415708830838,0.0,23.34768853492425,1942.8227706228054,113.79113290720663,0.11368560791015625,0.014007091522216797,0.5,0.014367816091954025,8458.389668308995,4166.493889947398,3.04,15.429353338107962,0.6896551724137931,7.135526491609019,7.8251816640228125
uniform,3,81.77862283174728,19.27722629490675,4017.0129718828284,2057.346810069378,166.06481188282757,40.333357222261874,3950.948160000001,2033.0798558575223,100.0,16.06640301040638,0.0,2456.307555967667,0.0,23.34768853492425,1895.9410344153916,113.79113290720663,0.1425766944885254,0.014107227325439453,0.5,0.014367816091954025,12475.402640191824,6223.840700016776,4.5600000000000005,23.141226783103022,0.6896551724137931,7.022218272581268,7.711873444995062
uniform,4,89.42705178675055,22.94887910050355,4438.853892480222,2111.141076730726,190.80269248022137,47.48194646583781,4348.051200000001,2079.961592064936,100.0,16.302461800047528,0.0,2744.62554298729,0.0,23.34768853492425,1942.8227706228054,113.79113290720663,0.12221884727478027,0.017535924911499023,0.5,0.014367816091954025,16914.256532672047,8334.981776747503,6.08,30.966408447125836,0.6896551724137931,7.135526491609019,7.8251816640228125
uniform,5,89.73922861852304,20.97342098605987,4445.786678484813,1985.879722388332,181.20587848481313,-23.407161222926774,4364.5808,2024.8928491426284,100.0,15.60596553136958,0.0,2719.4305911068254,0.0,28.176711746600716,1882.9250044888208,113.79113290720663,0.12275838851928711,0.014997243881225586,0.5,0.0072463768115942065,21360.04321115686,10320.861499135835,7.6,38.45727190218324,0.3478260869565219,7.143037368100877,7.490863455057399
uniform,6,88.19691199516744,22.08783812762239,4418.121742601889,2011.8804144649728,176.7041426018892,-20.097378237195052,4341.4176,2047.5837582335373,100.0,15.60596553136958,0.0,2709.6208009884213,0.0,28.176711746600716,1905.6159135797302,113.79113290720663,0.1352090835571289,0.02111339569091797,0.5,0.0072463768115942065,25778.164953758747,12332.741913600808,9.12,45.94813535724064,0.3478260869565219,7.143037368100877,7.490863455057399
uniform,7,89.29004388564353,24.373765168004773,4451.179743556305,2057.9025684936146,193.15574355630423,-20.720901626326,4358.024,2094.4654944409513,100.0,15.842024321010731,0.0,2725.5340883627186,0.0,28.176711746600716,1952.497649787144,113.79113290720663,0.15115714073181152,0.023897886276245117,0.5,0.0072463768115942065,30229.344697315053,14390.644482094423,10.639999999999999,53.55230703132579,0.3478260869565219,7.256345587128628,7.6041716740851495
uniform,8,90.98888547132698,24.361042792644177,4456.616345884401,2058.312455976802,184.30274588440045,-20.311014143138333,4372.3136,2094.4654944409513,100.0,15.842024321010731,0.0,2727.46456163418,0.0,28.176711746600716,1952.497649787144,113.79113290720663,0.10772132873535156,0.02053380012512207,0.5,0.0072463768115942065,34685.96104319945,16448.956938071227,12.159999999999998,61.15647870541094,0.3478260869565219,7.256345587128628,7.6041716740851495
uniform,9,79.3093697011217,19.690341863265832,4001.0690531619293,2101.544779552889,164.997533161928,37.88564928800064,3936.071520000001,2079.961592064936,100.0,16.302461800047528,0.0,2461.8403737518056,0.0,23.34768853492425,1942.8227706228054,113.79113290720663,0.13629651069641113,0.02484917640686035,0.5,0.014367816091954025,38687.030096361384,18550.501717624116,13.679999999999998,68.98166036943375,0.6896551724137931,7.135526491609019,7.8251816640228125
uniform,10,80.47458712028997,20.492507965523867,4002.876764978887,2033.788975023573,163.26428497888577,-19.65790858768623,3939.612480000001,2069.0528491426285,100.0,15.60596553136958,0.0,2456.3977701495214,0.0,28.176711746600716,1927.0850044888207,113.79113290720663,0.14141583442687988,0.023092985153198242,0.5,0.0072463768115942065,42689.90686134027,20584.29069264769,15.199999999999998,76.47252382449115,0.3478260869565219,7.143037368100877,7.490863455057399
uniform,11,85.71444573567375,23.441018507847307,4433.772065152001,2062.29752203348,172.5432651519992,-16.32594808646033,4361.228800000002,2094.4654944409513,100.0,15.842024321010731,0.0,2735.590746140563,0.0,28.176711746600716,1952.497649787144,113.79113290720663,0.12610149383544922,0.014991521835327148,0.5,0.0072463768115942065,47123.67892649227,22646.58821468117,16.72,84.0766954985763,0.3478260869565219,7.256345587128628,7.6041716740851495
uniform,12,88.01024999731855,20.564409416886882,4442.353579025419,2010.9573133409501,173.99037902541806,-21.020479361217614,4368.363200000001,2047.5837582335373,100.0,15.60596553136958,0.0,2736.0449708225083,0.0,28.176711746600716,1905.6159135797302,113.79113290720663,0.14149141311645508,0.01699519157409668,0.5,0.0072463768115942065,51566.03250551769,24657.54552802212,18.24,91.5675589536337,0.3478260869565219,7.143037368100877,7.490863455057399
uniform,13,86.59660289117387,22.350084450024116,4433.233227102513,2011.5535302206079,185.21082710251454,-20.424262481560035,4348.022399999999,2047.5837582335373,100.0,15.60596553136958,0.0,2714.7931864195407,0.0,28.176711746600716,1905.6159135797302,113.79113290720663,0.11909103393554688,0.01467132568359375,0.5,0.0072463768115942065,55999.2657326202,26669.09905824273,19.759999999999998,99.05842240869109,0.3478260869565219,7.143037368100877,7.490863455057399
uniform,14,88.27578401602047,19.68353494201407,4431.55118877556,1991.0348983204801,178.05198877555998,-18.251985290778727,4353.4992,2024.8928491426284,100.0,15.60596553136958,0.0,2741.6110783873405,0.0,28.176711746600716,1882.9250044888208,113.79113290720663,0.1282360553741455,0.01478433609008789,0.5,0.0072463768115942065,60430.81692139576,28660.133956563208,21.279999999999998,106.54928586374848,0.3478260869565219,7.143037368100877,7.490863455057399
uniform,15,85.33888045225613,23.689810820613708,4440.508051989447,2037.2588530023556,187.94485198944724,-16.188030608903375,4352.5632,2069.0528491426285,100.0,15.60596553136958,0.0,2712.944389245445,0.0,28.176711746600716,1927.0850044888207,113.79113290720663,0.14347338676452637,0.020045042037963867,0.5,0.0072463768115942065,64871.324973385206,30697.392809565565,22.799999999999997,114.04014931880587,0.3478260869565219,7.143037368100877,7.490863455057399
uniform,16,77.4565413339472,19.320176277694465,3985.6658228539363,2120.227898164267,145.21094285393534,35.09967699028775,3940.454880000001,2101.430682974027,100.0,16.302461800047528,0.0,2447.0551072151206,0.0,23.34768853492425,1964.2918615318963,113.79113290720663,0.12022829055786133,0.02352118492126465,0.5,0.014367816091954025,68856.99079623914,32817.62070772983,24.319999999999997,121.86533098282868,0.6896551724137931,7.135526491609019,7.8251816640228125
uniform,17,76.7688835292059,21.79433135686027,4014.6955699135015,1604.7899650392314,168.0904499135001,-15.235435135697553,3946.605120000001,1632.479395670845,100.0,12.453995495915919,0.0,2466.8392030421637,0.0,29.666066337385594,1349.7542812838458,253.05904804961335,0.11972594261169434,0.01610565185546875,0.5,0.0072463768115942065,72871.68636615264,34422.41067276906,25.839999999999996,127.84324882086833,0.3478260869565219,5.630091751083119,5.977917838039641
uniform,18,87.06897422060221,22.364422236755967,4436.904273073116,2060.190481538287,183.40027307311556,-18.43298858165394,4353.504000000001,2094.4654944409513,100.0,15.842024321010731,0.0,2749.4429772940707,0.0,28.176711746600716,1952.497649787144,113.79113290720663,0.12398719787597656,0.01621556282043457,0.5,0.0072463768115942065,77308.59063922576,36482.60115430735,27.359999999999996,135.44742049495346,0.3478260869565219,7.256345587128628,7.6041716740851495
uniform,19,82.95392994050128,24.628405271333843,4429.895927499226,1580.9134048422618,167.59992749922628,-17.642904423576233,4362.295999999999,1611.010304761754,100.0,12.453995495915919,0.0,2729.5111987472396,0.0,29.666066337385594,1328.285190374755,253.05904804961335,0.14876055717468262,0.008998394012451172,0.5,0.0072463768115942065,81738.48656672498,38063.51455914961,28.879999999999995,141.4253383329931,0.3478260869565219,5.630091751083119,5.977917838039641
uniform,20,82.60020912336067,24.303778721802527,4417.620570953832,1605.1298485748275,162.4429709538322,-14.895551600101493,4355.177599999999,1632.479395670845,100.0,12.453995495915919,0.0,2722.432306161955,0.0,29.666066337385594,1349.7542812838458,253.05904804961335,0.1465919017791748,0.015517950057983398,0.5,0.0072463768115942065,86156.10713767882,39668.64440772444,30.399999999999995,147.40325617103275,0.3478260869565219,5.630091751083119,5.977917838039641
uniform,21,81.20828187948342,24.558608323078438,4435.077873513239,1605.3274976153052,185.94347351323836,-16.02135410627388,4349.134400000001,1633.5012165418425,100.0,12.152364820263339,0.0,2746.0932805738576,0.0,29.666066337385594,1372.7506449202094,231.0845052842472,0.1245121955871582,0.018013715744018555,0.5,0.0072463768115942065,90591.18501119205,41273.97190533974,31.919999999999995,153.23639128475915,0.3478260869565219,5.4853090267698805,5.833135113726402
uniform,22,81.75441438053086,22.27701407274462,4437.527012557996,2120.542618066221,177.85341255799625,35.414396892241605,4359.6736,2101.430682974027,100.0,16.302461800047528,0.0,2724.3262980625013,0.0,23.34768853492425,1964.2918615318963,113.79113290720663,0.11649465560913086,0.014003276824951172,0.5,0.014367816091954025,95028.71202375005,43394.51452340596,33.44,161.06157294878196,0.6896551724137931,7.135526491609019,7.8251816640228125
uniform,23,74.88631276670993,20.490975669468387,3987.175244622013,2015.0606981735239,155.51588462201147,-15.695276346826047,3931.6593600000015,2046.3619400517193,100.0,15.60596553136958,0.0,2474.3256892698496,0.0,28.176711746600716,1904.3940953979118,113.79113290720663,0.16321897506713867,0.02100062370300293,0.5,0.0072463768115942065,99015.88726837207,45409.575221579486,34.96,168.55243640383935,0.3478260869565219,7.143037368100877,7.490863455057399
uniform,24,77.3107741976847,18.62351214774844,3984.5203097481453,2072.9914680295005,149.33150974814458,34.50892427329352,3935.188800000001,2054.5489467666134,100.0,16.06640301040638,0.0,2472.7927118327316,0.0,23.34768853492425,1917.4101253244826,113.79113290720663,0.13707733154296875,0.015995025634765625,0.5,0.014367816091954025,103000.40757812021,47482.56668960898,36.480000000000004,176.26430984883442,0.6896551724137931,7.022218272581268,7.711873444995062
uniform,25,81.87965777103982,20.88465198751037,4426.242001327559,2121.6022328955914,173.32040132755833,36.47401172161205,4352.921600000001,2101.430682974027,100.0,16.302461800047528,0.0,2735.5846840420827,0.0,23.34768853492425,1964.2918615318963,113.79113290720663,0.16082096099853516,0.025009632110595703,0.5,0.014367816091954025,107426.64957944777,49604.16892250457,38.00000000000001,184.08949151285722,0.6896551724137931,7.135526491609019,7.8251816640228125
uniform,26,83.3302640329544,23.28421500187989,4448.275406415804,2079.200160525064,192.55220641580408,-20.892400503967625,4355.7232,2115.934585350042,100.0,15.842024321010731,0.0,2745.862916040829,0.0,28.176711746600716,1973.9667406962349,113.79113290720663,0.13286638259887695,0.015116214752197266,0.5,0.0072463768115942065,111874.92498586357,51683.36908302963,39.52000000000001,191.69366318694236,0.3478260869565219,7.256345587128628,7.6041716740851495
uniform,27,80.10644267253019,19.31128588010697,4404.308215813052,2072.8164136384185,170.04581581305246,34.33386988221106,4334.2624,2054.5489467666134,100.0,16.06640301040638,0.0,2715.6849647348627,0.0,23.34768853492425,1917.4101253244826,113.79113290720663,0.11194252967834473,0.015005111694335938,0.5,0.014367816091954025,116279.23320167663,53756.185496668055,41.04000000000001,199.40553663193742,0.6896551724137931,7.022218272581268,7.711873444995062
uniform,28,82.07959905318405,21.04151608383958,4430.159185881813,2015.702097963811,173.25518588181203,-16.275694738356844,4356.904,2047.5837582335373,100.0,15.60596553136958,0.0,2712.059451528215,0.0,28.176711746600716,1905.6159135797302,113.79113290720663,0.13518309593200684,0.014000654220581055,0.5,0.0072463768115942065,120709.39238755844,55771.887594631866,42.56000000000002,206.89640008699482,0.3478260869565219,7.143037368100877,7.490863455057399
uniform,29,83.70659262692932,22.531073020721543,4449.119656209313,2058.2103121689606,182.84125620931303,-20.413157950979716,4366.2784,2094.4654944409513,100.0,15.842024321010731,0.0,2720.682858151709,0.0,28.176711746600716,1952.497649787144,113.79113290720663,0.13733482360839844,0.012997627258300781,0.5,0.0072463768115942065,125158.51204376775,57830.097906800824,44.08000000000002,214.50057176107995,0.3478260869565219,7.256345587128628,7.6041716740851495
uniform,30,73.7763487645965,18.94935556760742,3989.22448563465,2092.6549543289793,151.0966456346488,33.008774209136,3938.1278400000015,2075.7125831302496,100.0,16.06640301040638,0.0,2448.9151802196293,0.0,23.34768853492425,1938.5737616881188,113.79113290720663,0.09950137138366699,0.025521516799926758,0.5,0.014367816091954025,129147.7365294024,59922.752861129804,45.60000000000002,222.21244520607502,0.6896551724137931,7.022218272581268,7.711873444995062
uniform,31,72.39121688885952,19.74335432583654,3996.6412562474725,2957.1677558489473,147.93949624747103,36.72160269691017,3948.7017600000013,2940.459958162861,100.0,20.013805010823262,0.0,2475.562800095421,0.0,23.85895171991262,2916.6010064429483,0.0,0.1389906406402588,0.023296356201171875,0.5,0.018518518518518517,133144.37778564988,62879.92061697875,47.120000000000026,231.81907161127018,0.8888888888888888,8.717737516306276,9.606626405195165
uniform,32,79.09036226736328,20.761757764227557,4415.389476470955,2937.940835120604,163.9782764709542,-17.54354644614962,4351.4112000000005,2975.2092513240973,100.0,19.72486975734375,0.0,2723.0180916516865,0.0,32.53493416351721,2942.67431716058,0.0,0.12741446495056152,0.024120092391967773,0.5,0.010101010101010102,137559.76726212085,65817.86145209936,48.64000000000003,241.28700909479517,0.4848484848484849,8.983088998676514,9.467937483524999
uniform,33,80.44200357265336,18.916508938148386,4415.519981262123,2929.0291079040085,158.5871812621229,-26.455273662745025,4356.9328000000005,2975.2092513240973,100.0,19.72486975734375,0.0,2725.1227852756297,0.0,32.53493416351721,2942.67431716058,0.0,0.14589738845825195,0.025537967681884766,0.5,0.010101010101010102,141975.28724338298,68746.89056000336,50.16000000000003,250.75494657832016,0.4848484848484849,8.983088998676514,9.467937483524999
uniform,34,76.79502470260041,23.090152196691232,4397.296209111689,2936.5986929100086,145.4786091116894,-18.885688656744875,4351.817599999999,2975.2092513240973,100.0,19.72486975734375,0.0,2723.197840190883,0.0,32.53493416351721,2942.67431716058,0.0,0.14758038520812988,0.014995336532592773,0.5,0.010101010101010102,146372.58345249467,71683.48925291336,51.680000000000035,260.22288406184515,0.4848484848484849,8.983088998676514,9.467937483524999
uniform,35,76.93722414252143,23.577329717726155,4418.969051044014,2930.527809814223,165.89225104401348,-24.95657175253076,4353.076800000001,2975.2092513240973,100.0,19.72486975734375,0.0,2727.3778953069573,0.0,32.53493416351721,2942.67431716058,0.0,0.12017703056335449,0.010522842407226562,0.5,0.010101010101010102,150791.5525035387,74614.0170627276,53.20000000000004,269.69082154537017,0.4848484848484849,8.983088998676514,9.467937483524999
uniform,36,80.6226085820366,25.621006145545955,4441.126799481383,2927.2326153266326,174.265999481383,-28.251766240120862,4366.8608,2975.2092513240973,100.0,19.72486975734375,0.0,2730.8483013540376,0.0,32.53493416351721,2942.67431716058,0.0,0.12386870384216309,0.024998903274536133,0.5,0.010101010101010102,155232.6793030201,77541.24967805423,54.72000000000004,279.1587590288952,0.4848484848484849,8.983088998676514,9.467937483524999
uniform,37,73.1835630921488,22.137080563586576,4000.2302881992873,2933.1245534054615,163.15076819928603,-22.359828161291993,3937.079520000001,2975.2092513240973,100.0,19.72486975734375,0.0,2454.8398108778315,0.0,32.53493416351721,2942.67431716058,0.0,0.11539268493652344,0.013203620910644531,0.5,0.010101010101010102,159232.9095912194,80474.37423145969,56.240000000000045,288.6266965124202,0.4848484848484849,8.983088998676514,9.467937483524999
uniform,38,71.63476970112283,21.4937009600007,3990.315588847986,2959.6748979058657,157.66694884798477,39.22874475382798,3932.6486400000013,2940.459958162861,100.0,20.013805010823262,0.0,2453.841593693978,0.0,23.85895171991262,2916.6010064429483,0.0,0.13460707664489746,0.017998456954956055,0.5,0.018518518518518517,163223.22518006738,83434.04912936555,57.76000000000005,298.2333229176154,0.8888888888888888,8.717737516306276,9.606626405195165
uniform,39,78.01423744943293,26.891969586901624,4433.62281113026,2932.791707147507,185.6164111302589,-22.692674419246295,4348.006400000001,2975.2092513240973,100.0,19.72486975734375,0.0,2727.9785820758857,0.0,32.53493416351721,2942.67431716058,0.0,0.2999703884124756,0.019002199172973633,0.5,0.010101010101010102,167656.84799119763,86366.84083651306,59.28000000000005,307.7012604011404,0.4848484848484849,8.983088998676514,9.467937483524999
uniform,40,74.37527489759269,21.80102026918698,4431.97023131329,2930.8976230125986,173.37983131329037,-24.586758554155082,4358.5904,2975.2092513240973,100.0,19.72486975734375,0.0,2727.0155377564047,0.0,32.53493416351721,2942.67431716058,0.0,0.11516809463500977,0.02015089988708496,0.5,0.010101010101010102,172088.81822251092,89297.73845952566,60.800000000000054,317.16919788466544,0.4848484848484849,8.983088998676514,9.467937483524999
uniform,41,73.08664293528388,22.597400470580162,4418.728560403298,2934.7910191358624,175.60856040329747,-20.693362430891163,4343.12,2975.2092513240973,100.0,19.72486975734375,0.0,2700.2287609513996,0.0,32.53493416351721,2942.67431716058,0.0,0.13368558883666992,0.012996435165405273,0.5,0.010101010101010102,176507.54678291423,92232.52947866153,62.32000000000006,326.63713536819046,0.4848484848484849,8.983088998676514,9.467937483524999
uniform,42,77.52909227231953,20.03173828976841,4423.702678151,2932.875313107928,159.68827815100005,-22.609068458825824,4364.0144,2975.2092513240973,100.0,19.72486975734375,0.0,2740.7189825289865,0.0,32.53493416351721,2942.67431716058,0.0,0.12919402122497559,0.022911548614501953,0.5,0.010101010101010102,180931.24946106522,95165.40479176946,63.84000000000006,336.1050728517155,0.4848484848484849,8.983088998676514,9.467937483524999
uniform,43,72.7159364493449,18.249691143969706,4415.991180324085,2966.2699470908356,149.71278032408452,45.82379393879819,4366.2784,2940.459958162861,100.0,20.013805010823262,0.0,2713.139008745389,0.0,23.85895171991262,2916.6010064429483,0.0,0.13576459884643555,0.00899958610534668,0.5,0.018518518518518517,185347.2406413893,98131.6747388603,65.36000000000006,345.71169925691066,0.8888888888888888,8.717737516306276,9.606626405195165
uniform,44,69.26482972250261,20.280163225806913,3976.6158405597,2958.7589836135276,140.5040005596984,38.31283046149005,3936.1118400000014,2940.459958162861,100.0,20.013805010823262,0.0,2458.642740842271,0.0,23.85895171991262,2916.6010064429483,0.0,0.15085673332214355,0.022051572799682617,0.5,0.018518518518518517,189323.856481949,101090.43372247383,66.88000000000005,355.31832566210585,0.8888888888888888,8.717737516306276,9.606626405195165
uniform,45,69.51270231332946,23.193321244799492,3988.835554737563,2955.2235364518656,147.20707473756218,34.77738329982836,3941.6284800000008,2940.459958162861,100.0,20.013805010823262,0.0,2477.563995915962,0.0,23.85895171991262,2916.6010064429483,0.0,0.13283038139343262,0.017999649047851562,0.5,0.018518518518518517,193312.69203668658,104045.6572589257,68.40000000000005,364.92495206730104,0.8888888888888888,8.717737516306276,9.606626405195165
uniform,46,75.90164725314445,22.09088543726733,4412.835949114264,2934.919164787054,158.21194911426193,-20.565216779699647,4354.624000000002,2975.2092513240973,100.0,19.72486975734375,0.0,2715.6770010077903,0.0,32.53493416351721,2942.67431716058,0.0,0.1729106903076172,0.022998809814453125,0.5,0.010101010101010102,197725.52798580084,106980.57642371274,69.92000000000004,374.39288955082606,0.4848484848484849,8.983088998676514,9.467937483524999
uniform,47,74.23952435413854,22.5146155849436,4419.920755880353,2958.984627275454,157.04235588035306,38.53847412341617,4362.8784,2940.459958162861,100.0,20.013805010823262,0.0,2726.415199243206,0.0,23.85895171991262,2916.6010064429483,0.0,0.15252041816711426,0.011105060577392578,0.5,0.018518518518518517,202145.4487416812,109939.5610509882,71.44000000000004,383.99951595602124,0.8888888888888888,8.717737516306276,9.606626405195165
uniform,48,76.58206955392593,21.67741093378266,4406.672725748956,2941.50731169058,157.48552574895655,-13.977069876173486,4349.187199999999,2975.2092513240973,100.0,19.72486975734375,0.0,2727.5343183812306,0.0,32.53493416351721,2942.67431716058,0.0,0.1482088565826416,0.023883819580078125,0.5,0.010101010101010102,206552.12146743017,112881.06836267878,72.96000000000004,393.46745343954626,0.4848484848484849,8.983088998676514,9.467937483524999
uniform,49,71.09059662312639,24.119963025893714,4411.13902635848,2932.866384134698,161.46702635847936,-22.61799743205559,4349.6720000000005,2975.2092513240973,100.0,19.72486975734375,0.0,2730.558484657693,0.0,32.53493416351721,2942.67431716058,0.0,0.165785551071167,0.021004915237426758,0.5,0.010101010101010102,210963.26049378866,115813.93474681348,74.48000000000003,402.9353909230713,0.4848484848484849,8.983088998676514,9.467937483524999
uniform,50,73.9395542371823,22.16245150500325,4418.073394836499,2934.9176099613915,158.44459483649817,-20.566771605362,4359.6288,2975.2092513240973,100.0,19.72486975734375,0.0,2699.9243209509173,0.0,32.53493416351721,2942.67431716058,0.0,0.14774489402770996,0.020089387893676758,0.5,0.010101010101010102,215381.33388862517,118748.85235677488,76.00000000000003,412.4033284065963,0.4848484848484849,8.983088998676514,9.467937483524999
uniform,51,63.755396401225774,21.522120325535244,3963.2309196302767,2958.2882129037216,121.72771963027564,37.842059751683855,3941.503200000001,2940.459958162861,100.0,20.013805010823262,0.0,2466.729637423014,0.0,23.85895171991262,2916.6010064429483,0.0,0.16082978248596191,0.014995336532592773,0.5,0.018518518518518517,219344.56480825544,121707.1405696786,77.52000000000002,422.0099548117915,0.8888888888888888,8.717737516306276,9.606626405195165
uniform,52,64.28181342087605,22.696410622417417,3988.4663250453036,2950.7718994737716,149.37800504530253,30.325746321734073,3939.088320000001,2940.459958162861,100.0,20.013805010823262,0.0,2480.012540510386,0.0,23.85895171991262,2916.6010064429483,0.0,0.11257123947143555,0.02209949493408203,0.5,0.018518518518518517,223333.03113330074,124657.91246915236,79.04000000000002,431.6165812169867,0.8888888888888888,8.717737516306276,9.606626405195165
uniform,53,71.04117573884541,24.46719986841848,4416.6473047466725,2966.2715324586006,156.00090474667093,45.82537930656294,4360.646400000001,2940.459958162861,100.0,20.013805010823262,0.0,2738.772807691132,0.0,23.85895171991262,2916.6010064429483,0.0,0.14946436882019043,0.01809215545654297,0.5,0.018518518518518517,227749.6784380474,127624.18400161096,80.56000000000002,441.22320762218186,0.8888888888888888,8.717737516306276,9.606626405195165
uniform,54,69.44477701234001,22.232348002433984,4420.125414454312,2956.231740298749,150.59741445431115,35.785587146711514,4369.528,2940.459958162861,100.0,20.013805010823262,0.0,2751.801228407952,0.0,23.85895171991262,2916.6010064429483,0.0,0.1424105167388916,0.008999347686767578,0.5,0.018518518518518517,232169.80385250173,130580.41574190972,82.08000000000001,450.82983402737705,0.8888888888888888,8.717737516306276,9.606626405195165
uniform,55,71.84536135709374,21.70627799095501,4389.632777421248,2939.5317093407616,153.6231774212476,-15.952672225992146,4336.0096,2975.2092513240973,100.0,19.72486975734375,0.0,2704.309695194441,0.0,32.53493416351721,2942.67431716058,0.0,0.13096952438354492,0.02100205421447754,0.5,0.010101010101010102,236559.43662992297,133519.94745125048,83.60000000000001,460.29777151090207,0.4848484848484849,8.983088998676514,9.467937483524999
uniform,56,71.27336299891819,24.95055733285317,4400.989408788489,2938.7543414661313,150.19740878848782,-16.7300401006222,4350.792,2975.2092513240973,100.0,19.72486975734375,0.0,2714.7493183831857,0.0,32.53493416351721,2942.67431716058,0.0,0.16994762420654297,0.019114017486572266,0.5,0.010101010101010102,240960.42603871145,136458.7017927166,85.12,469.7657089944271,0.4848484848484849,8.983088998676514,9.467937483524999
uniform,57,70.05178991127536,23.20889173777168,4421.993813109904,2958.4427604045422,154.55061310990405,37.9966072525043,4367.443200000001,2940.459958162861,100.0,20.013805010823262,0.0,2734.9854443759873,0.0,23.85895171991262,2916.6010064429483,0.0,0.1355276107788086,0.016002893447875977,0.5,0.018518518518518517,245382.41985182135,139417.14455312115,86.64,479.3723353996223,0.8888888888888888,8.717737516306276,9.606626405195165
uniform,58,62.44732074350557,21.178799008191984,3972.71959107518,2953.847570852956,129.20039107517874,33.40141770091836,3943.519200000001,2940.459958162861,100.0,20.013805010823262,0.0,2504.846392189056,0.0,23.85895171991262,2916.6010064429483,0.0,0.14813613891601562,0.02008819580078125,0.5,0.018518518518518517,249355.13944289653,142370.9921239741,88.16,488.97896180481746,0.8888888888888888,8.717737516306276,9.606626405195165
uniform,59,64.38902929786,18.825309288956277,3973.8096130112485,2958.459908564976,123.82913301124785,38.01375541293871,3949.9804800000006,2940.459958162861,100.0,20.013805010823262,0.0,2462.1189405378127,0.0,23.85895171991262,2916.6010064429483,0.0,0.12129569053649902,0.0185244083404541,0.5,0.018518518518518517,253328.94905590778,145329.4520325391,89.67999999999999,498.58558821001265,0.8888888888888888,8.717737516306276,9.606626405195165
uniform,60,65.40638309779442,24.067124508893922,4400.6150465123565,2937.051148739859,150.27904651235497,-18.433232826894614,4350.336000000001,2975.2092513240973,100.0,19.72486975734375,0.0,2739.1174980043857,0.0,32.53493416351721,2942.67431716058,0.0,0.16458439826965332,0.019089937210083008,0.5,0.010101010101010102,257729.56410242015,148266.50318127894,91.19999999999999,508.05352569353767,0.4848484848484849,8.983088998676514,9.467937483524999
uniform,61,68.063645224713,19.91036216054047,4412.892948668949,2956.5091440262986,147.77454866894954,36.06299087426096,4365.1184,2940.459958162861,100.0,20.013805010823262,0.0,2737.069921125759,0.0,23.85895171991262,2916.6010064429483,0.0,0.13707756996154785,0.019993305206298828,0.5,0.018518518518518517,262142.4570510891,151223.01232530523,92.71999999999998,517.6601520987329,0.8888888888888888,8.717737516306276,9.606626405195165
uniform,62,69.01342000636863,24.005533598879154,4405.634096202798,2951.0933448121295,169.66929620279845,30.647191660091732,4335.9648,2940.459958162861,100.0,20.013805010823262,0.0,2725.480451435151,0.0,23.85895171991262,2916.6010064429483,0.0,0.13990259170532227,0.02390456199645996,0.5,0.018518518518518517,266548.0911472919,154174.10567011737,94.23999999999998,527.266778503928,0.8888888888888888,8.717737516306276,9.606626405195165
uniform,63,68.02294997720396,23.40484375621865,4410.001265250296,2944.0662440742763,159.16446525029565,23.620090922239026,4350.8368,2940.459958162861,100.0,20.013805010823262,0.0,2716.6051371462013,0.0,23.85895171991262,2916.6010064429483,0.0,0.16208505630493164,0.017523527145385742,0.5,0.018518518518518517,270958.0924125422,157118.17191419165,95.75999999999998,536.8734049091231,0.8888888888888888,8.717737516306276,9.606626405195165
uniform,64,66.02231015891157,24.89119038924703,4427.629171675303,2951.2460239598768,155.36037167530236,30.79987080783931,4372.268800000001,2940.459958162861,100.0,20.013805010823262,0.0,2725.736146322634,0.0,23.85895171991262,2916.6010064429483,0.0,0.20715928077697754,0.024945497512817383,0.5,0.018518518518518517,275385.7215842175,160069.41793815154,97.27999999999997,546.4800313143182,0.8888888888888888,8.717737516306276,9.606626405195165
uniform,65,62.938945943814396,22.233144425912847,3980.554766852438,2944.1817525896877,143.43492685243638,23.735599437650254,3937.1198400000017,2940.459958162861,100.0,20.013805010823262,0.0,2470.953420649074,0.0,23.85895171991262,2916.6010064429483,0.0,0.13941121101379395,0.018511533737182617,0.5,0.018518518518518517,279366.27635107,163013.59969074122,98.79999999999997,556.0866577195134,0.8888888888888888,8.717737516306276,9.606626405195165
uniform,66,60.31213214309662,21.465166791040055,3980.99280857528,2958.3512331641105,129.52048857527862,37.905080012072695,3951.472320000001,2940.459958162861,100.0,20.013805010823262,0.0,2481.7041782284514,0.0,23.85895171991262,2916.6010064429483,0.0,0.11954283714294434,0.014993906021118164,0.5,0.018518518518518517,283347.26915964525,165971.95092390533,100.31999999999996,565.6932841247085,0.8888888888888888,8.717737516306276,9.606626405195165
uniform,67,65.77484510939998,22.445162648946045,4405.184903456245,2951.1643350500353,143.32890345624386,30.71818189799749,4361.856000000001,2940.459958162861,100.0,20.013805010823262,0.0,2721.39120931567,0.0,23.85895171991262,2916.6010064429483,0.0,0.14257407188415527,0.016544818878173828,0.5,0.018518518518518517,287752.4540631015,168923.11525895537,101.83999999999996,575.2999105299036,0.8888888888888888,8.717737516306276,9.606626405195165
uniform,68,67.10954927507268,21.693751947045982,4415.516109550216,2958.3835531782097,146.03290955021598,37.93740002617245,4369.483200000001,2940.459958162861,100.0,20.013805010823262,0.0,2725.54679773319,0.0,23.85895171991262,2916.6010064429483,0.0,0.1315152645111084,0.01700139045715332,0.5,0.018518518518518517,292167.9701726517,171881.49881213356,103.35999999999996,584.9065369350988,0.8888888888888888,8.717737516306276,9.606626405195165
uniform,69,64.06529014238073,21.988337052490582,4377.771930989897,2940.5792037634556,143.5095309898968,20.133050611418316,4334.2624,2940.459958162861,100.0,20.013805010823262,0.0,2721.8549255522034,0.0,23.85895171991262,2916.6010064429483,0.0,0.13972115516662598,0.017517805099487305,0.5,0.018518518518518517,296545.7421036416,174822.07801589702,104.87999999999995,594.5131633402939,0.8888888888888888,8.717737516306276,9.606626405195165
uniform,70,66.31330141728326,22.87025498453884,4404.424077896604,2960.8918675921377,140.99207789660434,40.44571444010011,4363.432,2940.459958162861,100.0,20.013805010823262,0.0,2724.955862508131,0.0,23.85895171991262,2916.6010064429483,0.0,0.13640785217285156,0.009000301361083984,0.5,0.018518518518518517,300950.1661815382,177782.96988348916,106.39999999999995,604.119789745489,0.8888888888888888,8.717737516306276,9.606626405195165
uniform,71,67.2174341679452,19.82075507354983,4400.179045746643,2953.5142482733954,129.5678457466425,33.06809512135739,4370.6112,2940.459958162861,100.0,20.013805010823262,0.0,2748.58544225072,0.0,23.85895171991262,2916.6010064429483,0.0,0.12361741065979004,0.02397608757019043,0.5,0.018518518518518517,305350.3452272848,180736.48413176255,107.91999999999994,613.7264161506841,0.8888888888888888,8.717737516306276,9.606626405195165
uniform,72,58.16194922361857,19.955626252156197,3973.6126881632263,2944.975441984716,143.00164816322513,24.529288832678212,3930.611040000001,2940.459958162861,100.0,20.013805010823262,0.0,2466.164505333632,0.0,23.85895171991262,2916.6010064429483,0.0,0.14710068702697754,0.015890836715698242,0.5,0.018518518518518517,309323.95791544806,183681.45957374727,109.43999999999994,623.3330425558793,0.8888888888888888,8.717737516306276,9.606626405195165
uniform,73,55.062300670365424,21.25843907517822,3966.2395975180525,2941.013260402111,125.65943751805219,20.567107250073818,3940.5801600000004,2940.459958162861,100.0,20.013805010823262,0.0,2460.961133005367,0.0,23.85895171991262,2916.6010064429483,0.0,0.1332225799560547,0.025104284286499023,0.5,0.018518518518518517,313290.1975129661,186622.47283414938,110.95999999999994,632.9396689610744,0.8888888888888888,8.717737516306276,9.606626405195165
uniform,74,64.48514502937071,23.121770037214326,4403.6224105359015,2950.872811883014,146.7584105359004,30.426658730976737,4356.864000000001,2940.459958162861,100.0,20.013805010823262,0.0,2735.0149099667983,0.0,23.85895171991262,2916.6010064429483,0.0,0.12503838539123535,0.014891862869262695,0.5,0.018518518518518517,317693.81992350204,189573.3456460324,112.47999999999993,642.5462953662695,0.8888888888888888,8.717737516306276,9.606626405195165
uniform,75,63.71693699619069,20.161137171281872,4407.580650757647,2940.608909126925,141.8798507576471,20.16275597488724,4365.7008,2940.459958162861,100.0,20.013805010823262,0.0,2721.6464740957244,0.0,23.85895171991262,2916.6010064429483,0.0,0.18373966217041016,0.020990848541259766,0.5,0.018518518518518517,322101.4005742597,192513.95455515932,113.99999999999993,652.1529217714647,0.8888888888888888,8.717737516306276,9.606626405195165
uniform,76,63.51638972813557,21.708189730232622,4384.157511037631,2957.6117461416507,141.66471103763197,37.16559298961344,4342.492799999999,2940.459958162861,100.0,20.013805010823262,0.0,2711.8958256595906,0.0,23.85895171991262,2916.6010064429483,0.0,0.1373457908630371,0.025104045867919922,0.5,0.018518518518518517,326485.55808529735,195471.56630130098,115.51999999999992,661.7595481766598,0.8888888888888888,8.717737516306276,9.606626405195165
uniform,77,60.61197806109228,22.225340118528493,4395.2291087179965,2945.9278394405073,133.4547087179961,25.481686288469792,4361.7744,2940.459958162861,100.0,20.013805010823262,0.0,2730.9439566683254,0.0,23.85895171991262,2916.6010064429483,0.0,0.15067267417907715,0.02515888214111328,0.5,0.018518518518518517,330880.78719401534,198417.49414074147,117.03999999999992,671.3661745818549,0.8888888888888888,8.717737516306276,9.606626405195165
uniform,78,64.5585908360077,25.661627247224295,4420.082467762577,2946.2552766005892,149.47126776257687,25.80912344855167,4370.6112,2940.459958162861,100.0,20.013805010823262,0.0,2738.0229935480916,0.0,23.85895171991262,2916.6010064429483,0.0,0.14291882514953613,0.014995574951171875,0.5,0.018518518518518517,335300.8696617779,201363.74941734207,118.55999999999992,680.97280098705,0.8888888888888888,8.717737516306276,9.606626405195165
uniform,79,55.91879099028677,20.70246656196347,3967.787219862632,2944.794235496276,129.65937986263066,24.3480823442387,3938.1278400000015,2940.459958162861,100.0,20.013805010823262,0.0,2461.6156360282403,0.0,23.85895171991262,2916.6010064429483,0.0,0.2162027359008789,0.014032840728759766,0.5,0.018518518518518517,339268.65688164055,204308.54365283836,120.07999999999991,690.5794273922452,0.8888888888888888,8.717737516306276,9.606626405195165
uniform,80,53.59622975902753,22.13180284560607,3970.131240293645,2944.0410802850165,124.57444029364375,23.594927132979365,3945.556800000001,2940.459958162861,100.0,20.013805010823262,0.0,2469.7975603198975,0.0,23.85895171991262,2916.6010064429483,0.0,0.10766220092773438,0.008997201919555664,0.5,0.018518518518518517,343238.78812193417,207252.58473312337,121.59999999999991,700.1860537974403,0.8888888888888888,8.717737516306276,9.606626405195165
uniform,81,58.978915413409766,21.21855728164276,4378.226846550471,2947.9571203047963,131.87804655047057,27.510967152758962,4346.348800000001,2940.459958162861,100.0,20.013805010823262,0.0,2714.2535847194385,0.0,23.85895171991262,2916.6010064429483,0.0,0.13926172256469727,0.022999286651611328,0.5,0.018518518518518517,347617.01496848464,210200.54185342818,123.1199999999999,709.7926802026354,0.8888888888888888,8.717737516306276,9.606626405195165
uniform,82,58.437271008625736,21.07338366419708,4402.909111880681,2947.579342356891,142.61631188068046,27.133189204853146,4360.2928,2940.459958162861,100.0,20.013805010823262,0.0,2724.4353245728666,0.0,23.85895171991262,2916.6010064429483,0.0,0.15575361251831055,0.018008708953857422,0.5,0.018518518518518517,352019.92408036534,213148.12119578506,124.6399999999999,719.3993066078306,0.8888888888888888,8.717737516306276,9.606626405195165
uniform,83,62.14461809897603,25.177474658997905,4401.0655258756915,2951.362584639118,146.47032587569183,30.91643148708052,4354.5952,2940.459958162861,100.0,20.013805010823262,0.0,2714.750522783722,0.0,23.85895171991262,2916.6010064429483,0.0,0.15028047561645508,0.022003889083862305,0.5,0.018518518518518517,356420.98960624106,216099.48378042417,126.1599999999999,729.0059330130257,0.8888888888888888,8.717737516306276,9.606626405195165
uniform,84,62.22046488779629,23.09744081791274,4393.493391983536,2945.186507543237,142.6565919835356,24.74035439119928,4350.8368,2940.459958162861,100.0,20.013805010823262,0.0,2716.7015583025686,0.0,23.85895171991262,2916.6010064429483,0.0,0.14711475372314453,0.020035982131958008,0.5,0.018518518518518517,360814.4829982246,219044.6702879674,127.6799999999999,738.6125594182208,0.8888888888888888,8.717737516306276,9.606626405195165
uniform,85,59.660714619294026,24.33958557165145,4403.879188614821,2949.0532356946705,145.37038861482088,28.607082542633304,4358.5088000000005,2940.459958162861,100.0,20.013805010823262,0.0,2735.78415058211,0.0,23.85895171991262,2916.6010064429483,0.0,0.09716343879699707,0.011894702911376953,0.5,0.018518518518518517,365218.36218683945,221993.72352366208,129.1999999999999,748.219185823416,0.8888888888888888,8.717737516306276,9.606626405195165
uniform,86,56.574924098125685,18.55812961047008,3971.2204335035526,2940.922565339025,128.22539350355137,20.47641218698775,3942.995040000001,2940.459958162861,100.0,20.013805010823262,0.0,2454.823280112501,0.0,23.85895171991262,2916.6010064429483,0.0,0.14315342903137207,0.02389359474182129,0.5,0.018518518518518517,369189.582620343,224934.6460890011,130.7199999999999,757.8258122286111,0.8888888888888888,8.717737516306276,9.606626405195165
uniform,87,53.59190945695809,19.99580201335803,3966.564127946556,2945.4144330131885,122.01532794655469,24.96827986115063,3944.548800000001,2940.459958162861,100.0,20.013805010823262,0.0,2462.8944509212733,0.0,23.85895171991262,2916.6010064429483,0.0,0.15417170524597168,0.025098323822021484,0.5,0.018518518518518517,373156.1467482896,227880.06052201428,132.23999999999992,767.4324386338062,0.8888888888888888,8.717737516306276,9.606626405195165
uniform,88,60.04684230407816,22.953308354569437,4395.003460192958,2935.7366356644916,132.02746019295728,15.290482512453965,4362.9760000000015,2940.459958162861,100.0,20.013805010823262,0.0,2730.038581921946,0.0,23.85895171991262,2916.6010064429483,0.0,0.1465587615966797,0.024999141693115234,0.5,0.018518518518518517,377551.1502084825,230815.79715767875,133.75999999999993,777.0390650390013,0.8888888888888888,8.717737516306276,9.606626405195165
uniform,89,60.14195686276033,24.29566299336134,4410.625646062652,2953.825018353664,153.20004606265184,33.37886520162597,4357.4256000000005,2940.459958162861,100.0,20.013805010823262,0.0,2723.5273901759188,0.0,23.85895171991262,2916.6010064429483,0.0,0.14822030067443848,0.01946282386779785,0.5,0.018518518518518517,381961.7758545452,233769.62217603243,135.27999999999994,786.6456914441965,0.8888888888888888,8.717737516306276,9.606626405195165
uniform,90,61.35026660835263,23.245678851953112,4389.680861188477,2948.6773900438266,135.04086118847783,28.23123689178884,4354.639999999999,2940.459958162861,100.0,20.013805010823262,0.0,2692.1214697347614,0.0,23.85895171991262,2916.6010064429483,0.0,0.1269538402557373,0.0139923095703125,0.5,0.018518518518518517,386351.4567157336,236718.29956607625,136.79999999999995,796.2523178493916,0.8888888888888888,8.717737516306276,9.606626405195165
uniform,91,59.8737660921748,20.856730187786074,4392.5697457542965,2952.9416568557263,130.25774575429526,32.495503703688506,4362.312000000001,2940.459958162861,100.0,20.013805010823262,0.0,2720.099909276439,0.0,23.85895171991262,2916.6010064429483,0.0,0.1502552032470703,0.023987770080566406,0.5,0.018518518518518517,390744.0264614879,239671.24122293197,138.31999999999996,805.8589442545867,0.8888888888888888,8.717737516306276,9.606626405195165
uniform,92,58.994710139004816,21.28998201776202,4401.770795418268,2945.401940193352,143.21719541826815,24.955787041314636,4358.5536,2940.459958162861,100.0,20.013805010823262,0.0,2725.97621021499,0.0,23.85895171991262,2916.6010064429483,0.0,0.13974380493164062,0.02399730682373047,0.5,0.018518518518518517,395145.79725690617,242616.64316312532,139.83999999999997,815.4655706597819,0.8888888888888888,8.717737516306276,9.606626405195165
uniform,93,53.63280233752471,18.894109406430882,3954.8640958997453,2952.8637522620247,111.82873589974423,32.41759910998688,3943.035360000001,2940.459958162861,100.0,20.013805010823262,0.0,2483.4487502066195,0.0,23.85895171991262,2916.6010064429483,0.0,0.12329316139221191,0.01800251007080078,0.5,0.018518518518518517,399100.6613528059,245569.50691538735,141.35999999999999,825.072197064977,0.8888888888888888,8.717737516306276,9.606626405195165
uniform,94,51.70400100311114,22.443635858732016,3960.7340552919945,2947.0032249964006,111.31805529199391,26.557071844362873,3949.4160000000006,2940.459958162861,100.0,20.013805010823262,0.0,2466.700862441389,0.0,23.85895171991262,2916.6010064429483,0.0,0.13595843315124512,0.026635169982910156,0.5,0.018518518518518517,403061.3954080979,248516.51014038376,142.88,834.6788234701721,0.8888888888888888,8.717737516306276,9.606626405195165
uniform,95,56.632244685914934,22.852851933501228,4378.0862472231,2940.3170710105187,131.7374472230997,19.87091785848114,4346.348800000001,2940.459958162861,100.0,20.013805010823262,0.0,2715.5328787434387,0.0,23.85895171991262,2916.6010064429483,0.0,0.1496589183807373,0.024015188217163086,0.5,0.018518518518518517,407439.48165532097,251456.82721139427,144.4,844.2854498753672,0.8888888888888888,8.717737516306276,9.606626405195165
uniform,96,59.020531983189386,23.81214442054662,4417.1177696323675,2941.850957665831,158.52736963236734,-13.63342390092253,4358.5904,2975.2092513240973,100.0,19.72486975734375,0.0,2738.197372130333,0.0,32.53493416351721,2942.67431716058,0.0,0.17049956321716309,0.02352285385131836,0.5,0.010101010101010102,411856.59942495334,254398.6781690601,145.92000000000002,853.7533873588923,0.4848484848484849,8.983088998676514,9.467937483524999
uniform,97,58.22451609719612,19.542709990314965,4364.324366348355,2964.8497024287863,128.89716634835577,44.403549276749004,4335.4272,2940.459958162861,100.0,20.013805010823262,0.0,2721.9280012854574,0.0,23.85895171991262,2916.6010064429483,0.0,0.13721442222595215,0.01211094856262207,0.5,0.018518518518518517,416220.92379130167,257363.52787148888,147.44000000000003,863.3600137640874,0.8888888888888888,8.717737516306276,9.606626405195165
uniform,98,57.444674521712564,20.477262446391663,4389.163740887801,2951.371074459792,133.96214088780127,30.924921307754136,4355.2016,2940.459958162861,100.0,20.013805010823262,0.0,2717.4313135337993,0.0,23.85895171991262,2916.6010064429483,0.0,0.1401808261871338,0.024898290634155273,0.5,0.018518518518518517,420610.08753218944,260314.8989459487,148.96000000000004,872.9666401692825,0.8888888888888888,8.717737516306276,9.606626405195165
uniform,99,54.98482231484365,22.153209052684726,4395.5769950028225,2941.950435666691,136.48579500282287,21.504282514654,4359.0912,2940.459958162861,100.0,20.013805010823262,0.0,2724.747953615706,0.0,23.85895171991262,2916.6010064429483,0.0,0.15280508995056152,0.012510299682617188,0.5,0.018518518518518517,425005.66452719225,263256.8493816154,150.48000000000005,882.5732665744777,0.8888888888888888,8.717737516306276,9.606626405195165
uniform,100,52.91454745711434,19.3106729000628,3967.59651201501,2941.613808170864,129.9525120150093,21.16765501882633,3937.6440000000007,2940.459958162861,100.0,20.013805010823262,0.0,2457.4482262411234,0.0,23.85895171991262,2916.6010064429483,0.0,0.12926244735717773,0.023438215255737305,0.5,0.018518518518518517,428973.2610392073,266198.4631897863,152.00000000000006,892.1798929796728,0.8888888888888888,8.717737516306276,9.606626405195165
uniform,101,49.933749474122145,19.876365489589876,3961.27358992923,2932.094852841593,75.28158992922911,11.648699689554993,3985.992000000001,2940.459958162861,100.0,20.013805010823262,0.0,2491.431742359241,0.0,23.85895171991262,2916.6010064429483,0.0,0.14101934432983398,0.023730754852294922,0.5,0.018518518518518517,432934.5346291365,269130.5580426279,153.00000000000006,901.7865193848679,0.8888888888888888,8.717737516306276,9.606626405195165
uniform,102,55.07193535586938,21.741245238697864,4388.89059589038,2931.972111725914,126.49699589037859,11.525958573876121,4362.393600000001,2940.459958162861,100.0,20.013805010823262,0.0,2695.033914182998,0.0,23.85895171991262,2916.6010064429483,0.0,0.1913456916809082,0.01911139488220215,0.5,0.018518518518518517,437323.4252250269,272062.53015435376,154.52000000000007,911.393145790063,0.8888888888888888,8.717737516306276,9.606626405195165
uniform,103,53.573188138268456,24.698300518241656,4396.074590574086,2942.1739144182784,137.4841905740863,21.727761266241213,4358.5904,2940.459958162861,100.0,20.013805010823262,0.0,2719.0279516688092,0.0,23.85895171991262,2916.6010064429483,0.0,0.21553325653076172,0.018011093139648438,0.5,0.018518518518518517,441719.499815601,275004.70406877203,156.04000000000008,920.9997721952582,0.8888888888888888,8.717737516306276,9.606626405195165
uniform,104,54.654275043576,23.121358537689364,4384.808651367032,2940.5255481072763,136.78625136703306,20.079394955239177,4348.022399999999,2940.459958162861,100.0,20.013805010823262,0.0,2710.6631662730747,0.0,23.85895171991262,2916.6010064429483,0.0,0.15658068656921387,0.01600790023803711,0.5,0.018518518518518517,446104.308466968,277945.2296168793,157.5600000000001,930.6063986004533,0.8888888888888888,8.717737516306276,9.606626405195165
uniform,105,56.68855799815143,22.58014409922162,4395.396936782213,2952.3171684168974,142.9025367822122,31.871015264860063,4352.4944000000005,2940.459958162861,100.0,20.013805010823262,0.0,2706.967770525471,0.0,23.85895171991262,2916.6010064429483,0.0,0.12108826637268066,0.02401280403137207,0.5,0.018518518518518517,450499.70540375024,280897.54678529623,159.0800000000001,940.2130250056484,0.8888888888888888,8.717737516306276,9.606626405195165
uniform,106,55.49911127276505,21.46111047814788,4395.857338167884,2952.9812964593566,143.87653816788463,32.53514330731896,4351.980799999999,2940.459958162861,100.0,20.013805010823262,0.0,2733.626710565154,0.0,23.85895171991262,2916.6010064429483,0.0,0.12257885932922363,0.0208892822265625,0.5,0.018518518518518517,454895.56274191814,283850.52808175556,160.6000000000001,949.8196514108436,0.8888888888888888,8.717737516306276,9.606626405195165
uniform,107,50.45195242807839,19.95580473937459,3947.940158341888,2935.5165284886725,114.26479834188714,15.070375336634854,3933.675360000001,2940.459958162861,100.0,20.013805010823262,0.0,2444.120513408673,0.0,23.85895171991262,2916.6010064429483,0.0,0.1444687843322754,0.020009279251098633,0.5,0.018518518518518517,458843.50290026003,286786.0446102442,162.12000000000012,959.4262778160387,0.8888888888888888,8.717737516306276,9.606626405195165
uniform,108,50.20047809344135,19.588835576657292,3949.7077053796643,2935.1946221329636,109.08722537966328,14.748468980925814,3940.620480000001,2940.459958162861,100.0,20.013805010823262,0.0,2458.364855077491,0.0,23.85895171991262,2916.6010064429483,0.0,0.11630964279174805,0.014995813369750977,0.5,0.018518518518518517,462793.2106056397,289721.2392323772,163.64000000000013,969.0329042212338,0.8888888888888888,8.717737516306276,9.606626405195165
uniform,109,55.78672617513312,19.19665592324132,4377.344678865012,2947.533100397236,81.50467886501099,27.086947245198726,4395.840000000001,2940.459958162861,100.0,20.013805010823262,0.0,2737.334830919619,0.0,23.85895171991262,2916.6010064429483,0.0,0.13078832626342773,0.01587533950805664,0.5,0.018518518518518517,467170.55528450466,292668.7723327744,164.64000000000013,978.639530626429,0.8888888888888888,8.717737516306276,9.606626405195165
uniform,110,53.78060159181181,21.27533029051775,4390.559944443785,2949.422666569466,114.50394444378551,28.97651341742845,4376.056,2940.459958162861,100.0,20.013805010823262,0.0,2737.654829617202,0.0,23.85895171991262,2916.6010064429483,0.0,0.13254928588867188,0.025001049041748047,0.5,0.018518518518518517,471561.1152289485,295618.1949993439,166.16000000000014,988.2461570316241,0.8888888888888888,8.717737516306276,9.606626405195165
uniform,111,56.586134313268495,20.788080531412266,4359.105435083762,2951.057669948874,123.67823508376233,30.611516796836035,4335.4272,2940.459958162861,100.0,20.013805010823262,0.0,2731.676240048376,0.0,23.85895171991262,2916.6010064429483,0.0,0.14588618278503418,0.019522666931152344,0.5,0.018518518518518517,475920.2206640322,298569.25266929273,167.68000000000015,997.8527834368192,0.8888888888888888,8.717737516306276,9.606626405195165
uniform,112,56.10645076081829,21.86663043971882,4375.23194409061,2940.6015628889936,117.20794409060971,20.15540973695562,4358.024,2940.459958162861,100.0,20.013805010823262,0.0,2722.6210168466732,0.0,23.85895171991262,2916.6010064429483,0.0,0.17308497428894043,0.023248910903930664,0.5,0.018518518518518517,480295.45260812284,301509.85423218174,169.20000000000016,1007.4594098420143,0.8888888888888888,8.717737516306276,9.606626405195165
uniform,113,56.28930227360954,24.8523395642367,4407.61407560432,2941.5096401277788,141.91807560431943,21.063486975740837,4365.696,2940.459958162861,100.0,20.013805010823262,0.0,2710.4573992906417,0.0,23.85895171991262,2916.6010064429483,0.0,0.14216113090515137,0.02183818817138672,0.5,0.018518518518518517,484703.06668372714,304451.3638723095,170.72000000000017,1017.0660362472095,0.8888888888888888,8.717737516306276,9.606626405195165
uniform,114,48.38979969340716,19.619012567831305,3942.2874652228256,2943.3872671791523,111.63610522282433,22.941114027114565,3930.651360000001,2940.459958162861,100.0,20.013805010823262,0.0,2461.6391707843018,0.0,23.85895171991262,2916.6010064429483,0.0,0.13286519050598145,0.013670921325683594,0.5,0.018518518518518517,488645.35414894996,307394.75113948865,172.24000000000018,1026.6726626524046,0.8888888888888888,8.717737516306276,9.606626405195165
uniform,115,49.96508492343886,24.114287903761255,3967.6852414640935,2943.574966565825,123.66060146409251,23.128813413787814,3944.024640000001,2940.459958162861,100.0,20.013805010823262,0.0,2469.4971156280776,0.0,23.85895171991262,2916.6010064429483,0.0,0.11593747138977051,0.016056299209594727,0.5,0.018518518518518517,492613.0393904141,310338.3261060545,173.7600000000002,1036.2792890575997,0.8888888888888888,8.717737516306276,9.606626405195165
uniform,116,59.19099261252609,23.11901488799595,4395.883449409819,2937.099729032001,134.07224940981845,16.653575879963096,4361.811200000001,2940.459958162861,100.0,20.013805010823262,0.0,2723.3775364425755,0.0,23.85895171991262,2916.6010064429483,0.0,0.12929034233093262,0.021874189376831055,0.5,0.018518518518518517,497008.9228398239,313275.4258350865,175.2800000000002,1045.8859154627949,0.8888888888888888,8.717737516306276,9.606626405195165
uniform,117,57.0703263394949,22.563224675029094,4398.970228945481,2937.905329571022,127.73982894548024,17.459176418983837,4371.2304,2940.459958162861,100.0,20.013805010823262,0.0,2729.4619003824387,0.0,23.85895171991262,2916.6010064429483,0.0,0.11640667915344238,0.017151594161987305,0.5,0.018518518518518517,501407.89306876936,316213.33116465755,176.8000000000002,1055.49254186799,0.8888888888888888,8.717737516306276,9.606626405195165
uniform,118,54.55256411642057,24.223810352146653,4371.435377569928,2938.3069516251962,122.83057756992838,17.8607984731583,4348.6048,2940.459958162861,100.0,20.013805010823262,0.0,2684.920419038212,0.0,23.85895171991262,2916.6010064429483,0.0,0.1293797492980957,0.01845073699951172,0.5,0.018518518518518517,505779.3284463393,319151.63811628276,178.32000000000022,1065.0991682731851,0.8888888888888888,8.717737516306276,9.606626405195165
uniform,119,54.98692169913736,20.82383559800744,4386.785742152663,2945.541056372339,143.059342152663,25.094903220301287,4343.7264000000005,2940.459958162861,100.0,20.013805010823262,0.0,2685.1609790539587,0.0,23.85895171991262,2916.6010064429483,0.0,0.14267754554748535,0.0159914493560791,0.5,0.018518518518518517,510166.11418849195,322097.1791726551,179.84000000000023,1074.7057946783802,0.8888888888888888,8.717737516306276,9.606626405195165
uniform,120,56.02652143925963,21.932842827502135,4400.017269898731,2940.849701579433,146.37886989873118,20.40354842739487,4353.6384,2940.459958162861,100.0,20.013805010823262,0.0,2716.814749943207,0.0,23.85895171991262,2916.6010064429483,0.0,0.1117856502532959,0.015059232711791992,0.5,0.018518518518518517,514566.1314583907,325038.02887423453,181.36000000000024,1084.3124210835754,0.8888888888888888,8.717737516306276,9.606626405195165
uniform,121,48.800246541746986,22.82773664724308,3960.720212652814,2935.3741290275484,129.06085265281243,14.927975875511075,3931.6593600000015,2940.459958162861,100.0,20.013805010823262,0.0,2453.8244494575456,0.0,23.85895171991262,2916.6010064429483,0.0,0.1320018768310547,0.022000551223754883,0.5,0.018518518518518517,518526.8516710435,327973.40300326206,182.88000000000025,1093.9190474887705,0.8888888888888888,8.717737516306276,9.606626405195165
uniform,122,47.453963678782365,21.1832792243011,3972.080410371177,2936.468270970593,127.53161037117616,16.022117818555873,3944.548800000001,2940.459958162861,100.0,20.013805010823262,0.0,2461.3020746755014,0.0,23.85895171991262,2916.6010064429483,0.0,0.14404869079589844,0.020995378494262695,0.5,0.018518518518518517,522498.9320814147,330909.87127423263,184.40000000000026,1103.5256738939656,0.8888888888888888,8.717737516306276,9.606626405195165
uniform,123,54.48777040936975,22.48224952721972,4393.055589052491,2941.693364180841,137.31158905248995,21.247211028802944,4355.7440000000015,2940.459958162861,100.0,20.013805010823262,0.0,2738.0055060808972,0.0,23.85895171991262,2916.6010064429483,0.0,0.1521451473236084,0.02419900894165039,0.5,0.018518518518518517,526891.9876704671,333851.5646384135,185.92000000000027,1113.1323002991608,0.8888888888888888,8.717737516306276,9.606626405195165
uniform,124,53.05430965215286,24.24777651193461,4401.714260966087,2935.021769124609,144.24386096608634,14.575615972571388,4357.4704,2940.459958162861,100.0,20.013805010823262,0.0,2723.0467126187086,0.0,23.85895171991262,2916.6010064429483,0.0,0.15849757194519043,0.021004676818847656,0.5,0.018518518518518517,531293.7019314332,336786.5864075381,187.44000000000028,1122.738926704356,0.8888888888888888,8.717737516306276,9.606626405195165
uniform,125,54.97065167074279,19.976705715055893,4368.487510312801,2951.465105729232,124.24751031280118,31.01895257719499,4344.24,2940.459958162861,100.0,20.013805010823262,0.0,2703.74922512005,0.0,23.85895171991262,2916.6010064429483,0.0,0.13534760475158691,0.00999903678894043,0.5,0.018518518518518517,535662.189441746,339738.05151326733,188.9600000000003,1132.345553109551,0.8888888888888888,8.717737516306276,9.606626405195165
uniform,126,54.6211800617788,23.637213610099796,4404.042528678963,2945.0579641556333,140.565728678963,24.61181100359567,4363.4768,2940.459958162861,100.0,20.013805010823262,0.0,2747.3445890037788,0.0,23.85895171991262,2916.6010064429483,0.0,0.13595271110534668,0.015995264053344727,0.5,0.018518518518518517,540066.231970425,342683.10947742296,190.4800000000003,1141.9521795147461,0.8888888888888888,8.717737516306276,9.606626405195165
uniform,127,57.26068036701133,22.111529594522082,4399.7766636042115,2949.7214900598856,132.9158636042113,29.275336907848207,4366.8608,2940.459958162861,100.0,20.013805010823262,0.0,2720.7382153937792,0.0,23.85895171991262,2916.6010064429483,0.0,0.14768600463867188,0.020006418228149414,0.5,0.018518518518518517,544466.0086340292,345632.8309674828,192.0000000000003,1151.5588059199413,0.8888888888888888,8.717737516306276,9.606626405195165
uniform,128,47.66870372363751,19.276363500771083,3947.0428816821463,2943.547098421127,113.89168168214555,23.100945269088996,3933.1512000000007,2940.459958162861,100.0,20.013805010823262,0.0,2474.4377894390173,0.0,23.85895171991262,2916.6010064429483,0.0,0.12236213684082031,0.013101816177368164,0.5,0.018518518518518517,548413.0515157114,348576.37806590396,193.52000000000032,1161.1654323251364,0.8888888888888888,8.717737516306276,9.606626405195165
uniform,129,50.1923890572099,19.102356145624203,3961.4961645523445,2949.5827576096826,121.88368455234311,29.13660445764541,3939.612480000001,2940.459958162861,100.0,20.013805010823262,0.0,2485.2982149942495,0.0,23.85895171991262,2916.6010064429483,0.0,0.1261129379272461,0.009000062942504883,0.5,0.018518518518518517,552374.5476802638,351525.9608235136,195.04000000000033,1170.7720587303315,0.8888888888888888,8.717737516306276,9.606626405195165
uniform,130,55.0501966815776,22.259755325368154,4389.21773886906,2936.303837698477,138.92653886905916,15.85768454643926,4350.291200000001,2940.459958162861,100.0,20.013805010823262,0.0,2732.0944046641102,0.0,23.85895171991262,2916.6010064429483,0.0,0.15008831024169922,0.017003297805786133,0.5,0.018518518518518517,556763.7654191328,354462.2646612121,196.56000000000034,1180.3786851355267,0.8888888888888888,8.717737516306276,9.606626405195165
uniform,131,55.655531220630856,23.073087324272876,4401.160444805537,2947.4339342184676,129.93004480553617,26.987781066429875,4371.2304,2940.459958162861,100.0,20.013805010823262,0.0,2738.14002255492,0.0,23.85895171991262,2916.6010064429483,0.0,0.20096540451049805,0.020621776580810547,0.5,0.018518518518518517,561164.9258639383,357409.6985954306,198.08000000000035,1189.9853115407218,0.8888888888888888,8.717737516306276,9.606626405195165
uniform,132,58.142906956666344,23.641738849342403,4393.403925341589,2940.80651870206,138.76392534158916,20.36036555002271,4354.639999999999,2940.459958162861,100.0,20.013805010823262,0.0,2713.880313630343,0.0,23.85895171991262,2916.6010064429483,0.0,0.1372084617614746,0.01993870735168457,0.5,0.018518518518518517,565558.3297892798,360350.50511413265,199.60000000000036,1199.591937945917,0.8888888888888888,8.717737516306276,9.606626405195165
uniform,133,54.40926838635454,26.017833880729995,4382.380661276456,2934.856885472499,125.52146127645551,14.410732320461458,4356.8592,2940.459958162861,100.0,20.013805010823262,0.0,2722.463937502644,0.0,23.85895171991262,2916.6010064429483,0.0,0.13522124290466309,0.01697850227355957,0.5,0.018518518518518517,569940.7104505562,363285.36199960514,201.12000000000037,1209.198564351112,0.8888888888888888,8.717737516306276,9.606626405195165
uniform,134,52.69478802752972,24.029746761009548,4390.4288136361065,2936.6556699579623,117.57761363610673,16.209516805924956,4372.8512,2940.459958162861,100.0,20.013805010823262,0.0,2753.6797697205716,0.0,23.85895171991262,2916.6010064429483,0.0,0.13854289054870605,0.022893905639648438,0.5,0.018518518518518517,574331.1392641923,366222.0176695631,202.64000000000038,1218.8051907563072,0.8888888888888888,8.717737516306276,9.606626405195165
uniform,135,50.12110923974577,23.619277964272293,3960.344524046467,2934.667234390933,134.6006840464661,14.221081238895186,3925.743840000001,2940.459958162861,100.0,20.013805010823262,0.0,2440.8880352843435,0.0,23.85895171991262,2916.6010064429483,0.0,0.14113497734069824,0.022750139236450195,0.5,0.018518518518518517,578291.4837882388,369156.68490395404,204.1600000000004,1228.4118171615023,0.8888888888888888,8.717737516306276,9.606626405195165
uniform,136,49.076017118375184,20.811199985753426,3955.6691087866116,2952.3855267491126,116.58078878661019,31.93937359707494,3939.088320000001,2940.459958162861,100.0,20.013805010823262,0.0,2458.304597458899,0.0,23.85895171991262,2916.6010064429483,0.0,0.165283203125,0.023101091384887695,0.5,0.018518518518518517,582247.1528970255,372109.07043070317,205.6800000000004,1238.0184435666974,0.8888888888888888,8.717737516306276,9.606626405195165
uniform,137,55.39032687466073,22.173933387450735,4393.199730460459,2948.423605662563,143.44613046045814,27.977452510525733,4349.753600000001,2940.459958162861,100.0,20.013805010823262,0.0,2714.7792342408793,0.0,23.85895171991262,2916.6010064429483,0.0,0.14710140228271484,0.023532867431640625,0.5,0.018518518518518517,586640.3526274859,375057.4940363657,207.20000000000041,1247.6250699718926,0.8888888888888888,8.717737516306276,9.606626405195165
uniform,138,54.90236726991125,22.951418047622646,4389.778998452743,2945.667102152018,124.07819845274327,25.220948999980628,4365.7008,2940.459958162861,100.0,20.013805010823262,0.0,2737.661142526937,0.0,23.85895171991262,2916.6010064429483,0.0,0.12394332885742188,0.00999903678894043,0.5,0.018518518518518517,591030.1316259386,378003.1611385177,208.72000000000043,1257.2316963770877,0.8888888888888888,8.717737516306276,9.606626405195165
uniform,139,57.475810546719366,25.044232654328013,4367.311175555278,2947.0477404721987,114.91117555527873,26.601587320160956,4352.4,2940.459958162861,100.0,20.013805010823262,0.0,2730.9618402863116,0.0,23.85895171991262,2916.6010064429483,0.0,0.14113283157348633,0.02188873291015625,0.5,0.018518518518518517,595397.4428014938,380950.2088789899,210.24000000000044,1266.8383227822828,0.8888888888888888,8.717737516306276,9.606626405195165
uniform,140,54.09991123676272,22.63930256769185,4391.493660729324,2937.5141437447555,141.82166072932364,17.067990592718242,4349.6720000000005,2940.459958162861,100.0,20.013805010823262,0.0,2693.6424362321536,0.0,23.85895171991262,2916.6010064429483,0.0,0.155731201171875,0.023845672607421875,0.5,0.018518518518518517,599788.9364622232,383887.7230227347,211.76000000000045,1276.444949187478,0.8888888888888888,8.717737516306276,9.606626405195165
uniform,141,55.65673241237469,21.786394809242474,4400.583825482353,2943.848760954176,128.31502548235255,23.402607802138437,4372.268800000001,2940.459958162861,100.0,20.013805010823262,0.0,2740.258139329713,0.0,23.85895171991262,2916.6010064429483,0.0,0.14339780807495117,0.021056175231933594,0.5,0.018518518518518517,604189.5202877056,386831.57178368885,213.28000000000046,1286.051575592673,0.8888888888888888,8.717737516306276,9.606626405195165
uniform,142,46.87517623180696,17.488068480558866,3965.071604458224,2946.8425873144497,121.55240445822301,26.396434162412017,3943.519200000001,2940.459958162861,100.0,20.013805010823262,0.0,2438.3045320668584,0.0,23.85895171991262,2916.6010064429483,0.0,0.13268589973449707,0.021522045135498047,0.5,0.018518518518518517,608154.5918921639,389778.4143710033,214.80000000000047,1295.6582019978682,0.8888888888888888,8.717737516306276,9.606626405195165
uniform,143,49.607366744555556,19.90676094966602,3962.4250878794087,2936.317554164204,115.81996787940751,15.871401012166189,3946.605120000001,2940.459958162861,100.0,20.013805010823262,0.0,2481.452355896947,0.0,23.85895171991262,2916.6010064429483,0.0,0.16814899444580078,0.021547317504882812,0.5,0.018518518518518517,612117.0169800433,392714.7319251675,216.32000000000048,1305.2648284030633,0.8888888888888888,8.717737516306276,9.606626405195165
uniform,144,54.82633952012109,24.74436869653214,4396.0595125896325,2934.424995639124,128.84031258963134,13.978842487086148,4367.219200000001,2940.459958162861,100.0,20.013805010823262,0.0,2702.5571824377334,0.0,23.85895171991262,2916.6010064429483,0.0,0.1784512996673584,0.01852560043334961,0.5,0.018518518518518517,616513.0764926329,395649.1569208066,217.8400000000005,1314.8714548082585,0.8888888888888888,8.717737516306276,9.606626405195165
uniform,145,57.445335292217685,22.38203502161649,4399.978579253802,2948.5438616456304,128.16577925380304,28.09770849359266,4371.8128,2940.459958162861,100.0,20.013805010823262,0.0,2729.6094783744047,0.0,23.85895171991262,2916.6010064429483,0.0,0.11361575126647949,0.011997699737548828,0.5,0.018518518518518517,620913.0550718866,398597.70078245224,219.3600000000005,1324.4780812134536,0.8888888888888888,8.717737516306276,9.606626405195165
uniform,146,57.2807396718566,24.437652691867697,4372.467951709624,2941.914659236607,131.58795170962483,21.46850608456962,4340.879999999999,2940.459958162861,100.0,20.013805010823262,0.0,2730.0561626000735,0.0,23.85895171991262,2916.6010064429483,0.0,0.12024426460266113,0.00899958610534668,0.5,0.018518518518518517,625285.5230235963,401539.61544168886,220.8800000000005,1334.0847076186487,0.8888888888888888,8.717737516306276,9.606626405195165
uniform,147,57.42536768690892,21.715656492142788,4399.201963198988,2943.315500092116,141.17796319898724,22.86934694007851,4358.024,2940.459958162861,100.0,20.013805010823262,0.0,2751.813409093935,0.0,23.85895171991262,2916.6010064429483,0.0,0.12826204299926758,0.023520946502685547,0.5,0.018518518518518517,629684.7249867952,404482.930941781,222.40000000000052,1343.6913340238439,0.8888888888888888,8.717737516306276,9.606626405195165
uniform,148,55.87313356925379,24.045761535828685,4407.867822577585,2942.250709239953,141.5446225775848,21.804556087915493,4366.3232,2940.459958162861,100.0,20.013805010823262,0.0,2737.2302616956727,0.0,23.85895171991262,2916.6010064429483,0.0,0.14458060264587402,0.01999640464782715,0.5,0.018518518518518517,634092.5928093728,407425.18165102095,223.92000000000053,1353.297960429039,0.8888888888888888,8.717737516306276,9.606626405195165
uniform,149,50.1808150596057,18.633384340551064,3949.2957601523362,2938.332513876503,106.26040015233484,17.88636072446568,3943.035360000001,2940.459958162861,100.0,20.013805010823262,0.0,2474.012287188964,0.0,23.85895171991262,2916.6010064429483,0.0,0.1472182273864746,0.008999347686767578,0.5,0.018518518518518517,638041.8885695251,410363.51416489744,225.44000000000054,1362.9045868342341,0.8888888888888888,8.717737516306276,9.606626405195165
uniform,150,49.33714952819989,22.4168411965965,3976.228585005268,2935.8499309514236,124.75626500526684,15.403777799386344,3951.472320000001,2940.459958162861,100.0,20.013805010823262,0.0,2475.124137496342,0.0,23.85895171991262,2916.6010064429483,0.0,0.13695788383483887,0.024113178253173828,0.5,0.018518518518518517,642018.1171545304,413299.36409584887,226.96000000000055,1372.5112132394293,0.8888888888888888,8.717737516306276,9.606626405195165
uniform,151,56.68731772866042,24.27728167143354,4392.130055575511,2945.1515395504084,141.79405557550922,24.705386398370887,4350.336000000001,2940.459958162861,100.0,20.013805010823262,0.0,2710.5263346750817,0.0,23.85895171991262,2916.6010064429483,0.0,0.12574410438537598,0.02299642562866211,0.5,0.018518518518518517,646410.2472101059,416244.51563539926,228.48000000000056,1382.1178396446244,0.8888888888888888,8.717737516306276,9.606626405195165
uniform,152,58.273506046454344,23.88853372777856,4393.941892509633,2943.1897581247867,138.17389250963265,22.743604972749555,4355.768000000001,2940.459958162861,100.0,20.013805010823262,0.0,2729.5782681113983,0.0,23.85895171991262,2916.6010064429483,0.0,0.15732645988464355,0.023092031478881836,0.5,0.018518518518518517,650804.1891026155,419187.705393524,230.00000000000057,1391.7244660498195,0.8888888888888888,8.717737516306276,9.606626405195165
uniform,153,59.155911828027946,23.204184724703445,4388.359604777037,2935.2594038749003,133.18200477703814,14.813250722862353,4355.177599999999,2940.459958162861,100.0,20.013805010823262,0.0,2707.224006336054,0.0,23.85895171991262,2916.6010064429483,0.0,0.13493824005126953,0.011514902114868164,0.5,0.018518518518518517,655192.5487073925,422122.96479739895,231.52000000000058,1401.3310924550146,0.8888888888888888,8.717737516306276,9.606626405195165
uniform,154,59.01824212622245,22.192795759075228,4389.4558940161105,2945.7367489610624,132.0142940161106,25.290595809024396,4357.4416,2940.459958162861,100.0,20.013805010823262,0.0,2717.424813088991,0.0,23.85895171991262,2916.6010064429483,0.0,0.14380931854248047,0.012996196746826172,0.5,0.018518518518518517,659582.0046014086,425068.70154636004,233.0400000000006,1410.9377188602098,0.8888888888888888,8.717737516306276,9.606626405195165
uniform,155,57.2847582548535,24.4542266400804,4415.597556352653,2948.796430000856,148.15435635265163,28.350276848818382,4367.443200000001,2940.459958162861,100.0,20.013805010823262,0.0,2734.324881073224,0.0,23.85895171991262,2916.6010064429483,0.0,0.14647483825683594,0.023516416549682617,0.5,0.018518518518518517,663997.6021577612,428017.4979763609,234.5600000000006,1420.544345265405,0.8888888888888888,8.717737516306276,9.606626405195165
uniform,156,54.037465295888126,22.767899444533818,3979.130973627024,2943.116733459414,136.13593362702295,22.6705803073766,3942.995040000001,2940.459958162861,100.0,20.013805010823262,0.0,2469.8050534465456,0.0,23.85895171991262,2916.6010064429483,0.0,0.13268494606018066,0.009091615676879883,0.5,0.018518518518518517,667976.7331313882,430960.6147098203,236.0800000000006,1430.1509716706,0.8888888888888888,8.717737516306276,9.606626405195165
uniform,157,51.16236397647976,22.313877670076575,3966.7458379151576,2936.020271940306,125.11735791515707,15.574118788268448,3941.6284800000008,2940.459958162861,100.0,20.013805010823262,0.0,2457.880375049928,0.0,23.85895171991262,2916.6010064429483,0.0,0.11315417289733887,0.018199682235717773,0.5,0.018518518518518517,671943.4789693033,433896.63498176064,237.60000000000062,1439.7575980757952,0.8888888888888888,8.717737516306276,9.606626405195165
uniform,158,59.7238401477613,24.40032347181823,4394.244789229333,2943.672404563489,133.5983892293318,23.226251411451535,4360.646400000001,2940.459958162861,100.0,20.013805010823262,0.0,2734.764504598086,0.0,23.85895171991262,2916.6010064429483,0.0,0.12088704109191895,0.021990060806274414,0.5,0.018518518518518517,676337.7237585327,436840.3073863241,239.12000000000063,1449.3642244809903,0.8888888888888888,8.717737516306276,9.606626405195165
uniform,159,62.83053530252685,24.55053667744493,4416.603741373808,2942.839060653321,147.1205413738067,22.392907501283354,4369.483200000001,2940.459958162861,100.0,20.013805010823262,0.0,2714.827574905558,0.0,23.85895171991262,2916.6010064429483,0.0,0.2268054485321045,0.01310873031616211,0.5,0.018518518518518517,680754.3274999064,439783.1464469774,240.64000000000064,1458.9708508861854,0.8888888888888888,8.717737516306276,9.606626405195165
uniform,160,58.5987893782559,21.927758965055496,4391.103978017377,2950.3767039815766,142.49917801737678,29.930550829539268,4348.6048,2940.459958162861,100.0,20.013805010823262,0.0,2743.1550686654577,0.0,23.85895171991262,2916.6010064429483,0.0,0.14238739013671875,0.01299285888671875,0.5,0.018518518518518517,685145.4314779238,442733.523150959,242.16000000000065,1468.5774772913805,0.8888888888888888,8.717737516306276,9.606626405195165
uniform,161,61.75977671687062,24.497043004108868,4391.324415771603,2936.2894063217973,141.07001577160221,15.843253169759562,4350.254400000001,2940.459958162861,100.0,20.013805010823262,0.0,2726.785422824877,0.0,23.85895171991262,2916.6010064429483,0.0,0.1264801025390625,0.023014068603515625,0.5,0.018518518518518517,689536.7558936954,445669.81255728076,243.68000000000066,1478.1841036965757,0.8888888888888888,8.717737516306276,9.606626405195165
uniform,162,62.122230450043084,20.803374219214703,4400.155776339109,2958.1257283246705,134.41497633910996,37.679575172633086,4365.7408,2940.459958162861,100.0,20.013805010823262,0.0,2739.952599016646,0.0,23.85895171991262,2916.6010064429483,0.0,0.16652250289916992,0.011001825332641602,0.5,0.018518518518518517,693936.9116700345,448627.93828560546,245.20000000000067,1487.7907301017708,0.8888888888888888,8.717737516306276,9.606626405195165
uniform,163,56.24948888826651,19.443175763820026,3959.0276378300136,2948.638617327186,132.79995783001266,28.192464175148437,3926.227680000001,2940.459958162861,100.0,20.013805010823262,0.0,2440.4889674966043,0.0,23.85895171991262,2916.6010064429483,0.0,0.15783095359802246,0.018988370895385742,0.5,0.018518518518518517,697895.9393078645,451576.57690293266,246.72000000000068,1497.397356506966,0.8888888888888888,8.717737516306276,9.606626405195165
uniform,164,56.87879118480694,22.339126377623476,3982.587960169496,2952.1631889851815,136.9908401694951,31.717035833143576,3945.597120000001,2940.459958162861,100.0,20.013805010823262,0.0,2463.40209262515,0.0,23.85895171991262,2916.6010064429483,0.0,0.34885168075561523,0.015308380126953125,0.5,0.018518518518518517,701878.527268034,454528.74009191786,248.2400000000007,1507.003982912161,0.8888888888888888,8.717737516306276,9.606626405195165
uniform,165,61.219687170570985,21.361518259842573,4383.420811892918,2948.0086204411127,133.7120118929173,27.56246728907522,4349.708800000001,2940.459958162861,100.0,20.013805010823262,0.0,2735.358139899565,0.0,23.85895171991262,2916.6010064429483,0.0,0.13079404830932617,0.019996166229248047,0.5,0.018518518518518517,706261.948079927,457476.748712359,249.7600000000007,1516.6106093173562,0.8888888888888888,8.717737516306276,9.606626405195165
uniform,166,61.45049377696767,24.15257853326547,4405.101464483703,2946.1356099901222,145.97346448370223,25.68945683808502,4359.128000000001,2940.459958162861,100.0,20.013805010823262,0.0,2728.884098419767,0.0,23.85895171991262,2916.6010064429483,0.0,0.12686800956726074,0.020946025848388672,0.5,0.018518518518518517,710667.0495444107,460422.8843223491,251.2800000000007,1526.2172357225513,0.8888888888888888,8.717737516306276,9.606626405195165
uniform,167,61.095087016692595,22.070533101313764,4390.552231751008,2953.70122215052,135.37463175100837,33.25506899848223,4355.177599999999,2940.459958162861,100.0,20.013805010823262,0.0,2729.493624842443,0.0,23.85895171991262,2916.6010064429483,0.0,0.13555073738098145,0.020999431610107422,0.5,0.018518518518518517,715057.6017761617,463376.5855444996,252.80000000000072,1535.8238621277465,0.8888888888888888,8.717737516306276,9.606626405195165
uniform,168,63.120279229465986,21.887574860256564,4388.603682077342,2958.091435611973,137.7668820773412,37.64528245993563,4350.8368,2940.459958162861,100.0,20.013805010823262,0.0,2714.7873195082775,0.0,23.85895171991262,2916.6010064429483,0.0,0.13035988807678223,0.023731470108032227,0.5,0.018518518518518517,719446.2054582391,466334.6769801116,254.32000000000073,1545.4304885329416,0.8888888888888888,8.717737516306276,9.606626405195165
uniform,169,62.083245668849976,24.161703700222404,4421.160818100675,2952.5116715253025,154.8824181006749,32.06551837326481,4366.2784,2940.459958162861,100.0,20.013805010823262,0.0,2727.6631810005974,0.0,23.85895171991262,2916.6010064429483,0.0,0.13130402565002441,0.015029191970825195,0.5,0.018518518518518517,723867.3662763397,469287.1886516369,255.84000000000074,1555.0371149381367,0.8888888888888888,8.717737516306276,9.606626405195165
uniform,170,53.71403248739431,19.09422472623007,3959.5938436696324,2942.247008175963,128.94248366963103,21.800855023925042,3930.651360000001,2940.459958162861,100.0,20.013805010823262,0.0,2446.9405562805932,0.0,23.85895171991262,2916.6010064429483,0.0,0.10587263107299805,0.012096405029296875,0.5,0.018518518518518517,727826.9601200094,472229.4356598128,257.36000000000075,1564.6437413433318,0.8888888888888888,8.717737516306276,9.606626405195165
uniform,171,55.13348153286514,19.396543526400574,3964.9216629125444,2951.5919629438768,131.2650229125432,31.145809791839408,3933.656640000001,2940.459958162861,100.0,20.013805010823262,0.0,2459.852004246342,0.0,23.85895171991262,2916.6010064429483,0.0,0.11893224716186523,0.008688688278198242,0.5,0.018518518518518517,731791.881782922,475181.0276227567,258.88000000000073,1574.250367748527,0.8888888888888888,8.717737516306276,9.606626405195165
uniform,172,65.23109419914344,21.494358946740796,4393.77347572665,2949.5103381437584,145.18467572664878,29.06418499172105,4348.588800000001,2940.459958162861,100.0,20.013805010823262,0.0,2719.9691645495946,0.0,23.85895171991262,2916.6010064429483,0.0,0.23512744903564453,0.012998819351196289,0.5,0.018518518518518517,736185.6552586486,478130.53796090046,260.4000000000007,1583.856994153722,0.8888888888888888,8.717737516306276,9.606626405195165
uniform,173,63.87649764135225,22.79001898103333,4399.584985041106,2949.3753067660446,136.12418504110613,28.929153614006722,4363.4608,2940.459958162861,100.0,20.013805010823262,0.0,2723.669616310068,0.0,23.85895171991262,2916.6010064429483,0.0,0.13347291946411133,0.01262807846069336,0.5,0.018518518518518517,740585.2402436896,481079.91326766653,261.9200000000007,1593.4636205589172,0.8888888888888888,8.717737516306276,9.606626405195165
uniform,174,65.8050137334734,21.512821626007423,4384.970966719641,2957.196156416421,140.730966719641,36.750003264383906,4344.24,2940.459958162861,100.0,20.013805010823262,0.0,2711.8680908694955,0.0,23.85895171991262,2916.6010064429483,0.0,0.13138794898986816,0.012109041213989258,0.5,0.018518518518518517,744970.2112104093,484037.10942408297,263.4400000000007,1603.0702469641124,0.8888888888888888,8.717737516306276,9.606626405195165
uniform,175,63.93778206822773,22.1062178413134,4405.673911737277,2950.0814645908804,149.35231173727664,29.63531143884301,4356.3216,2940.459958162861,100.0,20.013805010823262,0.0,2722.629147332985,0.0,23.85895171991262,2916.6010064429483,0.0,0.11671304702758789,0.02301645278930664,0.5,0.018518518518518517,749375.8851221466,486987.1908886738,264.96000000000066,1612.6768733693075,0.8888888888888888,8.717737516306276,9.606626405195165
uniform,176,62.386669041931036,21.562395111526513,4401.660347356545,2948.2148696140157,143.10674735654447,27.768716461977714,4358.5536,2940.459958162861,100.0,20.013805010823262,0.0,2743.2661566862325,0.0,23.85895171991262,2916.6010064429483,0.0,0.17629098892211914,0.018123626708984375,0.5,0.018518518518518517,753777.5454695032,489935.4057582878,266.48000000000064,1622.2834997745026,0.8888888888888888,8.717737516306276,9.606626405195165
uniform,177,58.298417239524305,19.176523121121516,3965.862289726606,2955.470592600378,129.79076972660525,35.02443944834033,3936.071520000001,2940.459958162861,100.0,20.013805010823262,0.0,2485.916519230093,0.0,23.85895171991262,2916.6010064429483,0.0,0.1369936466217041,0.02494359016418457,0.5,0.018518518518518517,757743.4077592298,492890.87635088817,268.0000000000006,1631.8901261796977,0.8888888888888888,8.717737516306276,9.606626405195165
uniform,178,59.41522926945256,21.06544790619253,3977.710229433473,2952.8928898575023,139.10574943347228,32.446736705464495,3938.604480000001,2940.459958162861,100.0,20.013805010823262,0.0,2470.9539314765684,0.0,23.85895171991262,2916.6010064429483,0.0,0.14871621131896973,0.012049674987792969,0.5,0.018518518518518517,761721.1179886633,495843.7692407457,269.5200000000006,1641.4967525848929,0.8888888888888888,8.717737516306276,9.606626405195165
uniform,179,66.0296587233803,24.570236950537495,4422.934300426583,2954.7843533805953,166.6527004265817,34.338200228558186,4356.281600000001,2940.459958162861,100.0,20.013805010823262,0.0,2705.6124749492183,0.0,23.85895171991262,2916.6010064429483,0.0,0.12625837326049805,0.016078948974609375,0.5,0.018518518518518517,766144.0522890899,498798.5535941263,271.0400000000006,1651.103378990088,0.8888888888888888,8.717737516306276,9.606626405195165
uniform,180,65.610394469496,23.500836817935195,4413.096489314637,2955.592166374033,136.4580893146374,35.146013221995176,4376.6384,2940.459958162861,100.0,20.013805010823262,0.0,2749.1138670490727,0.0,23.85895171991262,2916.6010064429483,0.0,0.13907361030578613,0.021768569946289062,0.5,0.018518518518518517,770557.1487784046,501754.14576050034,272.56000000000057,1660.7100053952831,0.8888888888888888,8.717737516306276,9.606626405195165
uniform,181,69.10753657379082,24.84304180565935,4414.561488787652,2928.541895089178,159.38388878765315,-26.94248647757551,4355.177599999999,2975.2092513240973,100.0,19.72486975734375,0.0,2710.4503816410615,0.0,32.53493416351721,2942.67431716058,0.0,0.1210939884185791,0.015996694564819336,0.5,0.010101010101010102,774971.7102671922,504682.68765558954,274.08000000000055,1670.1779428788082,0.4848484848484849,8.983088998676514,9.467937483524999
uniform,182,67.80321109234661,23.045232004530916,4403.263722160572,2937.9361681895452,158.4621221605713,-17.548213377208324,4344.801600000001,2975.2092513240973,100.0,19.72486975734375,0.0,2719.7140530650972,0.0,32.53493416351721,2942.67431716058,0.0,0.1220097541809082,0.01725029945373535,0.5,0.010101010101010102,779374.9739893528,507620.6238237791,275.60000000000053,1679.6458803623332,0.4848484848484849,8.983088998676514,9.467937483524999
uniform,183,67.63739347547047,21.56063740979482,4409.286927022153,2939.72318998725,143.00852702215255,-15.761191579503798,4366.2784,2975.2092513240973,100.0,19.72486975734375,0.0,2753.6108169578833,0.0,32.53493416351721,2942.67431716058,0.0,0.12839627265930176,0.020081281661987305,0.5,0.010101010101010102,783784.260916375,510560.34701376635,277.1200000000005,1689.1138178458582,0.4848484848484849,8.983088998676514,9.467937483524999
uniform,184,60.90873342515963,23.39393602525782,3978.503893765037,2951.7856391193554,146.84453376503566,31.3394859673179,3931.6593600000015,2940.459958162861,100.0,20.013805010823262,0.0,2450.4699587830896,0.0,23.85895171991262,2916.6010064429483,0.0,0.15345382690429688,0.024111032485961914,0.5,0.018518518518518517,787762.76481014,513512.1326528857,278.6400000000005,1698.7204442510533,0.8888888888888888,8.717737516306276,9.606626405195165
uniform,185,64.39650229598227,20.200283503059946,3993.094450553585,2956.189551526467,155.01413055358378,35.74339837442965,3938.080320000001,2940.459958162861,100.0,20.013805010823262,0.0,2446.3798664033675,0.0,23.85895171991262,2916.6010064429483,0.0,0.12707304954528809,0.0090179443359375,0.5,0.018518518518518517,791755.8592606935,516468.32220441214,280.1600000000005,1708.3270706562485,0.8888888888888888,8.717737516306276,9.606626405195165
uniform,186,72.91439051811676,24.412990720637453,4410.321067073555,2932.6079528947494,158.327467073555,-22.87642867200445,4351.993600000001,2975.2092513240973,100.0,19.72486975734375,0.0,2707.4667726969114,0.0,32.53493416351721,2942.67431716058,0.0,0.10231328010559082,0.009087324142456055,0.5,0.010101010101010102,796166.180327767,519400.9301573069,281.68000000000046,1717.7950081397735,0.4848484848484849,8.983088998676514,9.467937483524999
uniform,187,71.08677553908332,22.97461524898611,4411.540005376415,2930.150329938334,150.70960537641557,-25.334051628419864,4360.8304,2975.2092513240973,100.0,19.72486975734375,0.0,2725.1846381823225,0.0,32.53493416351721,2942.67431716058,0.0,0.14620685577392578,0.02505970001220703,0.5,0.010101010101010102,800577.7203331435,522331.0804872452,283.20000000000044,1727.2629456232985,0.4848484848484849,8.983088998676514,9.467937483524999
uniform,188,67.1192151031503,21.148690033457047,4399.299636623326,2959.219992337612,145.77963662332738,38.773839185574076,4353.519999999999,2940.459958162861,100.0,20.013805010823262,0.0,2704.409120129477,0.0,23.85895171991262,2916.6010064429483,0.0,0.13597345352172852,0.008175849914550781,0.5,0.018518518518518517,804977.0199697668,525290.3004795829,284.7200000000004,1736.8695720284936,0.8888888888888888,8.717737516306276,9.606626405195165
uniform,189,70.43912578346031,24.27910692593236,4407.92206366664,2943.454127097208,164.19566366663895,-12.030254469545689,4343.7264000000005,2975.2092513240973,100.0,19.72486975734375,0.0,2715.486490322441,0.0,32.53493416351721,2942.67431716058,0.0,0.14710712432861328,0.01599907875061035,0.5,0.010101010101010102,809384.9420334335,528233.75460668,286.2400000000004,1746.3375095120186,0.4848484848484849,8.983088998676514,9.467937483524999
uniform,190,67.13854558328812,22.65840195572177,4413.648568918083,2952.8977590498525,147.3253689180833,32.4516058978151,4366.3232,2940.459958162861,100.0,20.013805010823262,0.0,2737.018901786802,0.0,23.85895171991262,2916.6010064429483,0.0,0.11426806449890137,0.01420736312866211,0.5,0.018518518518518517,813798.5906023516,531186.6523657299,287.7600000000004,1755.9441359172138,0.8888888888888888,8.717737516306276,9.606626405195165
uniform,191,61.089734155337474,20.537169200363834,3966.568650279275,2954.0961269253266,123.57361027927378,33.649973773288615,3942.995040000001,2940.459958162861,100.0,20.013805010823262,0.0,2466.4440974831637,0.0,23.85895171991262,2916.6010064429483,0.0,0.129150390625,0.023997783660888672,0.5,0.018518518518518517,817765.1592526309,534140.7484926552,289.28000000000037,1765.550762322409,0.8888888888888888,8.717737516306276,9.606626405195165
uniform,192,63.662491340690956,21.932551324066242,3981.385979055758,2943.309008121979,137.36133905575713,22.86285496994163,3944.024640000001,2940.459958162861,100.0,20.013805010823262,0.0,2474.827254659594,0.0,23.85895171991262,2916.6010064429483,0.0,0.13547778129577637,0.02353525161743164,0.5,0.018518518518518517,821746.5452316867,537084.0575007772,290.80000000000035,1775.157388727604,0.8888888888888888,8.717737516306276,9.606626405195165
uniform,193,70.27309508983275,24.019005274349087,4414.95093217741,2932.4531450611116,152.55733217740908,-23.03123650564215,4362.393600000001,2975.2092513240973,100.0,19.72486975734375,0.0,2720.1206042683825,0.0,32.53493416351721,2942.67431716058,0.0,0.12178516387939453,0.022995471954345703,0.5,0.010101010101010102,826161.496163864,540016.5106458383,292.32000000000033,1784.625326211129,0.4848484848484849,8.983088998676514,9.467937483524999
uniform,194,70.02827577625989,21.51019714876259,4421.445302708617,2962.7772577010883,151.9621027086169,42.33110454905113,4369.483200000001,2940.459958162861,100.0,20.013805010823262,0.0,2711.4299288353445,0.0,23.85895171991262,2916.6010064429483,0.0,0.14887356758117676,0.02285027503967285,0.5,0.018518518518518517,830582.9414665727,542979.2879035394,293.8400000000003,1794.2319526163242,0.8888888888888888,8.717737516306276,9.606626405195165
uniform,195,72.32580441960101,24.31519022182215,4414.467433714886,2931.4398656619305,178.50263371488631,-24.044515904822948,4335.9648,2975.2092513240973,100.0,19.72486975734375,0.0,2713.9366232440166,0.0,32.53493416351721,2942.67431716058,0.0,0.16440749168395996,0.02287459373474121,0.5,0.010101010101010102,834997.4089002876,545910.7277692013,295.3600000000003,1803.6998900998492,0.4848484848484849,8.983088998676514,9.467937483524999
uniform,196,74.26111979640984,19.780798052886336,4398.771465101615,2972.053215181584,152.8050651016147,51.607062029546476,4345.9664,2940.459958162861,100.0,20.013805010823262,0.0,2732.8198186500645,0.0,23.85895171991262,2916.6010064429483,0.0,0.11406326293945312,0.009000062942504883,0.5,0.018518518518518517,839396.1803653892,548882.7809843828,296.8800000000003,1813.3065165050443,0.8888888888888888,8.717737516306276,9.606626405195165
uniform,197,71.45095553392356,24.238409799896882,4431.250403695049,2964.984760460705,171.03920369504849,44.53860730866715,4360.2112,2940.459958162861,100.0,20.013805010823262,0.0,2751.1887346930553,0.0,23.85895171991262,2916.6010064429483,0.0,0.10935258865356445,0.010996103286743164,0.5,0.018518518518518517,843827.4307690843,551847.7657448435,298.40000000000026,1822.9131429102395,0.8888888888888888,8.717737516306276,9.606626405195165
uniform,198,64.96544313941659,18.005468968428023,3967.0351385435315,2954.2840276903016,139.67849854353065,33.83787453826393,3927.356640000001,2940.459958162861,100.0,20.013805010823262,0.0,2468.7735412653583,0.0,23.85895171991262,2916.6010064429483,0.0,0.13054776191711426,0.01774144172668457,0.5,0.018518518518518517,847794.4659076278,554802.0497725338,299.92000000000024,1832.5197693154346,0.8888888888888888,8.717737516306276,9.606626405195165
uniform,199,66.26418103300598,20.075113841569877,3994.2842386342513,2945.658054298221,148.72743863425012,25.211901146183386,3945.556800000001,2940.459958162861,100.0,20.013805010823262,0.0,2468.1844125898047,0.0,23.85895171991262,2916.6010064429483,0.0,0.15158605575561523,0.02111053466796875,0.5,0.018518518518518517,851788.7501462621,557747.7078268321,301.4400000000002,1842.1263957206297,0.8888888888888888,8.717737516306276,9.606626405195165
uniform,200,73.86155383057145,23.464294691434056,4421.364989813104,2934.3191416243885,158.97138981310354,-21.165239942365286,4362.393600000001,2975.2092513240973,100.0,19.72486975734375,0.0,2749.406436642474,0.0,32.53493416351721,2942.67431716058,0.0,0.13229060173034668,0.013990163803100586,0.5,0.010101010101010102,856210.1151360752,560682.0269684565,302.9600000000002,1851.5943332041547,0.4848484848484849,8.983088998676514,9.467937483524999
uniform,201,75.16702471845572,22.600775897201004,4430.213875409642,2929.6786341478246,165.6330754096424,-25.805747418928867,4364.5808,2975.2092513240973,100.0,19.72486975734375,0.0,2735.693726060541,0.0,32.53493416351721,2942.67431716058,0.0,0.11194801330566406,0.012951374053955078,0.5,0.010101010101010102,860640.3290114849,563611.7056026043,304.4800000000002,1861.0622706876798,0.4848484848484849,8.983088998676514,9.467937483524999
uniform,202,76.22836388852572,25.58531388822953,4415.856628621742,2933.6810575683603,161.84382862174272,-21.803323998393395,4354.0127999999995,2975.2092513240973,100.0,19.72486975734375,0.0,2722.1279912163845,0.0,32.53493416351721,2942.67431716058,0.0,0.13054323196411133,0.023546457290649414,0.5,0.010101010101010102,865056.1856401066,566545.3866601727,306.00000000000017,1870.5302081712048,0.4848484848484849,8.983088998676514,9.467937483524999
uniform,203,74.33966639714576,22.68157747349098,4419.887175242645,2960.9543177736114,169.05037524264495,40.508164621573606,4350.8368,2940.459958162861,100.0,20.013805010823262,0.0,2696.2768201378576,0.0,23.85895171991262,2916.6010064429483,0.0,0.16991138458251953,0.022008419036865234,0.5,0.018518518518518517,869476.0728153492,569506.3409779463,307.52000000000015,1880.1368345764,0.8888888888888888,8.717737516306276,9.606626405195165
uniform,204,75.87820261182219,24.36118331240573,4429.058696409221,2933.168807397826,177.07789640922175,-22.315574168927373,4351.980799999999,2975.2092513240973,100.0,19.72486975734375,0.0,2699.9103354037975,0.0,32.53493416351721,2942.67431716058,0.0,0.14730381965637207,0.009999752044677734,0.5,0.010101010101010102,873905.1315117584,572439.5097853441,309.04000000000013,1889.604772059925,0.4848484848484849,8.983088998676514,9.467937483524999
uniform,205,69.66710545558354,20.629350756877724,3988.80152372669,2959.8026436022383,145.806483726689,39.356490450201086,3942.995040000001,2940.459958162861,100.0,20.013805010823262,0.0,2471.000026546359,0.0,23.85895171991262,2916.6010064429483,0.0,0.12606143951416016,0.020847797393798828,0.5,0.018518518518518517,877893.9330354851,575399.3124289464,310.5600000000001,1899.21139846512,0.8888888888888888,8.717737516306276,9.606626405195165
uniform,206,69.47570124616813,20.946778564391515,3986.4696506214345,2965.0940080386836,153.7806906214337,44.647854886645526,3932.688960000001,2940.459958162861,100.0,20.013805010823262,0.0,2475.176329546325,0.0,23.85895171991262,2916.6010064429483,0.0,0.1227412223815918,0.021625280380249023,0.5,0.018518518518518517,881880.4026861065,578364.406436985,312.0800000000001,1908.8180248703152,0.8888888888888888,8.717737516306276,9.606626405195165
uniform,207,77.12572411695417,22.26948479512534,4429.710900617023,2930.8687211386136,178.29970061702258,-24.615660428140142,4351.4112000000005,2975.2092513240973,100.0,19.72486975734375,0.0,2715.7697610568816,0.0,32.53493416351721,2942.67431716058,0.0,0.11491203308105469,0.02300739288330078,0.5,0.010101010101010102,886310.1135867236,581295.2751581236,313.6000000000001,1918.2859623538402,0.4848484848484849,8.983088998676514,9.467937483524999
uniform,208,76.70671369473838,23.776666991110393,4427.847365829841,2937.0294618946355,157.7817658298407,-18.454919672118336,4370.0656,2975.2092513240973,100.0,19.72486975734375,0.0,2735.7875240411504,0.0,32.53493416351721,2942.67431716058,0.0,0.14584136009216309,0.008998394012451172,0.5,0.010101010101010102,890737.9609525534,584232.3046200182,315.12000000000006,1927.7538998373652,0.4848484848484849,8.983088998676514,9.467937483524999
uniform,209,81.80321136307873,23.290265281214126,4427.0535927313895,2933.2262765066966,179.0311927313905,-22.258105060057048,4348.022399999999,2975.2092513240973,100.0,19.72486975734375,0.0,2718.800456969689,0.0,32.53493416351721,2942.67431716058,0.0,0.17648005485534668,0.01789069175720215,0.5,0.010101010101010102,895165.0145452848,587165.5308965249,316.64000000000004,1937.2218373208902,0.4848484848484849,8.983088998676514,9.467937483524999
uniform,210,78.6036606354538,25.064270704086745,4433.997020035062,2931.7314464174506,176.55542003506162,-23.75293514930294,4357.4416,2975.2092513240973,100.0,19.72486975734375,0.0,2742.7820753578435,0.0,32.53493416351721,2942.67431716058,0.0,0.1455702781677246,0.011116981506347656,0.5,0.010101010101010102,899599.0115653198,590097.2623429423,318.16,1946.6897748044153,0.4848484848484849,8.983088998676514,9.467937483524999
uniform,211,80.49998203503635,18.933623907873827,4419.018096227024,2961.9251543394894,164.25969622702442,41.479001187451935,4354.7584,2940.459958162861,100.0,20.013805010823262,0.0,2741.5710902926407,0.0,23.85895171991262,2916.6010064429483,0.0,0.14923906326293945,0.021534442901611328,0.5,0.018518518518518517,904018.0296615469,593059.1874972818,319.68,1956.2964012096104,0.8888888888888888,8.717737516306276,9.606626405195165
uniform,212,71.16707104317659,17.037203111271484,3985.7542012127324,2960.65933575311,143.72684121273107,40.21318260107278,3942.0273600000014,2940.459958162861,100.0,20.013805010823262,0.0,2454.09293370765,0.0,23.85895171991262,2916.6010064429483,0.0,0.1272749900817871,0.019011497497558594,0.5,0.018518518518518517,908003.7838627597,596019.8468330349,321.2,1965.9030276148055,0.8888888888888888,8.717737516306276,9.606626405195165
uniform,213,69.75134630215267,22.129738399557635,4001.907892191579,2968.882480358994,150.9194121915781,48.43632720695618,3950.988480000001,2940.459958162861,100.0,20.013805010823262,0.0,2473.1510187580766,0.0,23.85895171991262,2916.6010064429483,0.0,0.1479320526123047,0.018011808395385742,0.5,0.018518518518518517,912005.6917549513,598988.7293133938,322.71999999999997,1975.5096540200007,0.8888888888888888,8.717737516306276,9.606626405195165
uniform,214,78.94647962245057,22.735818821903937,4426.967749945396,2932.4004156322294,176.63174994539423,-23.08396593452405,4350.336000000001,2975.2092513240973,100.0,19.72486975734375,0.0,2710.865890418354,0.0,32.53493416351721,2942.67431716058,0.0,0.14004969596862793,0.015105724334716797,0.5,0.010101010101010102,916432.6595048966,601921.129729026,324.23999999999995,1984.9775915035257,0.4848484848484849,8.983088998676514,9.467937483524999
uniform,215,79.69218979253121,24.853549999437558,4442.013605962772,2928.9183531585672,171.94800596277233,-26.566028408186355,4370.0656,2975.2092513240973,100.0,19.72486975734375,0.0,2749.276976804492,0.0,32.53493416351721,2942.67431716058,0.0,0.12178325653076172,0.02261805534362793,0.5,0.010101010101010102,920874.6731108594,604850.0480821845,325.75999999999993,1994.4455289870507,0.4848484848484849,8.983088998676514,9.467937483524999
uniform,216,80.68526400750473,20.873818116458107,4430.501049776756,2927.5548225180382,175.3234497767573,-27.92955904871559,4355.177599999999,2975.2092513240973,100.0,19.72486975734375,0.0,2715.692860717981,0.0,32.53493416351721,2942.67431716058,0.0,0.15836000442504883,0.02294635772705078,0.5,0.010101010101010102,925305.1741606361,607777.6029047025,327.2799999999999,2003.9134664705757,0.4848484848484849,8.983088998676514,9.467937483524999
uniform,217,79.33466149503745,22.534710003184745,4428.5675774530655,2933.516929128318,165.135577453066,-21.96745243843529,4363.432,2975.2092513240973,100.0,19.72486975734375,0.0,2718.244761507107,0.0,32.53493416351721,2942.67431716058,0.0,0.12338924407958984,0.013987064361572266,0.5,0.010101010101010102,929733.7417380892,610711.1198338309,328.7999999999999,2013.3814039541007,0.4848484848484849,8.983088998676514,9.467937483524999
uniform,218,80.25261145838502,24.711053474938414,4430.2351148106845,2934.30897728592,168.90391481068508,-21.17540428083402,4361.3312,2975.2092513240973,100.0,19.72486975734375,0.0,2703.7562472573363,0.0,32.53493416351721,2942.67431716058,0.0,0.0844118595123291,0.022116422653198242,0.5,0.010101010101010102,934163.9768528999,613645.4288111167,330.3199999999999,2022.8493414376258,0.4848484848484849,8.983088998676514,9.467937483524999
uniform,219,72.52409420616554,21.334799077247645,3998.104441204534,2937.4602022695008,155.1094012045328,-18.02417929725309,3942.995040000001,2975.2092513240973,100.0,19.72486975734375,0.0,2480.911770248581,0.0,32.53493416351721,2942.67431716058,0.0,0.1346445083618164,0.02374124526977539,0.5,0.010101010101010102,938162.0812941045,616582.8890133862,331.83999999999986,2032.3172789211508,0.4848484848484849,8.983088998676514,9.467937483524999
uniform,220,73.18503352887042,22.38643120524184,4008.363934708127,2933.8039057753963,162.80713470812566,-21.680475791357356,3945.556800000001,2975.2092513240973,100.0,19.72486975734375,0.0,2466.794972626487,0.0,32.53493416351721,2942.67431716058,0.0,0.1423046588897705,0.01399374008178711,0.5,0.010101010101010102,942170.4452288126,619516.6929191616,333.35999999999984,2041.7852164046758,0.4848484848484849,8.983088998676514,9.467937483524999
uniform,221,83.41454036304863,22.976168288075804,4429.291779786066,2924.060025366511,163.19257978606473,-31.42435620024256,4366.0992000000015,2975.2092513240973,100.0,19.72486975734375,0.0,2751.779311157482,0.0,32.53493416351721,2942.67431716058,0.0,0.1392381191253662,0.017516613006591797,0.5,0.010101010101010102,946599.7370085987,622440.7529445281,334.8799999999998,2051.253153888201,0.4848484848484849,8.983088998676514,9.467937483524999
uniform,222,84.9911160564511,21.92605323957532,4436.368181812968,2927.696474694479,179.43538181296776,-27.787906872274547,4356.9328000000005,2975.2092513240973,100.0,19.72486975734375,0.0,2714.781405095419,0.0,32.53493416351721,2942.67431716058,0.0,0.12641215324401855,0.02399921417236328,0.5,0.010101010101010102,951036.1051904117,625368.4494192227,336.3999999999998,2060.721091371726,0.4848484848484849,8.983088998676514,9.467937483524999
uniform,223,82.87666822740407,22.910541786282657,4423.189938130568,2922.6669706535235,187.76273813056787,-32.817410913229985,4335.4272,2975.2092513240973,100.0,19.72486975734375,0.0,2691.1627966317483,0.0,32.53493416351721,2942.67431716058,0.0,0.156724214553833,0.014893293380737305,0.5,0.010101010101010102,955459.2951285422,628291.1163898762,337.9199999999998,2070.189028855251,0.4848484848484849,8.983088998676514,9.467937483524999
uniform,224,84.88548182093353,23.013732973873935,4434.229158985846,2927.9403662045775,170.21475898584595,-27.544015362176033,4364.0144,2975.2092513240973,100.0,19.72486975734375,0.0,2719.016218426015,0.0,32.53493416351721,2942.67431716058,0.0,0.16631221771240234,0.02309894561767578,0.5,0.010101010101010102,959893.5242875281,631219.0567560808,339.43999999999977,2079.656966338776,0.4848484848484849,8.983088998676514,9.467937483524999
uniform,225,83.5869581133221,20.895749651940154,4435.967970513702,2931.2094439531993,163.65437051370208,-24.274937613554386,4372.3136,2975.2092513240973,100.0,19.72486975734375,0.0,2732.1457992109704,0.0,32.53493416351721,2942.67431716058,0.0,0.1554093360900879,0.023829221725463867,0.5,0.010101010101010102,964329.4922580419,634150.2662000341,340.95999999999975,2089.124903822301,0.4848484848484849,8.983088998676514,9.467937483524999
uniform,226,77.09530981475741,20.88301721622349,3990.1259951722436,2976.911591714148,152.48199517224273,56.465438562110066,3937.6440000000007,2940.459958162861,100.0,20.013805010823262,0.0,2468.8267332939035,0.0,23.85895171991262,2916.6010064429483,0.0,0.1220102310180664,0.011101722717285156,0.5,0.018518518518518517,968319.618253214,637127.1777917482,342.47999999999973,2098.731530227496,0.8888888888888888,8.717737516306276,9.606626405195165
uniform,227,75.27074084518883,19.713568189845162,4002.7927718916317,2932.504374610689,156.71181189163042,-22.98000695606483,3946.080960000001,2975.2092513240973,100.0,19.72486975734375,0.0,2482.004230172804,0.0,32.53493416351721,2942.67431716058,0.0,0.12716174125671387,0.012464046478271484,0.5,0.010101010101010102,972322.4110251056,640059.6821663589,343.9999999999997,2108.199467711021,0.4848484848484849,8.983088998676514,9.467937483524999
uniform,228,84.2937320143834,20.424489438787756,4429.242269881747,2928.64214004027,181.19106988174667,-26.84224152648338,4348.051200000001,2975.2092513240973,100.0,19.72486975734375,0.0,2717.3185305067054,0.0,32.53493416351721,2942.67431716058,0.0,0.07497334480285645,0.01452183723449707,0.5,0.010101010101010102,976751.6532949874,642988.3243063992,345.5199999999997,2117.667405194546,0.4848484848484849,8.983088998676514,9.467937483524999
uniform,229,84.89367479375393,20.709826052407884,4437.712472118197,2925.6411647126433,179.16687211819715,-29.84321685411031,4358.5456,2975.2092513240973,100.0,19.72486975734375,0.0,2722.0063664723657,0.0,32.53493416351721,2942.67431716058,0.0,0.14049649238586426,0.01300191879272461,0.5,0.010101010101010102,981189.3657671056,645913.9654711118,347.0399999999997,2127.135342678071,0.4848484848484849,8.983088998676514,9.467937483524999
uniform,230,88.46501449390422,27.347272545546364,4427.918149864336,2930.9116487818424,184.8429498643362,-24.572732784911125,4343.075199999999,2975.2092513240973,100.0,19.72486975734375,0.0,2704.875512227843,0.0,32.53493416351721,2942.67431716058,0.0,0.15079069137573242,0.010611772537231445,0.5,0.010101010101010102,985617.2839169699,648844.8771198937,348.55999999999966,2136.603280161596,0.4848484848484849,8.983088998676514,9.467937483524999
uniform,231,88.78991491053712,25.05061904001668,4443.9449723754515,2937.0305317505063,191.98817237545057,-18.453849816247427,4351.956800000001,2975.2092513240973,100.0,19.72486975734375,0.0,2733.3247710293226,0.0,32.53493416351721,2942.67431716058,0.0,0.12812137603759766,0.011103630065917969,0.5,0.010101010101010102,990061.2288893453,651781.9076516442,350.07999999999964,2146.071217645121,0.4848484848484849,8.983088998676514,9.467937483524999
uniform,232,84.34409027993597,24.02585679042642,4445.740446827816,2931.914833886221,178.8796468278165,-23.56954768053251,4366.8608,2975.2092513240973,100.0,19.72486975734375,0.0,2721.2188871650037,0.0,32.53493416351721,2942.67431716058,0.0,0.12154603004455566,0.012999534606933594,0.5,0.010101010101010102,994506.9693361731,654713.8224855304,351.5999999999996,2155.539155128646,0.4848484848484849,8.983088998676514,9.467937483524999
uniform,233,80.16942590497666,21.351022102089512,3987.699110169977,2931.590189139435,161.95527016997568,-23.894192427318607,3925.743840000001,2975.2092513240973,100.0,19.72486975734375,0.0,2449.9971634659173,0.0,32.53493416351721,2942.67431716058,0.0,0.11223149299621582,0.0135498046875,0.5,0.010101010101010102,998494.6684463432,657645.4126746699,353.1199999999996,2165.007092612171,0.4848484848484849,8.983088998676514,9.467937483524999
uniform,234,80.93097097381752,21.87044849713116,4006.727918264919,2929.812644581815,156.30391826491817,-25.671736984938494,3950.424000000001,2975.2092513240973,100.0,19.72486975734375,0.0,2486.9986024242453,0.0,32.53493416351721,2942.67431716058,0.0,0.2527885437011719,0.014001846313476562,0.5,0.010101010101010102,1002501.3963646081,660575.2253192517,354.6399999999996,2174.475030095696,0.4848484848484849,8.983088998676514,9.467937483524999
uniform,235,90.16215652691652,22.032637217114807,4443.861668060571,2916.973792157639,180.88566806056951,-38.510589409114736,4362.9760000000015,2975.2092513240973,100.0,19.72486975734375,0.0,2724.150375757067,0.0,32.53493416351721,2942.67431716058,0.0,0.11565589904785156,0.013216495513916016,0.5,0.010101010101010102,1006945.2580326686,663492.1991114093,356.15999999999957,2183.942967579221,0.4848484848484849,8.983088998676514,9.467937483524999
uniform,236,89.85759965681564,19.52090896940532,4447.294070032766,2922.145197884185,175.4812700327662,-33.33918368256843,4371.8128,2975.2092513240973,100.0,19.72486975734375,0.0,2740.9091695594884,0.0,32.53493416351721,2942.67431716058,0.0,0.12311244010925293,0.042107582092285156,0.5,0.010101010101010102,1011392.5521027014,666414.3443092934,357.67999999999955,2193.410905062746,0.4848484848484849,8.983088998676514,9.467937483524999
uniform,237,88.46347809801284,20.990200385194644,4423.914535215028,2927.434938484035,175.30973521502764,-28.049443082718778,4348.6048,2975.2092513240973,100.0,19.72486975734375,0.0,2709.3138383920973,0.0,32.53493416351721,2942.67431716058,0.0,0.1336660385131836,0.008997201919555664,0.5,0.010101010101010102,1015816.4666379164,669341.7792477774,359.19999999999953,2202.8788425462712,0.4848484848484849,8.983088998676514,9.467937483524999
uniform,238,91.52328704600946,23.90787531788533,4456.044513721628,2929.5091067902167,203.55011372162764,-25.975274776536846,4352.4944000000005,2975.2092513240973,100.0,19.72486975734375,0.0,2716.520224749034,0.0,32.53493416351721,2942.67431716058,0.0,0.1113436222076416,0.01562190055847168,0.5,0.010101010101010102,1020272.511151638,672271.2883545676,360.7199999999995,2212.3467800297963,0.4848484848484849,8.983088998676514,9.467937483524999
uniform,239,92.57678459690737,19.91384434728242,4439.26052675502,3019.130255664412,187.86212675501937,0.0,4351.3984,3038.50840311758,100.0,19.37814745316834,0.0,2711.6481987101956,0.0,42.94611309584272,2995.5622900217377,0.0,0.12475347518920898,0.01600790023803711,0.5,0.0,1024711.771678393,675290.4186102321,362.2399999999995,2221.648290807317,0.0,9.301510777520802,9.301510777520802
uniform,240,80.96556862702896,18.702788108699057,3998.466933012929,2927.3486643199494,166.84789301292778,-28.135717246804063,3931.619040000001,2975.2092513240973,100.0,19.72486975734375,0.0,2442.335404855046,0.0,32.53493416351721,2942.67431716058,0.0,0.24663400650024414,0.014817953109741211,0.5,0.010101010101010102,1028710.238611406,678217.767274552,363.7599999999995,2231.116228290842,0.4848484848484849,8.983088998676514,9.467937483524999
uniform,241,80.57278543384025,16.87480313618073,3995.0850667700756,2925.618421483098,149.00410677007434,-29.865960083655743,3946.080960000001,2975.2092513240973,100.0,19.72486975734375,0.0,2466.6417333278864,0.0,32.53493416351721,2942.67431716058,0.0,0.14902329444885254,0.021569490432739258,0.5,0.010101010101010102,1032705.323678176,681143.3856960351,365.27999999999946,2240.584165774367,0.4848484848484849,8.983088998676514,9.467937483524999
uniform,242,90.97204208996767,25.78699334250964,4447.542300693875,2928.8153565889834,197.20630069387425,-26.669024977770064,4350.336000000001,2975.2092513240973,100.0,19.72486975734375,0.0,2717.1731625713824,0.0,32.53493416351721,2942.67431716058,0.0,0.1325056552886963,0.023552894592285156,0.5,0.010101010101010102,1037152.86597887,684072.2010526242,366.79999999999944,2250.052103257892,0.4848484848484849,8.983088998676514,9.467937483524999
uniform,243,93.54669654038985,22.87856743779303,4446.009555976112,2922.061038344718,188.53915597611177,-33.42334322203586,4357.4704,2975.2092513240973,100.0,19.72486975734375,0.0,2707.6147274310697,0.0,32.53493416351721,2942.67431716058,0.0,0.12813663482666016,0.014008522033691406,0.5,0.010101010101010102,1041598.8755348461,686994.2620909689,368.3199999999994,2259.5200407414172,0.4848484848484849,8.983088998676514,9.467937483524999
uniform,244,92.30080929022358,23.62637994118057,4439.968007744488,2931.0601969921163,185.32800774448842,-24.424184574637245,4354.639999999999,2975.2092513240973,100.0,19.72486975734375,0.0,2710.387602845766,0.0,32.53493416351721,2942.67431716058,0.0,0.11409425735473633,0.008999347686767578,0.5,0.010101010101010102,1046038.8435425906,689925.322287961,369.8399999999994,2268.9879782249423,0.4848484848484849,8.983088998676514,9.467937483524999
uniform,245,90.24680202180939,21.73849141629442,4448.17764965353,2926.0839113012353,184.70084965353033,-29.40047026551834,4363.4768,2975.2092513240973,100.0,19.72486975734375,0.0,2723.205877731258,0.0,32.53493416351721,2942.67431716058,0.0,0.11103224754333496,0.024550914764404297,0.5,0.010101010101010102,1050487.0211922443,692851.4061992622,371.3599999999994,2278.4559157084673,0.4848484848484849,8.983088998676514,9.467937483524999
uniform,246,94.62163452947846,26.116232687698133,4458.978743501433,2934.960768101158,187.82994350143315,-20.52361346559545,4371.1488,2975.2092513240973,100.0,19.72486975734375,0.0,2729.9388186336523,0.0,32.53493416351721,2942.67431716058,0.0,0.12645196914672852,0.021994352340698242,0.5,0.010101010101010102,1054945.9999357457,695786.3669673634,372.87999999999937,2287.9238531919923,0.4848484848484849,8.983088998676514,9.467937483524999
uniform,247,83.23722394124384,18.677784010296165,4002.5677570867665,2974.943185618028,164.92375708676596,54.49703246599077,3937.6440000000007,2940.459958162861,100.0,20.013805010823262,0.0,2452.207174755419,0.0,23.85895171991262,2916.6010064429483,0.0,0.13806462287902832,0.025218486785888672,0.5,0.018518518518518517,1058948.5676928326,698761.3101529814,374.39999999999935,2297.5304795971874,0.8888888888888888,8.717737516306276,9.606626405195165
uniform,248,81.96593440785772,18.275953253347865,4012.6560657193213,2922.5238141231825,162.67558571932108,-32.960567443570895,3949.9804800000006,2975.2092513240973,100.0,19.72486975734375,0.0,2457.047437920728,0.0,32.53493416351721,2942.67431716058,0.0,0.11701107025146484,0.02499866485595703,0.5,0.010101010101010102,1062961.223758552,701683.8339671047,375.91999999999933,2306.9984170807124,0.4848484848484849,8.983088998676514,9.467937483524999
uniform,249,91.63068571762524,24.05925068392158,4454.783369802274,2927.3925564135025,200.20416980227327,-28.091825153251207,4354.579200000001,2975.2092513240973,100.0,19.72486975734375,0.0,2717.070582773756,0.0,32.53493416351721,2942.67431716058,0.0,0.15156006813049316,0.026627779006958008,0.5,0.010101010101010102,1067416.0071283542,704611.2265235182,377.4399999999993,2316.4663545642375,0.4848484848484849,8.983088998676514,9.467937483524999
uniform,250,94.04307611621141,23.67109665974906,4452.285524344876,2925.214739935932,192.6199243448753,-30.26964163082161,4359.6656,2975.2092513240973,100.0,19.72486975734375,0.0,2726.9304346782797,0.0,32.53493416351721,2942.67431716058,0.0,0.12074518203735352,0.0160980224609375,0.5,0.010101010101010102,1071868.292652699,707536.4412634542,378.9599999999993,2325.9342920477625,0.4848484848484849,8.983088998676514,9.467937483524999
uniform,251,93.98507856350938,21.957730783025347,4427.975526305982,2927.501359363754,181.02832630598388,-27.983022202999635,4346.947199999999,2975.2092513240973,100.0,19.72486975734375,0.0,2724.598248822921,0.0,32.53493416351721,2942.67431716058,0.0,0.20045208930969238,0.01901102066040039,0.5,0.010101010101010102,1076296.268179005,710463.9426228179,380.4799999999993,2335.4022295312875,0.4848484848484849,8.983088998676514,9.467937483524999
uniform,252,94.498245163913,20.998824630532194,4444.322975039703,2923.52520080206,197.8189750397022,-31.959180764693453,4346.504000000001,2975.2092513240973,100.0,19.72486975734375,0.0,2719.2292201270934,0.0,32.53493416351721,2942.67431716058,0.0,0.14650940895080566,0.014994621276855469,0.5,0.010101010101010102,1080740.5911540447,713387.46782362,381.99999999999926,2344.8701670148125,0.4848484848484849,8.983088998676514,9.467937483524999
uniform,253,90.73077794292023,22.765639694755023,4452.2354561298225,2924.640697679466,193.14425612982308,-30.843683887287607,4359.0912,2975.2092513240973,100.0,19.72486975734375,0.0,2700.414512144244,0.0,32.53493416351721,2942.67431716058,0.0,0.15987396240234375,0.022734403610229492,0.5,0.010101010101010102,1085192.8266101745,716312.1085212994,383.51999999999924,2354.3381044983375,0.4848484848484849,8.983088998676514,9.467937483524999
uniform,254,86.96525604470567,19.94452012224757,4004.7686835415298,2925.676104190912,162.78164354152813,-29.8082773758416,3941.9870400000013,2975.2092513240973,100.0,19.72486975734375,0.0,2477.1895005788288,0.0,32.53493416351721,2942.67431716058,0.0,0.17007160186767578,0.02161407470703125,0.5,0.010101010101010102,1089197.595293716,719237.7846254903,385.0399999999992,2363.8060419818626,0.4848484848484849,8.983088998676514,9.467937483524999
uniform,255,88.03474561561461,20.540611646262047,4014.8564224423317,2914.6089896022686,169.25930244233086,-40.8753919644852,3945.597120000001,2975.2092513240973,100.0,19.72486975734375,0.0,2469.4538067941307,0.0,32.53493416351721,2942.67431716058,0.0,0.13676023483276367,0.01834702491760254,0.5,0.010101010101010102,1093212.4517161583,722152.3936150926,386.5599999999992,2373.2739794653876,0.4848484848484849,8.983088998676514,9.467937483524999
uniform,256,95.61854811498544,22.86994348272615,4440.390876601244,2921.734688387175,186.3492766012427,-33.74969317957836,4354.041600000001,2975.2092513240973,100.0,19.72486975734375,0.0,2732.545732035788,0.0,32.53493416351721,2942.67431716058,0.0,0.1401820182800293,0.020107507705688477,0.5,0.010101010101010102,1097652.8425927595,725074.1283034798,388.0799999999992,2382.7419169489126,0.4848484848484849,8.983088998676514,9.467937483524999
uniform,257,95.84009609419581,21.611055895079513,4454.187548134158,2918.851922803893,187.366748134158,-36.632458762860615,4366.8207999999995,2975.2092513240973,100.0,19.72486975734375,0.0,2741.5054599131236,0.0,32.53493416351721,2942.67431716058,0.0,0.12572169303894043,0.013115644454956055,0.5,0.010101010101010102,1102107.0301408938,727992.9802262837,389.59999999999917,2392.2098544324376,0.4848484848484849,8.983088998676514,9.467937483524999
uniform,258,97.00127917814854,23.41812086543842,4438.65691857675,2915.861182818747,184.0169185767508,-39.62319874800682,4354.639999999999,2975.2092513240973,100.0,19.72486975734375,0.0,2729.371843077386,0.0,32.53493416351721,2942.67431716058,0.0,0.1188356876373291,0.008999109268188477,0.5,0.010101010101010102,1106545.6870594705,730908.8414091024,391.11999999999915,2401.6777919159626,0.4848484848484849,8.983088998676514,9.467937483524999
uniform,259,95.58346017315306,22.273946065831282,4453.852831977942,2924.356000209932,197.53123197794116,-31.128381356821638,4356.3216,2975.2092513240973,100.0,19.72486975734375,0.0,2712.084429356103,0.0,32.53493416351721,2942.67431716058,0.0,0.13058924674987793,0.01699542999267578,0.5,0.010101010101010102,1110999.5398914483,733833.1974093124,392.63999999999913,2411.1457293994877,0.4848484848484849,8.983088998676514,9.467937483524999
uniform,260,97.15403959963383,25.340035721347224,4468.5506575504005,2927.0243270297065,210.57945755040032,-28.460054537047057,4357.9712,2975.2092513240973,100.0,19.72486975734375,0.0,2717.8123167057265,0.0,32.53493416351721,2942.67431716058,0.0,0.12236595153808594,0.014045953750610352,0.5,0.010101010101010102,1115468.0905489987,736760.2217363421,394.1599999999991,2420.6136668830127,0.4848484848484849,8.983088998676514,9.467937483524999
uniform,261,86.29101336419622,22.47659420492121,4021.2031221438065,2926.983350429589,177.68392214380577,-28.501031137164645,3943.519200000001,2975.2092513240973,100.0,19.72486975734375,0.0,2463.91907428345,0.0,32.53493416351721,2942.67431716058,0.0,0.12011289596557617,0.01599431037902832,0.5,0.010101010101010102,1119489.2936711425,739687.2050867716,395.6799999999991,2430.0816043665377,0.4848484848484849,8.983088998676514,9.467937483524999
uniform,262,88.01951304722634,20.01946273177169,4011.5383364634436,2925.386253546597,173.45801646344273,-30.098128020156576,3938.080320000001,2975.2092513240973,100.0,19.72486975734375,0.0,2459.94149981656,0.0,32.53493416351721,2942.67431716058,0.0,0.14207768440246582,0.017998456954956055,0.5,0.010101010101010102,1123500.832007606,742612.5913403182,397.1999999999991,2439.5495418500627,0.4848484848484849,8.983088998676514,9.467937483524999
uniform,263,96.15877211030663,22.9674345754542,4440.991168091961,2919.775034715009,189.4455680919596,-35.709346851744556,4351.545600000001,2975.2092513240973,100.0,19.72486975734375,0.0,2726.697271054814,0.0,32.53493416351721,2942.67431716058,0.0,0.1496894359588623,0.019987821578979492,0.5,0.010101010101010102,1127941.823175698,745532.3663750332,398.71999999999906,2449.0174793335877,0.4848484848484849,8.983088998676514,9.467937483524999
uniform,264,97.51736117101059,23.261750912499227,4467.084069950084,2930.034590289292,208.4936699500843,-25.449791277461618,4358.5904,2975.2092513240973,100.0,19.72486975734375,0.0,2724.4468627855863,0.0,32.53493416351721,2942.67431716058,0.0,0.11447691917419434,0.022655010223388672,0.5,0.010101010101010102,1132408.907245648,748462.4009653225,400.23999999999904,2458.4854168171128,0.4848484848484849,8.983088998676514,9.467937483524999
uniform,265,98.5724263014838,21.760738409350676,4439.598050461538,2912.119206947195,190.41085046153893,-43.36517461955896,4349.187199999999,2975.2092513240973,100.0,19.72486975734375,0.0,2720.716510674587,0.0,32.53493416351721,2942.67431716058,0.0,0.14725756645202637,0.015124320983886719,0.5,0.010101010101010102,1136848.5052961097,751374.5201722697,401.759999999999,2467.953354300638,0.4848484848484849,8.983088998676514,9.467937483524999
uniform,266,99.05460751540731,20.206257019665884,4438.1003650209705,2919.7014417508562,182.31636502097015,-35.782939815897315,4355.784000000001,2975.2092513240973,100.0,19.72486975734375,0.0,2713.5487931282296,0.0,32.53493416351721,2942.67431716058,0.0,0.14593791961669922,0.024096012115478516,0.5,0.010101010101010102,1141286.6056611307,754294.2216140205,403.279999999999,2477.421291784163,0.4848484848484849,8.983088998676514,9.467937483524999
uniform,267,101.1484823529626,22.19959456711976,4465.436463307482,2925.8709775803927,197.99326330748124,-29.613403986361078,4367.443200000001,2975.2092513240973,100.0,19.72486975734375,0.0,2738.2637477469016,0.0,32.53493416351721,2942.67431716058,0.0,0.15122485160827637,0.01911449432373047,0.5,0.010101010101010102,1145752.0421244383,757220.092591601,404.799999999999,2486.889229267688,0.4848484848484849,8.983088998676514,9.467937483524999
uniform,268,88.9113050780013,18.065317082129315,3998.0790860563056,2930.8169453429177,160.99956605630422,-24.667436223835725,3937.079520000001,2975.2092513240973,100.0,19.72486975734375,0.0,2471.2003780948444,0.0,32.53493416351721,2942.67431716058,0.0,0.15567731857299805,0.018996477127075195,0.5,0.010101010101010102,1149750.1212104945,760150.9095369439,406.31999999999897,2496.357166751213,0.4848484848484849,8.983088998676514,9.467937483524999
uniform,269,88.78165905125485,19.157777140445912,4025.397976397492,2924.989923367778,184.777496397491,-30.494458198975824,3940.620480000001,2975.2092513240973,100.0,19.72486975734375,0.0,2469.166237167238,0.0,32.53493416351721,2942.67431716058,0.0,0.2056734561920166,0.020515918731689453,0.5,0.010101010101010102,1153775.519186892,763075.8994603116,407.83999999999895,2505.825104234738,0.4848484848484849,8.983088998676514,9.467937483524999
uniform,270,99.31046294137246,19.47677183164167,4448.285543055414,2926.5030088864924,187.6391430554118,-28.981372680261362,4360.646400000001,2975.2092513240973,100.0,19.72486975734375,0.0,2705.301427502355,0.0,32.53493416351721,2942.67431716058,0.0,0.11422371864318848,0.020994186401367188,0.5,0.010101010101010102,1158223.8047299476,766002.4024691981,409.35999999999893,2515.293041718263,0.4848484848484849,8.983088998676514,9.467937483524999
uniform,271,99.45083332887152,21.92083418263438,4447.741469566821,3019.130255664412,176.51106956682065,0.0,4371.2304,3038.50840311758,100.0,19.37814745316834,0.0,2749.258324137286,0.0,42.94611309584272,2995.5622900217377,0.0,0.12397551536560059,0.015995025634765625,0.5,0.0,1162671.5461995143,769021.5327248626,410.8799999999989,2524.594552495784,0.0,9.301510777520802,9.301510777520802
uniform,272,99.90596117670475,22.24431919705356,4450.050332695623,3019.130255664412,194.87273269562388,0.0,4355.177599999999,3038.50840311758,100.0,19.37814745316834,0.0,2747.1214814053515,0.0,42.94611309584272,2995.5622900217377,0.0,0.11274337768554688,0.015100955963134766,0.5,0.0,1167121.59653221,772040.662980527,412.3999999999989,2533.8960632733047,0.0,9.301510777520802,9.301510777520802
uniform,273,102.14663386476366,21.991673125620075,4452.342747448324,3019.130255664412,199.2659474483234,0.0,4353.076800000001,3038.50840311758,100.0,19.37814745316834,0.0,2719.1803799808968,0.0,42.94611309584272,2995.5622900217377,0.0,0.11685752868652344,0.013169288635253906,0.5,0.0,1171573.9392796583,775059.7932361915,413.9199999999989,2543.1975740508256,0.0,9.301510777520802,9.301510777520802
uniform,274,100.49691455142003,22.667150508681537,4457.782131833387,3019.130255664412,204.0989318333868,0.0,4353.6832,3038.50840311758,100.0,19.37814745316834,0.0,2725.044436169957,0.0,42.94611309584272,2995.5622900217377,0.0,0.1232459545135498,0.015993118286132812,0.5,0.0,1176031.7214114917,778078.923491856,415.43999999999886,2552.4990848283464,0.0,9.301510777520802,9.301510777520802
uniform,275,93.33712924625365,20.301727691604043,4021.224480345021,3019.130255664412,182.57248034502013,0.0,3938.652000000001,3038.50840311758,100.0,19.37814745316834,0.0,2443.246739076404,0.0,42.94611309584272,2995.5622900217377,0.0,0.10623025894165039,0.025038957595825195,0.5,0.0,1180052.9458918367,781098.0537475204,416.95999999999884,2561.8005956058673,0.0,9.301510777520802,9.301510777520802
uniform,276,92.31014295271767,22.162046754061752,4014.8307010960643,3019.130255664412,176.79070109606363,0.0,3938.040000000001,3038.50840311758,100.0,19.37814745316834,0.0,2445.8189159020194,0.0,42.94611309584272,2995.5622900217377,0.0,0.1506507396697998,0.01774144172668457,0.5,0.0,1184067.7765929326,784117.1840031849,418.4799999999988,2571.102106383388,0.0,9.301510777520802,9.301510777520802
uniform,277,104.48877977418033,23.93562070402709,4458.212126236578,3019.130255664412,211.32572623657697,0.0,4346.886400000001,3038.50840311758,100.0,19.37814745316834,0.0,2717.5748294843024,0.0,42.94611309584272,2995.5622900217377,0.0,0.5918657779693604,0.014976024627685547,0.5,0.0,1188525.9887191693,787136.3142588494,419.9999999999988,2580.403617160909,0.0,9.301510777520802,9.301510777520802
uniform,278,103.39119140770163,22.799893232570955,4480.878217966741,3019.130255664412,209.64781796674075,0.0,4371.2304,3038.50840311758,100.0,19.37814745316834,0.0,2725.407185715272,0.0,42.94611309584272,2995.5622900217377,0.0,0.11013627052307129,0.008996725082397461,0.5,0.0,1193006.866937136,790155.4445145138,421.5199999999988,2589.70512793843,0.0,9.301510777520802,9.301510777520802
uniform,279,101.74279442022078,23.80231671886622,4460.702220612416,3019.130255664412,206.0622206124159,0.0,4354.639999999999,3038.50840311758,100.0,19.37814745316834,0.0,2714.8115816874138,0.0,42.94611309584272,2995.5622900217377,0.0,0.11191153526306152,0.014549732208251953,0.5,0.0,1197467.5691577485,793174.5747701783,423.03999999999877,2599.006638715951,0.0,9.301510777520802,9.301510777520802
uniform,280,103.1608835773136,22.39758351571945,4459.864051109232,3019.130255664412,202.42245110923147,0.0,4357.4416,3038.50840311758,100.0,19.37814745316834,0.0,2706.420459977881,0.0,42.94611309584272,2995.5622900217377,0.0,0.12811636924743652,0.01299428939819336,0.5,0.0,1201927.4332088577,796193.7050258428,424.55999999999875,2608.308149493472,0.0,9.301510777520802,9.301510777520802
uniform,281,102.28009389357344,19.841461908592024,4466.336622897302,3019.130255664412,200.64062289730165,0.0,4365.696,3038.50840311758,100.0,19.37814745316834,0.0,2734.2171780038166,0.0,42.94611309584272,2995.5622900217377,0.0,0.12356901168823242,0.0209958553314209,0.5,0.0,1206393.769831755,799212.8352815072,426.07999999999873,2617.6096602709927,0.0,9.301510777520802,9.301510777520802
uniform,282,92.30962813833519,20.245777911293082,4008.2030760696325,2924.1602980467264,170.59939606963138,-31.324083520027187,3937.6036800000015,2975.2092513240973,100.0,19.72486975734375,0.0,2461.741311939537,0.0,32.53493416351721,2942.67431716058,0.0,0.11884164810180664,0.014834880828857422,0.5,0.010101010101010102,1210401.9729078247,802136.995579554,427.5999999999987,2627.0775977545177,0.4848484848484849,8.983088998676514,9.467937483524999
uniform,283,91.61323634496013,19.90853122765057,4028.68837024773,3019.130255664412,188.592050247729,0.0,3940.096320000001,3038.50840311758,100.0,19.37814745316834,0.0,2449.9593649887674,0.0,42.94611309584272,2995.5622900217377,0.0,0.11351442337036133,0.019100189208984375,0.5,0.0,1214430.6612780725,805156.1258352185,429.1199999999987,2636.3791085320386,0.0,9.301510777520802,9.301510777520802
uniform,284,103.29514017827,21.882973449135232,4467.185338358552,3019.130255664412,210.9037383585514,0.0,4356.281600000001,3038.50840311758,100.0,19.37814745316834,0.0,2725.5416126798145,0.0,42.94611309584272,2995.5622900217377,0.0,0.11883974075317383,0.016992568969726562,0.5,0.0,1218897.8466164311,808175.2560908829,430.6399999999987,2645.6806193095595,0.0,9.301510777520802,9.301510777520802
uniform,285,104.9856975988768,23.662272340653576,4483.2153926877,3019.130255664412,207.11459268769954,0.0,4376.1008,3038.50840311758,100.0,19.37814745316834,0.0,2743.1330220435034,0.0,42.94611309584272,2995.5622900217377,0.0,0.12315750122070312,0.01690959930419922,0.5,0.0,1223381.0620091187,811194.3863465474,432.15999999999866,2654.9821300870803,0.0,9.301510777520802,9.301510777520802
uniform,286,104.11401093086876,21.823835467010596,4450.68458424989,3019.130255664412,200.9149842498901,0.0,4349.7696,3038.50840311758,100.0,19.37814745316834,0.0,2720.5519487409138,0.0,42.94611309584272,2995.5622900217377,0.0,0.10582256317138672,0.014102935791015625,0.5,0.0,1227831.7465933687,814213.5166022119,433.67999999999864,2664.2836408646012,0.0,9.301510777520802,9.301510777520802
uniform,287,102.53923131636816,23.527711950363425,4462.411770688888,3019.130255664412,200.05497068888815,0.0,4362.3568000000005,3038.50840311758,100.0,19.37814745316834,0.0,2725.835047286376,0.0,42.94611309584272,2995.5622900217377,0.0,0.10841727256774902,0.015125751495361328,0.5,0.0,1232294.1583640575,817232.6468578763,435.1999999999986,2673.585151642122,0.0,9.301510777520802,9.301510777520802
uniform,288,104.46141685391304,22.871359766529967,4464.5044145530765,3019.130255664412,205.41321455307676,0.0,4359.0912,3038.50840311758,100.0,19.37814745316834,0.0,2755.3033433611317,0.0,42.94611309584272,2995.5622900217377,0.0,0.11828804016113281,0.012756586074829102,0.5,0.0,1236758.6627786106,820251.7771135408,436.7199999999986,2682.886662419643,0.0,9.301510777520802,9.301510777520802
uniform,289,92.92411751749297,21.186176967930013,4010.4345866787153,2919.969749042443,169.68594667871395,-35.51463252431095,3940.748640000001,2975.2092513240973,100.0,19.72486975734375,0.0,2471.6991354032475,0.0,32.53493416351721,2942.67431716058,0.0,0.12728095054626465,0.024058103561401367,0.5,0.010101010101010102,1240769.0973652892,823171.7468625832,438.2399999999986,2692.354599903168,0.4848484848484849,8.983088998676514,9.467937483524999
uniform,290,93.32378268094561,22.44385907731666,4032.238973465097,2930.119197859773,191.61849346509632,-25.365183706980716,3940.620480000001,2975.2092513240973,100.0,19.72486975734375,0.0,2460.7600618934584,0.0,32.53493416351721,2942.67431716058,0.0,0.1331179141998291,0.015413761138916016,0.5,0.010101010101010102,1244801.3363387543,826101.866060443,439.75999999999857,2701.822537386693,0.4848484848484849,8.983088998676514,9.467937483524999
uniform,291,105.80420165690914,21.10072017658651,4458.20263704169,3019.130255664412,209.07623704168853,0.0,4349.126400000001,3038.50840311758,100.0,19.37814745316834,0.0,2737.571723155297,0.0,42.94611309584272,2995.5622900217377,0.0,0.14533352851867676,0.02109670639038086,0.5,0.0,1249259.538975796,829120.9963161075,441.27999999999855,2711.124048164214,0.0,9.301510777520802,9.301510777520802
uniform,292,107.72975625189417,20.284453880589375,4466.395141808191,3019.130255664412,205.56474180819123,0.0,4360.8304,3038.50840311758,100.0,19.37814745316834,0.0,2734.238117956517,0.0,42.94611309584272,2995.5622900217377,0.0,0.11788797378540039,0.014896392822265625,0.5,0.0,1253725.934117604,832140.1265717719,442.79999999999853,2720.425558941735,0.0,9.301510777520802,9.301510777520802
uniform,293,103.73098792909768,21.073494526096937,4440.062681279469,3019.130255664412,204.09788127946905,0.0,4335.9648,3038.50840311758,100.0,19.37814745316834,0.0,2717.946597301732,0.0,42.94611309584272,2995.5622900217377,0.0,0.14221906661987305,0.022025108337402344,0.5,0.0,1258165.9967988834,835159.2568274364,444.3199999999985,2729.7270697192557,0.0,9.301510777520802,9.301510777520802
uniform,294,105.73210856683602,22.287119891639968,4457.225938353412,3019.130255664412,199.78433835341144,0.0,4357.4416,3038.50840311758,100.0,19.37814745316834,0.0,2714.001788292355,0.0,42.94611309584272,2995.5622900217377,0.0,0.14209508895874023,0.01699542999267578,0.5,0.0,1262623.2227372369,838178.3870831009,445.8399999999985,2739.0285804967766,0.0,9.301510777520802,9.301510777520802
uniform,295,102.95197883652064,18.60851952643353,4454.600694482089,3019.130255664412,200.9174944820884,0.0,4353.6832,3038.50840311758,100.0,19.37814745316834,0.0,2731.1576415128866,0.0,42.94611309584272,2995.5622900217377,0.0,0.14878177642822266,0.017005443572998047,0.5,0.0,1267077.8234317189,841197.5173387653,447.3599999999985,2748.3300912742975,0.0,9.301510777520802,9.301510777520802
uniform,296,96.84505836034698,21.769022648505853,4018.6890860917465,3019.130255664412,175.6940460917454,0.0,3942.995040000001,3038.50840311758,100.0,19.37814745316834,0.0,2454.739204632025,0.0,42.94611309584272,2995.5622900217377,0.0,0.11256575584411621,0.014146089553833008,0.5,0.0,1271096.5125178106,844216.6475944298,448.87999999999846,2757.6316020518184,0.0,9.301510777520802,9.301510777520802
uniform,297,96.10171626975536,20.547926001934325,4029.9891432440027,3019.130255664412,183.38402324400184,0.0,3946.605120000001,3038.50840311758,100.0,19.37814745316834,0.0,2457.191917082886,0.0,42.94611309584272,2995.5622900217377,0.0,0.10515451431274414,0.00811910629272461,0.5,0.0,1275126.5016610546,847235.7778500943,450.39999999999844,2766.9331128293393,0.0,9.301510777520802,9.301510777520802
uniform,298,101.10337927557555,25.367897613728257,4466.451948136306,3019.130255664412,210.75274813630483,0.0,4355.699200000001,3038.50840311758,100.0,19.37814745316834,0.0,2748.904272297905,0.0,42.94611309584272,2995.5622900217377,0.0,0.11373162269592285,0.02413773536682129,0.5,0.0,1279592.9536091909,850254.9081057587,451.9199999999984,2776.23462360686,0.0,9.301510777520802,9.301510777520802
uniform,299,104.9549011693163,22.876571157113997,4467.543612228568,3019.130255664412,205.20281222856838,0.0,4362.3408,3038.50840311758,100.0,19.37814745316834,0.0,2729.74384946164,0.0,42.94611309584272,2995.5622900217377,0.0,0.11507201194763184,0.013921499252319336,0.5,0.0,1284060.4972214194,853274.0383614232,453.4399999999984,2785.536134384381,0.0,9.301510777520802,9.301510777520802
uniform,300,105.01744245907584,24.258973063142033,4461.485579105498,3019.130255664412,206.84557910549884,0.0,4354.639999999999,3038.50840311758,100.0,19.37814745316834,0.0,2719.8890582317003,0.0,42.94611309584272,2995.5622900217377,0.0,0.11249232292175293,0.015123844146728516,0.5,0.0,1288521.982800525,856293.1686170876,454.9599999999984,2794.837645161902,0.0,9.301510777520802,9.301510777520802
uniform,301,104.41166980639866,20.554666206905267,4460.721826493181,3019.130255664412,215.92022649317977,0.0,4344.801600000001,3038.50840311758,100.0,19.37814745316834,0.0,2710.6954434051063,0.0,42.94611309584272,2995.5622900217377,0.0,0.13106036186218262,0.02410602569580078,0.5,0.0,1292982.7046270182,859312.2988727521,456.47999999999837,2804.139155939423,0.0,9.301510777520802,9.301510777520802
uniform,302,104.80838246600354,22.98074466032848,4453.726942649671,2916.803772178059,192.97814264967116,-38.68060938869481,4360.7488,2975.2092513240973,100.0,19.72486975734375,0.0,2733.357421956558,0.0,32.53493416351721,2942.67431716058,0.0,0.15767121315002441,0.021999597549438477,0.5,0.010101010101010102,1297436.4315696678,862229.1026449301,457.99999999999835,2813.607093422948,0.4848484848484849,8.983088998676514,9.467937483524999
uniform,303,92.95367758447772,20.706344764775192,4027.1108244922743,2924.2174580448004,189.46682449227347,-31.266923521953036,3937.6440000000007,2975.2092513240973,100.0,19.72486975734375,0.0,2449.148063871105,0.0,32.53493416351721,2942.67431716058,0.0,0.14266347885131836,0.017946481704711914,0.5,0.010101010101010102,1301463.54239416,865153.3201029749,459.51999999999833,2823.075030906473,0.4848484848484849,8.983088998676514,9.467937483524999
uniform,304,96.49061019457656,21.547778165270717,4016.1078192805326,2918.196449183662,180.8786992805321,-37.28793238309141,3935.229120000001,2975.2092513240973,100.0,19.72486975734375,0.0,2463.4442772715693,0.0,32.53493416351721,2942.67431716058,0.0,0.12531828880310059,0.01795029640197754,0.5,0.010101010101010102,1305479.6502134406,868071.5165521585,461.0399999999983,2832.542968389998,0.4848484848484849,8.983088998676514,9.467937483524999
uniform,305,103.8589762698344,20.378505079201915,4468.6434152254715,3019.130255664412,201.3794152254706,0.0,4367.264000000001,3038.50840311758,100.0,19.37814745316834,0.0,2744.346325685344,0.0,42.94611309584272,2995.5622900217377,0.0,0.11243081092834473,0.015993356704711914,0.5,0.0,1309948.293628666,871090.646807823,462.5599999999983,2841.844479167519,0.0,9.301510777520802,9.301510777520802
uniform,306,103.91526396195452,20.603381225353676,4470.137425474825,3019.130255664412,211.0094254748247,0.0,4359.128000000001,3038.50840311758,100.0,19.37814745316834,0.0,2716.604162057953,0.0,42.94611309584272,2995.5622900217377,0.0,0.12905120849609375,0.015521049499511719,0.5,0.0,1314418.431054141,874109.7770634874,464.0799999999983,2851.1459899450397,0.0,9.301510777520802,9.301510777520802
uniform,307,108.29030982961918,23.789350438522174,4458.146977997146,3019.130255664412,215.0269779971457,0.0,4343.12,3038.50840311758,100.0,19.37814745316834,0.0,2717.2452985059044,0.0,42.94611309584272,2995.5622900217377,0.0,0.12755727767944336,0.021120548248291016,0.5,0.0,1318876.578032138,877128.9073191519,465.59999999999826,2860.4475007225606,0.0,9.301510777520802,9.301510777520802
uniform,308,104.94840616740426,21.63093635879551,4440.958023807056,2917.766733261236,189.00122380705486,-37.71764830551768,4351.956800000001,2975.2092513240973,100.0,19.72486975734375,0.0,2710.1049153577032,0.0,32.53493416351721,2942.67431716058,0.0,0.13596677780151367,0.022995471954345703,0.5,0.010101010101010102,1323317.536055945,880046.6740524132,467.11999999999824,2869.9154382060856,0.4848484848484849,8.983088998676514,9.467937483524999
uniform,309,103.49292960755973,24.315137518648,4467.735859827729,3019.130255664412,215.75505982772955,0.0,4351.980799999999,3038.50840311758,100.0,19.37814745316834,0.0,2733.8604801198157,0.0,42.94611309584272,2995.5622900217377,0.0,0.14035677909851074,0.024621963500976562,0.5,0.0,1327785.271915773,883065.8043080777,468.6399999999982,2879.2169489836065,0.0,9.301510777520802,9.301510777520802
uniform,310,94.44591505346598,23.376764769432615,4029.971293487961,2927.235192696841,196.29593348795967,-28.249188869912775,3933.675360000001,2975.2092513240973,100.0,19.72486975734375,0.0,2458.782357791855,0.0,32.53493416351721,2942.67431716058,0.0,0.1452953815460205,0.030477046966552734,0.5,0.010101010101010102,1331815.243209261,885993.0395007745,470.1599999999982,2888.6848864671315,0.4848484848484849,8.983088998676514,9.467937483524999
uniform,311,96.26754455611054,22.150190321194934,4038.3340836834823,2924.736076682981,187.3456036834813,-30.748304883772462,3950.988480000001,2975.2092513240973,100.0,19.72486975734375,0.0,2469.2201624855056,0.0,32.53493416351721,2942.67431716058,0.0,0.13147711753845215,0.02162909507751465,0.5,0.010101010101010102,1335853.5772929445,888917.7755774575,471.6799999999982,2898.1528239506565,0.4848484848484849,8.983088998676514,9.467937483524999
uniform,312,104.54557560051278,22.88093181062318,4456.486706682908,3019.130255664412,205.0307066829071,0.0,4351.456000000001,3038.50840311758,100.0,19.37814745316834,0.0,2729.0633342835217,0.0,42.94611309584272,2995.5622900217377,0.0,0.13153934478759766,0.01852560043334961,0.5,0.0,1340310.0639996275,891936.905833122,473.19999999999817,2907.4543347281774,0.0,9.301510777520802,9.301510777520802
uniform,313,105.18883625407823,23.18995663041597,4473.736171224652,3019.130255664412,198.75537122465244,0.0,4374.980799999999,3038.50840311758,100.0,19.37814745316834,0.0,2721.341739935099,0.0,42.94611309584272,2995.5622900217377,0.0,0.1091604232788086,0.012109756469726562,0.5,0.0,1344783.800170852,894956.0360887864,474.71999999999815,2916.7558455056983,0.0,9.301510777520802,9.301510777520802
uniform,314,102.81206069829807,24.1771767544462,4439.907614981503,2924.4740005178624,191.25801498150284,-31.010381048891357,4348.6496,2975.2092513240973,100.0,19.72486975734375,0.0,2725.512663342268,0.0,32.53493416351721,2942.67431716058,0.0,0.14885687828063965,0.015002965927124023,0.5,0.010101010101010102,1349223.7077858336,897880.5100893043,476.23999999999813,2926.2237829892233,0.4848484848484849,8.983088998676514,9.467937483524999
uniform,315,101.77440096518698,22.01837938854977,4456.127301667517,3019.130255664412,194.8905016675161,0.0,4361.236800000001,3038.50840311758,100.0,19.37814745316834,0.0,2746.9266871771224,0.0,42.94611309584272,2995.5622900217377,0.0,0.1311790943145752,0.020734310150146484,0.5,0.0,1353679.8350875012,900899.6403449688,477.7599999999981,2935.525293766744,0.0,9.301510777520802,9.301510777520802
uniform,316,105.03434464655966,21.837483161918044,4484.298866081269,3019.130255664412,216.85566608126794,0.0,4367.443200000001,3038.50840311758,100.0,19.37814745316834,0.0,2751.7082274395493,0.0,42.94611309584272,2995.5622900217377,0.0,0.15801715850830078,0.020004987716674805,0.5,0.0,1358164.1339535825,903918.7706006332,479.2799999999981,2944.826804544265,0.0,9.301510777520802,9.301510777520802
uniform,317,97.85229882816945,21.039362913130198,4021.182690764682,3019.130255664412,193.42285076468107,0.0,3927.759840000001,3038.50840311758,100.0,19.37814745316834,0.0,2438.999971765558,0.0,42.94611309584272,2995.5622900217377,0.0,0.140028715133667,0.02401280403137207,0.5,0.0,1362185.3166443473,906937.9008562977,480.7999999999981,2954.128315321786,0.0,9.301510777520802,9.301510777520802
uniform,318,94.44283254787672,24.510999449129002,4035.4954645121325,2921.3625791582867,184.02314451213147,-34.12180240846674,3951.472320000001,2975.2092513240973,100.0,19.72486975734375,0.0,2474.340982802041,0.0,32.53493416351721,2942.67431716058,0.0,0.11667752265930176,0.012048482894897461,0.5,0.010101010101010102,1366220.8121088594,909859.263435456,482.31999999999806,2963.596252805311,0.4848484848484849,8.983088998676514,9.467937483524999
uniform,319,101.1147751221636,22.803898185522694,4450.920279259272,3019.130255664412,189.10907925927143,0.0,4361.811200000001,3038.50840311758,100.0,19.37814745316834,0.0,2714.740017043815,0.0,42.94611309584272,2995.5622900217377,0.0,0.12807750701904297,0.022011995315551758,0.5,0.0,1370671.7323881187,912878.3936911204,483.83999999999804,2972.897763582832,0.0,9.301510777520802,9.301510777520802
uniform,320,103.15443038751107,23.929738146606955,4468.973066829388,3019.130255664412,204.39226682938806,0.0,4364.5808,3038.50840311758,100.0,19.37814745316834,0.0,2734.87160568956,0.0,42.94611309584272,2995.5622900217377,0.0,0.1442570686340332,0.019115447998046875,0.5,0.0,1375140.7054549481,915897.5239467849,485.359999999998,2982.199274360353,0.0,9.301510777520802,9.301510777520802
uniform,321,102.02332670036685,23.178910834888832,4438.402994673781,2917.979784646155,204.09579467378217,-37.504596920598665,4334.307199999999,2975.2092513240973,100.0,19.72486975734375,0.0,2711.8231297319257,0.0,32.53493416351721,2942.67431716058,0.0,0.15927934646606445,0.015511512756347656,0.5,0.010101010101010102,1379579.1084496218,918815.5037314311,486.879999999998,2991.667211843878,0.4848484848484849,8.983088998676514,9.467937483524999
uniform,322,105.79645640997644,22.878704830451742,4456.488132527554,3019.130255664412,205.11373252755294,0.0,4351.374400000001,3038.50840311758,100.0,19.37814745316834,0.0,2723.925082954417,0.0,42.94611309584272,2995.5622900217377,0.0,0.1433866024017334,0.022897720336914062,0.5,0.0,1384035.5965821494,921834.6339870956,488.399999999998,3000.9687226213987,0.0,9.301510777520802,9.301510777520802
uniform,323,104.53534308928484,23.562647250349414,4481.946951597292,3019.130255664412,209.6333515972919,0.0,4372.3136,3038.50840311758,100.0,19.37814745316834,0.0,2737.030821379477,0.0,42.94611309584272,2995.5622900217377,0.0,0.15255498886108398,0.017888784408569336,0.5,0.0,1388517.5435337466,924853.76424276,489.91999999999797,3010.2702333989196,0.0,9.301510777520802,9.301510777520802
uniform,324,92.25466572938603,21.667912365910183,4023.4244999408984,2928.323256733257,190.75713994089716,-27.161124833496682,3932.6673600000013,2975.2092513240973,100.0,19.72486975734375,0.0,2447.6913264325576,0.0,32.53493416351721,2942.67431716058,0.0,0.14642667770385742,0.021538257598876953,0.5,0.010101010101010102,1392540.9680336874,927782.0874994933,491.43999999999795,3019.7381708824446,0.4848484848484849,8.983088998676514,9.467937483524999
uniform,325,92.00136177822712,18.656806294850522,4024.9120082200034,2928.8559433367495,178.83104822000263,-26.62843823000416,3946.080960000001,2975.2092513240973,100.0,19.72486975734375,0.0,2468.382657757329,0.0,32.53493416351721,2942.67431716058,0.0,0.16321325302124023,0.01995229721069336,0.5,0.010101010101010102,1396565.8800419075,930710.94344283,492.95999999999793,3029.2061083659696,0.4848484848484849,8.983088998676514,9.467937483524999
uniform,326,103.93263017010025,24.952745017486713,4458.005558571647,2922.718137089433,209.95435857164688,-32.76624447732039,4348.051200000001,2975.2092513240973,100.0,19.72486975734375,0.0,2731.4931505442323,0.0,32.53493416351721,2942.67431716058,0.0,0.13121962547302246,0.02599358558654785,0.5,0.010101010101010102,1401023.885600479,933633.6615799194,494.4799999999979,3038.6740458494946,0.4848484848484849,8.983088998676514,9.467937483524999
uniform,327,100.47721057938013,22.417752515012918,4457.06367795528,2910.7806151665477,197.890877955279,-44.70376640020575,4359.1728,2975.2092513240973,100.0,19.72486975734375,0.0,2719.930258494127,0.0,32.53493416351721,2942.67431716058,0.0,0.15556025505065918,0.01700425148010254,0.5,0.010101010101010102,1405480.9492784343,936544.4421950859,495.9999999999979,3048.1419833330197,0.4848484848484849,8.983088998676514,9.467937483524999
uniform,328,100.83965988550706,23.021871570839455,4445.748661264912,3019.130255664412,191.15346126491227,0.0,4354.5952,3038.50840311758,100.0,19.37814745316834,0.0,2717.1462257757867,0.0,42.94611309584272,2995.5622900217377,0.0,0.12485194206237793,0.02499699592590332,0.5,0.0,1409926.6979396993,939563.5724507504,497.5199999999979,3057.4434941105405,0.0,9.301510777520802,9.301510777520802
uniform,329,101.14768134765315,24.326155309998665,4464.821449096068,2924.0160868856096,200.80704909606797,-31.468294681144076,4364.0144,2975.2092513240973,100.0,19.72486975734375,0.0,2723.128540881105,0.0,32.53493416351721,2942.67431716058,0.0,0.13445305824279785,0.019899368286132812,0.5,0.010101010101010102,1414391.5193887954,942487.588537636,499.03999999999786,3066.9114315940656,0.4848484848484849,8.983088998676514,9.467937483524999
uniform,330,100.76630287957919,22.7387631636071,4473.375305762321,3019.130255664412,201.06170576231997,0.0,4372.3136,3038.50840311758,100.0,19.37814745316834,0.0,2735.0440454204263,0.0,42.94611309584272,2995.5622900217377,0.0,0.11401629447937012,0.017909526824951172,0.5,0.0,1418864.8946945576,945506.7187933004,500.55999999999784,3076.2129423715865,0.0,9.301510777520802,9.301510777520802
uniform,331,94.22059715423308,21.308585982236732,4015.679813882287,2925.1306053240583,178.03581388228645,-30.35377624269556,3937.6440000000007,2975.2092513240973,100.0,19.72486975734375,0.0,2462.1246833989894,0.0,32.53493416351721,2942.67431716058,0.0,0.16614222526550293,0.023997068405151367,0.5,0.010101010101010102,1422880.57450844,948431.8493986245,502.0799999999978,3085.6808798551115,0.4848484848484849,8.983088998676514,9.467937483524999
uniform,332,91.83407426662647,22.297544116295082,4036.5802241750853,2920.3508480416303,196.96774417508402,-35.13353352512351,3939.612480000001,2975.2092513240973,100.0,19.72486975734375,0.0,2464.5417206862853,0.0,32.53493416351721,2942.67431716058,0.0,0.10883235931396484,0.00900125503540039,0.5,0.010101010101010102,1426917.154732615,951352.2002466661,503.5999999999978,3095.1488173386365,0.4848484848484849,8.983088998676514,9.467937483524999
uniform,333,100.41908255670812,24.49559839354018,4459.25603844079,2914.517537341248,202.39203844078844,-40.96684422550547,4356.864000000001,2975.2092513240973,100.0,19.72486975734375,0.0,2729.9766816444912,0.0,32.53493416351721,2942.67431716058,0.0,0.1840195655822754,0.0232086181640625,0.5,0.010101010101010102,1431376.4107710558,954266.7177840073,505.1199999999978,3104.6167548221615,0.4848484848484849,8.983088998676514,9.467937483524999
uniform,334,101.70904052639764,20.2297592262643,4470.426678890014,2922.1085224903345,213.00107889001313,-33.3758590764193,4357.4256000000005,2975.2092513240973,100.0,19.72486975734375,0.0,2721.762885044569,0.0,32.53493416351721,2942.67431716058,0.0,0.14525294303894043,0.027003049850463867,0.5,0.010101010101010102,1435846.837449946,957188.8263064977,506.63999999999777,3114.0846923056865,0.4848484848484849,8.983088998676514,9.467937483524999
uniform,335,102.62837967032108,20.278434363696206,4430.329957926104,2922.2394217832557,178.51235792610478,-33.24495978349804,4351.817599999999,2975.2092513240973,100.0,19.72486975734375,0.0,2728.257418109877,0.0,32.53493416351721,2942.67431716058,0.0,0.1297016143798828,0.023499250411987305,0.5,0.010101010101010102,1440277.1674078722,960111.0657282809,508.15999999999775,3123.5526297892116,0.4848484848484849,8.983088998676514,9.467937483524999
uniform,336,99.7590272169037,22.46807614168323,4449.006749951247,2921.7283130176547,193.7603499512468,-33.756068549098885,4355.2464,2975.2092513240973,100.0,19.72486975734375,0.0,2734.016398415326,0.0,32.53493416351721,2942.67431716058,0.0,0.12802457809448242,0.014009714126586914,0.5,0.010101010101010102,1444726.1741578234,963032.7940412986,509.67999999999773,3133.0205672727366,0.4848484848484849,8.983088998676514,9.467937483524999
uniform,337,101.37601908577169,20.590740337703586,4462.281341441233,2920.846074598034,196.58534144123308,-34.63830696871935,4365.696,2975.2092513240973,100.0,19.72486975734375,0.0,2723.8635516696218,0.0,32.53493416351721,2942.67431716058,0.0,0.12784862518310547,0.02440357208251953,0.5,0.010101010101010102,1449188.4554992646,965953.6401158966,511.1999999999977,3142.4885047562616,0.4848484848484849,8.983088998676514,9.467937483524999
uniform,338,90.31905971156375,22.535628244536273,4026.619343117686,2923.601196682371,192.94398311768498,-31.88318488438225,3933.675360000001,2975.2092513240973,100.0,19.72486975734375,0.0,2441.955159075569,0.0,32.53493416351721,2942.67431716058,0.0,0.11987137794494629,0.010994911193847656,0.5,0.010101010101010102,1453215.0748423822,968877.2413125789,512.7199999999978,3151.9564422397866,0.4848484848484849,8.983088998676514,9.467937483524999
uniform,339,89.36832825683378,18.38730368891117,4022.064999709286,2996.5189780984138,181.4848397092851,76.07282494637661,3940.5801600000004,2940.459958162861,100.0,20.013805010823262,0.0,2462.294504419701,0.0,23.85895171991262,2916.6010064429483,0.0,0.14420747756958008,0.01620626449584961,0.5,0.018518518518518517,1457237.1398420916,971873.7602906773,514.2399999999977,3161.5630686449817,0.8888888888888888,8.717737516306276,9.606626405195165
uniform,340,100.86677575963296,22.44384608411732,4446.4830359221305,2918.6470911441256,184.6718359221297,-36.83729042262819,4361.811200000001,2975.2092513240973,100.0,19.72486975734375,0.0,2716.1390214965036,0.0,32.53493416351721,2942.67431716058,0.0,0.08468985557556152,0.022055387496948242,0.5,0.010101010101010102,1461683.6228780136,974792.4073818214,515.7599999999977,3171.0310061285068,0.4848484848484849,8.983088998676514,9.467937483524999
uniform,341,104.46959237503991,23.49490970788536,4478.745970165141,2921.4192898631504,207.51557016514084,-34.065091703603365,4371.2304,2975.2092513240973,100.0,19.72486975734375,0.0,2718.1732266749605,0.0,32.53493416351721,2942.67431716058,0.0,0.15731000900268555,0.02226424217224121,0.5,0.010101010101010102,1466162.3688481788,977713.8266716846,517.2799999999977,3180.498943612032,0.4848484848484849,8.983088998676514,9.467937483524999
uniform,342,100.85675085629562,22.61931420458629,4442.335937122695,2921.752257124864,193.68633712269536,-33.73212444188963,4348.6496,2975.2092513240973,100.0,19.72486975734375,0.0,2711.7684892929315,0.0,32.53493416351721,2942.67431716058,0.0,0.1542506217956543,0.0169980525970459,0.5,0.010101010101010102,1470604.7047853014,980635.5789288095,518.7999999999977,3189.966881095557,0.4848484848484849,8.983088998676514,9.467937483524999
uniform,343,101.1586926643616,22.52000678329597,4446.23656234203,2926.8312261059477,185.30056234203013,-28.65315546080571,4360.936,2975.2092513240973,100.0,19.72486975734375,0.0,2733.170389031649,0.0,32.53493416351721,2942.67431716058,0.0,0.1076202392578125,0.013993024826049805,0.5,0.010101010101010102,1475050.9413476433,983562.4101549154,520.3199999999977,3199.434818579082,0.4848484848484849,8.983088998676514,9.467937483524999
uniform,344,102.11758270248417,19.270330024136918,4459.056967818798,2921.6391431770567,192.77856781879728,-33.845238389696775,4366.2784,2975.2092513240973,100.0,19.72486975734375,0.0,2731.8510230967486,0.0,32.53493416351721,2942.67431716058,0.0,0.11391282081604004,0.023151874542236328,0.5,0.010101010101010102,1479509.9983154621,986484.0492980925,521.8399999999976,3208.902756062607,0.4848484848484849,8.983088998676514,9.467937483524999
uniform,345,90.07297413983383,18.665026499283957,3997.0542028328873,2926.823974990738,172.31836283288604,-28.660406576015866,3924.735840000001,2975.2092513240973,100.0,19.72486975734375,0.0,2455.8081087930022,0.0,32.53493416351721,2942.67431716058,0.0,0.12118911743164062,0.024116039276123047,0.5,0.010101010101010102,1483507.0525182951,989410.8732730832,523.3599999999976,3218.370693546132,0.4848484848484849,8.983088998676514,9.467937483524999
uniform,346,89.48671127615819,21.610714956179617,4033.5374566720966,2985.4471512077,183.55697667209614,65.00099805566182,3949.9804800000006,2940.459958162861,100.0,20.013805010823262,0.0,2465.3255997882134,0.0,23.85895171991262,2916.6010064429483,0.0,0.11961030960083008,0.013129949569702148,0.5,0.018518518518518517,1487540.5899749673,992396.320424291,524.8799999999976,3227.977319951327,0.8888888888888888,8.717737516306276,9.606626405195165
uniform,347,98.80097760027168,27.783677557954878,4449.906866523418,2929.3138959389044,188.09566652341744,-26.17048562784941,4361.811200000001,2975.2092513240973,100.0,19.72486975734375,0.0,2725.627333577232,0.0,32.53493416351721,2942.67431716058,0.0,0.10521411895751953,0.021627426147460938,0.5,0.010101010101010102,1491990.4968414907,995325.6343202299,526.3999999999976,3237.445257434852,0.4848484848484849,8.983088998676514,9.467937483524999
uniform,348,99.22621602345676,20.05473467017421,4450.733247559365,2920.5512408387553,193.30764755936423,-34.93314072799818,4357.4256000000005,2975.2092513240973,100.0,19.72486975734375,0.0,2730.945693056159,0.0,32.53493416351721,2942.67431716058,0.0,0.1286606788635254,0.019982099533081055,0.5,0.010101010101010102,1496441.23008905,998246.1855610686,527.9199999999976,3246.913194918377,0.4848484848484849,8.983088998676514,9.467937483524999
uniform,349,94.601538860254,22.421512467333756,4437.457866525899,2929.3698401104143,187.6882665258991,-26.114541456339463,4349.7696,2975.2092513240973,100.0,19.72486975734375,0.0,2718.674937124422,0.0,32.53493416351721,2942.67431716058,0.0,0.14929699897766113,0.021996259689331055,0.5,0.010101010101010102,1500878.687955576,1001175.555401179,529.4399999999976,3256.381132401902,0.4848484848484849,8.983088998676514,9.467937483524999
uniform,350,96.17027626299019,22.624930748508724,4452.726218248105,2920.0971318027528,189.2494182481051,-35.38724976400104,4363.4768,2975.2092513240973,100.0,19.72486975734375,0.0,2721.6080165405624,0.0,32.53493416351721,2942.67431716058,0.0,0.14014339447021484,0.022423267364501953,0.5,0.010101010101010102,1505331.414173824,1004095.6525329817,530.9599999999975,3265.849069885427,0.4848484848484849,8.983088998676514,9.467937483524999
uniform,351,96.45450242187162,22.707238146820323,4461.1227735915145,2923.4891997129907,193.67957359151399,-31.99518185376281,4367.443200000001,2975.2092513240973,100.0,19.72486975734375,0.0,2740.8058010721516,0.0,32.53493416351721,2942.67431716058,0.0,0.15866613388061523,0.014013290405273438,0.5,0.010101010101010102,1509792.5369474154,1007019.1417326947,532.4799999999975,3275.317007368952,0.4848484848484849,8.983088998676514,9.467937483524999
uniform,352,86.68656255556589,20.0639387601372,4012.8059090733605,2923.53088460128,179.65470907336018,-31.953496965473917,3933.1512000000007,2975.2092513240973,100.0,19.72486975734375,0.0,2463.7955480844307,0.0,32.53493416351721,2942.67431716058,0.0,0.11986994743347168,0.011995553970336914,0.5,0.010101010101010102,1513805.342856489,1009942.672617296,533.9999999999975,3284.784944852477,0.4848484848484849,8.983088998676514,9.467937483524999
uniform,353,87.11628077872338,22.094515154451006,4026.9105993214253,2930.193123054831,185.28211932142483,-25.29125851192242,3941.6284800000008,2975.2092513240973,100.0,19.72486975734375,0.0,2464.0055175646685,0.0,32.53493416351721,2942.67431716058,0.0,0.125579833984375,0.023041248321533203,0.5,0.010101010101010102,1517832.2534558102,1012872.8657403508,535.5199999999975,3294.252882336002,0.4848484848484849,8.983088998676514,9.467937483524999
uniform,354,98.94387136187873,24.40749811721571,4458.247881144749,2922.066803985023,197.0190811447474,-33.417577581730555,4361.228800000002,2975.2092513240973,100.0,19.72486975734375,0.0,2733.1127268188193,0.0,32.53493416351721,2942.67431716058,0.0,0.15769290924072266,0.020993947982788086,0.5,0.010101010101010102,1522290.501336955,1015794.9325443358,537.0399999999975,3303.720819819527,0.4848484848484849,8.983088998676514,9.467937483524999
uniform,355,95.6535436621886,23.322567328924023,4458.220421084175,2923.3604172664513,188.6924210841742,-32.1239643003024,4369.528,2975.2092513240973,100.0,19.72486975734375,0.0,2721.3153640905657,0.0,32.53493416351721,2942.67431716058,0.0,0.12995290756225586,0.016089916229248047,0.5,0.010101010101010102,1526748.7217580392,1018718.2929616023,538.5599999999974,3313.188757303052,0.4848484848484849,8.983088998676514,9.467937483524999
uniform,356,95.74325363650549,21.97735039170286,4440.035125562611,2923.3121524512294,196.91512556261088,-32.17222911552448,4343.12,2975.2092513240973,100.0,19.72486975734375,0.0,2693.964093544584,0.0,32.53493416351721,2942.67431716058,0.0,0.17010283470153809,0.01609969139099121,0.5,0.010101010101010102,1531188.756883602,1021641.6051140536,540.0799999999974,3322.656694786577,0.4848484848484849,8.983088998676514,9.467937483524999
uniform,357,97.92881932988769,21.72552525484615,4447.136414410928,2919.7971794702153,196.3444144109285,-35.687202096538606,4350.792,2975.2092513240973,100.0,19.72486975734375,0.0,2697.470671225365,0.0,32.53493416351721,2942.67431716058,0.0,0.12327313423156738,0.01704263687133789,0.5,0.010101010101010102,1535635.893298013,1024561.4022935238,541.5999999999974,3332.124632270102,0.4848484848484849,8.983088998676514,9.467937483524999
uniform,358,95.06008642462746,21.688176004164795,4442.197517279872,2930.216381478966,176.4567172798727,-25.268000087787684,4365.7408,2975.2092513240973,100.0,19.72486975734375,0.0,2730.876940424966,0.0,32.53493416351721,2942.67431716058,0.0,0.13629603385925293,0.0228879451751709,0.5,0.010101010101010102,1540078.0908152927,1027491.6186750027,543.1199999999974,3341.5925697536272,0.4848484848484849,8.983088998676514,9.467937483524999
uniform,359,85.63542471311462,21.64510738128451,4022.784267388377,2924.8539319589418,190.11690738837564,-30.63044960781172,3932.6673600000013,2975.2092513240973,100.0,19.72486975734375,0.0,2454.3293962125513,0.0,32.53493416351721,2942.67431716058,0.0,0.14845776557922363,0.013994216918945312,0.5,0.010101010101010102,1544100.875082681,1030416.4726069616,544.6399999999974,3351.0605072371523,0.4848484848484849,8.983088998676514,9.467937483524999
uniform,360,83.94588681968398,22.186517921770474,4005.2001449221043,2966.505942962708,166.63598492210386,46.05978981067078,3938.564160000001,2940.459958162861,100.0,20.013805010823262,0.0,2443.9299793290816,0.0,23.85895171991262,2916.6010064429483,0.0,0.09416604042053223,0.018992185592651367,0.5,0.018518518518518517,1548106.075227603,1033382.9785499243,546.1599999999974,3360.6671336423474,0.8888888888888888,8.717737516306276,9.606626405195165
uniform,361,92.91944107223755,24.047691376531887,4439.394195596897,2930.1778437142793,192.46299559689555,-25.306537852474463,4346.931200000001,2975.2092513240973,100.0,19.72486975734375,0.0,2719.770837870272,0.0,32.53493416351721,2942.67431716058,0.0,0.15603113174438477,0.019980430603027344,0.5,0.010101010101010102,1552545.4694232,1036313.1563936386,547.6799999999973,3370.1350711258724,0.4848484848484849,8.983088998676514,9.467937483524999
uniform,362,92.56423086892364,24.338200623275842,4448.925874684568,2923.1873827459453,189.75307468456776,-32.29699882080833,4359.1728,2975.2092513240973,100.0,19.72486975734375,0.0,2700.180034798436,0.0,32.53493416351721,2942.67431716058,0.0,0.12489008903503418,0.009006261825561523,0.5,0.010101010101010102,1556994.3952978845,1039236.3437763845,549.1999999999973,3379.6030086093974,0.4848484848484849,8.983088998676514,9.467937483524999
uniform,363,95.56795478238804,21.004913628161223,4436.821700917244,2991.249190349788,188.79930091724543,35.76480878303432,4348.022399999999,2975.2092513240973,100.0,19.72486975734375,0.0,2720.2357192267605,0.0,32.534934163517214,2942.67431716058,0.0,0.1095128059387207,0.008000373840332031,0.5,0.010101010101010098,1561431.2169988018,1042227.5929667343,550.7199999999973,3389.0709460929224,0.48484848484848475,8.983088998676514,9.467937483524999
uniform,364,92.94072701963451,20.194287722626317,4441.188013023025,2921.727836161805,190.35121302302463,-33.756545404948824,4350.8368,2975.2092513240973,100.0,19.72486975734375,0.0,2711.0148099630082,0.0,32.53493416351721,2942.67431716058,0.0,0.1257028579711914,0.02400827407836914,0.5,0.010101010101010102,1565872.4050118248,1045149.3208028962,552.2399999999973,3398.5388835764475,0.4848484848484849,8.983088998676514,9.467937483524999
uniform,365,92.6628879384162,23.43589938025896,4459.619843765531,2925.6510620787617,186.7686437655308,-29.83331948799198,4372.8512,2975.2092513240973,100.0,19.72486975734375,0.0,2752.997448363412,0.0,32.53493416351721,2942.67431716058,0.0,0.15691161155700684,0.017992734909057617,0.5,0.010101010101010102,1570332.0248555904,1048074.9718649749,553.7599999999973,3408.0068210599725,0.4848484848484849,8.983088998676514,9.467937483524999
normal,1,95.55813683562333,23.791233636978447,4468.423416407121,2074.76857084613,196.15461640712087,-19.997313844419327,4372.268800000001,2111.410775959812,100.0,16.64489126926256,0.0,2722.4708670680325,0.0,9.50341488134591,1893.3943057937379,208.5130552847278,0.14254188537597656,0.020999670028686523,0.5,0.0072463768115942065,4468.423416407121,2074.76857084613,1.52,7.989547809246027,0.3478260869565219,7.641721722289505,7.989547809246027
normal,2,82.08723996277698,22.38376505555918,4018.3822708413545,2167.4912984146567,187.2470708413536,44.20860340698903,3931.135200000001,2140.439870507156,100.0,17.157175499487906,0.0,2445.1666383272222,0.0,11.807273034399463,1937.8597603391927,190.7728371335633,0.1333141326904297,0.023827075958251953,0.5,0.014367816091954025,8486.805687248476,4242.259869260786,3.04,16.22499204900022,0.6896551724137931,7.545789067340402,8.235444239754194
normal,3,81.77862283174728,19.27722629490675,4022.6997298830374,2117.9287795026567,171.2274098830364,40.333357222261874,3951.472320000001,2094.7525977798828,100.0,17.157175499487906,0.0,2455.90024997304,0.0,11.807273034399463,1892.17248761192,190.7728371335633,0.14754819869995117,0.020222187042236328,0.5,0.014367816091954025,12509.505417131513,6360.188648763443,4.5600000000000005,24.460436288754416,0.6896551724137931,7.545789067340402,8.235444239754194
normal,4,89.42705178675055,22.94887910050355,4435.888111221442,2164.5320508647146,173.49451122144126,47.48194646583781,4362.393600000001,2134.4071395961755,100.0,17.357035197298536,0.0,2751.35900062808,0.0,9.50341488134591,1916.3906694301018,208.5130552847278,0.18267512321472168,0.022007226943969727,0.5,0.014367816091954025,16945.393528352957,8524.720699628157,6.08,32.79181318345771,0.6896551724137931,7.641721722289505,8.331376894703299
normal,5,89.73922861852304,20.97342098605987,4445.786678484813,2054.900404985504,181.20587848481313,-23.407161222926774,4364.5808,2094.7525977798828,100.0,16.445031571451924,0.0,2719.4305911068254,0.0,11.807273034399463,1892.17248761192,190.7728371335633,0.14077067375183105,0.024107694625854492,0.5,0.0072463768115942065,21391.18020683777,10579.62110461366,7.6,40.68542833775464,0.3478260869565219,7.545789067340402,7.893615154296923
normal,6,88.19691199516744,22.08783812762239,4420.505526280426,2140.1345813243634,185.07832628042638,39.84824995305914,4335.4272,2117.443506870792,100.0,17.157175499487906,0.0,2704.6290481461588,0.0,11.807273034399463,1914.863396702829,190.7728371335633,0.1274559497833252,0.013993978500366211,0.5,0.014367816091954025,25811.685733118196,12719.755685938024,9.12,48.92087257750883,0.6896551724137931,7.545789067340402,8.235444239754194
normal,7,89.29004388564353,24.373765168004773,4450.58107537195,2051.3540739733144,193.13947537195003,-20.720901626326,4357.4416,2088.719866868903,100.0,16.64489126926256,0.0,2724.9136981944084,0.0,9.50341488134591,1870.7033967028287,208.5130552847278,0.13109278678894043,0.01799750328063965,0.5,0.0072463768115942065,30262.266808490145,14771.109759911338,10.639999999999999,56.91042038675486,0.3478260869565219,7.641721722289505,7.989547809246027
normal,8,90.98888547132698,24.361042792644177,4453.362172706033,2080.6874611562016,187.08377270603285,-20.311014143138333,4366.2784,2117.443506870792,100.0,16.445031571451924,0.0,2720.520043324881,0.0,11.807273034399463,1914.863396702829,190.7728371335633,0.10901546478271484,0.01239466667175293,0.5,0.0072463768115942065,34715.628981196176,16851.79722106754,12.159999999999998,64.80403554105177,0.3478260869565219,7.545789067340402,7.893615154296923
normal,9,79.3093697011217,19.690341863265832,4003.5069544781127,2138.1719806593046,159.98775447811113,37.88564928800064,3943.519200000001,2117.443506870792,100.0,17.157175499487906,0.0,2465.167491718144,0.0,11.807273034399463,1914.863396702829,190.7728371335633,0.12946343421936035,0.025089740753173828,0.5,0.014367816091954025,38719.13593567429,18989.969201726846,13.679999999999998,73.03947978080598,0.6896551724137931,7.545789067340402,8.235444239754194
normal,10,80.47458712028997,20.492507965523867,4005.6590733347693,2181.3977776114384,160.10227333476772,38.976887716964065,3945.556800000001,2159.8057132680347,100.0,17.384823373560135,0.0,2461.0514007064776,0.0,11.807273034399463,1957.2256031000716,190.7728371335633,0.16013407707214355,0.021534204483032227,0.5,0.014367816091954025,42724.79500900906,21171.366979338283,15.199999999999998,81.38419500011484,0.6896551724137931,7.655060046895073,8.344715219308867
normal,11,85.71444573567375,23.441018507847307,4440.835304600684,2084.6725272128797,174.6913046006829,-16.32594808646033,4366.144000000001,2117.443506870792,100.0,16.445031571451924,0.0,2738.3448322890686,0.0,11.807273034399463,1914.863396702829,190.7728371335633,0.1475541591644287,0.01799178123474121,0.5,0.0072463768115942065,47165.63031360974,23256.039506551162,16.72,89.27781015441177,0.3478260869565219,7.545789067340402,7.893615154296923
normal,12,88.01024999731855,20.564409416886882,4439.326012180849,2051.054496238423,177.5676121808482,-21.020479361217614,4361.758400000001,2088.719866868903,100.0,16.64489126926256,0.0,2731.5371344905125,0.0,9.50341488134591,1870.7033967028287,208.5130552847278,0.10506606101989746,0.010130643844604492,0.5,0.0072463768115942065,51604.95632579059,25307.094002789585,18.24,97.26735796365779,0.3478260869565219,7.641721722289505,7.989547809246027
normal,13,86.59660289117387,22.350084450024116,4433.233227102513,2080.57421281778,185.21082710251454,-20.424262481560035,4348.022399999999,2117.443506870792,100.0,16.445031571451924,0.0,2714.7931864195407,0.0,11.807273034399463,1914.863396702829,190.7728371335633,0.13311982154846191,0.027040958404541016,0.5,0.0072463768115942065,56038.189552893105,27387.668215607366,19.759999999999998,105.16097311795471,0.3478260869565219,7.545789067340402,7.893615154296923
normal,14,88.27578401602047,19.68353494201407,4433.269016578645,2053.822990308862,172.03221657864458,-18.251985290778727,4361.236800000001,2088.719866868903,100.0,16.64489126926256,0.0,2746.3470884441213,0.0,9.50341488134591,1870.7033967028287,208.5130552847278,0.14167046546936035,0.025527238845825195,0.5,0.0072463768115942065,60471.45856947175,29441.491205916227,21.279999999999998,113.15052092720074,0.3478260869565219,7.641721722289505,7.989547809246027
normal,15,85.33888045225613,23.689810820613708,4439.902116362095,2062.1195355995274,178.57091636209495,-16.188030608903375,4361.3312,2094.7525977798828,100.0,16.445031571451924,0.0,2720.6033800020195,0.0,11.807273034399463,1892.17248761192,190.7728371335633,0.17412710189819336,0.014727115631103516,0.5,0.0072463768115942065,64911.360685833846,31503.610741515753,22.799999999999997,121.04413608149767,0.3478260869565219,7.545789067340402,7.893615154296923
normal,16,77.4565413339472,19.320176277694465,3994.2381304114137,2112.6950992706825,157.1586104114126,35.09967699028775,3937.079520000001,2094.7525977798828,100.0,17.157175499487906,0.0,2445.8488146828026,0.0,11.807273034399463,1892.17248761192,190.7728371335633,0.13584208488464355,0.01509547233581543,0.5,0.014367816091954025,68905.59881624526,33616.30584078644,24.319999999999997,129.27958032125187,0.6896551724137931,7.545789067340402,8.235444239754194
normal,17,76.7688835292059,21.79433135686027,4014.6955699135015,1693.1558179690292,168.0904499135001,-15.235435135697553,3946.605120000001,1722.0294427693477,100.0,13.638189664620937,0.0,2466.8392030421637,0.0,26.12208187024309,1591.3889939356002,104.51836696350419,0.13077044486999512,0.016726255416870117,0.5,0.0072463768115942065,72920.29438615876,35309.46165875546,25.839999999999996,135.8259113602699,0.3478260869565219,6.198504952061528,6.54633103901805
normal,18,87.06897422060221,22.364422236755967,4440.266734264047,2053.6419870179866,179.6203342640452,-18.43298858165394,4360.646400000001,2088.719866868903,100.0,16.64489126926256,0.0,2753.7295436179625,0.0,9.50341488134591,1870.7033967028287,208.5130552847278,0.1323108673095703,0.0185244083404541,0.5,0.0072463768115942065,77360.5611204228,37363.10364577345,27.359999999999996,143.81545916951595,0.3478260869565219,7.641721722289505,7.989547809246027
normal,19,82.95392994050128,24.628405271333843,4439.723543829818,1690.7483486811504,168.49314382981717,-17.642904423576233,4371.2304,1722.0294427693477,100.0,13.638189664620937,0.0,2736.1019786874936,0.0,26.12208187024309,1591.3889939356002,104.51836696350419,0.14228153228759766,0.02500438690185547,0.5,0.0072463768115942065,81800.28466425263,39053.8519944546,28.879999999999995,150.361790208534,0.3478260869565219,6.198504952061528,6.54633103901805
normal,20,82.60020912336067,24.303778721802527,4410.297072593661,1693.4957015046252,166.0570725936616,-14.895551600101493,4344.24,1722.0294427693477,100.0,13.638189664620937,0.0,2714.0211656558267,0.0,26.12208187024309,1591.3889939356002,104.51836696350419,0.12034368515014648,0.010000467300415039,0.5,0.0072463768115942065,86210.58173684629,40747.34769595922,30.399999999999995,156.90812124755203,0.3478260869565219,6.198504952061528,6.54633103901805
normal,21,81.20828187948342,24.558608323078438,4439.14884074687,1692.3698989984528,183.40964074686855,-16.02135410627388,4355.739200000001,1722.0294427693477,100.0,13.638189664620937,0.0,2750.266735899527,0.0,26.12208187024309,1591.3889939356002,104.51836696350419,0.14107990264892578,0.01898980140686035,0.5,0.0072463768115942065,90649.73057759316,42439.71759495768,31.919999999999995,163.45445228657007,0.3478260869565219,6.198504952061528,6.54633103901805
normal,22,81.75441438053086,22.27701407274462,4437.527012557996,2135.700728263546,177.85341255799625,35.414396892241605,4359.6736,2117.443506870792,100.0,17.157175499487906,0.0,2724.3262980625013,0.0,11.807273034399463,1914.863396702829,190.7728371335633,0.12241768836975098,0.014008045196533203,0.5,0.014367816091954025,95087.25759015116,44575.41832322122,33.44,171.68989652632428,0.6896551724137931,7.545789067340402,8.235444239754194
normal,23,74.88631276670993,20.490975669468387,3995.857135708602,2173.54083437525,157.20513570860135,31.11994448077577,3938.652000000001,2159.8057132680347,100.0,17.384823373560135,0.0,2476.6395181225953,0.0,11.807273034399463,1957.2256031000716,190.7728371335633,0.13408398628234863,0.024019718170166016,0.5,0.014367816091954025,99083.11472585976,46748.95915759647,34.96,180.03461174563313,0.6896551724137931,7.655060046895073,8.344715219308867
normal,24,77.3107741976847,18.62351214774844,4000.1743875358807,2112.104346553688,155.14174753587972,34.50892427329352,3945.0326400000013,2094.7525977798828,100.0,17.157175499487906,0.0,2479.3955341550045,0.0,11.807273034399463,1892.17248761192,190.7728371335633,0.11059069633483887,0.009066104888916016,0.5,0.014367816091954025,103083.28911339564,48861.06350415016,36.480000000000004,188.27005598538733,0.6896551724137931,7.545789067340402,8.235444239754194
normal,25,81.87965777103982,20.88465198751037,4424.3231200966,2136.760343092916,162.46712009659905,36.47401172161205,4361.856000000001,2117.443506870792,100.0,17.157175499487906,0.0,2741.906541124075,0.0,11.807273034399463,1914.863396702829,190.7728371335633,0.16259002685546875,0.014993667602539062,0.5,0.014367816091954025,107507.61223349224,50997.823847243075,38.00000000000001,196.50550022514153,0.6896551724137931,7.545789067340402,8.235444239754194
normal,26,83.3302640329544,23.28421500187989,4454.435168977875,2141.710918577447,190.97436897787554,41.42458720614269,4363.4608,2117.443506870792,100.0,17.157175499487906,0.0,2749.347066593463,0.0,11.807273034399463,1914.863396702829,190.7728371335633,0.12114906311035156,0.010002374649047852,0.5,0.014367816091954025,111962.04740247011,53139.53476582052,39.52000000000001,204.74094446489573,0.6896551724137931,7.545789067340402,8.235444239754194
normal,27,80.10644267253019,19.31128588010697,4405.109056892518,2132.0093212318475,158.74425689251925,31.608959574099067,4346.364799999999,2117.443506870792,100.0,17.043145213043825,0.0,2723.91476060051,0.0,11.807273034399463,1914.863396702829,190.7728371335633,0.1060483455657959,0.009997844696044922,0.5,0.013227513227513227,116367.15645936262,55271.54408705237,41.04000000000001,212.92165416715676,0.6349206349206349,7.545789067340402,8.180709702261037
normal,28,82.07959905318405,21.04151608383958,4418.7571213916735,1692.11555836637,161.31552139167343,-16.275694738356844,4357.4416,1722.0294427693477,100.0,13.638189664620937,0.0,2713.0059661058654,0.0,26.12208187024309,1591.3889939356002,104.51836696350419,0.11215496063232422,0.019507884979248047,0.5,0.0072463768115942065,120785.91358075429,56963.65964541874,42.56000000000002,219.4679852061748,0.3478260869565219,6.198504952061528,6.54633103901805
normal,29,83.70659262692932,22.531073020721543,4448.925888456612,2163.7570599104724,183.22988845661166,40.474364902804595,4365.696,2140.439870507156,100.0,17.157175499487906,0.0,2721.4093193002645,0.0,11.807273034399463,1937.8597603391927,190.7728371335633,0.1383061408996582,0.022917747497558594,0.5,0.014367816091954025,125234.8394692109,59127.41670532921,44.08000000000002,227.703429445929,0.6896551724137931,7.545789067340402,8.235444239754194
normal,30,73.7763487645965,18.94935556760742,3983.7667889747518,2175.4296641036103,146.16310897475017,33.008774209136,3937.6036800000015,2159.8057132680347,100.0,17.384823373560135,0.0,2447.393507917385,0.0,11.807273034399463,1957.2256031000716,190.7728371335633,0.16038060188293457,0.02410411834716797,0.5,0.014367816091954025,129218.60625818565,61302.846369432824,45.60000000000002,236.04814466523788,0.6896551724137931,7.655060046895073,8.344715219308867
normal,31,72.39121688885952,19.74335432583654,3996.6412562474725,2249.3596156874405,147.93949624747103,36.72160269691017,3948.7017600000013,2224.687658403557,100.0,12.04964541302659,0.0,2475.562800095421,0.0,0.0,2224.687658403557,0.0,0.13804125785827637,0.008883237838745117,0.5,0.018518518518518517,133215.2475144331,63552.205985120265,47.120000000000026,241.83197446349064,0.8888888888888888,4.894940909363876,5.783829798252764
normal,32,79.09036226736328,20.761757764227557,4411.9897294554385,2195.936217386132,161.74332945543762,-17.54354644614962,4350.246400000001,2224.687658403557,100.0,11.20789457127575,0.0,2721.8639281230817,0.0,0.0,2224.687658403557,0.0,0.12492513656616211,0.023997783660888672,0.5,0.010101010101010102,137627.23724388855,65748.1422025064,48.64000000000003,247.211763857703,0.4848484848484849,4.894940909363876,5.379789394212361
normal,33,80.44200357265336,18.916508938148386,4419.531665204146,2261.1393480388965,163.76366520414447,48.501335048365874,4355.768000000001,2224.687658403557,100.0,12.04964541302659,0.0,2724.1269655883275,0.0,0.0,2224.687658403557,0.0,0.12260890007019043,0.0121002197265625,0.5,0.018518518518518517,142046.7689090927,68009.28155054529,50.16000000000003,252.99559365595576,0.8888888888888888,4.894940909363876,5.783829798252764
normal,34,76.79502470260041,23.090152196691232,4407.233525169203,2194.5940751755365,165.8607251692039,-18.885688656744875,4341.372799999999,2224.687658403557,100.0,11.20789457127575,0.0,2717.4757867718567,0.0,0.0,2224.687658403557,0.0,0.12652111053466797,0.024991750717163086,0.5,0.010101010101010102,146454.0024342619,70203.87562572083,51.680000000000035,258.3753830501681,0.4848484848484849,4.894940909363876,5.379789394212361
normal,35,76.93722414252143,23.577329717726155,4419.779587762624,2258.39172787017,156.92998776262368,45.753714879639716,4362.8496000000005,2224.687658403557,100.0,12.04964541302659,0.0,2733.51918332915,0.0,0.0,2224.687658403557,0.0,0.12101125717163086,0.01615619659423828,0.5,0.018518518518518517,150873.78202202453,72462.267353591,53.20000000000004,264.1592128484209,0.8888888888888888,4.894940909363876,5.783829798252764
normal,36,80.6226085820366,25.621006145545955,4445.219469133759,2185.2279975921606,172.95066913375825,-28.251766240120862,4372.268800000001,2224.687658403557,100.0,11.20789457127575,0.0,2733.4384431157564,0.0,0.0,2224.687658403557,0.0,0.12089419364929199,0.016994953155517578,0.5,0.010101010101010102,155319.0014911583,74647.49535118316,54.72000000000004,269.5390022426333,0.4848484848484849,4.894940909363876,5.379789394212361
normal,37,73.1835630921488,22.137080563586576,4001.1178267565447,2191.1199356709894,162.98998675654357,-22.359828161291993,3938.1278400000015,2224.687658403557,100.0,11.20789457127575,0.0,2454.885582287567,0.0,0.0,2224.687658403557,0.0,0.13855290412902832,0.01725912094116211,0.5,0.010101010101010102,159320.11931791485,76838.61528685414,56.240000000000045,274.91879163684564,0.4848484848484849,4.894940909363876,5.379789394212361
normal,38,71.63476970112283,21.4937009600007,3995.6653844761145,2251.8667577443584,161.96842447611382,39.22874475382798,3933.6969600000007,2224.687658403557,100.0,12.04964541302659,0.0,2454.52646815294,0.0,0.0,2224.687658403557,0.0,0.09069442749023438,0.021008729934692383,0.5,0.018518518518518517,163315.78470239096,79090.4820445985,57.76000000000005,280.7026214350984,0.8888888888888888,4.894940909363876,5.783829798252764
normal,39,78.01423744943293,26.891969586901624,4434.269956198285,2190.787089413035,184.51635619828443,-22.692674419246295,4349.753600000001,2224.687658403557,100.0,11.20789457127575,0.0,2730.1857394024632,0.0,0.0,2224.687658403557,0.0,0.17012310028076172,0.021120071411132812,0.5,0.010101010101010102,167750.05465858924,81281.26913401153,59.28000000000005,286.0824108293108,0.4848484848484849,4.894940909363876,5.379789394212361
normal,40,74.37527489759269,21.80102026918698,4434.07869812801,2257.7137370064816,169.4978981280101,45.075724015950975,4364.5808,2224.687658403557,100.0,12.04964541302659,0.0,2732.4228583021645,0.0,0.0,2224.687658403557,0.0,0.11790299415588379,0.01702094078063965,0.5,0.018518518518518517,172184.13335671724,83538.98287101802,60.800000000000054,291.86624062756357,0.8888888888888888,4.894940909363876,5.783829798252764
normal,41,73.08664293528388,22.597400470580162,4416.693690910501,2250.575844113831,174.15609091050075,37.937831123300455,4342.5376,2224.687658403557,100.0,12.04964541302659,0.0,2700.782256342306,0.0,0.0,2224.687658403557,0.0,0.10097265243530273,0.012514591217041016,0.5,0.018518518518518517,176600.82704762774,85789.55871513185,62.32000000000006,297.65007042581635,0.8888888888888888,4.894940909363876,5.783829798252764
normal,42,77.52909227231953,20.03173828976841,4422.274641615159,2254.0879718317115,165.41544161515918,41.44995884118067,4356.8592,2224.687658403557,100.0,12.04964541302659,0.0,2735.9138202323984,0.0,0.0,2224.687658403557,0.0,0.1255192756652832,0.00899958610534668,0.5,0.018518518518518517,181023.1016892429,88043.64668696356,63.84000000000006,303.43390022406913,0.8888888888888888,4.894940909363876,5.783829798252764
normal,43,72.7159364493449,18.249691143969706,4413.308136106816,2258.4618069293288,146.44733610681575,45.82379393879819,4366.8608,2224.687658403557,100.0,12.04964541302659,0.0,2712.603660809464,0.0,0.0,2224.687658403557,0.0,0.10994601249694824,0.0157773494720459,0.5,0.018518518518518517,185436.40982534972,90302.1084938929,65.36000000000006,309.2177300223219,0.8888888888888888,4.894940909363876,5.783829798252764
normal,44,69.26482972250261,20.280163225806913,3983.7835567374573,2250.9508434520208,140.264356737456,38.31283046149005,3943.519200000001,2224.687658403557,100.0,12.04964541302659,0.0,2461.659341900672,0.0,0.0,2224.687658403557,0.0,0.12137079238891602,0.00912785530090332,0.5,0.018518518518518517,189420.1933820872,92553.05933734492,66.88000000000005,315.0015598205747,0.8888888888888888,4.894940909363876,5.783829798252764
normal,45,69.51270231332946,23.193321244799492,3995.385289428876,2247.415396290359,144.39680942887526,34.77738329982836,3950.988480000001,2224.687658403557,100.0,12.04964541302659,0.0,2483.358682225484,0.0,0.0,2224.687658403557,0.0,0.1178436279296875,0.016994476318359375,0.5,0.018518518518518517,193415.57867151606,94800.47473363529,68.40000000000005,320.7853896188275,0.8888888888888888,4.894940909363876,5.783829798252764
normal,46,75.90164725314445,22.09088543726733,4415.747407295816,2192.914547052582,164.29140729581428,-20.565216779699647,4351.456000000001,2224.687658403557,100.0,11.20789457127575,0.0,2713.894760837649,0.0,0.0,2224.687658403557,0.0,0.1304936408996582,0.026101112365722656,0.5,0.010101010101010102,197831.3260788119,96993.38928068787,69.92000000000004,326.16517901303985,0.4848484848484849,4.894940909363876,5.379789394212361
normal,47,74.23952435413854,22.5146155849436,4429.086172160285,2251.1764871139467,166.7453721602854,38.53847412341617,4362.3408,2224.687658403557,100.0,12.04964541302659,0.0,2727.096502247404,0.0,0.0,2224.687658403557,0.0,0.1207277774810791,0.02213287353515625,0.5,0.018518518518518517,202260.41225097218,99244.56576780182,71.44000000000004,331.94900881129263,0.8888888888888888,4.894940909363876,5.783829798252764
normal,48,76.58206955392593,21.67741093378266,4407.286993192302,2199.502693956108,170.15739319230337,-13.977069876173486,4337.129599999999,2224.687658403557,100.0,11.20789457127575,0.0,2720.3600906896227,0.0,0.0,2224.687658403557,0.0,0.15811753273010254,0.02410602569580078,0.5,0.010101010101010102,206667.69924416448,101444.06846175792,72.96000000000004,337.328798205505,0.4848484848484849,4.894940909363876,5.379789394212361
normal,49,71.09059662312639,24.119963025893714,4410.41001021601,2190.861766400226,166.14601021600993,-22.61799743205559,4344.264,2224.687658403557,100.0,11.20789457127575,0.0,2725.8513265279926,0.0,0.0,2224.687658403557,0.0,0.1878659725189209,0.025225400924682617,0.5,0.010101010101010102,211078.10925438048,103634.93022815815,74.48000000000003,342.70858759971736,0.4848484848484849,4.894940909363876,5.379789394212361
normal,50,73.9395542371823,22.16245150500325,4425.5548933576565,2250.3437609336943,164.7612933576565,37.70574794316366,4360.7936,2224.687658403557,100.0,12.04964541302659,0.0,2700.2837760743964,0.0,0.0,2224.687658403557,0.0,0.12687921524047852,0.014039754867553711,0.5,0.018518518518518517,215503.66414773813,105885.27398909185,76.00000000000003,348.49241739797014,0.8888888888888888,4.894940909363876,5.783829798252764
normal,51,63.755396401225774,21.522120325535244,3979.6169971750037,2250.4800727422144,147.95763717500205,37.842059751683855,3931.6593600000015,2224.687658403557,100.0,12.04964541302659,0.0,2460.2822426051116,0.0,0.0,2224.687658403557,0.0,0.11507320404052734,0.009616851806640625,0.5,0.018518518518518517,219483.28114491314,108135.75406183406,77.52000000000002,354.2762471962229,0.8888888888888888,4.894940909363876,5.783829798252764
normal,52,64.28181342087605,22.696410622417417,3988.4663250453036,2242.9637593122648,149.37800504530253,30.325746321734073,3939.088320000001,2224.687658403557,100.0,12.04964541302659,0.0,2480.012540510386,0.0,0.0,2224.687658403557,0.0,0.13019490242004395,0.01674962043762207,0.5,0.018518518518518517,223471.74746995844,110378.71782114632,79.04000000000002,360.0600769944757,0.8888888888888888,4.894940909363876,5.783829798252764
normal,53,71.04117573884541,24.46719986841848,4417.137572324296,2258.4633922970934,154.16157232429453,45.82537930656294,4362.9760000000015,2224.687658403557,100.0,12.04964541302659,0.0,2740.952013597579,0.0,0.0,2224.687658403557,0.0,0.1142725944519043,0.019095659255981445,0.5,0.018518518518518517,227888.88504228275,112637.18121344341,80.56000000000002,365.8439067927285,0.8888888888888888,4.894940909363876,5.783829798252764
normal,54,69.44477701234001,22.232348002433984,4423.858923831715,2248.423600137242,147.7581238317153,35.785587146711514,4376.1008,2224.687658403557,100.0,12.04964541302659,0.0,2755.5599367211425,0.0,0.0,2224.687658403557,0.0,0.14927935600280762,0.015113115310668945,0.5,0.018518518518518517,232312.74396611447,114885.60481358066,82.08000000000001,371.62773659098127,0.8888888888888888,4.894940909363876,5.783829798252764
normal,55,71.84536135709374,21.70627799095501,4400.823609566189,2241.884578738183,156.5836095661887,29.24656574765226,4344.24,2224.687658403557,100.0,12.04964541302659,0.0,2707.3816711692702,0.0,0.0,2224.687658403557,0.0,0.15629291534423828,0.022888660430908203,0.5,0.018518518518518517,236713.56757568067,117127.48939231885,83.60000000000001,377.41156638923405,0.8888888888888888,4.894940909363876,5.783829798252764
normal,56,71.27336299891819,24.95055733285317,4423.80663643622,2243.3097531750045,166.32023643621918,30.67174018447403,4357.486400000001,2224.687658403557,100.0,12.04964541302659,0.0,2715.7886921976133,0.0,0.0,2224.687658403557,0.0,0.1560688018798828,0.026000499725341797,0.5,0.018518518518518517,241137.3742121169,119370.79914549386,85.12,383.19539618748684,0.8888888888888888,4.894940909363876,5.783829798252764
normal,57,70.05178991127536,23.20889173777168,4421.202841263241,2250.634620243035,154.34204126324008,37.9966072525043,4366.8608,2224.687658403557,100.0,12.04964541302659,0.0,2733.6896466745557,0.0,0.0,2224.687658403557,0.0,0.1481916904449463,0.027186155319213867,0.5,0.018518518518518517,245558.57705338014,121621.43376573689,86.64,388.9792259857396,0.8888888888888888,4.894940909363876,5.783829798252764
normal,58,62.44732074350557,21.178799008191984,3978.7594562028225,2246.039430691449,140.6316162028211,33.40141770091836,3938.1278400000015,2224.687658403557,100.0,12.04964541302659,0.0,2501.3753933843777,0.0,0.0,2224.687658403557,0.0,0.1211855411529541,0.010083675384521484,0.5,0.018518518518518517,249537.33650958296,123867.47319642834,88.16,394.7630557839924,0.8888888888888888,4.894940909363876,5.783829798252764
normal,59,64.38902929786,18.825309288956277,3973.693872483074,2250.6517684034693,132.0653924830732,38.01375541293871,3941.6284800000008,2224.687658403557,100.0,12.04964541302659,0.0,2457.8250813530026,0.0,0.0,2224.687658403557,0.0,0.14360594749450684,0.016537189483642578,0.5,0.018518518518518517,253511.03038206603,126118.1249648318,89.67999999999999,400.5468855822452,0.8888888888888888,4.894940909363876,5.783829798252764
normal,60,65.40638309779442,24.067124508893922,4412.50020987932,2246.432273173171,162.791409879319,33.794260182640116,4349.708800000001,2224.687658403557,100.0,12.04964541302659,0.0,2738.7305544480437,0.0,0.0,2224.687658403557,0.0,0.12270069122314453,0.02512335777282715,0.5,0.018518518518518517,257923.53059194537,128364.55723800497,91.19999999999999,406.33071538049796,0.8888888888888888,4.894940909363876,5.783829798252764
normal,61,68.063645224713,19.91036216054047,4413.315358893885,2248.7010038647913,143.20495889388405,36.06299087426096,4370.1104000000005,2224.687658403557,100.0,12.04964541302659,0.0,2739.6695752284654,0.0,0.0,2224.687658403557,0.0,0.14710211753845215,0.02265143394470215,0.5,0.018518518518518517,262336.8459508392,130613.25824186976,92.71999999999998,412.11454517875075,0.8888888888888888,4.894940909363876,5.783829798252764
normal,62,69.01342000636863,24.005533598879154,4405.581080533786,2243.2852046506223,170.19868053378642,30.647191660091732,4335.3823999999995,2224.687658403557,100.0,12.04964541302659,0.0,2725.388319427978,0.0,0.0,2224.687658403557,0.0,0.1050572395324707,0.016225814819335938,0.5,0.018518518518518517,266742.427031373,132856.54344652037,94.23999999999998,417.8983749770035,0.8888888888888888,4.894940909363876,5.783829798252764
normal,63,68.02294997720396,23.40484375621865,4408.983470531413,2236.2581039127695,165.884270531413,23.620090922239026,4343.099200000001,2224.687658403557,100.0,12.04964541302659,0.0,2711.107917780897,0.0,0.0,2224.687658403557,0.0,0.12928295135498047,0.015993595123291016,0.5,0.018518518518518517,271151.41050190444,135092.80155043316,95.75999999999998,423.6822047752563,0.8888888888888888,4.894940909363876,5.783829798252764
normal,64,66.02231015891157,24.89119038924703,4427.629171675303,2243.43788379837,155.36037167530236,30.79987080783931,4372.268800000001,2224.687658403557,100.0,12.04964541302659,0.0,2725.736146322634,0.0,0.0,2224.687658403557,0.0,0.14269208908081055,0.014993906021118164,0.5,0.018518518518518517,275579.03967357974,137336.23943423154,97.27999999999997,429.4660345735091,0.8888888888888888,4.894940909363876,5.783829798252764
normal,65,62.938945943814396,22.233144425912847,3981.1353420821238,2236.373612428181,138.09998208212247,23.735599437650254,3943.035360000001,2224.687658403557,100.0,12.04964541302659,0.0,2474.7440635208945,0.0,0.0,2224.687658403557,0.0,0.1346147060394287,0.023994922637939453,0.5,0.018518518518518517,279560.17501566187,139572.6130466597,98.79999999999997,435.2498643717619,0.8888888888888888,4.894940909363876,5.783829798252764
normal,66,60.31213214309662,21.465166791040055,3990.5310034686554,2250.543093002603,143.92588346865443,37.905080012072695,3946.605120000001,2224.687658403557,100.0,12.04964541302659,0.0,2477.0514967130594,0.0,0.0,2224.687658403557,0.0,0.15284204483032227,0.02542257308959961,0.5,0.018518518518518517,283550.70601913054,141823.15613966231,100.31999999999996,441.03369417001466,0.8888888888888888,4.894940909363876,5.783829798252764
normal,67,65.77484510939998,22.445162648946045,4403.273270942558,2243.356194888528,136.00927094255695,30.71818189799749,4367.264000000001,2224.687658403557,100.0,12.04964541302659,0.0,2725.8714597177973,0.0,0.0,2224.687658403557,0.0,0.12878680229187012,0.015993595123291016,0.5,0.018518518518518517,287953.9792900731,144066.51233455085,101.83999999999996,446.81752396826744,0.8888888888888888,4.894940909363876,5.783829798252764
normal,68,67.10954927507268,21.693751947045982,4419.499133133363,2250.575413016703,157.15833313336316,37.93740002617245,4362.3408,2224.687658403557,100.0,12.04964541302659,0.0,2719.8614563400165,0.0,0.0,2224.687658403557,0.0,0.12814068794250488,0.018770933151245117,0.5,0.018518518518518517,292373.4784232065,146317.08774756754,103.35999999999996,452.6013537665202,0.8888888888888888,4.894940909363876,5.783829798252764
normal,69,64.06529014238073,21.988337052490582,4379.865695650255,2232.7710636019488,135.62569565025498,20.133050611418316,4344.24,2224.687658403557,100.0,12.04964541302659,0.0,2728.679350048137,0.0,0.0,2224.687658403557,0.0,0.11097884178161621,0.012984991073608398,0.5,0.018518518518518517,296753.34411885677,148549.85881116948,104.87999999999995,458.385183564773,0.8888888888888888,4.894940909363876,5.783829798252764
normal,70,66.31330141728326,22.87025498453884,4407.50982738347,2253.0837274306305,144.03302738346989,40.44571444010011,4363.4768,2224.687658403557,100.0,12.04964541302659,0.0,2722.5172779088566,0.0,0.0,2224.687658403557,0.0,0.11173701286315918,0.025118112564086914,0.5,0.018518518518518517,301160.8539462402,150802.94253860012,106.39999999999995,464.1690133630258,0.8888888888888888,4.894940909363876,5.783829798252764
normal,71,67.2174341679452,19.82075507354983,4405.1936189061225,2245.706108111888,132.924818906122,33.06809512135739,4372.268800000001,2224.687658403557,100.0,12.04964541302659,0.0,2747.7776150472832,0.0,0.0,2224.687658403557,0.0,0.15208840370178223,0.01903986930847168,0.5,0.018518518518518517,305566.04756514635,153048.648646712,107.91999999999994,469.95284316127857,0.8888888888888888,4.894940909363876,5.783829798252764
normal,72,58.16194922361857,19.955626252156197,3973.953467694131,2237.1673018232086,142.2941076941296,24.529288832678212,3931.6593600000015,2224.687658403557,100.0,12.04964541302659,0.0,2466.6176011877437,0.0,0.0,2224.687658403557,0.0,0.13939547538757324,0.022632360458374023,0.5,0.018518518518518517,309540.00103284046,155285.81594853522,109.43999999999994,475.73667295953135,0.8888888888888888,4.894940909363876,5.783829798252764
normal,73,55.062300670365424,21.25843907517822,3969.1508123288777,2233.205120240604,128.04649232887698,20.567107250073818,3941.104320000001,2224.687658403557,100.0,12.04964541302659,0.0,2460.6146792039394,0.0,0.0,2224.687658403557,0.0,0.12375831604003906,0.013030767440795898,0.5,0.018518518518518517,313509.1518451693,157519.02106877582,110.95999999999994,481.52050275778413,0.8888888888888888,4.894940909363876,5.783829798252764
normal,74,64.48514502937071,23.121770037214326,4400.68454454446,2243.0646717215072,139.41094454445857,30.426658730976737,4361.273600000001,2224.687658403557,100.0,12.04964541302659,0.0,2739.093847579568,0.0,0.0,2224.687658403557,0.0,0.11899018287658691,0.01621556282043457,0.5,0.018518518518518517,317909.83638971375,159762.08574049734,112.47999999999993,487.3043325560369,0.8888888888888888,4.894940909363876,5.783829798252764
normal,75,63.71693699619069,20.161137171281872,4418.193125310496,2232.800768965418,147.54512531049573,20.16275597488724,4370.648,2224.687658403557,100.0,12.04964541302659,0.0,2724.26761454228,0.0,0.0,2224.687658403557,0.0,0.11504697799682617,0.014660835266113281,0.5,0.018518518518518517,322328.0295150242,161994.88650946275,113.99999999999993,493.0881623542897,0.8888888888888888,4.894940909363876,5.783829798252764
normal,76,63.51638972813557,21.708189730232622,4386.6898631719305,2249.803605980144,136.92026317193086,37.16559298961344,4349.7696,2224.687658403557,100.0,12.04964541302659,0.0,2716.815054851103,0.0,0.0,2224.687658403557,0.0,0.10597658157348633,0.014147043228149414,0.5,0.018518518518518517,326714.71937819617,164244.6901154429,115.51999999999992,498.8719921525425,0.8888888888888888,4.894940909363876,5.783829798252764
normal,77,60.61197806109228,22.225340118528493,4397.551918284214,2238.1196992790005,147.87991828421352,25.481686288469792,4349.6720000000005,2224.687658403557,100.0,12.04964541302659,0.0,2723.5914172195644,0.0,0.0,2224.687658403557,0.0,0.09681582450866699,0.013232707977294922,0.5,0.018518518518518517,331112.2712964804,166482.8098147219,117.03999999999992,504.65582195079526,0.8888888888888888,4.894940909363876,5.783829798252764
normal,78,64.5585908360077,25.661627247224295,4422.991869038551,2238.4471364390824,151.79826903855047,25.80912344855167,4371.1936000000005,2224.687658403557,100.0,12.04964541302659,0.0,2738.457528208669,0.0,0.0,2224.687658403557,0.0,0.13195466995239258,0.01778697967529297,0.5,0.018518518518518517,335535.26316551893,168721.256951161,118.55999999999992,510.43965174904804,0.8888888888888888,4.894940909363876,5.783829798252764
normal,79,55.91879099028677,20.70246656196347,3968.2875518572596,2236.9860953347693,130.6838718572581,24.3480823442387,3937.6036800000015,2224.687658403557,100.0,12.04964541302659,0.0,2461.7266932992748,0.0,0.0,2224.687658403557,0.0,0.17505693435668945,0.01999807357788086,0.5,0.018518518518518517,339503.5507173762,170958.24304649577,120.07999999999991,516.2234815473008,0.8888888888888888,4.894940909363876,5.783829798252764
normal,80,53.59622975902753,22.13180284560607,3971.4395755331307,2236.2329401235097,119.96725553312922,23.594927132979365,3951.472320000001,2224.687658403557,100.0,12.04964541302659,0.0,2473.9976338841207,0.0,0.0,2224.687658403557,0.0,0.17209315299987793,0.020209074020385742,0.5,0.018518518518518517,343474.9902929093,173194.47598661928,121.59999999999991,522.0073113455536,0.8888888888888888,4.894940909363876,5.783829798252764
normal,81,58.978915413409766,21.21855728164276,4387.630259060473,2240.1489801432895,125.774259060472,27.510967152758962,4361.856000000001,2224.687658403557,100.0,12.04964541302659,0.0,2722.5741848012804,0.0,0.0,2224.687658403557,0.0,0.13488459587097168,0.015084981918334961,0.5,0.018518518518518517,347862.6205519698,175434.62496676255,123.1199999999999,527.7911411438064,0.8888888888888888,4.894940909363876,5.783829798252764
normal,82,58.437271008625736,21.07338366419708,4402.909111880681,2239.771202195384,142.61631188068046,27.133189204853146,4360.2928,2224.687658403557,100.0,12.04964541302659,0.0,2724.4353245728666,0.0,0.0,2224.687658403557,0.0,0.10872387886047363,0.026007652282714844,0.5,0.018518518518518517,352265.5296638505,177674.39616895793,124.6399999999999,533.5749709420592,0.8888888888888888,4.894940909363876,5.783829798252764
normal,83,62.14461809897603,25.177474658997905,4401.440079486548,2243.554444477611,147.9200794865488,30.91643148708052,4353.519999999999,2224.687658403557,100.0,12.04964541302659,0.0,2714.590843448909,0.0,0.0,2224.687658403557,0.0,0.142655611038208,0.025094032287597656,0.5,0.018518518518518517,356666.969743337,179917.95061343553,126.1599999999999,539.358800740312,0.8888888888888888,4.894940909363876,5.783829798252764
normal,84,62.22046488779629,23.09744081791274,4397.61584093257,2237.3783673817297,141.2942409325699,24.74035439119928,4356.3216,2224.687658403557,100.0,12.04964541302659,0.0,2720.071326707609,0.0,0.0,2224.687658403557,0.0,0.134629487991333,0.025563716888427734,0.5,0.018518518518518517,361064.5855842696,182155.32898081726,127.6799999999999,545.1426305385647,0.8888888888888888,4.894940909363876,5.783829798252764
normal,85,59.660714619294026,24.33958557165145,4403.912884007888,2241.2450955331637,151.9768840078887,28.607082542633304,4351.936,2224.687658403557,100.0,12.04964541302659,0.0,2731.617410652702,0.0,0.0,2224.687658403557,0.0,0.13007760047912598,0.017108440399169922,0.5,0.018518518518518517,365468.4984682775,184396.57407635043,129.1999999999999,550.9264603368175,0.8888888888888888,4.894940909363876,5.783829798252764
normal,86,56.574924098125685,18.55812961047008,3971.2204335035526,2233.114425177518,128.22539350355137,20.47641218698775,3942.995040000001,2224.687658403557,100.0,12.04964541302659,0.0,2454.823280112501,0.0,0.0,2224.687658403557,0.0,0.11380720138549805,0.018154382705688477,0.5,0.018518518518518517,369439.7189017811,186629.68850152794,130.7199999999999,556.7102901350703,0.8888888888888888,4.894940909363876,5.783829798252764
normal,87,53.59190945695809,19.99580201335803,3969.317853337093,2237.6062928516812,118.32937333709185,24.96827986115063,3950.988480000001,2224.687658403557,100.0,12.04964541302659,0.0,2467.3730975792564,0.0,0.0,2224.687658403557,0.0,0.1129460334777832,0.01800847053527832,0.5,0.018518518518518517,373409.03675511817,188867.29479437962,132.23999999999992,562.4941199333231,0.8888888888888888,4.894940909363876,5.783829798252764
normal,88,60.04684230407816,22.953308354569437,4386.658958012428,2227.9284955029843,138.6077580124273,15.290482512453965,4348.051200000001,2224.687658403557,100.0,12.04964541302659,0.0,2721.516929824703,0.0,0.0,2224.687658403557,0.0,0.14078164100646973,0.01799297332763672,0.5,0.018518518518518517,377795.6957131306,191095.2232898826,133.75999999999993,568.2779497315759,0.8888888888888888,4.894940909363876,5.783829798252764
normal,89,60.14195686276033,24.29566299336134,4404.996293526057,2246.0168781921566,140.99789352605674,33.37886520162597,4363.9984,2224.687658403557,100.0,12.04964541302659,0.0,2728.4472896297443,0.0,0.0,2224.687658403557,0.0,0.14019203186035156,0.02099466323852539,0.5,0.018518518518518517,382200.69200665667,193341.24016807476,135.27999999999994,574.0617795298286,0.8888888888888888,4.894940909363876,5.783829798252764
normal,90,61.35026660835263,23.245678851953112,4387.142741323823,2240.8692498823193,131.96514132382475,28.23123689178884,4355.177599999999,2224.687658403557,100.0,12.04964541302659,0.0,2692.9073811684425,0.0,0.0,2224.687658403557,0.0,0.15899348258972168,0.01800990104675293,0.5,0.018518518518518517,386587.83474798047,195582.10941795708,136.79999999999995,579.8456093280814,0.8888888888888888,4.894940909363876,5.783829798252764
normal,91,59.8737660921748,20.856730187786074,4391.1807813990035,2245.133516694219,133.6943813990033,32.495503703688506,4357.486400000001,2224.687658403557,100.0,12.04964541302659,0.0,2717.393150962398,0.0,0.0,2224.687658403557,0.0,0.14655327796936035,0.02615976333618164,0.5,0.018518518518518517,390979.0155293795,197827.2429346513,138.31999999999996,585.6294391263342,0.8888888888888888,4.894940909363876,5.783829798252764
normal,92,58.994710139004816,21.28998201776202,4403.254310534523,2237.593800031845,137.55831053452286,24.955787041314636,4365.696,2224.687658403557,100.0,12.04964541302659,0.0,2730.3510403434207,0.0,0.0,2224.687658403557,0.0,0.134324312210083,0.015001058578491211,0.5,0.018518518518518517,395382.269839914,200064.83673468314,139.83999999999997,591.413268924587,0.8888888888888888,4.894940909363876,5.783829798252764
normal,93,53.63280233752471,18.894109406430882,3954.8640958997453,2245.0556121005175,111.82873589974423,32.41759910998688,3943.035360000001,2224.687658403557,100.0,12.04964541302659,0.0,2483.4487502066195,0.0,0.0,2224.687658403557,0.0,0.10055112838745117,0.018101930618286133,0.5,0.018518518518518517,399337.13393581373,202309.89234678366,141.35999999999999,597.1970987228398,0.8888888888888888,4.894940909363876,5.783829798252764
normal,94,51.70400100311114,22.443635858732016,3975.2300966718785,2239.1950848348934,125.77377667187807,26.557071844362873,3949.4563200000007,2224.687658403557,100.0,12.04964541302659,0.0,2466.215554469459,0.0,0.0,2224.687658403557,0.0,0.14795708656311035,0.023997068405151367,0.5,0.018518518518518517,403312.36403248564,204549.08743161854,142.88,602.9809285210926,0.8888888888888888,4.894940909363876,5.783829798252764
normal,95,56.632244685914934,22.852851933501228,4394.586299058651,2232.508930849012,132.19269905864945,19.87091785848114,4362.393600000001,2224.687658403557,100.0,12.04964541302659,0.0,2724.8646860688955,0.0,0.0,2224.687658403557,0.0,0.09198236465454102,0.020900249481201172,0.5,0.018518518518518517,407706.95033154427,206781.59636246754,144.4,608.7647583193453,0.8888888888888888,4.894940909363876,5.783829798252764
normal,96,59.020531983189386,23.81214442054662,4411.476202633727,2237.632623475555,154.0506026337261,24.994610485024634,4357.4256000000005,2224.687658403557,100.0,12.04964541302659,0.0,2738.304481131582,0.0,0.0,2224.687658403557,0.0,0.1501634120941162,0.015047550201416016,0.5,0.018518518518518517,412118.42653417797,209019.2289859431,145.92000000000002,614.5485881175981,0.8888888888888888,4.894940909363876,5.783829798252764
normal,97,58.22451609719612,19.542709990314965,4378.976292452678,2257.0415622672795,129.20669245267783,44.403549276749004,4349.7696,2224.687658403557,100.0,12.04964541302659,0.0,2730.8080583936044,0.0,0.0,2224.687658403557,0.0,0.13003158569335938,0.02611088752746582,0.5,0.018518518518518517,416497.4028266306,211276.2705482104,147.44000000000003,620.3324179158509,0.8888888888888888,4.894940909363876,5.783829798252764
normal,98,57.444674521712564,20.477262446391663,4396.932809916682,2243.5629342982847,134.6208099166818,30.924921307754136,4362.312000000001,2224.687658403557,100.0,12.04964541302659,0.0,2721.883280051735,0.0,0.0,2224.687658403557,0.0,0.16631793975830078,0.02099466323852539,0.5,0.018518518518518517,420894.3356365473,213519.83348250866,148.96000000000004,626.1162477141037,0.8888888888888888,4.894940909363876,5.783829798252764
normal,99,54.98482231484365,22.153209052684726,4395.5769950028225,2234.1422955051844,136.48579500282287,21.504282514654,4359.0912,2224.687658403557,100.0,12.04964541302659,0.0,2724.747953615706,0.0,0.0,2224.687658403557,0.0,0.11197161674499512,0.013073921203613281,0.5,0.018518518518518517,425289.9126315501,215753.97577801385,150.48000000000005,631.9000775123565,0.8888888888888888,4.894940909363876,5.783829798252764
normal,100,52.91454745711434,19.3106729000628,3965.8823176323594,2233.805668009357,128.76247763235762,21.16765501882633,3937.1198400000017,2224.687658403557,100.0,12.04964541302659,0.0,2457.4417880895467,0.0,0.0,2224.687658403557,0.0,0.1424243450164795,0.013093233108520508,0.5,0.018518518518518517,429255.7949491825,217987.7814460232,152.00000000000006,637.6839073106092,0.8888888888888888,4.894940909363876,5.783829798252764
normal,101,49.933749474122145,19.876365489589876,3963.1113898052267,2224.2867126800857,116.50626980522571,11.648699689554993,3946.605120000001,2224.687658403557,100.0,12.04964541302659,0.0,2467.079267624269,0.0,0.0,2224.687658403557,0.0,0.15083599090576172,0.021926403045654297,0.5,0.018518518518518517,433218.9063389877,220212.0681587033,153.52000000000007,643.467737108862,0.8888888888888888,4.894940909363876,5.783829798252764
normal,102,55.07193535586938,21.741245238697864,4388.89059589038,2224.163971564407,126.49699589037859,11.525958573876121,4362.393600000001,2224.687658403557,100.0,12.04964541302659,0.0,2695.033914182998,0.0,0.0,2224.687658403557,0.0,0.14832806587219238,0.024909257888793945,0.5,0.018518518518518517,437607.7969348781,222436.23213026772,155.04000000000008,649.2515669071148,0.8888888888888888,4.894940909363876,5.783829798252764
normal,103,53.573188138268456,24.698300518241656,4394.094037229005,2234.3657742567716,136.62363722900466,21.727761266241213,4357.4704,2224.687658403557,100.0,12.04964541302659,0.0,2719.341756647739,0.0,0.0,2224.687658403557,0.0,0.13829898834228516,0.023111581802368164,0.5,0.018518518518518517,442001.8909721071,224670.59790452447,156.5600000000001,655.0353967053676,0.8888888888888888,4.894940909363876,5.783829798252764
normal,104,54.654275043576,23.121358537689364,4384.808651367032,2232.7174079457695,136.78625136703306,20.079394955239177,4348.022399999999,2224.687658403557,100.0,12.04964541302659,0.0,2710.6631662730747,0.0,0.0,2224.687658403557,0.0,0.13050055503845215,0.015004396438598633,0.5,0.018518518518518517,446386.69962347415,226903.31531247025,158.0800000000001,660.8192265036204,0.8888888888888888,4.894940909363876,5.783829798252764
normal,105,56.68855799815143,22.58014409922162,4402.232139007339,2244.5090282553906,144.7457390073384,31.871015264860063,4357.486400000001,2224.687658403557,100.0,12.04964541302659,0.0,2710.5085165587484,0.0,0.0,2224.687658403557,0.0,0.12312006950378418,0.022123336791992188,0.5,0.018518518518518517,450788.9317624815,229147.82434072564,159.6000000000001,666.6030563018732,0.8888888888888888,4.894940909363876,5.783829798252764
normal,106,55.49911127276505,21.46111047814788,4395.869697788115,2245.1731562978493,144.4712977881156,32.53514330731896,4351.3984,2224.687658403557,100.0,12.04964541302659,0.0,2734.4285828483858,0.0,0.0,2224.687658403557,0.0,0.10866522789001465,0.014252185821533203,0.5,0.018518518518518517,455184.8014602696,231392.9974970235,161.12000000000012,672.3868861001259,0.8888888888888888,4.894940909363876,5.783829798252764
normal,107,50.45195242807839,19.95580473937459,3952.8195905605103,2227.7083883271653,121.16023056050892,15.070375336634854,3931.6593600000015,2224.687658403557,100.0,12.04964541302659,0.0,2439.833588904745,0.0,0.0,2224.687658403557,0.0,0.11424374580383301,0.017087221145629883,0.5,0.018518518518518517,459137.6210508301,233620.70588535065,162.64000000000013,678.1707158983787,0.8888888888888888,4.894940909363876,5.783829798252764
normal,108,50.20047809344135,19.588835576657292,3946.7350282260577,2227.3864819714563,71.11102822605709,14.748468980925814,3975.6240000000007,2224.687658403557,100.0,12.04964541302659,0.0,2479.4817556370813,0.0,0.0,2224.687658403557,0.0,0.12402606010437012,0.023144245147705078,0.5,0.018518518518518517,463084.35607905616,235848.0923673221,163.64000000000013,683.9545456966315,0.8888888888888888,4.894940909363876,5.783829798252764
normal,109,55.78672617513312,19.19665592324132,4378.698443593608,2239.724960235729,72.45844359360626,27.086947245198726,4406.240000000002,2224.687658403557,100.0,12.04964541302659,0.0,2745.343851517106,0.0,0.0,2224.687658403557,0.0,0.13568568229675293,0.023124217987060547,0.5,0.018518518518518517,467463.0545226498,238087.81732755783,164.64000000000013,689.7383754948843,0.8888888888888888,4.894940909363876,5.783829798252764
normal,110,53.78060159181181,21.27533029051775,4390.563994584255,2241.614526407959,119.33359458425485,28.97651341742845,4371.2304,2224.687658403557,100.0,12.04964541302659,0.0,2732.647031139972,0.0,0.0,2224.687658403557,0.0,0.17040395736694336,0.009008169174194336,0.5,0.018518518518518517,471853.61851723405,240329.4318539658,166.16000000000014,695.5222052931371,0.8888888888888888,4.894940909363876,5.783829798252764
normal,111,56.586134313268495,20.788080531412266,4388.715537572013,2243.2495297873666,144.4755375720135,30.611516796836035,4344.24,2224.687658403557,100.0,12.04964541302659,0.0,2735.122896156397,0.0,0.0,2224.687658403557,0.0,0.11359167098999023,0.0211029052734375,0.5,0.018518518518518517,476242.33405480604,242572.68138375317,167.68000000000015,701.3060350913898,0.8888888888888888,4.894940909363876,5.783829798252764
normal,112,56.10645076081829,21.86663043971882,4384.765991262192,2232.7934227274864,133.92919126219192,20.15540973695562,4350.8368,2224.687658403557,100.0,12.04964541302659,0.0,2717.2021790659687,0.0,0.0,2224.687658403557,0.0,0.13480925559997559,0.0197751522064209,0.5,0.018518518518518517,480627.10004606826,244805.47480648066,169.20000000000016,707.0898648896426,0.8888888888888888,4.894940909363876,5.783829798252764
normal,113,56.28930227360954,24.8523395642367,4414.078904322249,2233.7014999662715,155.52530432224944,21.063486975740837,4358.5536,2224.687658403557,100.0,12.04964541302659,0.0,2706.3771525458033,0.0,0.0,2224.687658403557,0.0,0.1767416000366211,0.01526784896850586,0.5,0.018518518518518517,485041.1789503905,247039.17630644693,170.72000000000017,712.8736946878954,0.8888888888888888,4.894940909363876,5.783829798252764
normal,114,48.38979969340716,19.619012567831305,3943.6823219593507,2235.579127017645,116.4466419593499,22.941114027114565,3927.2356800000007,2224.687658403557,100.0,12.04964541302659,0.0,2460.3582178737192,0.0,0.0,2224.687658403557,0.0,0.11343050003051758,0.00801229476928711,0.5,0.018518518518518517,488984.86127234984,249274.75543346457,172.24000000000018,718.6575244861482,0.8888888888888888,4.894940909363876,5.783829798252764
normal,115,49.96508492343886,24.114287903761255,3971.8331450478076,2235.766826404318,120.36082504780656,23.128813413787814,3951.472320000001,2224.687658403557,100.0,12.04964541302659,0.0,2472.9327982828618,0.0,0.0,2224.687658403557,0.0,0.1537330150604248,0.017103195190429688,0.5,0.018518518518518517,492956.69441739767,251510.52225986889,173.7600000000002,724.441354284401,0.8888888888888888,4.894940909363876,5.783829798252764
normal,116,59.19099261252609,23.11901488799595,4394.88072440371,2229.291588870494,132.48712440370844,16.653575879963096,4362.393600000001,2224.687658403557,100.0,12.04964541302659,0.0,2724.6722890780484,0.0,0.0,2224.687658403557,0.0,0.11523795127868652,0.01872730255126953,0.5,0.018518518518518517,497351.5751418014,253739.81384873937,175.2800000000002,730.2251840826538,0.8888888888888888,4.894940909363876,5.783829798252764
normal,117,57.0703263394949,22.563224675029094,4398.970228945481,2230.0971894095146,127.73982894548024,17.459176418983837,4371.2304,2224.687658403557,100.0,12.04964541302659,0.0,2729.4619003824387,0.0,0.0,2224.687658403557,0.0,0.10971951484680176,0.011122941970825195,0.5,0.018518518518518517,501750.54537074687,255969.9110381489,176.8000000000002,736.0090138809065,0.8888888888888888,4.894940909363876,5.783829798252764
normal,118,54.55256411642057,24.223810352146653,4374.148812592505,2230.498811463689,133.2688125925064,17.8607984731583,4340.879999999999,2224.687658403557,100.0,12.04964541302659,0.0,2678.187338401002,0.0,0.0,2224.687658403557,0.0,0.14165759086608887,0.023677587509155273,0.5,0.018518518518518517,506124.69418333936,258200.40984961257,178.32000000000022,741.7928436791593,0.8888888888888888,4.894940909363876,5.783829798252764
normal,119,54.98692169913736,20.82383559800744,4386.785742152663,2237.7329162108317,143.059342152663,25.094903220301287,4343.7264000000005,2224.687658403557,100.0,12.04964541302659,0.0,2685.1609790539587,0.0,0.0,2224.687658403557,0.0,0.6202497482299805,0.016150951385498047,0.5,0.018518518518518517,510511.479925492,260438.1427658234,179.84000000000023,747.5766734774121,0.8888888888888888,4.894940909363876,5.783829798252764
normal,120,56.02652143925963,21.932842827502135,4405.041077097618,2233.0415614179255,144.24747709761786,20.40354842739487,4360.7936,2224.687658403557,100.0,12.04964541302659,0.0,2721.1349441029397,0.0,0.0,2224.687658403557,0.0,0.1145486831665039,0.022896766662597656,0.5,0.018518518518518517,514916.52100258967,262671.1843272413,181.36000000000024,753.3605032756649,0.8888888888888888,4.894940909363876,5.783829798252764
normal,121,48.800246541746986,22.82773664724308,3960.720212652814,2227.5659888660416,129.06085265281243,14.927975875511075,3931.6593600000015,2224.687658403557,100.0,12.04964541302659,0.0,2453.8244494575456,0.0,0.0,2224.687658403557,0.0,0.1293020248413086,0.015045404434204102,0.5,0.018518518518518517,518877.2412152425,264898.75031610735,182.88000000000025,759.1443330739177,0.8888888888888888,4.894940909363876,5.783829798252764
normal,122,47.453963678782365,21.1832792243011,3971.2651762324117,2228.6601308090862,120.27669623241071,16.022117818555873,3950.988480000001,2224.687658403557,100.0,12.04964541302659,0.0,2464.596677872994,0.0,0.0,2224.687658403557,0.0,0.13898706436157227,0.015552282333374023,0.5,0.018518518518518517,522848.5063914749,267127.4104469164,184.40000000000026,764.9281628721704,0.8888888888888888,4.894940909363876,5.783829798252764
normal,123,54.48777040936975,22.48224952721972,4394.116914387064,2233.8852240193337,145.52811438706283,21.247211028802944,4348.588800000001,2224.687658403557,100.0,12.04964541302659,0.0,2733.776906107777,0.0,0.0,2224.687658403557,0.0,0.15152835845947266,0.016894102096557617,0.5,0.018518518518518517,527242.623305862,269361.29567093577,185.92000000000027,770.7119926704232,0.8888888888888888,4.894940909363876,5.783829798252764
normal,124,53.05430965215286,24.24777651193461,4403.853319726552,2227.213628963102,145.3077197265523,14.575615972571388,4358.5456,2224.687658403557,100.0,12.04964541302659,0.0,2723.34208064645,0.0,0.0,2224.687658403557,0.0,0.13938021659851074,0.024118423461914062,0.5,0.018518518518518517,531646.4766255885,271588.50929989887,187.44000000000028,776.495822468676,0.8888888888888888,4.894940909363876,5.783829798252764
normal,125,54.97065167074279,19.976705715055893,4373.763299938056,2243.6569655677254,119.16809993805565,31.01895257719499,4354.5952,2224.687658403557,100.0,12.04964541302659,0.0,2711.40435848478,0.0,0.0,2224.687658403557,0.0,0.11131477355957031,0.014476776123046875,0.5,0.018518518518518517,536020.2399255265,273832.1662654666,188.9600000000003,782.2796522669288,0.8888888888888888,4.894940909363876,5.783829798252764
normal,126,54.6211800617788,23.637213610099796,4404.042528678963,2237.249823994126,140.565728678963,24.61181100359567,4363.4768,2224.687658403557,100.0,12.04964541302659,0.0,2747.3445890037788,0.0,0.0,2224.687658403557,0.0,0.12238025665283203,0.024772167205810547,0.5,0.018518518518518517,540424.2824542056,276069.4160894607,190.4800000000003,788.0634820651816,0.8888888888888888,4.894940909363876,5.783829798252764
normal,127,57.26068036701133,22.111529594522082,4401.2166017549325,2241.913349898379,128.3654017549324,29.275336907848207,4372.8512,2224.687658403557,100.0,12.04964541302659,0.0,2724.3807399456978,0.0,0.0,2224.687658403557,0.0,0.15058040618896484,0.01765727996826172,0.5,0.018518518518518517,544825.4990559604,278311.3294393591,192.0000000000003,793.8473118634344,0.8888888888888888,4.894940909363876,5.783829798252764
normal,128,47.66870372363751,19.276363500771083,3954.9592463182985,2235.7389582596197,118.88772631829758,23.100945269088996,3936.071520000001,2224.687658403557,100.0,12.04964541302659,0.0,2474.30799688978,0.0,0.0,2224.687658403557,0.0,0.12426376342773438,0.016019344329833984,0.5,0.018518518518518517,548780.4583022788,280547.0683976187,193.52000000000032,799.6311416616871,0.8888888888888888,4.894940909363876,5.783829798252764
normal,129,50.1923890572099,19.102356145624203,3960.8065075638224,2241.774617448176,115.24970756382127,29.13660445764541,3945.556800000001,2224.687658403557,100.0,12.04964541302659,0.0,2489.6972377604666,0.0,0.0,2224.687658403557,0.0,0.10521817207336426,0.014997005462646484,0.5,0.018518518518518517,552741.2648098426,282788.8430150669,195.04000000000033,805.4149714599399,0.8888888888888888,4.894940909363876,5.783829798252764
normal,130,55.0501966815776,22.259755325368154,4389.533459387959,2228.49569753697,140.40705938795776,15.85768454643926,4349.126400000001,2224.687658403557,100.0,12.04964541302659,0.0,2731.507613904451,0.0,0.0,2224.687658403557,0.0,0.15929412841796875,0.023837804794311523,0.5,0.018518518518518517,557130.7982692305,285017.33871260384,196.56000000000034,811.1988012581927,0.8888888888888888,4.894940909363876,5.783829798252764
normal,131,55.655531220630856,23.073087324272876,4402.054642385089,2239.6257940569603,142.9266423850884,26.987781066429875,4359.128000000001,2224.687658403557,100.0,12.04964541302659,0.0,2732.7005437336306,0.0,0.0,2224.687658403557,0.0,0.17026972770690918,0.02625441551208496,0.5,0.018518518518518517,561532.8529116156,287256.9645066608,198.08000000000035,816.9826310564455,0.8888888888888888,4.894940909363876,5.783829798252764
normal,132,58.142906956666344,23.641738849342403,4393.403925341589,2232.9983785405534,138.76392534158916,20.36036555002271,4354.639999999999,2224.687658403557,100.0,12.04964541302659,0.0,2713.880313630343,0.0,0.0,2224.687658403557,0.0,0.12432479858398438,0.0229952335357666,0.5,0.018518518518518517,565926.2568369572,289489.9628852014,199.60000000000036,822.7664608546983,0.8888888888888888,4.894940909363876,5.783829798252764
normal,133,54.40926838635454,26.017833880729995,4399.3023986686685,2227.048745310992,147.39039866866847,14.410732320461458,4351.912,2224.687658403557,100.0,12.04964541302659,0.0,2718.6852240867443,0.0,0.0,2224.687658403557,0.0,0.1242825984954834,0.015528440475463867,0.5,0.018518518518518517,570325.5592356259,291717.01163051237,201.12000000000037,828.550290652951,0.8888888888888888,4.894940909363876,5.783829798252764
normal,134,52.69478802752972,24.029746761009548,4394.347385643437,2228.8475297964555,126.90418564343575,16.209516805924956,4367.443200000001,2224.687658403557,100.0,12.04964541302659,0.0,2748.6484807192537,0.0,0.0,2224.687658403557,0.0,0.15285658836364746,0.025914907455444336,0.5,0.018518518518518517,574719.9066212693,293945.85916030884,202.64000000000038,834.3341204512038,0.8888888888888888,4.894940909363876,5.783829798252764
normal,135,50.12110923974577,23.619277964272293,3961.5838845361427,2226.859094229426,135.31588453614188,14.221081238895186,3926.268000000001,2224.687658403557,100.0,12.04964541302659,0.0,2442.056458682429,0.0,0.0,2224.687658403557,0.0,0.14204072952270508,0.01896214485168457,0.5,0.018518518518518517,578681.4905058055,296172.71825453825,204.1600000000004,840.1179502494566,0.8888888888888888,4.894940909363876,5.783829798252764
normal,136,49.076017118375184,20.811199985753426,3956.1371442842224,2244.5773865876054,121.91602428422189,31.93937359707494,3934.2211200000006,2224.687658403557,100.0,12.04964541302659,0.0,2456.8159370940757,0.0,0.0,2224.687658403557,0.0,0.1202244758605957,0.021116971969604492,0.5,0.018518518518518517,582637.6276500897,298417.2956411259,205.6800000000004,845.9017800477094,0.8888888888888888,4.894940909363876,5.783829798252764
normal,137,55.39032687466073,22.173933387450735,4395.229481196272,2240.6154655010564,138.36548119627074,27.977452510525733,4356.864000000001,2224.687658403557,100.0,12.04964541302659,0.0,2717.1785850758674,0.0,0.0,2224.687658403557,0.0,0.1141970157623291,0.02489614486694336,0.5,0.018518518518518517,587032.857131286,300657.9111066269,207.20000000000041,851.6856098459622,0.8888888888888888,4.894940909363876,5.783829798252764
normal,138,54.90236726991125,22.951418047622646,4390.559312705747,2237.858961990511,130.26651270574723,25.220948999980628,4360.2928,2224.687658403557,100.0,12.04964541302659,0.0,2734.827669227394,0.0,0.0,2224.687658403557,0.0,0.1535203456878662,0.02052450180053711,0.5,0.018518518518518517,591423.4164439917,302895.7700686174,208.72000000000043,857.469439644215,0.8888888888888888,4.894940909363876,5.783829798252764
normal,139,57.475810546719366,25.044232654328013,4384.750366124964,2239.2396003106915,142.21276612496453,26.601587320160956,4342.5376,2224.687658403557,100.0,12.04964541302659,0.0,2726.7085934757783,0.0,0.0,2224.687658403557,0.0,0.12942051887512207,0.022897958755493164,0.5,0.018518518518518517,595808.1668101166,305135.0096689281,210.24000000000044,863.2532694424677,0.8888888888888888,4.894940909363876,5.783829798252764
normal,140,54.09991123676272,22.63930256769185,4391.493660729324,2229.7060035832487,141.82166072932364,17.067990592718242,4349.6720000000005,2224.687658403557,100.0,12.04964541302659,0.0,2693.6424362321536,0.0,0.0,2224.687658403557,0.0,0.14065980911254883,0.02226567268371582,0.5,0.018518518518518517,600199.660470846,307364.7156725114,211.76000000000045,869.0370992407205,0.8888888888888888,4.894940909363876,5.783829798252764
normal,141,55.65673241237469,21.786394809242474,4400.789118471007,2236.040620792669,129.59551847100687,23.402607802138437,4371.1936000000005,2224.687658403557,100.0,12.04964541302659,0.0,2739.6547961400606,0.0,0.0,2224.687658403557,0.0,0.12141537666320801,0.026001691818237305,0.5,0.018518518518518517,604600.449589317,309600.75629330403,213.28000000000046,874.8209290389733,0.8888888888888888,4.894940909363876,5.783829798252764
normal,142,46.87517623180696,17.488068480558866,3961.5813976386557,2239.0344471529424,83.61739763865424,26.396434162412017,3977.9640000000013,2224.687658403557,100.0,12.04964541302659,0.0,2459.4838246790023,0.0,0.0,2224.687658403557,0.0,0.11144351959228516,0.013505935668945312,0.5,0.018518518518518517,608562.0309869556,311839.79074045696,214.28000000000046,880.6047588372261,0.8888888888888888,4.894940909363876,5.783829798252764
normal,143,49.607366744555556,19.90676094966602,3969.37671192009,2228.5094140026968,117.90439192008917,15.871401012166189,3951.472320000001,2224.687658403557,100.0,12.04964541302659,0.0,2484.598842557354,0.0,0.0,2224.687658403557,0.0,0.10859179496765137,0.01651787757873535,0.5,0.018518518518518517,612531.4076988758,314068.30015445966,215.80000000000047,886.3885886354789,0.8888888888888888,4.894940909363876,5.783829798252764
normal,144,54.82633952012109,24.74436869653214,4399.143942358526,2226.616855477617,137.3327423585247,13.978842487086148,4361.811200000001,2224.687658403557,100.0,12.04964541302659,0.0,2698.749130054567,0.0,0.0,2224.687658403557,0.0,0.13361096382141113,0.014988183975219727,0.5,0.018518518518518517,616930.5516412343,316294.9170099373,217.32000000000048,892.1724184337317,0.8888888888888888,4.894940909363876,5.783829798252764
normal,145,57.445335292217685,22.38203502161649,4399.978579253802,2240.735721484123,128.16577925380304,28.09770849359266,4371.8128,2224.687658403557,100.0,12.04964541302659,0.0,2729.6094783744047,0.0,0.0,2224.687658403557,0.0,0.10353827476501465,0.016718149185180664,0.5,0.018518518518518517,621330.5302204881,318535.6527314214,218.8400000000005,897.9562482319844,0.8888888888888888,4.894940909363876,5.783829798252764
normal,146,57.2807396718566,24.437652691867697,4374.630767231369,2234.1065190751,126.60836723136978,21.46850608456962,4348.022399999999,2224.687658403557,100.0,12.04964541302659,0.0,2733.738074502574,0.0,0.0,2224.687658403557,0.0,0.13477635383605957,0.017983198165893555,0.5,0.018518518518518517,625705.1609877194,320769.7592504965,220.3600000000005,903.7400780302372,0.8888888888888888,4.894940909363876,5.783829798252764
normal,147,57.42536768690892,21.715656492142788,4399.201963198988,2235.5073599306093,141.17796319898724,22.86934694007851,4358.024,2224.687658403557,100.0,12.04964541302659,0.0,2751.813409093935,0.0,0.0,2224.687658403557,0.0,0.1463329792022705,0.02405548095703125,0.5,0.018518518518518517,630104.3629509184,323005.2666104271,221.8800000000005,909.52390782849,0.8888888888888888,4.894940909363876,5.783829798252764
normal,148,55.87313356925379,24.045761535828685,4403.806332059878,2234.442569078446,139.23033205987798,21.804556087915493,4364.576,2224.687658403557,100.0,12.04964541302659,0.0,2735.6943490131666,0.0,0.0,2224.687658403557,0.0,0.14482355117797852,0.019209861755371094,0.5,0.018518518518518517,634508.1692829783,325239.7091795056,223.40000000000052,915.3077376267428,0.8888888888888888,4.894940909363876,5.783829798252764
normal,149,50.1808150596057,18.633384340551064,3949.2957601523362,2230.5243737149963,106.26040015233484,17.88636072446568,3943.035360000001,2224.687658403557,100.0,12.04964541302659,0.0,2474.012287188964,0.0,0.0,2224.687658403557,0.0,0.17340993881225586,0.015011072158813477,0.5,0.018518518518518517,638457.4650431306,327470.2335532206,224.92000000000053,921.0915674249956,0.8888888888888888,4.894940909363876,5.783829798252764
normal,150,49.33714952819989,22.4168411965965,3976.228585005268,2228.041790789917,124.75626500526684,15.403777799386344,3951.472320000001,2224.687658403557,100.0,12.04964541302659,0.0,2475.124137496342,0.0,0.0,2224.687658403557,0.0,0.14181089401245117,0.012994527816772461,0.5,0.018518518518518517,642433.6936281358,329698.2753440105,226.44000000000054,926.8753972232483,0.8888888888888888,4.894940909363876,5.783829798252764
normal,151,56.68731772866042,24.27728167143354,4393.240800197198,2237.3433993889016,137.49680019719688,24.705386398370887,4355.7440000000015,2224.687658403557,100.0,12.04964541302659,0.0,2713.6182093647917,0.0,0.0,2224.687658403557,0.0,0.11961174011230469,0.016102313995361328,0.5,0.018518518518518517,646826.9344283331,331935.6187433994,227.96000000000055,932.6592270215011,0.8888888888888888,4.894940909363876,5.783829798252764
normal,152,58.273506046454344,23.88853372777856,4398.973590519639,2235.38161796328,132.15279051963984,22.743604972749555,4366.8207999999995,2224.687658403557,100.0,12.04964541302659,0.0,2736.3636480766013,0.0,0.0,2224.687658403557,0.0,0.11969709396362305,0.020546913146972656,0.5,0.018518518518518517,651225.9080188527,334171.00036136265,229.48000000000056,938.4430568197539,0.8888888888888888,4.894940909363876,5.783829798252764
normal,153,59.155911828027946,23.204184724703445,4392.487566108327,2227.451263713393,144.46516610832765,14.813250722862353,4348.022399999999,2224.687658403557,100.0,12.04964541302659,0.0,2703.0578185090694,0.0,0.0,2224.687658403557,0.0,0.140228271484375,0.0180056095123291,0.5,0.018518518518518517,655618.395584961,336398.45162507606,231.00000000000057,944.2268866180067,0.8888888888888888,4.894940909363876,5.783829798252764
normal,154,59.01824212622245,22.192795759075228,4399.899853805455,2237.928608799555,136.42305380545423,25.290595809024396,4363.4768,2224.687658403557,100.0,12.04964541302659,0.0,2717.8332166686764,0.0,0.0,2224.687658403557,0.0,0.11274552345275879,0.015515565872192383,0.5,0.018518518518518517,660018.2954387665,338636.3802338756,232.52000000000058,950.0107164162595,0.8888888888888888,4.894940909363876,5.783829798252764
normal,155,57.2847582548535,24.4542266400804,4415.597556352653,2240.988289839349,148.15435635265163,28.350276848818382,4367.443200000001,2224.687658403557,100.0,12.04964541302659,0.0,2734.324881073224,0.0,0.0,2224.687658403557,0.0,0.13121390342712402,0.023984909057617188,0.5,0.018518518518518517,664433.8929951191,340877.36852371495,234.0400000000006,955.7945462145123,0.8888888888888888,4.894940909363876,5.783829798252764
normal,156,54.037465295888126,22.767899444533818,3979.130973627024,2235.308593297907,136.13593362702295,22.6705803073766,3942.995040000001,2224.687658403557,100.0,12.04964541302659,0.0,2469.8050534465456,0.0,0.0,2224.687658403557,0.0,0.13340139389038086,0.022526025772094727,0.5,0.018518518518518517,668413.0239687461,343112.67711701285,235.5600000000006,961.578376012765,0.8888888888888888,4.894940909363876,5.783829798252764
normal,157,51.16236397647976,22.313877670076575,3968.6267226042846,2228.212131778799,132.913762604284,15.574118788268448,3935.7129600000007,2224.687658403557,100.0,12.04964541302659,0.0,2453.461813703867,0.0,0.0,2224.687658403557,0.0,0.14888811111450195,0.012006521224975586,0.5,0.018518518518518517,672381.6506913503,345340.8892487917,237.0800000000006,967.3622058110178,0.8888888888888888,4.894940909363876,5.783829798252764
normal,158,59.7238401477613,24.40032347181823,4394.678344215987,2235.864264401982,139.51674421598545,23.226251411451535,4355.161600000001,2224.687658403557,100.0,12.04964541302659,0.0,2732.712900511926,0.0,0.0,2224.687658403557,0.0,0.11459469795227051,0.008998632431030273,0.5,0.018518518518518517,676776.3290355663,347576.75351319363,238.60000000000062,973.1460356092706,0.8888888888888888,4.894940909363876,5.783829798252764
normal,159,62.83053530252685,24.55053667744493,4420.146795000085,2235.030920491814,157.8059950000856,22.392907501283354,4362.3408,2224.687658403557,100.0,12.04964541302659,0.0,2709.304307467944,0.0,0.0,2224.687658403557,0.0,0.21771454811096191,0.01890277862548828,0.5,0.018518518518518517,681196.4758305664,349811.7844336854,240.12000000000063,978.9298654075234,0.8888888888888888,4.894940909363876,5.783829798252764
normal,160,58.5987893782559,21.927758965055496,4394.63729605492,2242.56856382007,139.4596960549207,29.930550829539268,4355.177599999999,2224.687658403557,100.0,12.04964541302659,0.0,2747.0970563274764,0.0,0.0,2224.687658403557,0.0,0.15798735618591309,0.030537843704223633,0.5,0.018518518518518517,685591.1131266213,352054.3529975055,241.64000000000064,984.7136952057762,0.8888888888888888,4.894940909363876,5.783829798252764
normal,161,61.75977671687062,24.497043004108868,4401.567189332692,2228.48126616029,138.09038933269127,15.843253169759562,4363.4768,2224.687658403557,100.0,12.04964541302659,0.0,2733.982271624447,0.0,0.0,2224.687658403557,0.0,0.13497185707092285,0.026538610458374023,0.5,0.018518518518518517,689992.680315954,354282.8342636658,243.16000000000065,990.497525004029,0.8888888888888888,4.894940909363876,5.783829798252764
normal,162,62.122230450043084,20.803374219214703,4390.929724877185,2250.3175881631637,136.17132487718538,37.679575172633086,4354.7584,2224.687658403557,100.0,12.04964541302659,0.0,2733.910515827503,0.0,0.0,2224.687658403557,0.0,0.14833903312683105,0.011995315551757812,0.5,0.018518518518518517,694383.6100408313,356533.15185182897,244.68000000000066,996.2813548022817,0.8888888888888888,4.894940909363876,5.783829798252764
normal,163,56.24948888826651,19.443175763820026,3963.5949518154894,2240.830477165679,125.46711181548804,28.192464175148437,3938.1278400000015,2224.687658403557,100.0,12.04964541302659,0.0,2448.7880680840162,0.0,0.0,2224.687658403557,0.0,0.14666199684143066,0.026523113250732422,0.5,0.018518518518518517,698347.2049926467,358773.98232899467,246.20000000000067,1002.0651846005345,0.8888888888888888,4.894940909363876,5.783829798252764
normal,164,56.87879118480694,22.339126377623476,3982.7139379650844,2244.355048823674,138.6892979650835,31.717035833143576,3944.024640000001,2224.687658403557,100.0,12.04964541302659,0.0,2462.3043981382116,0.0,0.0,2224.687658403557,0.0,0.13755297660827637,0.025758028030395508,0.5,0.018518518518518517,702329.9189306118,361018.33737781836,247.72000000000068,1007.8490143987873,0.8888888888888888,4.894940909363876,5.783829798252764
normal,165,61.219687170570985,21.361518259842573,4393.190783001998,2240.200480279606,145.67718300199746,27.56246728907522,4347.513600000001,2224.687658403557,100.0,12.04964541302659,0.0,2735.9751208278153,0.0,0.0,2224.687658403557,0.0,0.16344070434570312,0.02010202407836914,0.5,0.018518518518518517,706723.1097136138,363258.537858098,249.2400000000007,1013.6328441970401,0.8888888888888888,4.894940909363876,5.783829798252764
normal,166,61.45049377696767,24.15257853326547,4410.0704920842,2238.3274698286154,151.5248920841999,25.68945683808502,4358.5456,2224.687658403557,100.0,12.04964541302659,0.0,2728.6837122111306,0.0,0.0,2224.687658403557,0.0,0.11445307731628418,0.021942853927612305,0.5,0.018518518518518517,711133.180205698,365496.8653279266,250.7600000000007,1019.4166739952929,0.8888888888888888,4.894940909363876,5.783829798252764
normal,167,61.095087016692595,22.070533101313764,4390.552231751008,2245.893081989013,135.37463175100837,33.25506899848223,4355.177599999999,2224.687658403557,100.0,12.04964541302659,0.0,2729.493624842443,0.0,0.0,2224.687658403557,0.0,0.13911080360412598,0.02279067039489746,0.5,0.018518518518518517,715523.732437449,367742.7584099156,252.2800000000007,1025.2005037935455,0.8888888888888888,4.894940909363876,5.783829798252764
normal,168,63.120279229465986,21.887574860256564,4389.632624066732,2250.283295450466,144.78622406673196,37.64528245993563,4344.8464,2224.687658403557,100.0,12.04964541302659,0.0,2711.4166045237025,0.0,0.0,2224.687658403557,0.0,0.1619579792022705,0.023995161056518555,0.5,0.018518518518518517,719913.3650615158,369993.04170536605,253.80000000000072,1030.9843335917983,0.8888888888888888,4.894940909363876,5.783829798252764
normal,169,62.083245668849976,24.161703700222404,4419.998541567421,2244.7035313637953,154.3025415674212,32.06551837326481,4365.696,2224.687658403557,100.0,12.04964541302659,0.0,2727.972916111708,0.0,0.0,2224.687658403557,0.0,0.13714289665222168,0.014510154724121094,0.5,0.018518518518518517,724333.3636030833,372237.74523672985,255.32000000000073,1036.768163390051,0.8888888888888888,4.894940909363876,5.783829798252764
normal,170,53.71403248739431,19.09422472623007,3964.581055592017,2234.4388680144557,126.97737559201548,21.800855023925042,3937.6036800000015,2224.687658403557,100.0,12.04964541302659,0.0,2449.7286085385517,0.0,0.0,2224.687658403557,0.0,0.12882494926452637,0.013024568557739258,0.5,0.018518518518518517,728297.9446586753,374472.1841047443,256.8400000000007,1042.5519931883039,0.8888888888888888,4.894940909363876,5.783829798252764
normal,171,55.13348153286514,19.396543526400574,3974.470478574945,2243.78382278237,128.38951857494365,31.145809791839408,3946.080960000001,2224.687658403557,100.0,12.04964541302659,0.0,2465.268409852102,0.0,0.0,2224.687658403557,0.0,0.13362717628479004,0.014993667602539062,0.5,0.018518518518518517,732272.4151372503,376715.9679275267,258.3600000000007,1048.3358229865566,0.8888888888888888,4.894940909363876,5.783829798252764
normal,172,65.23109419914344,21.494358946740796,4397.034420791122,2241.7021979822516,142.45522079112118,29.06418499172105,4354.579200000001,2224.687658403557,100.0,12.04964541302659,0.0,2724.545241420695,0.0,0.0,2224.687658403557,0.0,0.12351560592651367,0.022995710372924805,0.5,0.018518518518518517,736669.4495580414,378957.6701255089,259.8800000000007,1054.1196527848094,0.8888888888888888,4.894940909363876,5.783829798252764
normal,173,63.87649764135225,22.79001898103333,4410.109902741433,2241.5671666045373,150.9819027414321,28.929153614006722,4359.128000000001,2224.687658403557,100.0,12.04964541302659,0.0,2722.7568171084836,0.0,0.0,2224.687658403557,0.0,0.13644719123840332,0.017106294631958008,0.5,0.018518518518518517,741079.5594607828,381199.2372921134,261.40000000000066,1059.9034825830622,0.8888888888888888,4.894940909363876,5.783829798252764
normal,174,65.8050137334734,21.512821626007423,4378.443164646996,2249.3880162549144,143.015964646996,36.750003264383906,4335.4272,2224.687658403557,100.0,12.04964541302659,0.0,2710.474543039683,0.0,0.0,2224.687658403557,0.0,0.14175724983215332,0.018002748489379883,0.5,0.018518518518518517,745458.0026254298,383448.62530836836,262.92000000000064,1065.687312381315,0.8888888888888888,4.894940909363876,5.783829798252764
normal,175,63.93778206822773,22.1062178413134,4409.735581987407,2242.2733244293736,153.9963819874064,29.63531143884301,4355.739200000001,2224.687658403557,100.0,12.04964541302659,0.0,2721.9634934086025,0.0,0.0,2224.687658403557,0.0,0.13191628456115723,0.01699376106262207,0.5,0.018518518518518517,749867.7382074172,385690.8986327977,264.4400000000006,1071.4711421795678,0.8888888888888888,4.894940909363876,5.783829798252764
normal,176,62.386669041931036,21.562395111526513,4401.914768614336,2240.4067294525084,136.75636861433566,27.768716461977714,4365.1584,2224.687658403557,100.0,12.04964541302659,0.0,2747.7389275733417,0.0,0.0,2224.687658403557,0.0,0.14313077926635742,0.02375197410583496,0.5,0.018518518518518517,754269.6529760315,387931.3053622502,265.9600000000006,1077.2549719778206,0.8888888888888888,4.894940909363876,5.783829798252764
normal,177,58.298417239524305,19.176523121121516,3970.7939189919266,2247.662452438871,127.75855899192543,35.02443944834033,3943.035360000001,2224.687658403557,100.0,12.04964541302659,0.0,2490.553424669149,0.0,0.0,2224.687658403557,0.0,0.1402571201324463,0.019003629684448242,0.5,0.018518518518518517,758240.4468950235,390178.96781468904,267.4800000000006,1083.0388017760733,0.8888888888888888,4.894940909363876,5.783829798252764
normal,178,59.41522926945256,21.06544790619253,3980.7479647597156,2245.084749695995,135.71532475971446,32.446736705464495,3945.0326400000013,2224.687658403557,100.0,12.04964541302659,0.0,2473.6357906173484,0.0,0.0,2224.687658403557,0.0,0.17195749282836914,0.013023138046264648,0.5,0.018518518518518517,762221.1948597832,392424.05256438506,269.00000000000057,1088.8226315743261,0.8888888888888888,4.894940909363876,5.783829798252764
normal,179,66.0296587233803,24.570236950537495,4422.934300426583,2246.9762132190885,166.6527004265817,34.338200228558186,4356.281600000001,2224.687658403557,100.0,12.04964541302659,0.0,2705.6124749492183,0.0,0.0,2224.687658403557,0.0,0.14645600318908691,0.014779329299926758,0.5,0.018518518518518517,766644.1291602098,394671.02877760417,270.52000000000055,1094.606461372579,0.8888888888888888,4.894940909363876,5.783829798252764
normal,180,65.610394469496,23.500836817935195,4413.096489314637,2247.7840262125255,136.4580893146374,35.146013221995176,4376.6384,2224.687658403557,100.0,12.04964541302659,0.0,2749.1138670490727,0.0,0.0,2224.687658403557,0.0,0.11042332649230957,0.015990018844604492,0.5,0.018518518518518517,771057.2256495245,396918.8128038167,272.04000000000053,1100.3902911708317,0.8888888888888888,4.894940909363876,5.783829798252764
normal,181,69.10753657379082,24.84304180565935,4414.561488787652,2186.537277354706,159.38388878765315,-26.94248647757551,4355.177599999999,2224.687658403557,100.0,11.20789457127575,0.0,2710.4503816410615,0.0,0.0,2224.687658403557,0.0,0.14639997482299805,0.01584148406982422,0.5,0.010101010101010102,775471.7871383121,399105.3500811714,273.5600000000005,1105.770080565044,0.4848484848484849,4.894940909363876,5.379789394212361
normal,182,67.80321109234661,23.045232004530916,4410.438404058498,2244.8097375154125,166.17440405849823,32.17172452488192,4344.264,2224.687658403557,100.0,12.04964541302659,0.0,2718.809610801045,0.0,0.0,2224.687658403557,0.0,0.1256730556488037,0.027001380920410156,0.5,0.018518518518518517,779882.2255423706,401350.1598186868,275.0800000000005,1111.5539103632968,0.8888888888888888,4.894940909363876,5.783829798252764
normal,183,67.63739347547047,21.56063740979482,4408.472979470442,2241.5335308862877,147.67937947044152,28.895517895756957,4360.7936,2224.687658403557,100.0,12.04964541302659,0.0,2748.8188865130737,0.0,0.0,2224.687658403557,0.0,0.13337993621826172,0.018721818923950195,0.5,0.018518518518518517,784290.698521841,403591.69334957306,276.6000000000005,1117.3377401615496,0.8888888888888888,4.894940909363876,5.783829798252764
normal,184,60.90873342515963,23.39393602525782,3982.7131064810974,2243.9774989578486,139.19390648109638,31.3394859673179,3943.519200000001,2224.687658403557,100.0,12.04964541302659,0.0,2457.920637120807,0.0,0.0,2224.687658403557,0.0,0.1768636703491211,0.02553272247314453,0.5,0.018518518518518517,788273.4116283221,405835.6708485309,278.12000000000046,1123.1215699598024,0.8888888888888888,4.894940909363876,5.783829798252764
normal,185,64.39650229598227,20.200283503059946,3993.094450553585,2248.38141136496,155.01413055358378,35.74339837442965,3938.080320000001,2224.687658403557,100.0,12.04964541302659,0.0,2446.3798664033675,0.0,0.0,2224.687658403557,0.0,0.1285264492034912,0.02289867401123047,0.5,0.018518518518518517,792266.5060788756,408084.05225989583,279.64000000000044,1128.9053997580552,0.8888888888888888,4.894940909363876,5.783829798252764
normal,186,72.91439051811676,24.412990720637453,4421.456925577721,2190.6033351602773,171.70332557772073,-22.87642867200445,4349.753600000001,2224.687658403557,100.0,11.20789457127575,0.0,2704.103912700427,0.0,0.0,2224.687658403557,0.0,0.16445088386535645,0.0240936279296875,0.5,0.010101010101010102,796687.9630044533,410274.65559505613,281.1600000000004,1134.2851891522675,0.4848484848484849,4.894940909363876,5.379789394212361
normal,187,71.08677553908332,22.97461524898611,4411.131270532383,2259.0837743093,145.47527053238235,46.44576131876974,4365.656,2224.687658403557,100.0,12.04964541302659,0.0,2728.1065054150044,0.0,0.0,2224.687658403557,0.0,0.15111041069030762,0.02099895477294922,0.5,0.018518518518518517,801099.0942749857,412533.73936936544,282.6800000000004,1140.0690189505203,0.8888888888888888,4.894940909363876,5.783829798252764
normal,188,67.1192151031503,21.148690033457047,4387.934888416554,2251.4118521761047,150.26768841655425,38.773839185574076,4337.6672,2224.687658403557,100.0,12.04964541302659,0.0,2696.434968814583,0.0,0.0,2224.687658403557,0.0,0.16319680213928223,0.014012813568115234,0.5,0.018518518518518517,805487.0291634023,414785.1512215416,284.2000000000004,1145.852848748773,0.8888888888888888,4.894940909363876,5.783829798252764
normal,189,70.43912578346031,24.27910692593236,4415.554527606997,2201.449509362736,170.70812760699636,-12.030254469545689,4344.8464,2224.687658403557,100.0,11.20789457127575,0.0,2715.556925100668,0.0,0.0,2224.687658403557,0.0,0.11853671073913574,0.022101163864135742,0.5,0.010101010101010102,809902.5836910093,416986.6007309043,285.72000000000037,1151.2326381429855,0.4848484848484849,4.894940909363876,5.379789394212361
normal,190,67.13854558328812,22.65840195572177,4413.648568918083,2245.0896188883457,147.3253689180833,32.4516058978151,4366.3232,2224.687658403557,100.0,12.04964541302659,0.0,2737.018901786802,0.0,0.0,2224.687658403557,0.0,0.11678957939147949,0.014102697372436523,0.5,0.018518518518518517,814316.2322599274,419231.69034979265,287.24000000000035,1157.0164679412383,0.8888888888888888,4.894940909363876,5.783829798252764
normal,191,61.089734155337474,20.537169200363834,3968.777686765192,2246.2879867638194,136.11032676519085,33.649973773288615,3932.6673600000013,2224.687658403557,100.0,12.04964541302659,0.0,2460.008374794014,0.0,0.0,2224.687658403557,0.0,0.1300344467163086,0.009998798370361328,0.5,0.018518518518518517,818285.0099466926,421477.97833655647,288.76000000000033,1162.800297739491,0.8888888888888888,4.894940909363876,5.783829798252764
normal,192,63.662491340690956,21.932551324066242,3987.3716100582146,2235.500867960472,137.43145005821393,22.86285496994163,3949.9401600000006,2224.687658403557,100.0,12.04964541302659,0.0,2478.6815033549187,0.0,0.0,2224.687658403557,0.0,0.1286020278930664,0.022998571395874023,0.5,0.018518518518518517,822272.3815567509,423713.4792045169,290.2800000000003,1168.5841275377438,0.8888888888888888,4.894940909363876,5.783829798252764
normal,193,70.27309508983275,24.019005274349087,4416.216129263426,2254.861946584208,148.9521292634252,42.223933593677266,4367.264000000001,2224.687658403557,100.0,12.04964541302659,0.0,2723.8033912157307,0.0,0.0,2224.687658403557,0.0,0.11292839050292969,0.01054692268371582,0.5,0.018518518518518517,826688.5976860143,425968.3411511011,291.8000000000003,1174.3679573359966,0.8888888888888888,4.894940909363876,5.783829798252764
normal,194,70.02827577625989,21.51019714876259,4422.916661189111,2254.9691175395815,154.55346118911038,42.33110454905113,4368.363200000001,2224.687658403557,100.0,12.04964541302659,0.0,2711.454802659591,0.0,0.0,2224.687658403557,0.0,0.12662911415100098,0.025093793869018555,0.5,0.018518518518518517,831111.5143472033,428223.3102686407,293.3200000000003,1180.1517871342494,0.8888888888888888,4.894940909363876,5.783829798252764
normal,195,72.32580441960101,24.31519022182215,4410.150998567372,2189.4352479274585,167.61339856737234,-24.044515904822948,4342.5376,2224.687658403557,100.0,11.20789457127575,0.0,2718.9499733490416,0.0,0.0,2224.687658403557,0.0,0.1419849395751953,0.014994382858276367,0.5,0.010101010101010102,835521.6653457707,430412.74551656813,294.84000000000026,1185.5315765284618,0.4848484848484849,4.894940909363876,5.379789394212361
normal,196,74.26111979640984,19.780798052886336,4415.215774505976,2264.245075020077,157.19177450597584,51.607062029546476,4358.024,2224.687658403557,100.0,12.04964541302659,0.0,2740.7002740232256,0.0,0.0,2224.687658403557,0.0,0.13667058944702148,0.011001110076904297,0.5,0.018518518518518517,839936.8811202766,432676.9905915882,296.36000000000024,1191.3154063267145,0.8888888888888888,4.894940909363876,5.783829798252764
normal,197,71.45095553392356,24.238409799896882,4431.250403695049,2257.1766202991976,171.03920369504849,44.53860730866715,4360.2112,2224.687658403557,100.0,12.04964541302659,0.0,2751.1887346930553,0.0,0.0,2224.687658403557,0.0,0.12880182266235352,0.014827966690063477,0.5,0.018518518518518517,844368.1315239717,434934.16721188737,297.8800000000002,1197.0992361249673,0.8888888888888888,4.894940909363876,5.783829798252764
normal,198,64.96544313941659,18.005468968428023,3968.9086845592724,2246.4758875287944,132.83716455927137,33.83787453826393,3936.071520000001,2224.687658403557,100.0,12.04964541302659,0.0,2474.1359188846823,0.0,0.0,2224.687658403557,0.0,0.11994719505310059,0.01699352264404297,0.5,0.018518518518518517,848337.040208531,437180.64309941616,299.4000000000002,1202.88306592322,0.8888888888888888,4.894940909363876,5.783829798252764
normal,199,66.26418103300598,20.075113841569877,3993.1283348002967,2237.849914136714,141.6560148002954,25.211901146183386,3951.472320000001,2224.687658403557,100.0,12.04964541302659,0.0,2472.677047448785,0.0,0.0,2224.687658403557,0.0,0.11824798583984375,0.023215293884277344,0.5,0.018518518518518517,852330.1685433312,439418.49301355286,300.9200000000002,1208.6668957214729,0.8888888888888888,4.894940909363876,5.783829798252764
normal,200,73.86155383057145,23.464294691434056,4418.963963908889,2192.3145238899165,151.74476390888773,-21.165239942365286,4367.219200000001,2224.687658403557,100.0,11.20789457127575,0.0,2752.853249873631,0.0,0.0,2224.687658403557,0.0,0.1408557891845703,0.02133774757385254,0.5,0.010101010101010102,856749.13250724,441610.8075374428,302.44000000000017,1214.0466851156852,0.4848484848484849,4.894940909363876,5.379789394212361
normal,201,75.16702471845572,22.600775897201004,4426.332249795853,2187.6740164133525,167.2042497958529,-25.805747418928867,4359.128000000001,2224.687658403557,100.0,11.20789457127575,0.0,2733.661985282315,0.0,0.0,2224.687658403557,0.0,0.1365659236907959,0.009510278701782227,0.5,0.010101010101010102,861175.464757036,443798.4815538561,303.96000000000015,1219.4264745098976,0.4848484848484849,4.894940909363876,5.379789394212361
normal,202,76.22836388852572,25.58531388822953,4417.04244890375,2191.6764398338883,169.02004890375102,-21.803323998393395,4348.022399999999,2224.687658403557,100.0,11.20789457127575,0.0,2717.4424841481873,0.0,0.0,2224.687658403557,0.0,0.13083887100219727,0.024997472763061523,0.5,0.010101010101010102,865592.5072059397,445990.15799369,305.48000000000013,1224.80626390411,0.4848484848484849,4.894940909363876,5.379789394212361
normal,203,74.33966639714576,22.68157747349098,4414.72587654946,2253.146177612104,160.64427654945914,40.508164621573606,4354.0816,2224.687658403557,100.0,12.04964541302659,0.0,2699.005120156506,0.0,0.0,2224.687658403557,0.0,0.12804198265075684,0.018728971481323242,0.5,0.018518518518518517,870007.2330824892,448243.3041713021,307.0000000000001,1230.5900937023628,0.8888888888888888,4.894940909363876,5.783829798252764
normal,204,75.87820261182219,24.36118331240573,4435.659690135218,2191.164189663354,177.10609013521793,-22.315574168927373,4358.5536,2224.687658403557,100.0,11.20789457127575,0.0,2703.191123587914,0.0,0.0,2224.687658403557,0.0,0.12776517868041992,0.025161027908325195,0.5,0.010101010101010102,874442.8927726245,450434.4683609655,308.5200000000001,1235.9698830965751,0.4848484848484849,4.894940909363876,5.379789394212361
normal,205,69.66710545558354,20.629350756877724,3989.5697146541265,2251.9945034407315,147.54235465412503,39.356490450201086,3942.0273600000014,2224.687658403557,100.0,12.04964541302659,0.0,2469.6842206419437,0.0,0.0,2224.687658403557,0.0,0.1188194751739502,0.0225372314453125,0.5,0.018518518518518517,878432.4624872786,452686.46286440623,310.0400000000001,1241.753712894828,0.8888888888888888,4.894940909363876,5.783829798252764
normal,206,69.47570124616813,20.946778564391515,3995.0946328107657,2257.2858678771763,161.43799281076474,44.647854886645526,3933.656640000001,2224.687658403557,100.0,12.04964541302659,0.0,2475.110583923119,0.0,0.0,2224.687658403557,0.0,0.13409996032714844,0.011036396026611328,0.5,0.018518518518518517,882427.5571200894,454943.7487322834,311.56000000000006,1247.5375426930807,0.8888888888888888,4.894940909363876,5.783829798252764
normal,207,77.12572411695417,22.26948479512534,4427.550726581392,2188.8641034041416,170.14912658139065,-24.615660428140142,4357.401600000001,2224.687658403557,100.0,11.20789457127575,0.0,2719.6525471997875,0.0,0.0,2224.687658403557,0.0,0.12183594703674316,0.018115758895874023,0.5,0.010101010101010102,886855.1078466708,457132.6128356876,313.08000000000004,1252.917332087293,0.4848484848484849,4.894940909363876,5.379789394212361
normal,208,76.70671369473838,23.776666991110393,4437.005302110622,2195.0248441601634,170.18450211062282,-18.454919672118336,4366.8207999999995,2224.687658403557,100.0,11.20789457127575,0.0,2732.698444648173,0.0,0.0,2224.687658403557,0.0,0.13327455520629883,0.018498659133911133,0.5,0.010101010101010102,891292.1131487814,459327.6376798478,314.6,1258.2971214815054,0.4848484848484849,4.894940909363876,5.379789394212361
normal,209,81.80321136307873,23.290265281214126,4427.0535927313895,2191.2216587722246,179.0311927313905,-22.258105060057048,4348.022399999999,2224.687658403557,100.0,11.20789457127575,0.0,2718.800456969689,0.0,0.0,2224.687658403557,0.0,0.15275287628173828,0.009570121765136719,0.5,0.010101010101010102,895719.1667415127,461518.85933862,316.12,1263.6769108757178,0.4848484848484849,4.894940909363876,5.379789394212361
normal,210,78.6036606354538,25.064270704086745,4433.997020035062,2189.7268286829785,176.55542003506162,-23.75293514930294,4357.4416,2224.687658403557,100.0,11.20789457127575,0.0,2742.7820753578435,0.0,0.0,2224.687658403557,0.0,0.12569141387939453,0.014997005462646484,0.5,0.010101010101010102,900153.1637615478,463708.586167303,317.64,1269.0567002699302,0.4848484848484849,4.894940909363876,5.379789394212361
normal,211,80.49998203503635,18.933623907873827,4431.230495283089,2254.1170141779826,163.7872952830885,41.479001187451935,4367.443200000001,2224.687658403557,100.0,12.04964541302659,0.0,2751.2763230383885,0.0,0.0,2224.687658403557,0.0,0.138716459274292,0.02051997184753418,0.5,0.018518518518518517,904584.3942568309,465962.70318148093,319.15999999999997,1274.840530068183,0.8888888888888888,4.894940909363876,5.783829798252764
normal,212,71.16707104317659,17.037203111271484,3988.87744586906,2252.8511955916033,145.35824586905892,40.21318260107278,3943.519200000001,2224.687658403557,100.0,12.04964541302659,0.0,2454.4720268606156,0.0,0.0,2224.687658403557,0.0,0.12155723571777344,0.026913166046142578,0.5,0.018518518518518517,908573.2717027,468215.55437707255,320.67999999999995,1280.6243598664357,0.8888888888888888,4.894940909363876,5.783829798252764
normal,213,69.75134630215267,22.129738399557635,3992.081818919882,2261.074340197487,154.0014989198811,48.43632720695618,3938.080320000001,2224.687658403557,100.0,12.04964541302659,0.0,2464.7820267213765,0.0,0.0,2224.687658403557,0.0,0.13951373100280762,0.010000228881835938,0.5,0.018518518518518517,912565.3535216198,470476.62871727004,322.19999999999993,1286.4081896646885,0.8888888888888888,4.894940909363876,5.783829798252764
normal,214,78.94647962245057,22.735818821903937,4426.967749945396,2190.3957978977573,176.63174994539423,-23.08396593452405,4350.336000000001,2224.687658403557,100.0,11.20789457127575,0.0,2710.865890418354,0.0,0.0,2224.687658403557,0.0,0.13107657432556152,0.008998394012451172,0.5,0.010101010101010102,916992.3212715652,472667.0245151678,323.7199999999999,1291.7879790589009,0.4848484848484849,4.894940909363876,5.379789394212361
normal,215,79.69218979253121,24.853549999437558,4444.207935366256,2186.913735424095,172.97753536625578,-26.566028408186355,4371.2304,2224.687658403557,100.0,11.20789457127575,0.0,2750.533129686451,0.0,0.0,2224.687658403557,0.0,0.14966344833374023,0.017995595932006836,0.5,0.010101010101010102,921436.5292069314,474853.9382505919,325.2399999999999,1297.1677684531132,0.4848484848484849,4.894940909363876,5.379789394212361
normal,216,80.68526400750473,20.873818116458107,4430.501049776756,2185.550204783566,175.3234497767573,-27.92955904871559,4355.177599999999,2224.687658403557,100.0,11.20789457127575,0.0,2715.692860717981,0.0,0.0,2224.687658403557,0.0,0.11760640144348145,0.009508371353149414,0.5,0.010101010101010102,925867.0302567082,477039.4884553755,326.7599999999999,1302.5475578473256,0.4848484848484849,4.894940909363876,5.379789394212361
normal,217,79.33466149503745,22.534710003184745,4433.000005039105,2191.512311393846,168.98560503910545,-21.96745243843529,4364.0144,2224.687658403557,100.0,11.20789457127575,0.0,2718.3306518649238,0.0,0.0,2224.687658403557,0.0,0.1415722370147705,0.026567459106445312,0.5,0.010101010101010102,930300.0302617473,479231.00076676934,328.27999999999986,1307.927347241538,0.4848484848484849,4.894940909363876,5.379789394212361
normal,218,80.25261145838502,24.711053474938414,4446.631694914911,2192.3043595514478,194.69569491491143,-21.17540428083402,4351.936,2224.687658403557,100.0,11.20789457127575,0.0,2699.5339763076886,0.0,0.0,2224.687658403557,0.0,0.21979117393493652,0.011510848999023438,0.5,0.010101010101010102,934746.6619566622,481423.3051263208,329.79999999999984,1313.3071366357503,0.4848484848484849,4.894940909363876,5.379789394212361
normal,219,72.52409420616554,21.334799077247645,3995.555797703706,2245.682341702161,153.08491770370483,33.04432871163066,3942.470880000001,2224.687658403557,100.0,12.04964541302659,0.0,2480.0165190765993,0.0,0.0,2224.687658403557,0.0,0.13266682624816895,0.0172119140625,0.5,0.018518518518518517,938742.2177543659,483668.98746802297,331.3199999999998,1319.0909664340031,0.8888888888888888,4.894940909363876,5.783829798252764
normal,220,73.18503352887042,22.38643120524184,4010.2670066824585,2191.7992880409242,165.23436668245694,-21.680475791357356,3945.0326400000013,2224.687658403557,100.0,11.20789457127575,0.0,2466.2201229798948,0.0,0.0,2224.687658403557,0.0,0.12866926193237305,0.02490377426147461,0.5,0.010101010101010102,942752.4847610483,485860.78675606387,332.8399999999998,1324.4707558282155,0.4848484848484849,4.894940909363876,5.379789394212361
normal,221,83.41454036304863,22.976168288075804,4431.634154744614,2182.055407632039,174.23255474461214,-31.42435620024256,4357.401600000001,2224.687658403557,100.0,11.20789457127575,0.0,2744.5082757301716,0.0,0.0,2224.687658403557,0.0,0.1814427375793457,0.02199554443359375,0.5,0.010101010101010102,947184.1189157929,488042.8421636959,334.3599999999998,1329.8505452224279,0.4848484848484849,4.894940909363876,5.379789394212361
normal,222,84.9911160564511,21.92605323957532,4441.966060973081,2185.691856960007,165.86526097308027,-27.787906872274547,4376.1008,2224.687658403557,100.0,11.20789457127575,0.0,2725.5613576913515,0.0,0.0,2224.687658403557,0.0,0.15735721588134766,0.021898746490478516,0.5,0.010101010101010102,951626.084976766,490228.5340206559,335.87999999999977,1335.2303346166402,0.4848484848484849,4.894940909363876,5.379789394212361
normal,223,82.87666822740407,22.910541786282657,4423.189938130568,2180.6623529190515,187.76273813056787,-32.817410913229985,4335.4272,2224.687658403557,100.0,11.20789457127575,0.0,2691.1627966317483,0.0,0.0,2224.687658403557,0.0,0.14940595626831055,0.01596832275390625,0.5,0.010101010101010102,956049.2749148966,492409.19637357496,337.39999999999975,1340.6101240108526,0.4848484848484849,4.894940909363876,5.379789394212361
normal,224,84.88548182093353,23.013732973873935,4436.809476588862,2185.9357484701054,173.37747658886167,-27.544015362176033,4363.432,2224.687658403557,100.0,11.20789457127575,0.0,2718.6585809715402,0.0,0.0,2224.687658403557,0.0,0.13006901741027832,0.012037515640258789,0.5,0.010101010101010102,960486.0843914854,494595.1321220451,338.91999999999973,1345.989913405065,0.4848484848484849,4.894940909363876,5.379789394212361
normal,225,83.5869581133221,20.895749651940154,4428.61086180586,2189.2048262187272,164.57246180585952,-24.274937613554386,4364.0384,2224.687658403557,100.0,11.20789457127575,0.0,2726.4749157725555,0.0,0.0,2224.687658403557,0.0,0.1099843978881836,0.020000457763671875,0.5,0.010101010101010102,964914.6952532913,496784.3369482638,340.4399999999997,1351.3697027992773,0.4848484848484849,4.894940909363876,5.379789394212361
normal,226,77.09530981475741,20.88301721622349,3999.3190741750177,2269.1034515526408,167.175874175017,56.465438562110066,3932.143200000001,2224.687658403557,100.0,12.04964541302659,0.0,2464.105500102553,0.0,0.0,2224.687658403557,0.0,0.16046929359436035,0.0248868465423584,0.5,0.018518518518518517,968914.0143274663,499053.44039981643,341.9599999999997,1357.15353259753,0.8888888888888888,4.894940909363876,5.783829798252764
normal,227,75.27074084518883,19.713568189845162,4001.894016094784,2254.7680257433162,150.42169609478327,42.13001275278551,3951.472320000001,2224.687658403557,100.0,12.04964541302659,0.0,2485.1412693268876,0.0,0.0,2224.687658403557,0.0,0.12636280059814453,0.014007568359375,0.5,0.018518518518518517,972915.908343561,501308.20842555974,343.4799999999997,1362.9373623957829,0.8888888888888888,4.894940909363876,5.783829798252764
normal,228,84.2937320143834,20.424489438787756,4437.079167705673,2261.8487891224167,175.85036770567186,49.210776131886185,4361.228800000002,2224.687658403557,100.0,12.04964541302659,0.0,2726.5748846673437,0.0,0.0,2224.687658403557,0.0,0.12556910514831543,0.021515846252441406,0.5,0.018518518518518517,977352.9875112667,503570.05721468217,344.99999999999966,1368.7211921940357,0.8888888888888888,4.894940909363876,5.783829798252764
normal,229,84.89367479375393,20.709826052407884,4438.5963087343125,2183.6365469781713,180.0059087343127,-29.84321685411031,4358.5904,2224.687658403557,100.0,11.20789457127575,0.0,2723.30022983292,0.0,0.0,2224.687658403557,0.0,0.12494158744812012,0.01000070571899414,0.5,0.010101010101010102,981791.583820001,505753.6937616603,346.51999999999964,1374.100981588248,0.4848484848484849,4.894940909363876,5.379789394212361
normal,230,88.46501449390422,27.347272545546364,4441.077490322023,2188.9070310473703,192.47269032202283,-24.572732784911125,4348.6048,2224.687658403557,100.0,11.20789457127575,0.0,2708.2502730085753,0.0,0.0,2224.687658403557,0.0,0.12857580184936523,0.015996456146240234,0.5,0.010101010101010102,986232.661310323,507942.6007927077,348.0399999999996,1379.4807709824604,0.4848484848484849,4.894940909363876,5.379789394212361
normal,231,88.78991491053712,25.05061904001668,4443.9449723754515,2195.025914016034,191.98817237545057,-18.453849816247427,4351.956800000001,2224.687658403557,100.0,11.20789457127575,0.0,2733.3247710293226,0.0,0.0,2224.687658403557,0.0,0.13007855415344238,0.020006179809570312,0.5,0.010101010101010102,990676.6062826985,510137.6267067237,349.5599999999996,1384.8605603766728,0.4848484848484849,4.894940909363876,5.379789394212361
normal,232,84.34409027993597,24.02585679042642,4443.157750039257,2189.910216151749,175.71455003925587,-23.56954768053251,4367.443200000001,2224.687658403557,100.0,11.20789457127575,0.0,2721.5681466470096,0.0,0.0,2224.687658403557,0.0,0.14005327224731445,0.017004728317260742,0.5,0.010101010101010102,995119.7640327377,512327.53692287544,351.0799999999996,1390.2403497708851,0.4848484848484849,4.894940909363876,5.379789394212361
normal,233,80.16942590497666,21.351022102089512,3994.420128500681,2189.585571404963,152.43308850067967,-23.894192427318607,3941.9870400000013,2224.687658403557,100.0,11.20789457127575,0.0,2456.8058880990134,0.0,0.0,2224.687658403557,0.0,0.12811064720153809,0.023685932159423828,0.5,0.010101010101010102,999114.1841612384,514517.1224942804,352.59999999999957,1395.6201391650975,0.4848484848484849,4.894940909363876,5.379789394212361
normal,234,80.93097097381752,21.87044849713116,4016.5595222667353,2259.7028641295847,170.47856226673431,47.06485113905389,3946.080960000001,2224.687658403557,100.0,12.04964541302659,0.0,2483.570064914014,0.0,0.0,2224.687658403557,0.0,0.21580743789672852,0.013993978500366211,0.5,0.018518518518518517,1003130.7436835051,516776.82535840996,354.11999999999955,1401.4039689633503,0.8888888888888888,4.894940909363876,5.783829798252764
normal,235,90.16215652691652,22.032637217114807,4440.537368025798,2174.969174423167,178.7261680257971,-38.510589409114736,4361.811200000001,2224.687658403557,100.0,11.20789457127575,0.0,2721.934782935541,0.0,0.0,2224.687658403557,0.0,0.11533761024475098,0.02504754066467285,0.5,0.010101010101010102,1007571.2810515309,518951.7945328331,355.63999999999953,1406.7837583575626,0.4848484848484849,4.894940909363876,5.379789394212361
normal,236,89.85759965681564,19.52090896940532,4456.03181060853,2180.140580149713,185.38381060852913,-33.33918368256843,4370.648,2224.687658403557,100.0,11.20789457127575,0.0,2739.647770783047,0.0,0.0,2224.687658403557,0.0,0.12756752967834473,0.009998321533203125,0.5,0.010101010101010102,1012027.3128621394,521131.9351129828,357.1599999999995,1412.163547751775,0.4848484848484849,4.894940909363876,5.379789394212361
normal,237,88.46347809801284,20.990200385194644,4422.679307520103,2185.4303207495627,173.49210752010396,-28.049443082718778,4349.187199999999,2224.687658403557,100.0,11.20789457127575,0.0,2709.2142411587306,0.0,0.0,2224.687658403557,0.0,0.15676188468933105,0.026026487350463867,0.5,0.010101010101010102,1016449.9921696596,523317.3654337324,358.6799999999995,1417.5433371459874,0.4848484848484849,4.894940909363876,5.379789394212361
normal,238,91.52328704600946,23.90787531788533,4456.044513721628,2187.5044890557447,203.55011372162764,-25.975274776536846,4352.4944000000005,2224.687658403557,100.0,11.20789457127575,0.0,2716.520224749034,0.0,0.0,2224.687658403557,0.0,0.15424752235412598,0.023519039154052734,0.5,0.010101010101010102,1020906.0366833812,525504.8699227881,360.1999999999995,1422.9231265401997,0.4848484848484849,4.894940909363876,5.379789394212361
normal,239,92.57678459690737,19.91384434728242,4451.465222536252,2236.0898648423827,179.7788225362519,0.0,4371.6864000000005,2246.2876584035575,100.0,10.19779356117474,0.0,2725.8144820017933,0.0,0.0,2246.2876584035575,0.0,0.15960931777954102,0.01713395118713379,0.5,0.0,1025357.5019059174,527740.9597876305,361.71999999999946,1427.8180674495636,0.0,4.894940909363876,4.894940909363876
normal,240,80.96556862702896,18.702788108699057,3998.2287663371317,2185.3440465854774,165.56140633713065,-28.135717246804063,3932.6673600000013,2224.687658403557,100.0,11.20789457127575,0.0,2444.2665387511825,0.0,0.0,2224.687658403557,0.0,0.11113953590393066,0.014991283416748047,0.5,0.010101010101010102,1029355.7306722546,529926.303834216,363.23999999999944,1433.197856843776,0.4848484848484849,4.894940909363876,5.379789394212361
normal,241,80.57278543384025,16.87480313618073,3995.323067017943,2267.3922731438993,160.13426701794174,54.754260153368854,3935.188800000001,2224.687658403557,100.0,12.04964541302659,0.0,2459.981295870235,0.0,0.0,2224.687658403557,0.0,0.1422438621520996,0.009627819061279297,0.5,0.018518518518518517,1033351.0537392725,532193.6961073598,364.7599999999994,1438.9816866420288,0.8888888888888888,4.894940909363876,5.783829798252764
normal,242,90.97204208996767,25.78699334250964,4445.793177786923,2186.8107388545113,185.1019777869214,-26.669024977770064,4360.691200000001,2224.687658403557,100.0,11.20789457127575,0.0,2723.7377075397735,0.0,0.0,2224.687658403557,0.0,0.11630558967590332,0.024054765701293945,0.5,0.010101010101010102,1037796.8469170594,534380.5068462143,366.2799999999994,1444.3614760362411,0.4848484848484849,4.894940909363876,5.379789394212361
normal,243,93.54669654038985,22.87856743779303,4456.12763918925,2180.056420610246,196.4620391892492,-33.42334322203586,4359.6656,2224.687658403557,100.0,11.20789457127575,0.0,2710.9969340758034,0.0,0.0,2224.687658403557,0.0,0.11806154251098633,0.02391815185546875,0.5,0.010101010101010102,1042252.9745562486,536560.5632668246,367.7999999999994,1449.7412654304535,0.4848484848484849,4.894940909363876,5.379789394212361
normal,244,92.30080929022358,23.62637994118057,4434.770786669063,2189.0555792576442,181.87798666906383,-24.424184574637245,4352.8928,2224.687658403557,100.0,11.20789457127575,0.0,2709.574116506397,0.0,0.0,2224.687658403557,0.0,0.1524672508239746,0.02487492561340332,0.5,0.010101010101010102,1046687.7453429177,538749.6188460822,369.31999999999937,1455.1210548246659,0.4848484848484849,4.894940909363876,5.379789394212361
normal,245,90.24680202180939,21.73849141629442,4447.096277742656,2184.079293566763,189.60987774265547,-29.40047026551834,4357.486400000001,2224.687658403557,100.0,11.20789457127575,0.0,2720.5751717810776,0.0,0.0,2224.687658403557,0.0,0.26102280616760254,0.023231983184814453,0.5,0.010101010101010102,1051134.8416206604,540933.698139649,370.83999999999935,1460.5008442188782,0.4848484848484849,4.894940909363876,5.379789394212361
normal,246,94.62163452947846,26.116232687698133,4463.255433094054,2192.956150366686,211.27463309405417,-20.52361346559545,4351.980799999999,2224.687658403557,100.0,11.20789457127575,0.0,2715.219562938789,0.0,0.0,2224.687658403557,0.0,0.1265575885772705,0.01210784912109375,0.5,0.010101010101010102,1055598.0970537544,543126.6542900157,372.35999999999933,1465.8806336130906,0.4848484848484849,4.894940909363876,5.379789394212361
normal,247,83.23722394124384,18.677784010296165,3990.136324443352,2267.1350454565213,157.9931244433508,54.49703246599077,3932.143200000001,2224.687658403557,100.0,12.04964541302659,0.0,2451.3315262319543,0.0,0.0,2224.687658403557,0.0,0.1386117935180664,0.023284196853637695,0.5,0.018518518518518517,1059588.2333781978,545393.7893354722,373.8799999999993,1471.6644634113434,0.8888888888888888,4.894940909363876,5.783829798252764
normal,248,81.96593440785772,18.275953253347865,4014.4827051935563,2273.0657199704106,163.5345451935554,60.42770697987996,3950.948160000001,2224.687658403557,100.0,12.04964541302659,0.0,2457.734922265661,0.0,0.0,2224.687658403557,0.0,0.1361064910888672,0.014899253845214844,0.5,0.018518518518518517,1063602.7160833913,547666.8550554425,375.3999999999993,1477.4482932095962,0.8888888888888888,4.894940909363876,5.783829798252764
normal,249,91.63068571762524,24.05925068392158,4444.839423079775,2185.3879386790304,196.78822307977404,-28.091825153251207,4348.051200000001,2224.687658403557,100.0,11.20789457127575,0.0,2711.9021996386755,0.0,0.0,2224.687658403557,0.0,0.11760830879211426,0.024445056915283203,0.5,0.010101010101010102,1068047.555506471,549852.2429941216,376.9199999999993,1482.8280826038085,0.4848484848484849,4.894940909363876,5.379789394212361
normal,250,94.04307611621141,23.67109665974906,4465.739302430949,2183.21012220146,189.1009024309484,-30.26964163082161,4376.6384,2224.687658403557,100.0,11.20789457127575,0.0,2736.9596452345736,0.0,0.0,2224.687658403557,0.0,0.13280653953552246,0.025996923446655273,0.5,0.010101010101010102,1072513.294808902,552035.4531163231,378.43999999999926,1488.207871998021,0.4848484848484849,4.894940909363876,5.379789394212361
normal,251,93.98507856350938,21.957730783025347,4434.0609586274695,2185.496741629282,192.06095862746943,-27.983022202999635,4342.0,2224.687658403557,100.0,11.20789457127575,0.0,2720.9907962731995,0.0,0.0,2224.687658403557,0.0,0.1610410213470459,0.023005008697509766,0.5,0.010101010101010102,1076947.3557675295,554220.9498579524,379.95999999999924,1493.5876613922333,0.4848484848484849,4.894940909363876,5.379789394212361
normal,252,94.498245163913,20.998824630532194,4441.244483405909,2181.520583067588,188.75008340590873,-31.959180764693453,4352.4944000000005,2224.687658403557,100.0,11.20789457127575,0.0,2723.3123957143284,0.0,0.0,2224.687658403557,0.0,0.13131499290466309,0.023932933807373047,0.5,0.010101010101010102,1081388.6002509354,556402.47044102,381.4799999999992,1498.9674507864456,0.4848484848484849,4.894940909363876,5.379789394212361
normal,253,90.73077794292023,22.765639694755023,4449.1436264005915,2182.636079944994,176.8300264005914,-30.843683887287607,4372.3136,2224.687658403557,100.0,11.20789457127575,0.0,2711.2129531720366,0.0,0.0,2224.687658403557,0.0,0.18311429023742676,0.023005962371826172,0.5,0.010101010101010102,1085837.743877336,558585.106520965,382.9999999999992,1504.347240180658,0.4848484848484849,4.894940909363876,5.379789394212361
normal,254,86.96525604470567,19.94452012224757,4007.3710681426737,2267.286521512907,170.29154814267275,54.64850852237626,3937.079520000001,2224.687658403557,100.0,12.04964541302659,0.0,2475.3825577114667,0.0,0.0,2224.687658403557,0.0,0.1596519947052002,0.022995471954345703,0.5,0.018518518518518517,1089845.1149454785,560852.3930424779,384.5199999999992,1510.1310699789108,0.8888888888888888,4.894940909363876,5.783829798252764
normal,255,88.03474561561461,20.540611646262047,4020.1514480256747,2287.576231592087,169.16296802567408,74.93821860155619,3950.988480000001,2224.687658403557,100.0,12.04964541302659,0.0,2473.3295660557474,0.0,0.0,2224.687658403557,0.0,0.12224483489990234,0.0229952335357666,0.5,0.018518518518518517,1093865.266393504,563139.96927407,386.03999999999917,1515.9148997771636,0.8888888888888888,4.894940909363876,5.783829798252764
normal,256,95.61854811498544,22.86994348272615,4443.0579599708435,2179.730070652703,193.93155997084278,-33.74969317957836,4349.126400000001,2224.687658403557,100.0,11.20789457127575,0.0,2733.893058893628,0.0,0.0,2224.687658403557,0.0,0.15270519256591797,0.02448105812072754,0.5,0.010101010101010102,1098308.324353475,565319.6993447227,387.55999999999915,1521.294689171376,0.4848484848484849,4.894940909363876,5.379789394212361
normal,257,95.84009609419581,21.611055895079513,4460.975938284476,2176.847305069421,184.33753828447578,-36.632458762860615,4376.6384,2224.687658403557,100.0,11.20789457127575,0.0,2746.36150953932,0.0,0.0,2224.687658403557,0.0,0.14808344841003418,0.023616552352905273,0.5,0.010101010101010102,1102769.3002917594,567496.5466497921,389.07999999999913,1526.6744785655883,0.4848484848484849,4.894940909363876,5.379789394212361
normal,258,97.00127917814854,23.41812086543842,4438.152711116166,2173.8565650842747,196.152711116166,-39.62319874800682,4342.0,2224.687658403557,100.0,11.20789457127575,0.0,2722.4957379794346,0.0,0.0,2224.687658403557,0.0,0.16376781463623047,0.009996652603149414,0.5,0.010101010101010102,1107207.4530028757,569670.4032148764,390.5999999999991,1532.0542679598007,0.4848484848484849,4.894940909363876,5.379789394212361
normal,259,95.58346017315306,22.273946065831282,4453.852831977942,2182.35138247546,197.53123197794116,-31.128381356821638,4356.3216,2224.687658403557,100.0,11.20789457127575,0.0,2712.084429356103,0.0,0.0,2224.687658403557,0.0,0.24954628944396973,0.023635387420654297,0.5,0.010101010101010102,1111661.3058348536,571852.7545973519,392.1199999999991,1537.434057354013,0.4848484848484849,4.894940909363876,5.379789394212361
normal,260,97.15403959963383,25.340035721347224,4468.5506575504005,2185.0197092952344,210.57945755040032,-28.460054537047057,4357.9712,2224.687658403557,100.0,11.20789457127575,0.0,2717.8123167057265,0.0,0.0,2224.687658403557,0.0,0.153228759765625,0.025645732879638672,0.5,0.010101010101010102,1116129.856492404,574037.7743066471,393.6399999999991,1542.8138467482254,0.4848484848484849,4.894940909363876,5.379789394212361
normal,261,86.29101336419622,22.47659420492121,4019.162228868,2184.978732695117,176.1268688679985,-28.501031137164645,3943.035360000001,2224.687658403557,100.0,11.20789457127575,0.0,2463.7499994336845,0.0,0.0,2224.687658403557,0.0,0.15974164009094238,0.02125406265258789,0.5,0.010101010101010102,1120149.018721272,576222.7530393422,395.15999999999906,1548.1936361424378,0.4848484848484849,4.894940909363876,5.379789394212361
normal,262,88.01951304722634,20.01946273177169,4023.0708528204204,2183.381635812125,183.45837282041953,-30.098128020156576,3939.612480000001,2224.687658403557,100.0,11.20789457127575,0.0,2460.0905418714206,0.0,0.0,2224.687658403557,0.0,0.1382615566253662,0.02399754524230957,0.5,0.010101010101010102,1124172.0895740925,578406.1346751543,396.67999999999904,1553.5734255366501,0.4848484848484849,4.894940909363876,5.379789394212361
normal,263,96.15877211030663,22.9674345754542,4450.268656420947,2177.770416980537,200.55985642094538,-35.709346851744556,4349.708800000001,2224.687658403557,100.0,11.20789457127575,0.0,2725.39597478384,0.0,0.0,2224.687658403557,0.0,0.17894482612609863,0.02008795738220215,0.5,0.010101010101010102,1128622.3582305135,580583.9050921348,398.199999999999,1558.9532149308625,0.4848484848484849,4.894940909363876,5.379789394212361
normal,264,97.51736117101059,23.261750912499227,4461.708961292862,2188.02997255482,202.5361612928616,-25.449791277461618,4359.1728,2224.687658403557,100.0,11.20789457127575,0.0,2725.1093342637446,0.0,0.0,2224.687658403557,0.0,0.1735072135925293,0.019991636276245117,0.5,0.010101010101010102,1133084.0671918064,582771.9350646896,399.719999999999,1564.3330043250749,0.4848484848484849,4.894940909363876,5.379789394212361
normal,265,98.5724263014838,21.760738409350676,4439.598050461538,2170.1145892127224,190.41085046153893,-43.36517461955896,4349.187199999999,2224.687658403557,100.0,11.20789457127575,0.0,2720.716510674587,0.0,0.0,2224.687658403557,0.0,0.15405726432800293,0.01551675796508789,0.5,0.010101010101010102,1137523.665242268,584942.0496539023,401.239999999999,1569.7127937192872,0.4848484848484849,4.894940909363876,5.379789394212361
normal,266,99.05460751540731,20.206257019665884,4446.789695207954,2177.696824016384,189.93049520795336,-35.782939815897315,4356.8592,2224.687658403557,100.0,11.20789457127575,0.0,2713.5552396455005,0.0,0.0,2224.687658403557,0.0,0.11415863037109375,0.022100210189819336,0.5,0.010101010101010102,1141970.454937476,587119.7464779187,402.75999999999897,1575.0925831134996,0.4848484848484849,4.894940909363876,5.379789394212361
normal,267,101.1484823529626,22.19959456711976,4465.517059408003,2183.8663598459207,199.82105940800272,-29.613403986361078,4365.696,2224.687658403557,100.0,11.20789457127575,0.0,2736.3525285892674,0.0,0.0,2224.687658403557,0.0,0.11511468887329102,0.013063669204711914,0.5,0.010101010101010102,1146435.9719968839,589303.6128377647,404.27999999999895,1580.472372507712,0.4848484848484849,4.894940909363876,5.379789394212361
normal,268,88.9113050780013,18.065317082129315,4011.4529976713457,2188.8123276084457,179.3097976713447,-24.667436223835725,3932.143200000001,2224.687658403557,100.0,11.20789457127575,0.0,2467.2543902176194,0.0,0.0,2224.687658403557,0.0,0.11485767364501953,0.014513254165649414,0.5,0.010101010101010102,1150447.4249945553,591492.4251653731,405.79999999999893,1585.8521619019243,0.4848484848484849,4.894940909363876,5.379789394212361
normal,269,88.78165905125485,19.157777140445912,4025.397976397492,2182.985305633306,184.777496397491,-30.494458198975824,3940.620480000001,2224.687658403557,100.0,11.20789457127575,0.0,2469.166237167238,0.0,0.0,2224.687658403557,0.0,0.1900935173034668,0.02399611473083496,0.5,0.010101010101010102,1154472.8229709528,593675.4104710064,407.3199999999989,1591.2319512961367,0.4848484848484849,4.894940909363876,5.379789394212361
normal,270,99.31046294137246,19.47677183164167,4451.039313673224,2184.4983911520203,193.05531367322234,-28.981372680261362,4357.984000000001,2224.687658403557,100.0,11.20789457127575,0.0,2703.68359573529,0.0,0.0,2224.687658403557,0.0,0.11970186233520508,0.01401066780090332,0.5,0.010101010101010102,1158923.862284626,595859.9088621584,408.8399999999989,1596.611740690349,0.4848484848484849,4.894940909363876,5.379789394212361
normal,271,99.45083332887152,21.92083418263438,4450.443388585466,2236.0898648423827,173.80498858546582,0.0,4376.6384,2246.2876584035575,100.0,10.19779356117474,0.0,2751.7376846209654,0.0,0.0,2246.2876584035575,0.0,0.22487616539001465,0.014711141586303711,0.5,0.0,1163374.3056732116,598095.9987270008,410.3599999999989,1601.506681599713,0.0,4.894940909363876,4.894940909363876
normal,272,99.90596117670475,22.24431919705356,4446.301897797211,2236.0898648423827,196.5322977972109,0.0,4349.7696,2246.2876584035575,100.0,10.19779356117474,0.0,2744.174382109507,0.0,0.0,2246.2876584035575,0.0,0.1482372283935547,0.023088932037353516,0.5,0.0,1167820.6075710088,600332.0885918431,411.87999999999886,1606.4016225090768,0.0,4.894940909363876,4.894940909363876
normal,273,102.14663386476366,21.991673125620075,4454.798626564699,2236.0898648423827,196.77462656469845,0.0,4358.024,2246.2876584035575,100.0,10.19779356117474,0.0,2720.415865747349,0.0,0.0,2246.2876584035575,0.0,0.12244653701782227,0.020001649856567383,0.5,0.0,1172275.4061975735,602568.1784566855,413.39999999999884,1611.2965634184407,0.0,4.894940909363876,4.894940909363876
normal,274,100.49691455142003,22.667150508681537,4465.522166007848,2236.0898648423827,203.60856600784808,0.0,4361.9136,2246.2876584035575,100.0,10.19779356117474,0.0,2731.1878590020483,0.0,0.0,2246.2876584035575,0.0,0.12551450729370117,0.019006729125976562,0.5,0.0,1176740.9283635814,604804.2683215279,414.9199999999988,1616.1915043278045,0.0,4.894940909363876,4.894940909363876
normal,275,93.33712924625365,20.301727691604043,4021.193123093194,2236.0898648423827,177.6739230931933,0.0,3943.519200000001,2246.2876584035575,100.0,10.19779356117474,0.0,2445.2945473078044,0.0,0.0,2246.2876584035575,0.0,0.2119429111480713,0.012093305587768555,0.5,0.0,1180762.1214866745,607040.3581863702,416.4399999999988,1621.0864452371684,0.0,4.894940909363876,4.894940909363876
normal,276,92.31014295271767,22.162046754061752,4023.349914130372,2236.0898648423827,177.26895413037116,0.0,3946.080960000001,2246.2876584035575,100.0,10.19779356117474,0.0,2449.8656564504063,0.0,0.0,2246.2876584035575,0.0,0.14751386642456055,0.019282102584838867,0.5,0.0,1184785.4714008048,609276.4480512126,417.9599999999988,1625.9813861465323,0.0,4.894940909363876,4.894940909363876
normal,277,104.48877977418033,23.93562070402709,4481.40400960443,2236.0898648423827,218.42800960442838,0.0,4362.9760000000015,2246.2876584035575,100.0,10.19779356117474,0.0,2725.4968035531992,0.0,0.0,2246.2876584035575,0.0,0.5914146900177002,0.019837141036987305,0.5,0.0,1189266.8754104092,611512.537916055,419.47999999999877,1630.8763270558961,0.0,4.894940909363876,4.894940909363876
normal,278,103.39119140770163,22.799893232570955,4472.208499528833,2236.0898648423827,211.91569952883316,0.0,4360.2928,2246.2876584035575,100.0,10.19779356117474,0.0,2719.240897649492,0.0,0.0,2246.2876584035575,0.0,0.13512825965881348,0.010988712310791016,0.5,0.0,1193739.083909938,613748.6277808973,420.99999999999875,1635.77126796526,0.0,4.894940909363876,4.894940909363876
normal,279,101.74279442022078,23.80231671886622,4461.42674502688,2236.0898648423827,212.8219450268801,0.0,4348.6048,2246.2876584035575,100.0,10.19779356117474,0.0,2711.6751124816506,0.0,0.0,2246.2876584035575,0.0,0.12439703941345215,0.015141010284423828,0.5,0.0,1198200.510654965,615984.7176457397,422.51999999999873,1640.6662088746239,0.0,4.894940909363876,4.894940909363876
normal,280,103.1608835773136,22.39758351571945,4459.542544979926,2236.0898648423827,202.6833449799257,0.0,4356.8592,2246.2876584035575,100.0,10.19779356117474,0.0,2706.795051693762,0.0,0.0,2246.2876584035575,0.0,0.1190950870513916,0.02481865882873535,0.5,0.0,1202660.0531999448,618220.807510582,424.0399999999987,1645.5611497839877,0.0,4.894940909363876,4.894940909363876
normal,281,102.28009389357344,19.841461908592024,4466.336622897302,2236.0898648423827,200.64062289730165,0.0,4365.696,2246.2876584035575,100.0,10.19779356117474,0.0,2734.2171780038166,0.0,0.0,2246.2876584035575,0.0,0.14245939254760742,0.014163494110107422,0.5,0.0,1207126.389822842,620456.8973754244,425.5599999999987,1650.4560906933516,0.0,4.894940909363876,4.894940909363876
normal,282,92.30962813833519,20.245777911293082,4014.6694596479338,2236.0898648423827,177.02545964793336,0.0,3937.6440000000007,2246.2876584035575,100.0,10.19779356117474,0.0,2462.310315880578,0.0,0.0,2246.2876584035575,0.0,0.11717724800109863,0.024797916412353516,0.5,0.0,1211141.05928249,622692.9872402668,427.0799999999987,1655.3510316027155,0.0,4.894940909363876,4.894940909363876
normal,283,91.61323634496013,19.90853122765057,4033.684663443104,2236.0898648423827,182.69618344310294,0.0,3950.988480000001,2246.2876584035575,100.0,10.19779356117474,0.0,2458.247848309295,0.0,0.0,2246.2876584035575,0.0,0.13792943954467773,0.01802229881286621,0.5,0.0,1215174.7439459332,624929.0771051091,428.59999999999866,1660.2459725120793,0.0,4.894940909363876,4.894940909363876
normal,284,103.29514017827,21.882973449135232,4460.723237121566,2236.0898648423827,211.01443712156487,0.0,4349.708800000001,2246.2876584035575,100.0,10.19779356117474,0.0,2721.9224187802097,0.0,0.0,2246.2876584035575,0.0,0.11141490936279297,0.023917198181152344,0.5,0.0,1219635.4671830547,627165.1669699515,430.11999999999864,1665.1409134214432,0.0,4.894940909363876,4.894940909363876
normal,285,104.9856975988768,23.662272340653576,4478.046447708072,2236.0898648423827,209.6832477080717,0.0,4368.363200000001,2246.2876584035575,100.0,10.19779356117474,0.0,2739.0727484507356,0.0,0.0,2246.2876584035575,0.0,0.15123939514160156,0.023265361785888672,0.5,0.0,1224113.5136307627,629401.2568347938,431.6399999999986,1670.035854330807,0.0,4.894940909363876,4.894940909363876
normal,286,104.11401093086876,21.823835467010596,4448.326255897496,2236.0898648423827,206.371055897496,0.0,4341.955199999999,2246.2876584035575,100.0,10.19779356117474,0.0,2715.966333684872,0.0,0.0,2246.2876584035575,0.0,0.12539982795715332,0.02032923698425293,0.5,0.0,1228561.8398866602,631637.3466996362,433.1599999999986,1674.930795240171,0.0,4.894940909363876,4.894940909363876
normal,287,102.53923131636816,23.527711950363425,4474.673213988837,2236.0898648423827,216.64921398883644,0.0,4358.024,2246.2876584035575,100.0,10.19779356117474,0.0,2722.736660020203,0.0,0.0,2246.2876584035575,0.0,0.10808181762695312,0.010102033615112305,0.5,0.0,1233036.513100649,633873.4365644786,434.6799999999986,1679.8257361495348,0.0,4.894940909363876,4.894940909363876
normal,288,104.46141685391304,22.871359766529967,4471.2435043536125,2236.0898648423827,218.14270435361226,0.0,4353.1008,2246.2876584035575,100.0,10.19779356117474,0.0,2751.3760057697345,0.0,0.0,2246.2876584035575,0.0,0.1414029598236084,0.023810386657714844,0.5,0.0,1237507.7566050026,636109.5264293209,436.19999999999857,1684.7206770588987,0.0,4.894940909363876,4.894940909363876
normal,289,92.92411751749297,21.186176967930013,4005.6099148444846,2236.0898648423827,168.49007484448296,0.0,3937.1198400000017,2246.2876584035575,100.0,10.19779356117474,0.0,2469.399494269158,0.0,0.0,2246.2876584035575,0.0,0.14728021621704102,0.021685361862182617,0.5,0.0,1241513.366519847,638345.6162941633,437.71999999999855,1689.6156179682625,0.0,4.894940909363876,4.894940909363876
normal,290,93.32378268094561,22.44385907731666,4031.8173147018406,2188.114580125301,199.12835470183938,-25.365183706980716,3932.688960000001,2224.687658403557,100.0,11.20789457127575,0.0,2456.440296490267,0.0,0.0,2224.687658403557,0.0,0.12882232666015625,0.021973133087158203,0.5,0.010101010101010102,1245545.1838345488,640533.7308742886,439.23999999999853,1694.995407362475,0.4848484848484849,4.894940909363876,5.379789394212361
normal,291,105.80420165690914,21.10072017658651,4459.473313344787,2236.0898648423827,202.60931334478585,0.0,4356.864000000001,2246.2876584035575,100.0,10.19779356117474,0.0,2742.08473626835,0.0,0.0,2246.2876584035575,0.0,0.12470126152038574,0.024500131607055664,0.5,0.0,1250004.6571478937,642769.820739131,440.7599999999985,1699.8903482718388,0.0,4.894940909363876,4.894940909363876
normal,292,107.72975625189417,20.284453880589375,4468.46546024208,2236.0898648423827,209.29266024207897,0.0,4359.1728,2246.2876584035575,100.0,10.19779356117474,0.0,2734.2544419899177,0.0,0.0,2246.2876584035575,0.0,0.16859674453735352,0.025098562240600586,0.5,0.0,1254473.1226081357,645005.9106039733,442.2799999999985,1704.7852891812026,0.0,4.894940909363876,4.894940909363876
normal,293,103.73098792909768,21.073494526096937,4443.446174624147,2236.0898648423827,201.49097462414767,0.0,4341.955199999999,2246.2876584035575,100.0,10.19779356117474,0.0,2722.503965967919,0.0,0.0,2246.2876584035575,0.0,0.11927509307861328,0.013571500778198242,0.5,0.0,1258916.5687827598,647242.0004688157,443.7999999999985,1709.6802300905665,0.0,4.894940909363876,4.894940909363876
normal,294,105.73210856683602,22.287119891639968,4461.666366234115,2236.0898648423827,203.64236623411531,0.0,4358.024,2246.2876584035575,100.0,10.19779356117474,0.0,2713.2493496410143,0.0,0.0,2246.2876584035575,0.0,0.16277718544006348,0.01886582374572754,0.5,0.0,1263378.235148994,649478.090333658,445.31999999999846,1714.5751709999304,0.0,4.894940909363876,4.894940909363876
normal,295,102.95197883652064,18.60851952643353,4458.117089434676,2236.0898648423827,185.80348943467536,0.0,4372.3136,2246.2876584035575,100.0,10.19779356117474,0.0,2743.513872330895,0.0,0.0,2246.2876584035575,0.0,0.12729501724243164,0.026065349578857422,0.5,0.0,1267836.3522384288,651714.1801985004,446.83999999999844,1719.4701119092942,0.0,4.894940909363876,4.894940909363876
normal,296,96.84505836034698,21.769022648505853,4018.233604187534,2236.0898648423827,187.13872418753354,0.0,3931.094880000001,2246.2876584035575,100.0,10.19779356117474,0.0,2448.194614358529,0.0,0.0,2246.2876584035575,0.0,0.14648079872131348,0.023674726486206055,0.5,0.0,1271854.5858426164,653950.2700633428,448.3599999999984,1724.3650528186581,0.0,4.894940909363876,4.894940909363876
normal,297,96.10171626975536,20.547926001934325,4027.203183675052,2236.0898648423827,182.61406367505185,0.0,3944.5891200000005,2246.2876584035575,100.0,10.19779356117474,0.0,2456.127341923524,0.0,0.0,2246.2876584035575,0.0,0.12593650817871094,0.022998332977294922,0.5,0.0,1275881.7890262913,656186.3599281851,449.8799999999984,1729.259993728022,0.0,4.894940909363876,4.894940909363876
normal,298,101.10337927557555,25.367897613728257,4467.624106652759,2236.0898648423827,217.91530665275798,0.0,4349.708800000001,2246.2876584035575,100.0,10.19779356117474,0.0,2744.6482637703457,0.0,0.0,2246.2876584035575,0.0,0.12886667251586914,0.015531539916992188,0.5,0.0,1280349.4131329441,658422.4497930275,451.3999999999984,1734.1549346373858,0.0,4.894940909363876,4.894940909363876
normal,299,104.9549011693163,22.876571157113997,4475.94436243925,2236.0898648423827,220.1763624392487,0.0,4355.768000000001,2246.2876584035575,100.0,10.19779356117474,0.0,2725.685515196671,0.0,0.0,2246.2876584035575,0.0,0.15919756889343262,0.020119428634643555,0.5,0.0,1284825.3574953834,660658.5396578698,452.91999999999837,1739.0498755467497,0.0,4.894940909363876,4.894940909363876
normal,300,105.01744245907584,24.258973063142033,4460.379408044112,2236.0898648423827,213.4770080441135,0.0,4346.902399999999,2246.2876584035575,100.0,10.19779356117474,0.0,2714.7875459306497,0.0,0.0,2246.2876584035575,0.0,0.13426423072814941,0.01801323890686035,0.5,0.0,1289285.7369034274,662894.6295227122,454.43999999999835,1743.9448164561136,0.0,4.894940909363876,4.894940909363876
normal,301,104.41166980639866,20.554666206905267,4460.721826493181,2236.0898648423827,215.92022649317977,0.0,4344.801600000001,2246.2876584035575,100.0,10.19779356117474,0.0,2710.6954434051063,0.0,0.0,2246.2876584035575,0.0,0.11310410499572754,0.018080472946166992,0.5,0.0,1293746.4587299207,665130.7193875546,455.95999999999833,1748.8397573654775,0.0,4.894940909363876,4.894940909363876
normal,302,104.80838246600354,22.98074466032848,4461.832960795928,2236.0898648423827,195.50976079592778,0.0,4366.3232,2246.2876584035575,100.0,10.19779356117474,0.0,2735.650733268171,0.0,0.0,2246.2876584035575,0.0,0.12442612648010254,0.022015094757080078,0.5,0.0,1298208.2916907165,667366.8092523969,457.4799999999983,1753.7346982748413,0.0,4.894940909363876,4.894940909363876
normal,303,92.95367758447772,20.706344764775192,4022.864295910852,2182.2128403103284,184.2122959108512,-31.266923521953036,3938.652000000001,2224.687658403557,100.0,11.20789457127575,0.0,2450.0460830189486,0.0,0.0,2224.687658403557,0.0,0.129652738571167,0.023871421813964844,0.5,0.010101010101010102,1302231.1559866273,669549.0220927072,458.9999999999983,1759.1144876690537,0.4848484848484849,4.894940909363876,5.379789394212361
normal,304,96.49061019457656,21.547778165270717,4039.005744001678,2176.19183144919,193.9731040016766,-37.28793238309141,3945.0326400000013,2224.687658403557,100.0,11.20789457127575,0.0,2468.9155203564233,0.0,0.0,2224.687658403557,0.0,0.14308953285217285,0.01799631118774414,0.5,0.010101010101010102,1306270.161730629,671725.2139241564,460.5199999999983,1764.494277063266,0.4848484848484849,4.894940909363876,5.379789394212361
normal,305,103.8589762698344,20.378505079201915,4468.6434152254715,2236.0898648423827,201.3794152254706,0.0,4367.264000000001,2246.2876584035575,100.0,10.19779356117474,0.0,2744.346325685344,0.0,0.0,2246.2876584035575,0.0,0.14133405685424805,0.014538288116455078,0.5,0.0,1310738.8051458544,673961.3037889987,462.03999999999826,1769.38921797263,0.0,4.894940909363876,4.894940909363876
normal,306,103.91526396195452,20.603381225353676,4470.137425474825,2236.0898648423827,211.0094254748247,0.0,4359.128000000001,2246.2876584035575,100.0,10.19779356117474,0.0,2716.604162057953,0.0,0.0,2246.2876584035575,0.0,0.112823486328125,0.015996932983398438,0.5,0.0,1315208.9425713292,676197.3936538411,463.55999999999824,1774.2841588819938,0.0,4.894940909363876,4.894940909363876
normal,307,108.29030982961918,23.789350438522174,4452.20041506207,2236.0898648423827,218.4756150620696,0.0,4333.7248,2246.2876584035575,100.0,10.19779356117474,0.0,2710.8417731883937,0.0,0.0,2246.2876584035575,0.0,0.15952014923095703,0.010013341903686523,0.5,0.0,1319661.1429863912,678433.4835186835,465.0799999999982,1779.1790997913577,0.0,4.894940909363876,4.894940909363876
normal,308,104.94840616740426,21.63093635879551,4459.494342198777,2175.762115526764,202.0527421987772,-37.71764830551768,4357.4416,2224.687658403557,100.0,11.20789457127575,0.0,2711.584229795618,0.0,0.0,2224.687658403557,0.0,0.11664032936096191,0.01898956298828125,0.5,0.010101010101010102,1324120.63732859,680609.2456342102,466.5999999999982,1784.55888918557,0.4848484848484849,4.894940909363876,5.379789394212361
normal,309,103.49292960755973,24.315137518648,4471.419573996543,2236.0898648423827,218.31877399654212,0.0,4353.1008,2246.2876584035575,100.0,10.19779356117474,0.0,2734.814192843082,0.0,0.0,2246.2876584035575,0.0,0.1254286766052246,0.014194726943969727,0.5,0.0,1328592.0569025865,682845.3354990525,468.1199999999982,1789.453830094934,0.0,4.894940909363876,4.894940909363876
normal,310,94.44591505346598,23.376764769432615,4038.0432128386956,2185.230574962369,194.5240128386947,-28.249188869912775,3943.519200000001,2224.687658403557,100.0,11.20789457127575,0.0,2466.8773579057247,0.0,0.0,2224.687658403557,0.0,0.11456823348999023,0.024790525436401367,0.5,0.010101010101010102,1332630.1001154252,685030.5660740149,469.63999999999817,1794.8336194891463,0.4848484848484849,4.894940909363876,5.379789394212361
normal,311,96.26754455611054,22.150190321194934,4034.200815843029,2182.731458948509,188.1198558430276,-30.748304883772462,3946.080960000001,2224.687658403557,100.0,11.20789457127575,0.0,2466.1530157086663,0.0,0.0,2224.687658403557,0.0,0.14726877212524414,0.02107691764831543,0.5,0.010101010101010102,1336664.3009312681,687213.2975329633,471.15999999999815,1800.2134088833586,0.4848484848484849,4.894940909363876,5.379789394212361
normal,312,104.54557560051278,22.88093181062318,4463.255965703404,2236.0898648423827,211.8447657034042,0.0,4351.4112000000005,2246.2876584035575,100.0,10.19779356117474,0.0,2728.132256375995,0.0,0.0,2246.2876584035575,0.0,0.13634967803955078,0.01600956916809082,0.5,0.0,1341127.5568969715,689449.3873978057,472.67999999999813,1805.1083497927225,0.0,4.894940909363876,4.894940909363876
normal,313,105.18883625407823,23.18995663041597,4484.204135049081,2236.0898648423827,212.39133504908153,0.0,4371.8128,2246.2876584035575,100.0,10.19779356117474,0.0,2718.4439522010225,0.0,0.0,2246.2876584035575,0.0,0.1376349925994873,0.01752305030822754,0.5,0.0,1345611.7610320207,691685.477262648,474.1999999999981,1810.0032907020864,0.0,4.894940909363876,4.894940909363876
normal,314,102.81206069829807,24.1771767544462,4453.420468440427,2182.4693827833903,219.69566844042635,-31.010381048891357,4333.7248,2224.687658403557,100.0,11.20789457127575,0.0,2717.3351582277405,0.0,0.0,2224.687658403557,0.0,0.12590503692626953,0.015999794006347656,0.5,0.010101010101010102,1350065.1815004612,693867.9466454315,475.7199999999981,1815.3830800962987,0.4848484848484849,4.894940909363876,5.379789394212361
normal,315,101.77440096518698,22.01837938854977,4460.409929275247,2236.0898648423827,201.80352927524723,0.0,4358.6064,2246.2876584035575,100.0,10.19779356117474,0.0,2743.1328719629973,0.0,0.0,2246.2876584035575,0.0,0.12139391899108887,0.0185391902923584,0.5,0.0,1354525.5914297365,696104.0365102738,477.2399999999981,1820.2780210056626,0.0,4.894940909363876,4.894940909363876
normal,316,105.03434464655966,21.837483161918044,4469.428619762839,2236.0898648423827,215.2526197628394,0.0,4354.1759999999995,2246.2876584035575,100.0,10.19779356117474,0.0,2743.4315715912526,0.0,0.0,2246.2876584035575,0.0,0.13310718536376953,0.022999048233032227,0.5,0.0,1358995.0200494993,698340.1263751162,478.75999999999806,1825.1729619150265,0.0,4.894940909363876,4.894940909363876
normal,317,97.85229882816945,21.039362913130198,4028.1810759442715,2236.0898648423827,202.47755594427014,0.0,3925.703520000001,2246.2876584035575,100.0,10.19779356117474,0.0,2437.6442404853337,0.0,0.0,2246.2876584035575,0.0,0.13258814811706543,0.012169599533081055,0.5,0.0,1363023.2011254437,700576.2162399585,480.27999999999804,1830.0679028243903,0.0,4.894940909363876,4.894940909363876
normal,318,94.44283254787672,24.510999449129002,4033.632525399714,2179.3579614238147,188.5998853997125,-34.12180240846674,3945.0326400000013,2224.687658403557,100.0,11.20789457127575,0.0,2470.9078990835533,0.0,0.0,2224.687658403557,0.0,0.11831188201904297,0.015030860900878906,0.5,0.010101010101010102,1367056.8336508435,702755.5742013823,481.799999999998,1835.4476922186027,0.4848484848484849,4.894940909363876,5.379789394212361
normal,319,101.1147751221636,22.803898185522694,4468.832190002803,2236.0898648423827,219.1233900028015,0.0,4349.708800000001,2246.2876584035575,100.0,10.19779356117474,0.0,2708.958962888686,0.0,0.0,2246.2876584035575,0.0,0.1478731632232666,0.022588253021240234,0.5,0.0,1371525.6658408463,704991.6640662247,483.319999999998,1840.3426331279666,0.0,4.894940909363876,4.894940909363876
normal,320,103.15443038751107,23.929738146606955,4472.79037216846,2236.0898648423827,196.15197216845996,0.0,4376.6384,2246.2876584035575,100.0,10.19779356117474,0.0,2743.403692702487,0.0,0.0,2246.2876584035575,0.0,0.13903474807739258,0.020992755889892578,0.5,0.0,1375998.4562130147,707227.7539310671,484.839999999998,1845.2375740373304,0.0,4.894940909363876,4.894940909363876
normal,321,102.02332670036685,23.178910834888832,4442.749464780026,2175.975166911683,195.84706478002653,-37.504596920598665,4346.902399999999,2224.687658403557,100.0,11.20789457127575,0.0,2717.883742656657,0.0,0.0,2224.687658403557,0.0,0.1300821304321289,0.010595083236694336,0.5,0.010101010101010102,1380441.2056777948,709403.7290979788,486.35999999999797,1850.6173634315428,0.4848484848484849,4.894940909363876,5.379789394212361
normal,322,105.79645640997644,22.878704830451742,4462.440292090538,2236.0898648423827,205.53629209053736,0.0,4356.904,2246.2876584035575,100.0,10.19779356117474,0.0,2726.860290463643,0.0,0.0,2246.2876584035575,0.0,0.11972713470458984,0.01302790641784668,0.5,0.0,1384903.6459698854,711639.8189628212,487.87999999999795,1855.5123043409067,0.0,4.894940909363876,4.894940909363876
normal,323,104.53534308928484,23.562647250349414,4481.946951597292,2236.0898648423827,209.6333515972919,0.0,4372.3136,2246.2876584035575,100.0,10.19779356117474,0.0,2737.030821379477,0.0,0.0,2246.2876584035575,0.0,0.13043880462646484,0.01856827735900879,0.5,0.0,1389385.5929214826,713875.9088276635,489.39999999999793,1860.4072452502705,0.0,4.894940909363876,4.894940909363876
normal,324,92.25466572938603,21.667912365910183,4019.0203443975615,2186.318638998785,179.2797043975605,-27.161124833496682,3939.7406400000013,2224.687658403557,100.0,11.20789457127575,0.0,2450.062861266555,0.0,0.0,2224.687658403557,0.0,0.14029431343078613,0.015690088272094727,0.5,0.010101010101010102,1393404.6132658802,716062.2274666623,490.9199999999979,1865.787034644483,0.4848484848484849,4.894940909363876,5.379789394212361
normal,325,92.00136177822712,18.656806294850522,4034.850900572038,2186.8513256022775,183.90274057203726,-26.62843823000416,3950.948160000001,2224.687658403557,100.0,11.20789457127575,0.0,2471.4070279944776,0.0,0.0,2224.687658403557,0.0,0.12512493133544922,0.019005298614501953,0.5,0.010101010101010102,1397439.4641664522,718249.0787922646,492.4399999999979,1871.1668240386953,0.4848484848484849,4.894940909363876,5.379789394212361
normal,326,103.93263017010025,24.952745017486713,4458.005558571647,2180.713519354961,209.95435857164688,-32.76624447732039,4348.051200000001,2224.687658403557,100.0,11.20789457127575,0.0,2731.4931505442323,0.0,0.0,2224.687658403557,0.0,0.12274837493896484,0.019512653350830078,0.5,0.010101010101010102,1401897.4697250237,720429.7923116195,493.9599999999979,1876.5466134329076,0.4848484848484849,4.894940909363876,5.379789394212361
normal,327,100.47721057938013,22.417752515012918,4470.966766380295,2168.7759974320757,205.26596638029474,-44.70376640020575,4365.7008,2224.687658403557,100.0,11.20789457127575,0.0,2724.975372029097,0.0,0.0,2224.687658403557,0.0,0.14555573463439941,0.01876044273376465,0.5,0.010101010101010102,1406368.436491404,722598.5683090516,495.47999999999786,1881.92640282712,0.4848484848484849,4.894940909363876,5.379789394212361
normal,328,100.83965988550706,23.021871570839455,4452.6168582190685,2236.0898648423827,203.42965821906898,0.0,4349.187199999999,2246.2876584035575,100.0,10.19779356117474,0.0,2713.761592595933,0.0,0.0,2246.2876584035575,0.0,0.1285710334777832,0.023000717163085938,0.5,0.0,1410821.053349623,724834.6581738939,496.99999999999784,1886.8213437364839,0.0,4.894940909363876,4.894940909363876
normal,329,101.14768134765315,24.326155309998665,4470.362283450441,2182.0114691511376,212.92068345044106,-31.468294681144076,4357.4416,2224.687658403557,100.0,11.20789457127575,0.0,2718.146319991131,0.0,0.0,2224.687658403557,0.0,0.1203012466430664,0.018004179000854492,0.5,0.010101010101010102,1415291.4156330735,727016.669643045,498.5199999999978,1892.2011331306962,0.4848484848484849,4.894940909363876,5.379789394212361
normal,330,100.76630287957919,22.7387631636071,4473.323850474825,2236.0898648423827,207.62785047482487,0.0,4365.696,2246.2876584035575,100.0,10.19779356117474,0.0,2731.721279343606,0.0,0.0,2246.2876584035575,0.0,0.11027836799621582,0.02953052520751953,0.5,0.0,1419764.7394835483,729252.7595078874,500.0399999999978,1897.09607404006,0.0,4.894940909363876,4.894940909363876
normal,331,94.22059715423308,21.308585982236732,4026.0236202771557,2268.2866027688056,182.5044202771544,55.64858977827518,3943.519200000001,2224.687658403557,100.0,12.04964541302659,0.0,2467.1632966547086,0.0,0.0,2224.687658403557,0.0,0.14579463005065918,0.021138429641723633,0.5,0.018518518518518517,1423790.7631038255,731521.0461106562,501.5599999999978,1902.8799038383129,0.8888888888888888,4.894940909363876,5.783829798252764
normal,332,91.83407426662647,22.297544116295082,4036.5802241750853,2178.3462303071583,196.96774417508402,-35.13353352512351,3939.612480000001,2224.687658403557,100.0,11.20789457127575,0.0,2464.5417206862853,0.0,0.0,2224.687658403557,0.0,0.13697576522827148,0.015990734100341797,0.5,0.010101010101010102,1427827.3433280005,733699.3923409634,503.07999999999777,1908.2596932325253,0.4848484848484849,4.894940909363876,5.379789394212361
normal,333,100.41908255670812,24.49559839354018,4462.159215215419,2172.512919606776,199.76561521541777,-40.96684422550547,4362.393600000001,2224.687658403557,100.0,11.20789457127575,0.0,2733.4608530490536,0.0,0.0,2224.687658403557,0.0,0.13350629806518555,0.0150604248046875,0.5,0.010101010101010102,1432289.5025432159,735871.9052605701,504.59999999999775,1913.6394826267376,0.4848484848484849,4.894940909363876,5.379789394212361
normal,334,101.70904052639764,20.2297592262643,4470.426678890014,2273.827087963966,213.00107889001313,61.189074973435375,4357.4256000000005,2224.687658403557,100.0,12.04964541302659,0.0,2721.762885044569,0.0,0.0,2224.687658403557,0.0,0.14449000358581543,0.02600693702697754,0.5,0.018518518518518517,1436759.929222106,738145.732348534,506.11999999999773,1919.4233124249904,0.8888888888888888,4.894940909363876,5.783829798252764
normal,335,102.62837967032108,20.278434363696206,4448.94121924594,2180.2348040487836,194.92841924594128,-33.24495978349804,4354.0127999999995,2224.687658403557,100.0,11.20789457127575,0.0,2728.3382445144575,0.0,0.0,2224.687658403557,0.0,0.1123054027557373,0.012536287307739258,0.5,0.010101010101010102,1441208.870441352,740325.9671525828,507.6399999999977,1924.8031018192028,0.4848484848484849,4.894940909363876,5.379789394212361
normal,336,99.7590272169037,22.46807614168323,4444.954228221049,2179.7236952831827,183.7174282210484,-33.756068549098885,4361.236800000001,2224.687658403557,100.0,11.20789457127575,0.0,2737.158049985057,0.0,0.0,2224.687658403557,0.0,0.11479067802429199,0.011526823043823242,0.5,0.010101010101010102,1445653.824669573,742505.690847866,509.1599999999977,1930.1828912134151,0.4848484848484849,4.894940909363876,5.379789394212361
normal,337,101.37601908577169,20.590740337703586,4462.991002363574,2178.841456863562,203.31740236357365,-34.63830696871935,4359.6736,2224.687658403557,100.0,11.20789457127575,0.0,2721.199119976441,0.0,0.0,2224.687658403557,0.0,0.12476468086242676,0.012430906295776367,0.5,0.010101010101010102,1450116.8156719366,744684.5323047296,510.6799999999977,1935.5626806076275,0.4848484848484849,4.894940909363876,5.379789394212361
normal,338,90.31905971156375,22.535628244536273,4018.444681516062,2271.090518611898,191.7331615160612,58.45250562136744,3926.7115200000007,2224.687658403557,100.0,12.04964541302659,0.0,2439.0015146824644,0.0,0.0,2224.687658403557,0.0,0.10822606086730957,0.010591506958007812,0.5,0.018518518518518517,1454135.2603534528,746955.6228233415,512.1999999999977,1941.3465104058803,0.8888888888888888,4.894940909363876,5.783829798252764
normal,339,89.36832825683378,18.38730368891117,4018.8890861609607,2288.710837936907,174.2999661609598,76.07282494637661,3944.5891200000005,2224.687658403557,100.0,12.04964541302659,0.0,2466.3348542988338,0.0,0.0,2224.687658403557,0.0,0.1330575942993164,0.018996238708496094,0.5,0.018518518518518517,1458154.1494396138,749244.3336612785,513.7199999999976,1947.130340204133,0.8888888888888888,4.894940909363876,5.783829798252764
normal,340,100.86677575963296,22.44384608411732,4452.028414550473,2176.6424734096536,201.69241455047137,-36.83729042262819,4350.336000000001,2224.687658403557,100.0,11.20789457127575,0.0,2708.2393950834908,0.0,0.0,2224.687658403557,0.0,0.12497115135192871,0.02353072166442871,0.5,0.010101010101010102,1462606.1778541643,751420.9761346881,515.2399999999976,1952.5101295983454,0.4848484848484849,4.894940909363876,5.379789394212361
normal,341,104.46959237503991,23.49490970788536,4476.703049859459,2179.4146721286784,200.0646498594584,-34.065091703603365,4376.6384,2224.687658403557,100.0,11.20789457127575,0.0,2722.1709065901373,0.0,0.0,2224.687658403557,0.0,0.1344318389892578,0.02109837532043457,0.5,0.010101010101010102,1467082.8809040238,753600.3908068168,516.7599999999976,1957.8899189925578,0.4848484848484849,4.894940909363876,5.379789394212361
normal,342,100.85675085629562,22.61931420458629,4435.873279022428,2179.747639390392,191.63327902242787,-33.73212444188963,4344.24,2224.687658403557,100.0,11.20789457127575,0.0,2708.308918190962,0.0,0.0,2224.687658403557,0.0,0.11378121376037598,0.009102344512939453,0.5,0.010101010101010102,1471518.7541830463,755780.1384462072,518.2799999999976,1963.2697083867702,0.4848484848484849,4.894940909363876,5.379789394212361
normal,343,101.1586926643616,22.52000678329597,4455.369413502951,2184.8266083714757,203.41261350294968,-28.65315546080571,4351.956800000001,2224.687658403557,100.0,11.20789457127575,0.0,2728.955130192493,0.0,0.0,2224.687658403557,0.0,0.11058783531188965,0.013483762741088867,0.5,0.010101010101010102,1475974.1235965493,757964.9650545786,519.7999999999976,1968.6494977809825,0.4848484848484849,4.894940909363876,5.379789394212361
normal,344,102.11758270248417,19.270330024136918,4467.010655466545,2247.325002221978,200.14985546654543,33.84523838969676,4366.8608,2224.687658403557,100.0,11.20789457127575,0.0,2732.199218730314,0.0,0.0,2224.687658403557,0.0,0.12461090087890625,0.015110015869140625,0.5,0.010101010101010098,1480441.1342520157,760212.2900568006,521.3199999999975,1974.029287175195,0.48484848484848475,4.894940909363876,5.37978939421236
normal,345,90.07297413983383,18.665026499283957,4010.284612040108,2184.819357256266,174.21309204010774,-28.660406576015866,3936.071520000001,2224.687658403557,100.0,11.20789457127575,0.0,2461.8723659367997,0.0,0.0,2224.687658403557,0.0,0.11962771415710449,0.019002914428710938,0.5,0.010101010101010102,1484451.4188640558,762397.1094140569,522.8399999999975,1979.4090765694073,0.4848484848484849,4.894940909363876,5.379789394212361
normal,346,89.48671127615819,21.610714956179617,4033.5374566720966,2277.6390110461925,183.55697667209614,65.00099805566182,3949.9804800000006,2224.687658403557,100.0,12.04964541302659,0.0,2465.3255997882134,0.0,0.0,2224.687658403557,0.0,0.1300501823425293,0.021997451782226562,0.5,0.018518518518518517,1488484.956320728,764674.748425103,524.3599999999975,1985.19290636766,0.8888888888888888,4.894940909363876,5.783829798252764
normal,347,98.80097760027168,27.783677557954878,4462.208803817527,2187.3092782044323,215.32240381752587,-26.17048562784941,4346.886400000001,2224.687658403557,100.0,11.20789457127575,0.0,2715.0308194287327,0.0,0.0,2224.687658403557,0.0,0.12633037567138672,0.014995813369750977,0.5,0.010101010101010102,1492947.1651245456,766862.0577033075,525.8799999999975,1990.5726957618724,0.4848484848484849,4.894940909363876,5.379789394212361
normal,348,99.22621602345676,20.05473467017421,4464.799714774724,2276.682104325194,195.27171477472365,64.04409133466332,4369.528,2224.687658403557,100.0,12.04964541302659,0.0,2738.768299399002,0.0,0.0,2224.687658403557,0.0,0.1242516040802002,0.014992475509643555,0.5,0.018518518518518517,1497411.9648393204,769138.7398076326,527.3999999999975,1996.3565255601252,0.8888888888888888,4.894940909363876,5.783829798252764
normal,349,94.601538860254,22.421512467333756,4437.143392023561,2187.3652223759423,193.48579202356143,-26.114541456339463,4343.6576,2224.687658403557,100.0,11.20789457127575,0.0,2714.7687598371645,0.0,0.0,2224.687658403557,0.0,0.15175199508666992,0.021593809127807617,0.5,0.010101010101010102,1501849.108231344,771326.1050300086,528.9199999999975,2001.7363149543376,0.4848484848484849,4.894940909363876,5.379789394212361
normal,350,96.17027626299019,22.624930748508724,4450.975069293458,2178.0925140682807,186.96066929345716,-35.38724976400104,4364.0144,2224.687658403557,100.0,11.20789457127575,0.0,2721.939343085637,0.0,0.0,2224.687658403557,0.0,0.1301264762878418,0.012999296188354492,0.5,0.010101010101010102,1506300.0833006375,773504.1975440768,530.4399999999974,2007.11610434855,0.4848484848484849,4.894940909363876,5.379789394212361
normal,351,96.45450242187162,22.707238146820323,4461.82771386733,2181.4845819785187,196.13171386732995,-31.99518185376281,4365.696,2224.687658403557,100.0,11.20789457127575,0.0,2739.953272457815,0.0,0.0,2224.687658403557,0.0,0.12575554847717285,0.009128570556640625,0.5,0.010101010101010102,1510761.911014505,775685.6821260554,531.9599999999974,2012.4958937427623,0.4848484848484849,4.894940909363876,5.379789394212361
normal,352,86.68656255556589,20.0639387601372,4022.190437480851,2271.2194240938993,180.20339748085001,58.581411103368836,3941.9870400000013,2224.687658403557,100.0,12.04964541302659,0.0,2469.303589052278,0.0,0.0,2224.687658403557,0.0,0.14078521728515625,0.02499699592590332,0.5,0.018518518518518517,1514784.1014519858,777956.9015501493,533.4799999999974,2018.279723541015,0.8888888888888888,4.894940909363876,5.783829798252764
normal,353,87.11628077872338,22.094515154451006,4026.9105993214253,2188.188505320359,185.28211932142483,-25.29125851192242,3941.6284800000008,2224.687658403557,100.0,11.20789457127575,0.0,2464.0055175646685,0.0,0.0,2224.687658403557,0.0,0.1278553009033203,0.02120518684387207,0.5,0.010101010101010102,1518811.0120513071,780145.0900554697,534.9999999999974,2023.6595129352274,0.4848484848484849,4.894940909363876,5.379789394212361
normal,354,98.94387136187873,24.40749811721571,4458.247881144749,2180.062186250551,197.0190811447474,-33.417577581730555,4361.228800000002,2224.687658403557,100.0,11.20789457127575,0.0,2733.1127268188193,0.0,0.0,2224.687658403557,0.0,0.15119290351867676,0.02110004425048828,0.5,0.010101010101010102,1523269.2599324519,782325.1522417202,536.5199999999974,2029.0393023294398,0.4848484848484849,4.894940909363876,5.379789394212361
normal,355,95.6535436621886,23.322567328924023,4467.533641952752,2245.603728132584,196.88564195275157,32.12396430030239,4370.648,2224.687658403557,100.0,11.20789457127575,0.0,2720.8690338850547,0.0,0.0,2224.687658403557,0.0,0.14244604110717773,0.015096902847290039,0.5,0.010101010101010098,1527736.7935744047,784570.7559698528,538.0399999999973,2034.4190917236522,0.48484848484848475,4.894940909363876,5.37978939421236
normal,356,95.74325363650549,21.97735039170286,4439.6760892767325,2181.3075347167573,202.00888927673276,-32.17222911552448,4337.6672,2224.687658403557,100.0,11.20789457127575,0.0,2691.9313533970635,0.0,0.0,2224.687658403557,0.0,0.15652847290039062,0.01662731170654297,0.5,0.010101010101010102,1532176.4696636815,786752.0635045696,539.5599999999973,2039.7988811178645,0.4848484848484849,4.894940909363876,5.379789394212361
normal,357,97.92881932988769,21.72552525484615,4460.683278172963,2177.792561735743,202.6592781729625,-35.687202096538606,4358.024,2224.687658403557,100.0,11.20789457127575,0.0,2701.282163557006,0.0,0.0,2224.687658403557,0.0,0.14887595176696777,0.018105745315551758,0.5,0.010101010101010102,1536637.1529418544,788929.8560663053,541.0799999999973,2045.178670512077,0.4848484848484849,4.894940909363876,5.379789394212361
normal,358,95.06008642462746,21.688176004164795,4447.999147618414,2188.211763744494,175.68554761841338,-25.268000087787684,4372.3136,2224.687658403557,100.0,11.20789457127575,0.0,2734.673745626585,0.0,0.0,2224.687658403557,0.0,0.12489962577819824,0.025048494338989258,0.5,0.010101010101010102,1541085.1520894729,791118.0678300498,542.5999999999973,2050.558459906289,0.4848484848484849,4.894940909363876,5.379789394212361
normal,359,85.63542471311462,21.64510738128451,4015.109609993643,2268.793837271519,187.83360999364274,56.15582428098814,3927.2760000000007,2224.687658403557,100.0,12.04964541302659,0.0,2452.0310269992274,0.0,0.0,2224.687658403557,0.0,0.1545267105102539,0.018208742141723633,0.5,0.018518518518518517,1545100.2616994665,793386.8616673213,544.1199999999973,2056.3422897045416,0.8888888888888888,4.894940909363876,5.783829798252764
normal,360,83.94588681968398,22.186517921770474,4021.6813735568994,2258.6978028012013,189.51657355689804,46.05978981067078,3932.164800000001,2224.687658403557,100.0,12.04964541302659,0.0,2439.721025710258,0.0,0.0,2224.687658403557,0.0,0.1620802879333496,0.025094270706176758,0.5,0.018518518518518517,1549121.9430730233,795645.5594701224,545.6399999999973,2062.126119502794,0.8888888888888888,4.894940909363876,5.783829798252764
normal,361,92.91944107223755,24.047691376531887,4444.455559793645,2188.1732259798073,183.76435979364436,-25.306537852474463,4360.691200000001,2224.687658403557,100.0,11.20789457127575,0.0,2726.978487980406,0.0,0.0,2224.687658403557,0.0,0.1327195167541504,0.025890588760375977,0.5,0.010101010101010102,1553566.398632817,797833.7326961022,547.1599999999972,2067.5059088970065,0.4848484848484849,4.894940909363876,5.379789394212361
normal,362,92.56423086892364,24.338200623275842,4460.160581728886,2181.1827650114733,190.67738172888622,-32.29699882080833,4369.483200000001,2224.687658403557,100.0,11.20789457127575,0.0,2707.0506201616668,0.0,0.0,2224.687658403557,0.0,0.13564157485961914,0.025847673416137695,0.5,0.010101010101010102,1558026.5592145459,800014.9154611137,548.6799999999972,2072.885698291219,0.4848484848484849,4.894940909363876,5.379789394212361
normal,363,95.56795478238804,21.004913628161223,4431.758815157459,2249.244572615316,196.33161515745928,35.76480878303432,4335.4272,2224.687658403557,100.0,11.20789457127575,0.0,2713.13853528519,0.0,0.0,2224.687658403557,0.0,0.13383841514587402,0.023482322692871094,0.5,0.010101010101010098,1562458.3180297033,802264.160033729,550.1999999999972,2078.2654876854313,0.48484848484848475,4.894940909363876,5.37978939421236
normal,364,92.94072701963451,20.194287722626317,4439.2006420419175,2179.723218427333,188.94624204191697,-33.756545404948824,4350.254400000001,2224.687658403557,100.0,11.20789457127575,0.0,2711.8283660318834,0.0,0.0,2224.687658403557,0.0,0.12459778785705566,0.02017045021057129,0.5,0.010101010101010102,1566897.5186717452,804443.8832521564,551.7199999999972,2083.6452770796436,0.4848484848484849,4.894940909363876,5.379789394212361
normal,365,92.6628879384162,23.43589938025896,4468.6269093961655,2267.332432051849,196.31330939616475,54.69441906131862,4372.3136,2224.687658403557,100.0,12.04964541302659,0.0,2752.2246286991535,0.0,0.0,2224.687658403557,0.0,0.12506461143493652,0.020606517791748047,0.5,0.018518518518518517,1571366.1455811413,806711.2156842083,553.2399999999972,2089.429106877896,0.8888888888888888,4.894940909363876,5.783829798252764
ornstein-uhlenbeck,1,95.55813683562333,23.791233636978447,4468.423416407121,2087.9915175551873,196.15461640712087,-19.997313844419327,4372.268800000001,2125.077185017091,100.0,17.088353617484152,0.0,2722.4708670680325,0.0,40.52425576177192,1912.2056549646888,172.34727429063022,0.11957788467407227,0.015006542205810547,0.5,0.0072463768115942065,4468.423416407121,2087.9915175551873,1.52,8.202409736392394,0.3478260869565219,7.854583649435872,8.202409736392394
ornstein-uhlenbeck,2,82.08723996277698,22.38376505555918,4018.5486938179583,2095.4657353042576,181.95301381795673,-22.296513022655343,3936.5956800000017,2134.4071395961755,100.0,16.64489126926256,0.0,2449.340247418967,0.0,9.50341488134591,1916.3906694301018,208.5130552847278,0.15635943412780762,0.01899433135986328,0.5,0.0072463768115942065,8486.97211022508,4183.457252859445,3.04,16.19195754563842,0.3478260869565219,7.641721722289505,7.989547809246027
ornstein-uhlenbeck,3,81.77862283174728,19.27722629490675,4014.3203539155957,2074.7292982021677,172.69187391559478,-20.34204103383643,3941.6284800000008,2111.7162305052666,100.0,16.64489126926256,0.0,2450.64893135817,0.0,9.50341488134591,1893.6997603391924,208.5130552847278,0.1417858600616455,0.02525472640991211,0.5,0.0072463768115942065,12501.292464140675,6258.1865510616135,4.5600000000000005,24.181505354884447,0.3478260869565219,7.641721722289505,7.989547809246027
ornstein-uhlenbeck,4,89.42705178675055,22.94887910050355,4441.914507298265,2084.0414149211842,187.29050729826275,-23.947416478422557,4354.624000000002,2125.077185017091,100.0,17.088353617484152,0.0,2747.527681143102,0.0,40.52425576177192,1912.2056549646888,172.34727429063022,0.13254284858703613,0.01915264129638672,0.5,0.0072463768115942065,16943.20697143894,8342.227965982798,6.08,32.38391509127684,0.3478260869565219,7.854583649435872,8.202409736392394
ornstein-uhlenbeck,5,89.73922861852304,20.97342098605987,4447.3276383516195,2041.027211197927,189.90203835161861,-23.407161222926774,4357.4256000000005,2081.0554515242775,100.0,16.621079103423625,0.0,2713.495842892674,0.0,42.82811391482547,1883.6202814699866,154.60705613946573,0.12730121612548828,0.023791074752807617,0.5,0.0072463768115942065,21390.53460979056,10383.255177180725,7.6,40.36203306092018,0.3478260869565219,7.630291882686819,7.978117969643341
ornstein-uhlenbeck,6,88.19691199516744,22.08783812762239,4413.51824114875,2038.1044035748682,161.74544114875084,-20.097378237195052,4351.7728,2075.0227206132977,100.0,16.820938801234256,0.0,2713.3869551040875,0.0,40.52425576177192,1862.1511905608957,172.34727429063022,0.13495349884033203,0.010667085647583008,0.5,0.0072463768115942065,25804.05285093931,12421.359580755594,9.12,48.43608368551263,0.3478260869565219,7.726224537635922,8.074050624592443
ornstein-uhlenbeck,7,89.29004388564353,24.373765168004773,4449.124963023612,2037.4808801857375,192.26576302361144,-20.720901626326,4356.8592,2075.0227206132977,100.0,16.820938801234256,0.0,2722.5623052885962,0.0,40.52425576177192,1862.1511905608957,172.34727429063022,0.14258456230163574,0.024194002151489258,0.5,0.0072463768115942065,30253.177813962924,14458.840460941332,10.639999999999999,56.51013431010507,0.3478260869565219,7.726224537635922,8.074050624592443
ornstein-uhlenbeck,8,90.98888547132698,24.361042792644177,4456.616345884401,2093.910407865259,184.30274588440045,-20.311014143138333,4372.3136,2131.109915928071,100.0,16.88849391967352,0.0,2727.46456163418,0.0,42.82811391482547,1933.6747458737798,154.60705613946573,0.11842226982116699,0.016147851943969727,0.5,0.0072463768115942065,34709.794159847326,16552.75086880659,12.159999999999998,64.61661139154836,0.3478260869565219,7.75865099448677,8.106477081443291
ornstein-uhlenbeck,9,79.3093697011217,19.690341863265832,4005.912163950192,2098.654703468617,162.87680395019018,-19.107544858295984,3943.035360000001,2134.4071395961755,100.0,16.64489126926256,0.0,2465.249236174741,0.0,9.50341488134591,1916.3906694301018,208.5130552847278,0.11867380142211914,0.01714611053466797,0.5,0.0072463768115942065,38715.706323797516,18651.405572275205,13.679999999999998,72.6061592007944,0.3478260869565219,7.641721722289505,7.989547809246027
ornstein-uhlenbeck,10,80.47458712028997,20.492507965523867,4005.6590733347693,2104.3369303480176,160.10227333476772,-19.65790858768623,3945.556800000001,2140.439870507156,100.0,16.445031571451924,0.0,2461.0514007064776,0.0,11.807273034399463,1937.8597603391927,190.7728371335633,0.1301429271697998,0.014886140823364258,0.5,0.0072463768115942065,42721.365397132286,20755.742502623223,15.199999999999998,80.49977435509132,0.3478260869565219,7.545789067340402,7.893615154296923
ornstein-uhlenbeck,11,85.71444573567375,23.441018507847307,4433.948613768741,2097.895473921937,170.97261376873965,-16.32594808646033,4362.9760000000015,2131.109915928071,100.0,16.88849391967352,0.0,2736.6458440289275,0.0,42.82811391482547,1933.6747458737798,154.60705613946573,0.12016630172729492,0.025081157684326172,0.5,0.0072463768115942065,47155.31401090103,22853.63797654516,16.72,88.6062514365346,0.3478260869565219,7.75865099448677,8.106477081443291
ornstein-uhlenbeck,12,88.01024999731855,20.564409416886882,4436.870127414959,2037.181302450846,177.74212741495842,-21.020479361217614,4359.128000000001,2075.0227206132977,100.0,16.820938801234256,0.0,2729.731540981008,0.0,40.52425576177192,1862.1511905608957,172.34727429063022,0.1618027687072754,0.024622440338134766,0.5,0.0072463768115942065,51592.184138315984,24890.819278996005,18.24,96.68030206112705,0.3478260869565219,7.726224537635922,8.074050624592443
ornstein-uhlenbeck,13,86.59660289117387,22.350084450024116,4433.233227102513,2044.0101099392937,185.21082710251454,-20.424262481560035,4348.022399999999,2081.0554515242775,100.0,16.621079103423625,0.0,2714.7931864195407,0.0,42.82811391482547,1883.6202814699866,154.60705613946573,0.11818552017211914,0.02276468276977539,0.5,0.0072463768115942065,56025.4173654185,26934.829388935297,19.759999999999998,104.65842003077039,0.3478260869565219,7.630291882686819,7.978117969643341
ornstein-uhlenbeck,14,88.27578401602047,19.68353494201407,4438.772282836618,2076.8193539452254,178.11788283661747,-18.251985290778727,4360.6544,2111.7162305052666,100.0,16.64489126926256,0.0,2746.072077683613,0.0,9.50341488134591,1893.6997603391924,208.5130552847278,0.1252148151397705,0.010008096694946289,0.5,0.0072463768115942065,60464.18964825512,29011.648742880523,21.279999999999998,112.6479678400164,0.3478260869565219,7.641721722289505,7.989547809246027
ornstein-uhlenbeck,15,85.33888045225613,23.689810820613708,4441.041919550215,2048.2463418119505,186.8659195502159,-16.188030608903375,4354.1759999999995,2081.0554515242775,100.0,16.621079103423625,0.0,2715.1007012645896,0.0,42.82811391482547,1883.6202814699866,154.60705613946573,0.1401214599609375,0.01291036605834961,0.5,0.0072463768115942065,64905.231567805335,31059.895084692474,22.799999999999997,120.62608580965974,0.3478260869565219,7.630291882686819,7.978117969643341
ornstein-uhlenbeck,16,77.4565413339472,19.320176277694465,3996.409321924196,2077.368893449598,158.80564192419456,-17.702445786406,3937.6036800000015,2111.7162305052666,100.0,16.64489126926256,0.0,2445.2880055605037,0.0,9.50341488134591,1893.6997603391924,208.5130552847278,0.11366653442382812,0.024131298065185547,0.5,0.0072463768115942065,68901.64088972953,33137.26397814207,24.319999999999997,128.61563361890578,0.3478260869565219,7.641721722289505,7.989547809246027
ornstein-uhlenbeck,17,76.7688835292059,21.79433135686027,4013.532705097532,1939.4926364894545,167.45174509753096,-15.235435135697553,3946.080960000001,1969.8767135018777,100.0,15.148641876725613,0.0,2467.1170822531785,0.0,26.12208187024309,1839.2362646681302,104.51836696350419,0.13480567932128906,0.018146753311157227,0.5,0.0072463768115942065,72915.17359482707,35076.75661463153,25.839999999999996,135.88698171973408,0.3478260869565219,6.923522013871773,7.271348100828295
ornstein-uhlenbeck,18,87.06897422060221,22.364422236755967,4440.266734264047,2089.555842817953,179.6203342640452,-18.43298858165394,4360.646400000001,2125.077185017091,100.0,17.088353617484152,0.0,2753.7295436179625,0.0,40.52425576177192,1912.2056549646888,172.34727429063022,0.15595269203186035,0.02208733558654785,0.5,0.0072463768115942065,77355.44032909111,37166.31245744948,27.359999999999996,144.08939145612646,0.3478260869565219,7.854583649435872,8.202409736392394
ornstein-uhlenbeck,19,82.95392994050128,24.628405271333843,4439.723543829818,2097.15907736927,168.49314382981717,-17.642904423576233,4371.2304,2131.2470133642983,100.0,16.445031571451924,0.0,2736.1019786874936,0.0,11.807273034399463,1928.6669031963354,190.7728371335633,0.13322973251342773,0.022626399993896484,0.5,0.0072463768115942065,81795.16387292094,39263.47153481875,28.879999999999995,151.9830066104234,0.3478260869565219,7.545789067340402,7.893615154296923
ornstein-uhlenbeck,20,82.60020912336067,24.303778721802527,4409.176029033637,2049.5388208207523,172.67362903363758,-14.895551600101493,4336.502399999999,2081.0554515242775,100.0,16.621079103423625,0.0,2709.4873317109445,0.0,42.82811391482547,1883.6202814699866,154.60705613946573,0.15753507614135742,0.013892650604248047,0.5,0.0072463768115942065,86204.33990195458,41313.010355639504,30.399999999999995,159.96112458006672,0.3478260869565219,7.630291882686819,7.978117969643341
ornstein-uhlenbeck,21,81.20828187948342,24.558608323078438,4439.14884074687,2098.780627686572,183.40964074686855,-16.02135410627388,4355.739200000001,2131.2470133642983,100.0,16.445031571451924,0.0,2750.266735899527,0.0,11.807273034399463,1928.6669031963354,190.7728371335633,0.09510278701782227,0.019100189208984375,0.5,0.0072463768115942065,90643.48874270145,43411.79098332608,31.919999999999995,167.85473973436365,0.3478260869565219,7.545789067340402,7.893615154296923
ornstein-uhlenbeck,22,81.75441438053086,22.27701407274462,4437.527012557996,2106.133664850921,177.85341255799625,-17.86117408478273,4359.6736,2140.439870507156,100.0,16.445031571451924,0.0,2724.3262980625013,0.0,11.807273034399463,1937.8597603391927,190.7728371335633,0.11882781982421875,0.016526222229003906,0.5,0.0072463768115942065,95081.01575525945,45517.924648177,33.44,175.74835488866057,0.3478260869565219,7.545789067340402,7.893615154296923
ornstein-uhlenbeck,23,74.88631276670993,20.490975669468387,3990.892192372398,2108.2995625888775,147.37299237239665,-15.695276346826047,3943.519200000001,2140.439870507156,100.0,16.445031571451924,0.0,2479.7709164390844,0.0,11.807273034399463,1937.8597603391927,190.7728371335633,0.15044522285461426,0.019994020462036133,0.5,0.0072463768115942065,99071.90794763184,47626.22421076588,34.96,183.6419700429575,0.3478260869565219,7.545789067340402,7.893615154296923
ornstein-uhlenbeck,24,77.3107741976847,18.62351214774844,3999.8233093115086,2060.9030652705956,148.87514931150815,-17.404500937835003,3950.948160000001,2094.7525977798828,100.0,16.445031571451924,0.0,2483.8416764207477,0.0,11.807273034399463,1892.17248761192,190.7728371335633,0.12969446182250977,0.01202082633972168,0.5,0.0072463768115942065,103071.73125694336,49687.12727603648,36.480000000000004,191.53558519725442,0.3478260869565219,7.545789067340402,7.893615154296923
ornstein-uhlenbeck,25,81.87965777103982,20.88465198751037,4400.286685215913,2039.8061932915984,143.23068521591247,-18.395588520465218,4357.0560000000005,2075.0227206132977,100.0,16.820938801234256,0.0,2739.627359341195,0.0,40.52425576177192,1862.1511905608957,172.34727429063022,0.15738177299499512,0.011289596557617188,0.5,0.0072463768115942065,107472.01794215926,51726.933469328076,38.00000000000001,199.60963582184687,0.3478260869565219,7.726224537635922,8.074050624592443
ornstein-uhlenbeck,26,83.3302640329544,23.28421500187989,4454.827003609717,2043.5419719168863,197.93900360971708,-20.892400503967625,4356.888,2081.0554515242775,100.0,16.621079103423625,0.0,2746.521151318274,0.0,42.82811391482547,1883.6202814699866,154.60705613946573,0.1187736988067627,0.010996103286743164,0.5,0.0072463768115942065,111926.84494576899,53770.47544124496,39.52000000000001,207.5877537914902,0.3478260869565219,7.630291882686819,7.978117969643341
ornstein-uhlenbeck,27,80.10644267253019,19.31128588010697,4404.031714628598,2100.4460356906675,160.95651462859814,-17.316212636245584,4343.075199999999,2134.4071395961755,100.0,16.64489126926256,0.0,2719.0135636561126,0.0,9.50341488134591,1916.3906694301018,208.5130552847278,0.12353754043579102,0.01952981948852539,0.5,0.0072463768115942065,116330.87666039758,55870.92147693563,41.04000000000001,215.57730160073623,0.3478260869565219,7.641721722289505,7.989547809246027
ornstein-uhlenbeck,28,82.07959905318405,21.04151608383958,4431.3195954156845,2107.719144197347,179.94519541568405,-16.275694738356844,4351.374400000001,2140.439870507156,100.0,16.445031571451924,0.0,2709.179916073888,0.0,11.807273034399463,1937.8597603391927,190.7728371335633,0.12909483909606934,0.026020050048828125,0.5,0.0072463768115942065,120762.19625581327,57978.64062113298,42.56000000000002,223.47091675503316,0.3478260869565219,7.545789067340402,7.893615154296923
ornstein-uhlenbeck,29,83.70659262692932,22.531073020721543,4449.119656209313,2044.021214469874,182.84125620931303,-20.413157950979716,4366.2784,2081.0554515242775,100.0,16.621079103423625,0.0,2720.682858151709,0.0,42.82811391482547,1883.6202814699866,154.60705613946573,0.13259100914001465,0.01629805564880371,0.5,0.0072463768115942065,125211.31591202258,60022.661835602856,44.08000000000002,231.4490347246765,0.3478260869565219,7.630291882686819,7.978117969643341
ornstein-uhlenbeck,30,73.7763487645965,18.94935556760742,3981.998343448219,1938.0801681109792,144.2909834482178,-16.647903514172945,3937.7073600000012,1969.8767135018777,100.0,15.148641876725613,0.0,2448.7744565690045,0.0,26.12208187024309,1839.2362646681302,104.51836696350419,0.12047719955444336,0.012009859085083008,0.5,0.0072463768115942065,129193.31425547079,61960.742003713836,45.60000000000002,238.7203828255048,0.3478260869565219,6.923522013871773,7.271348100828295
ornstein-uhlenbeck,31,72.39121688885952,19.74335432583654,3991.8902974363186,2193.449798724876,146.22981743631775,-20.02996510740555,3945.660480000001,2224.687658403557,100.0,11.20789457127575,0.0,2474.1844259259237,0.0,0.0,2224.687658403557,0.0,0.13066768646240234,0.02462935447692871,0.5,0.010101010101010102,133185.20455290712,64154.19180243871,47.120000000000026,244.10017221971717,0.4848484848484849,4.894940909363876,5.379789394212361
ornstein-uhlenbeck,32,79.09036226736328,20.761757764227557,4401.848295858226,2195.936217386132,135.74909585822468,-17.54354644614962,4366.0992000000015,2224.687658403557,100.0,11.20789457127575,0.0,2729.5550956960083,0.0,0.0,2224.687658403557,0.0,0.1319279670715332,0.025994300842285156,0.5,0.010101010101010102,137587.05284876534,66350.12801982484,48.64000000000003,249.47996161392953,0.4848484848484849,4.894940909363876,5.379789394212361
ornstein-uhlenbeck,33,80.44200357265336,18.916508938148386,4407.719849302875,2187.0244901695364,135.29904930287552,-26.455273662745025,4372.4208,2224.687658403557,100.0,11.20789457127575,0.0,2736.221000279557,0.0,0.0,2224.687658403557,0.0,0.13709402084350586,0.021535396575927734,0.5,0.010101010101010102,141994.7726980682,68537.15250999438,50.16000000000003,254.8597510081419,0.4848484848484849,4.894940909363876,5.379789394212361
ornstein-uhlenbeck,34,76.79502470260041,23.090152196691232,4396.353006030671,2194.5940751755365,145.1178060306707,-18.885688656744875,4351.2352,2224.687658403557,100.0,11.20789457127575,0.0,2723.9394857764787,0.0,0.0,2224.687658403557,0.0,0.1406242847442627,0.010006904602050781,0.5,0.010101010101010102,146391.12570409887,70731.74658516992,51.680000000000035,260.23954040235424,0.4848484848484849,4.894940909363876,5.379789394212361
ornstein-uhlenbeck,35,76.93722414252143,23.577329717726155,4411.331222377802,2188.523192079751,164.82722237780106,-24.95657175253076,4346.504000000001,2224.687658403557,100.0,11.20789457127575,0.0,2724.850397100434,0.0,0.0,2224.687658403557,0.0,0.12921977043151855,0.01599407196044922,0.5,0.010101010101010102,150802.45692647668,72920.26977724968,53.20000000000004,265.6193297965666,0.4848484848484849,4.894940909363876,5.379789394212361
ornstein-uhlenbeck,36,80.6226085820366,25.621006145545955,4433.4387627565475,2185.2279975921606,167.7427627565478,-28.251766240120862,4365.696,2224.687658403557,100.0,11.20789457127575,0.0,2730.4812639549787,0.0,0.0,2224.687658403557,0.0,0.15308904647827148,0.023525238037109375,0.5,0.010101010101010102,155235.89568923324,75105.49777484183,54.72000000000004,270.99911919077897,0.4848484848484849,4.894940909363876,5.379789394212361
ornstein-uhlenbeck,37,73.1835630921488,22.137080563586576,3999.6644571057313,2191.1199356709894,156.66941710573036,-22.359828161291993,3942.995040000001,2224.687658403557,100.0,11.20789457127575,0.0,2459.054043814461,0.0,0.0,2224.687658403557,0.0,0.12205004692077637,0.02099752426147461,0.5,0.010101010101010102,159235.56014633898,77296.61771051282,56.240000000000045,276.37890858499134,0.4848484848484849,4.894940909363876,5.379789394212361
ornstein-uhlenbeck,38,71.63476970112283,21.4937009600007,3993.1276293007086,2192.0822666938298,154.0393093007075,-21.39749713845163,3939.088320000001,2224.687658403557,100.0,11.20789457127575,0.0,2456.7125852799145,0.0,0.0,2224.687658403557,0.0,0.12911057472229004,0.009503602981567383,0.5,0.010101010101010102,163228.68777563967,79488.69997720665,57.76000000000005,281.7586979792037,0.4848484848484849,4.894940909363876,5.379789394212361
ornstein-uhlenbeck,39,78.01423744943293,26.891969586901624,4417.9010505087135,2190.787089413035,166.48985050871346,-22.692674419246295,4351.4112000000005,2224.687658403557,100.0,11.20789457127575,0.0,2729.0799453159907,0.0,0.0,2224.687658403557,0.0,0.11969304084777832,0.017994403839111328,0.5,0.010101010101010102,167646.5888261484,81679.48706661968,59.28000000000005,287.13848737341607,0.4848484848484849,4.894940909363876,5.379789394212361
ornstein-uhlenbeck,40,74.37527489759269,21.80102026918698,4434.326476223525,2188.8930052781266,163.6784762235243,-24.586758554155082,4370.648,2224.687658403557,100.0,11.20789457127575,0.0,2735.729905042975,0.0,0.0,2224.687658403557,0.0,0.11204218864440918,0.02489638328552246,0.5,0.010101010101010102,172080.91530237193,83868.3800718978,60.800000000000054,292.51827676762844,0.4848484848484849,4.894940909363876,5.379789394212361
ornstein-uhlenbeck,41,73.08664293528388,22.597400470580162,4417.65566523175,2192.7864014013903,169.58846523175075,-20.693362430891163,4348.0671999999995,2224.687658403557,100.0,11.20789457127575,0.0,2704.700266979143,0.0,0.0,2224.687658403557,0.0,0.1289808750152588,0.022168397903442383,0.5,0.010101010101010102,176498.57096760368,86061.16647329919,62.32000000000006,297.8980661618408,0.4848484848484849,4.894940909363876,5.379789394212361
ornstein-uhlenbeck,42,77.52909227231953,20.03173828976841,4423.702678151,2190.870695373456,159.68827815100005,-22.609068458825824,4364.0144,2224.687658403557,100.0,11.20789457127575,0.0,2740.7189825289865,0.0,0.0,2224.687658403557,0.0,0.21876096725463867,0.0139923095703125,0.5,0.010101010101010102,180922.27364575467,88252.03716867264,63.84000000000006,303.27785555605317,0.4848484848484849,4.894940909363876,5.379789394212361
ornstein-uhlenbeck,43,72.7159364493449,18.249691143969706,4415.991180324085,2188.4849671383918,149.71278032408452,-24.994796693889924,4366.2784,2224.687658403557,100.0,11.20789457127575,0.0,2713.139008745389,0.0,0.0,2224.687658403557,0.0,0.12587809562683105,0.01851487159729004,0.5,0.010101010101010102,185338.26482607875,90440.52213581103,65.36000000000006,308.65764495026554,0.4848484848484849,4.894940909363876,5.379789394212361
ornstein-uhlenbeck,44,69.26482972250261,20.280163225806913,3974.298239819807,2192.5818563078324,141.14703981980637,-20.897907524449124,3933.1512000000007,2224.687658403557,100.0,11.20789457127575,0.0,2457.6214105801423,0.0,0.0,2224.687658403557,0.0,0.13750481605529785,0.025046825408935547,0.5,0.010101010101010102,189312.56306589855,92633.10399211886,66.88000000000005,314.0374343444779,0.4848484848484849,4.894940909363876,5.379789394212361
ornstein-uhlenbeck,45,69.51270231332946,23.193321244799492,3998.8262802883473,2194.510282032375,153.22916028834646,-18.969481799906383,3945.597120000001,2224.687658403557,100.0,11.20789457127575,0.0,2479.0731870974287,0.0,0.0,2224.687658403557,0.0,0.13904476165771484,0.016103744506835938,0.5,0.010101010101010102,193311.3893461869,94827.61427415124,68.40000000000005,319.41722373869027,0.4848484848484849,4.894940909363876,5.379789394212361
ornstein-uhlenbeck,46,75.90164725314445,22.09088543726733,4415.696180859903,2192.914547052582,155.04978085990123,-20.565216779699647,4360.646400000001,2224.687658403557,100.0,11.20789457127575,0.0,2719.286931105904,0.0,0.0,2224.687658403557,0.0,0.14289188385009766,0.021005868911743164,0.5,0.010101010101010102,197727.0855270468,97020.52882120383,69.92000000000004,324.79701313290263,0.4848484848484849,4.894940909363876,5.379789394212361
ornstein-uhlenbeck,47,74.23952435413854,22.5146155849436,4434.151797745818,2192.458777946782,164.66859774581707,-21.020985885499734,4369.483200000001,2224.687658403557,100.0,11.20789457127575,0.0,2730.3819873219263,0.0,0.0,2224.687658403557,0.0,0.18726563453674316,0.017005205154418945,0.5,0.010101010101010102,202161.2373247926,99212.98759915061,71.44000000000004,330.176802527115,0.4848484848484849,4.894940909363876,5.379789394212361
ornstein-uhlenbeck,48,76.58206955392593,21.67741093378266,4397.829392555751,2199.502693956108,150.88219255575208,-13.977069876173486,4346.947199999999,2224.687658403557,100.0,11.20789457127575,0.0,2726.6157765866815,0.0,0.0,2224.687658403557,0.0,0.1444559097290039,0.020994901657104492,0.5,0.010101010101010102,206559.06671734835,101412.49029310672,72.96000000000004,335.55659192132737,0.4848484848484849,4.894940909363876,5.379789394212361
ornstein-uhlenbeck,49,71.09059662312639,24.119963025893714,4408.1177843272335,2190.861766400226,152.9161843272329,-22.61799743205559,4355.2016,2224.687658403557,100.0,11.20789457127575,0.0,2735.4837568598623,0.0,0.0,2224.687658403557,0.0,0.13938641548156738,0.01801896095275879,0.5,0.010101010101010102,210967.1845016756,103603.35205950694,74.48000000000003,340.93638131553973,0.4848484848484849,4.894940909363876,5.379789394212361
ornstein-uhlenbeck,50,73.9395542371823,22.16245150500325,4424.818227037134,2192.9129922269194,170.01502703713436,-20.566771605362,4354.8032,2224.687658403557,100.0,11.20789457127575,0.0,2697.36364990291,0.0,0.0,2224.687658403557,0.0,0.12007260322570801,0.012011289596557617,0.5,0.010101010101010102,215392.00272871275,105796.26505173386,76.00000000000003,346.3161707097521,0.4848484848484849,4.894940909363876,5.379789394212361
ornstein-uhlenbeck,51,63.755396401225774,21.522120325535244,3979.6169971750037,2192.838640331363,147.95763717500205,-20.641123500918468,3931.6593600000015,2224.687658403557,100.0,11.20789457127575,0.0,2460.2822426051116,0.0,0.0,2224.687658403557,0.0,0.11156535148620605,0.011998653411865234,0.5,0.010101010101010102,219371.61972588775,107989.10369206523,77.52000000000002,351.69596010396447,0.4848484848484849,4.894940909363876,5.379789394212361
ornstein-uhlenbeck,52,64.28181342087605,22.696410622417417,3985.861658754417,2196.9384476567902,141.31285875441603,-16.541316175491314,3944.548800000001,2224.687658403557,100.0,11.20789457127575,0.0,2483.3920759385505,0.0,0.0,2224.687658403557,0.0,0.10995149612426758,0.010517120361328125,0.5,0.010101010101010102,223357.48138464216,110186.04213972202,79.04000000000002,357.07574949817683,0.4848484848484849,4.894940909363876,5.379789394212361
ornstein-uhlenbeck,53,71.04117573884541,24.46719986841848,4419.992935223797,2188.484102392338,158.1817352237959,-24.995661439943426,4361.811200000001,2224.687658403557,100.0,11.20789457127575,0.0,2739.063301923868,0.0,0.0,2224.687658403557,0.0,0.1253337860107422,0.016993284225463867,0.5,0.010101010101010102,227777.47431986596,112374.52624211436,80.56000000000002,362.4555388923892,0.4848484848484849,4.894940909363876,5.379789394212361
ornstein-uhlenbeck,54,69.44477701234001,22.232348002433984,4423.858923831715,2193.960352661348,147.7581238317153,-19.519411170933555,4376.1008,2224.687658403557,100.0,11.20789457127575,0.0,2755.5599367211425,0.0,0.0,2224.687658403557,0.0,0.14075255393981934,0.018512964248657227,0.5,0.010101010101010102,232201.33324369768,114568.4865947757,82.08000000000001,367.83532828660157,0.4848484848484849,4.894940909363876,5.379789394212361
ornstein-uhlenbeck,55,71.84536135709374,21.70627799095501,4389.632777421248,2197.5270916062896,153.6231774212476,-15.952672225992146,4336.0096,2224.687658403557,100.0,11.20789457127575,0.0,2704.309695194441,0.0,0.0,2224.687658403557,0.0,0.09867572784423828,0.00900578498840332,0.5,0.010101010101010102,236590.96602111892,116766.013686382,83.60000000000001,373.21511768081393,0.4848484848484849,4.894940909363876,5.379789394212361
ornstein-uhlenbeck,56,71.27336299891819,24.95055733285317,4423.15605220231,2196.7497237316593,166.25205220230933,-16.7300401006222,4356.904,2224.687658403557,100.0,11.20789457127575,0.0,2716.3033721996007,0.0,0.0,2224.687658403557,0.0,0.10007882118225098,0.013997077941894531,0.5,0.010101010101010102,241014.12207332122,118962.76341011365,85.12,378.5949070750263,0.4848484848484849,4.894940909363876,5.379789394212361
ornstein-uhlenbeck,57,70.05178991127536,23.20889173777168,4413.898906947435,2192.754341694552,158.55810694743428,-20.72542213772962,4355.3408,2224.687658403557,100.0,11.20789457127575,0.0,2726.158236458129,0.0,0.0,2224.687658403557,0.0,0.12611865997314453,0.021994829177856445,0.5,0.010101010101010102,245428.02098026866,121155.5177518082,86.64,383.97469646923867,0.4848484848484849,4.894940909363876,5.379789394212361
ornstein-uhlenbeck,58,62.44732074350557,21.178799008191984,3978.7594562028225,2246.039430691449,140.6316162028211,33.40141770091836,3938.1278400000015,2224.687658403557,100.0,12.04964541302659,0.0,2501.3753933843777,0.0,0.0,2224.687658403557,0.0,0.13916468620300293,0.02351665496826172,0.5,0.018518518518518517,249406.78043647148,123401.55718249966,88.16,389.75852626749145,0.8888888888888888,4.894940909363876,5.783829798252764
ornstein-uhlenbeck,59,64.38902929786,18.825309288956277,3966.2618058885273,2250.6517684034693,123.24516588852643,38.01375541293871,3943.0166400000007,2224.687658403557,100.0,12.04964541302659,0.0,2458.656347834585,0.0,0.0,2224.687658403557,0.0,0.13865876197814941,0.015177011489868164,0.5,0.018518518518518517,253373.04224236,125652.20895090312,89.67999999999999,395.54235606574423,0.8888888888888888,4.894940909363876,5.783829798252764
ornstein-uhlenbeck,60,65.40638309779442,24.067124508893922,4403.747253933497,2195.046531005387,141.35365393349576,-18.433232826894614,4362.393600000001,2224.687658403557,100.0,11.20789457127575,0.0,2747.555689242004,0.0,0.0,2224.687658403557,0.0,0.11821460723876953,0.00992727279663086,0.5,0.010101010101010102,257776.7894962935,127847.2554819085,91.19999999999999,400.9221454599566,0.4848484848484849,4.894940909363876,5.379789394212361
ornstein-uhlenbeck,61,68.063645224713,19.91036216054047,4406.757808776863,2193.8090415372303,148.21220877686332,-19.67072229505144,4358.5456,2224.687658403557,100.0,11.20789457127575,0.0,2733.427564607646,0.0,0.0,2224.687658403557,0.0,0.1302931308746338,0.0189974308013916,0.5,0.010101010101010102,262183.54730507033,130041.06452344573,92.71999999999998,406.30193485416896,0.4848484848484849,4.894940909363876,5.379789394212361
ornstein-uhlenbeck,62,69.01342000636863,24.005533598879154,4404.876487556223,2196.763113835868,162.33888755622317,-16.716649996413675,4342.5376,2224.687658403557,100.0,11.20789457127575,0.0,2730.0058419864536,0.0,0.0,2224.687658403557,0.0,0.12361907958984375,0.013001441955566406,0.5,0.010101010101010102,266588.42379262653,132237.8276372816,94.23999999999998,411.68172424838133,0.4848484848484849,4.894940909363876,5.379789394212361
ornstein-uhlenbeck,63,68.02294997720396,23.40484375621865,4410.001265250296,2200.5960778746967,159.16446525029565,-12.883685957584925,4350.8368,2224.687658403557,100.0,11.20789457127575,0.0,2716.6051371462013,0.0,0.0,2224.687658403557,0.0,0.1171724796295166,0.016006946563720703,0.5,0.010101010101010102,270998.42505787686,134438.4237151563,95.75999999999998,417.0615136425937,0.4848484848484849,4.894940909363876,5.379789394212361
ornstein-uhlenbeck,64,66.02231015891157,24.89119038924703,4427.629171675303,2196.679834300733,155.36037167530236,-16.799929531548717,4372.268800000001,2224.687658403557,100.0,11.20789457127575,0.0,2725.736146322634,0.0,0.0,2224.687658403557,0.0,0.12738800048828125,0.01031637191772461,0.5,0.010101010101010102,275426.05422955216,136635.10354945704,97.27999999999997,422.44130303680606,0.4848484848484849,4.894940909363876,5.379789394212361
ornstein-uhlenbeck,65,62.938945943814396,22.233144425912847,3979.889946070627,2200.533073229927,136.37074607062596,-12.946690602354687,3943.519200000001,2224.687658403557,100.0,11.20789457127575,0.0,2474.5264776032855,0.0,0.0,2224.687658403557,0.0,0.11941170692443848,0.024538040161132812,0.5,0.010101010101010102,279405.9441756228,138835.63662268696,98.79999999999997,427.8210924310184,0.4848484848484849,4.894940909363876,5.379789394212361
ornstein-uhlenbeck,66,60.31213214309662,21.465166791040055,3980.99280857528,2250.543093002603,129.52048857527862,37.905080012072695,3951.472320000001,2224.687658403557,100.0,12.04964541302659,0.0,2481.7041782284514,0.0,0.0,2224.687658403557,0.0,0.1265244483947754,0.02421092987060547,0.5,0.018518518518518517,283386.93698419805,141086.17971568956,100.31999999999996,433.6049222292712,0.8888888888888888,4.894940909363876,5.783829798252764
ornstein-uhlenbeck,67,65.77484510939998,22.445162648946045,4405.184903456245,2196.7243918879194,143.32890345624386,-16.75537194436227,4361.856000000001,2224.687658403557,100.0,11.20789457127575,0.0,2721.39120931567,0.0,0.0,2224.687658403557,0.0,0.11959099769592285,0.021096467971801758,0.5,0.010101010101010102,287792.1218876543,143282.9041075775,101.83999999999996,438.9847116234836,0.4848484848484849,4.894940909363876,5.379789394212361
ornstein-uhlenbeck,68,67.10954927507268,21.693751947045982,4419.72644742901,2192.7866365452783,162.883247429009,-20.693127287003154,4356.8432,2224.687658403557,100.0,11.20789457127575,0.0,2717.638842791679,0.0,0.0,2224.687658403557,0.0,0.3484988212585449,0.020213842391967773,0.5,0.010101010101010102,292211.8483350833,145475.69074412275,103.35999999999996,444.36450101769594,0.4848484848484849,4.894940909363876,5.379789394212361
ornstein-uhlenbeck,69,64.06529014238073,21.988337052490582,4383.581633615125,2202.498099862417,142.70163361512567,-10.981663969864538,4340.879999999999,2224.687658403557,100.0,11.20789457127575,0.0,2725.6386129454977,0.0,0.0,2224.687658403557,0.0,0.1555194854736328,0.0189974308013916,0.5,0.010101010101010102,296595.4299686984,147678.18884398518,104.87999999999995,449.7442904119083,0.4848484848484849,4.894940909363876,5.379789394212361
ornstein-uhlenbeck,70,66.31330141728326,22.87025498453884,4392.776180074505,2191.4184650467723,146.27218007450392,-22.061298785509155,4346.504000000001,2224.687658403557,100.0,11.20789457127575,0.0,2711.930884798016,0.0,0.0,2224.687658403557,0.0,0.12156891822814941,0.015532970428466797,0.5,0.010101010101010102,300988.2061487729,149869.60730903194,106.39999999999995,455.1240798061207,0.4848484848484849,4.894940909363876,5.379789394212361
ornstein-uhlenbeck,71,67.2174341679452,19.82075507354983,4405.730014518888,2195.4426210388137,134.53641451888754,-18.037142793467666,4371.1936000000005,2224.687658403557,100.0,11.20789457127575,0.0,2747.985450077562,0.0,0.0,2224.687658403557,0.0,0.1742877960205078,0.017513036727905273,0.5,0.010101010101010102,305393.9361632918,152065.04993007076,107.91999999999994,460.50386920033304,0.4848484848484849,4.894940909363876,5.379789394212361
ornstein-uhlenbeck,72,58.16194922361857,19.955626252156197,3971.7317802863395,2200.10015174173,106.15178028633814,-13.379612090551754,3965.5800000000013,2224.687658403557,100.0,11.20789457127575,0.0,2487.7461937387957,0.0,0.0,2224.687658403557,0.0,0.11734533309936523,0.02398991584777832,0.5,0.010101010101010102,309365.66794357816,154265.1500818125,108.91999999999994,465.8836585945454,0.4848484848484849,4.894940909363876,5.379789394212361
ornstein-uhlenbeck,73,55.062300670365424,21.25843907517822,3966.5939885687358,2202.2613416958775,124.96550856873495,-11.218422136403904,3941.6284800000008,2224.687658403557,100.0,11.20789457127575,0.0,2461.103513799186,0.0,0.0,2224.687658403557,0.0,0.16975164413452148,0.025416851043701172,0.5,0.010101010101010102,313332.2619321469,156467.41142350837,110.43999999999994,471.2634479887578,0.4848484848484849,4.894940909363876,5.379789394212361
ornstein-uhlenbeck,74,64.48514502937071,23.121770037214326,4396.509448234163,2196.883404524476,135.86304823416185,-16.596359307805496,4360.646400000001,2224.687658403557,100.0,11.20789457127575,0.0,2736.0271986481184,0.0,0.0,2224.687658403557,0.0,0.12384986877441406,0.02425980567932129,0.5,0.010101010101010102,317728.7713803811,158664.29482803284,111.95999999999994,476.64323738297014,0.4848484848484849,4.894940909363876,5.379789394212361
ornstein-uhlenbeck,75,63.71693699619069,20.161137171281872,4418.193125310496,2202.4818969368885,147.54512531049573,-10.997866895393043,4370.648,2224.687658403557,100.0,11.20789457127575,0.0,2724.26761454228,0.0,0.0,2224.687658403557,0.0,0.13968849182128906,0.015540838241577148,0.5,0.010101010101010102,322146.96450569155,160866.77672496974,113.47999999999993,482.0230267771825,0.4848484848484849,4.894940909363876,5.379789394212361
ornstein-uhlenbeck,76,63.51638972813557,21.708189730232622,4386.6898631719305,2193.2076222015835,136.92026317193086,-20.272141630698243,4349.7696,2224.687658403557,100.0,11.20789457127575,0.0,2716.815054851103,0.0,0.0,2224.687658403557,0.0,0.17839860916137695,0.017946243286132812,0.5,0.010101010101010102,326533.6543688635,163059.98434717132,114.99999999999993,487.4028161713949,0.4848484848484849,4.894940909363876,5.379789394212361
ornstein-uhlenbeck,77,60.61197806109228,22.225340118528493,4397.551918284214,2199.580662220389,147.87991828421352,-13.899101611892617,4349.6720000000005,2224.687658403557,100.0,11.20789457127575,0.0,2723.5914172195644,0.0,0.0,2224.687658403557,0.0,0.12502837181091309,0.025346040725708008,0.5,0.010101010101010102,330931.2062871477,165259.56500939172,116.51999999999992,492.78260556560724,0.4848484848484849,4.894940909363876,5.379789394212361
ornstein-uhlenbeck,78,64.5585908360077,25.661627247224295,4418.181364967094,2199.4020601330717,160.79256496709425,-14.077703699210003,4357.3888,2224.687658403557,100.0,11.20789457127575,0.0,2728.9522175494503,0.0,0.0,2224.687658403557,0.0,0.1308598518371582,0.02408766746520996,0.5,0.010101010101010102,335349.3876521148,167458.9670695248,118.03999999999992,498.1623949598196,0.4848484848484849,4.894940909363876,5.379789394212361
ornstein-uhlenbeck,79,55.91879099028677,20.70246656196347,3966.571637944062,2236.9860953347693,123.0524379440609,24.3480823442387,3943.519200000001,2224.687658403557,100.0,12.04964541302659,0.0,2465.515415377306,0.0,0.0,2224.687658403557,0.0,0.22244668006896973,0.020093917846679688,0.5,0.018518518518518517,339315.9592900589,169695.9531648596,119.55999999999992,503.9462247580724,0.8888888888888888,4.894940909363876,5.783829798252764
ornstein-uhlenbeck,80,53.59622975902753,22.13180284560607,3967.675475421305,2236.2329401235097,123.12667542130377,23.594927132979365,3944.548800000001,2224.687658403557,100.0,12.04964541302659,0.0,2468.1861647137466,0.0,0.0,2224.687658403557,0.0,0.11655354499816895,0.01612234115600586,0.5,0.018518518518518517,343283.6347654802,171932.1861049831,121.07999999999991,509.7300545563252,0.8888888888888888,4.894940909363876,5.783829798252764
ornstein-uhlenbeck,81,58.978915413409766,21.21855728164276,4382.300963809204,2240.1489801432895,116.20176380920273,27.510967152758962,4366.0992000000015,2224.687658403557,100.0,12.04964541302659,0.0,2726.8632939201816,0.0,0.0,2224.687658403557,0.0,0.11397123336791992,0.010088443756103516,0.5,0.018518518518518517,347665.93572928937,174172.33508512637,122.59999999999991,515.513884354578,0.8888888888888888,4.894940909363876,5.783829798252764
ornstein-uhlenbeck,82,58.437271008625736,21.07338366419708,4397.901086226829,2239.771202195384,126.08828622682894,27.133189204853146,4371.8128,2224.687658403557,100.0,12.04964541302659,0.0,2732.978780900039,0.0,0.0,2224.687658403557,0.0,0.1249396800994873,0.025845050811767578,0.5,0.018518518518518517,352063.8368155162,176412.10628732175,124.1199999999999,521.2977141528307,0.8888888888888888,4.894940909363876,5.783829798252764
ornstein-uhlenbeck,83,62.14461809897603,25.177474658997905,4401.440079486548,2196.6162557484195,147.9200794865488,-16.863508083862104,4353.519999999999,2224.687658403557,100.0,11.20789457127575,0.0,2714.590843448909,0.0,0.0,2224.687658403557,0.0,0.18005084991455078,0.019909143447875977,0.5,0.010101010101010102,356465.2768950027,178608.72254307015,125.6399999999999,526.6775035470431,0.4848484848484849,4.894940909363876,5.379789394212361
ornstein-uhlenbeck,84,62.22046488779629,23.09744081791274,4397.61584093257,2199.9850250734457,141.2942409325699,-13.494738758835972,4356.3216,2224.687658403557,100.0,11.20789457127575,0.0,2720.071326707609,0.0,0.0,2224.687658403557,0.0,0.12829256057739258,0.019991636276245117,0.5,0.010101010101010102,360862.8927359353,180808.7075681436,127.1599999999999,532.0572929412555,0.4848484848484849,4.894940909363876,5.379789394212361
ornstein-uhlenbeck,85,59.660714619294026,24.33958557165145,4389.922639052634,2197.875900627209,124.22663905263354,-15.603863205072715,4365.696,2224.687658403557,100.0,11.20789457127575,0.0,2739.6095706243846,0.0,0.0,2224.687658403557,0.0,0.13832354545593262,0.018657207489013672,0.5,0.010101010101010102,365252.8153749879,183006.5834687708,128.6799999999999,537.4370823354678,0.4848484848484849,4.894940909363876,5.379789394212361
ornstein-uhlenbeck,86,56.574924098125685,18.55812961047008,3968.676491718546,2233.114425177518,131.59697171854492,20.47641218698775,3937.079520000001,2224.687658403557,100.0,12.04964541302659,0.0,2450.7972170700955,0.0,0.0,2224.687658403557,0.0,0.11754369735717773,0.025135278701782227,0.5,0.018518518518518517,369221.49186670646,185239.69789394832,130.1999999999999,543.2209121337206,0.8888888888888888,4.894940909363876,5.783829798252764
ornstein-uhlenbeck,87,53.59190945695809,19.99580201335803,3969.3873969923875,2237.6062928516812,117.91507699238622,24.96827986115063,3951.472320000001,2224.687658403557,100.0,12.04964541302659,0.0,2468.221637767719,0.0,0.0,2224.687658403557,0.0,0.13024330139160156,0.015898704528808594,0.5,0.018518518518518517,373190.8792636988,187477.3041868,131.7199999999999,549.0047419319734,0.8888888888888888,4.894940909363876,5.783829798252764
ornstein-uhlenbeck,88,60.04684230407816,22.953308354569437,4394.060709838784,2205.1395006436705,136.07670983878194,-8.340263188611255,4357.984000000001,2224.687658403557,100.0,11.20789457127575,0.0,2727.0930871642313,0.0,0.0,2224.687658403557,0.0,0.09015631675720215,0.017596960067749023,0.5,0.010101010101010102,377584.9399735376,189682.44368744368,133.23999999999992,554.3845313261858,0.4848484848484849,4.894940909363876,5.379789394212361
ornstein-uhlenbeck,89,60.14195686276033,24.29566299336134,4410.625646062652,2246.0168781921566,153.20004606265184,33.37886520162597,4357.4256000000005,2224.687658403557,100.0,12.04964541302659,0.0,2723.5273901759188,0.0,0.0,2224.687658403557,0.0,0.1254737377166748,0.020114898681640625,0.5,0.018518518518518517,381995.56561960024,191928.46056563585,134.75999999999993,560.1683611244385,0.8888888888888888,4.894940909363876,5.783829798252764
ornstein-uhlenbeck,90,61.35026660835263,23.245678851953112,4377.596122356413,2198.0809073458513,135.640922356413,-15.39885648643028,4341.955199999999,2224.687658403557,100.0,11.20789457127575,0.0,2686.103116047835,0.0,0.0,2224.687658403557,0.0,0.13382840156555176,0.021366357803344727,0.5,0.010101010101010102,386373.16174195666,194126.54147298168,136.27999999999994,565.5481505186509,0.4848484848484849,4.894940909363876,5.379789394212361
ornstein-uhlenbeck,91,59.8737660921748,20.856730187786074,4386.780164713702,2195.7549436302697,123.30336471370148,-17.724820202011916,4363.4768,2224.687658403557,100.0,11.20789457127575,0.0,2720.801765824552,0.0,0.0,2224.687658403557,0.0,0.1495990753173828,0.011041641235351562,0.5,0.010101010101010102,390759.94190667034,196322.29641661196,137.79999999999995,570.9279399128633,0.4848484848484849,4.894940909363876,5.379789394212361
ornstein-uhlenbeck,92,58.994710139004816,21.28998201776202,4394.704764789643,2199.8675163552007,124.63116478964332,-13.612247477080714,4370.0736,2224.687658403557,100.0,11.20789457127575,0.0,2732.8996526012224,0.0,0.0,2224.687658403557,0.0,0.12379336357116699,0.015007734298706055,0.5,0.010101010101010102,395154.64667146,198522.16393296717,139.31999999999996,576.3077293070756,0.4848484848484849,4.894940909363876,5.379789394212361
ornstein-uhlenbeck,93,53.63280233752471,18.894109406430882,3943.1960000000013,2245.0556121005175,0.0,32.41759910998688,4043.1960000000013,2224.687658403557,100.0,12.04964541302659,0.0,2545.9532463123046,0.0,0.0,2224.687658403557,0.0,0.10472607612609863,0.02182793617248535,0.5,0.018518518518518517,399097.84267146,200767.2195450677,139.31999999999996,582.0915591053284,0.8888888888888888,4.894940909363876,5.783829798252764
ornstein-uhlenbeck,94,51.70400100311114,22.443635858732016,3971.726203135286,2239.1950848348934,123.31820313528561,26.557071844362873,3948.4080000000004,2224.687658403557,100.0,12.04964541302659,0.0,2465.9439699804893,0.0,0.0,2224.687658403557,0.0,0.12442469596862793,0.02452993392944336,0.5,0.018518518518518517,403069.5688745953,203006.41462990257,140.83999999999997,587.8753889035812,0.8888888888888888,4.894940909363876,5.783829798252764
ornstein-uhlenbeck,95,56.632244685914934,22.852851933501228,4390.747585560162,2232.508930849012,84.50758556016115,19.87091785848114,4406.240000000002,2224.687658403557,100.0,12.04964541302659,0.0,2751.899078719917,0.0,0.0,2224.687658403557,0.0,0.10902786254882812,0.012994766235351562,0.5,0.018518518518518517,407460.3164601554,205238.92356075157,141.83999999999997,593.659218701834,0.8888888888888888,4.894940909363876,5.783829798252764
ornstein-uhlenbeck,96,59.020531983189386,23.81214442054662,4411.189841569949,2199.846339931359,154.34664156994842,-13.63342390092253,4356.8432,2224.687658403557,100.0,11.20789457127575,0.0,2736.5183629552757,0.0,0.0,2224.687658403557,0.0,0.1523122787475586,0.02152085304260254,0.5,0.010101010101010102,411871.50630172534,207438.76990068294,143.35999999999999,599.0390080960464,0.4848484848484849,4.894940909363876,5.379789394212361
ornstein-uhlenbeck,97,58.22451609719612,19.542709990314965,4379.913430093529,2257.0415622672795,86.71343009352915,44.403549276749004,4393.2,2224.687658403557,100.0,12.04964541302659,0.0,2758.477096595165,0.0,0.0,2224.687658403557,0.0,0.1288919448852539,0.025515079498291016,0.5,0.018518518518518517,416251.4197318189,209695.81146295022,144.35999999999999,604.8228378942991,0.8888888888888888,4.894940909363876,5.783829798252764
ornstein-uhlenbeck,98,57.444674521712564,20.477262446391663,4396.932809916682,2243.5629342982847,134.6208099166818,30.924921307754136,4362.312000000001,2224.687658403557,100.0,12.04964541302659,0.0,2721.883280051735,0.0,0.0,2224.687658403557,0.0,0.1980118751525879,0.025999784469604492,0.5,0.018518518518518517,420648.35254173557,211939.3743972485,145.88,610.6066676925519,0.8888888888888888,4.894940909363876,5.783829798252764
ornstein-uhlenbeck,99,54.98482231484365,22.153209052684726,4395.5769950028225,2234.1422955051844,136.48579500282287,21.504282514654,4359.0912,2224.687658403557,100.0,12.04964541302659,0.0,2724.747953615706,0.0,0.0,2224.687658403557,0.0,0.14933013916015625,0.016043663024902344,0.5,0.018518518518518517,425043.9295367384,214173.51669275368,147.4,616.3904974908047,0.8888888888888888,4.894940909363876,5.783829798252764
ornstein-uhlenbeck,100,52.91454745711434,19.3106729000628,3964.5115233715856,2233.805668009357,87.55552337158389,21.16765501882633,3976.9560000000015,2224.687658403557,100.0,12.04964541302659,0.0,2481.2988499560665,0.0,0.0,2224.687658403557,0.0,0.08323431015014648,0.01712489128112793,0.5,0.018518518518518517,429008.44106010994,216407.32236076304,148.4,622.1743272890575,0.8888888888888888,4.894940909363876,5.783829798252764
ornstein-uhlenbeck,101,49.933749474122145,19.876365489589876,3963.1113898052267,2224.2867126800857,116.50626980522571,11.648699689554993,3946.605120000001,2224.687658403557,100.0,12.04964541302659,0.0,2467.079267624269,0.0,0.0,2224.687658403557,0.0,0.12127995491027832,0.014002084732055664,0.5,0.018518518518518517,432971.55244991515,218631.60907344313,149.92000000000002,627.9581570873103,0.8888888888888888,4.894940909363876,5.783829798252764
ornstein-uhlenbeck,102,55.07193535586938,21.741245238697864,4388.89059589038,2224.163971564407,126.49699589037859,11.525958573876121,4362.393600000001,2224.687658403557,100.0,12.04964541302659,0.0,2695.033914182998,0.0,0.0,2224.687658403557,0.0,0.11215543746948242,0.012985467910766602,0.5,0.018518518518518517,437360.44304580556,220855.77304500755,151.44000000000003,633.741986885563,0.8888888888888888,4.894940909363876,5.783829798252764
ornstein-uhlenbeck,103,53.573188138268456,24.698300518241656,4393.750100458898,2234.3657742567716,130.28930045889774,21.727761266241213,4363.4608,2224.687658403557,100.0,12.04964541302659,0.0,2723.5237655485994,0.0,0.0,2224.687658403557,0.0,0.14218926429748535,0.016994953155517578,0.5,0.018518518518518517,441754.1931462645,223090.1388192643,152.96000000000004,639.5258166838158,0.8888888888888888,4.894940909363876,5.783829798252764
ornstein-uhlenbeck,104,54.654275043576,23.121358537689364,4381.896678788456,2232.7174079457695,88.69667878845603,20.079394955239177,4393.2,2224.687658403557,100.0,12.04964541302659,0.0,2738.1865412455645,0.0,0.0,2224.687658403557,0.0,0.12116241455078125,0.01752018928527832,0.5,0.018518518518518517,446136.08982505294,225322.85622721008,153.96000000000004,645.3096464820686,0.8888888888888888,4.894940909363876,5.783829798252764
ornstein-uhlenbeck,105,56.68855799815143,22.58014409922162,4395.396936782213,2196.0955736878122,142.9025367822122,-17.38419014446913,4352.4944000000005,2224.687658403557,100.0,11.20789457127575,0.0,2706.967770525471,0.0,0.0,2224.687658403557,0.0,0.11051344871520996,0.010006189346313477,0.5,0.010101010101010102,450531.4867618352,227518.9518008979,155.48000000000005,650.689435876281,0.4848484848484849,4.894940909363876,5.379789394212361
ornstein-uhlenbeck,106,55.49911127276505,21.46111047814788,4398.129224410942,2245.1731562978493,140.15802441094183,32.53514330731896,4357.9712,2224.687658403557,100.0,12.04964541302659,0.0,2737.767670065506,0.0,0.0,2224.687658403557,0.0,0.1180415153503418,0.02400660514831543,0.5,0.018518518518518517,454929.6159862461,229764.12495719575,157.00000000000006,656.4732656745338,0.8888888888888888,4.894940909363876,5.783829798252764
ornstein-uhlenbeck,107,50.45195242807839,19.95580473937459,3951.07479779231,2227.7083883271653,85.49479779230892,15.070375336634854,3965.5800000000013,2224.687658403557,100.0,12.04964541302659,0.0,2460.670121064656,0.0,0.0,2224.687658403557,0.0,0.14863228797912598,0.014995336532592773,0.5,0.018518518518518517,458880.6907840384,231991.8333455229,158.00000000000006,662.2570954727865,0.8888888888888888,4.894940909363876,5.783829798252764
ornstein-uhlenbeck,108,50.20047809344135,19.588835576657292,3951.368000000001,2227.3864819714563,0.0,14.748468980925814,4051.368000000001,2224.687658403557,100.0,12.04964541302659,0.0,2526.580049297661,0.0,0.0,2224.687658403557,0.0,0.08995366096496582,0.010994911193847656,0.5,0.018518518518518517,462832.0587840384,234219.21982749435,158.00000000000006,668.0409252710393,0.8888888888888888,4.894940909363876,5.783829798252764
ornstein-uhlenbeck,109,55.78672617513312,19.19665592324132,4379.040000000001,2239.724960235729,0.0,27.086947245198726,4479.040000000001,2224.687658403557,100.0,12.04964541302659,0.0,2790.4312799859185,0.0,0.0,2224.687658403557,0.0,0.09705305099487305,0.023988962173461914,0.5,0.018518518518518517,467211.0987840384,236458.94478773008,158.00000000000006,673.8247550692921,0.8888888888888888,4.894940909363876,5.783829798252764
ornstein-uhlenbeck,110,53.78060159181181,21.27533029051775,4388.12,2241.614526407959,0.0,28.97651341742845,4488.12,2224.687658403557,100.0,12.04964541302659,0.0,2806.3956471242163,0.0,0.0,2224.687658403557,0.0,0.12135934829711914,0.02252054214477539,0.5,0.018518518518518517,471599.2187840384,238700.55931413805,158.00000000000006,679.6085848675449,0.8888888888888888,4.894940909363876,5.783829798252764
ornstein-uhlenbeck,111,56.586134313268495,20.788080531412266,4381.449609310448,2243.2495297873666,99.76960931044833,30.611516796836035,4381.679999999999,2224.687658403557,100.0,12.04964541302659,0.0,2759.0622132031162,0.0,0.0,2224.687658403557,0.0,0.13950800895690918,0.025899648666381836,0.5,0.018518518518518517,475980.6683933488,240943.80884392542,159.00000000000006,685.3924146657977,0.8888888888888888,4.894940909363876,5.783829798252764
ornstein-uhlenbeck,112,56.10645076081829,21.86663043971882,4374.280000000001,2202.4859039757603,0.0,-10.993859856521249,4474.280000000001,2224.687658403557,100.0,11.20789457127575,0.0,2793.2782312052464,0.0,0.0,2224.687658403557,0.0,0.10251569747924805,0.02584552764892578,0.5,0.010101010101010102,480354.94839334884,243146.29474790118,159.00000000000006,690.77220406001,0.4848484848484849,4.894940909363876,5.379789394212361
ornstein-uhlenbeck,113,56.28930227360954,24.8523395642367,4414.078904322249,2233.7014999662715,155.52530432224944,21.063486975740837,4358.5536,2224.687658403557,100.0,12.04964541302659,0.0,2706.3771525458033,0.0,0.0,2224.687658403557,0.0,0.14423370361328125,0.016993045806884766,0.5,0.018518518518518517,484769.02729767107,245379.99624786744,160.52000000000007,696.5560338582628,0.8888888888888888,4.894940909363876,5.783829798252764
ornstein-uhlenbeck,114,48.38979969340716,19.619012567831305,3944.883385224229,2235.579127017645,118.1718652242283,22.941114027114565,3926.7115200000007,2224.687658403557,100.0,12.04964541302659,0.0,2460.150462014644,0.0,0.0,2224.687658403557,0.0,0.11642074584960938,0.022731781005859375,0.5,0.018518518518518517,488713.9106828953,247615.57537488508,162.04000000000008,702.3398636565156,0.8888888888888888,4.894940909363876,5.783829798252764
ornstein-uhlenbeck,115,49.96508492343886,24.114287903761255,3960.0285808447034,2235.766826404318,110.04810084470253,23.128813413787814,3949.9804800000006,2224.687658403557,100.0,12.04964541302659,0.0,2470.45294051639,0.0,0.0,2224.687658403557,0.0,0.1382279396057129,0.01599717140197754,0.5,0.018518518518518517,492673.93926374,249851.3422012894,163.5600000000001,708.1236934547684,0.8888888888888888,4.894940909363876,5.783829798252764
ornstein-uhlenbeck,116,59.19099261252609,23.11901488799595,4371.312230185504,2229.291588870494,117.85303018550235,16.653575879963096,4353.459200000001,2224.687658403557,100.0,12.04964541302659,0.0,2720.398354152271,0.0,0.0,2224.687658403557,0.0,0.15242767333984375,0.02211785316467285,0.5,0.018518518518518517,497045.25149392546,252080.6337901599,165.0800000000001,713.9075232530212,0.8888888888888888,4.894940909363876,5.783829798252764
ornstein-uhlenbeck,117,57.0703263394949,22.563224675029094,4398.046105999919,2203.956576694654,137.21570599991915,-9.523187137627549,4360.8304,2224.687658403557,100.0,11.20789457127575,0.0,2721.065572018087,0.0,0.0,2224.687658403557,0.0,0.11488008499145508,0.02409076690673828,0.5,0.010101010101010102,501443.29759992537,254284.59036685454,166.6000000000001,719.2873126472335,0.4848484848484849,4.894940909363876,5.379789394212361
ornstein-uhlenbeck,118,54.55256411642057,24.223810352146653,4380.138454444555,2203.73751011965,136.48085444455523,-9.742253712631802,4343.6576,2224.687658403557,100.0,11.20789457127575,0.0,2681.0625338917894,0.0,0.0,2224.687658403557,0.0,0.1269824504852295,0.017985105514526367,0.5,0.010101010101010102,505823.4360543699,256488.3278769742,168.12000000000012,724.6671020414459,0.4848484848484849,4.894940909363876,5.379789394212361
ornstein-uhlenbeck,119,54.98692169913736,20.82383559800744,4386.785742152663,2237.7329162108317,143.059342152663,25.094903220301287,4343.7264000000005,2224.687658403557,100.0,12.04964541302659,0.0,2685.1609790539587,0.0,0.0,2224.687658403557,0.0,0.10888791084289551,0.02552938461303711,0.5,0.018518518518518517,510210.22179652256,258726.06079318502,169.64000000000013,730.4509318396987,0.8888888888888888,4.894940909363876,5.783829798252764
ornstein-uhlenbeck,120,56.02652143925963,21.932842827502135,4394.676515299189,2233.0415614179255,83.63651529918918,20.40354842739487,4411.04,2224.687658403557,100.0,12.04964541302659,0.0,2753.559271121575,0.0,0.0,2224.687658403557,0.0,0.12189984321594238,0.015513181686401367,0.5,0.018518518518518517,514604.89831182174,260959.10235460295,170.64000000000013,736.2347616379515,0.8888888888888888,4.894940909363876,5.783829798252764
ornstein-uhlenbeck,121,48.800246541746986,22.82773664724308,3961.7254936755844,2227.5659888660416,123.07349367558322,14.927975875511075,3938.652000000001,2224.687658403557,100.0,12.04964541302659,0.0,2456.786294408901,0.0,0.0,2224.687658403557,0.0,0.13834214210510254,0.024042367935180664,0.5,0.018518518518518517,518566.6238054973,263186.668343469,172.16000000000014,742.0185914362042,0.8888888888888888,4.894940909363876,5.783829798252764
ornstein-uhlenbeck,122,47.453963678782365,21.1832792243011,3972.080410371177,2228.6601308090862,127.53161037117616,16.022117818555873,3944.548800000001,2224.687658403557,100.0,12.04964541302659,0.0,2461.3020746755014,0.0,0.0,2224.687658403557,0.0,0.11533880233764648,0.025423765182495117,0.5,0.018518518518518517,522538.7042158685,265415.32847427804,173.68000000000015,747.802421234457,0.8888888888888888,4.894940909363876,5.783829798252764
ornstein-uhlenbeck,123,54.48777040936975,22.48224952721972,4391.040150471603,2233.8852240193337,140.7041504716018,21.247211028802944,4350.336000000001,2224.687658403557,100.0,12.04964541302659,0.0,2736.20224366168,0.0,0.0,2224.687658403557,0.0,0.13972806930541992,0.02110123634338379,0.5,0.018518518518518517,526929.7443663401,267649.2136982974,175.20000000000016,753.5862510327098,0.8888888888888888,4.894940909363876,5.783829798252764
ornstein-uhlenbeck,124,53.05430965215286,24.24777651193461,4401.714260966087,2227.213628963102,144.24386096608634,14.575615972571388,4357.4704,2224.687658403557,100.0,12.04964541302659,0.0,2723.0467126187086,0.0,0.0,2224.687658403557,0.0,0.14349842071533203,0.017002344131469727,0.5,0.018518518518518517,531331.4586273062,269876.4273272605,176.72000000000017,759.3700808309626,0.8888888888888888,4.894940909363876,5.783829798252764
ornstein-uhlenbeck,125,54.97065167074279,19.976705715055893,4373.763299938056,2243.6569655677254,119.16809993805565,31.01895257719499,4354.5952,2224.687658403557,100.0,12.04964541302659,0.0,2711.40435848478,0.0,0.0,2224.687658403557,0.0,0.12915706634521484,0.019003629684448242,0.5,0.018518518518518517,535705.2219272442,272120.0842928282,178.24000000000018,765.1539106292154,0.8888888888888888,4.894940909363876,5.783829798252764
ornstein-uhlenbeck,126,54.6211800617788,23.637213610099796,4392.400797585652,2237.249823994126,134.91439758565176,24.61181100359567,4357.486400000001,2224.687658403557,100.0,12.04964541302659,0.0,2744.1271803493196,0.0,0.0,2224.687658403557,0.0,0.15492892265319824,0.01999521255493164,0.5,0.018518518518518517,540097.6227248298,274357.33411682234,179.7600000000002,770.9377404274682,0.8888888888888888,4.894940909363876,5.783829798252764
ornstein-uhlenbeck,127,57.26068036701133,22.111529594522082,4401.2166017549325,2241.913349898379,128.3654017549324,29.275336907848207,4372.8512,2224.687658403557,100.0,12.04964541302659,0.0,2724.3807399456978,0.0,0.0,2224.687658403557,0.0,0.1363523006439209,0.023094892501831055,0.5,0.018518518518518517,544498.8393265847,276599.2474667207,181.2800000000002,776.7215702257209,0.8888888888888888,4.894940909363876,5.783829798252764
ornstein-uhlenbeck,128,47.66870372363751,19.276363500771083,3954.9592463182985,2235.7389582596197,118.88772631829758,23.100945269088996,3936.071520000001,2224.687658403557,100.0,12.04964541302659,0.0,2474.30799688978,0.0,0.0,2224.687658403557,0.0,0.12832856178283691,0.019901275634765625,0.5,0.018518518518518517,548453.798572903,278834.98642498034,182.8000000000002,782.5054000239737,0.8888888888888888,4.894940909363876,5.783829798252764
ornstein-uhlenbeck,129,50.1923890572099,19.102356145624203,3951.368000000001,2241.774617448176,0.0,29.13660445764541,4051.368000000001,2224.687658403557,100.0,12.04964541302659,0.0,2556.4303901561884,0.0,0.0,2224.687658403557,0.0,0.19999146461486816,0.025655746459960938,0.5,0.018518518518518517,552405.166572903,281076.7610424285,182.8000000000002,788.2892298222265,0.8888888888888888,4.894940909363876,5.783829798252764
ornstein-uhlenbeck,130,55.0501966815776,22.259755325368154,4379.040000000001,2228.49569753697,0.0,15.85768454643926,4479.040000000001,2224.687658403557,100.0,12.04964541302659,0.0,2813.602267549656,0.0,0.0,2224.687658403557,0.0,0.11166667938232422,0.019111156463623047,0.5,0.018518518518518517,556784.2065729031,283305.25673996547,182.8000000000002,794.0730596204793,0.8888888888888888,4.894940909363876,5.783829798252764
ornstein-uhlenbeck,131,55.655531220630856,23.073087324272876,4402.054642385089,2239.6257940569603,142.9266423850884,26.987781066429875,4359.128000000001,2224.687658403557,100.0,12.04964541302659,0.0,2732.7005437336306,0.0,0.0,2224.687658403557,0.0,0.12477755546569824,0.018993139266967773,0.5,0.018518518518518517,561186.2612152882,285544.88253402244,184.32000000000022,799.8568894187321,0.8888888888888888,4.894940909363876,5.783829798252764
ornstein-uhlenbeck,132,58.142906956666344,23.641738849342403,4393.503815660486,2232.9983785405534,138.32621566048687,20.36036555002271,4355.177599999999,2224.687658403557,100.0,12.04964541302659,0.0,2714.276046569661,0.0,0.0,2224.687658403557,0.0,0.12342381477355957,0.025995969772338867,0.5,0.018518518518518517,565579.7650309487,287777.880912563,185.84000000000023,805.6407192169848,0.8888888888888888,4.894940909363876,5.783829798252764
ornstein-uhlenbeck,133,54.40926838635454,26.017833880729995,4399.3023986686685,2227.048745310992,147.39039866866847,14.410732320461458,4351.912,2224.687658403557,100.0,12.04964541302659,0.0,2718.6852240867443,0.0,0.0,2224.687658403557,0.0,0.11991071701049805,0.014051675796508789,0.5,0.018518518518518517,569979.0674296174,290004.929657874,187.36000000000024,811.4245490152376,0.8888888888888888,4.894940909363876,5.783829798252764
ornstein-uhlenbeck,134,52.69478802752972,24.029746761009548,4387.577471931167,2228.8475297964555,132.23667193116665,16.209516805924956,4355.3408,2224.687658403557,100.0,12.04964541302659,0.0,2739.4171102639557,0.0,0.0,2224.687658403557,0.0,0.11990690231323242,0.012992620468139648,0.5,0.018518518518518517,574366.6449015485,292233.77718767046,188.88000000000025,817.2083788134904,0.8888888888888888,4.894940909363876,5.783829798252764
ornstein-uhlenbeck,135,50.12110923974577,23.619277964272293,3951.352770855328,2226.859094229426,83.75677085532695,14.221081238895186,3967.596000000001,2224.687658403557,100.0,12.04964541302659,0.0,2469.072159416665,0.0,0.0,2224.687658403557,0.0,0.127471923828125,0.023995399475097656,0.5,0.018518518518518517,578317.9976724038,294460.6362818999,189.88000000000025,822.9922086117432,0.8888888888888888,4.894940909363876,5.783829798252764
ornstein-uhlenbeck,136,49.076017118375184,20.811199985753426,3956.4192434471342,2244.5773865876054,116.80676344713308,31.93937359707494,3939.612480000001,2224.687658403557,100.0,12.04964541302659,0.0,2458.9696629334076,0.0,0.0,2224.687658403557,0.0,0.23053312301635742,0.024855613708496094,0.5,0.018518518518518517,582274.416915851,296705.2136684875,191.40000000000026,828.776038409996,0.8888888888888888,4.894940909363876,5.783829798252764
ornstein-uhlenbeck,137,55.39032687466073,22.173933387450735,4384.282058738163,2240.6154655010564,136.27565873816175,27.977452510525733,4348.006400000001,2224.687658403557,100.0,12.04964541302659,0.0,2714.696660061975,0.0,0.0,2224.687658403557,0.0,0.14516329765319824,0.024997234344482422,0.5,0.018518518518518517,586658.6989745891,298945.82913398853,192.92000000000027,834.5598682082488,0.8888888888888888,4.894940909363876,5.783829798252764
ornstein-uhlenbeck,138,54.90236726991125,22.951418047622646,4392.96463384296,2237.858961990511,132.13423384296,25.220948999980628,4360.8304,2224.687658403557,100.0,12.04964541302659,0.0,2735.4010909166345,0.0,0.0,2224.687658403557,0.0,0.16426682472229004,0.025946378707885742,0.5,0.018518518518518517,591051.663608432,301183.68809597904,194.44000000000028,840.3436980065015,0.8888888888888888,4.894940909363876,5.783829798252764
ornstein-uhlenbeck,139,57.475810546719366,25.044232654328013,4383.353725601449,2198.969807112194,147.38892560144907,-14.509956720087796,4335.9648,2224.687658403557,100.0,11.20789457127575,0.0,2723.4887171159235,0.0,0.0,2224.687658403557,0.0,0.12789702415466309,0.019890785217285156,0.5,0.010101010101010102,595435.0173340335,303382.6579030912,195.9600000000003,845.7234874007139,0.4848484848484849,4.894940909363876,5.379789394212361
ornstein-uhlenbeck,140,54.09991123676272,22.63930256769185,4390.354150500129,2229.7060035832487,146.0901505001292,17.067990592718242,4344.264,2224.687658403557,100.0,12.04964541302659,0.0,2690.225560032442,0.0,0.0,2224.687658403557,0.0,0.12796592712402344,0.010671854019165039,0.5,0.018518518518518517,599825.3714845337,305612.3639066745,197.4800000000003,851.5073171989667,0.8888888888888888,4.894940909363876,5.783829798252764
ornstein-uhlenbeck,141,55.65673241237469,21.786394809242474,4394.972841584681,2236.040620792669,86.17284158468141,23.402607802138437,4408.8,2224.687658403557,100.0,12.04964541302659,0.0,2763.2285504133724,0.0,0.0,2224.687658403557,0.0,0.14366984367370605,0.021995067596435547,0.5,0.018518518518518517,604220.3443261184,307848.40452746715,198.4800000000003,857.2911469972195,0.8888888888888888,4.894940909363876,5.783829798252764
ornstein-uhlenbeck,142,46.87517623180696,17.488068480558866,3959.4683429635797,2239.0344471529424,116.43298296357861,26.396434162412017,3943.035360000001,2224.687658403557,100.0,12.04964541302659,0.0,2438.1628291828597,0.0,0.0,2224.687658403557,0.0,0.11414933204650879,0.009999752044677734,0.5,0.018518518518518517,608179.812669082,310087.4389746201,200.0000000000003,863.0749767954723,0.8888888888888888,4.894940909363876,5.783829798252764
ornstein-uhlenbeck,143,49.607366744555556,19.90676094966602,3952.858396883898,2228.5094140026968,111.2299168838973,15.871401012166189,3941.6284800000008,2224.687658403557,100.0,12.04964541302659,0.0,2477.7759460133957,0.0,0.0,2224.687658403557,0.0,0.12809109687805176,0.02458810806274414,0.5,0.018518518518518517,612132.6710659659,312315.9483886228,201.52000000000032,868.858806593725,0.8888888888888888,4.894940909363876,5.783829798252764
ornstein-uhlenbeck,144,54.82633952012109,24.74436869653214,4396.735596290233,2205.8549406575075,90.49559629023136,-7.624823174774264,4406.240000000002,2224.687658403557,100.0,11.20789457127575,0.0,2726.45236657198,0.0,0.0,2224.687658403557,0.0,0.12502574920654297,0.01000070571899414,0.5,0.010101010101010102,616529.4066622561,314521.8033292803,202.52000000000032,874.2385959879374,0.4848484848484849,4.894940909363876,5.379789394212361
ornstein-uhlenbeck,145,57.445335292217685,22.38203502161649,4388.12,2240.735721484123,0.0,28.09770849359266,4488.12,2224.687658403557,100.0,12.04964541302659,0.0,2801.451561116539,0.0,0.0,2224.687658403557,0.0,0.1039743423461914,0.020992279052734375,0.5,0.018518518518518517,620917.5266622561,316762.5390507644,202.52000000000032,880.0224257861902,0.8888888888888888,4.894940909363876,5.783829798252764
ornstein-uhlenbeck,146,57.2807396718566,24.437652691867697,4382.629780288566,2201.7696696043345,146.62018028856534,-11.710094227947067,4336.0096,2224.687658403557,100.0,11.20789457127575,0.0,2725.5756802961832,0.0,0.0,2224.687658403557,0.0,0.14433622360229492,0.01899433135986328,0.5,0.010101010101010102,625300.1564425447,318964.3087203687,204.04000000000033,885.4022151804025,0.4848484848484849,4.894940909363876,5.379789394212361
ornstein-uhlenbeck,147,57.42536768690892,21.715656492142788,4396.3136030786945,2201.0055745922386,150.34720307869426,-12.474189240042826,4345.9664,2224.687658403557,100.0,11.20789457127575,0.0,2744.9560857454594,0.0,0.0,2224.687658403557,0.0,0.12509679794311523,0.021009445190429688,0.5,0.010101010101010102,629696.4700456234,321165.31429496093,205.56000000000034,890.7820045746149,0.4848484848484849,4.894940909363876,5.379789394212361
ornstein-uhlenbeck,148,55.87313356925379,24.045761535828685,4407.867822577585,2234.442569078446,141.5446225775848,21.804556087915493,4366.3232,2224.687658403557,100.0,12.04964541302659,0.0,2737.2302616956727,0.0,0.0,2224.687658403557,0.0,0.11476469039916992,0.010721206665039062,0.5,0.018518518518518517,634104.337868201,323399.7568640394,207.08000000000035,896.5658343728677,0.8888888888888888,4.894940909363876,5.783829798252764
ornstein-uhlenbeck,149,50.1808150596057,18.633384340551064,3953.4356792077056,2230.5243737149963,116.31583920770382,17.88636072446568,3937.1198400000017,2224.687658403557,100.0,12.04964541302659,0.0,2468.9775124213584,0.0,0.0,2224.687658403557,0.0,0.13809967041015625,0.013996362686157227,0.5,0.018518518518518517,638057.7735474086,325630.2812377544,208.60000000000036,902.3496641711205,0.8888888888888888,4.894940909363876,5.783829798252764
ornstein-uhlenbeck,150,49.33714952819989,22.4168411965965,3959.774553960244,2228.041790789917,118.14607396024289,15.403777799386344,3941.6284800000008,2224.687658403557,100.0,12.04964541302659,0.0,2469.2636580281387,0.0,0.0,2224.687658403557,0.0,0.12168383598327637,0.00916600227355957,0.5,0.018518518518518517,642017.5481013688,327858.3230285443,210.12000000000037,908.1334939693733,0.8888888888888888,4.894940909363876,5.783829798252764
ornstein-uhlenbeck,151,56.68731772866042,24.27728167143354,4391.978835716217,2237.3433993889016,142.22523571621582,24.705386398370887,4349.753600000001,2224.687658403557,100.0,12.04964541302659,0.0,2710.101330910562,0.0,0.0,2224.687658403557,0.0,0.12593460083007812,0.013991117477416992,0.5,0.018518518518518517,646409.5269370851,330095.6664279332,211.64000000000038,913.917323767626,0.8888888888888888,4.894940909363876,5.783829798252764
ornstein-uhlenbeck,152,58.273506046454344,23.88853372777856,4393.941892509633,2201.0741611198728,138.17389250963265,-12.40560271240885,4355.768000000001,2224.687658403557,100.0,11.20789457127575,0.0,2729.5782681113983,0.0,0.0,2224.687658403557,0.0,0.10497450828552246,0.009911537170410156,0.5,0.010101010101010102,650803.4688295947,332296.7405890531,213.1600000000004,919.2971131618384,0.4848484848484849,4.894940909363876,5.379789394212361
ornstein-uhlenbeck,153,59.155911828027946,23.204184724703445,4392.487566108327,2205.3998088925387,144.46516610832765,-8.079954939743104,4348.022399999999,2224.687658403557,100.0,11.20789457127575,0.0,2703.0578185090694,0.0,0.0,2224.687658403557,0.0,0.1087343692779541,0.012114763259887695,0.5,0.010101010101010102,655195.956395703,334502.1403979456,214.6800000000004,924.6769025560508,0.4848484848484849,4.894940909363876,5.379789394212361
ornstein-uhlenbeck,154,59.01824212622245,22.192795759075228,4399.295472187876,2199.6848933909955,135.28107218787596,-13.794870441286037,4364.0144,2224.687658403557,100.0,11.20789457127575,0.0,2719.5368706348772,0.0,0.0,2224.687658403557,0.0,0.11889863014221191,0.01673293113708496,0.5,0.010101010101010102,659595.2518678909,336701.8252913366,216.20000000000041,930.0566919502631,0.4848484848484849,4.894940909363876,5.379789394212361
ornstein-uhlenbeck,155,57.2847582548535,24.4542266400804,4411.585075460808,2240.988289839349,138.73387546080784,28.350276848818382,4372.8512,2224.687658403557,100.0,12.04964541302659,0.0,2738.3962204814816,0.0,0.0,2224.687658403557,0.0,0.1019899845123291,0.020000219345092773,0.5,0.018518518518518517,664006.8369433518,338942.8135811759,217.72000000000043,935.8405217485159,0.8888888888888888,4.894940909363876,5.783829798252764
ornstein-uhlenbeck,156,54.037465295888126,22.767899444533818,3979.130973627024,2235.308593297907,136.13593362702295,22.6705803073766,3942.995040000001,2224.687658403557,100.0,12.04964541302659,0.0,2469.8050534465456,0.0,0.0,2224.687658403557,0.0,0.1925516128540039,0.01911020278930664,0.5,0.018518518518518517,667985.9679169788,341178.1221744738,219.24000000000044,941.6243515467687,0.8888888888888888,4.894940909363876,5.783829798252764
ornstein-uhlenbeck,157,51.16236397647976,22.313877670076575,3966.7458379151576,2204.9847899477713,125.11735791515707,-8.494973884510063,3941.6284800000008,2224.687658403557,100.0,11.20789457127575,0.0,2457.880375049928,0.0,0.0,2224.687658403557,0.0,0.12069177627563477,0.016991615295410156,0.5,0.010101010101010102,671952.7137548939,343383.1069644216,220.76000000000045,947.0041409409811,0.4848484848484849,4.894940909363876,5.379789394212361
ornstein-uhlenbeck,158,59.7238401477613,24.40032347181823,4379.040000000001,2235.864264401982,0.0,23.226251411451535,4479.040000000001,2224.687658403557,100.0,12.04964541302659,0.0,2808.278540250708,0.0,0.0,2224.687658403557,0.0,0.1175692081451416,0.019994497299194336,0.5,0.018518518518518517,676331.7537548939,345618.97122882353,220.76000000000045,952.7879707392339,0.8888888888888888,4.894940909363876,5.783829798252764
ornstein-uhlenbeck,159,62.83053530252685,24.55053667744493,4417.227585878802,2201.2654506497634,160.87718587880096,-12.214313182518195,4356.3504,2224.687658403557,100.0,11.20789457127575,0.0,2706.0921720640167,0.0,0.0,2224.687658403557,0.0,0.23785710334777832,0.026538372039794922,0.5,0.010101010101010102,680748.9813407727,347820.2366794733,222.28000000000046,958.1677601334462,0.4848484848484849,4.894940909363876,5.379789394212361
ornstein-uhlenbeck,160,58.5987893782559,21.927758965055496,4392.716928340341,2242.56856382007,138.0769283403411,29.930550829539268,4354.639999999999,2224.687658403557,100.0,12.04964541302659,0.0,2746.8866669511217,0.0,0.0,2224.687658403557,0.0,0.1849994659423828,0.013009309768676758,0.5,0.018518518518518517,685141.6982691131,350062.8052432934,223.80000000000047,963.951589931699,0.8888888888888888,4.894940909363876,5.783829798252764
ornstein-uhlenbeck,161,61.75977671687062,24.497043004108868,4401.567189332692,2204.8379893760493,138.09038933269127,-8.64177445623249,4363.4768,2224.687658403557,100.0,11.20789457127575,0.0,2733.982271624447,0.0,0.0,2224.687658403557,0.0,0.24853110313415527,0.023894309997558594,0.5,0.010101010101010102,689543.2654584458,352267.64323266945,225.32000000000048,969.3313793259114,0.4848484848484849,4.894940909363876,5.379789394212361
ornstein-uhlenbeck,162,62.122230450043084,20.803374219214703,4400.0615102553365,2250.3175881631637,135.4855102553362,37.679575172633086,4364.576,2224.687658403557,100.0,12.04964541302659,0.0,2740.6044498745637,0.0,0.0,2224.687658403557,0.0,0.14722537994384766,0.012995004653930664,0.5,0.018518518518518517,693943.3269687011,354517.96082083264,226.8400000000005,975.1152091241642,0.8888888888888888,4.894940909363876,5.783829798252764
ornstein-uhlenbeck,163,56.24948888826651,19.443175763820026,3963.5949518154894,2240.830477165679,125.46711181548804,28.192464175148437,3938.1278400000015,2224.687658403557,100.0,12.04964541302659,0.0,2448.7880680840162,0.0,0.0,2224.687658403557,0.0,0.11188125610351562,0.013895988464355469,0.5,0.018518518518518517,697906.9219205165,356758.79129799834,228.3600000000005,980.8990389224169,0.8888888888888888,4.894940909363876,5.783829798252764
ornstein-uhlenbeck,164,56.87879118480694,22.339126377623476,3982.7139379650844,2244.355048823674,138.6892979650835,31.717035833143576,3944.024640000001,2224.687658403557,100.0,12.04964541302659,0.0,2462.3043981382116,0.0,0.0,2224.687658403557,0.0,0.13901257514953613,0.012617111206054688,0.5,0.018518518518518517,701889.6358584816,359003.14634682203,229.8800000000005,986.6828687206697,0.8888888888888888,4.894940909363876,5.783829798252764
ornstein-uhlenbeck,165,61.219687170570985,21.361518259842573,4393.190783001998,2198.4456907655135,145.67718300199746,-15.034073066768304,4347.513600000001,2224.687658403557,100.0,11.20789457127575,0.0,2735.9751208278153,0.0,0.0,2224.687658403557,0.0,0.15515828132629395,0.018000125885009766,0.5,0.010101010101010102,706282.8266414836,361201.59203758754,231.40000000000052,992.0626581148821,0.4848484848484849,4.894940909363876,5.379789394212361
ornstein-uhlenbeck,166,61.45049377696767,24.15257853326547,4409.63520410432,2199.46733282969,149.34240410431977,-14.012431002591832,4360.2928,2224.687658403557,100.0,11.20789457127575,0.0,2730.4585737816246,0.0,0.0,2224.687658403557,0.0,0.14630937576293945,0.02290177345275879,0.5,0.010101010101010102,710692.4618455879,363401.0593704172,232.92000000000053,997.4424475090944,0.4848484848484849,4.894940909363876,5.379789394212361
ornstein-uhlenbeck,167,61.095087016692595,22.070533101313764,4374.699748493143,2195.340635287655,121.76214849314329,-18.139128544626676,4352.937599999999,2224.687658403557,100.0,11.20789457127575,0.0,2727.0305966921533,0.0,0.0,2224.687658403557,0.0,0.1331346035003662,0.014005899429321289,0.5,0.010101010101010102,715067.1615940811,365596.40000570484,234.44000000000054,1002.8222369033068,0.4848484848484849,4.894940909363876,5.379789394212361
ornstein-uhlenbeck,168,63.120279229465986,21.887574860256564,4382.096831416267,2250.283295450466,120.36723141626709,37.64528245993563,4361.729600000001,2224.687658403557,100.0,12.04964541302659,0.0,2721.4809934949676,0.0,0.0,2224.687658403557,0.0,0.1473681926727295,0.02543330192565918,0.5,0.018518518518518517,719449.2584254973,367846.6833011553,235.96000000000055,1008.6060667015596,0.8888888888888888,4.894940909363876,5.783829798252764
ornstein-uhlenbeck,169,62.083245668849976,24.161703700222404,4416.8771989348825,2195.989481083228,144.0259989348824,-17.490282749053534,4372.8512,2224.687658403557,100.0,11.20789457127575,0.0,2732.140045014759,0.0,0.0,2224.687658403557,0.0,0.1603841781616211,0.010053634643554688,0.5,0.010101010101010102,723866.1356244322,370042.6727822385,237.48000000000056,1013.985856095772,0.4848484848484849,4.894940909363876,5.379789394212361
ornstein-uhlenbeck,170,53.71403248739431,19.09422472623007,3941.12306605609,2234.4388680144557,113.36322605608885,21.800855023925042,3927.759840000001,2224.687658403557,100.0,12.04964541302659,0.0,2444.6758971127915,0.0,0.0,2224.687658403557,0.0,0.09792351722717285,0.012994766235351562,0.5,0.018518518518518517,727807.2586904883,372277.11165025295,239.00000000000057,1019.7696858940247,0.8888888888888888,4.894940909363876,5.783829798252764
ornstein-uhlenbeck,171,55.13348153286514,19.396543526400574,3968.8436343110584,2243.78382278237,82.8516343110571,31.145809791839408,3985.992000000001,2224.687658403557,100.0,12.04964541302659,0.0,2489.797639038256,0.0,0.0,2224.687658403557,0.0,0.1068270206451416,0.01113271713256836,0.5,0.018518518518518517,731776.1023247994,374520.89547303534,240.00000000000057,1025.5535156922774,0.8888888888888888,4.894940909363876,5.783829798252764
ornstein-uhlenbeck,172,65.23109419914344,21.494358946740796,4397.783052110369,2197.6265720186157,142.62145211036784,-15.85319181366603,4355.161600000001,2224.687658403557,100.0,11.20789457127575,0.0,2723.739157103488,0.0,0.0,2224.687658403557,0.0,0.24895524978637695,0.02594900131225586,0.5,0.010101010101010102,736173.8853769097,376718.52204505395,241.52000000000058,1030.9333050864898,0.4848484848484849,4.894940909363876,5.379789394212361
ornstein-uhlenbeck,173,63.87649764135225,22.79001898103333,4410.109902741433,2197.700225497369,150.9819027414321,-15.779538334912761,4359.128000000001,2224.687658403557,100.0,11.20789457127575,0.0,2722.7568171084836,0.0,0.0,2224.687658403557,0.0,0.13541340827941895,0.024622201919555664,0.5,0.010101010101010102,740583.9952796511,378916.2222705513,243.0400000000006,1036.3130944807021,0.4848484848484849,4.894940909363876,5.379789394212361
ornstein-uhlenbeck,174,65.8050137334734,21.512821626007423,4387.95844594971,2193.434307506254,132.78084594971057,-20.045456326027587,4355.177599999999,2224.687658403557,100.0,11.20789457127575,0.0,2719.3821101191456,0.0,0.0,2224.687658403557,0.0,0.16397762298583984,0.02254509925842285,0.5,0.010101010101010102,744971.9537256008,381109.65657805756,244.5600000000006,1041.6928838749145,0.4848484848484849,4.894940909363876,5.379789394212361
ornstein-uhlenbeck,175,63.93778206822773,22.1062178413134,4408.389078837779,2197.3150485020037,159.2546788377784,-16.16471533027801,4349.134400000001,2224.687658403557,100.0,11.20789457127575,0.0,2717.563492230273,0.0,0.0,2224.687658403557,0.0,0.1537322998046875,0.019547224044799805,0.5,0.010101010101010102,749380.3428044387,383306.97162655956,246.0800000000006,1047.0726732691269,0.4848484848484849,4.894940909363876,5.379789394212361
ornstein-uhlenbeck,176,62.386669041931036,21.562395111526513,4403.137320398818,2240.4067294525084,149.45412039881734,27.768716461977714,4353.6832,2224.687658403557,100.0,12.04964541302659,0.0,2739.3460001811936,0.0,0.0,2224.687658403557,0.0,0.17442965507507324,0.014008283615112305,0.5,0.018518518518518517,753783.4801248375,385547.37835601205,247.60000000000062,1052.8565030673797,0.8888888888888888,4.894940909363876,5.783829798252764
ornstein-uhlenbeck,177,58.298417239524305,19.176523121121516,3948.832034275893,2247.662452438871,121.55603427589212,35.02443944834033,3927.2760000000007,2224.687658403557,100.0,12.04964541302659,0.0,2478.503225056071,0.0,0.0,2224.687658403557,0.0,0.11650490760803223,0.01100468635559082,0.5,0.018518518518518517,757732.3121591134,387795.0408084509,249.12000000000063,1058.6403328656324,0.8888888888888888,4.894940909363876,5.783829798252764
ornstein-uhlenbeck,178,59.41522926945256,21.06544790619253,3977.710229433473,2245.084749695995,139.10574943347228,32.446736705464495,3938.604480000001,2224.687658403557,100.0,12.04964541302659,0.0,2470.9539314765684,0.0,0.0,2224.687658403557,0.0,0.12390875816345215,0.01699972152709961,0.5,0.018518518518518517,761710.0223885468,390040.1255581469,250.64000000000064,1064.4241626638852,0.8888888888888888,4.894940909363876,5.783829798252764
ornstein-uhlenbeck,179,66.0296587233803,24.570236950537495,4422.934300426583,2194.749836434886,166.6527004265817,-18.72992739739538,4356.281600000001,2224.687658403557,100.0,11.20789457127575,0.0,2705.6124749492183,0.0,0.0,2224.687658403557,0.0,0.14646053314208984,0.016217947006225586,0.5,0.010101010101010102,766132.9566889735,392234.8753945818,252.16000000000065,1069.8039520580976,0.4848484848484849,4.894940909363876,5.379789394212361
ornstein-uhlenbeck,180,65.610394469496,23.500836817935195,4404.515147683213,2194.309211165739,129.53434768321367,-19.170552666542825,4374.980799999999,2224.687658403557,100.0,11.20789457127575,0.0,2748.845648918566,0.0,0.0,2224.687658403557,0.0,0.11342573165893555,0.02302694320678711,0.5,0.010101010101010102,770537.4718366567,394429.1846057476,253.68000000000066,1075.18374145231,0.4848484848484849,4.894940909363876,5.379789394212361
ornstein-uhlenbeck,181,69.10753657379082,24.84304180565935,4415.31992558976,2186.537277354706,165.55032558976052,-26.94248647757551,4349.7696,2224.687658403557,100.0,11.20789457127575,0.0,2705.406157462724,0.0,0.0,2224.687658403557,0.0,0.11580491065979004,0.024216175079345703,0.5,0.010101010101010102,774952.7917622464,396615.72188310226,255.20000000000067,1080.5635308465223,0.4848484848484849,4.894940909363876,5.379789394212361
ornstein-uhlenbeck,182,67.80321109234661,23.045232004530916,4403.699270164332,2195.931550455073,158.85287016433202,-17.548213377208324,4344.8464,2224.687658403557,100.0,11.20789457127575,0.0,2719.1753099975303,0.0,0.0,2224.687658403557,0.0,0.12108731269836426,0.01699352264404297,0.5,0.010101010101010102,779356.4910324108,398811.6534335573,256.72000000000065,1085.9433202407347,0.4848484848484849,4.894940909363876,5.379789394212361
ornstein-uhlenbeck,183,67.63739347547047,21.56063740979482,4412.351070683044,2197.718572252778,145.49027068304306,-15.761191579503798,4366.8608,2224.687658403557,100.0,11.20789457127575,0.0,2753.091970486091,0.0,0.0,2224.687658403557,0.0,0.12764239311218262,0.016318559646606445,0.5,0.010101010101010102,783768.8421030939,401009.3720058101,258.24000000000063,1091.323109634947,0.4848484848484849,4.894940909363876,5.379789394212361
ornstein-uhlenbeck,184,60.90873342515963,23.39393602525782,3982.7131064810974,2196.385498759199,139.19390648109638,-17.094265073082493,3943.519200000001,2224.687658403557,100.0,11.20789457127575,0.0,2457.920637120807,0.0,0.0,2224.687658403557,0.0,0.17454862594604492,0.012140274047851562,0.5,0.010101010101010102,787751.555209575,403205.7575045693,259.7600000000006,1096.7028990291594,0.4848484848484849,4.894940909363876,5.379789394212361
ornstein-uhlenbeck,185,64.39650229598227,20.200283503059946,3995.500789107015,2193.983364718956,150.42782910701408,-19.496399113325268,3945.072960000001,2224.687658403557,100.0,11.20789457127575,0.0,2451.1760186273646,0.0,0.0,2224.687658403557,0.0,0.1215205192565918,0.01957392692565918,0.5,0.010101010101010102,791747.055998682,405399.7408692883,261.2800000000006,1102.0826884233718,0.4848484848484849,4.894940909363876,5.379789394212361
ornstein-uhlenbeck,186,72.91439051811676,24.412990720637453,4416.831606876718,2190.6033351602773,166.49560687671655,-22.87642867200445,4350.336000000001,2224.687658403557,100.0,11.20789457127575,0.0,2704.488798854184,0.0,0.0,2224.687658403557,0.0,0.13805437088012695,0.014287471771240234,0.5,0.010101010101010102,796163.8876055587,407590.3442044486,262.8000000000006,1107.4624778175842,0.4848484848484849,4.894940909363876,5.379789394212361
ornstein-uhlenbeck,187,71.08677553908332,22.97461524898611,4390.018371984057,2188.145712203862,123.00557198405713,-25.334051628419864,4367.0127999999995,2224.687658403557,100.0,11.20789457127575,0.0,2727.2318161537696,0.0,0.0,2224.687658403557,0.0,0.14208030700683594,0.01910567283630371,0.5,0.010101010101010102,800553.9059775427,409778.48991665244,264.32000000000056,1112.8422672117965,0.4848484848484849,4.894940909363876,5.379789394212361
ornstein-uhlenbeck,188,67.1192151031503,21.148690033457047,4390.240166506386,2192.330397003787,153.11056650638676,-21.149366828494955,4337.129599999999,2224.687658403557,100.0,11.20789457127575,0.0,2696.7788565556166,0.0,0.0,2224.687658403557,0.0,0.16819524765014648,0.014512777328491211,0.5,0.010101010101010102,804944.1461440491,411970.82031365624,265.84000000000054,1118.222056606009,0.4848484848484849,4.894940909363876,5.379789394212361
ornstein-uhlenbeck,189,70.43912578346031,24.27910692593236,4415.554527606997,2201.449509362736,170.70812760699636,-12.030254469545689,4344.8464,2224.687658403557,100.0,11.20789457127575,0.0,2715.556925100668,0.0,0.0,2224.687658403557,0.0,0.13016772270202637,0.011020898818969727,0.5,0.010101010101010102,809359.7006716562,414172.269823019,267.3600000000005,1123.6018460002213,0.4848484848484849,4.894940909363876,5.379789394212361
ornstein-uhlenbeck,190,67.13854558328812,22.65840195572177,4415.997793292094,2195.7788878880187,150.83939329209346,-17.700875944262783,4365.1584,2224.687658403557,100.0,11.20789457127575,0.0,2736.894667090306,0.0,0.0,2224.687658403557,0.0,0.12320518493652344,0.017199039459228516,0.5,0.010101010101010102,813775.6984649482,416368.048710907,268.8800000000005,1128.9816353944336,0.4848484848484849,4.894940909363876,5.379789394212361
ornstein-uhlenbeck,191,61.089734155337474,20.537169200363834,3971.187223027848,2246.2879867638194,145.44338302784732,33.649973773288615,3925.743840000001,2224.687658403557,100.0,12.04964541302659,0.0,2455.0244931831544,0.0,0.0,2224.687658403557,0.0,0.11139392852783203,0.014988422393798828,0.5,0.018518518518518517,817746.885687976,418614.3366976708,270.4000000000005,1134.7654651926864,0.8888888888888888,4.894940909363876,5.783829798252764
ornstein-uhlenbeck,192,63.662491340690956,21.932551324066242,3989.4864951018562,2201.009115666859,140.03017510185558,-12.47064816542271,3949.4563200000007,2224.687658403557,100.0,11.20789457127575,0.0,2477.467832413794,0.0,0.0,2224.687658403557,0.0,0.1130831241607666,0.017012596130371094,0.5,0.010101010101010102,821736.3721830779,420815.34581333766,271.92000000000047,1140.1452545868988,0.4848484848484849,4.894940909363876,5.379789394212361
ornstein-uhlenbeck,193,70.27309508983275,24.019005274349087,4404.85148811803,2190.4485273266396,140.0834881180294,-23.03123650564215,4364.768000000001,2224.687658403557,100.0,11.20789457127575,0.0,2720.8104841152067,0.0,0.0,2224.687658403557,0.0,0.13031339645385742,0.017003536224365234,0.5,0.010101010101010102,826141.2236711959,423005.7943406643,273.44000000000045,1145.5250439811111,0.4848484848484849,4.894940909363876,5.379789394212361
ornstein-uhlenbeck,194,70.02827577625989,21.51019714876259,4418.0025131985585,2190.39007044189,151.1817131985592,-23.08969339039153,4366.8207999999995,2224.687658403557,100.0,11.20789457127575,0.0,2709.4320018872977,0.0,0.0,2224.687658403557,0.0,0.11910319328308105,0.011086225509643555,0.5,0.010101010101010102,830559.2261843944,425196.18441110617,274.96000000000043,1150.9048333753235,0.4848484848484849,4.894940909363876,5.379789394212361
ornstein-uhlenbeck,195,72.32580441960101,24.31519022182215,4398.037236563091,2189.4352479274585,142.8596365630922,-24.044515904822948,4355.177599999999,2224.687658403557,100.0,11.20789457127575,0.0,2724.0725918262046,0.0,0.0,2224.687658403557,0.0,0.13415193557739258,0.023854970932006836,0.5,0.010101010101010102,834957.2634209575,427385.6196590336,276.4800000000004,1156.2846227695359,0.4848484848484849,4.894940909363876,5.379789394212361
ornstein-uhlenbeck,196,74.26111979640984,19.780798052886336,4414.090701453059,2185.3304572707107,163.2539014530596,-28.14930656157081,4350.8368,2224.687658403557,100.0,11.20789457127575,0.0,2735.1489876496103,0.0,0.0,2224.687658403557,0.0,0.20507264137268066,0.015858888626098633,0.5,0.010101010101010102,839371.3541224105,429570.95011630433,278.0000000000004,1161.6644121637482,0.4848484848484849,4.894940909363876,5.379789394212361
ornstein-uhlenbeck,197,71.45095553392356,24.238409799896882,4426.458076986099,2189.185978027554,160.134876986099,-24.29378580472754,4366.3232,2224.687658403557,100.0,11.20789457127575,0.0,2755.4873707462752,0.0,0.0,2224.687658403557,0.0,0.12815403938293457,0.01699662208557129,0.5,0.010101010101010102,843797.8121993967,431760.13609433186,279.5200000000004,1167.0442015579606,0.4848484848484849,4.894940909363876,5.379789394212361
ornstein-uhlenbeck,198,64.96544313941659,18.005468968428023,3973.3836487246604,2246.4758875287944,143.7806087246594,33.83787453826393,3929.603040000001,2224.687658403557,100.0,12.04964541302659,0.0,2469.4439279388794,0.0,0.0,2224.687658403557,0.0,0.11856293678283691,0.023198843002319336,0.5,0.018518518518518517,847771.1958481213,434006.61198186065,281.04000000000036,1172.8280313562134,0.8888888888888888,4.894940909363876,5.783829798252764
ornstein-uhlenbeck,199,66.26418103300598,20.075113841569877,3972.8074731333354,2199.7278177525454,137.57835313333453,-13.751946079736395,3935.229120000001,2224.687658403557,100.0,11.20789457127575,0.0,2462.845251670314,0.0,0.0,2224.687658403557,0.0,0.13919973373413086,0.014995574951171875,0.5,0.010101010101010102,851744.0033212546,436206.3397996132,282.56000000000034,1178.2078207504258,0.4848484848484849,4.894940909363876,5.379789394212361
ornstein-uhlenbeck,200,73.86155383057145,23.464294691434056,4412.435196129363,2192.3145238899165,162.72639612936226,-21.165239942365286,4349.708800000001,2224.687658403557,100.0,11.20789457127575,0.0,2741.1878235775016,0.0,0.0,2224.687658403557,0.0,0.1407325267791748,0.024933815002441406,0.5,0.010101010101010102,856156.438517384,438398.65432350314,284.0800000000003,1183.5876101446381,0.4848484848484849,4.894940909363876,5.379789394212361
ornstein-uhlenbeck,201,75.16702471845572,22.600775897201004,4420.103353384713,2187.6740164133525,159.8105533847127,-25.805747418928867,4360.2928,2224.687658403557,100.0,11.20789457127575,0.0,2734.125286961319,0.0,0.0,2224.687658403557,0.0,0.11348605155944824,0.010024309158325195,0.5,0.010101010101010102,860576.5418707688,440586.3283399165,285.6000000000003,1188.9673995388505,0.4848484848484849,4.894940909363876,5.379789394212361
ornstein-uhlenbeck,202,76.22836388852572,25.58531388822953,4417.04244890375,2191.6764398338883,169.02004890375102,-21.803323998393395,4348.022399999999,2224.687658403557,100.0,11.20789457127575,0.0,2717.4424841481873,0.0,0.0,2224.687658403557,0.0,0.16747331619262695,0.024008750915527344,0.5,0.010101010101010102,864993.5843196725,442778.00477975036,287.1200000000003,1194.3471889330629,0.4848484848484849,4.894940909363876,5.379789394212361
ornstein-uhlenbeck,203,74.33966639714576,22.68157747349098,4418.964676487712,2191.384401311423,174.1182764877115,-22.095362520858334,4344.8464,2224.687658403557,100.0,11.20789457127575,0.0,2691.8997639220283,0.0,0.0,2224.687658403557,0.0,0.12548613548278809,0.020092248916625977,0.5,0.010101010101010102,869412.5489961603,444969.38918106176,288.64000000000027,1199.7269783272752,0.4848484848484849,4.894940909363876,5.379789394212361
ornstein-uhlenbeck,204,75.87820261182219,24.36118331240573,4425.942589035267,2191.164189663354,169.136189035267,-22.315574168927373,4356.8063999999995,2224.687658403557,100.0,11.20789457127575,0.0,2702.107328265111,0.0,0.0,2224.687658403557,0.0,0.13999295234680176,0.021993637084960938,0.5,0.010101010101010102,873838.4915851955,447160.55337072513,290.16000000000025,1205.1067677214876,0.4848484848484849,4.894940909363876,5.379789394212361
ornstein-uhlenbeck,205,69.66710545558354,20.629350756877724,3989.5697146541265,2192.012587223081,147.54235465412503,-21.4671766092006,3942.0273600000014,2224.687658403557,100.0,11.20789457127575,0.0,2469.6842206419437,0.0,0.0,2224.687658403557,0.0,0.15063881874084473,0.02176523208618164,0.5,0.010101010101010102,877828.0612998497,449352.5659579482,291.68000000000023,1210.4865571157,0.4848484848484849,4.894940909363876,5.379789394212361
ornstein-uhlenbeck,206,69.47570124616813,20.946778564391515,3997.971296748193,2189.1263884395657,157.87497674819147,-24.353375392715744,3940.096320000001,2224.687658403557,100.0,11.20789457127575,0.0,2478.5204219836173,0.0,0.0,2224.687658403557,0.0,0.13038873672485352,0.019090652465820312,0.5,0.010101010101010102,881826.0325965978,451541.6923463878,293.2000000000002,1215.8663465099123,0.4848484848484849,4.894940909363876,5.379789394212361
ornstein-uhlenbeck,207,77.12572411695417,22.26948479512534,4429.710900617023,2188.8641034041416,178.29970061702258,-24.615660428140142,4351.4112000000005,2224.687658403557,100.0,11.20789457127575,0.0,2715.7697610568816,0.0,0.0,2224.687658403557,0.0,0.11532163619995117,0.023861408233642578,0.5,0.010101010101010102,886255.7434972149,453730.55644979194,294.7200000000002,1221.2461359041247,0.4848484848484849,4.894940909363876,5.379789394212361
ornstein-uhlenbeck,208,76.70671369473838,23.776666991110393,4437.005302110622,2195.0248441601634,170.18450211062282,-18.454919672118336,4366.8207999999995,2224.687658403557,100.0,11.20789457127575,0.0,2732.698444648173,0.0,0.0,2224.687658403557,0.0,0.150299072265625,0.014994382858276367,0.5,0.010101010101010102,890692.7487993254,455925.5812939521,296.2400000000002,1226.625925298337,0.4848484848484849,4.894940909363876,5.379789394212361
ornstein-uhlenbeck,209,81.80321136307873,23.290265281214126,4425.2355419426485,2191.2216587722246,175.4659419426493,-22.258105060057048,4349.7696,2224.687658403557,100.0,11.20789457127575,0.0,2719.3452642621305,0.0,0.0,2224.687658403557,0.0,0.15007472038269043,0.016994953155517578,0.5,0.010101010101010102,895117.9843412681,458116.80295272433,297.76000000000016,1232.0057146925494,0.4848484848484849,4.894940909363876,5.379789394212361
ornstein-uhlenbeck,210,78.6036606354538,25.064270704086745,4433.997020035062,2189.7268286829785,176.55542003506162,-23.75293514930294,4357.4416,2224.687658403557,100.0,11.20789457127575,0.0,2742.7820753578435,0.0,0.0,2224.687658403557,0.0,0.14815545082092285,0.016705036163330078,0.5,0.010101010101010102,899551.9813613031,460306.5297814073,299.28000000000014,1237.3855040867618,0.4848484848484849,4.894940909363876,5.379789394212361
ornstein-uhlenbeck,211,80.49998203503635,18.933623907873827,4431.230495283089,2190.8548540936713,163.7872952830885,-22.62490973861015,4367.443200000001,2224.687658403557,100.0,11.20789457127575,0.0,2751.2763230383885,0.0,0.0,2224.687658403557,0.0,0.10649847984313965,0.013955831527709961,0.5,0.010101010101010102,903983.2118565862,462497.384635501,300.8000000000001,1242.7652934809742,0.4848484848484849,4.894940909363876,5.379789394212361
ornstein-uhlenbeck,212,71.16707104317659,17.037203111271484,3988.87744586906,2191.5453005953327,145.35824586905892,-21.934463236948794,3943.519200000001,2224.687658403557,100.0,11.20789457127575,0.0,2454.4720268606156,0.0,0.0,2224.687658403557,0.0,0.11349034309387207,0.025989055633544922,0.5,0.010101010101010102,907972.0893024552,464688.92993609636,302.3200000000001,1248.1450828751865,0.4848484848484849,4.894940909363876,5.379789394212361
ornstein-uhlenbeck,213,69.75134630215267,22.129738399557635,4003.01270312213,2187.0599489921237,151.5403831221284,-26.419814840157922,3951.472320000001,2224.687658403557,100.0,11.20789457127575,0.0,2474.86088360322,0.0,0.0,2224.687658403557,0.0,0.1242368221282959,0.01499319076538086,0.5,0.010101010101010102,911975.1020055773,466875.98988508846,303.8400000000001,1253.5248722693989,0.4848484848484849,4.894940909363876,5.379789394212361
ornstein-uhlenbeck,214,78.94647962245057,22.735818821903937,4423.770779352296,2190.3957978977573,168.0267793522942,-23.08396593452405,4355.7440000000015,2224.687658403557,100.0,11.20789457127575,0.0,2715.0657469466246,0.0,0.0,2224.687658403557,0.0,0.12819957733154297,0.017101287841796875,0.5,0.010101010101010102,916398.8727849296,469066.38568298623,305.36000000000007,1258.9046616636113,0.4848484848484849,4.894940909363876,5.379789394212361
ornstein-uhlenbeck,215,79.69218979253121,24.853549999437558,4444.207935366256,2186.913735424095,172.97753536625578,-26.566028408186355,4371.2304,2224.687658403557,100.0,11.20789457127575,0.0,2750.533129686451,0.0,0.0,2224.687658403557,0.0,0.13819599151611328,0.024996042251586914,0.5,0.010101010101010102,920843.0807202959,471253.29941841034,306.88000000000005,1264.2844510578236,0.4848484848484849,4.894940909363876,5.379789394212361
ornstein-uhlenbeck,216,80.68526400750473,20.873818116458107,4430.501049776756,2185.550204783566,175.3234497767573,-27.92955904871559,4355.177599999999,2224.687658403557,100.0,11.20789457127575,0.0,2715.692860717981,0.0,0.0,2224.687658403557,0.0,0.1305835247039795,0.013988494873046875,0.5,0.010101010101010102,925273.5817700727,473438.8496231939,308.40000000000003,1269.664240452036,0.4848484848484849,4.894940909363876,5.379789394212361
ornstein-uhlenbeck,217,79.33466149503745,22.534710003184745,4433.000005039105,2191.512311393846,168.98560503910545,-21.96745243843529,4364.0144,2224.687658403557,100.0,11.20789457127575,0.0,2718.3306518649238,0.0,0.0,2224.687658403557,0.0,0.11863446235656738,0.021605730056762695,0.5,0.010101010101010102,929706.5817751118,475630.36193458777,309.92,1275.0440298462483,0.4848484848484849,4.894940909363876,5.379789394212361
ornstein-uhlenbeck,218,80.25261145838502,24.711053474938414,4441.1109795201,2192.3043595514478,187.42777952010005,-21.17540428083402,4353.6832,2224.687658403557,100.0,11.20789457127575,0.0,2699.6442743699736,0.0,0.0,2224.687658403557,0.0,0.14325356483459473,0.018088579177856445,0.5,0.010101010101010102,934147.692754632,477822.6662941392,311.44,1280.4238192404607,0.4848484848484849,4.894940909363876,5.379789394212361
ornstein-uhlenbeck,219,72.52409420616554,21.334799077247645,3998.104441204534,2195.4555845350287,155.1094012045328,-18.02417929725309,3942.995040000001,2224.687658403557,100.0,11.20789457127575,0.0,2480.911770248581,0.0,0.0,2224.687658403557,0.0,0.135545015335083,0.017978429794311523,0.5,0.010101010101010102,938145.7971958366,480018.12187867425,312.96,1285.803608634673,0.4848484848484849,4.894940909363876,5.379789394212361
ornstein-uhlenbeck,220,73.18503352887042,22.38643120524184,4010.2670066824585,2191.7992880409242,165.23436668245694,-21.680475791357356,3945.0326400000013,2224.687658403557,100.0,11.20789457127575,0.0,2466.2201229798948,0.0,0.0,2224.687658403557,0.0,0.09244322776794434,0.0200040340423584,0.5,0.010101010101010102,942156.064202519,482209.92116671515,314.47999999999996,1291.1833980288854,0.4848484848484849,4.894940909363876,5.379789394212361
ornstein-uhlenbeck,221,83.41454036304863,22.976168288075804,4409.1933057512715,2182.055407632039,146.12770575127053,-31.42435620024256,4363.065600000001,2224.687658403557,100.0,11.20789457127575,0.0,2750.9328032816566,0.0,0.0,2224.687658403557,0.0,0.1486654281616211,0.028627634048461914,0.5,0.010101010101010102,946565.2575082703,484391.9765743472,315.99999999999994,1296.5631874230978,0.4848484848484849,4.894940909363876,5.379789394212361
ornstein-uhlenbeck,222,84.9911160564511,21.92605323957532,4448.031252188252,2185.691856960007,171.39285218825276,-27.787906872274547,4376.6384,2224.687658403557,100.0,11.20789457127575,0.0,2726.429662515434,0.0,0.0,2224.687658403557,0.0,0.1303577423095703,0.015049219131469727,0.5,0.010101010101010102,951013.2887604586,486577.6684313072,317.5199999999999,1301.9429768173102,0.4848484848484849,4.894940909363876,5.379789394212361
ornstein-uhlenbeck,223,82.87666822740407,22.910541786282657,4428.368113940403,2180.6623529190515,180.88331394040392,-32.817410913229985,4347.484799999999,2224.687658403557,100.0,11.20789457127575,0.0,2697.667339608539,0.0,0.0,2224.687658403557,0.0,0.10721206665039062,0.013100147247314453,0.5,0.010101010101010102,955441.6568743989,488758.33078422624,319.0399999999999,1307.3227662115225,0.4848484848484849,4.894940909363876,5.379789394212361
ornstein-uhlenbeck,224,84.88548182093353,23.013732973873935,4436.809476588862,2185.9357484701054,173.37747658886167,-27.544015362176033,4363.432,2224.687658403557,100.0,11.20789457127575,0.0,2718.6585809715402,0.0,0.0,2224.687658403557,0.0,0.11969423294067383,0.023893356323242188,0.5,0.010101010101010102,959878.4663509878,490944.2665326964,320.5599999999999,1312.702555605735,0.4848484848484849,4.894940909363876,5.379789394212361
ornstein-uhlenbeck,225,83.5869581133221,20.895749651940154,4427.275185459347,2189.2048262187272,167.6015854593472,-24.274937613554386,4359.6736,2224.687658403557,100.0,11.20789457127575,0.0,2724.901592738551,0.0,0.0,2224.687658403557,0.0,0.13527607917785645,0.023365497589111328,0.5,0.010101010101010102,964305.7415364471,493133.4713589151,322.07999999999987,1318.0823449999473,0.4848484848484849,4.894940909363876,5.379789394212361
ornstein-uhlenbeck,226,77.09530981475741,20.88301721622349,4001.7534408371685,2182.680433707494,174.47744083716788,-30.799330124787314,3927.2760000000007,2224.687658403557,100.0,11.20789457127575,0.0,2461.676517212833,0.0,0.0,2224.687658403557,0.0,0.1251826286315918,0.012135505676269531,0.5,0.010101010101010102,968307.4949772842,495316.1517926226,323.59999999999985,1323.4621343941596,0.4848484848484849,4.894940909363876,5.379789394212361
ornstein-uhlenbeck,227,75.27074084518883,19.713568189845162,4002.7927718916317,2190.499756876217,156.71181189163042,-22.98000695606483,3946.080960000001,2224.687658403557,100.0,11.20789457127575,0.0,2482.004230172804,0.0,0.0,2224.687658403557,0.0,0.13445448875427246,0.013093709945678711,0.5,0.010101010101010102,972310.2877491758,497506.6515494988,325.11999999999983,1328.841923788372,0.4848484848484849,4.894940909363876,5.379789394212361
ornstein-uhlenbeck,228,84.2937320143834,20.424489438787756,4437.079167705673,2186.637522305798,175.85036770567186,-26.84224152648338,4361.228800000002,2224.687658403557,100.0,11.20789457127575,0.0,2726.5748846673437,0.0,0.0,2224.687658403557,0.0,0.12043166160583496,0.013043403625488281,0.5,0.010101010101010102,976747.3669168815,499693.28907180455,326.6399999999998,1334.2217131825844,0.4848484848484849,4.894940909363876,5.379789394212361
ornstein-uhlenbeck,229,84.89367479375393,20.709826052407884,4431.148837752103,2183.6365469781713,155.09283775210343,-29.84321685411031,4376.056,2224.687658403557,100.0,11.20789457127575,0.0,2731.633105052154,0.0,0.0,2224.687658403557,0.0,0.11176013946533203,0.018984556198120117,0.5,0.010101010101010102,981178.5157546336,501876.9256187827,328.1599999999998,1339.6015025767967,0.4848484848484849,4.894940909363876,5.379789394212361
ornstein-uhlenbeck,230,88.46501449390422,27.347272545546364,4437.949279957591,2188.9070310473703,193.70927995759104,-24.572732784911125,4344.24,2224.687658403557,100.0,11.20789457127575,0.0,2705.4910915621085,0.0,0.0,2224.687658403557,0.0,0.12767386436462402,0.027873754501342773,0.5,0.010101010101010102,985616.4650345912,504065.8326498301,329.6799999999998,1344.9812919710091,0.4848484848484849,4.894940909363876,5.379789394212361
ornstein-uhlenbeck,231,88.78991491053712,25.05061904001668,4443.9449723754515,2195.025914016034,191.98817237545057,-18.453849816247427,4351.956800000001,2224.687658403557,100.0,11.20789457127575,0.0,2733.3247710293226,0.0,0.0,2224.687658403557,0.0,0.15110421180725098,0.018105268478393555,0.5,0.010101010101010102,990060.4100069666,506260.8585638461,331.19999999999976,1350.3610813652215,0.4848484848484849,4.894940909363876,5.379789394212361
ornstein-uhlenbeck,232,84.34409027993597,24.02585679042642,4445.148298763684,2189.910216151749,172.2970987636836,-23.56954768053251,4372.8512,2224.687658403557,100.0,11.20789457127575,0.0,2725.058420444789,0.0,0.0,2224.687658403557,0.0,0.1435379981994629,0.025995969772338867,0.5,0.010101010101010102,994505.5583057302,508450.76877999783,332.71999999999974,1355.7408707594338,0.4848484848484849,4.894940909363876,5.379789394212361
ornstein-uhlenbeck,233,80.16942590497666,21.351022102089512,3996.540589983092,2189.585571404963,155.0777099830908,-23.894192427318607,3941.4628800000014,2224.687658403557,100.0,11.20789457127575,0.0,2456.5691600807377,0.0,0.0,2224.687658403557,0.0,0.14064836502075195,0.020333528518676758,0.5,0.010101010101010102,998502.0988957133,510640.3543514028,334.2399999999997,1361.1206601536462,0.4848484848484849,4.894940909363876,5.379789394212361
ornstein-uhlenbeck,234,80.93097097381752,21.87044849713116,4017.9495264045745,2187.808026847343,177.32904640457355,-25.671736984938494,3940.620480000001,2224.687658403557,100.0,11.20789457127575,0.0,2479.944178492517,0.0,0.0,2224.687658403557,0.0,0.20721197128295898,0.018909931182861328,0.5,0.010101010101010102,1002520.048422118,512828.16237825016,335.7599999999997,1366.5004495478586,0.4848484848484849,4.894940909363876,5.379789394212361
ornstein-uhlenbeck,235,90.16215652691652,22.032637217114807,4433.46139478437,2174.969174423167,184.2453947843687,-38.510589409114736,4349.216000000001,2224.687658403557,100.0,11.20789457127575,0.0,2716.7290615397847,0.0,0.0,2224.687658403557,0.0,0.12684202194213867,0.015111446380615234,0.5,0.010101010101010102,1006953.5098169023,515003.1315526733,337.2799999999997,1371.880238942071,0.4848484848484849,4.894940909363876,5.379789394212361
ornstein-uhlenbeck,236,89.85759965681564,19.52090896940532,4456.03181060853,2180.140580149713,185.38381060852913,-33.33918368256843,4370.648,2224.687658403557,100.0,11.20789457127575,0.0,2739.647770783047,0.0,0.0,2224.687658403557,0.0,0.11478328704833984,0.014001607894897461,0.5,0.010101010101010102,1011409.5416275109,517183.272132823,338.79999999999967,1377.2600283362833,0.4848484848484849,4.894940909363876,5.379789394212361
ornstein-uhlenbeck,237,88.46347809801284,20.990200385194644,4413.765176096195,2185.4303207495627,160.827576096196,-28.049443082718778,4352.937599999999,2224.687658403557,100.0,11.20789457127575,0.0,2712.127600351464,0.0,0.0,2224.687658403557,0.0,0.15606117248535156,0.02489924430847168,0.5,0.010101010101010102,1015823.3068036071,519368.7024535726,340.31999999999965,1382.6398177304957,0.4848484848484849,4.894940909363876,5.379789394212361
ornstein-uhlenbeck,238,91.52328704600946,23.90787531788533,4456.044513721628,2187.5044890557447,203.55011372162764,-25.975274776536846,4352.4944000000005,2224.687658403557,100.0,11.20789457127575,0.0,2716.520224749034,0.0,0.0,2224.687658403557,0.0,0.13231873512268066,0.024996519088745117,0.5,0.010101010101010102,1020279.3513173288,521556.2069426283,341.83999999999963,1388.019607124708,0.4848484848484849,4.894940909363876,5.379789394212361
ornstein-uhlenbeck,239,92.57678459690737,19.91384434728242,4435.267650810558,2179.6327983290207,180.464450810558,-33.84696550326091,4354.8032,2224.687658403557,100.0,11.20789457127575,0.0,2714.4122504771117,0.0,0.0,2224.687658403557,0.0,0.1479356288909912,0.024996519088745117,0.5,0.010101010101010102,1024714.6189681393,523735.8397409573,343.3599999999996,1393.3993965189204,0.4848484848484849,4.894940909363876,5.379789394212361
ornstein-uhlenbeck,240,80.96556862702896,18.702788108699057,3998.2287663371317,2185.3440465854774,165.56140633713065,-28.135717246804063,3932.6673600000013,2224.687658403557,100.0,11.20789457127575,0.0,2444.2665387511825,0.0,0.0,2224.687658403557,0.0,0.13896822929382324,0.012006998062133789,0.5,0.010101010101010102,1028712.8477344764,525921.1837875427,344.8799999999996,1398.7791859131328,0.4848484848484849,4.894940909363876,5.379789394212361
ornstein-uhlenbeck,241,80.57278543384025,16.87480313618073,4000.603607283212,2183.6138037486257,160.99112728321126,-29.865960083655743,3939.612480000001,2224.687658403557,100.0,11.20789457127575,0.0,2461.413143355458,0.0,0.0,2224.687658403557,0.0,0.15562701225280762,0.024092435836791992,0.5,0.010101010101010102,1032713.4513417596,528104.7975912914,346.3999999999996,1404.1589753073451,0.4848484848484849,4.894940909363876,5.379789394212361
ornstein-uhlenbeck,242,90.97204208996767,25.78699334250964,4444.753944218285,2186.8107388545113,191.83234421828473,-26.669024977770064,4352.921600000001,2224.687658403557,100.0,11.20789457127575,0.0,2717.510164767319,0.0,0.0,2224.687658403557,0.0,0.15220236778259277,0.02099013328552246,0.5,0.010101010101010102,1037158.2052859779,530291.6083301458,347.91999999999956,1409.5387647015575,0.4848484848484849,4.894940909363876,5.379789394212361
ornstein-uhlenbeck,243,93.54669654038985,22.87856743779303,4456.12763918925,2180.056420610246,196.4620391892492,-33.42334322203586,4359.6656,2224.687658403557,100.0,11.20789457127575,0.0,2710.9969340758034,0.0,0.0,2224.687658403557,0.0,0.14441227912902832,0.015912532806396484,0.5,0.010101010101010102,1041614.3329251672,532471.6647507561,349.43999999999954,1414.9185540957699,0.4848484848484849,4.894940909363876,5.379789394212361
ornstein-uhlenbeck,244,92.30080929022358,23.62637994118057,4439.968007744488,2189.0555792576442,185.32800774448842,-24.424184574637245,4354.639999999999,2224.687658403557,100.0,11.20789457127575,0.0,2710.387602845766,0.0,0.0,2224.687658403557,0.0,0.21038389205932617,0.02411651611328125,0.5,0.010101010101010102,1046054.3009329117,534660.7203300138,350.9599999999995,1420.2983434899822,0.4848484848484849,4.894940909363876,5.379789394212361
ornstein-uhlenbeck,245,90.24680202180939,21.73849141629442,4447.096277742656,2184.079293566763,189.60987774265547,-29.40047026551834,4357.486400000001,2224.687658403557,100.0,11.20789457127575,0.0,2720.5751717810776,0.0,0.0,2224.687658403557,0.0,0.13926172256469727,0.024890422821044922,0.5,0.010101010101010102,1050501.3972106543,536844.7996235805,352.4799999999995,1425.6781328841946,0.4848484848484849,4.894940909363876,5.379789394212361
ornstein-uhlenbeck,246,94.62163452947846,26.116232687698133,4466.800098931713,2192.956150366686,206.58889893171374,-20.52361346559545,4360.2112,2224.687658403557,100.0,11.20789457127575,0.0,2723.1678367919253,0.0,0.0,2224.687658403557,0.0,0.15213322639465332,0.02410149574279785,0.5,0.010101010101010102,1054968.197309586,539037.7557739472,353.9999999999995,1431.057922278407,0.4848484848484849,4.894940909363876,5.379789394212361
ornstein-uhlenbeck,247,83.23722394124384,18.677784010296165,3994.9079200701194,2183.754109759923,168.63992007011842,-29.72565407235861,3926.268000000001,2224.687658403557,100.0,11.20789457127575,0.0,2445.988943595869,0.0,0.0,2224.687658403557,0.0,0.14045023918151855,0.013993024826049805,0.5,0.010101010101010102,1058963.1052296562,541221.5098837072,355.51999999999947,1436.4377116726193,0.4848484848484849,4.894940909363876,5.379789394212361
ornstein-uhlenbeck,248,81.96593440785772,18.275953253347865,4014.4827051935563,2180.5191963887105,163.5345451935554,-32.960567443570895,3950.948160000001,2224.687658403557,100.0,11.20789457127575,0.0,2457.734922265661,0.0,0.0,2224.687658403557,0.0,0.12986159324645996,0.024232149124145508,0.5,0.010101010101010102,1062977.5879348498,543402.0290800958,357.03999999999945,1441.8175010668317,0.4848484848484849,4.894940909363876,5.379789394212361
ornstein-uhlenbeck,249,91.63068571762524,24.05925068392158,4456.196218837471,2185.3879386790304,206.44261883747023,-28.091825153251207,4349.753600000001,2224.687658403557,100.0,11.20789457127575,0.0,2714.0099061006786,0.0,0.0,2224.687658403557,0.0,0.13406682014465332,0.01601099967956543,0.5,0.010101010101010102,1067433.7841536873,545587.4170187749,358.55999999999943,1447.197290461044,0.4848484848484849,4.894940909363876,5.379789394212361
ornstein-uhlenbeck,250,94.04307611621141,23.67109665974906,4460.8468362257345,2183.21012220146,190.19883622573394,-30.26964163082161,4370.648,2224.687658403557,100.0,11.20789457127575,0.0,2733.380834765429,0.0,0.0,2224.687658403557,0.0,0.12004256248474121,0.02511429786682129,0.5,0.010101010101010102,1071894.6309899131,547770.6271409764,360.0799999999994,1452.5770798552564,0.4848484848484849,4.894940909363876,5.379789394212361
ornstein-uhlenbeck,251,93.98507856350938,21.957730783025347,4434.515334073501,2185.496741629282,179.87533407350222,-27.983022202999635,4354.639999999999,2224.687658403557,100.0,11.20789457127575,0.0,2730.0718776892763,0.0,0.0,2224.687658403557,0.0,0.15169358253479004,0.026031970977783203,0.5,0.010101010101010102,1076329.1463239866,549956.1238826057,361.5999999999994,1457.9568692494688,0.4848484848484849,4.894940909363876,5.379789394212361
ornstein-uhlenbeck,252,94.498245163913,20.998824630532194,4424.944167046352,2181.520583067588,169.6977670463521,-31.959180764693453,4355.2464,2224.687658403557,100.0,11.20789457127575,0.0,2726.749918041832,0.0,0.0,2224.687658403557,0.0,0.13458871841430664,0.022006988525390625,0.5,0.010101010101010102,1080754.090491033,552137.6444656732,363.1199999999994,1463.3366586436812,0.4848484848484849,4.894940909363876,5.379789394212361
ornstein-uhlenbeck,253,90.73077794292023,22.765639694755023,4445.228230995358,2182.636079944994,181.18983099535797,-30.843683887287607,4364.0384,2224.687658403557,100.0,11.20789457127575,0.0,2704.7529020148786,0.0,0.0,2224.687658403557,0.0,0.1662294864654541,0.018525362014770508,0.5,0.010101010101010102,1085199.3187220283,554320.2805456183,364.63999999999936,1468.7164480378935,0.4848484848484849,4.894940909363876,5.379789394212361
ornstein-uhlenbeck,254,86.96525604470567,19.94452012224757,4000.9607208136003,2183.67148645644,173.20088081359944,-29.8082773758416,3927.759840000001,2224.687658403557,100.0,11.20789457127575,0.0,2469.902394303842,0.0,0.0,2224.687658403557,0.0,0.13607573509216309,0.02599191665649414,0.5,0.010101010101010102,1089200.279442842,556503.9520320747,366.15999999999934,1474.096237432106,0.4848484848484849,4.894940909363876,5.379789394212361
ornstein-uhlenbeck,255,88.03474561561461,20.540611646262047,4009.4392738626357,2172.6043718677965,174.25047386263472,-40.8753919644852,3935.188800000001,2224.687658403557,100.0,11.20789457127575,0.0,2461.5823896878856,0.0,0.0,2224.687658403557,0.0,0.13718008995056152,0.02599930763244629,0.5,0.010101010101010102,1093209.7187167045,558676.5564039425,367.6799999999993,1479.4760268263183,0.4848484848484849,4.894940909363876,5.379789394212361
ornstein-uhlenbeck,256,95.61854811498544,22.86994348272615,4439.564142363195,2179.730070652703,178.2905423631939,-33.74969317957836,4361.273600000001,2224.687658403557,100.0,11.20789457127575,0.0,2739.531674464867,0.0,0.0,2224.687658403557,0.0,0.16657543182373047,0.025997161865234375,0.5,0.010101010101010102,1097649.2828590677,560856.2864745952,369.1999999999993,1484.8558162205306,0.4848484848484849,4.894940909363876,5.379789394212361
ornstein-uhlenbeck,257,95.84009609419581,21.611055895079513,4460.975938284476,2176.847305069421,184.33753828447578,-36.632458762860615,4376.6384,2224.687658403557,100.0,11.20789457127575,0.0,2746.36150953932,0.0,0.0,2224.687658403557,0.0,0.11970925331115723,0.015995264053344727,0.5,0.010101010101010102,1102110.2587973522,563033.1337796646,370.7199999999993,1490.235605614743,0.4848484848484849,4.894940909363876,5.379789394212361
ornstein-uhlenbeck,258,97.00127917814854,23.41812086543842,4439.581272807901,2173.8565650842747,184.40367280790184,-39.62319874800682,4355.177599999999,2224.687658403557,100.0,11.20789457127575,0.0,2730.245212908473,0.0,0.0,2224.687658403557,0.0,0.11359763145446777,0.01905226707458496,0.5,0.010101010101010102,1106549.84007016,565206.990344749,372.23999999999927,1495.6153950089554,0.4848484848484849,4.894940909363876,5.379789394212361
ornstein-uhlenbeck,259,95.58346017315306,22.273946065831282,4455.942351633554,2182.35138247546,200.2031516335524,-31.128381356821638,4355.739200000001,2224.687658403557,100.0,11.20789457127575,0.0,2711.041055906603,0.0,0.0,2224.687658403557,0.0,0.23190999031066895,0.011090993881225586,0.5,0.010101010101010102,1111005.7824217936,567389.3417272244,373.75999999999925,1500.9951844031677,0.4848484848484849,4.894940909363876,5.379789394212361
ornstein-uhlenbeck,260,97.15403959963383,25.340035721347224,4468.5506575504005,2185.0197092952344,210.57945755040032,-28.460054537047057,4357.9712,2224.687658403557,100.0,11.20789457127575,0.0,2717.8123167057265,0.0,0.0,2224.687658403557,0.0,0.12248682975769043,0.010006427764892578,0.5,0.010101010101010102,1115474.333079344,569574.3614365197,375.27999999999923,1506.37497379738,0.4848484848484849,4.894940909363876,5.379789394212361
ornstein-uhlenbeck,261,86.29101336419622,22.47659420492121,3998.605110435,2184.978732695117,170.84527043499884,-28.501031137164645,3927.759840000001,2224.687658403557,100.0,11.20789457127575,0.0,2453.478137735907,0.0,0.0,2224.687658403557,0.0,0.1136620044708252,0.01699995994567871,0.5,0.010101010101010102,1119472.938189779,571759.3401692148,376.7999999999992,1511.7547631915925,0.4848484848484849,4.894940909363876,5.379789394212361
ornstein-uhlenbeck,262,88.01951304722634,20.01946273177169,4012.4171354005784,2183.381635812125,160.944815400577,-30.098128020156576,3951.472320000001,2224.687658403557,100.0,11.20789457127575,0.0,2467.6734184098264,0.0,0.0,2224.687658403557,0.0,0.15425467491149902,0.025719642639160156,0.5,0.010101010101010102,1123485.3553251794,573942.7218050269,378.3199999999992,1517.1345525858048,0.4848484848484849,4.894940909363876,5.379789394212361
ornstein-uhlenbeck,263,96.15877211030663,22.9674345754542,4444.700358715567,2177.770416980537,177.4811587155653,-35.709346851744556,4367.219200000001,2224.687658403557,100.0,11.20789457127575,0.0,2737.506592565351,0.0,0.0,2224.687658403557,0.0,0.15758585929870605,0.019992589950561523,0.5,0.010101010101010102,1127930.055683895,576120.4922220074,379.8399999999992,1522.5143419800172,0.4848484848484849,4.894940909363876,5.379789394212361
ornstein-uhlenbeck,264,97.51736117101059,23.261750912499227,4467.084069950084,2188.02997255482,208.4936699500843,-25.449791277461618,4358.5904,2224.687658403557,100.0,11.20789457127575,0.0,2724.4468627855863,0.0,0.0,2224.687658403557,0.0,0.12439727783203125,0.01573777198791504,0.5,0.010101010101010102,1132397.139753845,578308.5221945621,381.35999999999916,1527.8941313742296,0.4848484848484849,4.894940909363876,5.379789394212361
ornstein-uhlenbeck,265,98.5724263014838,21.760738409350676,4439.598050461538,2170.1145892127224,190.41085046153893,-43.36517461955896,4349.187199999999,2224.687658403557,100.0,11.20789457127575,0.0,2720.716510674587,0.0,0.0,2224.687658403557,0.0,0.11376428604125977,0.017058610916137695,0.5,0.010101010101010102,1136836.7378043067,580478.6367837748,382.87999999999914,1533.273920768442,0.4848484848484849,4.894940909363876,5.379789394212361
ornstein-uhlenbeck,266,99.05460751540731,20.206257019665884,4444.83733117212,2177.696824016384,201.11093117211965,-35.782939815897315,4343.7264000000005,2224.687658403557,100.0,11.20789457127575,0.0,2703.8855926742813,0.0,0.0,2224.687658403557,0.0,0.12595272064208984,0.026640653610229492,0.5,0.010101010101010102,1141281.5751354787,582656.3336077912,384.3999999999991,1538.6537101626543,0.4848484848484849,4.894940909363876,5.379789394212361
ornstein-uhlenbeck,267,101.1484823529626,22.19959456711976,4465.517059408003,2183.8663598459207,199.82105940800272,-29.613403986361078,4365.696,2224.687658403557,100.0,11.20789457127575,0.0,2736.3525285892674,0.0,0.0,2224.687658403557,0.0,0.14345216751098633,0.025946617126464844,0.5,0.010101010101010102,1145747.0921948866,584840.1999676372,385.9199999999991,1544.0334995568667,0.4848484848484849,4.894940909363876,5.379789394212361
ornstein-uhlenbeck,268,88.9113050780013,18.065317082129315,3998.0914647155387,2188.8123276084457,162.0199447155376,-24.667436223835725,3936.071520000001,2224.687658403557,100.0,11.20789457127575,0.0,2469.4342341292145,0.0,0.0,2224.687658403557,0.0,0.15000295639038086,0.02399587631225586,0.5,0.010101010101010102,1149745.1836596022,587029.0122952457,387.4399999999991,1549.413288951079,0.4848484848484849,4.894940909363876,5.379789394212361
ornstein-uhlenbeck,269,88.78165905125485,19.157777140445912,4025.397976397492,2182.985305633306,184.777496397491,-30.494458198975824,3940.620480000001,2224.687658403557,100.0,11.20789457127575,0.0,2469.166237167238,0.0,0.0,2224.687658403557,0.0,0.09262919425964355,0.01410222053527832,0.5,0.010101010101010102,1153770.5816359997,589211.9976008789,388.95999999999907,1554.7930783452914,0.4848484848484849,4.894940909363876,5.379789394212361
ornstein-uhlenbeck,270,99.31046294137246,19.47677183164167,4420.641047282296,2184.4983911520203,160.67304728229564,-28.981372680261362,4359.968000000001,2224.687658403557,100.0,11.20789457127575,0.0,2705.4276383276438,0.0,0.0,2224.687658403557,0.0,0.1666259765625,0.01899576187133789,0.5,0.010101010101010102,1158191.222683282,591396.495992031,390.47999999999905,1560.1728677395038,0.4848484848484849,4.894940909363876,5.379789394212361
ornstein-uhlenbeck,271,99.45083332887152,21.92083418263438,4436.665333072108,2236.0898648423827,163.64293307210812,0.0,4373.0224,2246.2876584035575,100.0,10.19779356117474,0.0,2748.770625143052,0.0,0.0,2246.2876584035575,0.0,0.14221835136413574,0.02563190460205078,0.5,0.0,1162627.8880163543,593632.5858568733,391.99999999999903,1565.0678086488676,0.0,4.894940909363876,4.894940909363876
ornstein-uhlenbeck,272,99.90596117670475,22.24431919705356,4449.149066717402,2179.6869738250816,201.12666671740305,-33.79279000719994,4348.022399999999,2224.687658403557,100.0,11.20789457127575,0.0,2743.4612429240765,0.0,0.0,2224.687658403557,0.0,0.11966061592102051,0.01509857177734375,0.5,0.010101010101010102,1167077.0370830717,595812.2728306984,393.519999999999,1570.44759804308,0.4848484848484849,4.894940909363876,5.379789394212361
ornstein-uhlenbeck,273,102.14663386476366,21.991673125620075,4452.488559297219,2182.2012266874463,195.62935929721868,-31.278537144835195,4356.8592,2224.687658403557,100.0,11.20789457127575,0.0,2719.164702805997,0.0,0.0,2224.687658403557,0.0,0.15977215766906738,0.02199411392211914,0.5,0.010101010101010102,1171529.525642369,597994.4740573858,395.039999999999,1575.8273874372924,0.4848484848484849,4.894940909363876,5.379789394212361
ornstein-uhlenbeck,274,100.49691455142003,22.667150508681537,4461.331521750288,2168.6039267611095,188.4803217502877,-44.875837071172235,4372.8512,2224.687658403557,100.0,11.20789457127575,0.0,2736.6232409200898,0.0,0.0,2224.687658403557,0.0,0.13876867294311523,0.018123388290405273,0.5,0.010101010101010102,1175990.8571641191,600163.0779841469,396.559999999999,1581.2071768315047,0.4848484848484849,4.894940909363876,5.379789394212361
ornstein-uhlenbeck,275,93.33712924625365,20.301727691604043,4014.956119936486,2179.9888710202517,187.19627993648533,-33.49089281202975,3927.759840000001,2224.687658403557,100.0,11.20789457127575,0.0,2437.4794843786103,0.0,0.0,2224.687658403557,0.0,0.10816812515258789,0.013992071151733398,0.5,0.010101010101010102,1180005.8132840556,602343.0668551672,398.07999999999896,1586.586966225717,0.4848484848484849,4.894940909363876,5.379789394212361
ornstein-uhlenbeck,276,92.31014295271767,22.162046754061752,4021.0326989114255,2184.0140266178705,170.0442189114242,-29.465737214411153,3950.988480000001,2224.687658403557,100.0,11.20789457127575,0.0,2454.470596859429,0.0,0.0,2224.687658403557,0.0,0.15025019645690918,0.023114919662475586,0.5,0.010101010101010102,1184026.845982967,604527.080881785,399.59999999999894,1591.9667556199295,0.4848484848484849,4.894940909363876,5.379789394212361
ornstein-uhlenbeck,277,104.48877977418033,23.93562070402709,4481.40400960443,2177.320890208179,218.42800960442838,-36.158873624102476,4362.9760000000015,2224.687658403557,100.0,11.20789457127575,0.0,2725.4968035531992,0.0,0.0,2224.687658403557,0.0,0.4629020690917969,0.023995161056518555,0.5,0.010101010101010102,1188508.2499925713,606704.4017719931,401.1199999999989,1597.3465450141418,0.4848484848484849,4.894940909363876,5.379789394212361
ornstein-uhlenbeck,278,103.39119140770163,22.799893232570955,4467.863931464657,2176.7242317829396,208.69113146465668,-36.755532049342236,4359.1728,2224.687658403557,100.0,11.20789457127575,0.0,2717.185912683434,0.0,0.0,2224.687658403557,0.0,0.10441088676452637,0.010000467300415039,0.5,0.010101010101010102,1192976.113924036,608881.1260037761,402.6399999999989,1602.7263344083542,0.4848484848484849,4.894940909363876,5.379789394212361
ornstein-uhlenbeck,279,101.74279442022078,23.80231671886622,4461.42674502688,2236.0898648423827,212.8219450268801,0.0,4348.6048,2246.2876584035575,100.0,10.19779356117474,0.0,2711.6751124816506,0.0,0.0,2246.2876584035575,0.0,0.12362909317016602,0.01199960708618164,0.5,0.0,1197437.5406690629,611117.2158686185,404.1599999999989,1607.621275317718,0.0,4.894940909363876,4.894940909363876
ornstein-uhlenbeck,280,103.1608835773136,22.39758351571945,4447.099628211635,2182.3811245639095,198.01002821163465,-31.098639268372104,4349.0896,2224.687658403557,100.0,11.20789457127575,0.0,2699.247593553671,0.0,0.0,2224.687658403557,0.0,0.12641406059265137,0.020994901657104492,0.5,0.010101010101010102,1201884.6402972746,613299.5969931823,405.67999999999887,1613.0010647119304,0.4848484848484849,4.894940909363876,5.379789394212361
ornstein-uhlenbeck,281,102.28009389357344,19.841461908592024,4442.790813507598,2236.0898648423827,174.15721350759776,0.0,4368.6336,2246.2876584035575,100.0,10.19779356117474,0.0,2737.59640870184,0.0,0.0,2246.2876584035575,0.0,0.12182497978210449,0.01699519157409668,0.5,0.0,1206327.431110782,615535.6868580247,407.19999999999885,1617.8960056212943,0.0,4.894940909363876,4.894940909363876
ornstein-uhlenbeck,282,92.30962813833519,20.245777911293082,4016.2859305188194,2182.1556803122544,183.13473051881843,-31.324083520027187,3933.1512000000007,2224.687658403557,100.0,11.20789457127575,0.0,2459.404583472583,0.0,0.0,2224.687658403557,0.0,0.11462020874023438,0.012994527816772461,0.5,0.010101010101010102,1210343.7170413008,617717.842538337,408.71999999999883,1623.2757950155067,0.4848484848484849,4.894940909363876,5.379789394212361
ornstein-uhlenbeck,283,91.61323634496013,19.90853122765057,4028.68837024773,2185.1503045157815,188.592050247729,-28.329459316499964,3940.096320000001,2224.687658403557,100.0,11.20789457127575,0.0,2449.9593649887674,0.0,0.0,2224.687658403557,0.0,0.1407158374786377,0.019520282745361328,0.5,0.010101010101010102,1214372.4054115487,619902.9928428527,410.2399999999988,1628.655584409719,0.4848484848484849,4.894940909363876,5.379789394212361
ornstein-uhlenbeck,284,103.29514017827,21.882973449135232,4464.843122706514,2236.0898648423827,203.56952270651266,0.0,4361.273600000001,2246.2876584035575,100.0,10.19779356117474,0.0,2728.0072621858703,0.0,0.0,2246.2876584035575,0.0,0.13103079795837402,0.03399324417114258,0.5,0.0,1218837.2485342552,622139.0827076951,411.7599999999988,1633.550525319083,0.0,4.894940909363876,4.894940909363876
ornstein-uhlenbeck,285,104.9856975988768,23.662272340653576,4471.330666379437,2236.0898648423827,211.66506637943692,0.0,4359.6656,2246.2876584035575,100.0,10.19779356117474,0.0,2733.081708790176,0.0,0.0,2246.2876584035575,0.0,0.11103200912475586,0.013552665710449219,0.5,0.0,1223308.5792006347,624375.1725725374,413.2799999999988,1638.4454662284468,0.0,4.894940909363876,4.894940909363876
ornstein-uhlenbeck,286,104.11401093086876,21.823835467010596,4458.9728886944395,2236.0898648423827,209.7856886944404,0.0,4349.187199999999,2246.2876584035575,100.0,10.19779356117474,0.0,2720.3451549847045,0.0,0.0,2246.2876584035575,0.0,0.11987924575805664,0.02399587631225586,0.5,0.0,1227767.552089329,626611.2624373798,414.79999999999876,1643.3404071378106,0.0,4.894940909363876,4.894940909363876
ornstein-uhlenbeck,287,102.53923131636816,23.527711950363425,4474.673213988837,2183.1772896986085,216.64921398883644,-30.30247413367296,4358.024,2224.687658403557,100.0,11.20789457127575,0.0,2722.736660020203,0.0,0.0,2224.687658403557,0.0,0.12152218818664551,0.016001224517822266,0.5,0.010101010101010102,1232242.225303318,628794.4397270784,416.31999999999874,1648.720196532023,0.4848484848484849,4.894940909363876,5.379789394212361
ornstein-uhlenbeck,288,104.46141685391304,22.871359766529967,4446.303599072661,2180.699415545258,177.0683990726611,-32.78034828702351,4369.2352,2224.687658403557,100.0,11.20789457127575,0.0,2761.6790446066634,0.0,0.0,2224.687658403557,0.0,0.1221158504486084,0.025049924850463867,0.5,0.010101010101010102,1236688.5289023905,630975.1391426236,417.8399999999987,1654.0999859262354,0.4848484848484849,4.894940909363876,5.379789394212361
ornstein-uhlenbeck,289,92.92411751749297,21.186176967930013,4016.025368925403,2177.9651313079708,182.35000892540194,-35.51463252431095,3933.675360000001,2224.687658403557,100.0,11.20789457127575,0.0,2466.977372294832,0.0,0.0,2224.687658403557,0.0,0.14458250999450684,0.02556467056274414,0.5,0.010101010101010102,1240704.554271316,633153.1042739316,419.3599999999987,1659.4797753204477,0.4848484848484849,4.894940909363876,5.379789394212361
ornstein-uhlenbeck,290,93.32378268094561,22.44385907731666,4033.698905408811,2188.114580125301,200.04226540880973,-25.365183706980716,3933.656640000001,2224.687658403557,100.0,11.20789457127575,0.0,2456.5004168609594,0.0,0.0,2224.687658403557,0.0,0.12791180610656738,0.010001182556152344,0.5,0.010101010101010102,1244738.2531767248,635341.2188540569,420.8799999999987,1664.85956471466,0.4848484848484849,4.894940909363876,5.379789394212361
ornstein-uhlenbeck,291,105.80420165690914,21.10072017658651,4417.4898396249755,2179.373341416669,156.98423962497495,-34.10642241561263,4360.5056,2224.687658403557,100.0,11.20789457127575,0.0,2744.4517719606747,0.0,0.0,2224.687658403557,0.0,0.14358949661254883,0.02564859390258789,0.5,0.010101010101010102,1249155.7430163499,637520.5921954736,422.39999999999867,1670.2393541088725,0.4848484848484849,4.894940909363876,5.379789394212361
ornstein-uhlenbeck,292,107.72975625189417,20.284453880589375,4464.082210155233,2236.0898648423827,195.67421015523252,0.0,4368.408,2246.2876584035575,100.0,10.19779356117474,0.0,2738.7059789548775,0.0,0.0,2246.2876584035575,0.0,0.2364354133605957,0.016994237899780273,0.5,0.0,1253619.825226505,639756.682060316,423.91999999999865,1675.1342950182363,0.0,4.894940909363876,4.894940909363876
ornstein-uhlenbeck,293,103.73098792909768,21.073494526096937,4443.236160410117,2236.0898648423827,200.6985604101169,0.0,4342.5376,2246.2876584035575,100.0,10.19779356117474,0.0,2723.127493426371,0.0,0.0,2246.2876584035575,0.0,0.15377545356750488,0.0258944034576416,0.5,0.0,1258063.0613869152,641992.7719251583,425.43999999999863,1680.0292359276002,0.0,4.894940909363876,4.894940909363876
ornstein-uhlenbeck,294,105.73210856683602,22.287119891639968,4449.0087175387,2236.0898648423827,191.5223175386991,0.0,4357.486400000001,2246.2876584035575,100.0,10.19779356117474,0.0,2712.7074001764126,0.0,0.0,2246.2876584035575,0.0,0.11873173713684082,0.026115894317626953,0.5,0.0,1262512.070104454,644228.8617900007,426.9599999999986,1684.924176836964,0.0,4.894940909363876,4.894940909363876
ornstein-uhlenbeck,295,102.95197883652064,18.60851952643353,4454.600694482089,2236.0898648423827,200.9174944820884,0.0,4353.6832,2246.2876584035575,100.0,10.19779356117474,0.0,2731.1576415128866,0.0,0.0,2246.2876584035575,0.0,0.14396023750305176,0.022925615310668945,0.5,0.0,1266966.670798936,646464.951654843,428.4799999999986,1689.819117746328,0.0,4.894940909363876,4.894940909363876
ornstein-uhlenbeck,296,96.84505836034698,21.769022648505853,4022.0519573109023,2183.0042902149344,183.92411731090036,-30.47547361734721,3938.1278400000015,2224.687658403557,100.0,11.20789457127575,0.0,2451.495864075524,0.0,0.0,2224.687658403557,0.0,0.13115835189819336,0.01161956787109375,0.5,0.010101010101010102,1270988.7227562468,648647.955945058,429.9999999999986,1695.1989071405403,0.4848484848484849,4.894940909363876,5.379789394212361
ornstein-uhlenbeck,297,96.10171626975536,20.547926001934325,4023.707277668368,2175.1147468504155,178.15047766836665,-38.365016981866056,3945.556800000001,2224.687658403557,100.0,11.20789457127575,0.0,2456.7821867750044,0.0,0.0,2224.687658403557,0.0,0.12596940994262695,0.018012285232543945,0.5,0.010101010101010102,1275012.4300339152,650823.0706919085,431.51999999999856,1700.5786965347527,0.4848484848484849,4.894940909363876,5.379789394212361
ornstein-uhlenbeck,298,101.10337927557555,25.367897613728257,4473.391896024411,2180.981192889513,221.93589602441023,-32.49857094276873,4351.456000000001,2224.687658403557,100.0,11.20789457127575,0.0,2745.9740027180646,0.0,0.0,2224.687658403557,0.0,0.13976764678955078,0.01679229736328125,0.5,0.010101010101010102,1279485.8219299396,653004.051884798,433.03999999999854,1705.958485928965,0.4848484848484849,4.894940909363876,5.379789394212361
ornstein-uhlenbeck,299,104.9549011693163,22.876571157113997,4475.94436243925,2176.9002323921095,220.1763624392487,-36.579531440172104,4355.768000000001,2224.687658403557,100.0,11.20789457127575,0.0,2725.685515196671,0.0,0.0,2224.687658403557,0.0,0.12651443481445312,0.012996673583984375,0.5,0.010101010101010102,1283961.7662923788,655180.9521171901,434.5599999999985,1711.3382753231774,0.4848484848484849,4.894940909363876,5.379789394212361
ornstein-uhlenbeck,300,105.01744245907584,24.258973063142033,4461.485579105498,2236.0898648423827,206.84557910549884,0.0,4354.639999999999,2246.2876584035575,100.0,10.19779356117474,0.0,2719.8890582317003,0.0,0.0,2246.2876584035575,0.0,0.11879229545593262,0.018181562423706055,0.5,0.0,1288423.2518714843,657417.0419820325,436.0799999999985,1716.2332162325413,0.0,4.894940909363876,4.894940909363876
ornstein-uhlenbeck,301,104.41166980639866,20.554666206905267,4463.179599200682,2173.746474140109,211.80519920068133,-39.73328969217247,4351.374400000001,2224.687658403557,100.0,11.20789457127575,0.0,2714.551317333522,0.0,0.0,2224.687658403557,0.0,0.11095499992370605,0.02763676643371582,0.5,0.010101010101010102,1292886.431470685,659590.7884561726,437.5999999999985,1721.6130056267536,0.4848484848484849,4.894940909363876,5.379789394212361
ornstein-uhlenbeck,302,104.80838246600354,22.98074466032848,4462.077733531511,2174.7991544435868,190.9289335315109,-38.68060938869481,4371.1488,2224.687658403557,100.0,11.20789457127575,0.0,2738.256080311001,0.0,0.0,2224.687658403557,0.0,0.1356496810913086,0.015002012252807617,0.5,0.010101010101010102,1297348.5092042165,661765.5876106161,439.11999999999847,1726.992795020966,0.4848484848484849,4.894940909363876,5.379789394212361
ornstein-uhlenbeck,303,92.95367758447772,20.706344764775192,4013.739440504969,2182.2128403103284,181.11240050496806,-31.266923521953036,3932.6270400000008,2224.687658403557,100.0,11.20789457127575,0.0,2446.4759544484214,0.0,0.0,2224.687658403557,0.0,0.14274024963378906,0.017220497131347656,0.5,0.010101010101010102,1301362.2486447215,663947.8004509264,440.63999999999845,1732.3725844151784,0.4848484848484849,4.894940909363876,5.379789394212361
ornstein-uhlenbeck,304,96.49061019457656,21.547778165270717,4041.064217932035,2176.19183144919,195.5074179320335,-37.28793238309141,3945.556800000001,2224.687658403557,100.0,11.20789457127575,0.0,2469.6656216820347,0.0,0.0,2224.687658403557,0.0,0.11859726905822754,0.024007558822631836,0.5,0.010101010101010102,1305403.3128626535,666123.9922823756,442.15999999999843,1737.7523738093907,0.4848484848484849,4.894940909363876,5.379789394212361
ornstein-uhlenbeck,305,103.8589762698344,20.378505079201915,4466.524851652479,2174.0520122212747,205.8336516524779,-39.427751611006926,4360.691200000001,2224.687658403557,100.0,11.20789457127575,0.0,2738.4730035872703,0.0,0.0,2224.687658403557,0.0,0.12885522842407227,0.023516178131103516,0.5,0.010101010101010102,1309869.837714306,668298.0442945969,443.6799999999984,1743.132163203603,0.4848484848484849,4.894940909363876,5.379789394212361
ornstein-uhlenbeck,306,103.91526396195452,20.603381225353676,4459.492284333289,2171.61573259204,183.3914843332887,-41.864031240241516,4376.1008,2224.687658403557,100.0,11.20789457127575,0.0,2730.1920595097663,0.0,0.0,2224.687658403557,0.0,0.13014626502990723,0.011009931564331055,0.5,0.010101010101010102,1314329.3299986394,670469.660027189,445.1999999999984,1748.5119525978155,0.4848484848484849,4.894940909363876,5.379789394212361
ornstein-uhlenbeck,307,108.29030982961918,23.789350438522174,4444.401613681327,2178.3731970184926,205.26881368132803,-35.10656681378909,4339.132799999999,2224.687658403557,100.0,11.20789457127575,0.0,2714.183435165135,0.0,0.0,2224.687658403557,0.0,0.22995829582214355,0.015717744827270508,0.5,0.010101010101010102,1318773.7316123208,672648.0332242075,446.7199999999984,1753.8917419920278,0.4848484848484849,4.894940909363876,5.379789394212361
ornstein-uhlenbeck,308,104.94840616740426,21.63093635879551,4459.494342198777,2175.762115526764,202.0527421987772,-37.71764830551768,4357.4416,2224.687658403557,100.0,11.20789457127575,0.0,2711.584229795618,0.0,0.0,2224.687658403557,0.0,0.12679386138916016,0.01797795295715332,0.5,0.010101010101010102,1323233.2259545196,674823.7953397342,448.23999999999836,1759.2715313862402,0.4848484848484849,4.894940909363876,5.379789394212361
ornstein-uhlenbeck,309,103.49292960755973,24.315137518648,4467.656909983867,2181.6448345840636,214.60090998386744,-31.83492924821823,4353.056,2224.687658403557,100.0,11.20789457127575,0.0,2733.690992835189,0.0,0.0,2224.687658403557,0.0,0.11065888404846191,0.020541906356811523,0.5,0.010101010101010102,1327700.8828645034,677005.4401743183,449.75999999999834,1764.6513207804526,0.4848484848484849,4.894940909363876,5.379789394212361
ornstein-uhlenbeck,310,94.44591505346598,23.376764769432615,4033.9191156738116,2185.230574962369,195.79127567381025,-28.249188869912775,3938.1278400000015,2224.687658403557,100.0,11.20789457127575,0.0,2462.4914326593694,0.0,0.0,2224.687658403557,0.0,0.14923596382141113,0.021104812622070312,0.5,0.010101010101010102,1331734.8019801772,679190.6707492806,451.2799999999983,1770.031110174665,0.4848484848484849,4.894940909363876,5.379789394212361
ornstein-uhlenbeck,311,96.26754455611054,22.150190321194934,4024.620342819091,2182.731458948509,175.3944228190902,-30.748304883772462,3949.225920000001,2224.687658403557,100.0,11.20789457127575,0.0,2467.812438120183,0.0,0.0,2224.687658403557,0.0,0.12326574325561523,0.009145259857177734,0.5,0.010101010101010102,1335759.4223229962,681373.4022082291,452.7999999999983,1775.4108995688773,0.4848484848484849,4.894940909363876,5.379789394212361
ornstein-uhlenbeck,312,104.54557560051278,22.88093181062318,4463.255965703404,2236.0898648423827,211.8447657034042,0.0,4351.4112000000005,2246.2876584035575,100.0,10.19779356117474,0.0,2728.132256375995,0.0,0.0,2246.2876584035575,0.0,0.13665342330932617,0.018999099731445312,0.5,0.0,1340222.6782886996,683609.4920730714,454.3199999999983,1780.3058404782412,0.0,4.894940909363876,4.894940909363876
ornstein-uhlenbeck,313,105.18883625407823,23.18995663041597,4461.185773820185,2236.0898648423827,189.8849738201851,0.0,4371.3008,2246.2876584035575,100.0,10.19779356117474,0.0,2716.9719376072517,0.0,0.0,2246.2876584035575,0.0,0.2163708209991455,0.024776458740234375,0.5,0.0,1344683.8640625197,685845.5819379138,455.83999999999827,1785.200781387605,0.0,4.894940909363876,4.894940909363876
ornstein-uhlenbeck,314,102.81206069829807,24.1771767544462,4457.833078050636,2182.4693827833903,223.57067805063642,-31.010381048891357,4334.2624,2224.687658403557,100.0,11.20789457127575,0.0,2716.8269673570926,0.0,0.0,2224.687658403557,0.0,0.13888955116271973,0.023995161056518555,0.5,0.010101010101010102,1349141.6971405703,688028.0513206972,457.35999999999825,1790.5805707818174,0.4848484848484849,4.894940909363876,5.379789394212361
ornstein-uhlenbeck,315,101.77440096518698,22.01837938854977,4444.3226335630125,2177.031582597921,184.25063356301206,-36.448181234360675,4360.072,2224.687658403557,100.0,11.20789457127575,0.0,2746.018668795098,0.0,0.0,2224.687658403557,0.0,0.10886573791503906,0.017614126205444336,0.5,0.010101010101010102,1353586.0197741333,690205.082903295,458.87999999999823,1795.9603601760298,0.4848484848484849,4.894940909363876,5.379789394212361
ornstein-uhlenbeck,316,105.03434464655966,21.837483161918044,4465.4216068676205,2176.8946983454575,205.74800686762052,-36.585065486824085,4359.6736,2224.687658403557,100.0,11.20789457127575,0.0,2746.2288048272912,0.0,0.0,2224.687658403557,0.0,0.11675477027893066,0.025522708892822266,0.5,0.010101010101010102,1358051.441381001,692381.9776016405,460.3999999999982,1801.3401495702421,0.4848484848484849,4.894940909363876,5.379789394212361
ornstein-uhlenbeck,317,97.85229882816945,21.039362913130198,4010.1031637457218,2176.482435096873,168.59996374572052,-36.9973287354088,3941.503200000001,2224.687658403557,100.0,11.20789457127575,0.0,2445.622740803053,0.0,0.0,2224.687658403557,0.0,0.1358811855316162,0.019685983657836914,0.5,0.010101010101010102,1362061.5445447466,694558.4600367374,461.9199999999982,1806.7199389644545,0.4848484848484849,4.894940909363876,5.379789394212361
ornstein-uhlenbeck,318,94.44283254787672,24.510999449129002,4035.3421174549558,2179.3579614238147,184.35363745495465,-34.12180240846674,3950.988480000001,2224.687658403557,100.0,11.20789457127575,0.0,2473.835112507028,0.0,0.0,2224.687658403557,0.0,0.13289809226989746,0.00997471809387207,0.5,0.010101010101010102,1366096.8866622015,696737.8179981612,463.4399999999982,1812.0997283586669,0.4848484848484849,4.894940909363876,5.379789394212361
ornstein-uhlenbeck,319,101.1147751221636,22.803898185522694,4468.832190002803,2175.5099879793183,219.1233900028015,-37.969775852963245,4349.708800000001,2224.687658403557,100.0,11.20789457127575,0.0,2708.958962888686,0.0,0.0,2224.687658403557,0.0,0.14543652534484863,0.02199578285217285,0.5,0.010101010101010102,1370565.7188522043,698913.3279861405,464.95999999999816,1817.4795177528792,0.4848484848484849,4.894940909363876,5.379789394212361
ornstein-uhlenbeck,320,103.15443038751107,23.929738146606955,4473.832393155281,2178.4915046594306,202.01959315528154,-34.98825917285109,4371.8128,2224.687658403557,100.0,11.20789457127575,0.0,2739.8715414860285,0.0,0.0,2224.687658403557,0.0,0.14696884155273438,0.024912357330322266,0.5,0.010101010101010102,1375039.5512453595,701091.8194907999,466.47999999999814,1822.8593071470916,0.4848484848484849,4.894940909363876,5.379789394212361
ornstein-uhlenbeck,321,102.02332670036685,23.178910834888832,4443.001343354854,2175.975166911683,202.70374335485513,-37.504596920598665,4340.297599999999,2224.687658403557,100.0,11.20789457127575,0.0,2715.1021498379932,0.0,0.0,2224.687658403557,0.0,0.16858839988708496,0.02200484275817871,0.5,0.010101010101010102,1379482.5525887143,703267.7946577116,467.9999999999981,1828.239096541304,0.4848484848484849,4.894940909363876,5.379789394212361
ornstein-uhlenbeck,322,105.79645640997644,22.878704830451742,4462.440292090538,2173.371550375256,205.53629209053736,-40.10821345702552,4356.904,2224.687658403557,100.0,11.20789457127575,0.0,2726.860290463643,0.0,0.0,2224.687658403557,0.0,0.13807082176208496,0.021521568298339844,0.5,0.010101010101010102,1383944.992880805,705441.1662080869,469.5199999999981,1833.6188859355163,0.4848484848484849,4.894940909363876,5.379789394212361
ornstein-uhlenbeck,323,104.53534308928484,23.562647250349414,4478.47790436832,2173.237713816413,211.61710436832016,-40.242050015868706,4366.8608,2224.687658403557,100.0,11.20789457127575,0.0,2732.4171575909277,0.0,0.0,2224.687658403557,0.0,0.13802695274353027,0.021175622940063477,0.5,0.010101010101010102,1388423.4707851734,707614.4039219033,471.0399999999981,1838.9986753297287,0.4848484848484849,4.894940909363876,5.379789394212361
ornstein-uhlenbeck,324,92.25466572938603,21.667912365910183,4029.3581920423767,2186.318638998785,197.21499204237583,-27.161124833496682,3932.143200000001,2224.687658403557,100.0,11.20789457127575,0.0,2447.309985635122,0.0,0.0,2224.687658403557,0.0,0.13397455215454102,0.022889137268066406,0.5,0.010101010101010102,1392452.8289772158,709800.7225609021,472.55999999999807,1844.378464723941,0.4848484848484849,4.894940909363876,5.379789394212361
ornstein-uhlenbeck,325,92.00136177822712,18.656806294850522,4034.850900572038,2186.8513256022775,183.90274057203726,-26.62843823000416,3950.948160000001,2224.687658403557,100.0,11.20789457127575,0.0,2471.4070279944776,0.0,0.0,2224.687658403557,0.0,0.15118885040283203,0.021997690200805664,0.5,0.010101010101010102,1396487.6798777878,711987.5738865044,474.07999999999805,1849.7582541181534,0.4848484848484849,4.894940909363876,5.379789394212361
ornstein-uhlenbeck,326,103.93263017010025,24.952745017486713,4462.7408791612515,2180.713519354961,211.3296791612512,-32.76624447732039,4351.4112000000005,2224.687658403557,100.0,11.20789457127575,0.0,2734.416023584681,0.0,0.0,2224.687658403557,0.0,0.14790582656860352,0.026598453521728516,0.5,0.010101010101010102,1400950.420756949,714168.2874058593,475.59999999999803,1855.1380435123658,0.4848484848484849,4.894940909363876,5.379789394212361
ornstein-uhlenbeck,327,100.47721057938013,22.417752515012918,4467.870398810359,2168.7759974320757,196.63999881035838,-44.70376640020575,4371.2304,2224.687658403557,100.0,11.20789457127575,0.0,2729.23272555593,0.0,0.0,2224.687658403557,0.0,0.12192416191101074,0.011999130249023438,0.5,0.010101010101010102,1405418.2911557595,716337.0634032914,477.119999999998,1860.5178329065782,0.4848484848484849,4.894940909363876,5.379789394212361
ornstein-uhlenbeck,328,100.83965988550706,23.021871570839455,4436.067584451961,2175.0101814537006,194.69478445196216,-38.46958237858079,4341.372799999999,2224.687658403557,100.0,11.20789457127575,0.0,2707.2042017349145,0.0,0.0,2224.687658403557,0.0,0.11007094383239746,0.008999824523925781,0.5,0.010101010101010102,1409854.3587402115,718512.073584745,478.639999999998,1865.8976223007905,0.4848484848484849,4.894940909363876,5.379789394212361
ornstein-uhlenbeck,329,101.14768134765315,24.326155309998665,4461.21439303144,2182.0114691511376,216.95039303143975,-31.468294681144076,4344.264,2224.687658403557,100.0,11.20789457127575,0.0,2709.006284767852,0.0,0.0,2224.687658403557,0.0,0.1332261562347412,0.021995067596435547,0.5,0.010101010101010102,1414315.573133243,720694.0850538962,480.159999999998,1871.277411695003,0.4848484848484849,4.894940909363876,5.379789394212361
ornstein-uhlenbeck,330,100.76630287957919,22.7387631636071,4458.294682882535,2177.8450008817604,187.1458828825348,-35.634762950521235,4371.1488,2224.687658403557,100.0,11.20789457127575,0.0,2732.7473780428904,0.0,0.0,2224.687658403557,0.0,0.12404394149780273,0.021000146865844727,0.5,0.010101010101010102,1418773.8678161255,722871.930054778,481.67999999999796,1876.6572010892153,0.4848484848484849,4.894940909363876,5.379789394212361
ornstein-uhlenbeck,331,94.22059715423308,21.308585982236732,4004.8489671755424,2183.125987589586,172.74608717554113,-30.35377624269556,3932.102880000001,2224.687658403557,100.0,11.20789457127575,0.0,2459.758293235036,0.0,0.0,2224.687658403557,0.0,0.1252131462097168,0.02110147476196289,0.5,0.010101010101010102,1422778.716783301,725055.0560423676,483.19999999999794,1882.0369904834276,0.4848484848484849,4.894940909363876,5.379789394212361
ornstein-uhlenbeck,332,91.83407426662647,22.297544116295082,4035.624389586799,2178.3462303071583,201.92742958679895,-35.13353352512351,3933.6969600000007,2224.687658403557,100.0,11.20789457127575,0.0,2461.289757434216,0.0,0.0,2224.687658403557,0.0,0.15391111373901367,0.02646946907043457,0.5,0.010101010101010102,1426814.3411728877,727233.4022726747,484.7199999999979,1887.41677987764,0.4848484848484849,4.894940909363876,5.379789394212361
ornstein-uhlenbeck,333,100.41908255670812,24.49559839354018,4448.499157247325,2172.512919606776,186.03515724732358,-40.96684422550547,4362.464000000001,2224.687658403557,100.0,11.20789457127575,0.0,2732.3763381248004,0.0,0.0,2224.687658403557,0.0,0.16222453117370605,0.023121356964111328,0.5,0.010101010101010102,1431262.840330135,729405.9151922815,486.2399999999979,1892.7965692718524,0.4848484848484849,4.894940909363876,5.379789394212361
ornstein-uhlenbeck,334,101.70904052639764,20.2297592262643,4452.974106770141,2180.1039047558625,176.33570677014112,-33.3758590764193,4376.6384,2224.687658403557,100.0,11.20789457127575,0.0,2733.2955747388532,0.0,0.0,2224.687658403557,0.0,0.12934350967407227,0.023998737335205078,0.5,0.010101010101010102,1435715.8144369053,731586.0190970374,487.7599999999979,1898.1763586660647,0.4848484848484849,4.894940909363876,5.379789394212361
ornstein-uhlenbeck,335,102.62837967032108,20.278434363696206,4429.009622388899,2180.2348040487836,191.9248223888987,-33.24495978349804,4337.0848,2224.687658403557,100.0,11.20789457127575,0.0,2718.2035910657073,0.0,0.0,2224.687658403557,0.0,0.12923693656921387,0.02554011344909668,0.5,0.010101010101010102,1440144.8240592943,733766.2539010862,489.27999999999787,1903.556148060277,0.4848484848484849,4.894940909363876,5.379789394212361
ornstein-uhlenbeck,336,99.7590272169037,22.46807614168323,4453.317531850552,2179.7236952831827,196.41353185055118,-33.756068549098885,4356.904,2224.687658403557,100.0,11.20789457127575,0.0,2733.374431399737,0.0,0.0,2224.687658403557,0.0,0.12549924850463867,0.027638912200927734,0.5,0.010101010101010102,1444598.141591145,735945.9775963693,490.79999999999785,1908.9359374544895,0.4848484848484849,4.894940909363876,5.379789394212361
ornstein-uhlenbeck,337,101.37601908577169,20.590740337703586,4454.689947916783,2178.841456863562,201.00674791678284,-34.63830696871935,4353.6832,2224.687658403557,100.0,11.20789457127575,0.0,2716.65795637929,0.0,0.0,2224.687658403557,0.0,0.13803982734680176,0.023007631301879883,0.5,0.010101010101010102,1449052.8315390619,738124.8190532329,492.31999999999783,1914.3157268487018,0.4848484848484849,4.894940909363876,5.379789394212361
ornstein-uhlenbeck,338,90.31905971156375,22.535628244536273,4026.619343117686,2181.596578947899,192.94398311768498,-31.88318488438225,3933.675360000001,2224.687658403557,100.0,11.20789457127575,0.0,2441.955159075569,0.0,0.0,2224.687658403557,0.0,0.11988544464111328,0.0209810733795166,0.5,0.010101010101010102,1453079.4508821794,740306.4156321808,493.8399999999978,1919.6955162429142,0.4848484848484849,4.894940909363876,5.379789394212361
ornstein-uhlenbeck,339,89.36832825683378,18.38730368891117,4007.3935716378437,2171.9854956797126,173.2127716378423,-41.49426815256907,3934.180800000001,2224.687658403557,100.0,11.20789457127575,0.0,2461.010449499698,0.0,0.0,2224.687658403557,0.0,0.14130187034606934,0.016993045806884766,0.5,0.010101010101010102,1457086.8444538172,742478.4011278604,495.3599999999978,1925.0753056371266,0.4848484848484849,4.894940909363876,5.379789394212361
ornstein-uhlenbeck,340,100.86677575963296,22.44384608411732,4455.075066889228,2176.6424734096536,203.66386688922717,-36.83729042262819,4351.4112000000005,2224.687658403557,100.0,11.20789457127575,0.0,2707.725324530516,0.0,0.0,2224.687658403557,0.0,0.13723158836364746,0.021002769470214844,0.5,0.010101010101010102,1461541.9195207064,744655.0436012701,496.8799999999978,1930.455095031339,0.4848484848484849,4.894940909363876,5.379789394212361
ornstein-uhlenbeck,341,104.46959237503991,23.49490970788536,4478.745970165141,2179.4146721286784,207.51557016514084,-34.065091703603365,4371.2304,2224.687658403557,100.0,11.20789457127575,0.0,2718.1732266749605,0.0,0.0,2224.687658403557,0.0,0.12048482894897461,0.010999441146850586,0.5,0.010101010101010102,1466020.6654908715,746834.4582733987,498.39999999999776,1935.8348844255513,0.4848484848484849,4.894940909363876,5.379789394212361
ornstein-uhlenbeck,342,100.85675085629562,22.61931420458629,4408.953727435568,2179.747639390392,162.77452743556822,-33.73212444188963,4346.1792,2224.687658403557,100.0,11.20789457127575,0.0,2707.1968194420133,0.0,0.0,2224.687658403557,0.0,0.11905074119567871,0.014995813369750977,0.5,0.010101010101010102,1470429.619218307,749014.2059127891,499.91999999999774,1941.2146738197637,0.4848484848484849,4.894940909363876,5.379789394212361
ornstein-uhlenbeck,343,101.1586926643616,22.52000678329597,4437.018400868085,2184.8266083714757,174.70640086808493,-28.65315546080571,4362.312000000001,2224.687658403557,100.0,11.20789457127575,0.0,2736.4428097881773,0.0,0.0,2224.687658403557,0.0,0.10507941246032715,0.015995502471923828,0.5,0.010101010101010102,1474866.6376191752,751199.0325211606,501.4399999999977,1946.594463213976,0.4848484848484849,4.894940909363876,5.379789394212361
ornstein-uhlenbeck,344,102.11758270248417,19.270330024136918,4453.942377129629,2179.6345254425846,183.86877712962922,-33.845238389696775,4370.0736,2224.687658403557,100.0,11.20789457127575,0.0,2734.6761470997453,0.0,0.0,2224.687658403557,0.0,0.11057186126708984,0.022893905639648438,0.5,0.010101010101010102,1479320.5799963048,753378.6670466032,502.9599999999977,1951.9742526081884,0.4848484848484849,4.894940909363876,5.379789394212361
ornstein-uhlenbeck,345,90.07297413983383,18.665026499283957,4011.8662442350806,2184.819357256266,174.7464042350792,-28.660406576015866,3937.1198400000017,2224.687658403557,100.0,11.20789457127575,0.0,2463.7037488626743,0.0,0.0,2224.687658403557,0.0,0.12569928169250488,0.02289295196533203,0.5,0.010101010101010102,1483332.44624054,755563.4864038595,504.4799999999977,1957.3540420024008,0.4848484848484849,4.894940909363876,5.379789394212361
ornstein-uhlenbeck,346,89.48671127615819,21.610714956179617,4033.5374566720966,2178.024673983739,183.55697667209614,-35.45508984854282,3949.9804800000006,2224.687658403557,100.0,11.20789457127575,0.0,2465.3255997882134,0.0,0.0,2224.687658403557,0.0,0.1429150104522705,0.016994237899780273,0.5,0.010101010101010102,1487365.983697212,757741.5110778431,505.99999999999767,1962.7338313966131,0.4848484848484849,4.894940909363876,5.379789394212361
ornstein-uhlenbeck,347,98.80097760027168,27.783677557954878,4405.737554931838,2187.3092782044323,145.23195493183738,-26.17048562784941,4360.5056,2224.687658403557,100.0,11.20789457127575,0.0,2727.641515980522,0.0,0.0,2224.687658403557,0.0,0.11321496963500977,0.015414237976074219,0.5,0.010101010101010102,1491771.7212521438,759928.8203560476,507.51999999999765,1968.1136207908255,0.4848484848484849,4.894940909363876,5.379789394212361
ornstein-uhlenbeck,348,99.22621602345676,20.05473467017421,4464.799714774724,2178.5466231042833,195.27171477472365,-34.93314072799818,4369.528,2224.687658403557,100.0,11.20789457127575,0.0,2738.768299399002,0.0,0.0,2224.687658403557,0.0,0.13623476028442383,0.026630878448486328,0.5,0.010101010101010102,1496236.5209669187,762107.3669791518,509.03999999999763,1973.4934101850379,0.4848484848484849,4.894940909363876,5.379789394212361
ornstein-uhlenbeck,349,94.601538860254,22.421512467333756,4437.143392023561,2187.3652223759423,193.48579202356143,-26.114541456339463,4343.6576,2224.687658403557,100.0,11.20789457127575,0.0,2714.7687598371645,0.0,0.0,2224.687658403557,0.0,0.16333413124084473,0.020514726638793945,0.5,0.010101010101010102,1500673.6643589423,764294.7322015278,510.5599999999976,1978.8731995792502,0.4848484848484849,4.894940909363876,5.379789394212361
ornstein-uhlenbeck,350,96.17027626299019,22.624930748508724,4438.766540417759,2178.0925140682807,189.6321404177579,-35.38724976400104,4349.134400000001,2224.687658403557,100.0,11.20789457127575,0.0,2712.390862025833,0.0,0.0,2224.687658403557,0.0,0.1245114803314209,0.02499699592590332,0.5,0.010101010101010102,1505112.43089936,766472.824715596,512.0799999999977,1984.2529889734626,0.4848484848484849,4.894940909363876,5.379789394212361
ornstein-uhlenbeck,351,96.45450242187162,22.707238146820323,4445.826707427508,2181.4845819785187,175.75310742750887,-31.99518185376281,4370.0736,2224.687658403557,100.0,11.20789457127575,0.0,2741.0153040761775,0.0,0.0,2224.687658403557,0.0,0.14111685752868652,0.0255281925201416,0.5,0.010101010101010102,1509558.2576067876,768654.3092975746,513.5999999999976,1989.632778367675,0.4848484848484849,4.894940909363876,5.379789394212361
ornstein-uhlenbeck,352,86.68656255556589,20.0639387601372,4022.190437480851,2181.526266866808,180.20339748085001,-31.953496965473917,3941.9870400000013,2224.687658403557,100.0,11.20789457127575,0.0,2469.303589052278,0.0,0.0,2224.687658403557,0.0,0.1600339412689209,0.024430036544799805,0.5,0.010101010101010102,1513580.4480442684,770835.8355644414,515.1199999999976,1995.0125677618873,0.4848484848484849,4.894940909363876,5.379789394212361
ornstein-uhlenbeck,353,87.11628077872338,22.094515154451006,4026.9105993214253,2188.188505320359,185.28211932142483,-25.29125851192242,3941.6284800000008,2224.687658403557,100.0,11.20789457127575,0.0,2464.0055175646685,0.0,0.0,2224.687658403557,0.0,0.15311121940612793,0.020987510681152344,0.5,0.010101010101010102,1517607.3586435898,773024.0240697617,516.6399999999976,2000.3923571560997,0.4848484848484849,4.894940909363876,5.379789394212361
ornstein-uhlenbeck,354,98.94387136187873,24.40749811721571,4451.128978623442,2180.062186250551,202.54017862344023,-33.417577581730555,4348.588800000001,2224.687658403557,100.0,11.20789457127575,0.0,2723.644895966198,0.0,0.0,2224.687658403557,0.0,0.12608623504638672,0.01999950408935547,0.5,0.010101010101010102,1522058.4876222133,775204.0862560123,518.1599999999976,2005.772146550312,0.4848484848484849,4.894940909363876,5.379789394212361
ornstein-uhlenbeck,355,95.6535436621886,23.322567328924023,4458.281189089452,2181.3557995319793,199.69078908945136,-32.1239643003024,4358.5904,2224.687658403557,100.0,11.20789457127575,0.0,2714.4285570292345,0.0,0.0,2224.687658403557,0.0,0.12442946434020996,0.016985416412353516,0.5,0.010101010101010102,1526516.7688113027,777385.4420555444,519.6799999999976,2011.1519359445244,0.4848484848484849,4.894940909363876,5.379789394212361
ornstein-uhlenbeck,356,95.74325363650549,21.97735039170286,4439.6760892767325,2181.3075347167573,202.00888927673276,-32.17222911552448,4337.6672,2224.687658403557,100.0,11.20789457127575,0.0,2691.9313533970635,0.0,0.0,2224.687658403557,0.0,0.1590433120727539,0.02108621597290039,0.5,0.010101010101010102,1530956.4449005795,779566.7495902611,521.1999999999975,2016.5317253387368,0.4848484848484849,4.894940909363876,5.379789394212361
ornstein-uhlenbeck,357,97.92881932988769,21.72552525484615,4453.13347152167,2177.792561735743,196.2742715216698,-35.687202096538606,4356.8592,2224.687658403557,100.0,11.20789457127575,0.0,2699.830935541688,0.0,0.0,2224.687658403557,0.0,0.11487865447998047,0.014099836349487305,0.5,0.010101010101010102,1535409.5783721013,781744.5421519969,522.7199999999975,2021.9115147329492,0.4848484848484849,4.894940909363876,5.379789394212361
ornstein-uhlenbeck,358,95.06008642462746,21.688176004164795,4449.725318097389,2188.211763744494,179.11411809738885,-25.268000087787684,4370.6112,2224.687658403557,100.0,11.20789457127575,0.0,2731.934931395814,0.0,0.0,2224.687658403557,0.0,0.14087772369384766,0.019902706146240234,0.5,0.010101010101010102,1539859.3036901986,783932.7539157413,524.2399999999975,2027.2913041271615,0.4848484848484849,4.894940909363876,5.379789394212361
ornstein-uhlenbeck,359,85.63542471311462,21.64510738128451,4002.728661488247,2182.8493142244697,176.98482148824624,-30.63044960781172,3925.743840000001,2224.687658403557,100.0,11.20789457127575,0.0,2450.633390212761,0.0,0.0,2224.687658403557,0.0,0.14904069900512695,0.021732568740844727,0.5,0.010101010101010102,1543862.0323516869,786115.6032299658,525.7599999999975,2032.671093521374,0.4848484848484849,4.894940909363876,5.379789394212361
ornstein-uhlenbeck,360,83.94588681968398,22.186517921770474,4028.7188198548774,2188.35624211737,190.11433985487662,-25.123521714911337,3938.604480000001,2224.687658403557,100.0,11.20789457127575,0.0,2443.2966604143494,0.0,0.0,2224.687658403557,0.0,0.13851165771484375,0.025119304656982422,0.5,0.010101010101010102,1547890.7511715416,788303.9594720831,527.2799999999975,2038.0508829155863,0.4848484848484849,4.894940909363876,5.379789394212361
ornstein-uhlenbeck,361,92.91944107223755,24.047691376531887,4441.141285006039,2188.1732259798073,188.21968500603828,-25.306537852474463,4352.921600000001,2224.687658403557,100.0,11.20789457127575,0.0,2723.5952731837756,0.0,0.0,2224.687658403557,0.0,0.12947988510131836,0.015101909637451172,0.5,0.010101010101010102,1552331.8924565476,790492.1326980629,528.7999999999975,2043.4306723097986,0.4848484848484849,4.894940909363876,5.379789394212361
ornstein-uhlenbeck,362,92.56423086892364,24.338200623275842,4459.572076051228,2181.1827650114733,202.72887605122742,-32.29699882080833,4356.8432,2224.687658403557,100.0,11.20789457127575,0.0,2699.298739202704,0.0,0.0,2224.687658403557,0.0,0.12004923820495605,0.012001514434814453,0.5,0.010101010101010102,1556791.4645325989,792673.3154630744,530.3199999999974,2048.810461704011,0.4848484848484849,4.894940909363876,5.379789394212361
ornstein-uhlenbeck,363,95.56795478238804,21.004913628161223,4438.375438044107,2177.7149550492472,189.7706380441066,-35.76480878303433,4348.6048,2224.687658403557,100.0,11.20789457127575,0.0,2720.8368752179153,0.0,0.0,2224.687658403557,0.0,0.12927746772766113,0.018729448318481445,0.5,0.010101010101010102,1561229.839970643,794851.0304181236,531.8399999999974,2054.190251098223,0.4848484848484849,4.894940909363876,5.379789394212361
ornstein-uhlenbeck,364,92.94072701963451,20.194287722626317,4431.96425703282,2179.723218427333,169.65225703281905,-33.756545404948824,4362.312000000001,2224.687658403557,100.0,11.20789457127575,0.0,2718.736075965777,0.0,0.0,2224.687658403557,0.0,0.10645747184753418,0.021005868911743164,0.5,0.010101010101010102,1565661.8042276758,797030.753636551,533.3599999999974,2059.5700404924355,0.4848484848484849,4.894940909363876,5.379789394212361
ornstein-uhlenbeck,365,92.6628879384162,23.43589938025896,4468.6269093961655,2183.6464443442896,196.31330939616475,-29.83331948799198,4372.3136,2224.687658403557,100.0,11.20789457127575,0.0,2752.2246286991535,0.0,0.0,2224.687658403557,0.0,0.22063517570495605,0.009000301361083984,0.5,0.010101010101010102,1570130.431137072,799214.4000808953,534.8799999999974,2064.949829886648,0.4848484848484849,4.894940909363876,5.379789394212361
fixed-bias,1,95.55813683562333,23.791233636978447,4468.423416407121,1726.9052177766152,196.15461640712087,-19.997313844419327,4372.268800000001,1760.9371588962438,100.0,14.034627275209315,0.0,2722.4708670680325,0.0,36.17186446912814,1522.1918554942702,202.57343893284576,0.13302135467529297,0.02110147476196289,0.5,0.0072463768115942065,4468.423416407121,1726.9052177766152,1.52,6.736621092100472,0.3478260869565219,6.38879500514395,6.736621092100472
fixed-bias,2,82.08723996277698,22.38376505555918,4018.5486938179583,1796.5703286597163,181.95301381795673,44.20860340698903,3936.5956800000017,1766.87562015214,100.0,14.513894899412564,0.0,2449.340247418967,0.0,36.17186446912814,1536.0056003033458,194.6981553796664,0.11863493919372559,0.014011859893798828,0.5,0.014367816091954025,8486.97211022508,3523.4755464363316,3.04,13.703290643818502,0.6896551724137931,6.277014379304238,6.966669551718031
fixed-bias,3,81.77862283174728,19.27722629490675,4021.6515655861895,1769.6987188386256,175.04644558618853,40.333357222261874,3946.605120000001,1743.8792565157764,100.0,14.513894899412564,0.0,2453.824561798922,0.0,36.17186446912814,1513.0092366669821,194.6981553796664,0.16210699081420898,0.018411874771118164,0.5,0.014367816091954025,12508.62367581127,5293.174265274957,4.5600000000000005,20.669960195536532,0.6896551724137931,6.277014379304238,6.966669551718031
fixed-bias,4,89.42705178675055,22.94887910050355,4442.350696171862,1737.185345973894,195.46429617186072,-21.599630549165443,4346.886400000001,1772.8698742970062,100.0,14.08489777394673,0.0,2743.5680793409765,0.0,36.17186446912814,1537.856322905526,198.84168692235227,0.13982605934143066,0.017630815505981445,0.5,0.006535947712418304,16950.97437198313,7030.359611248851,6.08,27.430711127030964,0.3137254901960786,6.447025441298354,6.7607509314944325
fixed-bias,5,89.73922861852304,20.97342098605987,4447.3276383516195,1723.4953703981078,189.90203835161861,-23.407161222926774,4357.4256000000005,1760.9371588962438,100.0,14.034627275209315,0.0,2713.495842892674,0.0,36.17186446912814,1522.1918554942702,202.57343893284576,0.1203165054321289,0.00899958610534668,0.5,0.0072463768115942065,21398.30201033475,8753.854981646959,7.6,34.16733221913144,0.3478260869565219,6.38879500514395,6.736621092100472
fixed-bias,6,88.19691199516744,22.08783812762239,4420.201833913423,1740.6579294855894,185.9394339134234,-18.12704703747005,4334.2624,1772.8698742970062,100.0,14.08489777394673,0.0,2705.410568264345,0.0,36.17186446912814,1537.856322905526,198.84168692235227,0.1370849609375,0.015002250671386719,0.5,0.006535947712418304,25818.503844248175,10494.512911132548,9.12,40.92808315062587,0.3137254901960786,6.447025441298354,6.7607509314944325
fixed-bias,7,89.29004388564353,24.373765168004773,4451.179743556305,1726.1816299947086,193.15574355630423,-20.720901626326,4358.024,1760.9371588962438,100.0,14.034627275209315,0.0,2725.5340883627186,0.0,36.17186446912814,1522.1918554942702,202.57343893284576,0.13502287864685059,0.0160067081451416,0.5,0.0072463768115942065,30269.68358780448,12220.694541127257,10.639999999999999,47.664704242726344,0.3478260869565219,6.38879500514395,6.736621092100472
fixed-bias,8,90.98888547132698,24.361042792644177,4456.616345884401,2702.736049843436,184.30274588440045,-18.319738246752223,4372.3136,2742.609692334065,100.0,21.553904243876737,0.0,2727.46456163418,0.0,59.18776223906211,2493.317711270002,190.10421882500185,0.1100471019744873,0.01801443099975586,0.5,0.006535947712418304,34726.29993368888,14923.430590970693,12.159999999999998,58.01057827978718,0.3137254901960786,10.032148546864757,10.345874037060836
fixed-bias,9,79.3093697011217,19.690341863265832,4005.912163950192,1767.2510109043644,162.87680395019018,37.88564928800064,3943.035360000001,1743.8792565157764,100.0,14.513894899412564,0.0,2465.249236174741,0.0,36.17186446912814,1513.0092366669821,194.6981553796664,0.14660286903381348,0.024999380111694336,0.5,0.014367816091954025,38732.21209763907,16690.681601875058,13.679999999999998,64.97724783150521,0.6896551724137931,6.277014379304238,6.966669551718031
fixed-bias,10,80.47458712028997,20.492507965523867,4004.585158097576,1760.6065177540045,157.9800380975751,-19.65790858768623,3946.605120000001,1794.4262983722238,100.0,14.16187203053292,0.0,2462.962890192901,0.0,36.17186446912814,1555.6809949702504,202.57343893284576,0.14823651313781738,0.014206886291503906,0.5,0.0072463768115942065,42736.797255736645,18451.288119629062,15.199999999999998,71.774946406161,0.3478260869565219,6.449872487699282,6.797698574655803
fixed-bias,11,85.71444573567375,23.441018507847307,4440.8225729884025,1753.5729471709378,173.60337298840088,-16.32594808646033,4367.219200000001,1783.9335225326074,100.0,14.034627275209315,0.0,2739.461966031395,0.0,36.17186446912814,1545.1882191306338,202.57343893284576,0.10703253746032715,0.024167299270629883,0.5,0.0072463768115942065,47177.619828725044,20204.8610668,16.72,78.51156749826148,0.3478260869565219,6.38879500514395,6.736621092100472
fixed-bias,12,88.01024999731855,20.564409416886882,4443.663696721834,1739.825328471765,173.55329672183325,-18.95964805129432,4370.1104000000005,1772.8698742970062,100.0,14.08489777394673,0.0,2737.215845588892,0.0,36.17186446912814,1537.856322905526,198.84168692235227,0.16288208961486816,0.01799798011779785,0.5,0.006535947712418304,51621.28352544688,21944.686395271765,18.24,85.27231842975591,0.3137254901960786,6.447025441298354,6.7607509314944325
fixed-bias,13,86.59660289117387,22.350084450024116,4433.233227102513,1726.4782691394746,185.21082710251454,-20.424262481560035,4348.022399999999,1760.9371588962438,100.0,14.034627275209315,0.0,2714.7931864195407,0.0,36.17186446912814,1522.1918554942702,202.57343893284576,0.13166189193725586,0.013065099716186523,0.5,0.0072463768115942065,56054.516752549396,23671.16466441124,19.759999999999998,92.00893952185639,0.3478260869565219,6.38879500514395,6.736621092100472
fixed-bias,14,88.27578401602047,19.68353494201407,4438.747848914147,1691.8655056597981,177.0182489141458,-16.462574968153362,4361.729600000001,1722.1320598789905,100.0,13.803979251039014,0.0,2748.1118506023713,0.0,36.17186446912814,1487.11850848751,198.84168692235227,0.11348628997802734,0.03260970115661621,0.5,0.006535947712418304,60493.26460146354,25363.03017007104,21.279999999999998,98.63484956235511,0.3137254901960786,6.31218455030265,6.625910040498728
fixed-bias,15,85.33888045225613,23.689810820613708,4441.041919550215,1777.5459024592149,186.8659195502159,-14.600968784501084,4354.1759999999995,1806.3590137729861,100.0,14.21214252927034,0.0,2715.1007012645896,0.0,36.17186446912814,1571.3454623815062,198.84168692235227,0.1561603546142578,0.020104169845581055,0.5,0.006535947712418304,64934.30652101376,27140.576072530257,22.799999999999997,105.45667797640488,0.3137254901960786,6.508102923853685,6.821828414049763
fixed-bias,16,77.4565413339472,19.320176277694465,3996.405369212488,1678.7431899395206,153.41032921248683,-17.702445786406,3942.995040000001,1710.1993444782283,100.0,13.753708752301597,0.0,2449.346378708087,0.0,36.17186446912814,1471.4540410762543,202.57343893284576,0.20955371856689453,0.01214909553527832,0.5,0.0072463768115942065,68930.71189022624,28819.319262469777,24.319999999999997,112.05845817750965,0.3478260869565219,6.253954114148246,6.601780201104767
fixed-bias,17,76.7688835292059,21.79433135686027,4013.532705097532,2098.1108616572724,167.45174509753096,-15.235435135697553,3946.080960000001,2129.55373686527,100.0,16.207440072299843,0.0,2467.1170822531785,0.0,36.17186446912814,1890.808433463296,202.57343893284576,0.12891697883605957,0.011304855346679688,0.5,0.0072463768115942065,72944.24459532378,30917.430124127048,25.839999999999996,119.83802941221357,0.3478260869565219,7.431745147747402,7.779571234703924
fixed-bias,18,87.06897422060221,22.364422236755967,4440.266734264047,1728.4695430393806,179.6203342640452,-18.43298858165394,4360.646400000001,1760.9371588962438,100.0,14.034627275209315,0.0,2753.7295436179625,0.0,36.17186446912814,1522.1918554942702,202.57343893284576,0.09981298446655273,0.02120804786682129,0.5,0.0072463768115942065,77384.51132958783,32645.899667166428,27.359999999999996,126.57465050431405,0.3478260869565219,6.38879500514395,6.736621092100472
fixed-bias,19,82.95392994050128,24.628405271333843,4439.723543829818,1729.2596271974583,168.49314382981717,-17.642904423576233,4371.2304,1760.9371588962438,100.0,14.034627275209315,0.0,2736.1019786874936,0.0,36.17186446912814,1522.1918554942702,202.57343893284576,0.13165640830993652,0.016452789306640625,0.5,0.0072463768115942065,81824.23487341765,34375.15929436389,28.879999999999995,133.3112715964145,0.3478260869565219,6.38879500514395,6.736621092100472
fixed-bias,20,82.60020912336067,24.303778721802527,4419.749118772117,1765.3688747415893,165.10911877211754,-14.895551600101493,4354.639999999999,1794.4262983722238,100.0,14.16187203053292,0.0,2721.775822481905,0.0,36.17186446912814,1555.6809949702504,202.57343893284576,0.1671156883239746,0.023992300033569336,0.5,0.0072463768115942065,86243.98399218977,36140.52816910548,30.399999999999995,140.10897017107033,0.3478260869565219,6.449872487699282,6.797698574655803
fixed-bias,21,81.20828187948342,24.558608323078438,4439.14884074687,1629.1229432235818,183.40964074686855,-16.02135410627388,4355.739200000001,1657.8664619304866,100.0,12.722164600630869,0.0,2750.266735899527,0.0,36.17186446912814,1419.121158528513,202.57343893284576,0.11551499366760254,0.010013580322265625,0.5,0.0072463768115942065,90683.13283293664,37769.65111232906,31.919999999999995,146.21560917937313,0.3478260869565219,5.758812921346296,6.1066390083028175
fixed-bias,22,81.75441438053086,22.27701407274462,4437.527012557996,1729.0413575362518,177.85341255799625,-17.86117408478273,4359.6736,1760.9371588962438,100.0,14.034627275209315,0.0,2724.3262980625013,0.0,36.17186446912814,1522.1918554942702,202.57343893284576,0.11824345588684082,0.010972976684570312,0.5,0.0072463768115942065,95120.65984549464,39498.69246986532,33.44,152.9522302714736,0.3478260869565219,6.38879500514395,6.736621092100472
fixed-bias,23,74.88631276670993,20.490975669468387,3996.8095925167436,1764.5691499948648,163.13423251674283,-15.695276346826047,3933.675360000001,1794.4262983722238,100.0,14.16187203053292,0.0,2472.8587604452478,0.0,36.17186446912814,1555.6809949702504,202.57343893284576,0.12932491302490234,0.018384218215942383,0.5,0.0072463768115942065,99117.46943801138,41263.26161986018,34.96,159.74992884612942,0.3478260869565219,6.449872487699282,6.797698574655803
fixed-bias,24,77.3107741976847,18.62351214774844,3999.8233093115086,1797.236180610314,148.87514931150815,34.50892427329352,3950.948160000001,1777.3683959917566,100.0,14.64113965473617,0.0,2483.8416764207477,0.0,36.17186446912814,1546.4983761429623,194.6981553796664,0.1301271915435791,0.012945890426635742,0.5,0.014367816091954025,103117.29274732289,43060.4978004705,36.480000000000004,166.7776758804028,0.6896551724137931,6.33809186185957,7.027747034273363
fixed-bias,25,81.87965777103982,20.88465198751037,4426.733981351157,1742.1928770732281,178.63798135115633,-16.592099449831373,4348.0960000000005,1772.8698742970062,100.0,14.08489777394673,0.0,2732.993249001145,0.0,36.17186446912814,1537.856322905526,198.84168692235227,0.17112159729003906,0.018805742263793945,0.5,0.006535947712418304,107544.02672867404,44802.690677543724,38.00000000000001,173.53842681189724,0.3137254901960786,6.447025441298354,6.7607509314944325
fixed-bias,26,83.3302640329544,23.28421500187989,4454.827003609717,2735.57355686609,197.93900360971708,-18.844125944755117,4356.888,2776.0988318100453,100.0,21.681148999200342,0.0,2746.521151318274,0.0,59.18776223906211,2526.806850745982,190.10421882500185,0.1688535213470459,0.027100086212158203,0.5,0.006535947712418304,111998.85373228377,47538.26423440981,39.52000000000001,183.9453783315134,0.3137254901960786,10.093226029420087,10.406951519616166
fixed-bias,27,80.10644267253019,19.31128588010697,4405.109056892518,1771.9852821432664,158.74425689251925,31.608959574099067,4346.364799999999,1754.8928755211925,100.0,14.516552952025135,0.0,2723.91476060051,0.0,36.17186446912814,1526.4187752719106,192.30223578015415,0.15389323234558105,0.14199018478393555,0.5,0.013227513227513227,116403.96278917628,49310.24951655308,41.04000000000001,190.91332374848548,0.6349206349206349,6.333024782051431,6.967945416972066
fixed-bias,28,82.07959905318405,21.04151608383958,4431.3195954156845,1730.6268368826777,179.94519541568405,-16.275694738356844,4351.374400000001,1760.9371588962438,100.0,14.034627275209315,0.0,2709.179916073888,0.0,36.17186446912814,1522.1918554942702,202.57343893284576,0.29114222526550293,0.08459830284118652,0.5,0.0072463768115942065,120835.28238459196,51040.87635343576,42.56000000000002,197.64994484058596,0.3478260869565219,6.38879500514395,6.736621092100472
fixed-bias,29,83.70659262692932,22.531073020721543,4448.925888456612,1726.4893736700549,183.22988845661166,-20.413157950979716,4365.696,1760.9371588962438,100.0,14.034627275209315,0.0,2721.4093193002645,0.0,36.17186446912814,1522.1918554942702,202.57343893284576,0.32915329933166504,0.06800007820129395,0.5,0.0072463768115942065,125284.20827304857,52767.36572710581,44.08000000000002,204.38656593268644,0.3478260869565219,6.38879500514395,6.736621092100472
fixed-bias,30,73.7763487645965,18.94935556760742,3988.899014746643,1816.8996669097926,156.23165474664185,33.008774209136,3932.6673600000013,1798.5320323553929,100.0,14.64113965473617,0.0,2446.4784745951674,0.0,36.17186446912814,1567.6620125065988,194.6981553796664,0.2301342487335205,0.06741690635681152,0.5,0.014367816091954025,129273.10728779521,54584.2653940156,45.60000000000002,211.4143129669598,0.6896551724137931,6.33809186185957,7.027747034273363
fixed-bias,31,72.39121688885952,19.74335432583654,3996.6412562474725,2004.4935904498288,147.93949624747103,36.72160269691017,3948.7017600000013,1977.5740423923908,100.0,9.802054639472027,0.0,2475.562800095421,0.0,0.0,1977.5740423923908,0.0,0.12256693840026855,0.025353431701660156,0.5,0.018518518518518517,133269.7485440427,56588.75898446543,47.120000000000026,216.1192991939064,0.8888888888888888,3.816097338057684,4.704986226946573
fixed-bias,32,79.09036226736328,20.761757764227557,4415.389476470955,1975.5304660503255,163.9782764709542,-17.54354644614962,4351.4112000000005,2002.320736363304,100.0,9.246723866828978,0.0,2723.0180916516865,0.0,0.0,2002.320736363304,0.0,0.14476537704467773,0.0532989501953125,0.5,0.010101010101010102,137685.13802051364,58564.28945051575,48.64000000000003,220.5577266499843,0.4848484848484849,3.953578971229424,4.438427456077909
fixed-bias,33,80.44200357265336,18.916508938148386,4424.159288970424,1966.61873883373,159.57848897042462,-26.455273662745025,4364.5808,2002.320736363304,100.0,9.246723866828978,0.0,2730.595548467842,0.0,0.0,2002.320736363304,0.0,0.1613445281982422,0.03353071212768555,0.5,0.010101010101010102,142109.29730948407,60530.90818934948,50.16000000000003,224.9961541060622,0.4848484848484849,3.953578971229424,4.438427456077909
fixed-bias,34,76.79502470260041,23.090152196691232,4410.58670732535,1974.1883238397302,174.62190732535012,-18.885688656744875,4335.9648,2002.320736363304,100.0,9.246723866828978,0.0,2713.3111977418243,0.0,0.0,2002.320736363304,0.0,0.16789841651916504,0.033687591552734375,0.5,0.010101010101010102,146519.88401680943,62505.09651318921,51.680000000000035,229.4345815621401,0.4848484848484849,3.953578971229424,4.438427456077909
fixed-bias,35,76.93722414252143,23.577329717726155,4421.314553671476,1968.1174407439441,163.29055367147527,-24.95657175253076,4358.024,2002.320736363304,100.0,9.246723866828978,0.0,2731.5928503231494,0.0,0.0,2002.320736363304,0.0,0.18442296981811523,0.09073209762573242,0.5,0.010101010101010102,150941.19857048092,64473.213953933155,53.20000000000004,233.873009018218,0.4848484848484849,3.953578971229424,4.438427456077909
fixed-bias,36,80.6226085820366,25.621006145545955,4445.219469133759,1964.8222462563542,172.95066913375825,-28.251766240120862,4372.268800000001,2002.320736363304,100.0,9.246723866828978,0.0,2733.4384431157564,0.0,0.0,2002.320736363304,0.0,0.2671937942504883,0.04390406608581543,0.5,0.010101010101010102,155386.41803961468,66438.03620018951,54.72000000000004,238.3114364742959,0.4848484848484849,3.953578971229424,4.438427456077909
fixed-bias,37,73.1835630921488,22.137080563586576,4000.779301966245,1970.714184335183,162.12730196624372,-22.359828161291993,3938.652000000001,2002.320736363304,100.0,9.246723866828978,0.0,2456.200366179429,0.0,0.0,2002.320736363304,0.0,0.1202704906463623,0.024096965789794922,0.5,0.010101010101010102,159387.19734158093,68408.7503845247,56.240000000000045,242.7498639303738,0.4848484848484849,3.953578971229424,4.438427456077909
fixed-bias,38,71.63476970112283,21.4937009600007,3995.6653844761145,1971.6765153580234,161.96842447611382,-21.39749713845163,3933.6969600000007,2002.320736363304,100.0,9.246723866828978,0.0,2454.52646815294,0.0,0.0,2002.320736363304,0.0,0.15586185455322266,0.039994001388549805,0.5,0.010101010101010102,163382.86272605704,70380.42689988272,57.76000000000005,247.1882913864517,0.4848484848484849,3.953578971229424,4.438427456077909
fixed-bias,39,78.01423744943293,26.891969586901624,4437.264178214869,1970.3813380772287,188.67537821486775,-22.692674419246295,4348.588800000001,2002.320736363304,100.0,9.246723866828978,0.0,2728.192173084942,0.0,0.0,2002.320736363304,0.0,0.19729948043823242,0.056256771087646484,0.5,0.010101010101010102,167820.1269042719,72350.80823795995,59.28000000000005,251.6267188425296,0.4848484848484849,3.953578971229424,4.438427456077909
fixed-bias,40,74.37527489759269,21.80102026918698,4434.07869812801,1968.48725394232,169.4978981280101,-24.586758554155082,4364.5808,2002.320736363304,100.0,9.246723866828978,0.0,2732.4228583021645,0.0,0.0,2002.320736363304,0.0,0.26564598083496094,0.05609631538391113,0.5,0.010101010101010102,172254.2056023999,74319.29549190227,60.800000000000054,256.06514629860754,0.4848484848484849,3.953578971229424,4.438427456077909
fixed-bias,41,73.08664293528388,22.597400470580162,4422.611014642841,1972.380650065584,167.4334146428422,-20.693362430891163,4355.177599999999,2002.320736363304,100.0,9.246723866828978,0.0,2707.8803642891025,0.0,0.0,2002.320736363304,0.0,0.17145156860351562,0.021050691604614258,0.5,0.010101010101010102,176676.81661704273,76291.67614196785,62.32000000000006,260.5035737546855,0.4848484848484849,3.953578971229424,4.438427456077909
fixed-bias,42,77.52909227231953,20.03173828976841,4423.702678151,1970.4649440376493,159.68827815100005,-22.609068458825824,4364.0144,2002.320736363304,100.0,9.246723866828978,0.0,2740.7189825289865,0.0,0.0,2002.320736363304,0.0,0.17297744750976562,0.032613515853881836,0.5,0.010101010101010102,181100.51929519372,78262.1410860055,63.84000000000006,264.9420012107634,0.4848484848484849,3.953578971229424,4.438427456077909
fixed-bias,43,72.7159364493449,18.249691143969706,4415.991180324085,1968.0792158025852,149.71278032408452,-24.994796693889924,4366.2784,2002.320736363304,100.0,9.246723866828978,0.0,2713.139008745389,0.0,0.0,2002.320736363304,0.0,0.12580060958862305,0.021991252899169922,0.5,0.010101010101010102,185516.5104755178,80230.22030180809,65.36000000000006,269.38042866684134,0.4848484848484849,3.953578971229424,4.438427456077909
fixed-bias,44,69.26482972250261,20.280163225806913,3984.0850096482527,2006.0848182144086,141.0496496482516,38.31283046149005,3943.035360000001,1977.5740423923908,100.0,9.802054639472027,0.0,2461.8271991340553,0.0,0.0,1977.5740423923908,0.0,0.13511180877685547,0.023998022079467773,0.5,0.018518518518518517,189500.59548516606,82236.3051200225,66.88000000000005,274.0854148937879,0.8888888888888888,3.816097338057684,4.704986226946573
fixed-bias,45,69.51270231332946,23.193321244799492,3998.8262802883473,1974.1045306965686,153.22916028834646,-18.969481799906383,3945.597120000001,2002.320736363304,100.0,9.246723866828978,0.0,2479.0731870974287,0.0,0.0,2002.320736363304,0.0,0.12342333793640137,0.02803778648376465,0.5,0.010101010101010102,193499.4217654544,84210.40965071907,68.40000000000005,278.52384234986584,0.4848484848484849,3.953578971229424,4.438427456077909
fixed-bias,46,75.90164725314445,22.09088543726733,4423.53039461862,1972.5087957167755,160.55439461861874,-20.565216779699647,4362.9760000000015,2002.320736363304,100.0,9.246723866828978,0.0,2721.2109030199445,0.0,0.0,2002.320736363304,0.0,0.16594624519348145,0.021242141723632812,0.5,0.010101010101010102,197922.95216007304,86182.91844643584,69.92000000000004,282.9622698059438,0.4848484848484849,3.953578971229424,4.438427456077909
fixed-bias,47,74.23952435413854,22.5146155849436,4434.151797745818,2006.3104618763348,164.66859774581707,38.53847412341617,4369.483200000001,1977.5740423923908,100.0,9.802054639472027,0.0,2730.3819873219263,0.0,0.0,1977.5740423923908,0.0,0.12306618690490723,0.03770256042480469,0.5,0.018518518518518517,202357.10395781885,88189.22890831217,71.44000000000004,287.66725603289035,0.8888888888888888,3.816097338057684,4.704986226946573
fixed-bias,48,76.58206955392593,21.67741093378266,4407.286993192302,1979.0969426203014,170.15739319230337,-13.977069876173486,4337.129599999999,2002.320736363304,100.0,9.246723866828978,0.0,2720.3600906896227,0.0,0.0,2002.320736363304,0.0,0.19365739822387695,0.03510308265686035,0.5,0.010101010101010102,206764.39095101116,90168.32585093248,72.96000000000004,292.1056834889683,0.4848484848484849,3.953578971229424,4.438427456077909
fixed-bias,49,71.09059662312639,24.119963025893714,4411.13902635848,1970.4560150644195,161.46702635847936,-22.61799743205559,4349.6720000000005,2002.320736363304,100.0,9.246723866828978,0.0,2730.558484657693,0.0,0.0,2002.320736363304,0.0,0.14108490943908691,0.015145301818847656,0.5,0.010101010101010102,211175.52997736965,92138.7818659969,74.48000000000003,296.5441109450462,0.4848484848484849,3.953578971229424,4.438427456077909
fixed-bias,50,73.9395542371823,22.16245150500325,4424.818227037134,1972.507240891113,170.01502703713436,-20.566771605362,4354.8032,2002.320736363304,100.0,9.246723866828978,0.0,2697.36364990291,0.0,0.0,2002.320736363304,0.0,0.11705422401428223,0.0416874885559082,0.5,0.010101010101010102,215600.3482044068,94111.28910688801,76.00000000000003,300.98253840112415,0.4848484848484849,3.953578971229424,4.438427456077909
fixed-bias,51,63.755396401225774,21.522120325535244,3979.6169971750037,2005.6140475046025,147.95763717500205,37.842059751683855,3931.6593600000015,1977.5740423923908,100.0,9.802054639472027,0.0,2460.2822426051116,0.0,0.0,1977.5740423923908,0.0,0.18164896965026855,0.03586316108703613,0.5,0.018518518518518517,219579.9652015818,96116.90315439261,77.52000000000002,305.6875246280707,0.8888888888888888,3.816097338057684,4.704986226946573
fixed-bias,52,64.28181342087605,22.696410622417417,3988.4663250453036,1976.5326963209836,149.37800504530253,-16.541316175491314,3939.088320000001,2002.320736363304,100.0,9.246723866828978,0.0,2480.012540510386,0.0,0.0,2002.320736363304,0.0,0.15491366386413574,0.029951095581054688,0.5,0.010101010101010102,223568.4315266271,98093.43585071359,79.04000000000002,310.12595208414865,0.4848484848484849,3.953578971229424,4.438427456077909
fixed-bias,53,71.04117573884541,24.46719986841848,4419.992935223797,1968.0783510565316,158.1817352237959,-24.995661439943426,4361.811200000001,2002.320736363304,100.0,9.246723866828978,0.0,2739.063301923868,0.0,0.0,2002.320736363304,0.0,0.1398935317993164,0.020069599151611328,0.5,0.010101010101010102,227988.4244618509,100061.51420177013,80.56000000000002,314.5643795402266,0.4848484848484849,3.953578971229424,4.438427456077909
fixed-bias,54,69.44477701234001,22.232348002433984,4423.858923831715,2003.5575748996303,147.7581238317153,35.785587146711514,4376.1008,1977.5740423923908,100.0,9.802054639472027,0.0,2755.5599367211425,0.0,0.0,1977.5740423923908,0.0,0.14576458930969238,0.028728485107421875,0.5,0.018518518518518517,232412.28338568262,102065.07177666976,82.08000000000001,319.26936576717316,0.8888888888888888,3.816097338057684,4.704986226946573
fixed-bias,55,71.84536135709374,21.70627799095501,4402.418407635511,1977.121340270483,154.39600763551223,-15.952672225992146,4348.022399999999,2002.320736363304,100.0,9.246723866828978,0.0,2710.5411252114673,0.0,0.0,2002.320736363304,0.0,0.14968585968017578,0.028987884521484375,0.5,0.010101010101010102,236814.70179331812,104042.19311694025,83.60000000000001,323.7077932232511,0.4848484848484849,3.953578971229424,4.438427456077909
fixed-bias,56,71.27336299891819,24.95055733285317,4423.15605220231,1976.343972395853,166.25205220230933,-16.7300401006222,4356.904,2002.320736363304,100.0,9.246723866828978,0.0,2716.3033721996007,0.0,0.0,2002.320736363304,0.0,0.21477055549621582,0.020993709564208984,0.5,0.010101010101010102,241237.85784552043,106018.53708933611,85.12,328.146220679329,0.4848484848484849,3.953578971229424,4.438427456077909
fixed-bias,57,70.05178991127536,23.20889173777168,4421.993813109904,1972.3485903587455,154.55061310990405,-20.72542213772962,4367.443200000001,2002.320736363304,100.0,9.246723866828978,0.0,2734.9854443759873,0.0,0.0,2002.320736363304,0.0,0.11875391006469727,0.019546031951904297,0.5,0.010101010101010102,245659.85165863033,107990.88567969485,86.64,332.58464813540695,0.4848484848484849,3.953578971229424,4.438427456077909
fixed-bias,58,62.44732074350557,21.178799008191984,3978.7594562028225,2001.173405453837,140.6316162028211,33.40141770091836,3938.1278400000015,1977.5740423923908,100.0,9.802054639472027,0.0,2501.3753933843777,0.0,0.0,1977.5740423923908,0.0,0.1381213665008545,0.02778458595275879,0.5,0.018518518518518517,249638.61111483315,109992.05908514869,88.16,337.2896343623535,0.8888888888888888,3.816097338057684,4.704986226946573
fixed-bias,59,64.38902929786,18.825309288956277,3975.9793346561405,2005.7857431658574,140.7502146561395,38.01375541293871,3935.229120000001,1977.5740423923908,100.0,9.802054639472027,0.0,2454.034408467496,0.0,0.0,1977.5740423923908,0.0,0.1398322582244873,0.037819862365722656,0.5,0.018518518518518517,253614.5904494893,111997.84482831456,89.67999999999999,341.9946205893001,0.8888888888888888,3.816097338057684,4.704986226946573
fixed-bias,60,65.40638309779442,24.067124508893922,4411.5023314941145,1974.6407796695803,161.21113149411426,-18.433232826894614,4350.291200000001,2002.320736363304,100.0,9.246723866828978,0.0,2739.6069168115237,0.0,0.0,2002.320736363304,0.0,0.1407639980316162,0.046066999435424805,0.5,0.010101010101010102,258026.09278098342,113972.48560798414,91.19999999999999,346.43304804537803,0.4848484848484849,3.953578971229424,4.438427456077909
fixed-bias,61,68.063645224713,19.91036216054047,4412.892948668949,1973.4032902014235,147.77454866894954,-19.67072229505144,4365.1184,2002.320736363304,100.0,9.246723866828978,0.0,2737.069921125759,0.0,0.0,2002.320736363304,0.0,0.16239023208618164,0.0317997932434082,0.5,0.010101010101010102,262438.9857296524,115945.88889818557,92.71999999999998,350.87147550145596,0.4848484848484849,3.953578971229424,4.438427456077909
fixed-bias,62,69.01342000636863,24.005533598879154,4405.581080533786,1976.3573625000613,170.19868053378642,-16.716649996413675,4335.3823999999995,2002.320736363304,100.0,9.246723866828978,0.0,2725.388319427978,0.0,0.0,2002.320736363304,0.0,0.1620025634765625,0.027979612350463867,0.5,0.010101010101010102,266844.5668101862,117922.24626068563,94.23999999999998,355.3099029575339,0.4848484848484849,3.953578971229424,4.438427456077909
fixed-bias,63,68.02294997720396,23.40484375621865,4410.001265250296,1980.19032653889,159.16446525029565,-12.883685957584925,4350.8368,2002.320736363304,100.0,9.246723866828978,0.0,2716.6051371462013,0.0,0.0,2002.320736363304,0.0,0.15584731101989746,0.02653217315673828,0.5,0.010101010101010102,271254.5680754365,119902.43658722451,95.75999999999998,359.7483304136118,0.4848484848484849,3.953578971229424,4.438427456077909
fixed-bias,64,66.02231015891157,24.89119038924703,4427.629171675303,1998.571858560758,155.36037167530236,30.79987080783931,4372.268800000001,1977.5740423923908,100.0,9.802054639472027,0.0,2725.736146322634,0.0,0.0,1977.5740423923908,0.0,0.18930339813232422,0.04204678535461426,0.5,0.018518518518518517,275682.1972471118,121901.00844578526,97.27999999999997,364.4533166405584,0.8888888888888888,3.816097338057684,4.704986226946573
fixed-bias,65,62.938945943814396,22.233144425912847,3981.1353420821238,1991.507587190569,138.09998208212247,23.735599437650254,3943.035360000001,1977.5740423923908,100.0,9.802054639472027,0.0,2474.7440635208945,0.0,0.0,1977.5740423923908,0.0,0.1566605567932129,0.03297853469848633,0.5,0.018518518518518517,279663.33258919395,123892.51603297584,98.79999999999997,369.158302867505,0.8888888888888888,3.816097338057684,4.704986226946573
fixed-bias,66,60.31213214309662,21.465166791040055,3990.5310034686554,2005.6770677649913,143.92588346865443,37.905080012072695,3946.605120000001,1977.5740423923908,100.0,9.802054639472027,0.0,2477.0514967130594,0.0,0.0,1977.5740423923908,0.0,0.1554722785949707,0.03213691711425781,0.5,0.018518518518518517,283653.8635926626,125898.19310074083,100.31999999999996,373.86328909445155,0.8888888888888888,3.816097338057684,4.704986226946573
fixed-bias,67,65.77484510939998,22.445162648946045,4405.184903456245,1998.4901696509162,143.32890345624386,30.71818189799749,4361.856000000001,1977.5740423923908,100.0,9.802054639472027,0.0,2721.39120931567,0.0,0.0,1977.5740423923908,0.0,0.1426715850830078,0.017108917236328125,0.5,0.018518518518518517,288059.04849611886,127896.68327039175,101.83999999999996,378.5682753213981,0.8888888888888888,3.816097338057684,4.704986226946573
fixed-bias,68,67.10954927507268,21.693751947045982,4419.72644742901,2005.7093877790912,162.883247429009,37.93740002617245,4356.8432,1977.5740423923908,100.0,9.802054639472027,0.0,2717.638842791679,0.0,0.0,1977.5740423923908,0.0,0.16234517097473145,0.024127483367919922,0.5,0.018518518518518517,292478.77494354785,129902.39265817084,103.35999999999996,383.2732615483447,0.8888888888888888,3.816097338057684,4.704986226946573
fixed-bias,69,64.06529014238073,21.988337052490582,4383.581633615125,1987.905038364337,142.70163361512567,20.133050611418316,4340.879999999999,1977.5740423923908,100.0,9.802054639472027,0.0,2725.6386129454977,0.0,0.0,1977.5740423923908,0.0,0.25676727294921875,0.023131370544433594,0.5,0.018518518518518517,296862.356577163,131890.29769653518,104.87999999999995,387.97824777529127,0.8888888888888888,3.816097338057684,4.704986226946573
fixed-bias,70,66.31330141728326,22.87025498453884,4406.571263651231,2008.2177021930188,142.55686365123077,40.44571444010011,4364.0144,1977.5740423923908,100.0,9.802054639472027,0.0,2723.934799586532,0.0,0.0,1977.5740423923908,0.0,0.16973614692687988,0.024573802947998047,0.5,0.018518518518518517,301268.9278408142,133898.5153987282,106.39999999999995,392.68323400223784,0.8888888888888888,3.816097338057684,4.704986226946573
fixed-bias,71,67.2174341679452,19.82075507354983,4405.730014518888,2000.840082874276,134.53641451888754,33.06809512135739,4371.1936000000005,1977.5740423923908,100.0,9.802054639472027,0.0,2747.985450077562,0.0,0.0,1977.5740423923908,0.0,0.11741352081298828,0.016536951065063477,0.5,0.018518518518518517,305674.6578553331,135899.35548160248,107.91999999999994,397.3882202291844,0.8888888888888888,3.816097338057684,4.704986226946573
fixed-bias,72,58.16194922361857,19.955626252156197,3973.953467694131,1992.301276585597,142.2941076941296,24.529288832678212,3931.6593600000015,1977.5740423923908,100.0,9.802054639472027,0.0,2466.6176011877437,0.0,0.0,1977.5740423923908,0.0,0.14290761947631836,0.024949312210083008,0.5,0.018518518518518517,309648.61132302723,137891.6567581881,109.43999999999994,402.093206456131,0.8888888888888888,3.816097338057684,4.704986226946573
fixed-bias,73,55.062300670365424,21.25843907517822,3971.195771394911,1988.3390950029925,126.12281139491022,20.567107250073818,3945.072960000001,1977.5740423923908,100.0,9.802054639472027,0.0,2462.528013528396,0.0,0.0,1977.5740423923908,0.0,0.6040434837341309,0.03007817268371582,0.5,0.018518518518518517,313619.80709442217,139879.9958531911,110.95999999999994,406.79819268307756,0.8888888888888888,3.816097338057684,4.704986226946573
fixed-bias,74,64.48514502937071,23.121770037214326,4402.722947307162,1998.1986464838953,146.44134730716104,30.426658730976737,4356.281600000001,1977.5740423923908,100.0,9.802054639472027,0.0,2735.6679031607896,0.0,0.0,1977.5740423923908,0.0,0.2217574119567871,0.04444599151611328,0.5,0.018518518518518517,318022.53004172933,141878.19449967498,112.47999999999993,411.50317891002413,0.8888888888888888,3.816097338057684,4.704986226946573
fixed-bias,75,63.71693699619069,20.161137171281872,4418.193125310496,1987.9347437278059,147.54512531049573,20.16275597488724,4370.648,1977.5740423923908,100.0,9.802054639472027,0.0,2724.26761454228,0.0,0.0,1977.5740423923908,0.0,0.1785445213317871,0.03889727592468262,0.5,0.018518518518518517,322440.7231670398,143866.1292434028,113.99999999999993,416.2081651369707,0.8888888888888888,3.816097338057684,4.704986226946573
fixed-bias,76,63.51638972813557,21.708189730232622,4386.996093382308,2004.9375807425322,142.75609338230754,37.16559298961344,4344.24,1977.5740423923908,100.0,9.802054639472027,0.0,2713.22178092293,0.0,0.0,1977.5740423923908,0.0,0.18579578399658203,0.028023481369018555,0.5,0.018518518518518517,326827.7192604221,145871.06682414532,115.51999999999992,420.9131513639173,0.8888888888888888,3.816097338057684,4.704986226946573
fixed-bias,77,60.61197806109228,22.225340118528493,4397.551918284214,1993.2536740413884,147.87991828421352,25.481686288469792,4349.6720000000005,1977.5740423923908,100.0,9.802054639472027,0.0,2723.5914172195644,0.0,0.0,1977.5740423923908,0.0,0.10602021217346191,0.013535261154174805,0.5,0.018518518518518517,331225.2711787063,147864.32049818672,117.03999999999992,425.61813759086385,0.8888888888888888,3.816097338057684,4.704986226946573
fixed-bias,78,64.5585908360077,25.661627247224295,4422.991869038551,1978.996308797265,151.79826903855047,-14.077703699210003,4371.1936000000005,2002.320736363304,100.0,9.246723866828978,0.0,2738.457528208669,0.0,0.0,2002.320736363304,0.0,0.12953829765319824,0.021085262298583984,0.5,0.010101010101010102,335648.26304774487,149843.316806984,118.55999999999992,430.0565650469418,0.4848484848484849,3.953578971229424,4.438427456077909
fixed-bias,79,55.91879099028677,20.70246656196347,3968.2875518572596,1992.1200700971574,130.6838718572581,24.3480823442387,3937.6036800000015,1977.5740423923908,100.0,9.802054639472027,0.0,2461.7266932992748,0.0,0.0,1977.5740423923908,0.0,0.22200322151184082,0.03354978561401367,0.5,0.018518518518518517,339616.5505996021,151835.43687708114,120.07999999999991,434.76155127388836,0.8888888888888888,3.816097338057684,4.704986226946573
fixed-bias,80,53.59622975902753,22.13180284560607,3971.4395755331307,1991.366914885898,119.96725553312922,23.594927132979365,3951.472320000001,1977.5740423923908,100.0,9.802054639472027,0.0,2473.9976338841207,0.0,0.0,1977.5740423923908,0.0,0.10352897644042969,0.018985271453857422,0.5,0.018518518518518517,343587.99017513526,153826.80379196705,121.59999999999991,439.46653750083493,0.8888888888888888,3.816097338057684,4.704986226946573
fixed-bias,81,58.978915413409766,21.21855728164276,4389.090300055687,1995.2829549056776,121.82630005568582,27.510967152758962,4367.264000000001,1977.5740423923908,100.0,9.802054639472027,0.0,2726.5305749755403,0.0,0.0,1977.5740423923908,0.0,0.15267109870910645,0.03434157371520996,0.5,0.018518518518518517,347977.08047519095,155822.08674687272,123.1199999999999,444.1715237277815,0.8888888888888888,3.816097338057684,4.704986226946573
fixed-bias,82,58.437271008625736,21.07338366419708,4402.909111880681,1994.9051769577718,142.61631188068046,27.133189204853146,4360.2928,1977.5740423923908,100.0,9.802054639472027,0.0,2724.4353245728666,0.0,0.0,1977.5740423923908,0.0,0.1411604881286621,0.02803659439086914,0.5,0.018518518518518517,352379.98958707164,157816.9919238305,124.6399999999999,448.8765099547281,0.8888888888888888,3.816097338057684,4.704986226946573
fixed-bias,83,62.14461809897603,25.177474658997905,4401.440079486548,1998.6884192399991,147.9200794865488,30.91643148708052,4353.519999999999,1977.5740423923908,100.0,9.802054639472027,0.0,2714.590843448909,0.0,0.0,1977.5740423923908,0.0,0.1269686222076416,0.014005184173583984,0.5,0.018518518518518517,356781.42966655816,159815.6803430705,126.1599999999999,453.58149618167465,0.8888888888888888,3.816097338057684,4.704986226946573
fixed-bias,84,62.22046488779629,23.09744081791274,4397.61584093257,1992.512342144118,141.2942409325699,24.74035439119928,4356.3216,1977.5740423923908,100.0,9.802054639472027,0.0,2720.071326707609,0.0,0.0,1977.5740423923908,0.0,0.13441991806030273,0.01612997055053711,0.5,0.018518518518518517,361179.04550749075,161808.19268521463,127.6799999999999,458.2864824086212,0.8888888888888888,3.816097338057684,4.704986226946573
fixed-bias,85,59.660714619294026,24.33958557165145,4405.874037977077,1996.379070295552,152.19083797707646,28.607082542633304,4353.6832,1977.5740423923908,100.0,9.802054639472027,0.0,2731.9780355040307,0.0,0.0,1977.5740423923908,0.0,0.13133716583251953,0.020998716354370117,0.5,0.018518518518518517,365584.9195454678,163804.57175551017,129.1999999999999,462.9914686355678,0.8888888888888888,3.816097338057684,4.704986226946573
fixed-bias,86,56.574924098125685,18.55812961047008,3971.2204335035526,1988.2483999399064,128.22539350355137,20.47641218698775,3942.995040000001,1977.5740423923908,100.0,9.802054639472027,0.0,2454.823280112501,0.0,0.0,1977.5740423923908,0.0,0.12631702423095703,0.028429269790649414,0.5,0.018518518518518517,369556.1399789714,165792.82015545008,130.7199999999999,467.6964548625144,0.8888888888888888,3.816097338057684,4.704986226946573
fixed-bias,87,53.59190945695809,19.99580201335803,3969.3873969923875,1992.7402676140694,117.91507699238622,24.96827986115063,3951.472320000001,1977.5740423923908,100.0,9.802054639472027,0.0,2468.221637767719,0.0,0.0,1977.5740423923908,0.0,0.13862037658691406,0.013993501663208008,0.5,0.018518518518518517,373525.52737596375,167785.56042306416,132.23999999999992,472.40144108946095,0.8888888888888888,3.816097338057684,4.704986226946573
fixed-bias,88,60.04684230407816,22.953308354569437,4394.060709838784,1984.7337493078637,136.07670983878194,-8.340263188611255,4357.984000000001,2002.320736363304,100.0,9.246723866828978,0.0,2727.0930871642313,0.0,0.0,2002.320736363304,0.0,0.14626479148864746,0.022516727447509766,0.5,0.010101010101010102,377919.5880858025,169770.29417237203,133.75999999999993,476.8398685455389,0.4848484848484849,3.953578971229424,4.438427456077909
fixed-bias,89,60.14195686276033,24.29566299336134,4410.625646062652,2001.1508529545447,153.20004606265184,33.37886520162597,4357.4256000000005,1977.5740423923908,100.0,9.802054639472027,0.0,2723.5273901759188,0.0,0.0,1977.5740423923908,0.0,0.14301109313964844,0.031473398208618164,0.5,0.018518518518518517,382330.21373186517,171771.44502532657,135.27999999999994,481.54485477248545,0.8888888888888888,3.816097338057684,4.704986226946573
fixed-bias,90,61.35026660835263,23.245678851953112,4390.504481469094,1996.0032246447074,137.0292814690946,28.23123689178884,4353.475199999999,1977.5740423923908,100.0,9.802054639472027,0.0,2691.5724733727525,0.0,0.0,1977.5740423923908,0.0,0.1513986587524414,0.017011404037475586,0.5,0.018518518518518517,386720.7182133343,173767.44824997126,136.79999999999995,486.249840999432,0.8888888888888888,3.816097338057684,4.704986226946573
fixed-bias,91,59.8737660921748,20.856730187786074,4392.5697457542965,2000.267491456607,130.25774575429526,32.495503703688506,4362.312000000001,1977.5740423923908,100.0,9.802054639472027,0.0,2720.099909276439,0.0,0.0,1977.5740423923908,0.0,0.15183758735656738,0.024225711822509766,0.5,0.018518518518518517,391113.2879590886,175767.71574142788,138.31999999999996,490.9548272263786,0.8888888888888888,3.816097338057684,4.704986226946573
fixed-bias,92,58.994710139004816,21.28998201776202,4403.254310534523,1979.4617650193943,137.55831053452286,-13.612247477080714,4365.696,2002.320736363304,100.0,9.246723866828978,0.0,2730.3510403434207,0.0,0.0,2002.320736363304,0.0,0.12316083908081055,0.0330507755279541,0.5,0.010101010101010102,395516.5422696231,177747.17750644727,139.83999999999997,495.39325468245653,0.4848484848484849,3.953578971229424,4.438427456077909
fixed-bias,93,53.63280233752471,18.894109406430882,3954.8640958997453,2000.1895868629056,111.82873589974423,32.41759910998688,3943.035360000001,1977.5740423923908,100.0,9.802054639472027,0.0,2483.4487502066195,0.0,0.0,1977.5740423923908,0.0,0.17249703407287598,0.025606870651245117,0.5,0.018518518518518517,399471.4063655228,179747.36709331017,141.35999999999999,500.0982409094031,0.8888888888888888,3.816097338057684,4.704986226946573
fixed-bias,94,51.70400100311114,22.443635858732016,3975.2300966718785,1994.3290595972815,125.77377667187807,26.557071844362873,3949.4563200000007,1977.5740423923908,100.0,9.802054639472027,0.0,2466.215554469459,0.0,0.0,1977.5740423923908,0.0,0.16575121879577637,0.022897005081176758,0.5,0.018518518518518517,403446.6364621947,181741.69615290745,142.88,504.8032271363497,0.8888888888888888,3.816097338057684,4.704986226946573
fixed-bias,95,56.632244685914934,22.852851933501228,4394.586299058651,1987.6429056113998,132.19269905864945,19.87091785848114,4362.393600000001,1977.5740423923908,100.0,9.802054639472027,0.0,2724.8646860688955,0.0,0.0,1977.5740423923908,0.0,0.14379072189331055,0.027239084243774414,0.5,0.018518518518518517,407841.22276125336,183729.33905851885,144.4,509.50821336329625,0.8888888888888888,3.816097338057684,4.704986226946573
fixed-bias,96,59.020531983189386,23.81214442054662,4417.1177696323675,1979.4405885955525,158.52736963236734,-13.63342390092253,4358.5904,2002.320736363304,100.0,9.246723866828978,0.0,2738.197372130333,0.0,0.0,2002.320736363304,0.0,0.12152314186096191,0.042996883392333984,0.5,0.010101010101010102,412258.34053088573,185708.7796471144,145.92000000000002,513.9466408193741,0.4848484848484849,3.953578971229424,4.438427456077909
fixed-bias,97,58.22451609719612,19.542709990314965,4380.0204265091925,2012.1755370296676,131.415626509192,44.403549276749004,4348.6048,1977.5740423923908,100.0,9.802054639472027,0.0,2730.9589851016312,0.0,0.0,1977.5740423923908,0.0,0.15188813209533691,0.040801286697387695,0.5,0.018518518518518517,416638.36095739494,187720.95518414406,147.44000000000003,518.6516270463208,0.8888888888888888,3.816097338057684,4.704986226946573
fixed-bias,98,57.444674521712564,20.477262446391663,4396.932809916682,1998.6969090606729,134.6208099166818,30.924921307754136,4362.312000000001,1977.5740423923908,100.0,9.802054639472027,0.0,2721.883280051735,0.0,0.0,1977.5740423923908,0.0,0.17426705360412598,0.05039620399475098,0.5,0.018518518518518517,421035.2937673116,189719.65209320473,148.96000000000004,523.3566132732674,0.8888888888888888,3.816097338057684,4.704986226946573
fixed-bias,99,54.98482231484365,22.153209052684726,4395.5769950028225,1989.2762702675727,136.48579500282287,21.504282514654,4359.0912,1977.5740423923908,100.0,9.802054639472027,0.0,2724.747953615706,0.0,0.0,1977.5740423923908,0.0,0.18772077560424805,0.03732466697692871,0.5,0.018518518518518517,425430.8707623144,191708.9283634723,150.48000000000005,528.061599500214,0.8888888888888888,3.816097338057684,4.704986226946573
fixed-bias,100,52.91454745711434,19.3106729000628,3967.59651201501,1988.939642771745,129.9525120150093,21.16765501882633,3937.6440000000007,1977.5740423923908,100.0,9.802054639472027,0.0,2457.4482262411234,0.0,0.0,1977.5740423923908,0.0,0.11567163467407227,0.030443191528320312,0.5,0.018518518518518517,429398.46727432945,193697.86800624407,152.00000000000006,532.7665857271606,0.8888888888888888,3.816097338057684,4.704986226946573
fixed-bias,101,49.933749474122145,19.876365489589876,3963.1113898052267,1979.4206874424738,116.50626980522571,11.648699689554993,3946.605120000001,1977.5740423923908,100.0,9.802054639472027,0.0,2467.079267624269,0.0,0.0,1977.5740423923908,0.0,0.2372455596923828,0.08508014678955078,0.5,0.018518518518518517,433361.57866413466,195677.28869368654,153.52000000000007,537.4715719541073,0.8888888888888888,3.816097338057684,4.704986226946573
fixed-bias,102,55.07193535586938,21.741245238697864,4388.89059589038,1979.2979463267948,126.49699589037859,11.525958573876121,4362.393600000001,1977.5740423923908,100.0,9.802054639472027,0.0,2695.033914182998,0.0,0.0,1977.5740423923908,0.0,0.15125012397766113,0.042236328125,0.5,0.018518518518518517,437750.4692600251,197656.58664001332,155.04000000000008,542.1765581810539,0.8888888888888888,3.816097338057684,4.704986226946573
fixed-bias,103,53.573188138268456,24.698300518241656,4398.67116762644,1989.49974901916,129.68076762644057,21.727761266241213,4368.9904,1977.5740423923908,100.0,9.802054639472027,0.0,2727.3650616717387,0.0,0.0,1977.5740423923908,0.0,0.23871779441833496,0.04001283645629883,0.5,0.018518518518518517,442149.1404276515,199646.08638903248,156.5600000000001,546.8815444080005,0.8888888888888888,3.816097338057684,4.704986226946573
fixed-bias,104,54.654275043576,23.121358537689364,4384.808651367032,1987.8513827081579,136.78625136703306,20.079394955239177,4348.022399999999,1977.5740423923908,100.0,9.802054639472027,0.0,2710.6631662730747,0.0,0.0,1977.5740423923908,0.0,0.11427998542785645,0.026072263717651367,0.5,0.018518518518518517,446533.94907901855,201633.93777174063,158.0800000000001,551.5865306349472,0.8888888888888888,3.816097338057684,4.704986226946573
fixed-bias,105,56.68855799815143,22.58014409922162,4402.232139007339,1999.6430030177787,144.7457390073384,31.871015264860063,4357.486400000001,1977.5740423923908,100.0,9.802054639472027,0.0,2710.5085165587484,0.0,0.0,1977.5740423923908,0.0,0.1091470718383789,0.029993534088134766,0.5,0.018518518518518517,450936.1812180259,203633.58077475842,159.6000000000001,556.2915168618938,0.8888888888888888,3.816097338057684,4.704986226946573
fixed-bias,106,55.49911127276505,21.46111047814788,4398.129224410942,2000.3071310602377,140.15802441094183,32.53514330731896,4357.9712,1977.5740423923908,100.0,9.802054639472027,0.0,2737.767670065506,0.0,0.0,1977.5740423923908,0.0,0.14612436294555664,0.023870229721069336,0.5,0.018518518518518517,455334.31044243684,205633.88790581864,161.12000000000012,560.9965030888404,0.8888888888888888,3.816097338057684,4.704986226946573
fixed-bias,107,50.45195242807839,19.95580473937459,3952.634467890627,1982.8423630895536,126.36646789062621,15.070375336634854,3926.268000000001,1977.5740423923908,100.0,9.802054639472027,0.0,2437.0467594701686,0.0,0.0,1977.5740423923908,0.0,0.1748673915863037,0.023501873016357422,0.5,0.018518518518518517,459286.94491032744,207616.7302689082,162.64000000000013,565.7014893157871,0.8888888888888888,3.816097338057684,4.704986226946573
fixed-bias,108,50.20047809344135,19.588835576657292,3952.2933767463905,1982.5204567338444,118.5964167463899,14.748468980925814,3933.6969600000007,1977.5740423923908,100.0,9.802054639472027,0.0,2452.710819233971,0.0,0.0,1977.5740423923908,0.0,0.13262391090393066,0.03920292854309082,0.5,0.018518518518518517,463239.23828707385,209599.25072564205,164.16000000000014,570.4064755427337,0.8888888888888888,3.816097338057684,4.704986226946573
fixed-bias,109,55.78672617513312,19.19665592324132,4375.860237917666,1994.8589349981173,121.23623791766516,27.086947245198726,4354.624000000002,1977.5740423923908,100.0,9.802054639472027,0.0,2714.0702387807687,0.0,0.0,1977.5740423923908,0.0,0.1486818790435791,0.02454400062561035,0.5,0.018518518518518517,467615.09852499154,211594.10966064016,165.68000000000015,575.1114617696803,0.8888888888888888,3.816097338057684,4.704986226946573
fixed-bias,110,53.78060159181181,21.27533029051775,4390.559944443785,1996.748501170347,114.50394444378551,28.97651341742845,4376.056,1977.5740423923908,100.0,9.802054639472027,0.0,2737.654829617202,0.0,0.0,1977.5740423923908,0.0,0.12589287757873535,0.01631450653076172,0.5,0.018518518518518517,472005.65846943535,213590.8581618105,167.20000000000016,579.816447996627,0.8888888888888888,3.816097338057684,4.704986226946573
fixed-bias,111,56.586134313268495,20.788080531412266,4388.715537572013,1998.3835045497547,144.4755375720135,30.611516796836035,4344.24,1977.5740423923908,100.0,9.802054639472027,0.0,2735.122896156397,0.0,0.0,1977.5740423923908,0.0,0.09845614433288574,0.008512496948242188,0.5,0.018518518518518517,476394.37400700734,215589.24166636026,168.72000000000017,584.5214342235736,0.8888888888888888,3.816097338057684,4.704986226946573
fixed-bias,112,56.10645076081829,21.86663043971882,4385.57993593538,1987.9273974898742,142.48073593537868,20.15540973695562,4343.099200000001,1977.5740423923908,100.0,9.802054639472027,0.0,2711.734437990249,0.0,0.0,1977.5740423923908,0.0,0.13054966926574707,0.021050214767456055,0.5,0.018518518518518517,480779.9539429427,217577.16906385013,170.24000000000018,589.2264204505202,0.8888888888888888,3.816097338057684,4.704986226946573
fixed-bias,113,56.28930227360954,24.8523395642367,4414.078904322249,1988.8354747286596,155.52530432224944,21.063486975740837,4358.5536,1977.5740423923908,100.0,9.802054639472027,0.0,2706.3771525458033,0.0,0.0,1977.5740423923908,0.0,0.13407492637634277,0.015522241592407227,0.5,0.018518518518518517,485194.03284726496,219566.0045385788,171.7600000000002,593.9314066774668,0.8888888888888888,3.816097338057684,4.704986226946573
fixed-bias,114,48.38979969340716,19.619012567831305,3944.883385224229,1990.7131017800332,118.1718652242283,22.941114027114565,3926.7115200000007,1977.5740423923908,100.0,9.802054639472027,0.0,2460.150462014644,0.0,0.0,1977.5740423923908,0.0,0.12807893753051758,0.008910179138183594,0.5,0.018518518518518517,489138.91623248917,221556.71764035884,173.2800000000002,598.6363929044135,0.8888888888888888,3.816097338057684,4.704986226946573
fixed-bias,115,49.96508492343886,24.114287903761255,3974.4341936223095,1990.9008011667065,129.40155362230817,23.128813413787814,3945.0326400000013,1977.5740423923908,100.0,9.802054639472027,0.0,2467.3529889079273,0.0,0.0,1977.5740423923908,0.0,0.11387157440185547,0.01600027084350586,0.5,0.018518518518518517,493113.3504261115,223547.61844152556,174.8000000000002,603.3413791313601,0.8888888888888888,3.816097338057684,4.704986226946573
fixed-bias,116,59.19099261252609,23.11901488799595,4396.801330039622,1984.4255636328817,128.9997300396209,16.653575879963096,4367.801600000002,1977.5740423923908,100.0,9.802054639472027,0.0,2727.78296167606,0.0,0.0,1977.5740423923908,0.0,0.12810659408569336,0.02739405632019043,0.5,0.018518518518518517,497510.1517561511,225532.04400515844,176.32000000000022,608.0463653583067,0.8888888888888888,3.816097338057684,4.704986226946573
fixed-bias,117,57.0703263394949,22.563224675029094,4400.613902466352,1985.2311641719025,128.80110246635218,17.459176418983837,4371.8128,1977.5740423923908,100.0,9.802054639472027,0.0,2729.618179708018,0.0,0.0,1977.5740423923908,0.0,0.12009048461914062,0.009188413619995117,0.5,0.018518518518518517,501910.7656586175,227517.27516933036,177.84000000000023,612.7513515852534,0.8888888888888888,3.816097338057684,4.704986226946573
fixed-bias,118,54.55256411642057,24.223810352146653,4380.138454444555,1985.632786226077,136.48085444455523,17.8607984731583,4343.6576,1977.5740423923908,100.0,9.802054639472027,0.0,2681.0625338917894,0.0,0.0,1977.5740423923908,0.0,0.15009498596191406,0.017238378524780273,0.5,0.018518518518518517,506290.904113062,229502.90795555644,179.36000000000024,617.4563378122,0.8888888888888888,3.816097338057684,4.704986226946573
fixed-bias,119,54.98692169913736,20.82383559800744,4386.785742152663,1992.86689097322,143.059342152663,25.094903220301287,4343.7264000000005,1977.5740423923908,100.0,9.802054639472027,0.0,2685.1609790539587,0.0,0.0,1977.5740423923908,0.0,0.11353445053100586,0.019124507904052734,0.5,0.018518518518518517,510677.6898552147,231495.77484652965,180.88000000000025,622.1613240391466,0.8888888888888888,3.816097338057684,4.704986226946573
fixed-bias,120,56.02652143925963,21.932842827502135,4405.041077097618,1988.1755361803137,144.24747709761786,20.40354842739487,4360.7936,1977.5740423923908,100.0,9.802054639472027,0.0,2721.1349441029397,0.0,0.0,1977.5740423923908,0.0,0.1353592872619629,0.020107507705688477,0.5,0.018518518518518517,515082.7309323123,233483.95038270997,182.40000000000026,626.8663102660933,0.8888888888888888,3.816097338057684,4.704986226946573
fixed-bias,121,48.800246541746986,22.82773664724308,3960.720212652814,1982.6999636284297,129.06085265281243,14.927975875511075,3931.6593600000015,1977.5740423923908,100.0,9.802054639472027,0.0,2453.8244494575456,0.0,0.0,1977.5740423923908,0.0,0.14900708198547363,0.027626752853393555,0.5,0.018518518518518517,519043.45114496513,235466.6503463384,183.92000000000027,631.5712964930399,0.8888888888888888,3.816097338057684,4.704986226946573
fixed-bias,122,47.453963678782365,21.1832792243011,3972.080410371177,1983.7941055714746,127.53161037117616,16.022117818555873,3944.548800000001,1977.5740423923908,100.0,9.802054639472027,0.0,2461.3020746755014,0.0,0.0,1977.5740423923908,0.0,0.12922239303588867,0.009093523025512695,0.5,0.018518518518518517,523015.5315553363,237450.44445190986,185.44000000000028,636.2762827199865,0.8888888888888888,3.816097338057684,4.704986226946573
fixed-bias,123,54.48777040936975,22.48224952721972,4394.116914387064,1989.0191987817216,145.52811438706283,21.247211028802944,4348.588800000001,1977.5740423923908,100.0,9.802054639472027,0.0,2733.776906107777,0.0,0.0,1977.5740423923908,0.0,0.13858294486999512,0.022627592086791992,0.5,0.018518518518518517,527409.6484697234,239439.46365069158,186.9600000000003,640.9812689469331,0.8888888888888888,3.816097338057684,4.704986226946573
fixed-bias,124,53.05430965215286,24.24777651193461,4403.853319726552,1982.34760372549,145.3077197265523,14.575615972571388,4358.5456,1977.5740423923908,100.0,9.802054639472027,0.0,2723.34208064645,0.0,0.0,1977.5740423923908,0.0,0.14113473892211914,0.023110628128051758,0.5,0.018518518518518517,531813.50178945,241421.8112544171,188.4800000000003,645.6862551738798,0.8888888888888888,3.816097338057684,4.704986226946573
fixed-bias,125,54.97065167074279,19.976705715055893,4373.763299938056,1998.7909403301137,119.16809993805565,31.01895257719499,4354.5952,1977.5740423923908,100.0,9.802054639472027,0.0,2711.40435848478,0.0,0.0,1977.5740423923908,0.0,0.1417849063873291,0.016102313995361328,0.5,0.018518518518518517,536187.265089388,243420.6021947472,190.0000000000003,650.3912414008264,0.8888888888888888,3.816097338057684,4.704986226946573
fixed-bias,126,54.6211800617788,23.637213610099796,4404.042528678963,1992.3837987565144,140.565728678963,24.61181100359567,4363.4768,1977.5740423923908,100.0,9.802054639472027,0.0,2747.3445890037788,0.0,0.0,1977.5740423923908,0.0,0.13009929656982422,0.017125606536865234,0.5,0.018518518518518517,540591.307618067,245412.9859935037,191.52000000000032,655.096227627773,0.8888888888888888,3.816097338057684,4.704986226946573
fixed-bias,127,57.26068036701133,22.111529594522082,4401.2166017549325,1997.047324660767,128.3654017549324,29.275336907848207,4372.8512,1977.5740423923908,100.0,9.802054639472027,0.0,2724.3807399456978,0.0,0.0,1977.5740423923908,0.0,0.1307055950164795,0.020092248916625977,0.5,0.018518518518518517,544992.5242198219,247410.03331816447,193.04000000000033,659.8012138547197,0.8888888888888888,3.816097338057684,4.704986226946573
fixed-bias,128,47.66870372363751,19.276363500771083,3954.9592463182985,1990.8729330220076,118.88772631829758,23.100945269088996,3936.071520000001,1977.5740423923908,100.0,9.802054639472027,0.0,2474.30799688978,0.0,0.0,1977.5740423923908,0.0,0.1227869987487793,0.013544559478759766,0.5,0.018518518518518517,548947.4834661402,249400.90625118648,194.56000000000034,664.5062000816663,0.8888888888888888,3.816097338057684,4.704986226946573
fixed-bias,129,50.1923890572099,19.102356145624203,3961.4961645523445,1996.9085922105642,121.88368455234311,29.13660445764541,3939.612480000001,1977.5740423923908,100.0,9.802054639472027,0.0,2485.2982149942495,0.0,0.0,1977.5740423923908,0.0,0.11193561553955078,0.020938396453857422,0.5,0.018518518518518517,552908.9796306926,251397.81484339703,196.08000000000035,669.2111863086129,0.8888888888888888,3.816097338057684,4.704986226946573
fixed-bias,130,55.0501966815776,22.259755325368154,4389.533459387959,1983.629672299358,140.40705938795776,15.85768454643926,4349.126400000001,1977.5740423923908,100.0,9.802054639472027,0.0,2731.507613904451,0.0,0.0,1977.5740423923908,0.0,0.3325333595275879,0.03899383544921875,0.5,0.018518518518518517,557298.5130900806,253381.4445156964,197.60000000000036,673.9161725355596,0.8888888888888888,3.816097338057684,4.704986226946573
fixed-bias,131,55.655531220630856,23.073087324272876,4402.054642385089,1994.7597688193484,142.9266423850884,26.987781066429875,4359.128000000001,1977.5740423923908,100.0,9.802054639472027,0.0,2732.7005437336306,0.0,0.0,1977.5740423923908,0.0,0.1449756622314453,0.026090621948242188,0.5,0.018518518518518517,561700.5677324657,255376.20428451576,199.12000000000037,678.6211587625062,0.8888888888888888,3.816097338057684,4.704986226946573
fixed-bias,132,58.142906956666344,23.641738849342403,4393.503815660486,1988.1323533029413,138.32621566048687,20.36036555002271,4355.177599999999,1977.5740423923908,100.0,9.802054639472027,0.0,2714.276046569661,0.0,0.0,1977.5740423923908,0.0,0.11998796463012695,0.010005712509155273,0.5,0.018518518518518517,566094.0715481262,257364.3366378187,200.64000000000038,683.3261449894528,0.8888888888888888,3.816097338057684,4.704986226946573
fixed-bias,133,54.40926838635454,26.017833880729995,4399.3023986686685,1982.18272007338,147.39039866866847,14.410732320461458,4351.912,1977.5740423923908,100.0,9.802054639472027,0.0,2718.6852240867443,0.0,0.0,1977.5740423923908,0.0,0.1257011890411377,0.018993854522705078,0.5,0.018518518518518517,570493.3739467949,259346.51935789207,202.1600000000004,688.0311312163994,0.8888888888888888,3.816097338057684,4.704986226946573
fixed-bias,134,52.69478802752972,24.029746761009548,4394.347385643437,1983.9815045588437,126.90418564343575,16.209516805924956,4367.443200000001,1977.5740423923908,100.0,9.802054639472027,0.0,2748.6484807192537,0.0,0.0,1977.5740423923908,0.0,0.13110852241516113,0.0250089168548584,0.5,0.018518518518518517,574887.7213324383,261330.50086245092,203.6800000000004,692.7361174433461,0.8888888888888888,3.816097338057684,4.704986226946573
fixed-bias,135,50.12110923974577,23.619277964272293,3961.5838845361427,1981.993068991814,135.31588453614188,14.221081238895186,3926.268000000001,1977.5740423923908,100.0,9.802054639472027,0.0,2442.056458682429,0.0,0.0,1977.5740423923908,0.0,0.12552237510681152,0.013999223709106445,0.5,0.018518518518518517,578849.3052169745,263312.49393144273,205.20000000000041,697.4411036702927,0.8888888888888888,3.816097338057684,4.704986226946573
fixed-bias,136,49.076017118375184,20.811199985753426,3961.5526621922363,1999.7113613499937,119.92418219223542,31.93937359707494,3941.6284800000008,1977.5740423923908,100.0,9.802054639472027,0.0,2460.1617537409547,0.0,0.0,1977.5740423923908,0.0,0.11873650550842285,0.02053093910217285,0.5,0.018518518518518517,582810.8578791667,265312.2052927927,206.72000000000043,702.1460898972393,0.8888888888888888,3.816097338057684,4.704986226946573
fixed-bias,137,55.39032687466073,22.173933387450735,4396.195180533515,1995.7494402634445,145.9039805335145,27.977452510525733,4350.291200000001,1977.5740423923908,100.0,9.802054639472027,0.0,2713.9269562170994,0.0,0.0,1977.5740423923908,0.0,0.14036941528320312,0.014990806579589844,0.5,0.018518518518518517,587207.0530597003,267307.95473305613,208.24000000000044,706.851076124186,0.8888888888888888,3.816097338057684,4.704986226946573
fixed-bias,138,54.90236726991125,22.951418047622646,4394.790084155269,1992.9929367528994,127.9692841552698,25.220948999980628,4366.8207999999995,1977.5740423923908,100.0,9.802054639472027,0.0,2738.8557710461887,0.0,0.0,1977.5740423923908,0.0,0.13077402114868164,0.008106708526611328,0.5,0.018518518518518517,591601.8431438556,269300.94766980904,209.76000000000045,711.5560623511326,0.8888888888888888,3.816097338057684,4.704986226946573
fixed-bias,139,57.475810546719366,25.044232654328013,4383.353725601449,1994.3735750730796,147.38892560144907,26.601587320160956,4335.9648,1977.5740423923908,100.0,9.802054639472027,0.0,2723.4887171159235,0.0,0.0,1977.5740423923908,0.0,0.14814972877502441,0.027997732162475586,0.5,0.018518518518518517,595985.196869457,271295.3212448821,211.28000000000046,716.2610485780792,0.8888888888888888,3.816097338057684,4.704986226946573
fixed-bias,140,54.09991123676272,22.63930256769185,4391.493660729324,1984.8399783456368,141.82166072932364,17.067990592718242,4349.6720000000005,1977.5740423923908,100.0,9.802054639472027,0.0,2693.6424362321536,0.0,0.0,1977.5740423923908,0.0,0.12923455238342285,0.023009300231933594,0.5,0.018518518518518517,600376.6905301864,273280.16122322774,212.80000000000047,720.9660348050259,0.8888888888888888,3.816097338057684,4.704986226946573
fixed-bias,141,55.65673241237469,21.786394809242474,4400.583825482353,1991.174595555057,128.31502548235255,23.402607802138437,4372.268800000001,1977.5740423923908,100.0,9.802054639472027,0.0,2740.258139329713,0.0,0.0,1977.5740423923908,0.0,0.12469959259033203,0.020901918411254883,0.5,0.018518518518518517,604777.2743556688,275271.3358187828,214.32000000000048,725.6710210319725,0.8888888888888888,3.816097338057684,4.704986226946573
fixed-bias,142,46.87517623180696,17.488068480558866,3965.071604458224,1994.1684219153308,121.55240445822301,26.396434162412017,3943.519200000001,1977.5740423923908,100.0,9.802054639472027,0.0,2438.3045320668584,0.0,0.0,1977.5740423923908,0.0,0.12889719009399414,0.01298832893371582,0.5,0.018518518518518517,608742.3459601271,277265.5042406981,215.8400000000005,730.3760072589191,0.8888888888888888,3.816097338057684,4.704986226946573
fixed-bias,143,49.607366744555556,19.90676094966602,3969.37671192009,1983.6433887650849,117.90439192008917,15.871401012166189,3951.472320000001,1977.5740423923908,100.0,9.802054639472027,0.0,2484.598842557354,0.0,0.0,1977.5740423923908,0.0,0.15717792510986328,0.018036603927612305,0.5,0.018518518518518517,612711.7226720472,279249.14762946323,217.3600000000005,735.0809934858657,0.8888888888888888,3.816097338057684,4.704986226946573
fixed-bias,144,54.82633952012109,24.74436869653214,4399.143942358526,1981.750830240005,137.3327423585247,13.978842487086148,4361.811200000001,1977.5740423923908,100.0,9.802054639472027,0.0,2698.749130054567,0.0,0.0,1977.5740423923908,0.0,0.13911867141723633,0.016993284225463867,0.5,0.018518518518518517,617110.8666144058,281230.89845970325,218.8800000000005,739.7859797128124,0.8888888888888888,3.816097338057684,4.704986226946573
fixed-bias,145,57.445335292217685,22.38203502161649,4399.978579253802,1995.8696962465112,128.16577925380304,28.09770849359266,4371.8128,1977.5740423923908,100.0,9.802054639472027,0.0,2729.6094783744047,0.0,0.0,1977.5740423923908,0.0,0.12842631340026855,0.02216196060180664,0.5,0.018518518518518517,621510.8451936595,283226.7681559498,220.40000000000052,744.490965939759,0.8888888888888888,3.816097338057684,4.704986226946573
fixed-bias,146,57.2807396718566,24.437652691867697,4382.629780288566,1989.2404938374882,146.62018028856534,21.46850608456962,4336.0096,1977.5740423923908,100.0,9.802054639472027,0.0,2725.5756802961832,0.0,0.0,1977.5740423923908,0.0,0.1529374122619629,0.03323817253112793,0.5,0.018518518518518517,625893.4749739481,285216.0086497873,221.92000000000053,749.1959521667056,0.8888888888888888,3.816097338057684,4.704986226946573
fixed-bias,147,57.42536768690892,21.715656492142788,4400.164882848971,1990.6413346929971,148.20808284896938,22.86934694007851,4351.956800000001,1977.5740423923908,100.0,9.802054639472027,0.0,2748.4897240615815,0.0,0.0,1977.5740423923908,0.0,0.13919281959533691,0.01373147964477539,0.5,0.018518518518518517,630293.6398567971,287206.6499844803,223.44000000000054,753.9009383936523,0.8888888888888888,3.816097338057684,4.704986226946573
fixed-bias,148,55.87313356925379,24.045761535828685,4407.867822577585,1989.5765438408341,141.5446225775848,21.804556087915493,4366.3232,1977.5740423923908,100.0,9.802054639472027,0.0,2737.2302616956727,0.0,0.0,1977.5740423923908,0.0,0.11640048027038574,0.013991355895996094,0.5,0.018518518518518517,634701.5076793747,289196.2265283211,224.96000000000055,758.6059246205989,0.8888888888888888,3.816097338057684,4.704986226946573
fixed-bias,149,50.1808150596057,18.633384340551064,3953.4356792077056,1985.6583484773844,116.31583920770382,17.88636072446568,3937.1198400000017,1977.5740423923908,100.0,9.802054639472027,0.0,2468.9775124213584,0.0,0.0,1977.5740423923908,0.0,0.14320015907287598,0.01851177215576172,0.5,0.018518518518518517,638654.9433585823,291181.8848767985,226.48000000000056,763.3109108475455,0.8888888888888888,3.816097338057684,4.704986226946573
fixed-bias,150,49.33714952819989,22.4168411965965,3976.228585005268,1983.175765552305,124.75626500526684,15.403777799386344,3951.472320000001,1977.5740423923908,100.0,9.802054639472027,0.0,2475.124137496342,0.0,0.0,1977.5740423923908,0.0,0.12852263450622559,0.017004728317260742,0.5,0.018518518518518517,642631.1719435876,293165.0606423508,228.00000000000057,768.0158970744922,0.8888888888888888,3.816097338057684,4.704986226946573
fixed-bias,151,56.68731772866042,24.27728167143354,4393.240800197198,1992.4773741512895,137.49680019719688,24.705386398370887,4355.7440000000015,1977.5740423923908,100.0,9.802054639472027,0.0,2713.6182093647917,0.0,0.0,1977.5740423923908,0.0,0.13563251495361328,0.02154088020324707,0.5,0.018518518518518517,647024.4127437848,295157.5380165021,229.52000000000058,772.7208833014388,0.8888888888888888,3.816097338057684,4.704986226946573
fixed-bias,152,58.273506046454344,23.88853372777856,4400.093995307044,1990.5155927256683,141.01079530704416,22.743604972749555,4359.0832,1977.5740423923908,100.0,9.802054639472027,0.0,2732.2306776009027,0.0,0.0,1977.5740423923908,0.0,0.11239862442016602,0.023989439010620117,0.5,0.018518518518518517,651424.5067390918,297148.05360922776,231.0400000000006,777.4258695283854,0.8888888888888888,3.816097338057684,4.704986226946573
fixed-bias,153,59.155911828027946,23.204184724703445,4392.487566108327,1984.9940575567318,144.46516610832765,-8.079954939743104,4348.022399999999,2002.320736363304,100.0,9.246723866828978,0.0,2703.0578185090694,0.0,0.0,2002.320736363304,0.0,0.14262700080871582,0.022528886795043945,0.5,0.010101010101010102,655816.9943052002,299133.0476667845,232.5600000000006,781.8642969844633,0.4848484848484849,3.953578971229424,4.438427456077909
fixed-bias,154,59.01824212622245,22.192795759075228,4399.295472187876,1993.062583561943,135.28107218787596,25.290595809024396,4364.0144,1977.5740423923908,100.0,9.802054639472027,0.0,2719.5368706348772,0.0,0.0,1977.5740423923908,0.0,0.13817310333251953,0.02111673355102539,0.5,0.018518518518518517,660216.2897773881,301126.1102503464,234.0800000000006,786.5692832114098,0.8888888888888888,3.816097338057684,4.704986226946573
fixed-bias,155,57.2847582548535,24.4542266400804,4415.597556352653,1996.122264601737,148.15435635265163,28.350276848818382,4367.443200000001,1977.5740423923908,100.0,9.802054639472027,0.0,2734.324881073224,0.0,0.0,1977.5740423923908,0.0,0.11701822280883789,0.013520956039428711,0.5,0.018518518518518517,664631.8873337407,303122.2325149482,235.60000000000062,791.2742694383564,0.8888888888888888,3.816097338057684,4.704986226946573
fixed-bias,156,54.037465295888126,22.767899444533818,3979.130973627024,1990.4425680602953,136.13593362702295,22.6705803073766,3942.995040000001,1977.5740423923908,100.0,9.802054639472027,0.0,2469.8050534465456,0.0,0.0,1977.5740423923908,0.0,0.11153697967529297,0.013993024826049805,0.5,0.018518518518518517,668611.0183073677,305112.6750830085,237.12000000000063,795.9792556653031,0.8888888888888888,3.816097338057684,4.704986226946573
fixed-bias,157,51.16236397647976,22.313877670076575,3968.6267226042846,1983.346106541187,132.913762604284,15.574118788268448,3935.7129600000007,1977.5740423923908,100.0,9.802054639472027,0.0,2453.461813703867,0.0,0.0,1977.5740423923908,0.0,0.14950823783874512,0.018714427947998047,0.5,0.018518518518518517,672579.645029972,307096.02118954965,238.64000000000064,800.6842418922497,0.8888888888888888,3.816097338057684,4.704986226946573
fixed-bias,158,59.7238401477613,24.40032347181823,4395.917737850022,1990.9982391643703,140.1737378500201,23.226251411451535,4355.7440000000015,1977.5740423923908,100.0,9.802054639472027,0.0,2732.7354597063804,0.0,0.0,1977.5740423923908,0.0,0.1334238052368164,0.01771855354309082,0.5,0.018518518518518517,676975.562767822,309087.019428714,240.16000000000065,805.3892281191963,0.8888888888888888,3.816097338057684,4.704986226946573
fixed-bias,159,62.83053530252685,24.55053667744493,4420.146795000085,1990.164895254202,157.8059950000856,22.392907501283354,4362.3408,1977.5740423923908,100.0,9.802054639472027,0.0,2709.304307467944,0.0,0.0,1977.5740423923908,0.0,0.2127842903137207,0.010093212127685547,0.5,0.018518518518518517,681395.709562822,311077.1843239682,241.68000000000066,810.094214346143,0.8888888888888888,3.816097338057684,4.704986226946573
fixed-bias,160,58.5987893782559,21.927758965055496,4394.63729605492,1997.702538582458,139.4596960549207,29.930550829539268,4355.177599999999,1977.5740423923908,100.0,9.802054639472027,0.0,2747.0970563274764,0.0,0.0,1977.5740423923908,0.0,0.1266639232635498,0.018085956573486328,0.5,0.018518518518518517,685790.346858877,313074.88686255063,243.20000000000067,814.7992005730896,0.8888888888888888,3.816097338057684,4.704986226946573
fixed-bias,161,61.75977671687062,24.497043004108868,4405.060240735618,1984.4322380402425,149.32104073561726,-8.64177445623249,4355.739200000001,2002.320736363304,100.0,9.246723866828978,0.0,2727.3506302561555,0.0,0.0,2002.320736363304,0.0,0.11714768409729004,0.015005111694335938,0.5,0.010101010101010102,690195.4070996126,315059.3191005909,244.72000000000068,819.2376280291675,0.4848484848484849,3.953578971229424,4.438427456077909
fixed-bias,162,62.122230450043084,20.803374219214703,4402.772150341762,2005.4515629255518,150.7913503417634,37.679575172633086,4351.980799999999,1977.5740423923908,100.0,9.802054639472027,0.0,2731.767132937219,0.0,0.0,1977.5740423923908,0.0,0.14319968223571777,0.018036603927612305,0.5,0.018518518518518517,694598.1792499544,317064.7706635164,246.2400000000007,823.942614256114,0.8888888888888888,3.816097338057684,4.704986226946573
fixed-bias,163,56.24948888826651,19.443175763820026,3963.5949518154894,1995.964451928067,125.46711181548804,28.192464175148437,3938.1278400000015,1977.5740423923908,100.0,9.802054639472027,0.0,2448.7880680840162,0.0,0.0,1977.5740423923908,0.0,0.12055253982543945,0.025487899780273438,0.5,0.018518518518518517,698561.7742017698,319060.73511544446,247.7600000000007,828.6476004830606,0.8888888888888888,3.816097338057684,4.704986226946573
fixed-bias,164,56.87879118480694,22.339126377623476,3982.587960169496,1999.4890235860623,136.9908401694951,31.717035833143576,3945.597120000001,1977.5740423923908,100.0,9.802054639472027,0.0,2463.40209262515,0.0,0.0,1977.5740423923908,0.0,0.13465452194213867,0.010094404220581055,0.5,0.018518518518518517,702544.3621619394,321060.2241390305,249.2800000000007,833.3525867100072,0.8888888888888888,3.816097338057684,4.704986226946573
fixed-bias,165,61.219687170570985,21.361518259842573,4393.190783001998,1978.0399394297067,145.67718300199746,-15.034073066768304,4347.513600000001,2002.320736363304,100.0,9.246723866828978,0.0,2735.9751208278153,0.0,0.0,2002.320736363304,0.0,0.12174820899963379,0.008104085922241211,0.5,0.010101010101010102,706937.5529449413,323038.2640784602,250.80000000000072,837.7910141660851,0.4848484848484849,3.953578971229424,4.438427456077909
fixed-bias,166,61.45049377696767,24.15257853326547,4409.63520410432,1979.061581493883,149.34240410431977,-14.012431002591832,4360.2928,2002.320736363304,100.0,9.246723866828978,0.0,2730.4585737816246,0.0,0.0,2002.320736363304,0.0,0.11777377128601074,0.008051156997680664,0.5,0.010101010101010102,711347.1881490457,325017.3256599541,252.32000000000073,842.229441622163,0.4848484848484849,3.953578971229424,4.438427456077909
fixed-bias,167,61.095087016692595,22.070533101313764,4390.552231751008,2001.027056751401,135.37463175100837,33.25506899848223,4355.177599999999,1977.5740423923908,100.0,9.802054639472027,0.0,2729.493624842443,0.0,0.0,1977.5740423923908,0.0,0.12941837310791016,0.014997005462646484,0.5,0.018518518518518517,715737.7403807967,327018.3527167055,253.84000000000074,846.9344278491096,0.8888888888888888,3.816097338057684,4.704986226946573
fixed-bias,168,63.120279229465986,21.887574860256564,4393.109638449825,2005.4172702128542,148.30803844982478,37.64528245993563,4344.801600000001,1977.5740423923908,100.0,9.802054639472027,0.0,2710.308260009603,0.0,0.0,1977.5740423923908,0.0,0.11333560943603516,0.021005630493164062,0.5,0.018518518518518517,720130.8500192466,329023.76998691837,255.36000000000075,851.6394140760563,0.8888888888888888,3.816097338057684,4.704986226946573
fixed-bias,169,62.083245668849976,24.161703700222404,4423.747002866939,1999.8375061261834,156.886202866938,32.06551837326481,4366.8608,1977.5740423923908,100.0,9.802054639472027,0.0,2728.002584967242,0.0,0.0,1977.5740423923908,0.0,0.12834954261779785,0.01682877540588379,0.5,0.018518518518518517,724554.5970221135,331023.6074930446,256.88000000000073,856.3444003030029,0.8888888888888888,3.816097338057684,4.704986226946573
fixed-bias,170,53.71403248739431,19.09422472623007,3964.6376330886983,1989.5728427768438,127.55811308869713,21.800855023925042,3937.079520000001,1977.5740423923908,100.0,9.802054639472027,0.0,2450.139126312276,0.0,0.0,1977.5740423923908,0.0,0.12455630302429199,0.022914409637451172,0.5,0.018518518518518517,728519.2346552022,333013.1803358214,258.4000000000007,861.0493865299495,0.8888888888888888,3.816097338057684,4.704986226946573
fixed-bias,171,55.13348153286514,19.396543526400574,3974.470478574945,1998.917797544758,128.38951857494365,31.145809791839408,3946.080960000001,1977.5740423923908,100.0,9.802054639472027,0.0,2465.268409852102,0.0,0.0,1977.5740423923908,0.0,0.14634037017822266,0.021532297134399414,0.5,0.018518518518518517,732493.7051337772,335012.09813336615,259.9200000000007,865.7543727568961,0.8888888888888888,3.816097338057684,4.704986226946573
fixed-bias,172,65.23109419914344,21.494358946740796,4403.89143208368,1996.8361727446397,138.32983208367943,29.06418499172105,4365.561600000001,1977.5740423923908,100.0,9.802054639472027,0.0,2729.7615361806925,0.0,0.0,1977.5740423923908,0.0,0.17054224014282227,0.021771907806396484,0.5,0.018518518518518517,736897.5965658609,337008.9343061108,261.4400000000007,870.4593589838428,0.8888888888888888,3.816097338057684,4.704986226946573
fixed-bias,173,63.87649764135225,22.79001898103333,4411.4919153292185,1996.7011413669254,153.52871532921878,28.929153614006722,4357.9632,1977.5740423923908,100.0,9.802054639472027,0.0,2721.4269214247006,0.0,0.0,1977.5740423923908,0.0,0.14254307746887207,0.018992185592651367,0.5,0.018518518518518517,741309.0884811901,339005.6354474777,262.96000000000066,875.1643452107894,0.8888888888888888,3.816097338057684,4.704986226946573
fixed-bias,174,65.8050137334734,21.512821626007423,4387.158221381802,2004.5219910173025,137.9710213818028,36.750003264383906,4349.187199999999,1977.5740423923908,100.0,9.802054639472027,0.0,2716.57360548412,0.0,0.0,1977.5740423923908,0.0,0.14220905303955078,0.01308584213256836,0.5,0.018518518518518517,745696.246702572,341010.15743849496,264.48000000000064,879.869331437736,0.8888888888888888,3.816097338057684,4.704986226946573
fixed-bias,175,63.93778206822773,22.1062178413134,4409.735581987407,1997.4072991917617,153.9963819874064,29.63531143884301,4355.739200000001,1977.5740423923908,100.0,9.802054639472027,0.0,2721.9634934086025,0.0,0.0,1977.5740423923908,0.0,0.10475277900695801,0.008089065551757812,0.5,0.018518518518518517,750105.9822845594,343007.5647376867,266.0000000000006,884.5743176646827,0.8888888888888888,3.816097338057684,4.704986226946573
fixed-bias,176,62.386669041931036,21.562395111526513,4403.812549647461,1995.5407042148963,151.87654964746184,27.768716461977714,4351.936,1977.5740423923908,100.0,9.802054639472027,0.0,2739.584187220017,0.0,0.0,1977.5740423923908,0.0,0.15517878532409668,0.012000083923339844,0.5,0.018518518518518517,754509.7948342068,345003.1054419016,267.5200000000006,889.2793038916293,0.8888888888888888,3.816097338057684,4.704986226946573
fixed-bias,177,58.298417239524305,19.176523121121516,3970.7939189919266,2002.796427201259,127.75855899192543,35.02443944834033,3943.035360000001,1977.5740423923908,100.0,9.802054639472027,0.0,2490.553424669149,0.0,0.0,1977.5740423923908,0.0,0.1398005485534668,0.016045808792114258,0.5,0.018518518518518517,758480.5887531987,347005.90186910285,269.0400000000006,893.9842901185759,0.8888888888888888,3.816097338057684,4.704986226946573
fixed-bias,178,59.41522926945256,21.06544790619253,3980.7479647597156,2000.2187244583831,135.71532475971446,32.446736705464495,3945.0326400000013,1977.5740423923908,100.0,9.802054639472027,0.0,2473.6357906173484,0.0,0.0,1977.5740423923908,0.0,0.167344331741333,0.027744054794311523,0.5,0.018518518518518517,762461.3367179584,349006.1205935612,270.56000000000057,898.6892763455226,0.8888888888888888,3.816097338057684,4.704986226946573
fixed-bias,179,66.0296587233803,24.570236950537495,4422.934300426583,1974.3440850990796,166.6527004265817,-18.72992739739538,4356.281600000001,2002.320736363304,100.0,9.246723866828978,0.0,2705.6124749492183,0.0,0.0,2002.320736363304,0.0,0.13042974472045898,0.02271866798400879,0.5,0.010101010101010102,766884.2710183851,350980.46467866027,272.08000000000055,903.1277038016004,0.4848484848484849,3.953578971229424,4.438427456077909
fixed-bias,180,65.610394469496,23.500836817935195,4413.096489314637,1973.9034598299322,136.4580893146374,-19.170552666542825,4376.6384,2002.320736363304,100.0,9.246723866828978,0.0,2749.1138670490727,0.0,0.0,2002.320736363304,0.0,0.1375105381011963,0.020384788513183594,0.5,0.010101010101010102,771297.3675076998,352954.3681384902,273.60000000000053,907.5661312576783,0.4848484848484849,3.953578971229424,4.438427456077909
fixed-bias,181,69.10753657379082,24.84304180565935,4414.561488787652,1966.1315260188994,159.38388878765315,-26.94248647757551,4355.177599999999,2002.320736363304,100.0,9.246723866828978,0.0,2710.4503816410615,0.0,0.0,2002.320736363304,0.0,0.1410379409790039,0.02927684783935547,0.5,0.010101010101010102,775711.9289964874,354920.4996645091,275.1200000000005,912.0045587137562,0.4848484848484849,3.953578971229424,4.438427456077909
fixed-bias,182,67.80321109234661,23.045232004530916,4412.467514302094,1975.5257991192666,162.2131143020932,-17.548213377208324,4350.254400000001,2002.320736363304,100.0,9.246723866828978,0.0,2722.4822980672466,0.0,0.0,2002.320736363304,0.0,0.11137032508850098,0.01827263832092285,0.5,0.010101010101010102,780124.3965107895,356896.02546362835,276.6400000000005,916.4429861698341,0.4848484848484849,3.953578971229424,4.438427456077909
fixed-bias,183,67.63739347547047,21.56063740979482,4412.351070683044,1977.3128209169713,145.49027068304306,-15.761191579503798,4366.8608,2002.320736363304,100.0,9.246723866828978,0.0,2753.091970486091,0.0,0.0,2002.320736363304,0.0,0.12232565879821777,0.009215831756591797,0.5,0.010101010101010102,784536.7475814726,358873.33828454535,278.1600000000005,920.8814136259119,0.4848484848484849,3.953578971229424,4.438427456077909
fixed-bias,184,60.90873342515963,23.39393602525782,3982.7131064810974,1999.1114737202365,139.19390648109638,31.3394859673179,3943.519200000001,1977.5740423923908,100.0,9.802054639472027,0.0,2457.920637120807,0.0,0.0,1977.5740423923908,0.0,0.14027118682861328,0.02221989631652832,0.5,0.018518518518518517,788519.4606879537,360872.4497582656,279.68000000000046,925.5863998528584,0.8888888888888888,3.816097338057684,4.704986226946573
fixed-bias,185,64.39650229598227,20.200283503059946,3997.3356503158866,2003.5153861273484,153.31101031588526,35.74339837442965,3944.024640000001,1977.5740423923908,100.0,9.802054639472027,0.0,2449.6140834433018,0.0,0.0,1977.5740423923908,0.0,0.13527441024780273,0.0220644474029541,0.5,0.018518518518518517,792516.7963382696,362875.9651443929,281.20000000000044,930.2913860798051,0.8888888888888888,3.816097338057684,4.704986226946573
fixed-bias,186,72.91439051811676,24.412990720637453,4421.456925577721,1970.1975838244705,171.70332557772073,-22.87642867200445,4349.753600000001,2002.320736363304,100.0,9.246723866828978,0.0,2704.103912700427,0.0,0.0,2002.320736363304,0.0,0.1479504108428955,0.03393363952636719,0.5,0.010101010101010102,796938.2532638473,364846.1627282174,282.7200000000004,934.729813535883,0.4848484848484849,3.953578971229424,4.438427456077909
fixed-bias,187,71.08677553908332,22.97461524898611,4411.540005376415,1967.739960868055,150.70960537641557,-25.334051628419864,4360.8304,2002.320736363304,100.0,9.246723866828978,0.0,2725.1846381823225,0.0,0.0,2002.320736363304,0.0,0.20258164405822754,0.028480052947998047,0.5,0.010101010101010102,801349.7932692238,366813.9026890854,284.2400000000004,939.1682409919608,0.4848484848484849,3.953578971229424,4.438427456077909
fixed-bias,188,67.1192151031503,21.148690033457047,4402.797772350026,2006.5458269384928,153.61057235002687,38.773839185574076,4349.187199999999,1977.5740423923908,100.0,9.802054639472027,0.0,2701.707034316262,0.0,0.0,1977.5740423923908,0.0,0.18443799018859863,0.022005558013916016,0.5,0.018518518518518517,805752.5910415738,368820.44851602387,285.7600000000004,943.8732272189075,0.8888888888888888,3.816097338057684,4.704986226946573
fixed-bias,189,70.43912578346031,24.27910692593236,4415.554527606997,1981.0437580269293,170.70812760699636,-12.030254469545689,4344.8464,2002.320736363304,100.0,9.246723866828978,0.0,2715.556925100668,0.0,0.0,2002.320736363304,0.0,0.12798094749450684,0.009701013565063477,0.5,0.010101010101010102,810168.1455691808,370801.4922740508,287.28000000000037,948.3116546749853,0.4848484848484849,3.953578971229424,4.438427456077909
fixed-bias,190,67.13854558328812,22.65840195572177,4415.997793292094,2000.2235936507338,150.83939329209346,32.4516058978151,4365.1584,1977.5740423923908,100.0,9.802054639472027,0.0,2736.894667090306,0.0,0.0,1977.5740423923908,0.0,0.1087348461151123,0.014994621276855469,0.5,0.018518518518518517,814584.1433624729,372801.7158677015,288.80000000000035,953.0166409019319,0.8888888888888888,3.816097338057684,4.704986226946573
fixed-bias,191,61.089734155337474,20.537169200363834,3971.003814003534,2001.4219615262073,144.7761340035333,33.649973773288615,3926.227680000001,1977.5740423923908,100.0,9.802054639472027,0.0,2455.3785990983893,0.0,0.0,1977.5740423923908,0.0,0.14356327056884766,0.01752948760986328,0.5,0.018518518518518517,818555.1471764764,374803.1378292277,290.32000000000033,957.7216271288785,0.8888888888888888,3.816097338057684,4.704986226946573
fixed-bias,192,63.662491340690956,21.932551324066242,3989.4864951018562,1980.6033643310523,140.03017510185558,-12.47064816542271,3949.4563200000007,2002.320736363304,100.0,9.246723866828978,0.0,2477.467832413794,0.0,0.0,2002.320736363304,0.0,0.12720155715942383,0.022019624710083008,0.5,0.010101010101010102,822544.6336715783,376783.7411935588,291.8400000000003,962.1600545849564,0.4848484848484849,3.953578971229424,4.438427456077909
fixed-bias,193,70.27309508983275,24.019005274349087,4416.216129263426,1970.0427759908328,148.9521292634252,-23.03123650564215,4367.264000000001,2002.320736363304,100.0,9.246723866828978,0.0,2723.8033912157307,0.0,0.0,2002.320736363304,0.0,0.13808822631835938,0.02052927017211914,0.5,0.010101010101010102,826960.8498008416,378753.78396954964,293.3600000000003,966.5984820410342,0.4848484848484849,3.953578971229424,4.438427456077909
fixed-bias,194,70.02827577625989,21.51019714876259,4427.901022406115,2010.1030923019698,151.80022240611476,42.33110454905113,4376.1008,1977.5740423923908,100.0,9.802054639472027,0.0,2715.3731625833366,0.0,0.0,1977.5740423923908,0.0,0.13506293296813965,0.017993688583374023,0.5,0.018518518518518517,831388.7508232477,380763.8870618516,294.8800000000003,971.3034682679809,0.8888888888888888,3.816097338057684,4.704986226946573
fixed-bias,195,72.32580441960101,24.31519022182215,4414.467433714886,1969.029496591652,178.50263371488631,-24.044515904822948,4335.9648,2002.320736363304,100.0,9.246723866828978,0.0,2713.9366232440166,0.0,0.0,2002.320736363304,0.0,0.1345539093017578,0.020618915557861328,0.5,0.010101010101010102,835803.2182569626,382732.9165584433,296.40000000000026,975.7418957240587,0.4848484848484849,3.953578971229424,4.438427456077909
fixed-bias,196,74.26111979640984,19.780798052886336,4418.167836131163,2019.3790497824652,160.72623613116363,51.607062029546476,4357.4416,1977.5740423923908,100.0,9.802054639472027,0.0,2740.089885990989,0.0,0.0,1977.5740423923908,0.0,0.14438676834106445,0.022407054901123047,0.5,0.018518518518518517,840221.3860930938,384752.29560822574,297.92000000000024,980.4468819510053,0.8888888888888888,3.816097338057684,4.704986226946573
fixed-bias,197,71.45095553392356,24.238409799896882,4431.250403695049,2012.310595061586,171.03920369504849,44.53860730866715,4360.2112,1977.5740423923908,100.0,9.802054639472027,0.0,2751.1887346930553,0.0,0.0,1977.5740423923908,0.0,0.12369585037231445,0.012997865676879883,0.5,0.018518518518518517,844652.6364967888,386764.6062032873,299.4400000000002,985.1518681779519,0.8888888888888888,3.816097338057684,4.704986226946573
fixed-bias,198,64.96544313941659,18.005468968428023,3973.3836487246604,2001.6098622911827,143.7806087246594,33.83787453826393,3929.603040000001,1977.5740423923908,100.0,9.802054639472027,0.0,2469.4439279388794,0.0,0.0,1977.5740423923908,0.0,0.1311349868774414,0.02500319480895996,0.5,0.018518518518518517,848626.0201455135,388766.2160655785,300.9600000000002,989.8568544048985,0.8888888888888888,3.816097338057684,4.704986226946573
fixed-bias,199,66.26418103300598,20.075113841569877,3997.186158895971,1979.3220664167386,146.2379988959698,-13.751946079736395,3950.948160000001,2002.320736363304,100.0,9.246723866828978,0.0,2471.366912871189,0.0,0.0,2002.320736363304,0.0,0.14217090606689453,0.01699686050415039,0.5,0.010101010101010102,852623.2063044094,390745.53813199524,302.4800000000002,994.2952818609764,0.4848484848484849,3.953578971229424,4.438427456077909
fixed-bias,200,73.86155383057145,23.464294691434056,4421.364989813104,1971.9087725541096,158.97138981310354,-21.165239942365286,4362.393600000001,2002.320736363304,100.0,9.246723866828978,0.0,2749.406436642474,0.0,0.0,2002.320736363304,0.0,0.13855648040771484,0.0175321102142334,0.5,0.010101010101010102,857044.5712942225,392717.4469045494,304.00000000000017,998.7337093170543,0.4848484848484849,3.953578971229424,4.438427456077909
fixed-bias,201,75.16702471845572,22.600775897201004,4430.213875409642,1967.2682650775462,165.6330754096424,-25.805747418928867,4364.5808,2002.320736363304,100.0,9.246723866828978,0.0,2735.693726060541,0.0,0.0,2002.320736363304,0.0,0.10984683036804199,0.023999929428100586,0.5,0.010101010101010102,861474.7851696322,394684.7151696269,305.52000000000015,1003.1721367731321,0.4848484848484849,3.953578971229424,4.438427456077909
fixed-bias,202,76.22836388852572,25.58531388822953,4417.04244890375,1971.2706884980817,169.02004890375102,-21.803323998393395,4348.022399999999,2002.320736363304,100.0,9.246723866828978,0.0,2717.4424841481873,0.0,0.0,2002.320736363304,0.0,0.16609573364257812,0.029544830322265625,0.5,0.010101010101010102,865891.827618536,396655.98585812503,307.04000000000013,1007.61056422921,0.4848484848484849,3.953578971229424,4.438427456077909
fixed-bias,203,74.33966639714576,22.68157747349098,4419.887175242645,1970.9786499756167,169.05037524264495,-22.095362520858334,4350.8368,2002.320736363304,100.0,9.246723866828978,0.0,2696.2768201378576,0.0,0.0,2002.320736363304,0.0,0.13921165466308594,0.02200484275817871,0.5,0.010101010101010102,870311.7147937786,398626.96450810065,308.5600000000001,1012.0489916852879,0.4848484848484849,3.953578971229424,4.438427456077909
fixed-bias,204,75.87820261182219,24.36118331240573,4435.659690135218,1970.7584383275475,177.10609013521793,-22.315574168927373,4358.5536,2002.320736363304,100.0,9.246723866828978,0.0,2703.191123587914,0.0,0.0,2002.320736363304,0.0,0.1313014030456543,0.02399420738220215,0.5,0.010101010101010102,874747.3744839139,400597.72294642817,310.0800000000001,1016.4874191413658,0.4848484848484849,3.953578971229424,4.438427456077909
fixed-bias,205,69.66710545558354,20.629350756877724,3989.5697146541265,2007.1284782031198,147.54235465412503,39.356490450201086,3942.0273600000014,1977.5740423923908,100.0,9.802054639472027,0.0,2469.6842206419437,0.0,0.0,1977.5740423923908,0.0,0.11964869499206543,0.012008905410766602,0.5,0.018518518518518517,878736.944198568,402604.8514246313,311.6000000000001,1021.1924053683124,0.8888888888888888,3.816097338057684,4.704986226946573
fixed-bias,206,69.47570124616813,20.946778564391515,3997.971296748193,1968.7206371037594,157.87497674819147,-24.353375392715744,3940.096320000001,2002.320736363304,100.0,9.246723866828978,0.0,2478.5204219836173,0.0,0.0,2002.320736363304,0.0,0.10660052299499512,0.014008283615112305,0.5,0.010101010101010102,882734.9154953161,404573.5720617351,313.12000000000006,1025.6308328243904,0.4848484848484849,3.953578971229424,4.438427456077909
fixed-bias,207,77.12572411695417,22.26948479512534,4429.710900617023,1968.4583520683348,178.29970061702258,-24.615660428140142,4351.4112000000005,2002.320736363304,100.0,9.246723866828978,0.0,2715.7697610568816,0.0,0.0,2002.320736363304,0.0,0.12365436553955078,0.022997617721557617,0.5,0.010101010101010102,887164.6263959332,406542.0304138034,314.64000000000004,1030.0692602804684,0.4848484848484849,3.953578971229424,4.438427456077909
fixed-bias,208,76.70671369473838,23.776666991110393,4437.005302110622,1974.6190928243566,170.18450211062282,-18.454919672118336,4366.8207999999995,2002.320736363304,100.0,9.246723866828978,0.0,2732.698444648173,0.0,0.0,2002.320736363304,0.0,0.12355351448059082,0.02152562141418457,0.5,0.010101010101010102,891601.6316980438,408516.64950662776,316.16,1034.5076877365464,0.4848484848484849,3.953578971229424,4.438427456077909
fixed-bias,209,81.80321136307873,23.290265281214126,4427.0535927313895,1970.815907436418,179.0311927313905,-22.258105060057048,4348.022399999999,2002.320736363304,100.0,9.246723866828978,0.0,2718.800456969689,0.0,0.0,2002.320736363304,0.0,0.14054489135742188,0.016999244689941406,0.5,0.010101010101010102,896028.6852907751,410487.4654140642,317.68,1038.9461151926243,0.4848484848484849,3.953578971229424,4.438427456077909
fixed-bias,210,78.6036606354538,25.064270704086745,4436.549861945883,1969.3210773471721,185.71306194588325,-23.75293514930294,4350.8368,2002.320736363304,100.0,9.246723866828978,0.0,2738.1550249618863,0.0,0.0,2002.320736363304,0.0,0.11954116821289062,0.026246070861816406,0.5,0.010101010101010102,900465.235152721,412456.78649141133,319.2,1043.3845426487023,0.4848484848484849,3.953578971229424,4.438427456077909
fixed-bias,211,80.49998203503635,18.933623907873827,4431.230495283089,1970.449102757865,163.7872952830885,-22.62490973861015,4367.443200000001,2002.320736363304,100.0,9.246723866828978,0.0,2751.2763230383885,0.0,0.0,2002.320736363304,0.0,0.1483609676361084,0.01698446273803711,0.5,0.010101010101010102,904896.4656480041,414427.2355941692,320.71999999999997,1047.8229701047803,0.4848484848484849,3.953578971229424,4.438427456077909
fixed-bias,212,71.16707104317659,17.037203111271484,3988.87744586906,2007.9851703539914,145.35824586905892,40.21318260107278,3943.519200000001,1977.5740423923908,100.0,9.802054639472027,0.0,2454.4720268606156,0.0,0.0,1977.5740423923908,0.0,0.14426302909851074,0.020996809005737305,0.5,0.018518518518518517,908885.3430938731,416435.2207645232,322.23999999999995,1052.527956331727,0.8888888888888888,3.816097338057684,4.704986226946573
fixed-bias,213,69.75134630215267,22.129738399557635,4003.01270312213,1966.6541976563171,151.5403831221284,-26.419814840157922,3951.472320000001,2002.320736363304,100.0,9.246723866828978,0.0,2474.86088360322,0.0,0.0,2002.320736363304,0.0,0.13399648666381836,0.015679121017456055,0.5,0.010101010101010102,912888.3557969952,418401.8749621795,323.75999999999993,1056.966383787805,0.4848484848484849,3.953578971229424,4.438427456077909
fixed-bias,214,78.94647962245057,22.735818821903937,4427.585561888231,1969.990046561951,179.5791618882291,-23.08396593452405,4348.006400000001,2002.320736363304,100.0,9.246723866828978,0.0,2709.126269675555,0.0,0.0,2002.320736363304,0.0,0.13155603408813477,0.022943496704101562,0.5,0.010101010101010102,917315.9413588834,420371.86500874144,325.2799999999999,1061.404811243883,0.4848484848484849,3.953578971229424,4.438427456077909
fixed-bias,215,79.69218979253121,24.853549999437558,4444.207935366256,1966.5079840882886,172.97753536625578,-26.566028408186355,4371.2304,2002.320736363304,100.0,9.246723866828978,0.0,2750.533129686451,0.0,0.0,2002.320736363304,0.0,0.140639066696167,0.02184438705444336,0.5,0.010101010101010102,921760.1492942497,422338.3729928297,326.7999999999999,1065.843238699961,0.4848484848484849,3.953578971229424,4.438427456077909
fixed-bias,216,80.68526400750473,20.873818116458107,4430.501049776756,1965.1444534477594,175.3234497767573,-27.92955904871559,4355.177599999999,2002.320736363304,100.0,9.246723866828978,0.0,2715.692860717981,0.0,0.0,2002.320736363304,0.0,0.10927486419677734,0.014905452728271484,0.5,0.010101010101010102,926190.6503440265,424303.5174462775,328.3199999999999,1070.281666156039,0.4848484848484849,3.953578971229424,4.438427456077909
fixed-bias,217,79.33466149503745,22.534710003184745,4433.000005039105,1971.1065600580398,168.98560503910545,-21.96745243843529,4364.0144,2002.320736363304,100.0,9.246723866828978,0.0,2718.3306518649238,0.0,0.0,2002.320736363304,0.0,0.14587616920471191,0.02792835235595703,0.5,0.010101010101010102,930623.6503490657,426274.6240063355,329.83999999999986,1074.720093612117,0.4848484848484849,3.953578971229424,4.438427456077909
fixed-bias,218,80.25261145838502,24.711053474938414,4447.435996385622,1971.898608215641,196.03759638562263,-21.17540428083402,4351.3984,2002.320736363304,100.0,9.246723866828978,0.0,2699.2692847504923,0.0,0.0,2002.320736363304,0.0,0.14779019355773926,0.027881145477294922,0.5,0.010101010101010102,935071.0863454513,428246.5226145511,331.35999999999984,1079.158521068195,0.4848484848484849,3.953578971229424,4.438427456077909
fixed-bias,219,72.52409420616554,21.334799077247645,3998.104441204534,1975.049833199222,155.1094012045328,-18.02417929725309,3942.995040000001,2002.320736363304,100.0,9.246723866828978,0.0,2480.911770248581,0.0,0.0,2002.320736363304,0.0,0.14059209823608398,0.017139911651611328,0.5,0.010101010101010102,939069.1907866559,430221.57244775037,332.8799999999998,1083.5969485242729,0.4848484848484849,3.953578971229424,4.438427456077909
fixed-bias,220,73.18503352887042,22.38643120524184,4010.2670066824585,1971.3935367051176,165.23436668245694,-21.680475791357356,3945.0326400000013,2002.320736363304,100.0,9.246723866828978,0.0,2466.2201229798948,0.0,0.0,2002.320736363304,0.0,0.11262345314025879,0.012125015258789062,0.5,0.010101010101010102,943079.4577933383,432192.9659844555,334.3999999999998,1088.0353759803509,0.4848484848484849,3.953578971229424,4.438427456077909
fixed-bias,221,83.41454036304863,22.976168288075804,4436.069110896148,1961.6496562962325,168.8051108961472,-31.42435620024256,4367.264000000001,2002.320736363304,100.0,9.246723866828978,0.0,2750.540107257666,0.0,0.0,2002.320736363304,0.0,0.10862016677856445,0.02572917938232422,0.5,0.010101010101010102,947515.5269042345,434154.6156407517,335.9199999999998,1092.4738034364289,0.4848484848484849,3.953578971229424,4.438427456077909
fixed-bias,222,84.9911160564511,21.92605323957532,4450.1274107325,1965.2861056242004,180.64421073249963,-27.787906872274547,4369.483200000001,2002.320736363304,100.0,9.246723866828978,0.0,2722.6567165908414,0.0,0.0,2002.320736363304,0.0,0.11992120742797852,0.018126487731933594,0.5,0.010101010101010102,951965.654314967,436119.90174637595,337.43999999999977,1096.9122308925068,0.4848484848484849,3.953578971229424,4.438427456077909
fixed-bias,223,82.87666822740407,22.910541786282657,4428.368113940403,1960.2566015832451,180.88331394040392,-32.817410913229985,4347.484799999999,2002.320736363304,100.0,9.246723866828978,0.0,2697.667339608539,0.0,0.0,2002.320736363304,0.0,0.1130678653717041,0.014805793762207031,0.5,0.010101010101010102,956394.0224289073,438080.1583479592,338.95999999999975,1101.3506583485848,0.4848484848484849,3.953578971229424,4.438427456077909
fixed-bias,224,84.88548182093353,23.013732973873935,4438.174281930745,1965.529997134299,180.73268193074486,-27.544015362176033,4357.4416,2002.320736363304,100.0,9.246723866828978,0.0,2714.265763973471,0.0,0.0,2002.320736363304,0.0,0.11602258682250977,0.013675689697265625,0.5,0.010101010101010102,960832.1967108381,440045.6883450935,340.47999999999973,1105.7890858046628,0.4848484848484849,3.953578971229424,4.438427456077909
fixed-bias,225,83.5869581133221,20.895749651940154,4437.095711965346,1968.7990748829206,164.2445119653457,-24.274937613554386,4372.8512,2002.320736363304,100.0,9.246723866828978,0.0,2732.5734777137022,0.0,0.0,2002.320736363304,0.0,0.13410401344299316,0.019099712371826172,0.5,0.010101010101010102,965269.2924228035,442014.48741997645,341.9999999999997,1110.2275132607408,0.4848484848484849,3.953578971229424,4.438427456077909
fixed-bias,226,77.09530981475741,20.88301721622349,4001.7534408371685,2024.2374263150286,174.47744083716788,56.465438562110066,3927.2760000000007,1977.5740423923908,100.0,9.802054639472027,0.0,2461.676517212833,0.0,0.0,1977.5740423923908,0.0,0.10814189910888672,0.016216278076171875,0.5,0.018518518518518517,969271.0458636406,444038.7248462915,343.5199999999997,1114.9324994876874,0.8888888888888888,3.816097338057684,4.704986226946573
fixed-bias,227,75.27074084518883,19.713568189845162,4002.7927718916317,1970.09400554041,156.71181189163042,-22.98000695606483,3946.080960000001,2002.320736363304,100.0,9.246723866828978,0.0,2482.004230172804,0.0,0.0,2002.320736363304,0.0,0.1303715705871582,0.011116743087768555,0.5,0.010101010101010102,973273.8386355322,446008.8188518319,345.0399999999997,1119.3709269437654,0.4848484848484849,3.953578971229424,4.438427456077909
fixed-bias,228,84.2937320143834,20.424489438787756,4437.079167705673,1966.2317709699917,175.85036770567186,-26.84224152648338,4361.228800000002,2002.320736363304,100.0,9.246723866828978,0.0,2726.5748846673437,0.0,0.0,2002.320736363304,0.0,0.12770795822143555,0.012893199920654297,0.5,0.010101010101010102,977710.9178032379,447975.0506228019,346.55999999999966,1123.8093543998434,0.4848484848484849,3.953578971229424,4.438427456077909
fixed-bias,229,84.89367479375393,20.709826052407884,4442.775139956677,1963.2307956423647,183.64713995667645,-29.84321685411031,4359.128000000001,2002.320736363304,100.0,9.246723866828978,0.0,2722.996459536172,0.0,0.0,2002.320736363304,0.0,0.12770819664001465,0.023526668548583984,0.5,0.010101010101010102,982153.6929431946,449938.28141844424,348.07999999999964,1128.2477818559214,0.4848484848484849,3.953578971229424,4.438427456077909
fixed-bias,230,88.46501449390422,27.347272545546364,4445.029421354766,1968.501279711564,189.85182135476643,-24.572732784911125,4355.177599999999,2002.320736363304,100.0,9.246723866828978,0.0,2711.622994126143,0.0,0.0,2002.320736363304,0.0,0.17067193984985352,0.02162337303161621,0.5,0.010101010101010102,986598.7223645494,451906.7826981558,349.5999999999996,1132.6862093119994,0.4848484848484849,3.953578971229424,4.438427456077909
fixed-bias,231,88.78991491053712,25.05061904001668,4448.647223176287,1974.6201626802276,190.62322317628735,-18.453849816247427,4358.024,2002.320736363304,100.0,9.246723866828978,0.0,2736.5847776567734,0.0,0.0,2002.320736363304,0.0,0.1715254783630371,0.010095596313476562,0.5,0.010101010101010102,991047.3695877257,453881.402860836,351.1199999999996,1137.1246367680774,0.4848484848484849,3.953578971229424,4.438427456077909
fixed-bias,232,84.34409027993597,24.02585679042642,4445.740446827816,1969.5044648159426,178.8796468278165,-23.56954768053251,4366.8608,2002.320736363304,100.0,9.246723866828978,0.0,2721.2188871650037,0.0,0.0,2002.320736363304,0.0,0.12542128562927246,0.015994787216186523,0.5,0.010101010101010102,995493.1100345536,455850.90732565196,352.6399999999996,1141.5630642241554,0.4848484848484849,3.953578971229424,4.438427456077909
fixed-bias,233,80.16942590497666,21.351022102089512,3999.053258503788,1969.1798200691564,168.92605850378698,-23.894192427318607,3930.127200000001,2002.320736363304,100.0,9.246723866828978,0.0,2450.2682278599036,0.0,0.0,2002.320736363304,0.0,0.13964009284973145,0.02216815948486328,0.5,0.010101010101010102,999492.1632930574,457820.08714572113,354.15999999999957,1146.0014916802334,0.4848484848484849,3.953578971229424,4.438427456077909
fixed-bias,234,80.93097097381752,21.87044849713116,4017.9495264045745,1967.4022755115366,177.32904640457355,-25.671736984938494,3940.620480000001,2002.320736363304,100.0,9.246723866828978,0.0,2479.944178492517,0.0,0.0,2002.320736363304,0.0,0.23229646682739258,0.012996673583984375,0.5,0.010101010101010102,1003510.112819462,459787.48942123266,355.67999999999955,1150.4399191363113,0.4848484848484849,3.953578971229424,4.438427456077909
fixed-bias,235,90.16215652691652,22.032637217114807,4443.861668060571,2045.0364421887425,180.88566806056951,0.0,4362.9760000000015,2053.6167691284,100.0,8.580326939657319,0.0,2724.150375757067,0.0,0.0,2053.6167691284,0.0,0.12365150451660156,0.017006874084472656,0.5,0.0,1007953.9744875225,461832.5258634214,357.19999999999953,1154.5584760673469,0.0,4.118556931035513,4.118556931035513
fixed-bias,236,89.85759965681564,19.52090896940532,4456.03181060853,2045.0364421887425,185.38381060852913,0.0,4370.648,2053.6167691284,100.0,8.580326939657319,0.0,2739.647770783047,0.0,0.0,2053.6167691284,0.0,0.11681628227233887,0.021013975143432617,0.5,0.0,1012410.0062981311,463877.5623056101,358.7199999999995,1158.6770329983824,0.0,4.118556931035513,4.118556931035513
fixed-bias,237,88.46347809801284,20.990200385194644,4421.36841813212,2045.0364421887425,179.36841813211925,0.0,4342.0,2053.6167691284,100.0,8.580326939657319,0.0,2706.924860836699,0.0,0.0,2053.6167691284,0.0,0.1528487205505371,0.015151500701904297,0.5,0.0,1016831.3747162631,465922.5987477988,360.2399999999995,1162.795589929418,0.0,4.118556931035513,4.118556931035513
fixed-bias,238,91.52328704600946,23.90787531788533,4456.044513721628,1967.098737719938,203.55011372162764,-25.975274776536846,4352.4944000000005,2002.320736363304,100.0,9.246723866828978,0.0,2716.520224749034,0.0,0.0,2002.320736363304,0.0,0.09375238418579102,0.009870529174804688,0.5,0.010101010101010102,1021287.4192299847,467889.69748551876,361.7599999999995,1167.234017385496,0.4848484848484849,3.953578971229424,4.438427456077909
fixed-bias,239,92.57678459690737,19.91384434728242,4452.2748399968195,2045.0364421887425,186.57883999681928,0.0,4365.696,2053.6167691284,100.0,8.580326939657319,0.0,2722.3077074854814,0.0,0.0,2053.6167691284,0.0,0.1500258445739746,0.020984411239624023,0.5,0.0,1025739.6940699816,469934.7339277075,363.27999999999946,1171.3525743165314,0.0,4.118556931035513,4.118556931035513
fixed-bias,240,80.96556862702896,18.702788108699057,3998.2287663371317,1964.938295249671,165.56140633713065,-28.135717246804063,3932.6673600000013,2002.320736363304,100.0,9.246723866828978,0.0,2444.2665387511825,0.0,0.0,2002.320736363304,0.0,0.1081991195678711,0.022539854049682617,0.5,0.010101010101010102,1029737.9228363187,471899.67222295713,364.79999999999944,1175.7910017726094,0.4848484848484849,3.953578971229424,4.438427456077909
fixed-bias,241,80.57278543384025,16.87480313618073,4000.603607283212,1963.2080524128194,160.99112728321126,-29.865960083655743,3939.612480000001,2002.320736363304,100.0,9.246723866828978,0.0,2461.413143355458,0.0,0.0,2002.320736363304,0.0,0.13853740692138672,0.016050338745117188,0.5,0.010101010101010102,1033738.5264436019,473862.88027537,366.3199999999994,1180.2294292286874,0.4848484848484849,3.953578971229424,4.438427456077909
fixed-bias,242,90.97204208996767,25.78699334250964,4451.802925814713,1966.404987518705,202.04932581471172,-26.669024977770064,4349.753600000001,2002.320736363304,100.0,9.246723866828978,0.0,2716.1287870314845,0.0,0.0,2002.320736363304,0.0,0.12302017211914062,0.024616241455078125,0.5,0.010101010101010102,1038190.3293694167,475829.2852628887,367.8399999999994,1184.6678566847654,0.4848484848484849,3.953578971229424,4.438427456077909
fixed-bias,243,93.54669654038985,22.87856743779303,4456.12763918925,1959.6506692744392,196.4620391892492,-33.42334322203586,4359.6656,2002.320736363304,100.0,9.246723866828978,0.0,2710.9969340758034,0.0,0.0,2002.320736363304,0.0,0.15741610527038574,0.012193441390991211,0.5,0.010101010101010102,1042646.4570086059,477788.93593216315,369.3599999999994,1189.1062841408434,0.4848484848484849,3.953578971229424,4.438427456077909
fixed-bias,244,92.30080929022358,23.62637994118057,4440.822962832624,1968.6498279218379,192.17336283262435,-24.424184574637245,4348.6496,2002.320736363304,100.0,9.246723866828978,0.0,2705.7566124756763,0.0,0.0,2002.320736363304,0.0,0.11575770378112793,0.013142585754394531,0.5,0.010101010101010102,1047087.2799714386,479757.58576008497,370.87999999999937,1193.5447115969214,0.4848484848484849,3.953578971229424,4.438427456077909
fixed-bias,245,90.24680202180939,21.73849141629442,4447.096277742656,1963.6735422309566,189.60987774265547,-29.40047026551834,4357.486400000001,2002.320736363304,100.0,9.246723866828978,0.0,2720.5751717810776,0.0,0.0,2002.320736363304,0.0,0.14200139045715332,0.014997482299804688,0.5,0.010101010101010102,1051534.3762491813,481721.25930231594,372.39999999999935,1197.9831390529994,0.4848484848484849,3.953578971229424,4.438427456077909
fixed-bias,246,94.62163452947846,26.116232687698133,4466.800098931713,1972.5503990308796,206.58889893171374,-20.52361346559545,4360.2112,2002.320736363304,100.0,9.246723866828978,0.0,2723.1678367919253,0.0,0.0,2002.320736363304,0.0,0.12048888206481934,0.025264978408813477,0.5,0.010101010101010102,1056001.176348113,483693.80970134685,373.91999999999933,1202.4215665090774,0.4848484848484849,3.953578971229424,4.438427456077909
fixed-bias,247,83.23722394124384,18.677784010296165,4003.1790610101225,1963.3483584241164,166.5833810101212,-29.72565407235861,3936.5956800000017,2002.320736363304,100.0,9.246723866828978,0.0,2452.3867290633934,0.0,0.0,2002.320736363304,0.0,0.16037988662719727,0.020029783248901367,0.5,0.010101010101010102,1060004.355409123,485657.15805977094,375.4399999999993,1206.8599939651554,0.4848484848484849,3.953578971229424,4.438427456077909
fixed-bias,248,81.96593440785772,18.275953253347865,4014.4827051935563,1960.1134450529041,163.5345451935554,-32.960567443570895,3950.948160000001,2002.320736363304,100.0,9.246723866828978,0.0,2457.734922265661,0.0,0.0,2002.320736363304,0.0,0.15851926803588867,0.023215293884277344,0.5,0.010101010101010102,1064018.8381143166,487617.2715048238,376.9599999999993,1211.2984214212333,0.4848484848484849,3.953578971229424,4.438427456077909
fixed-bias,249,91.63068571762524,24.05925068392158,4459.515819725039,1964.9821873432238,203.77181972503809,-28.091825153251207,4355.7440000000015,2002.320736363304,100.0,9.246723866828978,0.0,2717.5482179560736,0.0,0.0,2002.320736363304,0.0,0.11689424514770508,0.018006086349487305,0.5,0.010101010101010102,1068478.3539340417,489582.25369216705,378.4799999999993,1215.7368488773113,0.4848484848484849,3.953578971229424,4.438427456077909
fixed-bias,250,94.04307611621141,23.67109665974906,4464.786707881452,1962.8043708656535,194.7211078814516,-30.26964163082161,4370.0656,2002.320736363304,100.0,9.246723866828978,0.0,2733.2992980935755,0.0,0.0,2002.320736363304,0.0,0.13743829727172852,0.017042875289916992,0.5,0.010101010101010102,1072943.140641923,491545.0580630327,379.99999999999926,1220.1752763333893,0.4848484848484849,3.953578971229424,4.438427456077909
fixed-bias,251,93.98507856350938,21.957730783025347,4435.679166097083,1965.0909902934754,181.08396609708345,-27.983022202999635,4354.5952,2002.320736363304,100.0,9.246723866828978,0.0,2730.2656666754556,0.0,0.0,2002.320736363304,0.0,0.132490873336792,0.03299593925476074,0.5,0.010101010101010102,1077378.8198080203,493510.14905332617,381.51999999999924,1224.6137037894673,0.4848484848484849,3.953578971229424,4.438427456077909
fixed-bias,252,94.498245163913,20.998824630532194,4444.322975039703,1961.1148317317816,197.8189750397022,-31.959180764693453,4346.504000000001,2002.320736363304,100.0,9.246723866828978,0.0,2719.2292201270934,0.0,0.0,2002.320736363304,0.0,0.1916520595550537,0.022995710372924805,0.5,0.010101010101010102,1081823.14278306,495471.26388505794,383.0399999999992,1229.0521312455453,0.4848484848484849,3.953578971229424,4.438427456077909
fixed-bias,253,90.73077794292023,22.765639694755023,4453.2162470112335,1962.2303286091874,193.54264701123313,-30.843683887287607,4359.6736,2002.320736363304,100.0,9.246723866828978,0.0,2700.748020332563,0.0,0.0,2002.320736363304,0.0,0.16601943969726562,0.02503037452697754,0.5,0.010101010101010102,1086276.3590300712,497433.4942136671,384.5599999999992,1233.4905587016233,0.4848484848484849,3.953578971229424,4.438427456077909
fixed-bias,254,86.96525604470567,19.94452012224757,4009.7240818792516,1963.2657351206335,179.07272187925074,-29.8082773758416,3930.651360000001,2002.320736363304,100.0,9.246723866828978,0.0,2470.642527096889,0.0,0.0,2002.320736363304,0.0,0.12394475936889648,0.022339344024658203,0.5,0.010101010101010102,1090286.0831119504,499396.75994878775,386.0799999999992,1237.9289861577013,0.4848484848484849,3.953578971229424,4.438427456077909
fixed-bias,255,88.03474561561461,20.540611646262047,4021.1231331888484,1952.1986205319897,169.6508131888476,-40.8753919644852,3951.472320000001,2002.320736363304,100.0,9.246723866828978,0.0,2473.391196855335,0.0,0.0,2002.320736363304,0.0,0.1441650390625,0.01499485969543457,0.5,0.010101010101010102,1094307.2062451392,501348.95856931974,387.59999999999917,1242.3674136137793,0.4848484848484849,3.953578971229424,4.438427456077909
fixed-bias,256,95.61854811498544,22.86994348272615,4447.573651612112,1959.3243193168967,190.7096516121107,-33.74969317957836,4356.864000000001,2002.320736363304,100.0,9.246723866828978,0.0,2737.4153839761184,0.0,0.0,2002.320736363304,0.0,0.13595008850097656,0.014719724655151367,0.5,0.010101010101010102,1098754.7798967513,503308.28288863663,389.11999999999915,1246.8058410698573,0.4848484848484849,3.953578971229424,4.438427456077909
fixed-bias,257,95.84009609419581,21.611055895079513,4461.670886850821,1956.4415537336145,191.02288685082152,-36.632458762860615,4370.648,2002.320736363304,100.0,9.246723866828978,0.0,2742.227371134449,0.0,0.0,2002.320736363304,0.0,0.1300811767578125,0.018999576568603516,0.5,0.010101010101010102,1103216.4507836022,505264.72444237024,390.63999999999913,1251.2442685259352,0.4848484848484849,3.953578971229424,4.438427456077909
fixed-bias,258,97.00127917814854,23.41812086543842,4441.971229535832,1953.4508137484681,192.78402953583253,-39.62319874800682,4349.187199999999,2002.320736363304,100.0,9.246723866828978,0.0,2725.8673666469394,0.0,0.0,2002.320736363304,0.0,0.13396215438842773,0.01976180076599121,0.5,0.010101010101010102,1107658.422013138,507218.1752561187,392.1599999999991,1255.6826959820132,0.4848484848484849,3.953578971229424,4.438427456077909
fixed-bias,259,95.58346017315306,22.273946065831282,4455.942351633554,1961.9456311396534,200.2031516335524,-31.128381356821638,4355.739200000001,2002.320736363304,100.0,9.246723866828978,0.0,2711.041055906603,0.0,0.0,2002.320736363304,0.0,0.11925148963928223,0.0076427459716796875,0.5,0.010101010101010102,1112114.3643647714,509180.1208872584,393.6799999999991,1260.1211234380912,0.4848484848484849,3.953578971229424,4.438427456077909
fixed-bias,260,97.15403959963383,25.340035721347224,4468.5506575504005,1964.613957959428,210.57945755040032,-28.460054537047057,4357.9712,2002.320736363304,100.0,9.246723866828978,0.0,2717.8123167057265,0.0,0.0,2002.320736363304,0.0,0.16216778755187988,0.023877382278442383,0.5,0.010101010101010102,1116582.9150223217,511144.7348452178,395.1999999999991,1264.5595508941692,0.4848484848484849,3.953578971229424,4.438427456077909
fixed-bias,261,86.29101336419622,22.47659420492121,4021.2031221438065,1964.5729813593105,177.68392214380577,-28.501031137164645,3943.519200000001,2002.320736363304,100.0,9.246723866828978,0.0,2463.91907428345,0.0,0.0,2002.320736363304,0.0,0.13079261779785156,0.024118900299072266,0.5,0.010101010101010102,1120604.1181444656,513109.3078265771,396.71999999999906,1268.9979783502472,0.4848484848484849,3.953578971229424,4.438427456077909
fixed-bias,262,88.01951304722634,20.01946273177169,4022.613877373111,1962.9758844763185,189.9652373731097,-30.098128020156576,3932.6486400000013,2002.320736363304,100.0,9.246723866828978,0.0,2456.069944202922,0.0,0.0,2002.320736363304,0.0,0.137495756149292,0.012078523635864258,0.5,0.010101010101010102,1124626.7320218387,515072.28371105343,398.23999999999904,1273.4364058063252,0.4848484848484849,3.953578971229424,4.438427456077909
fixed-bias,263,96.15877211030663,22.9674345754542,4454.1865796650145,1957.3646656447304,191.7929796650135,-35.709346851744556,4362.393600000001,2002.320736363304,100.0,9.246723866828978,0.0,2734.468357713976,0.0,0.0,2002.320736363304,0.0,0.1252436637878418,0.017256498336791992,0.5,0.010101010101010102,1129080.9186015036,517029.64837669814,399.759999999999,1277.8748332624032,0.4848484848484849,3.953578971229424,4.438427456077909
fixed-bias,264,97.51736117101059,23.261750912499227,4467.084069950084,1967.6242212190134,208.4936699500843,-25.449791277461618,4358.5904,2002.320736363304,100.0,9.246723866828978,0.0,2724.4468627855863,0.0,0.0,2002.320736363304,0.0,0.1046743392944336,0.014647960662841797,0.5,0.010101010101010102,1133548.0026714536,518997.2725979172,401.279999999999,1282.3132607184812,0.4848484848484849,3.953578971229424,4.438427456077909
fixed-bias,265,98.5724263014838,21.760738409350676,4439.598050461538,1949.708837876916,190.41085046153893,-43.36517461955896,4349.187199999999,2002.320736363304,100.0,9.246723866828978,0.0,2720.716510674587,0.0,0.0,2002.320736363304,0.0,0.12400555610656738,0.022118330001831055,0.5,0.010101010101010102,1137987.6007219153,520946.9814357941,402.799999999999,1286.7516881745591,0.4848484848484849,3.953578971229424,4.438427456077909
fixed-bias,266,99.05460751540731,20.206257019665884,4446.789695207954,1957.2910726805776,189.93049520795336,-35.782939815897315,4356.8592,2002.320736363304,100.0,9.246723866828978,0.0,2713.5552396455005,0.0,0.0,2002.320736363304,0.0,0.14626264572143555,0.030325651168823242,0.5,0.010101010101010102,1142434.3904171232,522904.27250847465,404.31999999999897,1291.1901156306371,0.4848484848484849,3.953578971229424,4.438427456077909
fixed-bias,267,101.1484823529626,22.19959456711976,4465.436463307482,1963.4606085101138,197.99326330748124,-29.613403986361078,4367.443200000001,2002.320736363304,100.0,9.246723866828978,0.0,2738.2637477469016,0.0,0.0,2002.320736363304,0.0,0.15109634399414062,0.0235445499420166,0.5,0.010101010101010102,1146899.8268804308,524867.7331169847,405.83999999999895,1295.6285430867151,0.4848484848484849,3.953578971229424,4.438427456077909
fixed-bias,268,88.9113050780013,18.065317082129315,4011.4465607685443,1968.4065762726393,178.77920076854335,-24.667436223835725,3932.6673600000013,2002.320736363304,100.0,9.246723866828978,0.0,2468.172785079747,0.0,0.0,2002.320736363304,0.0,0.14102816581726074,0.01211237907409668,0.5,0.010101010101010102,1150911.2734411994,526836.1396932574,407.35999999999893,1300.0669705427931,0.4848484848484849,3.953578971229424,4.438427456077909
fixed-bias,269,88.78165905125485,19.157777140445912,4025.397976397492,1962.5795542974993,184.777496397491,-30.494458198975824,3940.620480000001,2002.320736363304,100.0,9.246723866828978,0.0,2469.166237167238,0.0,0.0,2002.320736363304,0.0,0.17554378509521484,0.023108959197998047,0.5,0.010101010101010102,1154936.671417597,528798.7192475549,408.8799999999989,1304.505397998871,0.4848484848484849,3.953578971229424,4.438427456077909
fixed-bias,270,99.31046294137246,19.47677183164167,4450.5298841213835,1964.0926398162137,187.55388412138194,-28.981372680261362,4362.9760000000015,2002.320736363304,100.0,9.246723866828978,0.0,2707.5061349450816,0.0,0.0,2002.320736363304,0.0,0.13258075714111328,0.029529571533203125,0.5,0.010101010101010102,1159387.2013017184,530762.8118873711,410.3999999999989,1308.943825454949,0.4848484848484849,3.953578971229424,4.438427456077909
fixed-bias,271,99.45083332887152,21.92083418263438,4464.982735542036,2045.0364421887425,208.13953554203576,0.0,4356.8432,2053.6167691284,100.0,8.580326939657319,0.0,2737.4591233532096,0.0,0.0,2053.6167691284,0.0,0.16486668586730957,0.025995731353759766,0.5,0.0,1163852.1840372605,532807.8483295599,411.9199999999989,1313.0623823859846,0.0,4.118556931035513,4.118556931035513
fixed-bias,272,99.90596117670475,22.24431919705356,4449.149066717402,2045.0364421887425,201.12666671740305,0.0,4348.022399999999,2053.6167691284,100.0,8.580326939657319,0.0,2743.4612429240765,0.0,0.0,2053.6167691284,0.0,0.15266656875610352,0.023734331130981445,0.5,0.0,1168301.3331039778,534852.8847717487,413.43999999999886,1317.1809393170201,0.0,4.118556931035513,4.118556931035513
fixed-bias,273,102.14663386476366,21.991673125620075,4454.966503858558,2045.0364421887425,196.36010385855826,0.0,4358.6064,2053.6167691284,100.0,8.580326939657319,0.0,2722.062449644025,0.0,0.0,2053.6167691284,0.0,0.14655208587646484,0.015991687774658203,0.5,0.0,1172756.2996078364,536897.9212139375,414.95999999999884,1321.2994962480557,0.0,4.118556931035513,4.118556931035513
fixed-bias,274,100.49691455142003,22.667150508681537,4465.522166007848,2045.0364421887425,203.60856600784808,0.0,4361.9136,2053.6167691284,100.0,8.580326939657319,0.0,2731.1878590020483,0.0,0.0,2053.6167691284,0.0,0.11261463165283203,0.02911233901977539,0.5,0.0,1177221.8217738443,538942.9576561262,416.4799999999988,1325.4180531790912,0.0,4.118556931035513,4.118556931035513
fixed-bias,275,93.33712924625365,20.301727691604043,4021.224480345021,2045.0364421887425,182.57248034502013,0.0,3938.652000000001,2053.6167691284,100.0,8.580326939657319,0.0,2443.246739076404,0.0,0.0,2053.6167691284,0.0,0.12149286270141602,0.009000062942504883,0.5,0.0,1181243.0462541892,540987.994098315,417.9999999999988,1329.5366101101267,0.0,4.118556931035513,4.118556931035513
fixed-bias,276,92.31014295271767,22.162046754061752,4021.846216961064,2045.0364421887425,188.1895769610629,0.0,3933.656640000001,2053.6167691284,100.0,8.580326939657319,0.0,2444.2634255479534,0.0,0.0,2053.6167691284,0.0,0.16347980499267578,0.028099775314331055,0.5,0.0,1185264.8924711503,543033.0305405038,419.5199999999988,1333.6551670411623,0.0,4.118556931035513,4.118556931035513
fixed-bias,277,104.48877977418033,23.93562070402709,4481.40400960443,2045.0364421887425,218.42800960442838,0.0,4362.9760000000015,2053.6167691284,100.0,8.580326939657319,0.0,2725.4968035531992,0.0,0.0,2053.6167691284,0.0,0.5813024044036865,0.017105579376220703,0.5,0.0,1189746.2964807546,545078.0669826926,421.03999999999877,1337.7737239721978,0.0,4.118556931035513,4.118556931035513
fixed-bias,278,103.39119140770163,22.799893232570955,4480.767702202412,2045.0364421887425,215.06690220241177,0.0,4365.7008,2053.6167691284,100.0,8.580326939657319,0.0,2722.547351164781,0.0,0.0,2053.6167691284,0.0,0.13393282890319824,0.023277997970581055,0.5,0.0,1194227.064182957,547123.1034248814,422.55999999999875,1341.8922809032333,0.0,4.118556931035513,4.118556931035513
fixed-bias,279,101.74279442022078,23.80231671886622,4463.263119824346,2045.0364421887425,208.08551982434676,0.0,4355.177599999999,2053.6167691284,100.0,8.580326939657319,0.0,2715.112698956365,0.0,0.0,2053.6167691284,0.0,0.13136935234069824,0.015085935592651367,0.5,0.0,1198690.3273027812,549168.1398670701,424.07999999999873,1346.0108378342688,0.0,4.118556931035513,4.118556931035513
fixed-bias,280,103.1608835773136,22.39758351571945,4459.542544979926,2045.0364421887425,202.6833449799257,0.0,4356.8592,2053.6167691284,100.0,8.580326939657319,0.0,2706.795051693762,0.0,0.0,2053.6167691284,0.0,0.1330723762512207,0.01221013069152832,0.5,0.0,1203149.869847761,551213.1763092589,425.5999999999987,1350.1293947653044,0.0,4.118556931035513,4.118556931035513
fixed-bias,281,102.28009389357344,19.841461908592024,4466.518463938836,2045.0364421887425,200.24006393883627,0.0,4366.2784,2053.6167691284,100.0,8.580326939657319,0.0,2735.082643613181,0.0,0.0,2053.6167691284,0.0,0.10653162002563477,0.008826494216918945,0.5,0.0,1207616.3883116997,553258.2127514477,427.1199999999987,1354.24795169634,0.0,4.118556931035513,4.118556931035513
fixed-bias,282,92.30962813833519,20.245777911293082,4016.2859305188194,2045.0364421887425,183.13473051881843,0.0,3933.1512000000007,2053.6167691284,100.0,8.580326939657319,0.0,2459.404583472583,0.0,0.0,2053.6167691284,0.0,0.10388636589050293,0.014339685440063477,0.5,0.0,1211632.6742422185,555303.2491936365,428.6399999999987,1358.3665086273754,0.0,4.118556931035513,4.118556931035513
fixed-bias,283,91.61323634496013,19.90853122765057,4035.533731805719,2045.0364421887425,189.9366118057185,0.0,3945.597120000001,2053.6167691284,100.0,8.580326939657319,0.0,2454.293816999613,0.0,0.0,2053.6167691284,0.0,0.13672447204589844,0.008692264556884766,0.5,0.0,1215668.2079740241,557348.2856358252,430.15999999999866,1362.485065558411,0.0,4.118556931035513,4.118556931035513
fixed-bias,284,103.29514017827,21.882973449135232,4467.185338358552,2045.0364421887425,210.9037383585514,0.0,4356.281600000001,2053.6167691284,100.0,8.580326939657319,0.0,2725.5416126798145,0.0,0.0,2053.6167691284,0.0,0.10702943801879883,0.013004302978515625,0.5,0.0,1220135.3933123827,559393.322078014,431.67999999999864,1366.6036224894465,0.0,4.118556931035513,4.118556931035513
fixed-bias,285,104.9856975988768,23.662272340653576,4483.938743917136,2045.0364421887425,213.2459439171364,0.0,4370.6928,2053.6167691284,100.0,8.580326939657319,0.0,2740.2313960722818,0.0,0.0,2053.6167691284,0.0,0.11410403251647949,0.01300668716430664,0.5,0.0,1224619.3320562998,561438.3585202028,433.1999999999986,1370.722179420482,0.0,4.118556931035513,4.118556931035513
fixed-bias,286,104.11401093086876,21.823835467010596,4458.027565082556,2045.0364421887425,214.90756508255657,0.0,4343.12,2053.6167691284,100.0,8.580326939657319,0.0,2717.129312484591,0.0,0.0,2053.6167691284,0.0,0.11269116401672363,0.020001888275146484,0.5,0.0,1229077.3596213823,563483.3949623916,434.7199999999986,1374.8407363515175,0.0,4.118556931035513,4.118556931035513
fixed-bias,287,102.53923131636816,23.527711950363425,4476.933595918757,2045.0364421887425,212.9191959187574,0.0,4364.0144,2053.6167691284,100.0,8.580326939657319,0.0,2726.13869113882,0.0,0.0,2053.6167691284,0.0,0.12341642379760742,0.008110284805297852,0.5,0.0,1233554.2932173011,565528.4314045804,436.2399999999986,1378.959293282553,0.0,4.118556931035513,4.118556931035513
fixed-bias,288,104.46141685391304,22.871359766529967,4472.72804374443,2045.0364421887425,219.08964374443025,0.0,4353.6384,2053.6167691284,100.0,8.580326939657319,0.0,2751.999930921671,0.0,0.0,2053.6167691284,0.0,0.10853695869445801,0.011612176895141602,0.5,0.0,1238027.0212610455,567573.4678467691,437.75999999999857,1383.0778502135886,0.0,4.118556931035513,4.118556931035513
fixed-bias,289,92.92411751749297,21.186176967930013,4016.025368925403,2045.0364421887425,182.35000892540194,0.0,3933.675360000001,2053.6167691284,100.0,8.580326939657319,0.0,2466.977372294832,0.0,0.0,2053.6167691284,0.0,0.11257505416870117,0.015514135360717773,0.5,0.0,1242043.046629971,569618.5042889579,439.27999999999855,1387.1964071446241,0.0,4.118556931035513,4.118556931035513
fixed-bias,290,93.32378268094561,22.44385907731666,4033.698905408811,1967.7088287894942,200.04226540880973,-25.365183706980716,3933.656640000001,2002.320736363304,100.0,9.246723866828978,0.0,2456.5004168609594,0.0,0.0,2002.320736363304,0.0,0.1101081371307373,0.011994361877441406,0.5,0.010101010101010102,1246076.7455353797,571586.2131177475,440.79999999999853,1391.634834600702,0.4848484848484849,3.953578971229424,4.438427456077909
fixed-bias,291,105.80420165690914,21.10072017658651,4461.090346701458,2045.0364421887425,209.6343467014567,0.0,4351.456000000001,2053.6167691284,100.0,8.580326939657319,0.0,2738.9756833362358,0.0,0.0,2053.6167691284,0.0,0.2466275691986084,0.024843454360961914,0.5,0.0,1250537.8358820812,573631.2495599362,442.3199999999985,1395.7533915317376,0.0,4.118556931035513,4.118556931035513
fixed-bias,292,107.72975625189417,20.284453880589375,4471.692964569556,2045.0364421887425,213.10256456955653,0.0,4358.5904,2053.6167691284,100.0,8.580326939657319,0.0,2732.767174355644,0.0,0.0,2053.6167691284,0.0,0.1522672176361084,0.014007329940795898,0.5,0.0,1255009.5288466509,575676.286002125,443.8399999999985,1399.8719484627732,0.0,4.118556931035513,4.118556931035513
fixed-bias,293,103.73098792909768,21.073494526096937,4443.236160410117,2045.0364421887425,200.6985604101169,0.0,4342.5376,2053.6167691284,100.0,8.580326939657319,0.0,2723.127493426371,0.0,0.0,2053.6167691284,0.0,0.11510968208312988,0.016519546508789062,0.5,0.0,1259452.765007061,577721.3224443138,445.3599999999985,1403.9905053938087,0.0,4.118556931035513,4.118556931035513
fixed-bias,294,105.73210856683602,22.287119891639968,4461.867022474405,2045.0364421887425,209.91022247440372,0.0,4351.956800000001,2053.6167691284,100.0,8.580326939657319,0.0,2708.88068418399,0.0,0.0,2053.6167691284,0.0,0.11968612670898438,0.009997844696044922,0.5,0.0,1263914.6320295352,579766.3588865026,446.87999999999846,1408.1090623248442,0.0,4.118556931035513,4.118556931035513
fixed-bias,295,102.95197883652064,18.60851952643353,4457.775679116773,2045.0364421887425,192.61727911677298,0.0,4365.1584,2053.6167691284,100.0,8.580326939657319,0.0,2739.280429907202,0.0,0.0,2053.6167691284,0.0,0.13511967658996582,0.022562265396118164,0.5,0.0,1268372.407708652,581811.3953286913,448.39999999999844,1412.2276192558797,0.0,4.118556931035513,4.118556931035513
fixed-bias,296,96.84505836034698,21.769022648505853,4022.0519573109023,2045.0364421887425,183.92411731090036,0.0,3938.1278400000015,2053.6167691284,100.0,8.580326939657319,0.0,2451.495864075524,0.0,0.0,2053.6167691284,0.0,0.15084195137023926,0.02301025390625,0.5,0.0,1272394.459665963,583856.4317708801,449.9199999999984,1416.3461761869153,0.0,4.118556931035513,4.118556931035513
fixed-bias,297,96.10171626975536,20.547926001934325,4030.7238358062614,2045.0364421887425,189.095355806261,0.0,3941.6284800000008,2053.6167691284,100.0,8.580326939657319,0.0,2454.3622353750106,0.0,0.0,2053.6167691284,0.0,0.12050151824951172,0.014030933380126953,0.5,0.0,1276425.1835017693,585901.4682130689,451.4399999999984,1420.4647331179508,0.0,4.118556931035513,4.118556931035513
fixed-bias,298,101.10337927557555,25.367897613728257,4473.391896024411,2045.0364421887425,221.93589602441023,0.0,4351.456000000001,2053.6167691284,100.0,8.580326939657319,0.0,2745.9740027180646,0.0,0.0,2053.6167691284,0.0,0.12392830848693848,0.01299285888671875,0.5,0.0,1280898.5753977937,587946.5046552577,452.9599999999984,1424.5832900489863,0.0,4.118556931035513,4.118556931035513
fixed-bias,299,104.9549011693163,22.876571157113997,4475.94436243925,2045.0364421887425,220.1763624392487,0.0,4355.768000000001,2053.6167691284,100.0,8.580326939657319,0.0,2725.685515196671,0.0,0.0,2053.6167691284,0.0,0.1158297061920166,0.010109901428222656,0.5,0.0,1285374.519760233,589991.5410974465,454.47999999999837,1428.7018469800219,0.0,4.118556931035513,4.118556931035513
fixed-bias,300,105.01744245907584,24.258973063142033,4461.485579105498,2045.0364421887425,206.84557910549884,0.0,4354.639999999999,2053.6167691284,100.0,8.580326939657319,0.0,2719.8890582317003,0.0,0.0,2053.6167691284,0.0,0.12663817405700684,0.018857717514038086,0.5,0.0,1289836.0053393384,592036.5775396352,455.99999999999835,1432.8204039110574,0.0,4.118556931035513,4.118556931035513
fixed-bias,301,104.41166980639866,20.554666206905267,4463.179599200682,2045.0364421887425,211.80519920068133,0.0,4351.374400000001,2053.6167691284,100.0,8.580326939657319,0.0,2714.551317333522,0.0,0.0,2053.6167691284,0.0,0.13966917991638184,0.013307809829711914,0.5,0.0,1294299.184938539,594081.613981824,457.51999999999833,1436.938960842093,0.0,4.118556931035513,4.118556931035513
fixed-bias,302,104.80838246600354,22.98074466032848,4461.832960795928,2045.0364421887425,195.50976079592778,0.0,4366.3232,2053.6167691284,100.0,8.580326939657319,0.0,2735.650733268171,0.0,0.0,2053.6167691284,0.0,0.11064457893371582,0.01788616180419922,0.5,0.0,1298761.017899335,596126.6504240128,459.0399999999983,1441.0575177731284,0.0,4.118556931035513,4.118556931035513
fixed-bias,303,92.95367758447772,20.706344764775192,4027.1108244922743,1961.807088974522,189.46682449227347,-31.266923521953036,3937.6440000000007,2002.320736363304,100.0,9.246723866828978,0.0,2449.148063871105,0.0,0.0,2002.320736363304,0.0,0.15252041816711426,0.014499187469482422,0.5,0.010101010101010102,1302788.1287238272,598088.4575129873,460.5599999999983,1445.4959452292064,0.4848484848484849,3.953578971229424,4.438427456077909
fixed-bias,304,96.49061019457656,21.547778165270717,4041.064217932035,1955.7860801133836,195.5074179320335,-37.28793238309141,3945.556800000001,2002.320736363304,100.0,9.246723866828978,0.0,2469.6656216820347,0.0,0.0,2002.320736363304,0.0,0.1300983428955078,0.015996456146240234,0.5,0.010101010101010102,1306829.1929417592,600044.2435931007,462.0799999999983,1449.9343726852844,0.4848484848484849,3.953578971229424,4.438427456077909
fixed-bias,305,103.8589762698344,20.378505079201915,4471.581693749264,2045.0364421887425,209.72569374926283,0.0,4361.856000000001,2053.6167691284,100.0,8.580326939657319,0.0,2740.7060065433534,0.0,0.0,2053.6167691284,0.0,0.10964608192443848,0.012994050979614258,0.5,0.0,1311300.7746355084,602089.2800352895,463.59999999999826,1454.05292961632,0.0,4.118556931035513,4.118556931035513
fixed-bias,306,103.91526396195452,20.603381225353676,4471.743301641255,2045.0364421887425,206.62490164125472,0.0,4365.1184,2053.6167691284,100.0,8.580326939657319,0.0,2721.426114991614,0.0,0.0,2053.6167691284,0.0,0.12315654754638672,0.018517494201660156,0.5,0.0,1315772.5179371496,604134.3164774782,465.11999999999824,1458.1714865473555,0.0,4.118556931035513,4.118556931035513
fixed-bias,307,108.29030982961918,23.789350438522174,4459.227639149301,2045.0364421887425,210.04043914930094,0.0,4349.187199999999,2053.6167691284,100.0,8.580326939657319,0.0,2721.4120040876433,0.0,0.0,2053.6167691284,0.0,0.13359785079956055,0.008999824523925781,0.5,0.0,1320231.745576299,606179.352919667,466.6399999999982,1462.290043478391,0.0,4.118556931035513,4.118556931035513
fixed-bias,308,104.94840616740426,21.63093635879551,4457.9691920473215,2045.0364421887425,193.95479204732152,0.0,4364.0144,2053.6167691284,100.0,8.580326939657319,0.0,2717.37529259199,0.0,0.0,2053.6167691284,0.0,0.13462448120117188,0.021522998809814453,0.5,0.0,1324689.7147683464,608224.3893618558,468.1599999999982,1466.4086004094265,0.0,4.118556931035513,4.118556931035513
fixed-bias,309,103.49292960755973,24.315137518648,4472.459063285782,2045.0364421887425,212.78546328578165,0.0,4359.6736,2053.6167691284,100.0,8.580326939657319,0.0,2739.7081811766097,0.0,0.0,2053.6167691284,0.0,0.10257506370544434,0.013104677200317383,0.5,0.0,1329162.1738316321,610269.4258040446,469.6799999999982,1470.527157340462,0.0,4.118556931035513,4.118556931035513
fixed-bias,310,94.44591505346598,23.376764769432615,4038.0432128386956,1964.8248236265622,194.5240128386947,-28.249188869912775,3943.519200000001,2002.320736363304,100.0,9.246723866828978,0.0,2466.8773579057247,0.0,0.0,2002.320736363304,0.0,0.12929129600524902,0.014001131057739258,0.5,0.010101010101010102,1333200.2170444708,612234.2506276711,471.19999999999817,1474.96558479654,0.4848484848484849,3.953578971229424,4.438427456077909
fixed-bias,311,96.26754455611054,22.150190321194934,4038.243352545158,1962.3257076127024,186.77103254515677,-30.748304883772462,3951.472320000001,2002.320736363304,100.0,9.246723866828978,0.0,2469.8914944292255,0.0,0.0,2002.320736363304,0.0,0.1271193027496338,0.014014482498168945,0.5,0.010101010101010102,1337238.460397016,614196.5763352838,472.71999999999815,1479.404012252618,0.4848484848484849,3.953578971229424,4.438427456077909
fixed-bias,312,104.54557560051278,22.88093181062318,4463.255965703404,2045.0364421887425,211.8447657034042,0.0,4351.4112000000005,2053.6167691284,100.0,8.580326939657319,0.0,2728.132256375995,0.0,0.0,2053.6167691284,0.0,0.12456440925598145,0.01600170135498047,0.5,0.0,1341701.7163627194,616241.6127774726,474.23999999999813,1483.5225691836536,0.0,4.118556931035513,4.118556931035513
fixed-bias,313,105.18883625407823,23.18995663041597,4484.204135049081,2045.0364421887425,212.39133504908153,0.0,4371.8128,2053.6167691284,100.0,8.580326939657319,0.0,2718.4439522010225,0.0,0.0,2053.6167691284,0.0,0.11155343055725098,0.030029296875,0.5,0.0,1346185.9204977686,618286.6492196614,475.7599999999981,1487.641126114689,0.0,4.118556931035513,4.118556931035513
fixed-bias,314,102.81206069829807,24.1771767544462,4457.833078050636,2045.0364421887425,223.57067805063642,0.0,4334.2624,2053.6167691284,100.0,8.580326939657319,0.0,2716.8269673570926,0.0,0.0,2053.6167691284,0.0,0.11396145820617676,0.036164283752441406,0.5,0.0,1350643.753575819,620331.6856618501,477.2799999999981,1491.7596830457246,0.0,4.118556931035513,4.118556931035513
fixed-bias,315,101.77440096518698,22.01837938854977,4463.8377807046745,2045.0364421887425,200.98818070467416,0.0,4362.8496000000005,2053.6167691284,100.0,8.580326939657319,0.0,2747.258819185969,0.0,0.0,2053.6167691284,0.0,0.13109350204467773,0.03565669059753418,0.5,0.0,1355107.5913565238,622376.7221040389,478.7999999999981,1495.8782399767601,0.0,4.118556931035513,4.118556931035513
fixed-bias,316,105.03434464655966,21.837483161918044,4484.298866081269,2045.0364421887425,216.85566608126794,0.0,4367.443200000001,2053.6167691284,100.0,8.580326939657319,0.0,2751.7082274395493,0.0,0.0,2053.6167691284,0.0,0.12554454803466797,0.02013373374938965,0.5,0.0,1359591.890222605,624421.7585462277,480.31999999999806,1499.9967969077957,0.0,4.118556931035513,4.118556931035513
fixed-bias,317,97.85229882816945,21.039362913130198,4028.1810759442715,2045.0364421887425,202.47755594427014,0.0,3925.703520000001,2053.6167691284,100.0,8.580326939657319,0.0,2437.6442404853337,0.0,0.0,2053.6167691284,0.0,0.1605391502380371,0.016104936599731445,0.5,0.0,1363620.0712985494,626466.7949884165,481.83999999999804,1504.1153538388312,0.0,4.118556931035513,4.118556931035513
fixed-bias,318,94.44283254787672,24.510999449129002,4035.4954645121325,1958.9522100880083,184.02314451213147,-34.12180240846674,3951.472320000001,2002.320736363304,100.0,9.246723866828978,0.0,2474.340982802041,0.0,0.0,2002.320736363304,0.0,0.1476891040802002,0.01986837387084961,0.5,0.010101010101010102,1367655.5667630616,628425.7471985045,483.359999999998,1508.5537812949092,0.4848484848484849,3.953578971229424,4.438427456077909
fixed-bias,319,101.1147751221636,22.803898185522694,4468.832190002803,2045.0364421887425,219.1233900028015,0.0,4349.708800000001,2053.6167691284,100.0,8.580326939657319,0.0,2708.958962888686,0.0,0.0,2053.6167691284,0.0,0.12444090843200684,0.012996196746826172,0.5,0.0,1372124.3989530643,630470.7836406933,484.879999999998,1512.6723382259447,0.0,4.118556931035513,4.118556931035513
fixed-bias,320,103.15443038751107,23.929738146606955,4473.832393155281,2045.0364421887425,202.01959315528154,0.0,4371.8128,2053.6167691284,100.0,8.580326939657319,0.0,2739.8715414860285,0.0,0.0,2053.6167691284,0.0,0.12664198875427246,0.013002395629882812,0.5,0.0,1376598.2313462195,632515.8200828821,486.399999999998,1516.7908951569802,0.0,4.118556931035513,4.118556931035513
fixed-bias,321,102.02332670036685,23.178910834888832,4443.001343354854,2045.0364421887425,202.70374335485513,0.0,4340.297599999999,2053.6167691284,100.0,8.580326939657319,0.0,2715.1021498379932,0.0,0.0,2053.6167691284,0.0,0.13582181930541992,0.01799631118774414,0.5,0.0,1381041.2326895744,634560.8565250708,487.91999999999797,1520.9094520880158,0.0,4.118556931035513,4.118556931035513
fixed-bias,322,105.79645640997644,22.878704830451742,4466.075551425829,2045.0364421887425,216.94115142582837,0.0,4349.134400000001,2053.6167691284,100.0,8.580326939657319,0.0,2724.1572972050762,0.0,0.0,2053.6167691284,0.0,0.12207341194152832,0.015996694564819336,0.5,0.0,1385507.3082410002,636605.8929672596,489.43999999999795,1525.0280090190513,0.0,4.118556931035513,4.118556931035513
fixed-bias,323,104.53534308928484,23.562647250349414,4481.946951597292,2045.0364421887425,209.6333515972919,0.0,4372.3136,2053.6167691284,100.0,8.580326939657319,0.0,2737.030821379477,0.0,0.0,2053.6167691284,0.0,0.1420881748199463,0.019556760787963867,0.5,0.0,1389989.2551925974,638650.9294094484,490.95999999999793,1529.1465659500868,0.0,4.118556931035513,4.118556931035513
fixed-bias,324,92.25466572938603,21.667912365910183,4029.3581920423767,1965.9128876629784,197.21499204237583,-27.161124833496682,3932.143200000001,2002.320736363304,100.0,9.246723866828978,0.0,2447.309985635122,0.0,0.0,2002.320736363304,0.0,0.13718175888061523,0.02666473388671875,0.5,0.010101010101010102,1394018.6133846398,640616.8422971114,492.4799999999979,1533.5849934061648,0.4848484848484849,3.953578971229424,4.438427456077909
fixed-bias,325,92.00136177822712,18.656806294850522,4034.850900572038,1966.4455742664709,183.90274057203726,-26.62843823000416,3950.948160000001,2002.320736363304,100.0,9.246723866828978,0.0,2471.4070279944776,0.0,0.0,2002.320736363304,0.0,0.12859654426574707,0.013997554779052734,0.5,0.010101010101010102,1398053.4642852119,642583.2878713779,493.9999999999979,1538.0234208622428,0.4848484848484849,3.953578971229424,4.438427456077909
fixed-bias,326,103.93263017010025,24.952745017486713,4461.328971587274,2045.0364421887425,210.99297158727327,0.0,4350.336000000001,2053.6167691284,100.0,8.580326939657319,0.0,2734.735094411915,0.0,0.0,2053.6167691284,0.0,0.11877989768981934,0.009998798370361328,0.5,0.0,1402514.7932567992,644628.3243135667,495.5199999999979,1542.1419777932783,0.0,4.118556931035513,4.118556931035513
fixed-bias,327,100.47721057938013,22.417752515012918,4470.966766380295,2045.0364421887425,205.26596638029474,0.0,4365.7008,2053.6167691284,100.0,8.580326939657319,0.0,2724.975372029097,0.0,0.0,2053.6167691284,0.0,0.10305905342102051,0.014009237289428711,0.5,0.0,1406985.7600231795,646673.3607557554,497.03999999999786,1546.2605347243139,0.0,4.118556931035513,4.118556931035513
fixed-bias,328,100.83965988550706,23.021871570839455,4452.6168582190685,2045.0364421887425,203.42965821906898,0.0,4349.187199999999,2053.6167691284,100.0,8.580326939657319,0.0,2713.761592595933,0.0,0.0,2053.6167691284,0.0,0.1456456184387207,0.01699542999267578,0.5,0.0,1411438.3768813985,648718.3971979442,498.55999999999784,1550.3790916553494,0.0,4.118556931035513,4.118556931035513
fixed-bias,329,101.14768134765315,24.326155309998665,4471.307081362539,2045.0364421887425,220.47028136253863,0.0,4350.8368,2053.6167691284,100.0,8.580326939657319,0.0,2712.8641750688034,0.0,0.0,2053.6167691284,0.0,0.1126255989074707,0.019005537033081055,0.5,0.0,1415909.683962761,650763.433640133,500.0799999999978,1554.497648586385,0.0,4.118556931035513,4.118556931035513
fixed-bias,330,100.76630287957919,22.7387631636071,4480.7118068032805,2045.0364421887425,207.86060680328043,0.0,4372.8512,2053.6167691284,100.0,8.580326939657319,0.0,2735.6060859592485,0.0,0.0,2053.6167691284,0.0,0.11409211158752441,0.01600050926208496,0.5,0.0,1420390.3957695642,652808.4700823218,501.5999999999978,1558.6162055174204,0.0,4.118556931035513,4.118556931035513
fixed-bias,331,94.22059715423308,21.308585982236732,4024.8199067448995,1962.7202362537794,186.16790674489846,-30.35377624269556,3938.652000000001,2002.320736363304,100.0,9.246723866828978,0.0,2464.7556402506843,0.0,0.0,2002.320736363304,0.0,0.14278364181518555,0.01200413703918457,0.5,0.010101010101010102,1424415.215676309,654771.1903185756,503.1199999999978,1563.0546329734984,0.4848484848484849,3.953578971229424,4.438427456077909
fixed-bias,332,91.83407426662647,22.297544116295082,4035.624389586799,1957.9404789713515,201.92742958679895,-35.13353352512351,3933.6969600000007,2002.320736363304,100.0,9.246723866828978,0.0,2461.289757434216,0.0,0.0,2002.320736363304,0.0,0.14612412452697754,0.03200674057006836,0.5,0.010101010101010102,1428450.8400658958,656729.1307975469,504.63999999999777,1567.4930604295764,0.4848484848484849,3.953578971229424,4.438427456077909
fixed-bias,333,100.41908255670812,24.49559839354018,4462.159215215419,1952.1071682709696,199.76561521541777,-40.96684422550547,4362.393600000001,2002.320736363304,100.0,9.246723866828978,0.0,2733.4608530490536,0.0,0.0,2002.320736363304,0.0,0.14418482780456543,0.012997150421142578,0.5,0.010101010101010102,1432912.9992811112,658681.2379658179,506.15999999999775,1571.9314878856544,0.4848484848484849,3.953578971229424,4.438427456077909
fixed-bias,334,101.70904052639764,20.2297592262643,4470.426678890014,2026.4498715728946,213.00107889001313,33.37585907641929,4357.4256000000005,2002.3207363633041,100.0,9.246723866828978,0.0,2721.762885044569,0.0,0.0,2002.3207363633041,0.0,0.07545828819274902,0.00800633430480957,0.5,0.010101010101010098,1437383.4259600013,660707.6878373908,507.67999999999773,1576.3699153417324,0.48484848484848475,3.9535789712294243,4.438427456077909
fixed-bias,335,102.62837967032108,20.278434363696206,4449.269356788263,1959.829052712977,194.6741567882636,-33.24495978349804,4354.5952,2002.320736363304,100.0,9.246723866828978,0.0,2729.0037063212158,0.0,0.0,2002.320736363304,0.0,0.1150050163269043,0.014995336532592773,0.5,0.010101010101010102,1441832.6953167897,662667.5168901038,509.1999999999977,1580.8083427978104,0.4848484848484849,3.953578971229424,4.438427456077909
fixed-bias,336,99.7590272169037,22.46807614168323,4455.433604378959,1959.317943947376,197.94720437895836,-33.756068549098885,4357.486400000001,2002.320736363304,100.0,9.246723866828978,0.0,2734.0830112574818,0.0,0.0,2002.320736363304,0.0,0.1121068000793457,0.014992237091064453,0.5,0.010101010101010102,1446288.1289211686,664626.8348340512,510.7199999999977,1585.2467702538884,0.4848484848484849,3.953578971229424,4.438427456077909
fixed-bias,337,101.37601908577169,20.590740337703586,4465.614188269362,1958.4357055277558,199.33578826936133,-34.63830696871935,4366.2784,2002.320736363304,100.0,9.246723866828978,0.0,2724.8827176717427,0.0,0.0,2002.320736363304,0.0,0.11157584190368652,0.010004997253417969,0.5,0.010101010101010102,1450753.7431094379,666585.270539579,512.2399999999977,1589.6851977099664,0.4848484848484849,3.953578971229424,4.438427456077909
fixed-bias,338,90.31905971156375,22.535628244536273,4026.619343117686,1961.1908276120928,192.94398311768498,-31.88318488438225,3933.675360000001,2002.320736363304,100.0,9.246723866828978,0.0,2441.955159075569,0.0,0.0,2002.320736363304,0.0,0.11216521263122559,0.01599740982055664,0.5,0.010101010101010102,1454780.3624525554,668546.461367191,513.7599999999977,1594.1236251660443,0.4848484848484849,3.953578971229424,4.438427456077909
fixed-bias,339,89.36832825683378,18.38730368891117,4022.064999709286,2043.844812699295,181.4848397092851,76.07282494637661,3940.5801600000004,1977.5740423923908,100.0,9.802054639472027,0.0,2462.294504419701,0.0,0.0,1977.5740423923908,0.0,0.1333637237548828,0.020087003707885742,0.5,0.018518518518518517,1458802.4274522648,670590.3061798903,515.2799999999977,1598.828611392991,0.8888888888888888,3.816097338057684,4.704986226946573
fixed-bias,340,100.86677575963296,22.44384608411732,4455.075066889228,1956.2367220738467,203.66386688922717,-36.83729042262819,4351.4112000000005,2002.320736363304,100.0,9.246723866828978,0.0,2707.725324530516,0.0,0.0,2002.320736363304,0.0,0.12161970138549805,0.012517690658569336,0.5,0.010101010101010102,1463257.502519154,672546.5429019642,516.7999999999977,1603.267038849069,0.4848484848484849,3.953578971229424,4.438427456077909
fixed-bias,341,104.46959237503991,23.49490970788536,4481.351281027875,1959.0089207928715,211.285681027875,-34.065091703603365,4370.0656,2002.320736363304,100.0,9.246723866828978,0.0,2718.21006447477,0.0,0.0,2002.320736363304,0.0,0.10964250564575195,0.017059803009033203,0.5,0.010101010101010102,1467738.8538001818,674505.551822757,518.3199999999977,1607.705466305147,0.4848484848484849,3.953578971229424,4.438427456077909
fixed-bias,342,100.85675085629562,22.61931420458629,4442.335937122695,1959.3418880545853,193.68633712269536,-33.73212444188963,4348.6496,2002.320736363304,100.0,9.246723866828978,0.0,2711.7684892929315,0.0,0.0,2002.320736363304,0.0,0.1236119270324707,0.024245262145996094,0.5,0.010101010101010102,1472181.1897373043,676464.8937108116,519.8399999999976,1612.143893761225,0.4848484848484849,3.953578971229424,4.438427456077909
fixed-bias,343,101.1586926643616,22.52000678329597,4455.369413502951,1964.4208570356693,203.41261350294968,-28.65315546080571,4351.956800000001,2002.320736363304,100.0,9.246723866828978,0.0,2728.955130192493,0.0,0.0,2002.320736363304,0.0,0.13724946975708008,0.022517919540405273,0.5,0.010101010101010102,1476636.5591508073,678429.3145678473,521.3599999999976,1616.582321217303,0.4848484848484849,3.953578971229424,4.438427456077909
fixed-bias,344,102.11758270248417,19.270330024136918,4467.010655466545,2045.0364421887425,200.14985546654543,0.0,4366.8608,2053.6167691284,100.0,8.580326939657319,0.0,2732.199218730314,0.0,0.0,2053.6167691284,0.0,0.12434244155883789,0.01989459991455078,0.5,0.0,1481103.5698062738,680474.3510100361,522.8799999999976,1620.7008781483385,0.0,4.118556931035513,4.118556931035513
fixed-bias,345,90.07297413983383,18.665026499283957,4011.8662442350806,1964.413605920459,174.7464042350792,-28.660406576015866,3937.1198400000017,2002.320736363304,100.0,9.246723866828978,0.0,2463.7037488626743,0.0,0.0,2002.320736363304,0.0,0.11369919776916504,0.008228063583374023,0.5,0.010101010101010102,1485115.4360505089,682438.7646159566,524.3999999999976,1625.1393056044164,0.4848484848484849,3.953578971229424,4.438427456077909
fixed-bias,346,89.48671127615819,21.610714956179617,4033.5374566720966,2028.5291023450181,183.55697667209614,35.455089848542805,3949.9804800000006,2002.3207363633041,100.0,9.246723866828978,0.0,2465.3255997882134,0.0,0.0,2002.3207363633041,0.0,0.11807703971862793,0.026276588439941406,0.5,0.010101010101010098,1489148.973507181,684467.2937183016,525.9199999999976,1629.5777330604944,0.48484848484848475,3.9535789712294243,4.438427456077909
fixed-bias,347,98.80097760027168,27.783677557954878,4464.143407533993,1966.9035268686257,215.01700753399234,-26.17048562784941,4349.126400000001,2002.320736363304,100.0,9.246723866828978,0.0,2716.6803024936244,0.0,0.0,2002.320736363304,0.0,0.1337292194366455,0.01351475715637207,0.5,0.010101010101010102,1493613.1169147152,686434.1972451702,527.4399999999976,1634.0161605165724,0.4848484848484849,3.953578971229424,4.438427456077909
fixed-bias,348,99.22621602345676,20.05473467017421,4464.608651199185,2028.0071532244733,188.50785119918532,34.93314072799817,4376.1008,2002.3207363633041,100.0,9.246723866828978,0.0,2743.455986380971,0.0,0.0,2002.3207363633041,0.0,0.13534998893737793,0.01410365104675293,0.5,0.010101010101010098,1498077.7255659143,688462.2043983947,528.9599999999975,1638.4545879726504,0.48484848484848475,3.9535789712294243,4.438427456077909
fixed-bias,349,94.601538860254,22.421512467333756,4442.562796429238,1966.9594710401354,195.0779964292385,-26.114541456339463,4347.484799999999,2002.320736363304,100.0,9.246723866828978,0.0,2716.75658927062,0.0,0.0,2002.320736363304,0.0,0.11812400817871094,0.01600193977355957,0.5,0.010101010101010102,1502520.2883623436,690429.1638694349,530.4799999999975,1642.8930154287284,0.4848484848484849,3.953578971229424,4.438427456077909
fixed-bias,350,96.17027626299019,22.624930748508724,4452.726218248105,1957.6867627324739,189.2494182481051,-35.38724976400104,4363.4768,2002.320736363304,100.0,9.246723866828978,0.0,2721.6080165405624,0.0,0.0,2002.320736363304,0.0,0.12446951866149902,0.021953344345092773,0.5,0.010101010101010102,1506973.0145805916,692386.8506321673,531.9999999999975,1647.3314428848064,0.4848484848484849,3.953578971229424,4.438427456077909
fixed-bias,351,96.45450242187162,22.707238146820323,4461.82771386733,1961.078830642712,196.13171386732995,-31.99518185376281,4365.696,2002.320736363304,100.0,9.246723866828978,0.0,2739.953272457815,0.0,0.0,2002.320736363304,0.0,0.14743375778198242,0.021080732345581055,0.5,0.010101010101010102,1511434.842294459,694347.92946281,533.5199999999975,1651.7698703408844,0.4848484848484849,3.953578971229424,4.438427456077909
fixed-bias,352,86.68656255556589,20.0639387601372,4022.190437480851,1961.120515531001,180.20339748085001,-31.953496965473917,3941.9870400000013,2002.320736363304,100.0,9.246723866828978,0.0,2469.303589052278,0.0,0.0,2002.320736363304,0.0,0.13529396057128906,0.024001598358154297,0.5,0.010101010101010102,1515457.0327319398,696309.0499783411,535.0399999999975,1656.2082977969624,0.4848484848484849,3.953578971229424,4.438427456077909
fixed-bias,353,87.11628077872338,22.094515154451006,4030.1543344092024,1967.7827539845525,183.5492144092011,-25.29125851192242,3946.605120000001,2002.320736363304,100.0,9.246723866828978,0.0,2466.6184365257823,0.0,0.0,2002.320736363304,0.0,0.11798357963562012,0.013514995574951172,0.5,0.010101010101010102,1519487.187066349,698276.8327323257,536.5599999999974,1660.6467252530404,0.4848484848484849,3.953578971229424,4.438427456077909
fixed-bias,354,98.94387136187873,24.40749811721571,4459.83024711486,1959.6564349147445,198.01904711485938,-33.417577581730555,4361.811200000001,2002.320736363304,100.0,9.246723866828978,0.0,2733.1444858746313,0.0,0.0,2002.320736363304,0.0,0.1116170883178711,0.018227100372314453,0.5,0.010101010101010102,1523947.0173134638,700236.4891672404,538.0799999999974,1665.0851527091183,0.4848484848484849,3.953578971229424,4.438427456077909
fixed-bias,355,95.6535436621886,23.322567328924023,4467.533641952752,2025.1979767967775,196.88564195275157,32.12396430030239,4370.648,2002.3207363633041,100.0,9.246723866828978,0.0,2720.8690338850547,0.0,0.0,2002.3207363633041,0.0,0.10892128944396973,0.007998466491699219,0.5,0.010101010101010098,1528414.5509554166,702261.6871440372,539.5999999999974,1669.5235801651963,0.48484848484848475,3.9535789712294243,4.438427456077909
fixed-bias,356,95.74325363650549,21.97735039170286,4439.6760892767325,1960.9017833809505,202.00888927673276,-32.17222911552448,4337.6672,2002.320736363304,100.0,9.246723866828978,0.0,2691.9313533970635,0.0,0.0,2002.320736363304,0.0,0.15126705169677734,0.01099252700805664,0.5,0.010101010101010102,1532854.2270446934,704222.5889274182,541.1199999999974,1673.9620076212743,0.4848484848484849,3.953578971229424,4.438427456077909
fixed-bias,357,97.92881932988769,21.72552525484615,4460.683278172963,2045.0364421887425,202.6592781729625,0.0,4358.024,2053.6167691284,100.0,8.580326939657319,0.0,2701.282163557006,0.0,0.0,2053.6167691284,0.0,0.10358405113220215,0.023009300231933594,0.5,0.0,1537314.9103228664,706267.625369607,542.6399999999974,1678.0805645523099,0.0,4.118556931035513,4.118556931035513
fixed-bias,358,95.06008642462746,21.688176004164795,4456.539610574853,1967.8060124086874,184.27081057485265,-25.268000087787684,4372.268800000001,2002.320736363304,100.0,9.246723866828978,0.0,2732.530862967579,0.0,0.0,2002.320736363304,0.0,0.12023329734802246,0.0139923095703125,0.5,0.010101010101010102,1541771.4499334414,708235.4313820157,544.1599999999974,1682.5189920083878,0.4848484848484849,3.953578971229424,4.438427456077909
fixed-bias,359,85.63542471311462,21.64510738128451,4022.784267388377,1962.4435628886633,190.11690738837564,-30.63044960781172,3932.6673600000013,2002.320736363304,100.0,9.246723866828978,0.0,2454.3293962125513,0.0,0.0,2002.320736363304,0.0,0.10622358322143555,0.008066654205322266,0.5,0.010101010101010102,1545794.2342008296,710197.8749449044,545.6799999999973,1686.9574194644658,0.4848484848484849,3.953578971229424,4.438427456077909
fixed-bias,360,83.94588681968398,22.186517921770474,4028.7188198548774,1967.9504907815638,190.11433985487662,-25.123521714911337,3938.604480000001,2002.320736363304,100.0,9.246723866828978,0.0,2443.2966604143494,0.0,0.0,2002.320736363304,0.0,0.12764358520507812,0.020009517669677734,0.5,0.010101010101010102,1549822.9530206844,712165.8254356859,547.1999999999973,1691.3958469205438,0.4848484848484849,3.953578971229424,4.438427456077909
fixed-bias,361,92.91944107223755,24.047691376531887,4443.570739820479,1967.7674746440005,184.04433982047772,-25.306537852474463,4359.526400000001,2002.320736363304,100.0,9.246723866828978,0.0,2727.05494523664,0.0,0.0,2002.320736363304,0.0,0.12686610221862793,0.01409459114074707,0.5,0.010101010101010102,1554266.5237605048,714133.5929103299,548.7199999999973,1695.8342743766218,0.4848484848484849,3.953578971229424,4.438427456077909
fixed-bias,362,92.56423086892364,24.338200623275842,4462.040587360639,1960.7770136756667,206.2725873606376,-32.29699882080833,4355.768000000001,2002.320736363304,100.0,9.246723866828978,0.0,2698.9119743417627,0.0,0.0,2002.320736363304,0.0,0.11506843566894531,0.02199554443359375,0.5,0.010101010101010102,1558728.5643478655,716094.3699240056,550.2399999999973,1700.2727018326998,0.4848484848484849,3.953578971229424,4.438427456077909
fixed-bias,363,95.56795478238804,21.004913628161223,4438.375438044107,2028.8388212795096,189.7706380441066,35.76480878303432,4348.6048,2002.3207363633041,100.0,9.246723866828978,0.0,2720.8368752179153,0.0,0.0,2002.3207363633041,0.0,0.12928175926208496,0.016048192977905273,0.5,0.010101010101010098,1563166.9397859096,718123.208745285,551.7599999999973,1704.7111292887778,0.48484848484848475,3.9535789712294243,4.438427456077909
fixed-bias,364,92.94072701963451,20.194287722626317,4441.188013023025,1959.3174670915262,190.35121302302463,-33.756545404948824,4350.8368,2002.320736363304,100.0,9.246723866828978,0.0,2711.0148099630082,0.0,0.0,2002.320736363304,0.0,0.12857699394226074,0.017993450164794922,0.5,0.010101010101010102,1567608.1277989326,720082.5262123765,553.2799999999972,1709.1495567448558,0.4848484848484849,3.953578971229424,4.438427456077909
fixed-bias,365,92.6628879384162,23.43589938025896,4468.6269093961655,2022.9073319844672,196.31330939616475,29.833319487991968,4372.3136,2002.3207363633041,100.0,9.246723866828978,0.0,2752.2246286991535,0.0,0.0,2002.3207363633041,0.0,0.11818480491638184,0.009243965148925781,0.5,0.010101010101010098,1572076.7547083287,722105.433544361,554.7999999999972,1713.5879842009338,0.48484848484848475,3.9535789712294243,4.438427456077909
