error_distribution,day,avg_price,price_volatility,milp_net_profit,ppo_net_profit,milp_arbitrage,ppo_arbitrage,milp_flexibility,ppo_flexibility,milp_degradation,ppo_degradation,milp_fcr_revenue,milp_afrr_revenue,milp_mfrr_revenue,ppo_fcr_revenue,ppo_afrr_revenue,ppo_mfrr_revenue,milp_exec_time,ppo_exec_time,milp_utilization,ppo_utilization,milp_cumulative,ppo_cumulative,milp_throughput_cum,ppo_throughput_cum
uniform,1,95.55813683562333,23.791233636978447,4432.525444733373,2691.3772305008715,176.602244733373,0.0,4355.9232,2691.3772305008715,100.0,0.0,0.0,2722.452,0.0,0.0,2691.3772305008715,0.0,0.4437074661254883,0.020534276962280273,0.5,0.0,4432.525444733373,2691.3772305008715,1.52,0.0
uniform,2,82.08723996277698,22.38376505555918,4018.201979283368,2691.3772305008715,192.98229928336693,0.0,3925.219680000001,2691.3772305008715,100.0,0.0,0.0,2453.2623000000012,0.0,0.0,2691.3772305008715,0.0,0.09942913055419922,0.023700714111328125,0.5,0.0,8450.72742401674,5382.754461001743,3.04,0.0
uniform,3,81.77862283174728,19.27722629490675,4029.5937115626657,2691.3772305008715,177.5972315626651,0.0,3951.9964800000007,2691.3772305008715,100.0,0.0,0.0,2469.9977999999996,0.0,0.0,2691.3772305008715,0.0,0.10121798515319824,0.01970052719116211,0.5,0.0,12480.321135579406,8074.131691502615,4.5600000000000005,0.0
uniform,4,89.42705178675055,22.94887910050355,4443.993837045388,2691.3772305008715,196.52503704538722,0.0,4347.4688000000015,2691.3772305008715,100.0,0.0,0.0,2717.1680000000006,0.0,0.0,2691.3772305008715,0.0,0.08935928344726562,0.02300882339477539,0.5,0.0,16924.314972624794,10765.508922003486,6.08,0.0
uniform,5,89.73922861852304,20.97342098605987,4449.089235170441,2691.3772305008715,191.08123517044018,0.0,4358.008000000001,2691.3772305008715,100.0,0.0,0.0,2723.7549999999997,0.0,0.0,2691.3772305008715,0.0,0.08839225769042969,0.02201080322265625,0.5,0.0,21373.404207795233,13456.886152504358,7.6,0.0
uniform,6,88.19691199516744,22.08783812762239,4422.790292430458,2691.3772305008715,187.94549243045796,0.0,4334.8448,2691.3772305008715,100.0,0.0,0.0,2709.2779999999993,0.0,0.0,2691.3772305008715,0.0,0.10177803039550781,0.01602029800415039,0.5,0.0,25796.19450022569,16148.26338300523,9.12,0.0
uniform,7,89.29004388564353,24.373765168004773,4428.775118838437,2691.3772305008715,181.68871883843732,0.0,4347.0864,2691.3772305008715,100.0,0.0,0.0,2716.929,0.0,0.0,2691.3772305008715,0.0,0.1004796028137207,0.021160125732421875,0.5,0.0,30224.969619064126,18839.6406135061,10.639999999999999,0.0
uniform,8,90.98888547132698,24.361042792644177,4459.194690142607,2691.3772305008715,185.76109014260666,0.0,4373.4336,2691.3772305008715,100.0,0.0,0.0,2733.396,0.0,0.0,2691.3772305008715,0.0,0.1044306755065918,0.021294832229614258,0.5,0.0,34684.16430920673,21531.017844006972,12.159999999999998,0.0
uniform,9,79.3093697011217,19.690341863265832,4008.517807544944,2691.3772305008715,166.00660754494248,0.0,3942.5112000000013,2691.3772305008715,100.0,0.0,0.0,2464.0695000000005,0.0,0.0,2691.3772305008715,0.0,0.12108707427978516,0.030004501342773438,0.5,0.0,38692.682116751675,24222.395074507844,13.679999999999998,0.0
uniform,10,80.47458712028997,20.492507965523867,3999.8625975933473,2691.3772305008715,166.689797593347,0.0,3933.1728000000007,2691.3772305008715,100.0,0.0,0.0,2458.2329999999997,0.0,0.0,2691.3772305008715,0.0,0.10728788375854492,0.021199941635131836,0.5,0.0,42692.54471434502,26913.772305008715,15.199999999999998,0.0
uniform,11,85.71444573567375,23.441018507847307,4440.80878040843,2691.3772305008715,172.4247804084287,0.0,4368.384000000001,2691.3772305008715,100.0,0.0,0.0,2730.2400000000007,0.0,0.0,2691.3772305008715,0.0,0.14308953285217285,0.02303624153137207,0.5,0.0,47133.35349475345,29605.149535509587,16.72,0.0
uniform,12,88.01024999731855,20.564409416886882,4445.633443107035,2691.3772305008715,170.1150431070354,0.0,4375.5184,2691.3772305008715,100.0,0.0,0.0,2734.699,0.0,0.0,2691.3772305008715,0.0,0.10650038719177246,0.03261137008666992,0.5,0.0,51578.986937860485,32296.52676601046,18.24,0.0
uniform,13,86.59660289117387,22.350084450024116,4435.373808786579,2691.3772305008715,179.61380878657914,0.0,4355.759999999999,2691.3772305008715,100.0,0.0,0.0,2722.3499999999995,0.0,0.0,2691.3772305008715,0.0,0.11933135986328125,0.022576332092285156,0.5,0.0,56014.360746647064,34987.90399651133,19.759999999999998,0.0
uniform,14,88.27578401602047,19.68353494201407,4438.798752919296,2691.3772305008715,179.3091529192951,0.0,4359.489600000001,2691.3772305008715,100.0,0.0,0.0,2724.6809999999996,0.0,0.0,2691.3772305008715,0.0,0.09151101112365723,0.02300429344177246,0.5,0.0,60453.15949956636,37679.28122701221,21.279999999999998,0.0
uniform,15,85.33888045225613,23.689810820613708,4439.929695465281,2691.3772305008715,189.11369546528118,0.0,4350.816,2691.3772305008715,100.0,0.0,0.0,2719.26,0.0,0.0,2691.3772305008715,0.0,0.10892128944396973,0.02632451057434082,0.5,0.0,64893.08919503164,40370.658457513084,22.799999999999997,0.0
uniform,16,77.4565413339472,19.320176277694465,3988.460097158692,2691.3772305008715,147.481057158691,0.0,3940.979040000001,2691.3772305008715,100.0,0.0,0.0,2463.111900000001,0.0,0.0,2691.3772305008715,0.0,0.1267545223236084,0.0220029354095459,0.5,0.0,68881.54929219034,43062.03568801396,24.319999999999997,0.0
uniform,17,76.7688835292059,21.79433135686027,4023.8293378894086,2691.3772305008715,171.83285788940782,0.0,3951.9964800000007,2691.3772305008715,100.0,0.0,0.0,2469.9977999999996,0.0,0.0,2691.3772305008715,0.0,0.09681558609008789,0.024402379989624023,0.5,0.0,72905.37863007974,45753.412918514834,25.839999999999996,0.0
uniform,18,87.06897422060221,22.364422236755967,4433.261606782943,2691.3772305008715,187.49520678294178,0.0,4345.766400000001,2691.3772305008715,100.0,0.0,0.0,2716.1040000000007,0.0,0.0,2691.3772305008715,0.0,0.11095118522644043,0.02647542953491211,0.5,0.0,77338.64023686267,48444.79014901571,27.359999999999996,0.0
uniform,19,82.95392994050128,24.628405271333843,4433.787725530692,2691.3772305008715,177.48212553069246,0.0,4356.3056,2691.3772305008715,100.0,0.0,0.0,2722.6910000000003,0.0,0.0,2691.3772305008715,0.0,0.08591318130493164,0.03168082237243652,0.5,0.0,81772.42796239337,51136.167379516584,28.879999999999995,0.0
uniform,20,82.60020912336067,24.303778721802527,4415.314644150689,2691.3772305008715,159.55464415068974,0.0,4355.759999999999,2691.3772305008715,100.0,0.0,0.0,2722.3499999999995,0.0,0.0,2691.3772305008715,0.0,0.11315178871154785,0.01904010772705078,0.5,0.0,86187.74260654405,53827.54461001746,30.399999999999995,0.0
uniform,21,81.20828187948342,24.558608323078438,4430.66765901014,2691.3772305008715,188.688459010139,0.0,4341.979200000001,2691.3772305008715,100.0,0.0,0.0,2713.737,0.0,0.0,2691.3772305008715,0.0,0.09095454216003418,0.02356576919555664,0.5,0.0,90618.4102655542,56518.921840518335,31.919999999999995,0.0
uniform,22,81.75441438053086,22.27701407274462,4437.430640813192,2691.3772305008715,184.91224081319297,0.0,4352.5184,2691.3772305008715,100.0,0.0,0.0,2720.3240000000005,0.0,0.0,2691.3772305008715,0.0,0.10039734840393066,0.02849745750427246,0.5,0.0,95055.84090636739,59210.29907101921,33.44,0.0
uniform,23,74.88631276670993,20.490975669468387,3994.825307499783,2691.3772305008715,150.7819474997814,0.0,3944.0433600000015,2691.3772305008715,100.0,0.0,0.0,2465.027100000001,0.0,0.0,2691.3772305008715,0.0,0.11475205421447754,0.030986785888671875,0.5,0.0,99050.66621386717,61901.676301520085,34.96,0.0
uniform,24,77.3107741976847,18.62351214774844,3991.3370401208904,2691.3772305008715,155.09992012088952,0.0,3936.2371200000007,2691.3772305008715,100.0,0.0,0.0,2460.1482,0.0,0.0,2691.3772305008715,0.0,0.1120905876159668,0.029145240783691406,0.5,0.0,103042.00325398806,64593.05353202096,36.480000000000004,0.0
uniform,25,81.87965777103982,20.88465198751037,4427.495649179929,2691.3772305008715,181.7292491799281,0.0,4345.766400000001,2691.3772305008715,100.0,0.0,0.0,2716.1040000000007,0.0,0.0,2691.3772305008715,0.0,0.10614347457885742,0.029636621475219727,0.5,0.0,107469.49890316799,67284.43076252184,38.00000000000001,0.0
uniform,26,83.3302640329544,23.28421500187989,4460.7787600774,2691.3772305008715,204.47316007740048,0.0,4356.3056,2691.3772305008715,100.0,0.0,0.0,2722.6910000000003,0.0,0.0,2691.3772305008715,0.0,0.11030697822570801,0.03098917007446289,0.5,0.0,111930.27766324539,69975.80799302271,39.52000000000001,0.0
uniform,27,80.10644267253019,19.31128588010697,4405.055146822358,2691.3772305008715,170.21034682235842,0.0,4334.8448,2691.3772305008715,100.0,0.0,0.0,2709.2779999999993,0.0,0.0,2691.3772305008715,0.0,0.11739921569824219,0.023281335830688477,0.5,0.0,116335.33281006775,72667.18522352359,41.04000000000001,0.0
uniform,28,82.07959905318405,21.04151608383958,4428.902075553451,2691.3772305008715,166.00767555345064,0.0,4362.8944,2691.3772305008715,100.0,0.0,0.0,2726.8089999999993,0.0,0.0,2691.3772305008715,0.0,0.10958075523376465,0.025051116943359375,0.5,0.0,120764.2348856212,75358.56245402446,42.56000000000002,0.0
uniform,29,83.70659262692932,22.531073020721543,4463.480551771221,2691.3772305008715,190.04695177122062,0.0,4373.4336,2691.3772305008715,100.0,0.0,0.0,2733.396,0.0,0.0,2691.3772305008715,0.0,0.09794020652770996,0.025009632110595703,0.5,0.0,125227.71543739243,78049.93968452534,44.08000000000002,0.0
uniform,30,73.7763487645965,18.94935556760742,3989.577079096658,2691.3772305008715,145.53371909665637,0.0,3944.0433600000015,2691.3772305008715,100.0,0.0,0.0,2465.027100000001,0.0,0.0,2691.3772305008715,0.0,0.12107205390930176,0.025681734085083008,0.5,0.0,129217.29251648909,80741.31691502621,45.60000000000002,0.0
uniform,31,72.39121688885952,19.74335432583654,4001.7881282928874,2691.3772305008715,149.79164829288712,0.0,3951.9964800000007,2691.3772305008715,100.0,0.0,0.0,2469.9977999999996,0.0,0.0,2691.3772305008715,0.0,0.09406065940856934,0.046904563903808594,0.5,0.0,133219.080644782,83432.69414552709,47.120000000000026,0.0
uniform,32,79.09036226736328,20.761757764227557,4415.934059685999,2691.3772305008715,163.35805968599877,0.0,4352.576000000001,2691.3772305008715,100.0,0.0,0.0,2720.3600000000006,0.0,0.0,2691.3772305008715,0.0,0.1180717945098877,0.05375337600708008,0.5,0.0,137635.014704468,86124.07137602796,48.64000000000003,0.0
uniform,33,80.44200357265336,18.916508938148386,4416.249047887612,2691.3772305008715,161.64584788761118,0.0,4354.6032000000005,2691.3772305008715,100.0,0.0,0.0,2721.627,0.0,0.0,2691.3772305008715,0.0,0.1298844814300537,0.04668140411376953,0.5,0.0,142051.2637523556,88815.44860652884,50.16000000000003,0.0
uniform,34,76.79502470260041,23.090152196691232,4397.70247762363,2691.3772305008715,143.64487762363115,0.0,4354.057599999999,2691.3772305008715,100.0,0.0,0.0,2721.2859999999996,0.0,0.0,2691.3772305008715,0.0,0.12887144088745117,0.04593944549560547,0.5,0.0,146448.9662299792,91506.82583702971,51.680000000000035,0.0
uniform,35,76.93722414252143,23.577329717726155,4413.777718771303,2691.3772305008715,166.6913187713029,0.0,4347.0864,2691.3772305008715,100.0,0.0,0.0,2716.929,0.0,0.0,2691.3772305008715,0.0,0.12550663948059082,0.049581289291381836,0.5,0.0,150862.74394875052,94198.20306753059,53.20000000000004,0.0
uniform,36,80.6226085820366,25.621006145545955,4446.2387617869845,2691.3772305008715,172.80516178698403,0.0,4373.4336,2691.3772305008715,100.0,0.0,0.0,2733.396,0.0,0.0,2691.3772305008715,0.0,0.1129465103149414,0.04504990577697754,0.5,0.0,155308.9827105375,96889.58029803146,54.72000000000004,0.0
uniform,37,73.1835630921488,22.137080563586576,4013.4018466047783,2691.3772305008715,169.35848660477674,0.0,3944.0433600000015,2691.3772305008715,100.0,0.0,0.0,2465.027100000001,0.0,0.0,2691.3772305008715,0.0,0.1327662467956543,0.05909609794616699,0.5,0.0,159322.38455714227,99580.95752853234,56.240000000000045,0.0
uniform,38,71.63476970112283,21.4937009600007,3998.263410924579,2691.3772305008715,165.09061092457847,0.0,3933.1728000000007,2691.3772305008715,100.0,0.0,0.0,2458.2329999999997,0.0,0.0,2691.3772305008715,0.0,0.12567806243896484,0.05960488319396973,0.5,0.0,163320.64796806686,102272.33475903321,57.76000000000005,0.0
uniform,39,78.01423744943293,26.891969586901624,4442.753646096717,2691.3772305008715,193.58244609671587,0.0,4349.171200000001,2691.3772305008715,100.0,0.0,0.0,2718.232000000001,0.0,0.0,2691.3772305008715,0.0,0.12330794334411621,0.0486752986907959,0.5,0.0,167763.40161416357,104963.71198953409,59.28000000000005,0.0
uniform,40,74.37527489759269,21.80102026918698,4428.431691804484,2691.3772305008715,168.721291804484,0.0,4359.7104,2691.3772305008715,100.0,0.0,0.0,2724.819,0.0,0.0,2691.3772305008715,0.0,0.11477947235107422,0.05101466178894043,0.5,0.0,172191.83330596806,107655.08922003496,60.800000000000054,0.0
uniform,41,73.08664293528388,22.597400470580162,4415.65155206248,2691.3772305008715,179.10435206247993,0.0,4336.5472,2691.3772305008715,100.0,0.0,0.0,2710.3419999999996,0.0,0.0,2691.3772305008715,0.0,0.1318035125732422,0.0635523796081543,0.5,0.0,176607.48485803054,110346.46645053584,62.32000000000006,0.0
uniform,42,77.52909227231953,20.03173828976841,4431.445354873948,2691.3772305008715,166.84855487394807,0.0,4364.5968,2691.3772305008715,100.0,0.0,0.0,2727.8730000000005,0.0,0.0,2691.3772305008715,0.0,0.1328744888305664,0.05665087699890137,0.5,0.0,181038.9302129045,113037.84368103671,63.84000000000006,0.0
uniform,43,72.7159364493449,18.249691143969706,4425.6523542247605,2691.3772305008715,152.21875422476046,0.0,4373.4336,2691.3772305008715,100.0,0.0,0.0,2733.396,0.0,0.0,2691.3772305008715,0.0,0.1681065559387207,0.048778533935546875,0.5,0.0,185464.58256712926,115729.22091153759,65.36000000000006,0.0
uniform,44,69.26482972250261,20.280163225806913,3980.821855647634,2691.3772305008715,139.8428156476332,0.0,3940.979040000001,2691.3772305008715,100.0,0.0,0.0,2463.111900000001,0.0,0.0,2691.3772305008715,0.0,0.12713146209716797,0.051625728607177734,0.5,0.0,189445.4044227769,118420.59814203846,66.88000000000005,0.0
uniform,45,69.51270231332946,23.193321244799492,3992.276545597034,2691.3772305008715,156.0394255970334,0.0,3936.2371200000007,2691.3772305008715,100.0,0.0,0.0,2460.1482,0.0,0.0,2691.3772305008715,0.0,0.1292111873626709,0.05293583869934082,0.5,0.0,193437.68096837393,121111.97537253934,68.40000000000005,0.0
uniform,46,75.90164725314445,22.09088543726733,4405.973804907988,2691.3772305008715,158.5050049079868,0.0,4347.4688000000015,2691.3772305008715,100.0,0.0,0.0,2717.1680000000006,0.0,0.0,2691.3772305008715,0.0,0.15172219276428223,0.04087424278259277,0.5,0.0,197843.65477328192,123803.35260304021,69.92000000000004,0.0
uniform,47,74.23952435413854,22.5146155849436,4422.615743234973,2691.3772305008715,166.31014323497328,0.0,4356.3056,2691.3772305008715,100.0,0.0,0.0,2722.6910000000003,0.0,0.0,2691.3772305008715,0.0,0.14022040367126465,0.05386018753051758,0.5,0.0,202266.2705165169,126494.72983354109,71.44000000000004,0.0
uniform,48,76.58206955392593,21.67741093378266,4405.616381513038,2691.3772305008715,149.85638151303857,0.0,4355.759999999999,2691.3772305008715,100.0,0.0,0.0,2722.3499999999995,0.0,0.0,2691.3772305008715,0.0,0.1162104606628418,0.05567145347595215,0.5,0.0,206671.88689802994,129186.10706404196,72.96000000000004,0.0
uniform,49,71.09059662312639,24.119963025893714,4414.412038558996,2691.3772305008715,170.73043855899633,0.0,4343.6816,2691.3772305008715,100.0,0.0,0.0,2714.8009999999995,0.0,0.0,2691.3772305008715,0.0,0.1303691864013672,0.05511331558227539,0.5,0.0,211086.29893658895,131877.48429454284,74.48000000000003,0.0
uniform,50,73.9395542371823,22.16245150500325,4426.264891275275,2691.3772305008715,172.04409127527447,0.0,4354.2208,2691.3772305008715,100.0,0.0,0.0,2721.3880000000004,0.0,0.0,2691.3772305008715,0.0,0.1251986026763916,0.054718017578125,0.5,0.0,215512.5638278642,134568.8615250437,76.00000000000003,0.0
uniform,51,63.755396401225774,21.522120325535244,3963.35195734667,2691.3772305008715,122.37291734666923,0.0,3940.979040000001,2691.3772305008715,100.0,0.0,0.0,2463.111900000001,0.0,0.0,2691.3772305008715,0.0,0.13529086112976074,0.039899587631225586,0.5,0.0,219475.91578521088,137260.23875554456,77.52000000000002,0.0
uniform,52,64.28181342087605,22.696410622417417,3991.2880468604303,2691.3772305008715,158.1152468604296,0.0,3933.1728000000007,2691.3772305008715,100.0,0.0,0.0,2458.2329999999997,0.0,0.0,2691.3772305008715,0.0,0.11313128471374512,0.05243062973022461,0.5,0.0,223467.2038320713,139951.61598604542,79.04000000000002,0.0
uniform,53,71.04117573884541,24.46719986841848,4423.364958748326,2691.3772305008715,154.98095874832487,0.0,4368.384000000001,2691.3772305008715,100.0,0.0,0.0,2730.2400000000007,0.0,0.0,2691.3772305008715,0.0,0.1232752799987793,0.04366302490234375,0.5,0.0,227890.56879081964,142642.99321654628,80.56000000000002,0.0
uniform,54,69.44477701234001,22.232348002433984,4428.410612378535,2691.3772305008715,152.89221237853494,0.0,4375.5184,2691.3772305008715,100.0,0.0,0.0,2734.699,0.0,0.0,2691.3772305008715,0.0,0.11606287956237793,0.053314924240112305,0.5,0.0,232318.97940319817,145334.37044704714,82.08000000000001,0.0
uniform,55,71.84536135709374,21.70627799095501,4385.512616704403,2691.3772305008715,150.6678167044028,0.0,4334.8448,2691.3772305008715,100.0,0.0,0.0,2709.2779999999993,0.0,0.0,2691.3772305008715,0.0,0.12202978134155273,0.047725677490234375,0.5,0.0,236704.49201990257,148025.747677548,83.60000000000001,0.0
uniform,56,71.27336299891819,24.95055733285317,4402.936364412413,2691.3772305008715,157.55236441241215,0.0,4345.384000000001,2691.3772305008715,100.0,0.0,0.0,2715.865,0.0,0.0,2691.3772305008715,0.0,0.13072943687438965,0.050148725509643555,0.5,0.0,241107.428384315,150717.12490804886,85.12,0.0
uniform,57,70.05178991127536,23.20889173777168,4425.791858954123,2691.3772305008715,152.35825895412307,0.0,4373.4336,2691.3772305008715,100.0,0.0,0.0,2733.396,0.0,0.0,2691.3772305008715,0.0,0.13117146492004395,0.05902433395385742,0.5,0.0,245533.2202432691,153408.50213854972,86.64,0.0
uniform,58,62.44732074350557,21.178799008191984,3982.57684118132,2691.3772305008715,138.53348118131862,0.0,3944.0433600000015,2691.3772305008715,100.0,0.0,0.0,2465.027100000001,0.0,0.0,2691.3772305008715,0.0,0.13319754600524902,0.02102208137512207,0.5,0.0,249515.79708445043,156099.87936905058,88.16,0.0
uniform,59,64.38902929786,18.825309288956277,3973.2546094156423,2691.3772305008715,124.32244941564169,0.0,3948.9321600000007,2691.3772305008715,100.0,0.0,0.0,2468.0826,0.0,0.0,2691.3772305008715,0.0,0.1202089786529541,0.05273318290710449,0.5,0.0,253489.0516938661,158791.25659955145,89.67999999999999,0.0
uniform,60,65.40638309779442,24.067124508893922,4402.400201095251,2691.3772305008715,149.82420109524992,0.0,4352.576000000001,2691.3772305008715,100.0,0.0,0.0,2720.3600000000006,0.0,0.0,2691.3772305008715,0.0,0.1183006763458252,0.04920363426208496,0.5,0.0,257891.45189496133,161482.6338300523,91.19999999999999,0.0
uniform,61,68.063645224713,19.91036216054047,4412.435337591937,2691.3772305008715,152.72493759193716,0.0,4359.7104,2691.3772305008715,100.0,0.0,0.0,2724.819,0.0,0.0,2691.3772305008715,0.0,0.10733652114868164,0.03226804733276367,0.5,0.0,262303.8872325533,164174.01106055317,92.71999999999998,0.0
uniform,62,69.01342000636863,24.005533598879154,4407.218637508362,2691.3772305008715,170.67143750836166,0.0,4336.5472,2691.3772305008715,100.0,0.0,0.0,2710.3419999999996,0.0,0.0,2691.3772305008715,0.0,0.1220853328704834,0.037108421325683594,0.5,0.0,266711.1058700616,166865.38829105403,94.23999999999998,0.0
uniform,63,68.02294997720396,23.40484375621865,4411.667829088767,2691.3772305008715,167.98622908876683,0.0,4343.6816,2691.3772305008715,100.0,0.0,0.0,2714.8009999999995,0.0,0.0,2691.3772305008715,0.0,0.10531139373779297,0.042487144470214844,0.5,0.0,271122.77369915036,169556.7655215549,95.75999999999998,0.0
uniform,64,66.02231015891157,24.89119038924703,4431.9185531527255,2691.3772305008715,158.48495315272515,0.0,4373.4336,2691.3772305008715,100.0,0.0,0.0,2733.396,0.0,0.0,2691.3772305008715,0.0,0.11815381050109863,0.023119211196899414,0.5,0.0,275554.69225230307,172248.14275205575,97.27999999999997,0.0
uniform,65,62.938945943814396,22.233144425912847,3976.843701002167,2691.3772305008715,150.09186100216587,0.0,3926.7518400000013,2691.3772305008715,100.0,0.0,0.0,2454.219900000001,0.0,0.0,2691.3772305008715,0.0,0.12711763381958008,0.04417848587036133,0.5,0.0,279531.53595330525,174939.5199825566,98.79999999999997,0.0
uniform,66,60.31213214309662,21.465166791040055,3990.2126612102547,2691.3772305008715,138.21618121025423,0.0,3951.9964800000007,2691.3772305008715,100.0,0.0,0.0,2469.9977999999996,0.0,0.0,2691.3772305008715,0.0,0.10431146621704102,0.028104782104492188,0.5,0.0,283521.7486145155,177630.89721305747,100.31999999999996,0.0
uniform,67,65.77484510939998,22.445162648946045,4404.99989564858,2691.3772305008715,138.31829564857884,0.0,4366.681600000001,2691.3772305008715,100.0,0.0,0.0,2729.1760000000004,0.0,0.0,2691.3772305008715,0.0,0.1405346393585205,0.044381141662597656,0.5,0.0,287926.7485101641,180322.27444355833,101.83999999999996,0.0
uniform,68,67.10954927507268,21.693751947045982,4411.20116733514,2691.3772305008715,133.98036733513987,0.0,4377.2208,2691.3772305008715,100.0,0.0,0.0,2735.763,0.0,0.0,2691.3772305008715,0.0,0.12603068351745605,0.04528236389160156,0.5,0.0,292337.94967749924,183013.6516740592,103.35999999999996,0.0
uniform,69,64.06529014238073,21.988337052490582,4385.310887246173,2691.3772305008715,152.1684872461724,0.0,4333.1424,2691.3772305008715,100.0,0.0,0.0,2708.2139999999995,0.0,0.0,2691.3772305008715,0.0,0.12458562850952148,0.0511324405670166,0.5,0.0,296723.2605647454,185705.02890456005,104.87999999999995,0.0
uniform,70,66.31330141728326,22.87025498453884,4405.554486274638,2691.3772305008715,140.9576862746384,0.0,4364.5968,2691.3772305008715,100.0,0.0,0.0,2727.8730000000005,0.0,0.0,2691.3772305008715,0.0,0.10753059387207031,0.033812761306762695,0.5,0.0,301128.81505102006,188396.4061350609,106.39999999999995,0.0
uniform,71,67.2174341679452,19.82075507354983,4385.369697837713,2691.3772305008715,134.5536978377134,0.0,4350.816,2691.3772305008715,100.0,0.0,0.0,2719.26,0.0,0.0,2691.3772305008715,0.0,0.1515188217163086,0.0638427734375,0.5,0.0,305514.1847488578,191087.78336556177,107.91999999999994,0.0
uniform,72,58.16194922361857,19.955626252156197,3986.570386035235,2691.3772305008715,161.35070603523397,0.0,3925.219680000001,2691.3772305008715,100.0,0.0,0.0,2453.2623000000012,0.0,0.0,2691.3772305008715,0.0,0.11314034461975098,0.04085183143615723,0.5,0.0,309500.75513489306,193779.16059606263,109.43999999999994,0.0
uniform,73,55.062300670365424,21.25843907517822,3966.7735498366774,2691.3772305008715,130.5364298366766,0.0,3936.2371200000007,2691.3772305008715,100.0,0.0,0.0,2460.1482,0.0,0.0,2691.3772305008715,0.0,0.11506533622741699,0.045613765716552734,0.5,0.0,313467.5286847297,196470.5378265635,110.95999999999994,0.0
uniform,74,64.48514502937071,23.121770037214326,4404.931216966756,2691.3772305008715,154.05761696675538,0.0,4350.873600000001,2691.3772305008715,100.0,0.0,0.0,2719.2960000000007,0.0,0.0,2691.3772305008715,0.0,0.11957764625549316,0.043770551681518555,0.5,0.0,317872.4599016965,199161.91505706435,112.47999999999993,0.0
uniform,75,63.71693699619069,20.161137171281872,4399.085739614156,2691.3772305008715,139.37533961415622,0.0,4359.7104,2691.3772305008715,100.0,0.0,0.0,2724.819,0.0,0.0,2691.3772305008715,0.0,0.12522625923156738,0.0404362678527832,0.5,0.0,322271.54564131063,201853.29228756521,113.99999999999993,0.0
uniform,76,63.51638972813557,21.708189730232622,4387.327842776883,2691.3772305008715,149.07824277688226,0.0,4338.2496,2691.3772305008715,100.0,0.0,0.0,2711.4059999999995,0.0,0.0,2691.3772305008715,0.0,0.12566328048706055,0.031862735748291016,0.5,0.0,326658.8734840875,204544.66951806608,115.51999999999992,0.0
uniform,77,60.61197806109228,22.225340118528493,4400.332145333585,2691.3772305008715,139.14014533358431,0.0,4361.192,2691.3772305008715,100.0,0.0,0.0,2725.745,0.0,0.0,2691.3772305008715,0.0,0.11725091934204102,0.032996177673339844,0.5,0.0,331059.2056294211,207236.04674856694,117.03999999999992,0.0
uniform,78,64.5585908360077,25.661627247224295,4425.057294515452,2691.3772305008715,155.0284945154516,0.0,4370.0288,2691.3772305008715,100.0,0.0,0.0,2731.2680000000005,0.0,0.0,2691.3772305008715,0.0,0.10231304168701172,0.04608345031738281,0.5,0.0,335484.26292393653,209927.4239790678,118.55999999999992,0.0
uniform,79,55.91879099028677,20.70246656196347,3971.4948360378967,2691.3772305008715,127.45147603789502,0.0,3944.0433600000015,2691.3772305008715,100.0,0.0,0.0,2465.027100000001,0.0,0.0,2691.3772305008715,0.0,0.12530016899108887,0.040470123291015625,0.5,0.0,339455.75775997445,212618.80120956866,120.07999999999991,0.0
uniform,80,53.59622975902753,22.13180284560607,3972.7165732667468,2691.3772305008715,120.720093266746,0.0,3951.9964800000007,2691.3772305008715,100.0,0.0,0.0,2469.9977999999996,0.0,0.0,2691.3772305008715,0.0,0.11057639122009277,0.04304647445678711,0.5,0.0,343428.4743332412,215310.17844006952,121.59999999999991,0.0
uniform,81,58.978915413409766,21.21855728164276,4377.73900278431,2691.3772305008715,130.27020278430845,0.0,4347.4688000000015,2691.3772305008715,100.0,0.0,0.0,2717.1680000000006,0.0,0.0,2691.3772305008715,0.0,0.1234886646270752,0.044530630111694336,0.5,0.0,347806.2133360255,218001.55567057038,123.1199999999999,0.0
uniform,82,58.437271008625736,21.07338366419708,4403.9571484869775,2691.3772305008715,144.24674848697748,0.0,4359.7104,2691.3772305008715,100.0,0.0,0.0,2724.819,0.0,0.0,2691.3772305008715,0.0,0.1218118667602539,0.04554319381713867,0.5,0.0,352210.17048451246,220692.93290107124,124.6399999999999,0.0
uniform,83,62.14461809897603,25.177474658997905,4400.65975946393,2691.3772305008715,144.8997594639301,0.0,4355.759999999999,2691.3772305008715,100.0,0.0,0.0,2722.3499999999995,0.0,0.0,2691.3772305008715,0.0,0.12184929847717285,0.028061389923095703,0.5,0.0,356610.8302439764,223384.3101315721,126.1599999999999,0.0
uniform,84,62.22046488779629,23.09744081791274,4394.781944919676,2691.3772305008715,151.10034491967608,0.0,4343.6816,2691.3772305008715,100.0,0.0,0.0,2714.8009999999995,0.0,0.0,2691.3772305008715,0.0,0.09820771217346191,0.03312349319458008,0.5,0.0,361005.61218889605,226075.68736207296,127.6799999999999,0.0
uniform,85,59.660714619294026,24.33958557165145,4407.043091285369,2691.3772305008715,154.52469128536862,0.0,4352.5184,2691.3772305008715,100.0,0.0,0.0,2720.3240000000005,0.0,0.0,2691.3772305008715,0.0,0.11403417587280273,0.045217275619506836,0.5,0.0,365412.65528018144,228767.06459257382,129.1999999999999,0.0
uniform,86,56.574924098125685,18.55812961047008,3979.227069210333,2691.3772305008715,135.18370921033156,0.0,3944.0433600000015,2691.3772305008715,100.0,0.0,0.0,2465.027100000001,0.0,0.0,2691.3772305008715,0.0,0.1261754035949707,0.04296445846557617,0.5,0.0,369391.88234939176,231458.44182307468,130.7199999999999,0.0
uniform,87,53.59190945695809,19.99580201335803,3969.2425143771907,2691.3772305008715,118.7781943771896,0.0,3950.464320000001,2691.3772305008715,100.0,0.0,0.0,2469.0402,0.0,0.0,2691.3772305008715,0.0,0.11617159843444824,0.03984642028808594,0.5,0.0,373361.1248637689,234149.81905357554,132.23999999999992,0.0
uniform,88,60.04684230407816,22.953308354569437,4396.024773076648,2691.3772305008715,127.6407730766472,0.0,4368.384000000001,2691.3772305008715,100.0,0.0,0.0,2730.2400000000007,0.0,0.0,2691.3772305008715,0.0,0.15114378929138184,0.038926124572753906,0.5,0.0,377757.14963684557,236841.1962840764,133.75999999999993,0.0
uniform,89,60.14195686276033,24.29566299336134,4410.845947112818,2691.3772305008715,154.54034711281804,0.0,4356.3056,2691.3772305008715,100.0,0.0,0.0,2722.6910000000003,0.0,0.0,2691.3772305008715,0.0,0.10929179191589355,0.04279661178588867,0.5,0.0,382167.9955839584,239532.57351457726,135.27999999999994,0.0
uniform,90,61.35026660835263,23.245678851953112,4392.430491041851,2691.3772305008715,138.37289104185203,0.0,4354.057599999999,2691.3772305008715,100.0,0.0,0.0,2721.2859999999996,0.0,0.0,2691.3772305008715,0.0,0.11934876441955566,0.042853355407714844,0.5,0.0,386560.42607500026,242223.95074507812,136.79999999999995,0.0
uniform,91,59.8737660921748,20.856730187786074,4395.010897441692,2691.3772305008715,132.11649744169193,0.0,4362.8944,2691.3772305008715,100.0,0.0,0.0,2726.8089999999993,0.0,0.0,2691.3772305008715,0.0,0.09660792350769043,0.025072813034057617,0.5,0.0,390955.43697244197,244915.32797557898,138.31999999999996,0.0
uniform,92,58.994710139004816,21.28998201776202,4400.163654042325,2691.3772305008715,149.34765404232556,0.0,4350.816,2691.3772305008715,100.0,0.0,0.0,2719.26,0.0,0.0,2691.3772305008715,0.0,0.10856127738952637,0.02100205421447754,0.5,0.0,395355.6006264843,247606.70520607985,139.83999999999997,0.0
uniform,93,53.63280233752471,18.894109406430882,3954.2091470980163,2691.3772305008715,110.16578709801458,0.0,3944.0433600000015,2691.3772305008715,100.0,0.0,0.0,2465.027100000001,0.0,0.0,2691.3772305008715,0.0,0.11333823204040527,0.027761220932006836,0.5,0.0,399309.8097735823,250298.0824365807,141.35999999999999,0.0
uniform,94,51.70400100311114,22.443635858732016,3964.2379488285874,2691.3772305008715,113.77362882858637,0.0,3950.464320000001,2691.3772305008715,100.0,0.0,0.0,2469.0402,0.0,0.0,2691.3772305008715,0.0,0.10349130630493164,0.019036054611206055,0.5,0.0,403274.04772241093,252989.45966708157,142.88,0.0
uniform,95,56.632244685914934,22.852851933501228,4379.060009787982,2691.3772305008715,133.29360978798124,0.0,4345.766400000001,2691.3772305008715,100.0,0.0,0.0,2716.1040000000007,0.0,0.0,2691.3772305008715,0.0,0.11757326126098633,0.027197837829589844,0.5,0.0,407653.1077321989,255680.83689758243,144.4,0.0
uniform,96,59.020531983189386,23.81214442054662,4425.98573193756,2691.3772305008715,167.97773193755918,0.0,4358.008000000001,2691.3772305008715,100.0,0.0,0.0,2723.7549999999997,0.0,0.0,2691.3772305008715,0.0,0.11016225814819336,0.026827573776245117,0.5,0.0,412079.0934641365,258372.2141280833,145.92000000000002,0.0
uniform,97,58.22451609719612,19.542709990314965,4362.038996338509,2691.3772305008715,125.49179633850916,0.0,4336.5472,2691.3772305008715,100.0,0.0,0.0,2710.3419999999996,0.0,0.0,2691.3772305008715,0.0,0.09359502792358398,0.025989532470703125,0.5,0.0,416441.13246047497,261063.59135858415,147.44000000000003,0.0
uniform,98,57.444674521712564,20.477262446391663,4393.385187640662,2691.3772305008715,132.19318764066142,0.0,4361.192,2691.3772305008715,100.0,0.0,0.0,2725.745,0.0,0.0,2691.3772305008715,0.0,0.090606689453125,0.01704096794128418,0.5,0.0,420834.51764811564,263754.96858908504,148.96000000000004,0.0
uniform,99,54.98482231484365,22.153209052684726,4397.000420267687,2691.3772305008715,144.48202026768737,0.0,4352.5184,2691.3772305008715,100.0,0.0,0.0,2720.3240000000005,0.0,0.0,2691.3772305008715,0.0,0.10796451568603516,0.020816326141357422,0.5,0.0,425231.51806838333,266446.3458195859,150.48000000000005,0.0
uniform,100,52.91454745711434,19.3106729000628,3975.5955955248087,2691.3772305008715,133.08439552480752,0.0,3942.5112000000013,2691.3772305008715,100.0,0.0,0.0,2464.0695000000005,0.0,0.0,2691.3772305008715,0.0,0.10476517677307129,0.027498245239257812,0.5,0.0,429207.11366390815,269137.72305008676,152.00000000000006,0.0
uniform,101,49.933749474122145,19.876365489589876,3951.368000000001,2691.3772305008715,0.0,0.0,4051.368000000001,2691.3772305008715,100.0,0.0,0.0,2532.105,0.0,0.0,2691.3772305008715,0.0,0.0994415283203125,0.021037578582763672,0.5,0.0,433158.48166390817,271829.1002805876,152.00000000000006,0.0
uniform,102,55.07193535586938,21.741245238697864,4390.405096646095,2691.3772305008715,122.02109664609482,0.0,4368.384000000001,2691.3772305008715,100.0,0.0,0.0,2730.2400000000007,0.0,0.0,2691.3772305008715,0.0,0.10903477668762207,0.0249783992767334,0.5,0.0,437548.8867605543,274520.4775110885,153.52000000000007,0.0
uniform,103,53.573188138268456,24.698300518241656,4397.360235615294,2691.3772305008715,139.35223561529318,0.0,4358.008000000001,2691.3772305008715,100.0,0.0,0.0,2723.7549999999997,0.0,0.0,2691.3772305008715,0.0,0.11212968826293945,0.023781776428222656,0.5,0.0,441946.24699616956,277211.85474158934,155.04000000000008,0.0
uniform,104,54.654275043576,23.121358537689364,4390.578951758453,2691.3772305008715,134.81895175845315,0.0,4355.759999999999,2691.3772305008715,100.0,0.0,0.0,2722.3499999999995,0.0,0.0,2691.3772305008715,0.0,0.12130355834960938,0.02301955223083496,0.5,0.0,446336.825947928,279903.2319720902,156.5600000000001,0.0
uniform,105,56.68855799815143,22.58014409922162,4387.992134371659,2691.3772305008715,140.90573437165884,0.0,4347.0864,2691.3772305008715,100.0,0.0,0.0,2716.929,0.0,0.0,2691.3772305008715,0.0,0.10565590858459473,0.01764202117919922,0.5,0.0,450724.81808229967,282594.60920259106,158.0800000000001,0.0
uniform,106,55.49911127276505,21.46111047814788,4400.85512093677,2691.3772305008715,150.03912093677016,0.0,4350.816,2691.3772305008715,100.0,0.0,0.0,2719.26,0.0,0.0,2691.3772305008715,0.0,0.10697269439697266,0.02389073371887207,0.5,0.0,455125.6732032364,285285.9864330919,159.6000000000001,0.0
uniform,107,50.45195242807839,19.95580473937459,3947.7550356720053,2691.3772305008715,119.47103567200443,0.0,3928.284000000001,2691.3772305008715,100.0,0.0,0.0,2455.1775000000007,0.0,0.0,2691.3772305008715,0.0,0.12332653999328613,0.019995927810668945,0.5,0.0,459073.4282389084,287977.3636635928,161.12000000000012,0.0
uniform,108,50.20047809344135,19.588835576657292,3950.8598183179574,2691.3772305008715,116.15485831795651,0.0,3934.704960000001,2691.3772305008715,100.0,0.0,0.0,2459.1906000000004,0.0,0.0,2691.3772305008715,0.0,0.10062956809997559,0.02774357795715332,0.5,0.0,463024.2880572264,290668.74089409364,162.64000000000013,0.0
uniform,109,55.78672617513312,19.19665592324132,4376.4631118748175,2691.3772305008715,123.8871118748167,0.0,4352.576000000001,2691.3772305008715,100.0,0.0,0.0,2720.3600000000006,0.0,0.0,2691.3772305008715,0.0,0.15306639671325684,0.026564359664916992,0.5,0.0,467400.7511691012,293360.1181245945,164.16000000000014,0.0
uniform,110,53.78060159181181,21.27533029051775,4392.173387559806,2691.3772305008715,114.95258755980527,0.0,4377.2208,2691.3772305008715,100.0,0.0,0.0,2735.763,0.0,0.0,2691.3772305008715,0.0,0.10888004302978516,0.0228879451751709,0.5,0.0,471792.92455666105,296051.49535509537,165.68000000000015,0.0
uniform,111,56.586134313268495,20.788080531412266,4386.438867226113,2691.3772305008715,130.67886722611357,0.0,4355.759999999999,2691.3772305008715,100.0,0.0,0.0,2722.3499999999995,0.0,0.0,2691.3772305008715,0.0,0.12102699279785156,0.0259554386138916,0.5,0.0,476179.3634238872,298742.8725855962,167.20000000000016,0.0
uniform,112,56.10645076081829,21.86663043971882,4379.8402042131,2691.3772305008715,115.24340421310035,0.0,4364.5968,2691.3772305008715,100.0,0.0,0.0,2727.8730000000005,0.0,0.0,2691.3772305008715,0.0,0.0984351634979248,0.024839162826538086,0.5,0.0,480559.2036281003,301434.2498160971,168.72000000000017,0.0
uniform,113,56.28930227360954,24.8523395642367,4400.610511159895,2691.3772305008715,127.17691115989527,0.0,4373.4336,2691.3772305008715,100.0,0.0,0.0,2733.396,0.0,0.0,2691.3772305008715,0.0,0.10087990760803223,0.02577376365661621,0.5,0.0,484959.81413926015,304125.62704659795,170.24000000000018,0.0
uniform,114,48.38979969340716,19.619012567831305,3942.723884031634,2691.3772305008715,119.03636403163262,0.0,3923.6875200000013,2691.3772305008715,100.0,0.0,0.0,2452.304700000001,0.0,0.0,2691.3772305008715,0.0,0.13771963119506836,0.019744873046875,0.5,0.0,488902.5380232918,306817.0042770988,171.7600000000002,0.0
uniform,115,49.96508492343886,24.114287903761255,3972.6872579535197,2691.3772305008715,141.04661795351868,0.0,3931.640640000001,2691.3772305008715,100.0,0.0,0.0,2457.2754,0.0,0.0,2691.3772305008715,0.0,0.11125588417053223,0.028070688247680664,0.5,0.0,492875.2252812453,309508.38150759967,173.2800000000002,0.0
uniform,116,59.19099261252609,23.11901488799595,4401.323092195747,2691.3772305008715,132.9390921957469,0.0,4368.384000000001,2691.3772305008715,100.0,0.0,0.0,2730.2400000000007,0.0,0.0,2691.3772305008715,0.0,0.1358349323272705,0.017990827560424805,0.5,0.0,497276.54837344104,312199.7587381005,174.8000000000002,0.0
uniform,117,57.0703263394949,22.563224675029094,4401.094446398044,2691.3772305008715,123.87364639804395,0.0,4377.2208,2691.3772305008715,100.0,0.0,0.0,2735.763,0.0,0.0,2691.3772305008715,0.0,0.0966196060180664,0.021020174026489258,0.5,0.0,501677.64281983906,314891.1359686014,176.32000000000022,0.0
uniform,118,54.55256411642057,24.223810352146653,4373.34478973421,2691.3772305008715,117.58478973421114,0.0,4355.759999999999,2691.3772305008715,100.0,0.0,0.0,2722.3499999999995,0.0,0.0,2691.3772305008715,0.0,0.07258915901184082,0.022054195404052734,0.5,0.0,506050.9876095733,317582.51319910225,177.84000000000023,0.0
uniform,119,54.98692169913736,20.82383559800744,4390.317925520024,2691.3772305008715,148.33872552002356,0.0,4341.979200000001,2691.3772305008715,100.0,0.0,0.0,2713.737,0.0,0.0,2691.3772305008715,0.0,0.10849213600158691,0.024960994720458984,0.5,0.0,510441.3055350933,320273.8904296031,179.36000000000024,0.0
uniform,120,56.02652143925963,21.932842827502135,4407.3706634959,2691.3772305008715,153.1498634959,0.0,4354.2208,2691.3772305008715,100.0,0.0,0.0,2721.3880000000004,0.0,0.0,2691.3772305008715,0.0,0.08933687210083008,0.021707534790039062,0.5,0.0,514848.6761985892,322965.267660104,180.88000000000025,0.0
uniform,121,48.800246541746986,22.82773664724308,3961.87707397492,2691.3772305008715,117.8337139749188,0.0,3944.0433600000015,2691.3772305008715,100.0,0.0,0.0,2465.027100000001,0.0,0.0,2691.3772305008715,0.0,0.1017923355102539,0.026018142700195312,0.5,0.0,518810.55327256414,325656.64489060483,182.40000000000026,0.0
uniform,122,47.453963678782365,21.1832792243011,3978.504443908238,2691.3772305008715,128.04012390823718,0.0,3950.464320000001,2691.3772305008715,100.0,0.0,0.0,2469.0402,0.0,0.0,2691.3772305008715,0.0,0.1071467399597168,0.027088403701782227,0.5,0.0,522789.05771647237,328348.0221211057,183.92000000000027,0.0
uniform,123,54.48777040936975,22.48224952721972,4402.020916363413,2691.3772305008715,152.84971636341186,0.0,4349.171200000001,2691.3772305008715,100.0,0.0,0.0,2718.232000000001,0.0,0.0,2691.3772305008715,0.0,0.12719392776489258,0.024615764617919922,0.5,0.0,527191.0786328358,331039.39935160655,185.44000000000028,0.0
uniform,124,53.05430965215286,24.24777651193461,4399.396947308915,2691.3772305008715,143.09134730891483,0.0,4356.3056,2691.3772305008715,100.0,0.0,0.0,2722.6910000000003,0.0,0.0,2691.3772305008715,0.0,0.1036527156829834,0.025650978088378906,0.5,0.0,531590.4755801447,333730.7765821074,186.9600000000003,0.0
uniform,125,54.97065167074279,19.976705715055893,4363.428153380852,2691.3772305008715,125.17855338085161,0.0,4338.2496,2691.3772305008715,100.0,0.0,0.0,2711.4059999999995,0.0,0.0,2691.3772305008715,0.0,0.11056780815124512,0.020935535430908203,0.5,0.0,535953.9037335255,336422.1538126083,188.4800000000003,0.0
uniform,126,54.6211800617788,23.637213610099796,4408.799076654406,2691.3772305008715,145.90467665440647,0.0,4362.8944,2691.3772305008715,100.0,0.0,0.0,2726.8089999999993,0.0,0.0,2691.3772305008715,0.0,0.09731054306030273,0.02517986297607422,0.5,0.0,540362.7028101799,339113.53104310913,190.0000000000003,0.0
uniform,127,57.26068036701133,22.111529594522082,4405.812584984134,2691.3772305008715,132.37898498413438,0.0,4373.4336,2691.3772305008715,100.0,0.0,0.0,2733.396,0.0,0.0,2691.3772305008715,0.0,0.10972380638122559,0.023159503936767578,0.5,0.0,544768.515395164,341804.90827361,191.52000000000032,0.0
uniform,128,47.66870372363751,19.276363500771083,3956.5642575592046,2691.3772305008715,114.05305755920348,0.0,3942.5112000000013,2691.3772305008715,100.0,0.0,0.0,2464.0695000000005,0.0,0.0,2691.3772305008715,0.0,0.1130533218383789,0.024002552032470703,0.5,0.0,548725.0796527233,344496.28550411086,193.04000000000033,0.0
uniform,129,50.1923890572099,19.102356145624203,3962.2432929565757,2691.3772305008715,129.07049295657512,0.0,3933.1728000000007,2691.3772305008715,100.0,0.0,0.0,2458.2329999999997,0.0,0.0,2691.3772305008715,0.0,0.10585236549377441,0.025530576705932617,0.5,0.0,552687.3229456799,347187.6627346117,194.56000000000034,0.0
uniform,130,55.0501966815776,22.259755325368154,4393.870265090045,2691.3772305008715,142.99666509004456,0.0,4350.873600000001,2691.3772305008715,100.0,0.0,0.0,2719.2960000000007,0.0,0.0,2691.3772305008715,0.0,0.08666586875915527,0.019941091537475586,0.5,0.0,557081.1932107699,349879.0399651126,196.08000000000035,0.0
uniform,131,55.655531220630856,23.073087324272876,4397.790261942244,2691.3772305008715,120.56946194224419,0.0,4377.2208,2691.3772305008715,100.0,0.0,0.0,2735.763,0.0,0.0,2691.3772305008715,0.0,0.10108184814453125,0.03000020980834961,0.5,0.0,561478.9834727121,352570.41719561344,197.60000000000036,0.0
uniform,132,58.142906956666344,23.641738849342403,4393.2957108294495,2691.3772305008715,139.23811082945,0.0,4354.057599999999,2691.3772305008715,100.0,0.0,0.0,2721.2859999999996,0.0,0.0,2691.3772305008715,0.0,0.17066621780395508,0.030002117156982422,0.5,0.0,565872.2791835415,355261.7944261143,199.12000000000037,0.0
uniform,133,54.40926838635454,26.017833880729995,4389.0148044860725,2691.3772305008715,124.41800448607263,0.0,4364.5968,2691.3772305008715,100.0,0.0,0.0,2727.8730000000005,0.0,0.0,2691.3772305008715,0.0,0.1116328239440918,0.029728412628173828,0.5,0.0,570261.2939880276,357953.17165661516,200.64000000000038,0.0
uniform,134,52.69478802752972,24.029746761009548,4396.428608205952,2691.3772305008715,122.9950082059511,0.0,4373.4336,2691.3772305008715,100.0,0.0,0.0,2733.396,0.0,0.0,2691.3772305008715,0.0,0.10641241073608398,0.025091886520385742,0.5,0.0,574657.7225962336,360644.548887116,202.1600000000004,0.0
uniform,135,50.12110923974577,23.619277964272293,3964.6984728108864,2691.3772305008715,139.47879281088524,0.0,3925.219680000001,2691.3772305008715,100.0,0.0,0.0,2453.2623000000012,0.0,0.0,2691.3772305008715,0.0,0.1191399097442627,0.0219881534576416,0.5,0.0,578622.4210690445,363335.9261176169,203.6800000000004,0.0
uniform,136,49.076017118375184,20.811199985753426,3959.9024592670758,2691.3772305008715,109.43813926707463,0.0,3950.464320000001,2691.3772305008715,100.0,0.0,0.0,2469.0402,0.0,0.0,2691.3772305008715,0.0,0.08856511116027832,0.022961139678955078,0.5,0.0,582582.3235283116,366027.30334811774,205.20000000000041,0.0
uniform,137,55.39032687466073,22.173933387450735,4389.9546595479815,2691.3772305008715,140.7834595479804,0.0,4349.171200000001,2691.3772305008715,100.0,0.0,0.0,2718.232000000001,0.0,0.0,2691.3772305008715,0.0,0.14680027961730957,0.022016286849975586,0.5,0.0,586972.2781878596,368718.6805786186,206.72000000000043,0.0
uniform,138,54.90236726991125,22.951418047622646,4387.953548140434,2691.3772305008715,128.24314814043345,0.0,4359.7104,2691.3772305008715,100.0,0.0,0.0,2724.819,0.0,0.0,2691.3772305008715,0.0,0.10787391662597656,0.027158737182617188,0.5,0.0,591360.231736,371410.05780911946,208.24000000000044,0.0
uniform,139,57.475810546719366,25.044232654328013,4368.166799153273,2691.3772305008715,112.40679915327411,0.0,4355.759999999999,2691.3772305008715,100.0,0.0,0.0,2722.3499999999995,0.0,0.0,2691.3772305008715,0.0,0.11681485176086426,0.027993440628051758,0.5,0.0,595728.3985351534,374101.4350396203,209.76000000000045,0.0
uniform,140,54.09991123676272,22.63930256769185,4398.495549776963,2691.3772305008715,154.8139497769632,0.0,4343.6816,2691.3772305008715,100.0,0.0,0.0,2714.8009999999995,0.0,0.0,2691.3772305008715,0.0,0.1047670841217041,0.026638031005859375,0.5,0.0,600126.8940849303,376792.8122701212,211.28000000000046,0.0
uniform,141,55.65673241237469,21.786394809242474,4401.011519208716,2691.3772305008715,130.98271920871574,0.0,4370.0288,2691.3772305008715,100.0,0.0,0.0,2731.2680000000005,0.0,0.0,2691.3772305008715,0.0,0.09523129463195801,0.022132158279418945,0.5,0.0,604527.905604139,379484.18950062204,212.80000000000047,0.0
uniform,142,46.87517623180696,17.488068480558866,3971.141804410756,2691.3772305008715,127.09844441075444,0.0,3944.0433600000015,2691.3772305008715,100.0,0.0,0.0,2465.027100000001,0.0,0.0,2691.3772305008715,0.0,0.09539937973022461,0.026102781295776367,0.5,0.0,608499.0474085497,382175.5667311229,214.32000000000048,0.0
uniform,143,49.607366744555556,19.90676094966602,3972.7890031245443,2691.3772305008715,120.79252312454358,0.0,3951.9964800000007,2691.3772305008715,100.0,0.0,0.0,2469.9977999999996,0.0,0.0,2691.3772305008715,0.0,0.10866880416870117,0.037775516510009766,0.5,0.0,612471.8364116743,384866.94396162377,215.8400000000005,0.0
uniform,144,54.82633952012109,24.74436869653214,4405.937306361153,2691.3772305008715,137.55330636115167,0.0,4368.384000000001,2691.3772305008715,100.0,0.0,0.0,2730.2400000000007,0.0,0.0,2691.3772305008715,0.0,0.172133207321167,0.024427175521850586,0.5,0.0,616877.7737180354,387558.3211921246,217.3600000000005,0.0
uniform,145,57.445335292217685,22.38203502161649,4401.723527745294,2691.3772305008715,124.50272774529408,0.0,4377.2208,2691.3772305008715,100.0,0.0,0.0,2735.763,0.0,0.0,2691.3772305008715,0.0,0.11106753349304199,0.074554443359375,0.5,0.0,621279.4972457808,390249.6984226255,218.8800000000005,0.0
uniform,146,57.2807396718566,24.437652691867697,4376.973817379926,2691.3772305008715,121.2138173799268,0.0,4355.759999999999,2691.3772305008715,100.0,0.0,0.0,2722.3499999999995,0.0,0.0,2691.3772305008715,0.0,0.11160755157470703,0.01998162269592285,0.5,0.0,625656.4710631607,392941.07565312635,220.40000000000052,0.0
uniform,147,57.42536768690892,21.715656492142788,4398.15880024484,2691.3772305008715,133.5620002448399,0.0,4364.5968,2691.3772305008715,100.0,0.0,0.0,2727.8730000000005,0.0,0.0,2691.3772305008715,0.0,0.09324121475219727,0.046067237854003906,0.5,0.0,630054.6298634055,395632.4528836272,221.92000000000053,0.0
uniform,148,55.87313356925379,24.045761535828685,4414.015597925298,2691.3772305008715,142.2843979252977,0.0,4371.7312,2691.3772305008715,100.0,0.0,0.0,2732.3320000000003,0.0,0.0,2691.3772305008715,0.0,0.10460019111633301,0.03366994857788086,0.5,0.0,634468.6454613308,398323.83011412807,223.44000000000054,0.0
uniform,149,50.1808150596057,18.633384340551064,3955.1774181565934,2691.3772305008715,112.66621815659211,0.0,3942.5112000000013,2691.3772305008715,100.0,0.0,0.0,2464.0695000000005,0.0,0.0,2691.3772305008715,0.0,0.10007238388061523,0.03196597099304199,0.5,0.0,638423.8228794874,401015.2073446289,224.96000000000055,0.0
uniform,150,49.33714952819989,22.4168411965965,3968.1996456681977,2691.3772305008715,117.73532566819662,0.0,3950.464320000001,2691.3772305008715,100.0,0.0,0.0,2469.0402,0.0,0.0,2691.3772305008715,0.0,0.08923745155334473,0.0352168083190918,0.5,0.0,642392.0225251556,403706.5845751298,226.48000000000056,0.0
uniform,151,56.68731772866042,24.27728167143354,4395.867225724244,2691.3772305008715,146.69602572424347,0.0,4349.171200000001,2691.3772305008715,100.0,0.0,0.0,2718.232000000001,0.0,0.0,2691.3772305008715,0.0,0.1288907527923584,0.029163837432861328,0.5,0.0,646787.8897508798,406397.96180563065,228.00000000000057,0.0
uniform,152,58.273506046454344,23.88853372777856,4396.741668028048,2691.3772305008715,138.7336680280464,0.0,4358.008000000001,2691.3772305008715,100.0,0.0,0.0,2723.7549999999997,0.0,0.0,2691.3772305008715,0.0,0.10688519477844238,0.02645134925842285,0.5,0.0,651184.6314189079,409089.3390361315,229.52000000000058,0.0
uniform,153,59.155911828027946,23.204184724703445,4396.32112913043,2691.3772305008715,140.56112913043032,0.0,4355.759999999999,2691.3772305008715,100.0,0.0,0.0,2722.3499999999995,0.0,0.0,2691.3772305008715,0.0,0.10415482521057129,0.026999473571777344,0.5,0.0,655580.9525480383,411780.7162666324,231.0400000000006,0.0
uniform,154,59.01824212622245,22.192795759075228,4398.6407254355,2691.3772305008715,134.04392543549952,0.0,4364.5968,2691.3772305008715,100.0,0.0,0.0,2727.8730000000005,0.0,0.0,2691.3772305008715,0.0,0.13490533828735352,0.02552938461303711,0.5,0.0,659979.5932734738,414472.09349713323,232.5600000000006,0.0
uniform,155,57.2847582548535,24.4542266400804,4421.762551250961,2691.3772305008715,148.3289512509613,0.0,4373.4336,2691.3772305008715,100.0,0.0,0.0,2733.396,0.0,0.0,2691.3772305008715,0.0,0.12001180648803711,0.02551102638244629,0.5,0.0,664401.3558247248,417163.4707276341,234.0800000000006,0.0
uniform,156,54.037465295888126,22.767899444533818,3985.085896344351,2691.3772305008715,141.0425363443498,0.0,3944.0433600000015,2691.3772305008715,100.0,0.0,0.0,2465.027100000001,0.0,0.0,2691.3772305008715,0.0,0.10853910446166992,0.020606517791748047,0.5,0.0,668386.4417210692,419854.84795813495,235.60000000000062,0.0
uniform,157,51.16236397647976,22.313877670076575,3969.7269487246026,2691.3772305008715,133.48982872460206,0.0,3936.2371200000007,2691.3772305008715,100.0,0.0,0.0,2460.1482,0.0,0.0,2691.3772305008715,0.0,0.0984640121459961,0.02454090118408203,0.5,0.0,672356.1686697938,422546.2251886358,237.12000000000063,0.0
uniform,158,59.7238401477613,24.40032347181823,4395.502281247134,2691.3772305008715,127.11828124713374,0.0,4368.384000000001,2691.3772305008715,100.0,0.0,0.0,2730.2400000000007,0.0,0.0,2691.3772305008715,0.0,0.0895540714263916,0.023102283477783203,0.5,0.0,676751.6709510409,425237.6024191367,238.64000000000064,0.0
uniform,159,62.83053530252685,24.55053667744493,4412.7654332786715,2691.3772305008715,135.54463327867126,0.0,4377.2208,2691.3772305008715,100.0,0.0,0.0,2735.763,0.0,0.0,2691.3772305008715,0.0,0.11138463020324707,0.013019084930419922,0.5,0.0,681164.4363843196,427928.97964963753,240.16000000000065,0.0
uniform,160,58.5987893782559,21.927758965055496,4396.717694412381,2691.3772305008715,140.95769441238193,0.0,4355.759999999999,2691.3772305008715,100.0,0.0,0.0,2722.3499999999995,0.0,0.0,2691.3772305008715,0.0,0.11775326728820801,0.02292633056640625,0.5,0.0,685561.1540787319,430620.3568801384,241.68000000000066,0.0
uniform,161,61.75977671687062,24.497043004108868,4384.649476263457,2691.3772305008715,140.9678762634569,0.0,4343.6816,2691.3772305008715,100.0,0.0,0.0,2714.8009999999995,0.0,0.0,2691.3772305008715,0.0,0.09712076187133789,0.02608036994934082,0.5,0.0,689945.8035549953,433311.73411063926,243.20000000000067,0.0
uniform,162,62.122230450043084,20.803374219214703,4398.7009957739565,2691.3772305008715,126.9697957739564,0.0,4371.7312,2691.3772305008715,100.0,0.0,0.0,2732.3320000000003,0.0,0.0,2691.3772305008715,0.0,0.09353399276733398,0.02048969268798828,0.5,0.0,694344.5045507693,436003.1113411401,244.72000000000068,0.0
uniform,163,56.24948888826651,19.443175763820026,3962.99773382972,2691.3772305008715,136.24589382971854,0.0,3926.7518400000013,2691.3772305008715,100.0,0.0,0.0,2454.219900000001,0.0,0.0,2691.3772305008715,0.0,0.1210935115814209,0.02157115936279297,0.5,0.0,698307.5022845991,438694.488571641,246.2400000000007,0.0
uniform,164,56.87879118480694,22.339126377623476,3984.7707029228077,2691.3772305008715,134.3063829228067,0.0,3950.464320000001,2691.3772305008715,100.0,0.0,0.0,2469.0402,0.0,0.0,2691.3772305008715,0.0,0.08848261833190918,0.02712535858154297,0.5,0.0,702292.272987522,441385.86580214184,247.7600000000007,0.0
uniform,165,61.219687170570985,21.361518259842573,4384.599907948919,2691.3772305008715,133.72630794891862,0.0,4350.873600000001,2691.3772305008715,100.0,0.0,0.0,2719.2960000000007,0.0,0.0,2691.3772305008715,0.0,0.12561297416687012,0.02774524688720703,0.5,0.0,706676.8728954708,444077.2430326427,249.2800000000007,0.0
uniform,166,61.45049377696767,24.15257853326547,4412.732658112568,2691.3772305008715,153.02225811256818,0.0,4359.7104,2691.3772305008715,100.0,0.0,0.0,2724.819,0.0,0.0,2691.3772305008715,0.0,0.10750102996826172,0.029165267944335938,0.5,0.0,711089.6055535834,446768.62026314356,250.80000000000072,0.0
uniform,167,61.095087016692595,22.070533101313764,4392.946066469056,2691.3772305008715,137.18606646905627,0.0,4355.759999999999,2691.3772305008715,100.0,0.0,0.0,2722.3499999999995,0.0,0.0,2691.3772305008715,0.0,0.09964275360107422,0.022133827209472656,0.5,0.0,715482.5516200524,449459.9974936444,252.32000000000073,0.0
uniform,168,63.120279229465986,21.887574860256564,4390.282951182261,2691.3772305008715,146.60135118226106,0.0,4343.6816,2691.3772305008715,100.0,0.0,0.0,2714.8009999999995,0.0,0.0,2691.3772305008715,0.0,0.1033167839050293,0.025538206100463867,0.5,0.0,719872.8345712346,452151.3747241453,253.84000000000074,0.0
uniform,169,62.083245668849976,24.161703700222404,4430.807435397358,2691.3772305008715,157.37383539735765,0.0,4373.4336,2691.3772305008715,100.0,0.0,0.0,2733.396,0.0,0.0,2691.3772305008715,0.0,0.11154055595397949,0.022211790084838867,0.5,0.0,724303.642006632,454842.75195464614,255.36000000000075,0.0
uniform,170,53.71403248739431,19.09422472623007,3970.101738292687,2691.3772305008715,126.05837829268536,0.0,3944.0433600000015,2691.3772305008715,100.0,0.0,0.0,2465.027100000001,0.0,0.0,2691.3772305008715,0.0,0.10124993324279785,0.027080297470092773,0.5,0.0,728273.7437449248,457534.129185147,256.88000000000073,0.0
uniform,171,55.13348153286514,19.396543526400574,3977.9309641528075,2691.3772305008715,125.93448415280679,0.0,3951.9964800000007,2691.3772305008715,100.0,0.0,0.0,2469.9977999999996,0.0,0.0,2691.3772305008715,0.0,0.09163117408752441,0.025002241134643555,0.5,0.0,732251.6747090776,460225.50641564786,258.4000000000007,0.0
uniform,172,65.23109419914344,21.494358946740796,4393.610807499053,2691.3772305008715,146.1420074990519,0.0,4347.4688000000015,2691.3772305008715,100.0,0.0,0.0,2717.1680000000006,0.0,0.0,2691.3772305008715,0.0,0.18944048881530762,0.027835369110107422,0.5,0.0,736645.2855165766,462916.8836461487,259.9200000000007,0.0
uniform,173,63.87649764135225,22.79001898103333,4402.895439628982,2691.3772305008715,146.58983962898256,0.0,4356.3056,2691.3772305008715,100.0,0.0,0.0,2722.6910000000003,0.0,0.0,2691.3772305008715,0.0,0.10369467735290527,0.026170015335083008,0.5,0.0,741048.1809562056,465608.2608766496,261.4400000000007,0.0
uniform,174,65.8050137334734,21.512821626007423,4382.512453959243,2691.3772305008715,144.26285395924307,0.0,4338.2496,2691.3772305008715,100.0,0.0,0.0,2711.4059999999995,0.0,0.0,2691.3772305008715,0.0,0.10826373100280762,0.022187232971191406,0.5,0.0,745430.6934101648,468299.63810715044,262.96000000000066,0.0
uniform,175,63.93778206822773,22.1062178413134,4411.194293732837,2691.3772305008715,148.29989373283675,0.0,4362.8944,2691.3772305008715,100.0,0.0,0.0,2726.8089999999993,0.0,0.0,2691.3772305008715,0.0,0.09262990951538086,0.02558755874633789,0.5,0.0,749841.8877038977,470991.0153376513,264.48000000000064,0.0
uniform,176,62.386669041931036,21.562395111526513,4404.349230130496,2691.3772305008715,130.91563013049586,0.0,4373.4336,2691.3772305008715,100.0,0.0,0.0,2733.396,0.0,0.0,2691.3772305008715,0.0,0.09420371055603027,0.02610301971435547,0.5,0.0,754246.2369340282,473682.39256815217,266.0000000000006,0.0
uniform,177,58.298417239524305,19.176523121121516,3970.6099349876804,2691.3772305008715,128.09873498767897,0.0,3942.5112000000013,2691.3772305008715,100.0,0.0,0.0,2464.0695000000005,0.0,0.0,2691.3772305008715,0.0,0.12092757225036621,0.023273944854736328,0.5,0.0,758216.846869016,476373.769798653,267.5200000000006,0.0
uniform,178,59.41522926945256,21.06544790619253,3974.4193494967108,2691.3772305008715,142.77870949670995,0.0,3931.640640000001,2691.3772305008715,100.0,0.0,0.0,2457.2754,0.0,0.0,2691.3772305008715,0.0,0.1130666732788086,0.02300262451171875,0.5,0.0,762191.2662185127,479065.1470291539,269.0400000000006,0.0
uniform,179,66.0296587233803,24.570236950537495,4433.24988843391,2691.3772305008715,182.3762884339098,0.0,4350.873600000001,2691.3772305008715,100.0,0.0,0.0,2719.2960000000007,0.0,0.0,2691.3772305008715,0.0,0.14846587181091309,0.028624534606933594,0.5,0.0,766624.5161069466,481756.52425965475,270.56000000000057,0.0
uniform,180,65.610394469496,23.500836817935195,4412.1026791448585,2691.3772305008715,136.58427914485844,0.0,4375.5184,2691.3772305008715,100.0,0.0,0.0,2734.699,0.0,0.0,2691.3772305008715,0.0,0.11528801918029785,0.028771638870239258,0.5,0.0,771036.6187860915,484447.9014901556,272.08000000000055,0.0
uniform,181,69.10753657379082,24.84304180565935,4426.8626820675945,2691.3772305008715,171.10268206759494,0.0,4355.759999999999,2691.3772305008715,100.0,0.0,0.0,2722.3499999999995,0.0,0.0,2691.3772305008715,0.0,0.10411858558654785,0.023659229278564453,0.5,0.0,775463.481468159,487139.27872065647,273.60000000000053,0.0
uniform,182,67.80321109234661,23.045232004530916,4395.491150104484,2691.3772305008715,150.1071501044838,0.0,4345.384000000001,2691.3772305008715,100.0,0.0,0.0,2715.865,0.0,0.0,2691.3772305008715,0.0,0.10338115692138672,0.014002084732055664,0.5,0.0,779858.9726182634,489830.6559511573,275.1200000000005,0.0
uniform,183,67.63739347547047,21.56063740979482,4416.552336163361,2691.3772305008715,143.11873616336138,0.0,4373.4336,2691.3772305008715,100.0,0.0,0.0,2733.396,0.0,0.0,2691.3772305008715,0.0,0.10829782485961914,0.0223388671875,0.5,0.0,784275.5249544268,492522.0331816582,276.6400000000005,0.0
uniform,184,60.90873342515963,23.39393602525782,3975.9291649437173,2691.3772305008715,150.70948494371643,0.0,3925.219680000001,2691.3772305008715,100.0,0.0,0.0,2453.2623000000012,0.0,0.0,2691.3772305008715,0.0,0.09528684616088867,0.016057491302490234,0.5,0.0,788251.4541193706,495213.41041215905,278.1600000000005,0.0
uniform,185,64.39650229598227,20.200283503059946,3988.4998174777584,2691.3772305008715,156.85917747775719,0.0,3931.640640000001,2691.3772305008715,100.0,0.0,0.0,2457.2754,0.0,0.0,2691.3772305008715,0.0,0.10980892181396484,0.026401758193969727,0.5,0.0,792239.9539368483,497904.7876426599,279.68000000000046,0.0
uniform,186,72.91439051811676,24.412990720637453,4405.695748372552,2691.3772305008715,153.11974837255082,0.0,4352.576000000001,2691.3772305008715,100.0,0.0,0.0,2720.3600000000006,0.0,0.0,2691.3772305008715,0.0,0.1484060287475586,0.026015043258666992,0.5,0.0,796645.6496852209,500596.1648731608,281.20000000000044,0.0
uniform,187,71.08677553908332,22.97461524898611,4411.454421458476,2691.3772305008715,150.04162145847582,0.0,4361.4128,2691.3772305008715,100.0,0.0,0.0,2725.883,0.0,0.0,2691.3772305008715,0.0,0.1154932975769043,0.01861715316772461,0.5,0.0,801057.1041066794,503287.54210366163,282.7200000000004,0.0
uniform,188,67.1192151031503,21.148690033457047,4408.029087398113,2691.3772305008715,152.26908739811407,0.0,4355.759999999999,2691.3772305008715,100.0,0.0,0.0,2722.3499999999995,0.0,0.0,2691.3772305008715,0.0,0.09216713905334473,0.021059513092041016,0.5,0.0,805465.1331940775,505978.9193341625,284.2400000000004,0.0
uniform,189,70.43912578346031,24.27910692593236,4406.179214570558,2691.3772305008715,164.20001457055736,0.0,4341.979200000001,2691.3772305008715,100.0,0.0,0.0,2713.737,0.0,0.0,2691.3772305008715,0.0,0.1075127124786377,0.021039485931396484,0.5,0.0,809871.3124086481,508670.29656466335,285.7600000000004,0.0
uniform,190,67.13854558328812,22.65840195572177,4421.0852170910075,2691.3772305008715,149.35401709100697,0.0,4371.7312,2691.3772305008715,100.0,0.0,0.0,2732.3320000000003,0.0,0.0,2691.3772305008715,0.0,0.09013700485229492,0.02666187286376953,0.5,0.0,814292.3976257391,511361.6737951642,287.28000000000037,0.0
uniform,191,61.089734155337474,20.537169200363834,3969.8184104715533,2691.3772305008715,128.83937047155214,0.0,3940.979040000001,2691.3772305008715,100.0,0.0,0.0,2463.111900000001,0.0,0.0,2691.3772305008715,0.0,0.11540484428405762,0.021619558334350586,0.5,0.0,818262.2160362107,514053.0510256651,288.80000000000035,0.0
uniform,192,63.662491340690956,21.932551324066242,3974.2811607124663,2691.3772305008715,142.64052071246536,0.0,3931.640640000001,2691.3772305008715,100.0,0.0,0.0,2457.2754,0.0,0.0,2691.3772305008715,0.0,0.098388671875,0.027027368545532227,0.5,0.0,822236.4971969231,516744.42825616593,290.32000000000033,0.0
uniform,193,70.27309508983275,24.019005274349087,4414.398728153939,2691.3772305008715,146.0147281539381,0.0,4368.384000000001,2691.3772305008715,100.0,0.0,0.0,2730.2400000000007,0.0,0.0,2691.3772305008715,0.0,0.14138412475585938,0.02083754539489746,0.5,0.0,826650.895925077,519435.8054866668,291.8400000000003,0.0
uniform,194,70.02827577625989,21.51019714876259,4426.429663925622,2691.3772305008715,149.20886392562127,0.0,4377.2208,2691.3772305008715,100.0,0.0,0.0,2735.763,0.0,0.0,2691.3772305008715,0.0,0.09732460975646973,0.023521900177001953,0.5,0.0,831077.3255890027,522127.18271716766,293.3600000000003,0.0
uniform,195,72.32580441960101,24.31519022182215,4419.264703994977,2691.3772305008715,182.71750399497685,0.0,4336.5472,2691.3772305008715,100.0,0.0,0.0,2710.3419999999996,0.0,0.0,2691.3772305008715,0.0,0.11306500434875488,0.025050640106201172,0.5,0.0,835496.5902929977,524818.5599476686,294.8800000000003,0.0
uniform,196,74.26111979640984,19.780798052886336,4401.044702339694,2691.3772305008715,155.66070233969282,0.0,4345.384000000001,2691.3772305008715,100.0,0.0,0.0,2715.865,0.0,0.0,2691.3772305008715,0.0,0.09375262260437012,0.02539801597595215,0.5,0.0,839897.6349953373,527509.9371781695,296.40000000000026,0.0
uniform,197,71.45095553392356,24.238409799896882,4433.8962158146305,2691.3772305008715,179.67541581463038,0.0,4354.2208,2691.3772305008715,100.0,0.0,0.0,2721.3880000000004,0.0,0.0,2691.3772305008715,0.0,0.10324454307556152,0.030799388885498047,0.5,0.0,844331.531211152,530201.3144086704,297.92000000000024,0.0
uniform,198,64.96544313941659,18.005468968428023,3973.327444186287,2691.3772305008715,149.63992418628544,0.0,3923.6875200000013,2691.3772305008715,100.0,0.0,0.0,2452.304700000001,0.0,0.0,2691.3772305008715,0.0,0.11397433280944824,0.02434825897216797,0.5,0.0,848304.8586553383,532892.6916391713,299.4400000000002,0.0
uniform,199,66.26418103300598,20.075113841569877,4004.9737896432043,2691.3772305008715,152.9773096432034,0.0,3951.9964800000007,2691.3772305008715,100.0,0.0,0.0,2469.9977999999996,0.0,0.0,2691.3772305008715,0.0,0.12059259414672852,0.027284622192382812,0.5,0.0,852309.8324449814,535584.0688696723,300.9600000000002,0.0
uniform,200,73.86155383057145,23.464294691434056,4423.196202772101,2691.3772305008715,154.8122027720997,0.0,4368.384000000001,2691.3772305008715,100.0,0.0,0.0,2730.2400000000007,0.0,0.0,2691.3772305008715,0.0,0.10282611846923828,0.02215743064880371,0.5,0.0,856733.0286477535,538275.4461001732,302.4800000000002,0.0
uniform,201,75.16702471845572,22.600775897201004,4428.5460838554,2691.3772305008715,170.53808385539904,0.0,4358.008000000001,2691.3772305008715,100.0,0.0,0.0,2723.7549999999997,0.0,0.0,2691.3772305008715,0.0,0.11010074615478516,0.026623249053955078,0.5,0.0,861161.574731609,540966.8233306741,304.00000000000017,0.0
uniform,202,76.22836388852572,25.58531388822953,4420.43288464582,2691.3772305008715,164.67288464582126,0.0,4355.759999999999,2691.3772305008715,100.0,0.0,0.0,2722.3499999999995,0.0,0.0,2691.3772305008715,0.0,0.10250735282897949,0.015913009643554688,0.5,0.0,865582.0076162547,543658.200561175,305.52000000000015,0.0
uniform,203,74.33966639714576,22.68157747349098,4422.345569089779,2691.3772305008715,178.6639690897791,0.0,4343.6816,2691.3772305008715,100.0,0.0,0.0,2714.8009999999995,0.0,0.0,2691.3772305008715,0.0,0.09852886199951172,0.025921344757080078,0.5,0.0,870004.3531853445,546349.5777916759,307.04000000000013,0.0
uniform,204,75.87820261182219,24.36118331240573,4440.654762266229,2691.3772305008715,189.83876226622965,0.0,4350.816,2691.3772305008715,100.0,0.0,0.0,2719.26,0.0,0.0,2691.3772305008715,0.0,0.10342216491699219,0.019486665725708008,0.5,0.0,874445.0079476107,549040.9550221768,308.5600000000001,0.0
uniform,205,69.66710545558354,20.629350756877724,3987.9693168886347,2691.3772305008715,143.92595688863335,0.0,3944.0433600000015,2691.3772305008715,100.0,0.0,0.0,2465.027100000001,0.0,0.0,2691.3772305008715,0.0,0.10606503486633301,0.02753448486328125,0.5,0.0,878432.9772644993,551732.3322526778,310.0800000000001,0.0
uniform,206,69.47570124616813,20.946778564391515,3977.125919916326,2691.3772305008715,145.48527991632508,0.0,3931.640640000001,2691.3772305008715,100.0,0.0,0.0,2457.2754,0.0,0.0,2691.3772305008715,0.0,0.10002589225769043,0.01926565170288086,0.5,0.0,882410.1031844156,554423.7094831787,311.6000000000001,0.0
uniform,207,77.12572411695417,22.26948479512534,4431.890396532894,2691.3772305008715,179.3143965328929,0.0,4352.576000000001,2691.3772305008715,100.0,0.0,0.0,2720.3600000000006,0.0,0.0,2691.3772305008715,0.0,0.11157488822937012,0.03809762001037598,0.5,0.0,886841.9935809486,557115.0867136796,313.12000000000006,0.0
uniform,208,76.70671369473838,23.776666991110393,4429.1514166131055,2691.3772305008715,151.93061661310503,0.0,4377.2208,2691.3772305008715,100.0,0.0,0.0,2735.763,0.0,0.0,2691.3772305008715,0.0,0.12050294876098633,0.025691509246826172,0.5,0.0,891271.1449975617,559806.4639441805,314.64000000000004,0.0
uniform,209,81.80321136307873,23.290265281214126,4432.818190536656,2691.3772305008715,177.05819053665687,0.0,4355.759999999999,2691.3772305008715,100.0,0.0,0.0,2722.3499999999995,0.0,0.0,2691.3772305008715,0.0,0.09427547454833984,0.021847963333129883,0.5,0.0,895703.9631880984,562497.8411746814,316.16,0.0
uniform,210,78.6036606354538,25.064270704086745,4439.315440682607,2691.3772305008715,195.6338406826067,0.0,4343.6816,2691.3772305008715,100.0,0.0,0.0,2714.8009999999995,0.0,0.0,2691.3772305008715,0.0,0.10925841331481934,0.027065753936767578,0.5,0.0,900143.278628781,565189.2184051824,317.68,0.0
uniform,211,80.49998203503635,18.933623907873827,4426.85060942067,2691.3772305008715,170.92740942066922,0.0,4355.9232,2691.3772305008715,100.0,0.0,0.0,2722.452,0.0,0.0,2691.3772305008715,0.0,0.07497859001159668,0.023052453994750977,0.5,0.0,904570.1292382017,567880.5956356833,319.2,0.0
uniform,212,71.16707104317659,17.037203111271484,3982.274445679236,2691.3772305008715,141.2954056792351,0.0,3940.979040000001,2691.3772305008715,100.0,0.0,0.0,2463.111900000001,0.0,0.0,2691.3772305008715,0.0,0.11701107025146484,0.015014171600341797,0.5,0.0,908552.4036838809,570571.9728661842,320.71999999999997,0.0
uniform,213,69.75134630215267,22.129738399557635,4000.7110136834826,2691.3772305008715,150.24669368348188,0.0,3950.464320000001,2691.3772305008715,100.0,0.0,0.0,2469.0402,0.0,0.0,2691.3772305008715,0.0,0.10056138038635254,0.02637958526611328,0.5,0.0,912553.1146975644,573263.3500966851,322.23999999999995,0.0
uniform,214,78.94647962245057,22.735818821903937,4431.220875258853,2691.3772305008715,182.04967525885206,0.0,4349.171200000001,2691.3772305008715,100.0,0.0,0.0,2718.232000000001,0.0,0.0,2691.3772305008715,0.0,0.10948991775512695,0.022650957107543945,0.5,0.0,916984.3355728233,575954.727327186,323.75999999999993,0.0
uniform,215,79.69218979253121,24.853549999437558,4452.122168533413,2691.3772305008715,174.90136853341264,0.0,4377.2208,2691.3772305008715,100.0,0.0,0.0,2735.763,0.0,0.0,2691.3772305008715,0.0,0.11259961128234863,0.024039745330810547,0.5,0.0,921436.4577413567,578646.104557687,325.2799999999999,0.0
uniform,216,80.68526400750473,20.873818116458107,4438.142747286266,2691.3772305008715,182.38274728626664,0.0,4355.759999999999,2691.3772305008715,100.0,0.0,0.0,2722.3499999999995,0.0,0.0,2691.3772305008715,0.0,0.12189841270446777,0.02005743980407715,0.5,0.0,925874.6004886429,581337.4817881879,326.7999999999999,0.0
uniform,217,79.33466149503745,22.534710003184745,4436.254712601341,2691.3772305008715,171.65791260134154,0.0,4364.5968,2691.3772305008715,100.0,0.0,0.0,2727.8730000000005,0.0,0.0,2691.3772305008715,0.0,0.079742431640625,0.020546674728393555,0.5,0.0,930310.8552012442,584028.8590186888,328.3199999999999,0.0
uniform,218,80.25261145838502,24.711053474938414,4432.169847209445,2691.3772305008715,176.24664720944443,0.0,4355.9232,2691.3772305008715,100.0,0.0,0.0,2722.452,0.0,0.0,2691.3772305008715,0.0,0.11397552490234375,0.022527456283569336,0.5,0.0,934743.0250484537,586720.2362491897,329.83999999999986,0.0
uniform,219,72.52409420616554,21.334799077247645,4001.48808160315,2691.3772305008715,157.44472160314882,0.0,3944.0433600000015,2691.3772305008715,100.0,0.0,0.0,2465.027100000001,0.0,0.0,2691.3772305008715,0.0,0.10835146903991699,0.02105712890625,0.5,0.0,938744.5131300569,589411.6134796906,331.35999999999984,0.0
uniform,220,73.18503352887042,22.38643120524184,4014.5415480466363,2691.3772305008715,162.54506804663558,0.0,3951.9964800000007,2691.3772305008715,100.0,0.0,0.0,2469.9977999999996,0.0,0.0,2691.3772305008715,0.0,0.10700368881225586,0.026561737060546875,0.5,0.0,942759.0546781035,592102.9907101915,332.8799999999998,0.0
uniform,221,83.41454036304863,22.976168288075804,4436.869245245144,2691.3772305008715,170.18764524514344,0.0,4366.681600000001,2691.3772305008715,100.0,0.0,0.0,2729.1760000000004,0.0,0.0,2691.3772305008715,0.0,0.12003731727600098,0.024108171463012695,0.5,0.0,947195.9239233487,594794.3679406925,334.3999999999998,0.0
uniform,222,84.9911160564511,21.92605323957532,4441.522669824442,2691.3772305008715,186.91946982444196,0.0,4354.6032000000005,2691.3772305008715,100.0,0.0,0.0,2721.627,0.0,0.0,2691.3772305008715,0.0,0.11945748329162598,0.02629685401916504,0.5,0.0,951637.4465931731,597485.7451711934,335.9199999999998,0.0
uniform,223,82.87666822740407,22.910541786282657,4426.503787234214,2691.3772305008715,189.9565872342139,0.0,4336.5472,2691.3772305008715,100.0,0.0,0.0,2710.3419999999996,0.0,0.0,2691.3772305008715,0.0,0.11222505569458008,0.020113229751586914,0.5,0.0,956063.9503804073,600177.1224016943,337.43999999999977,0.0
uniform,224,84.88548182093353,23.013732973873935,4444.990397305354,2691.3772305008715,180.39359730535364,0.0,4364.5968,2691.3772305008715,100.0,0.0,0.0,2727.8730000000005,0.0,0.0,2691.3772305008715,0.0,0.12199163436889648,0.025730609893798828,0.5,0.0,960508.9407777126,602868.4996321952,338.95999999999975,0.0
uniform,225,83.5869581133221,20.895749651940154,4434.746250607755,2691.3772305008715,163.0150506077548,0.0,4371.7312,2691.3772305008715,100.0,0.0,0.0,2732.3320000000003,0.0,0.0,2691.3772305008715,0.0,0.11354970932006836,0.023059368133544922,0.5,0.0,964943.6870283204,605559.8768626961,340.47999999999973,0.0
uniform,226,77.09530981475741,20.88301721622349,3987.6916285100933,2691.3772305008715,145.18042851009187,0.0,3942.5112000000013,2691.3772305008715,100.0,0.0,0.0,2464.0695000000005,0.0,0.0,2691.3772305008715,0.0,0.11937856674194336,0.023825407028198242,0.5,0.0,968931.3786568305,608251.254093197,341.9999999999997,0.0
uniform,227,75.27074084518883,19.713568189845162,4000.1837615947416,2691.3772305008715,165.47880159474025,0.0,3934.704960000001,2691.3772305008715,100.0,0.0,0.0,2459.1906000000004,0.0,0.0,2691.3772305008715,0.0,0.092681884765625,0.02015852928161621,0.5,0.0,972931.5624184252,610942.631323698,343.5199999999997,0.0
uniform,228,84.2937320143834,20.424489438787756,4438.2126387495355,2691.3772305008715,190.7438387495341,0.0,4347.4688000000015,2691.3772305008715,100.0,0.0,0.0,2717.1680000000006,0.0,0.0,2691.3772305008715,0.0,0.10300660133361816,0.027677536010742188,0.5,0.0,977369.7750571747,613634.0085541989,345.0399999999997,0.0
uniform,229,84.89367479375393,20.709826052407884,4447.302207114237,2691.3772305008715,187.59180711423718,0.0,4359.7104,2691.3772305008715,100.0,0.0,0.0,2724.819,0.0,0.0,2691.3772305008715,0.0,0.09617781639099121,0.02701592445373535,0.5,0.0,981817.077264289,616325.3857846998,346.55999999999966,0.0
uniform,230,88.46501449390422,27.347272545546364,4432.980523075823,2691.3772305008715,194.73092307582246,0.0,4338.2496,2691.3772305008715,100.0,0.0,0.0,2711.4059999999995,0.0,0.0,2691.3772305008715,0.0,0.10478878021240234,0.024196863174438477,0.5,0.0,986250.0577873648,619016.7630152007,348.07999999999964,0.0
uniform,231,88.78991491053712,25.05061904001668,4438.850867341212,2691.3772305008715,193.46686734121076,0.0,4345.384000000001,2691.3772305008715,100.0,0.0,0.0,2715.865,0.0,0.0,2691.3772305008715,0.0,0.09025859832763672,0.02287459373474121,0.5,0.0,990688.908654706,621708.1402457017,349.5999999999996,0.0
uniform,232,84.34409027993597,24.02585679042642,4444.148075284511,2691.3772305008715,189.92727528451084,0.0,4354.2208,2691.3772305008715,100.0,0.0,0.0,2721.3880000000004,0.0,0.0,2691.3772305008715,0.0,0.12362265586853027,0.024800777435302734,0.5,0.0,995133.0567299905,624399.5174762026,351.1199999999996,0.0
uniform,233,80.16942590497666,21.351022102089512,3988.214643658649,2691.3772305008715,148.76776365864765,0.0,3939.4468800000013,2691.3772305008715,100.0,0.0,0.0,2462.154300000001,0.0,0.0,2691.3772305008715,0.0,0.12160634994506836,0.025810956954956055,0.5,0.0,999121.2713736491,627090.8947067035,352.6399999999996,0.0
uniform,234,80.93097097381752,21.87044849713116,4015.0536844507424,2691.3772305008715,163.0572044507418,0.0,3951.9964800000007,2691.3772305008715,100.0,0.0,0.0,2469.9977999999996,0.0,0.0,2691.3772305008715,0.0,0.09495973587036133,0.022417068481445312,0.5,0.0,1003136.3250580998,629782.2719372044,354.15999999999957,0.0
uniform,235,90.16215652691652,22.032637217114807,4446.895430169295,2691.3772305008715,178.51143016929416,0.0,4368.384000000001,2691.3772305008715,100.0,0.0,0.0,2730.2400000000007,0.0,0.0,2691.3772305008715,0.0,0.09096670150756836,0.022924184799194336,0.5,0.0,1007583.2204882691,632473.6491677053,355.67999999999955,0.0
uniform,236,89.85759965681564,19.52090896940532,4459.7322382877255,2691.3772305008715,182.5114382877259,0.0,4377.2208,2691.3772305008715,100.0,0.0,0.0,2735.763,0.0,0.0,2691.3772305008715,0.0,0.10509824752807617,0.02801966667175293,0.5,0.0,1012042.9527265568,635165.0263982062,357.19999999999953,0.0
uniform,237,88.46347809801284,20.990200385194644,4426.672828721511,2691.3772305008715,170.91282872151174,0.0,4355.759999999999,2691.3772305008715,100.0,0.0,0.0,2722.3499999999995,0.0,0.0,2691.3772305008715,0.0,0.11667203903198242,0.023642539978027344,0.5,0.0,1016469.6255552783,637856.4036287072,358.7199999999995,0.0
uniform,238,91.52328704600946,23.90787531788533,4463.036381452497,2691.3772305008715,215.949981452497,0.0,4347.0864,2691.3772305008715,100.0,0.0,0.0,2716.929,0.0,0.0,2691.3772305008715,0.0,0.1148524284362793,0.025810718536376953,0.5,0.0,1020932.6619367307,640547.7808592081,360.2399999999995,0.0
uniform,239,92.57678459690737,19.91384434728242,4441.276488752223,2691.3772305008715,190.46048875222246,0.0,4350.816,2691.3772305008715,100.0,0.0,0.0,2719.26,0.0,0.0,2691.3772305008715,0.0,0.11155056953430176,0.01800990104675293,0.5,0.0,1025373.938425483,643239.158089709,361.7599999999995,0.0
uniform,240,80.96556862702896,18.702788108699057,3998.8703437431095,2691.3772305008715,172.11850374310836,0.0,3926.7518400000013,2691.3772305008715,100.0,0.0,0.0,2454.219900000001,0.0,0.0,2691.3772305008715,0.0,0.1141805648803711,0.031122684478759766,0.5,0.0,1029372.8087692261,645930.5353202099,363.27999999999946,0.0
uniform,241,80.57278543384025,16.87480313618073,4000.3287888420564,2691.3772305008715,148.33230884205523,0.0,3951.9964800000007,2691.3772305008715,100.0,0.0,0.0,2469.9977999999996,0.0,0.0,2691.3772305008715,0.0,0.09709405899047852,0.02568340301513672,0.5,0.0,1033373.1375580681,648621.9125507108,364.79999999999944,0.0
uniform,242,90.97204208996767,25.78699334250964,4453.815908074538,2691.3772305008715,204.64470807453702,0.0,4349.171200000001,2691.3772305008715,100.0,0.0,0.0,2718.232000000001,0.0,0.0,2691.3772305008715,0.0,0.192596435546875,0.025118589401245117,0.5,0.0,1037826.9534661426,651313.2897812118,366.3199999999994,0.0
uniform,243,93.54669654038985,22.87856743779303,4454.09802969873,2691.3772305008715,197.79242969873013,0.0,4356.3056,2691.3772305008715,100.0,0.0,0.0,2722.6910000000003,0.0,0.0,2691.3772305008715,0.0,0.11955857276916504,0.027997970581054688,0.5,0.0,1042281.0514958414,654004.6670117127,367.8399999999994,0.0
uniform,244,92.30080929022358,23.62637994118057,4444.96155748524,2691.3772305008715,190.9039574852406,0.0,4354.057599999999,2691.3772305008715,100.0,0.0,0.0,2721.2859999999996,0.0,0.0,2691.3772305008715,0.0,0.11611032485961914,0.02306056022644043,0.5,0.0,1046726.0130533266,656696.0442422136,369.3599999999994,0.0
uniform,245,90.24680202180939,21.73849141629442,4455.455022060656,2691.3772305008715,192.56062206065553,0.0,4362.8944,2691.3772305008715,100.0,0.0,0.0,2726.8089999999993,0.0,0.0,2691.3772305008715,0.0,0.13866329193115234,0.021058082580566406,0.5,0.0,1051181.4680753872,659387.4214727145,370.87999999999937,0.0
uniform,246,94.62163452947846,26.116232687698133,4461.291733825653,2691.3772305008715,189.56053382565247,0.0,4371.7312,2691.3772305008715,100.0,0.0,0.0,2732.3320000000003,0.0,0.0,2691.3772305008715,0.0,0.10874748229980469,0.020537137985229492,0.5,0.0,1055642.7598092128,662078.7987032154,372.39999999999935,0.0
uniform,247,83.23722394124384,18.677784010296165,4007.1621762587793,2691.3772305008715,164.65097625877792,0.0,3942.5112000000013,2691.3772305008715,100.0,0.0,0.0,2464.0695000000005,0.0,0.0,2691.3772305008715,0.0,0.10870981216430664,0.02699732780456543,0.5,0.0,1059649.9219854716,664770.1759337164,373.91999999999933,0.0
uniform,248,81.96593440785772,18.275953253347865,4010.6772062889013,2691.3772305008715,161.74504628890054,0.0,3948.9321600000007,2691.3772305008715,100.0,0.0,0.0,2468.0826,0.0,0.0,2691.3772305008715,0.0,0.09880304336547852,0.020998477935791016,0.5,0.0,1063660.5991917604,667461.5531642173,375.4399999999993,0.0
uniform,249,91.63068571762524,24.05925068392158,4471.602126504639,2691.3772305008715,222.43092650463842,0.0,4349.171200000001,2691.3772305008715,100.0,0.0,0.0,2718.232000000001,0.0,0.0,2691.3772305008715,0.0,0.1199941635131836,0.02454376220703125,0.5,0.0,1068132.201318265,670152.9303947182,376.9599999999993,0.0
uniform,250,94.04307611621141,23.67109665974906,4450.16267880286,2691.3772305008715,188.74987880285997,0.0,4361.4128,2691.3772305008715,100.0,0.0,0.0,2725.883,0.0,0.0,2691.3772305008715,0.0,0.09863758087158203,0.023059844970703125,0.5,0.0,1072582.3639970678,672844.3076252191,378.4799999999993,0.0
uniform,251,93.98507856350938,21.957730783025347,4436.828510258338,2691.3772305008715,184.47331025833796,0.0,4352.3552,2691.3772305008715,100.0,0.0,0.0,2720.2219999999993,0.0,0.0,2691.3772305008715,0.0,0.10832357406616211,0.025098323822021484,0.5,0.0,1077019.1925073261,675535.68485572,379.99999999999926,0.0
uniform,252,94.498245163913,20.998824630532194,4445.7966943559295,2691.3772305008715,198.7102943559291,0.0,4347.0864,2691.3772305008715,100.0,0.0,0.0,2716.929,0.0,0.0,2691.3772305008715,0.0,0.13619494438171387,0.02103257179260254,0.5,0.0,1081464.9892016822,678227.062086221,381.51999999999924,0.0
uniform,253,90.73077794292023,22.765639694755023,4454.353218847356,2691.3772305008715,201.8348188473568,0.0,4352.5184,2691.3772305008715,100.0,0.0,0.0,2720.3240000000005,0.0,0.0,2691.3772305008715,0.0,0.11442160606384277,0.019002676010131836,0.5,0.0,1085919.3424205296,680918.4393167219,383.0399999999992,0.0
uniform,254,86.96525604470567,19.94452012224757,4007.4777927752084,2691.3772305008715,164.96659277520735,0.0,3942.5112000000013,2691.3772305008715,100.0,0.0,0.0,2464.0695000000005,0.0,0.0,2691.3772305008715,0.0,0.11111950874328613,0.02899646759033203,0.5,0.0,1089926.8202133048,683609.8165472228,384.5599999999992,0.0
uniform,255,88.03474561561461,20.540611646262047,4019.0987890989036,2691.3772305008715,168.63446909890277,0.0,3950.464320000001,2691.3772305008715,100.0,0.0,0.0,2469.0402,0.0,0.0,2691.3772305008715,0.0,0.10216212272644043,0.027378559112548828,0.5,0.0,1093945.9190024037,686301.1937777237,386.0799999999992,0.0
uniform,256,95.61854811498544,22.86994348272615,4443.396633230377,2691.3772305008715,195.92783323037577,0.0,4347.4688000000015,2691.3772305008715,100.0,0.0,0.0,2717.1680000000006,0.0,0.0,2691.3772305008715,0.0,0.11303019523620605,0.021001815795898438,0.5,0.0,1098389.3156356341,688992.5710082246,387.59999999999917,0.0
uniform,257,95.84009609419581,21.611055895079513,4447.222944301758,2691.3772305008715,185.810144301758,0.0,4361.4128,2691.3772305008715,100.0,0.0,0.0,2725.883,0.0,0.0,2691.3772305008715,0.0,0.11138367652893066,0.028018712997436523,0.5,0.0,1102836.538579936,691683.9482387255,389.11999999999915,0.0
uniform,258,97.00127917814854,23.41812086543842,4437.655534826336,2691.3772305008715,183.59793482633722,0.0,4354.057599999999,2691.3772305008715,100.0,0.0,0.0,2721.2859999999996,0.0,0.0,2691.3772305008715,0.0,0.11451458930969238,0.027098894119262695,0.5,0.0,1107274.1941147624,694375.3254692265,390.63999999999913,0.0
uniform,259,95.58346017315306,22.273946065831282,4459.678627961783,2691.3772305008715,196.78422796178296,0.0,4362.8944,2691.3772305008715,100.0,0.0,0.0,2726.8089999999993,0.0,0.0,2691.3772305008715,0.0,0.10905098915100098,0.02201056480407715,0.5,0.0,1111733.8727427241,697066.7026997274,392.1599999999991,0.0
uniform,260,97.15403959963383,25.340035721347224,4469.214083942986,2691.3772305008715,218.39808394298623,0.0,4350.816,2691.3772305008715,100.0,0.0,0.0,2719.26,0.0,0.0,2691.3772305008715,0.0,0.1033315658569336,0.011981725692749023,0.5,0.0,1116203.0868266672,699758.0799302283,393.6799999999991,0.0
uniform,261,86.29101336419622,22.47659420492121,4023.414089859265,2691.3772305008715,179.3707298592637,0.0,3944.0433600000015,2691.3772305008715,100.0,0.0,0.0,2465.027100000001,0.0,0.0,2691.3772305008715,0.0,0.11053705215454102,0.024732589721679688,0.5,0.0,1120226.5009165264,702449.4571607292,395.1999999999991,0.0
uniform,262,88.01951304722634,20.01946273177169,4019.2036268460915,2691.3772305008715,187.56298684609055,0.0,3931.640640000001,2691.3772305008715,100.0,0.0,0.0,2457.2754,0.0,0.0,2691.3772305008715,0.0,0.1041867733001709,0.032004356384277344,0.5,0.0,1124245.7045433726,705140.8343912301,396.71999999999906,0.0
uniform,263,96.15877211030663,22.9674345754542,4448.077135582995,2691.3772305008715,200.60833558299308,0.0,4347.4688000000015,2691.3772305008715,100.0,0.0,0.0,2717.1680000000006,0.0,0.0,2691.3772305008715,0.0,0.12547564506530762,0.02604818344116211,0.5,0.0,1128693.7816789555,707832.211621731,398.23999999999904,0.0
uniform,264,97.51736117101059,23.261750912499227,4470.936177188336,2691.3772305008715,212.9281771883353,0.0,4358.008000000001,2691.3772305008715,100.0,0.0,0.0,2723.7549999999997,0.0,0.0,2691.3772305008715,0.0,0.12427067756652832,0.0209958553314209,0.5,0.0,1133164.7178561438,710523.588852232,399.759999999999,0.0
uniform,265,98.5724263014838,21.760738409350676,4440.2345253036165,2691.3772305008715,184.4745253036169,0.0,4355.759999999999,2691.3772305008715,100.0,0.0,0.0,2722.3499999999995,0.0,0.0,2691.3772305008715,0.0,0.10443449020385742,0.01906442642211914,0.5,0.0,1137604.9523814474,713214.9660827329,401.279999999999,0.0
uniform,266,99.05460751540731,20.206257019665884,4442.822814633236,2691.3772305008715,181.63081463323604,0.0,4361.192,2691.3772305008715,100.0,0.0,0.0,2725.745,0.0,0.0,2691.3772305008715,0.0,0.09435629844665527,0.025740385055541992,0.5,0.0,1142047.7751960806,715906.3433132338,402.799999999999,0.0
uniform,267,101.1484823529626,22.19959456711976,4467.6093021824345,2691.3772305008715,194.17570218243443,0.0,4373.4336,2691.3772305008715,100.0,0.0,0.0,2733.396,0.0,0.0,2691.3772305008715,0.0,0.10119414329528809,0.026998043060302734,0.5,0.0,1146515.384498263,718597.7205437347,404.31999999999897,0.0
uniform,268,88.9113050780013,18.065317082129315,4003.710612300926,2691.3772305008715,159.66725230092464,0.0,3944.0433600000015,2691.3772305008715,100.0,0.0,0.0,2465.027100000001,0.0,0.0,2691.3772305008715,0.0,0.11548185348510742,0.022093534469604492,0.5,0.0,1150519.095110564,721289.0977742356,405.83999999999895,0.0
uniform,269,88.78165905125485,19.157777140445912,4029.7756896036217,2691.3772305008715,195.07072960362117,0.0,3934.704960000001,2691.3772305008715,100.0,0.0,0.0,2459.1906000000004,0.0,0.0,2691.3772305008715,0.0,0.09640979766845703,0.028103351593017578,0.5,0.0,1154548.8708001676,723980.4750047366,407.35999999999893,0.0
uniform,270,99.31046294137246,19.47677183164167,4445.030814110266,2691.3772305008715,199.26441411026494,0.0,4345.766400000001,2691.3772305008715,100.0,0.0,0.0,2716.1040000000007,0.0,0.0,2691.3772305008715,0.0,0.1104578971862793,0.024994850158691406,0.5,0.0,1158993.9016142779,726671.8522352375,408.8799999999989,0.0
uniform,271,99.45083332887152,21.92083418263438,4453.455868331209,2691.3772305008715,176.23506833120854,0.0,4377.2208,2691.3772305008715,100.0,0.0,0.0,2735.763,0.0,0.0,2691.3772305008715,0.0,0.10789632797241211,0.021002531051635742,0.5,0.0,1163447.357482609,729363.2294657384,410.3999999999989,0.0
uniform,272,99.90596117670475,22.24431919705356,4456.748779170691,2691.3772305008715,200.9887791706916,0.0,4355.759999999999,2691.3772305008715,100.0,0.0,0.0,2722.3499999999995,0.0,0.0,2691.3772305008715,0.0,0.10326886177062988,0.03764796257019043,0.5,0.0,1167904.1062617798,732054.6066962393,411.9199999999989,0.0
uniform,273,102.14663386476366,21.991673125620075,4449.500344670569,2691.3772305008715,202.41394467056895,0.0,4347.0864,2691.3772305008715,100.0,0.0,0.0,2716.929,0.0,0.0,2691.3772305008715,0.0,0.10442852973937988,0.02963089942932129,0.5,0.0,1172353.6066064504,734745.9839267402,413.43999999999886,0.0
uniform,274,100.49691455142003,22.667150508681537,4454.456597987697,2691.3772305008715,201.9381979876967,0.0,4352.5184,2691.3772305008715,100.0,0.0,0.0,2720.3240000000005,0.0,0.0,2691.3772305008715,0.0,0.10719799995422363,0.036100149154663086,0.5,0.0,1176808.0632044382,737437.3611572412,414.95999999999884,0.0
uniform,275,93.33712924625365,20.301727691604043,4024.8766069968297,2691.3772305008715,180.8332469968278,0.0,3944.0433600000015,2691.3772305008715,100.0,0.0,0.0,2465.027100000001,0.0,0.0,2691.3772305008715,0.0,0.10730171203613281,0.03076910972595215,0.5,0.0,1180832.939811435,740128.7383877421,416.4799999999988,0.0
uniform,276,92.31014295271767,22.162046754061752,4016.0084246062197,2691.3772305008715,182.83562460621908,0.0,3933.1728000000007,2691.3772305008715,100.0,0.0,0.0,2458.2329999999997,0.0,0.0,2691.3772305008715,0.0,0.09965634346008301,0.030017614364624023,0.5,0.0,1184848.9482360412,742820.115618243,417.9999999999988,0.0
uniform,277,104.48877977418033,23.93562070402709,4463.665957015317,2691.3772305008715,216.19715701531513,0.0,4347.4688000000015,2691.3772305008715,100.0,0.0,0.0,2717.1680000000006,0.0,0.0,2691.3772305008715,0.0,0.12708139419555664,0.02608180046081543,0.5,0.0,1189312.6141930565,745511.4928487439,419.5199999999988,0.0
uniform,278,103.39119140770163,22.799893232570955,4480.997943378097,2691.3772305008715,203.77714337809715,0.0,4377.2208,2691.3772305008715,100.0,0.0,0.0,2735.763,0.0,0.0,2691.3772305008715,0.0,0.11758041381835938,0.04301261901855469,0.5,0.0,1193793.6121364345,748202.8700792448,421.03999999999877,0.0
uniform,279,101.74279442022078,23.80231671886622,4457.927913132823,2691.3772305008715,203.87031313282412,0.0,4354.057599999999,2691.3772305008715,100.0,0.0,0.0,2721.2859999999996,0.0,0.0,2691.3772305008715,0.0,0.12895488739013672,0.051557064056396484,0.5,0.0,1198251.5400495674,750894.2473097458,422.55999999999875,0.0
uniform,280,103.1608835773136,22.39758351571945,4464.714468466767,2691.3772305008715,200.11766846676713,0.0,4364.5968,2691.3772305008715,100.0,0.0,0.0,2727.8730000000005,0.0,0.0,2691.3772305008715,0.0,0.06120181083679199,0.02958202362060547,0.5,0.0,1202716.2545180342,753585.6245402467,424.07999999999873,0.0
uniform,281,102.28009389357344,19.841461908592024,4474.959605914839,2691.3772305008715,201.52600591483832,0.0,4373.4336,2691.3772305008715,100.0,0.0,0.0,2733.396,0.0,0.0,2691.3772305008715,0.0,0.12576532363891602,0.04400062561035156,0.5,0.0,1207191.214123949,756277.0017707476,425.5999999999987,0.0
uniform,282,92.30962813833519,20.245777911293082,4007.7829015056413,2691.3772305008715,163.7395415056397,0.0,3944.0433600000015,2691.3772305008715,100.0,0.0,0.0,2465.027100000001,0.0,0.0,2691.3772305008715,0.0,0.15320062637329102,0.04300570487976074,0.5,0.0,1211198.9970254546,758968.3790012485,427.1199999999987,0.0
uniform,283,91.61323634496013,19.90853122765057,4021.725608058654,2691.3772305008715,187.02064805865274,0.0,3934.704960000001,2691.3772305008715,100.0,0.0,0.0,2459.1906000000004,0.0,0.0,2691.3772305008715,0.0,0.1013953685760498,0.049614667892456055,0.5,0.0,1215220.7226335134,761659.7562317494,428.6399999999987,0.0
uniform,284,103.29514017827,21.882973449135232,4469.722738648261,2691.3772305008715,218.84913864826004,0.0,4350.873600000001,2691.3772305008715,100.0,0.0,0.0,2719.2960000000007,0.0,0.0,2691.3772305008715,0.0,0.16904544830322266,0.04005002975463867,0.5,0.0,1219690.4453721617,764351.1334622503,430.15999999999866,0.0
uniform,285,104.9856975988768,23.662272340653576,4488.945881016487,2691.3772305008715,213.42748101648743,0.0,4375.5184,2691.3772305008715,100.0,0.0,0.0,2734.699,0.0,0.0,2691.3772305008715,0.0,0.11911177635192871,0.016011476516723633,0.5,0.0,1224179.3912531782,767042.5106927513,431.67999999999864,0.0
uniform,286,104.11401093086876,21.823835467010596,4459.996989273981,2691.3772305008715,204.23698927398124,0.0,4355.759999999999,2691.3772305008715,100.0,0.0,0.0,2722.3499999999995,0.0,0.0,2691.3772305008715,0.0,0.109375,0.03886842727661133,0.5,0.0,1228639.3882424522,769733.8879232522,433.1999999999986,0.0
uniform,287,102.53923131636816,23.527711950363425,4450.052065552319,2691.3772305008715,188.86006555231887,0.0,4361.192,2691.3772305008715,100.0,0.0,0.0,2725.745,0.0,0.0,2691.3772305008715,0.0,0.11919951438903809,0.031120777130126953,0.5,0.0,1233089.4403080044,772425.2651537531,434.7199999999986,0.0
uniform,288,104.46141685391304,22.871359766529967,4469.635253346893,2691.3772305008715,217.11685334689278,0.0,4352.5184,2691.3772305008715,100.0,0.0,0.0,2720.3240000000005,0.0,0.0,2691.3772305008715,0.0,0.10630226135253906,0.03875017166137695,0.5,0.0,1237559.0755613514,775116.642384254,436.2399999999986,0.0
uniform,289,92.92411751749297,21.186176967930013,4014.8542739448494,2691.3772305008715,170.81091394484815,0.0,3944.0433600000015,2691.3772305008715,100.0,0.0,0.0,2465.027100000001,0.0,0.0,2691.3772305008715,0.0,0.10944294929504395,0.0337679386138916,0.5,0.0,1241573.9298352962,777808.019614755,437.75999999999857,0.0
uniform,290,93.32378268094561,22.44385907731666,4035.7372953413615,2691.3772305008715,201.03233534136092,0.0,3934.704960000001,2691.3772305008715,100.0,0.0,0.0,2459.1906000000004,0.0,0.0,2691.3772305008715,0.0,0.1005699634552002,0.037711381912231445,0.5,0.0,1245609.6671306377,780499.3968452559,439.27999999999855,0.0
uniform,291,105.80420165690914,21.10072017658651,4461.653431754508,2691.3772305008715,210.77983175450734,0.0,4350.873600000001,2691.3772305008715,100.0,0.0,0.0,2719.2960000000007,0.0,0.0,2691.3772305008715,0.0,0.11913180351257324,0.043224334716796875,0.5,0.0,1250071.3205623922,783190.7740757568,440.79999999999853,0.0
uniform,292,107.72975625189417,20.284453880589375,4463.167637480714,2691.3772305008715,201.7548374807137,0.0,4361.4128,2691.3772305008715,100.0,0.0,0.0,2725.883,0.0,0.0,2691.3772305008715,0.0,0.10522031784057617,0.02384018898010254,0.5,0.0,1254534.488199873,785882.1513062577,442.3199999999985,0.0
uniform,293,103.73098792909768,21.073494526096937,4443.9374224738785,2691.3772305008715,207.39022247387817,0.0,4336.5472,2691.3772305008715,100.0,0.0,0.0,2710.3419999999996,0.0,0.0,2691.3772305008715,0.0,0.10381817817687988,0.03575491905212402,0.5,0.0,1258978.4256223468,788573.5285367586,443.8399999999985,0.0
uniform,294,105.73210856683602,22.287119891639968,4461.44898864047,2691.3772305008715,196.85218864046954,0.0,4364.5968,2691.3772305008715,100.0,0.0,0.0,2727.8730000000005,0.0,0.0,2691.3772305008715,0.0,0.09064936637878418,0.03209376335144043,0.5,0.0,1263439.8746109873,791264.9057672595,445.3599999999985,0.0
uniform,295,102.95197883652064,18.60851952643353,4456.5853207337395,2691.3772305008715,204.06692073373924,0.0,4352.5184,2691.3772305008715,100.0,0.0,0.0,2720.3240000000005,0.0,0.0,2691.3772305008715,0.0,0.1056375503540039,0.018850088119506836,0.5,0.0,1267896.459931721,793956.2829977605,446.87999999999846,0.0
uniform,296,96.84505836034698,21.769022648505853,4023.9396351867917,2691.3772305008715,179.89627518679,0.0,3944.0433600000015,2691.3772305008715,100.0,0.0,0.0,2465.027100000001,0.0,0.0,2691.3772305008715,0.0,0.09968256950378418,0.021116971969604492,0.5,0.0,1271920.3995669077,796647.6602282614,448.39999999999844,0.0
uniform,297,96.10171626975536,20.547926001934325,4029.193226301555,2691.3772305008715,177.1967463015544,0.0,3951.9964800000007,2691.3772305008715,100.0,0.0,0.0,2469.9977999999996,0.0,0.0,2691.3772305008715,0.0,0.09360671043395996,0.03604269027709961,0.5,0.0,1275949.5927932092,799339.0374587623,449.9199999999984,0.0
uniform,298,101.10337927557555,25.367897613728257,4474.509008072061,2691.3772305008715,223.63540807206013,0.0,4350.873600000001,2691.3772305008715,100.0,0.0,0.0,2719.2960000000007,0.0,0.0,2691.3772305008715,0.0,0.10369729995727539,0.037714242935180664,0.5,0.0,1280424.1018012813,802030.4146892632,451.4399999999984,0.0
uniform,299,104.9549011693163,22.876571157113997,4475.363588572437,2691.3772305008715,220.76038857243685,0.0,4354.6032000000005,2691.3772305008715,100.0,0.0,0.0,2721.627,0.0,0.0,2691.3772305008715,0.0,0.10843825340270996,0.03686666488647461,0.5,0.0,1284899.4653898538,804721.7919197641,452.9599999999984,0.0
uniform,300,105.01744245907584,24.258973063142033,4463.8964562545125,2691.3772305008715,209.83885625451347,0.0,4354.057599999999,2691.3772305008715,100.0,0.0,0.0,2721.2859999999996,0.0,0.0,2691.3772305008715,0.0,0.10482478141784668,0.037134647369384766,0.5,0.0,1289363.3618461082,807413.169150265,454.47999999999837,0.0
uniform,301,104.41166980639866,20.554666206905267,4466.761756212195,2691.3772305008715,221.37775621219438,0.0,4345.384000000001,2691.3772305008715,100.0,0.0,0.0,2715.865,0.0,0.0,2691.3772305008715,0.0,0.07666969299316406,0.014995336532592773,0.5,0.0,1293830.1236023204,810104.546380766,455.99999999999835,0.0
uniform,302,104.80838246600354,22.98074466032848,4453.482169914088,2691.3772305008715,197.55896991408804,0.0,4355.9232,2691.3772305008715,100.0,0.0,0.0,2722.452,0.0,0.0,2691.3772305008715,0.0,0.10667848587036133,0.02801203727722168,0.5,0.0,1298283.6057722345,812795.9236112669,457.51999999999833,0.0
uniform,303,92.95367758447772,20.706344764775192,4029.7461853145487,2691.3772305008715,187.2349853145473,0.0,3942.5112000000013,2691.3772305008715,100.0,0.0,0.0,2464.0695000000005,0.0,0.0,2691.3772305008715,0.0,0.09714245796203613,0.022124767303466797,0.5,0.0,1302313.351957549,815487.3008417678,459.0399999999983,0.0
uniform,304,96.49061019457656,21.547778165270717,4014.0278227955996,2691.3772305008715,179.32286279559892,0.0,3934.704960000001,2691.3772305008715,100.0,0.0,0.0,2459.1906000000004,0.0,0.0,2691.3772305008715,0.0,0.09610342979431152,0.02475571632385254,0.5,0.0,1306327.3797803447,818178.6780722687,460.5599999999983,0.0
uniform,305,103.8589762698344,20.378505079201915,4473.037127870232,2691.3772305008715,206.35552787023158,0.0,4366.681600000001,2691.3772305008715,100.0,0.0,0.0,2729.1760000000004,0.0,0.0,2691.3772305008715,0.0,0.09038901329040527,0.03498721122741699,0.5,0.0,1310800.4169082148,820870.0553027696,462.0799999999983,0.0
uniform,306,103.91526396195452,20.603381225353676,4475.024697800542,2691.3772305008715,215.3142978005421,0.0,4359.7104,2691.3772305008715,100.0,0.0,0.0,2724.819,0.0,0.0,2691.3772305008715,0.0,0.10704159736633301,0.05732583999633789,0.5,0.0,1315275.4416060154,823561.4325332706,463.59999999999826,0.0
uniform,307,108.29030982961918,23.789350438522174,4456.976261748978,2691.3772305008715,220.42906174897757,0.0,4336.5472,2691.3772305008715,100.0,0.0,0.0,2710.3419999999996,0.0,0.0,2691.3772305008715,0.0,0.1305255889892578,0.02870631217956543,0.5,0.0,1319732.4178677644,826252.8097637715,465.11999999999824,0.0
uniform,308,104.94840616740426,21.63093635879551,4430.902340215837,2691.3772305008715,185.5183402158363,0.0,4345.384000000001,2691.3772305008715,100.0,0.0,0.0,2715.865,0.0,0.0,2691.3772305008715,0.0,0.11719608306884766,0.0395359992980957,0.5,0.0,1324163.3202079802,828944.1869942724,466.6399999999982,0.0
uniform,309,103.49292960755973,24.315137518648,4467.821388825247,2691.3772305008715,217.00538882524688,0.0,4350.816,2691.3772305008715,100.0,0.0,0.0,2719.26,0.0,0.0,2691.3772305008715,0.0,0.11488819122314453,0.04604983329772949,0.5,0.0,1328631.1415968055,831635.5642247733,468.1599999999982,0.0
uniform,310,94.44591505346598,23.376764769432615,4024.3761482524287,2691.3772305008715,196.09214825242768,0.0,3928.284000000001,2691.3772305008715,100.0,0.0,0.0,2455.1775000000007,0.0,0.0,2691.3772305008715,0.0,0.1517655849456787,0.03900027275085449,0.5,0.0,1332655.517745058,834326.9414552742,469.6799999999982,0.0
uniform,311,96.26754455611054,22.150190321194934,4038.4323757500006,2691.3772305008715,187.96805574999956,0.0,3950.464320000001,2691.3772305008715,100.0,0.0,0.0,2469.0402,0.0,0.0,2691.3772305008715,0.0,0.10968518257141113,0.037912607192993164,0.5,0.0,1336693.950120808,837018.3186857752,471.19999999999817,0.0
uniform,312,104.54557560051278,22.88093181062318,4464.376033689745,2691.3772305008715,211.8000336897438,0.0,4352.576000000001,2691.3772305008715,100.0,0.0,0.0,2720.3600000000006,0.0,0.0,2691.3772305008715,0.0,0.15523242950439453,0.027721166610717773,0.5,0.0,1341158.326154498,839709.6959162761,472.71999999999815,0.0
uniform,313,105.18883625407823,23.18995663041597,4466.24666582277,2691.3772305008715,192.43066582277072,0.0,4373.816,2691.3772305008715,100.0,0.0,0.0,2733.635,0.0,0.0,2691.3772305008715,0.0,0.11290931701660156,0.024465560913085938,0.5,0.0,1345624.5728203207,842401.073146777,474.23999999999813,0.0
uniform,314,102.81206069829807,24.1771767544462,4441.953551387358,2691.3772305008715,187.89595138735922,0.0,4354.057599999999,2691.3772305008715,100.0,0.0,0.0,2721.2859999999996,0.0,0.0,2691.3772305008715,0.0,0.10819005966186523,0.03778839111328125,0.5,0.0,1350066.5263717081,845092.4503772779,475.7599999999981,0.0
uniform,315,101.77440096518698,22.01837938854977,4447.774282710596,2691.3772305008715,188.28468271059486,0.0,4359.489600000001,2691.3772305008715,100.0,0.0,0.0,2724.6809999999996,0.0,0.0,2691.3772305008715,0.0,0.08862066268920898,0.0196990966796875,0.5,0.0,1354514.3006544188,847783.8276077788,477.2799999999981,0.0
uniform,316,105.03434464655966,21.837483161918044,4489.98736642954,2691.3772305008715,216.5537664295401,0.0,4373.4336,2691.3772305008715,100.0,0.0,0.0,2733.396,0.0,0.0,2691.3772305008715,0.0,0.09704780578613281,0.037713050842285156,0.5,0.0,1359004.2880208483,850475.2048382798,478.7999999999981,0.0
uniform,317,97.85229882816945,21.039362913130198,4016.1480983912197,2691.3772305008715,187.86409839121833,0.0,3928.284000000001,2691.3772305008715,100.0,0.0,0.0,2455.1775000000007,0.0,0.0,2691.3772305008715,0.0,0.10688424110412598,0.014003515243530273,0.5,0.0,1363020.4361192395,853166.5820687807,480.31999999999806,0.0
uniform,318,94.44283254787672,24.510999449129002,4035.6615904907403,2691.3772305008715,183.66511049073966,0.0,3951.9964800000007,2691.3772305008715,100.0,0.0,0.0,2469.9977999999996,0.0,0.0,2691.3772305008715,0.0,0.09061360359191895,0.03277468681335449,0.5,0.0,1367056.0977097303,855857.9592992816,481.83999999999804,0.0
uniform,319,101.1147751221636,22.803898185522694,4452.111036813649,2691.3772305008715,183.72703681364786,0.0,4368.384000000001,2691.3772305008715,100.0,0.0,0.0,2730.2400000000007,0.0,0.0,2691.3772305008715,0.0,0.14815068244934082,0.024836063385009766,0.5,0.0,1371508.2087465439,858549.3365297825,483.359999999998,0.0
uniform,320,103.15443038751107,23.929738146606955,4464.239618886964,2691.3772305008715,206.23161888696316,0.0,4358.008000000001,2691.3772305008715,100.0,0.0,0.0,2723.7549999999997,0.0,0.0,2691.3772305008715,0.0,0.09775161743164062,0.029151439666748047,0.5,0.0,1375972.4483654308,861240.7137602834,484.879999999998,0.0
uniform,321,102.02332670036685,23.178910834888832,4443.274211810919,2691.3772305008715,210.1318118109195,0.0,4333.1424,2691.3772305008715,100.0,0.0,0.0,2708.2139999999995,0.0,0.0,2691.3772305008715,0.0,0.10922122001647949,0.02100825309753418,0.5,0.0,1380415.7225772417,863932.0909907843,486.399999999998,0.0
uniform,322,105.79645640997644,22.878704830451742,4450.039959667654,2691.3772305008715,204.65595966765312,0.0,4345.384000000001,2691.3772305008715,100.0,0.0,0.0,2715.865,0.0,0.0,2691.3772305008715,0.0,0.09278225898742676,0.017666339874267578,0.5,0.0,1384865.7625369094,866623.4682212853,487.91999999999797,0.0
uniform,323,104.53534308928484,23.562647250349414,4481.053310661969,2691.3772305008715,209.32211066196845,0.0,4371.7312,2691.3772305008715,100.0,0.0,0.0,2732.3320000000003,0.0,0.0,2691.3772305008715,0.0,0.09898972511291504,0.027053356170654297,0.5,0.0,1389346.8158475715,869314.8454517862,489.43999999999795,0.0
uniform,324,92.25466572938603,21.667912365910183,4030.3349360288266,2691.3772305008715,203.5830960288255,0.0,3926.7518400000013,2691.3772305008715,100.0,0.0,0.0,2454.219900000001,0.0,0.0,2691.3772305008715,0.0,0.10956215858459473,0.02265143394470215,0.5,0.0,1393377.1507836003,872006.2226822871,490.95999999999793,0.0
uniform,325,92.00136177822712,18.656806294850522,4034.6240385770116,2691.3772305008715,182.6275585770111,0.0,3951.9964800000007,2691.3772305008715,100.0,0.0,0.0,2469.9977999999996,0.0,0.0,2691.3772305008715,0.0,0.09012460708618164,0.015774250030517578,0.5,0.0,1397411.7748221774,874697.599912788,492.4799999999979,0.0
uniform,326,103.93263017010025,24.952745017486713,4457.07275840353,2691.3772305008715,209.6039584035287,0.0,4347.4688000000015,2691.3772305008715,100.0,0.0,0.0,2717.1680000000006,0.0,0.0,2691.3772305008715,0.0,0.1560380458831787,0.019948244094848633,0.5,0.0,1401868.847580581,877388.9771432889,493.9999999999979,0.0
uniform,327,100.47721057938013,22.417752515012918,4458.558655483156,2691.3772305008715,200.55065548315542,0.0,4358.008000000001,2691.3772305008715,100.0,0.0,0.0,2723.7549999999997,0.0,0.0,2691.3772305008715,0.0,0.09028792381286621,0.022112369537353516,0.5,0.0,1406327.4062360642,880080.3543737899,495.5199999999979,0.0
uniform,328,100.83965988550706,23.021871570839455,4456.843473321759,2691.3772305008715,201.0834733217601,0.0,4355.759999999999,2691.3772305008715,100.0,0.0,0.0,2722.3499999999995,0.0,0.0,2691.3772305008715,0.0,0.11648988723754883,0.02980518341064453,0.5,0.0,1410784.249709386,882771.7316042908,497.03999999999786,0.0
uniform,329,101.14768134765315,24.326155309998665,4472.330612433978,2691.3772305008715,228.64901243397762,0.0,4343.6816,2691.3772305008715,100.0,0.0,0.0,2714.8009999999995,0.0,0.0,2691.3772305008715,0.0,0.11245870590209961,0.03011488914489746,0.5,0.0,1415256.58032182,885463.1088347917,498.55999999999784,0.0
uniform,330,100.76630287957919,22.7387631636071,4465.427429634613,2691.3772305008715,193.6962296346128,0.0,4371.7312,2691.3772305008715,100.0,0.0,0.0,2732.3320000000003,0.0,0.0,2691.3772305008715,0.0,0.108673095703125,0.023215532302856445,0.5,0.0,1419722.0077514546,888154.4860652926,500.0799999999978,0.0
uniform,331,94.22059715423308,21.308585982236732,4016.883527414544,2691.3772305008715,174.37232741454238,0.0,3942.5112000000013,2691.3772305008715,100.0,0.0,0.0,2464.0695000000005,0.0,0.0,2691.3772305008715,0.0,0.10454368591308594,0.01601862907409668,0.5,0.0,1423738.8912788692,890845.8632957935,501.5999999999978,0.0
uniform,332,91.83407426662647,22.297544116295082,4045.7181818294475,2691.3772305008715,212.54538182944708,0.0,3933.1728000000007,2691.3772305008715,100.0,0.0,0.0,2458.2329999999997,0.0,0.0,2691.3772305008715,0.0,0.0893259048461914,0.03285717964172363,0.5,0.0,1427784.6094606987,893537.2405262945,503.1199999999978,0.0
uniform,333,100.41908255670812,24.49559839354018,4456.110930268274,2691.3772305008715,205.23733026827338,0.0,4350.873600000001,2691.3772305008715,100.0,0.0,0.0,2719.2960000000007,0.0,0.0,2691.3772305008715,0.0,0.07413816452026367,0.016619443893432617,0.5,0.0,1432240.7203909669,896228.6177567954,504.63999999999777,0.0
uniform,334,101.70904052639764,20.2297592262643,4474.769994498154,2691.3772305008715,216.761994498153,0.0,4358.008000000001,2691.3772305008715,100.0,0.0,0.0,2723.7549999999997,0.0,0.0,2691.3772305008715,0.0,0.08949065208435059,0.028927087783813477,0.5,0.0,1436715.490385465,898919.9949872963,506.15999999999775,0.0
uniform,335,102.62837967032108,20.278434363696206,4431.209510762125,2691.3772305008715,180.5567107621254,0.0,4350.6528,2691.3772305008715,100.0,0.0,0.0,2719.158,0.0,0.0,2691.3772305008715,0.0,0.1596238613128662,0.07752847671508789,0.5,0.0,1441146.699896227,901611.3722177972,507.67999999999773,0.0
uniform,336,99.7590272169037,22.46807614168323,4448.44532932457,2691.3772305008715,188.9557293245691,0.0,4359.489600000001,2691.3772305008715,100.0,0.0,0.0,2724.6809999999996,0.0,0.0,2691.3772305008715,0.0,0.09757137298583984,0.039522409439086914,0.5,0.0,1445595.1452255517,904302.7494482981,509.1999999999977,0.0
uniform,337,101.37601908577169,20.590740337703586,4468.455973000631,2691.3772305008715,195.02237300063132,0.0,4373.4336,2691.3772305008715,100.0,0.0,0.0,2733.396,0.0,0.0,2691.3772305008715,0.0,0.0729985237121582,0.02651691436767578,0.5,0.0,1450063.6011985524,906994.126678799,510.7199999999977,0.0
uniform,338,90.31905971156375,22.535628244536273,4031.0108707842974,2691.3772305008715,202.7268707842968,0.0,3928.284000000001,2691.3772305008715,100.0,0.0,0.0,2455.1775000000007,0.0,0.0,2691.3772305008715,0.0,0.06866335868835449,0.02178668975830078,0.5,0.0,1454094.6120693367,909685.5039093,512.2399999999977,0.0
uniform,339,89.36832825683378,18.38730368891117,4025.5055727199715,2691.3772305008715,189.26845271997084,0.0,3936.2371200000007,2691.3772305008715,100.0,0.0,0.0,2460.1482,0.0,0.0,2691.3772305008715,0.0,1.4002561569213867,0.06310510635375977,0.5,0.0,1458120.1176420567,912376.8811398009,513.7599999999977,0.0
uniform,340,100.86677575963296,22.44384608411732,4445.3157198528925,2691.3772305008715,176.93171985289115,0.0,4368.384000000001,2691.3772305008715,100.0,0.0,0.0,2730.2400000000007,0.0,0.0,2691.3772305008715,0.0,0.12059950828552246,0.043544769287109375,0.5,0.0,1462565.4333619096,915068.2583703018,515.2799999999977,0.0
uniform,341,104.46959237503991,23.49490970788536,4486.030888504207,2691.3772305008715,208.81008850420676,0.0,4377.2208,2691.3772305008715,100.0,0.0,0.0,2735.763,0.0,0.0,2691.3772305008715,0.0,0.09390687942504883,0.037755727767944336,0.5,0.0,1467051.4642504137,917759.6356008027,516.7999999999977,0.0
uniform,342,100.85675085629562,22.61931420458629,4445.26048624898,2691.3772305008715,191.20288624898023,0.0,4354.057599999999,2691.3772305008715,100.0,0.0,0.0,2721.2859999999996,0.0,0.0,2691.3772305008715,0.0,0.10646772384643555,0.0221097469329834,0.5,0.0,1471496.7247366626,920451.0128313036,518.3199999999977,0.0
uniform,343,101.1586926643616,22.52000678329597,4452.896777044987,2691.3772305008715,188.29997704498703,0.0,4364.5968,2691.3772305008715,100.0,0.0,0.0,2727.8730000000005,0.0,0.0,2691.3772305008715,0.0,0.10513901710510254,0.02789163589477539,0.5,0.0,1475949.6215137076,923142.3900618046,519.8399999999976,0.0
uniform,344,102.11758270248417,19.270330024136918,4468.607215914417,2691.3772305008715,195.17361591441656,0.0,4373.4336,2691.3772305008715,100.0,0.0,0.0,2733.396,0.0,0.0,2691.3772305008715,0.0,0.12535667419433594,0.030127763748168945,0.5,0.0,1480418.228729622,925833.7672923055,521.3599999999976,0.0
uniform,345,90.07297413983383,18.665026499283957,3995.472570637916,2691.3772305008715,171.78505063791457,0.0,3923.6875200000013,2691.3772305008715,100.0,0.0,0.0,2452.304700000001,0.0,0.0,2691.3772305008715,0.0,0.10075139999389648,0.03908252716064453,0.5,0.0,1484413.70130026,928525.1445228064,522.8799999999976,0.0
uniform,346,89.48671127615819,21.610714956179617,4039.6619711323156,2691.3772305008715,190.7298111323145,0.0,3948.9321600000007,2691.3772305008715,100.0,0.0,0.0,2468.0826,0.0,0.0,2691.3772305008715,0.0,0.08675718307495117,0.03500032424926758,0.5,0.0,1488453.3632713922,931216.5217533073,524.3999999999976,0.0
uniform,347,98.80097760027168,27.783677557954878,4457.38393448476,2691.3772305008715,188.99993448475948,0.0,4368.384000000001,2691.3772305008715,100.0,0.0,0.0,2730.2400000000007,0.0,0.0,2691.3772305008715,0.0,0.0837399959564209,0.01399993896484375,0.5,0.0,1492910.747205877,933907.8989838082,525.9199999999976,0.0
uniform,348,99.22621602345676,20.05473467017421,4452.218754915104,2691.3772305008715,194.21075491510297,0.0,4358.008000000001,2691.3772305008715,100.0,0.0,0.0,2723.7549999999997,0.0,0.0,2691.3772305008715,0.0,0.10688304901123047,0.03923368453979492,0.5,0.0,1497362.965960792,936599.2762143092,527.4399999999976,0.0
uniform,349,94.601538860254,22.421512467333756,4440.243461899111,2691.3772305008715,184.48346189911143,0.0,4355.759999999999,2691.3772305008715,100.0,0.0,0.0,2722.3499999999995,0.0,0.0,2691.3772305008715,0.0,0.09933137893676758,0.026686429977416992,0.5,0.0,1501803.2094226913,939290.6534448101,528.9599999999975,0.0
uniform,350,96.17027626299019,22.624930748508724,4454.623296282307,2691.3772305008715,191.728896282307,0.0,4362.8944,2691.3772305008715,100.0,0.0,0.0,2726.8089999999993,0.0,0.0,2691.3772305008715,0.0,0.09943008422851562,0.03261590003967285,0.5,0.0,1506257.8327189735,941982.030675311,530.4799999999975,0.0
uniform,351,96.45450242187162,22.707238146820323,4467.732498902485,2691.3772305008715,194.29889890248432,0.0,4373.4336,2691.3772305008715,100.0,0.0,0.0,2733.396,0.0,0.0,2691.3772305008715,0.0,0.09588098526000977,0.03721928596496582,0.5,0.0,1510725.565217876,944673.4079058119,531.9999999999975,0.0
uniform,352,86.68656255556589,20.0639387601372,4007.3305111416294,2691.3772305008715,179.0465111416281,0.0,3928.284000000001,2691.3772305008715,100.0,0.0,0.0,2455.1775000000007,0.0,0.0,2691.3772305008715,0.0,0.10610437393188477,0.03800487518310547,0.5,0.0,1514732.8957290177,947364.7851363128,533.5199999999975,0.0
uniform,353,87.11628077872338,22.094515154451006,4023.3965529763345,2691.3772305008715,187.15943297633385,0.0,3936.2371200000007,2691.3772305008715,100.0,0.0,0.0,2460.1482,0.0,0.0,2691.3772305008715,0.0,0.11739420890808105,0.026111841201782227,0.5,0.0,1518756.292281994,950056.1623668137,535.0399999999975,0.0
uniform,354,98.94387136187873,24.40749811721571,4463.53207642594,2691.3772305008715,195.1480764259391,0.0,4368.384000000001,2691.3772305008715,100.0,0.0,0.0,2730.2400000000007,0.0,0.0,2691.3772305008715,0.0,0.13783001899719238,0.0337526798248291,0.5,0.0,1523219.8243584197,952747.5395973147,536.5599999999974,0.0
uniform,355,95.6535436621886,23.322567328924023,4454.85605450241,2691.3772305008715,179.33765450241003,0.0,4375.5184,2691.3772305008715,100.0,0.0,0.0,2734.699,0.0,0.0,2691.3772305008715,0.0,0.09894299507141113,0.03724050521850586,0.5,0.0,1527674.680412922,955438.9168278156,538.0799999999974,0.0
uniform,356,95.74325363650549,21.97735039170286,4440.146609047548,2691.3772305008715,203.59940904754782,0.0,4336.5472,2691.3772305008715,100.0,0.0,0.0,2710.3419999999996,0.0,0.0,2691.3772305008715,0.0,0.10421037673950195,0.05311465263366699,0.5,0.0,1532114.8270219697,958130.2940583165,539.5999999999974,0.0
uniform,357,97.92881932988769,21.72552525484615,4455.003186372557,2691.3772305008715,209.61918637255664,0.0,4345.384000000001,2691.3772305008715,100.0,0.0,0.0,2715.865,0.0,0.0,2691.3772305008715,0.0,0.0983884334564209,0.024005651473999023,0.5,0.0,1536569.8302083423,960821.6712888174,541.1199999999974,0.0
uniform,358,95.06008642462746,21.688176004164795,4442.702926616504,2691.3772305008715,170.97172661650313,0.0,4371.7312,2691.3772305008715,100.0,0.0,0.0,2732.3320000000003,0.0,0.0,2691.3772305008715,0.0,0.09580779075622559,0.0328822135925293,0.5,0.0,1541012.5331349587,963513.0485193183,542.6399999999974,0.0
uniform,359,85.63542471311462,21.64510738128451,4022.797820974216,2691.3772305008715,196.04598097421456,0.0,3926.7518400000013,2691.3772305008715,100.0,0.0,0.0,2454.219900000001,0.0,0.0,2691.3772305008715,0.0,0.10983610153198242,0.052049875259399414,0.5,0.0,1545035.3309559328,966204.4257498193,544.1599999999974,0.0
uniform,360,83.94588681968398,22.186517921770474,4005.973157664959,2691.3772305008715,172.8003576649589,0.0,3933.1728000000007,2691.3772305008715,100.0,0.0,0.0,2458.2329999999997,0.0,0.0,2691.3772305008715,0.0,0.09858918190002441,0.03975391387939453,0.5,0.0,1549041.3041135978,968895.8029803202,545.6799999999973,0.0
uniform,361,92.91944107223755,24.047691376531887,4441.09577246837,2691.3772305008715,191.9245724683699,0.0,4349.171200000001,2691.3772305008715,100.0,0.0,0.0,2718.232000000001,0.0,0.0,2691.3772305008715,0.0,0.14461469650268555,0.025723934173583984,0.5,0.0,1553482.3998860663,971587.1802108211,547.1999999999973,0.0
uniform,362,92.56423086892364,24.338200623275842,4456.897855466033,2691.3772305008715,198.8898554660331,0.0,4358.008000000001,2691.3772305008715,100.0,0.0,0.0,2723.7549999999997,0.0,0.0,2691.3772305008715,0.0,0.08763575553894043,0.02370762825012207,0.5,0.0,1557939.2977415323,974278.557441322,548.7199999999973,0.0
uniform,363,95.56795478238804,21.004913628161223,4440.3506218222965,2691.3772305008715,184.5906218222972,0.0,4355.759999999999,2691.3772305008715,100.0,0.0,0.0,2722.3499999999995,0.0,0.0,2691.3772305008715,0.0,0.12534832954406738,0.030775070190429688,0.5,0.0,1562379.6483633546,976969.9346718229,550.2399999999973,0.0
uniform,364,92.94072701963451,20.194287722626317,4441.527015711458,2691.3772305008715,197.84541571145851,0.0,4343.6816,2691.3772305008715,100.0,0.0,0.0,2714.8009999999995,0.0,0.0,2691.3772305008715,0.0,0.11561107635498047,0.03780484199523926,0.5,0.0,1566821.175379066,979661.3119023239,551.7599999999973,0.0
uniform,365,92.6628879384162,23.43589938025896,4449.862189332344,2691.3772305008715,176.42858933234405,0.0,4373.4336,2691.3772305008715,100.0,0.0,0.0,2733.396,0.0,0.0,2691.3772305008715,0.0,0.1033024787902832,0.031083106994628906,0.5,0.0,1571271.0375683983,982352.6891328248,553.2799999999972,0.0
normal,1,95.55813683562333,23.791233636978447,4471.835396082073,2404.07585336009,198.40179608207248,0.0,4373.4336,2404.07585336009,100.0,0.0,0.0,2733.396,0.0,0.0,2404.07585336009,0.0,0.11119532585144043,0.026049137115478516,0.5,0.0,4471.835396082073,2404.07585336009,1.52,0.0
normal,2,82.08723996277698,22.38376505555918,4018.201979283368,2404.07585336009,192.98229928336693,0.0,3925.219680000001,2404.07585336009,100.0,0.0,0.0,2453.2623000000012,0.0,0.0,2404.07585336009,0.0,0.12334132194519043,0.041016340255737305,0.5,0.0,8490.037375365442,4808.15170672018,3.04,0.0
normal,3,81.77862283174728,19.27722629490675,4029.5937115626657,2404.07585336009,177.5972315626651,0.0,3951.9964800000007,2404.07585336009,100.0,0.0,0.0,2469.9977999999996,0.0,0.0,2404.07585336009,0.0,0.10947012901306152,0.03769278526306152,0.5,0.0,12519.631086928108,7212.22756008027,4.5600000000000005,0.0
normal,4,89.42705178675055,22.94887910050355,4437.915796246101,2404.07585336009,169.53179624610033,0.0,4368.384000000001,2404.07585336009,100.0,0.0,0.0,2730.2400000000007,0.0,0.0,2404.07585336009,0.0,0.17218279838562012,0.026708602905273438,0.5,0.0,16957.54688317421,9616.30341344036,6.08,0.0
normal,5,89.73922861852304,20.97342098605987,4449.089235170441,2404.07585336009,191.08123517044018,0.0,4358.008000000001,2404.07585336009,100.0,0.0,0.0,2723.7549999999997,0.0,0.0,2404.07585336009,0.0,0.11983227729797363,0.033780574798583984,0.5,0.0,21406.63611834465,12020.37926680045,7.6,0.0
normal,6,88.19691199516744,22.08783812762239,4416.111745222674,2404.07585336009,179.5645452226733,0.0,4336.5472,2404.07585336009,100.0,0.0,0.0,2710.3419999999996,0.0,0.0,2404.07585336009,0.0,0.09610533714294434,0.032430171966552734,0.5,0.0,25822.747863567325,14424.455120160539,9.12,0.0
normal,7,89.29004388564353,24.373765168004773,4460.875052874794,2404.07585336009,196.27825287479357,0.0,4364.5968,2404.07585336009,100.0,0.0,0.0,2727.8730000000005,0.0,0.0,2404.07585336009,0.0,0.10790514945983887,0.0367128849029541,0.5,0.0,30283.62291644212,16828.53097352063,10.639999999999999,0.0
normal,8,90.98888547132698,24.361042792644177,4459.194690142607,2404.07585336009,185.76109014260666,0.0,4373.4336,2404.07585336009,100.0,0.0,0.0,2733.396,0.0,0.0,2404.07585336009,0.0,0.10020995140075684,0.01614236831665039,0.5,0.0,34742.81760658473,19232.606826880718,12.159999999999998,0.0
normal,9,79.3093697011217,19.690341863265832,4000.9013108833606,2404.07585336009,156.8579508833588,0.0,3944.0433600000015,2404.07585336009,100.0,0.0,0.0,2465.027100000001,0.0,0.0,2404.07585336009,0.0,0.10729670524597168,0.026043176651000977,0.5,0.0,38743.71891746809,21636.682680240807,13.679999999999998,0.0
normal,10,80.47458712028997,20.492507965523867,3999.8625975933473,2404.07585336009,166.689797593347,0.0,3933.1728000000007,2404.07585336009,100.0,0.0,0.0,2458.2329999999997,0.0,0.0,2404.07585336009,0.0,0.09858465194702148,0.027762889862060547,0.5,0.0,42743.581515061436,24040.758533600896,15.199999999999998,0.0
normal,11,85.71444573567375,23.441018507847307,4440.849097180657,2404.07585336009,175.86989718065513,0.0,4364.979200000002,2404.07585336009,100.0,0.0,0.0,2728.1120000000005,0.0,0.0,2404.07585336009,0.0,0.1081397533416748,0.046880483627319336,0.5,0.0,47184.4306122421,26444.834386960985,16.72,0.0
normal,12,88.01024999731855,20.564409416886882,4436.046148099232,2404.07585336009,181.44294809923082,0.0,4354.6032000000005,2404.07585336009,100.0,0.0,0.0,2721.627,0.0,0.0,2404.07585336009,0.0,0.10659360885620117,0.02768731117248535,0.5,0.0,51620.47676034133,28848.910240321075,18.24,0.0
normal,13,86.59660289117387,22.350084450024116,4435.373808786579,2404.07585336009,179.61380878657914,0.0,4355.759999999999,2404.07585336009,100.0,0.0,0.0,2722.3499999999995,0.0,0.0,2404.07585336009,0.0,0.11021208763122559,0.04503965377807617,0.5,0.0,56055.850569127906,31252.986093681164,19.759999999999998,0.0
normal,14,88.27578401602047,19.68353494201407,4438.798752919296,2404.07585336009,179.3091529192951,0.0,4359.489600000001,2404.07585336009,100.0,0.0,0.0,2724.6809999999996,0.0,0.0,2404.07585336009,0.0,0.11360335350036621,0.028379440307617188,0.5,0.0,60494.649322047204,33657.06194704126,21.279999999999998,0.0
normal,15,85.33888045225613,23.689810820613708,4434.5040888049125,2404.07585336009,181.98568880491217,0.0,4352.5184,2404.07585336009,100.0,0.0,0.0,2720.3240000000005,0.0,0.0,2404.07585336009,0.0,0.11975622177124023,0.025161266326904297,0.5,0.0,64929.153410852115,36061.137800401346,22.799999999999997,0.0
normal,16,77.4565413339472,19.320176277694465,4000.536910680462,2404.07585336009,156.4935506804607,0.0,3944.0433600000015,2404.07585336009,100.0,0.0,0.0,2465.027100000001,0.0,0.0,2404.07585336009,0.0,0.1161799430847168,0.03439164161682129,0.5,0.0,68929.69032153257,38465.213653761435,24.319999999999997,0.0
normal,17,76.7688835292059,21.79433135686027,4023.8293378894086,2404.07585336009,171.83285788940782,0.0,3951.9964800000007,2404.07585336009,100.0,0.0,0.0,2469.9977999999996,0.0,0.0,2404.07585336009,0.0,0.08940505981445312,0.027687549591064453,0.5,0.0,72953.51965942199,40869.289507121524,25.839999999999996,0.0
normal,18,87.06897422060221,22.364422236755967,4443.90940055422,2404.07585336009,175.52540055421898,0.0,4368.384000000001,2404.07585336009,100.0,0.0,0.0,2730.2400000000007,0.0,0.0,2404.07585336009,0.0,0.08975076675415039,0.021998882293701172,0.5,0.0,77397.4290599762,43273.36536048161,27.359999999999996,0.0
normal,19,82.95392994050128,24.628405271333843,4442.084827089226,2404.07585336009,164.86402708922554,0.0,4377.2208,2404.07585336009,100.0,0.0,0.0,2735.763,0.0,0.0,2404.07585336009,0.0,0.10109233856201172,0.015049219131469727,0.5,0.0,81839.51388706543,45677.4412138417,28.879999999999995,0.0
normal,20,82.60020912336067,24.303778721802527,4407.687935384007,2404.07585336009,169.43833538400693,0.0,4338.2496,2404.07585336009,100.0,0.0,0.0,2711.4059999999995,0.0,0.0,2404.07585336009,0.0,0.11751532554626465,0.023846149444580078,0.5,0.0,86247.20182244944,48081.51706720179,30.399999999999995,0.0
normal,21,81.20828187948342,24.558608323078438,4443.559055249968,2404.07585336009,180.6646552499679,0.0,4362.8944,2404.07585336009,100.0,0.0,0.0,2726.8089999999993,0.0,0.0,2404.07585336009,0.0,0.11666321754455566,0.02999424934387207,0.5,0.0,90690.7608776994,50485.59292056188,31.919999999999995,0.0
normal,22,81.75441438053086,22.27701407274462,4437.430640813192,2404.07585336009,184.91224081319297,0.0,4352.5184,2404.07585336009,100.0,0.0,0.0,2720.3240000000005,0.0,0.0,2404.07585336009,0.0,0.11723208427429199,0.01898503303527832,0.5,0.0,95128.1915185126,52889.66877392197,33.44,0.0
normal,23,74.88631276670993,20.490975669468387,3994.825307499783,2404.07585336009,150.7819474997814,0.0,3944.0433600000015,2404.07585336009,100.0,0.0,0.0,2465.027100000001,0.0,0.0,2404.07585336009,0.0,0.09351277351379395,0.023093461990356445,0.5,0.0,99123.01682601238,55293.74462728206,34.96,0.0
normal,24,77.3107741976847,18.62351214774844,3999.214681582822,2404.07585336009,167.5740415828213,0.0,3931.640640000001,2404.07585336009,100.0,0.0,0.0,2457.2754,0.0,0.0,2404.07585336009,0.0,0.09671282768249512,0.03163933753967285,0.5,0.0,103122.23150759519,57697.82048064215,36.480000000000004,0.0
normal,25,81.87965777103982,20.88465198751037,4423.831140073002,2404.07585336009,157.14954007300105,0.0,4366.681600000001,2404.07585336009,100.0,0.0,0.0,2729.1760000000004,0.0,0.0,2404.07585336009,0.0,0.12454581260681152,0.02951216697692871,0.5,0.0,107546.0626476682,60101.89633400224,38.00000000000001,0.0
normal,26,83.3302640329544,23.28421500187989,4460.7787600774,2404.07585336009,204.47316007740048,0.0,4356.3056,2404.07585336009,100.0,0.0,0.0,2722.6910000000003,0.0,0.0,2404.07585336009,0.0,0.08966231346130371,0.023950815200805664,0.5,0.0,112006.8414077456,62505.97218736233,39.52000000000001,0.0
normal,27,80.10644267253019,19.31128588010697,4405.055146822358,2404.07585336009,170.21034682235842,0.0,4334.8448,2404.07585336009,100.0,0.0,0.0,2709.2779999999993,0.0,0.0,2404.07585336009,0.0,0.11930322647094727,0.025992155075073242,0.5,0.0,116411.89655456795,64910.04804072242,41.04000000000001,0.0
normal,28,82.07959905318405,21.04151608383958,4419.785128262518,2404.07585336009,155.18832826251784,0.0,4364.5968,2404.07585336009,100.0,0.0,0.0,2727.8730000000005,0.0,0.0,2404.07585336009,0.0,0.11120891571044922,0.04208207130432129,0.5,0.0,120831.68168283047,67314.12389408251,42.56000000000002,0.0
normal,29,83.70659262692932,22.531073020721543,4463.480551771221,2404.07585336009,190.04695177122062,0.0,4373.4336,2404.07585336009,100.0,0.0,0.0,2733.396,0.0,0.0,2404.07585336009,0.0,0.10230112075805664,0.021623849868774414,0.5,0.0,125295.1622346017,69718.1997474426,44.08000000000002,0.0
normal,30,73.7763487645965,18.94935556760742,3989.577079096658,2404.07585336009,145.53371909665637,0.0,3944.0433600000015,2404.07585336009,100.0,0.0,0.0,2465.027100000001,0.0,0.0,2404.07585336009,0.0,0.10468721389770508,0.01405644416809082,0.5,0.0,129284.73931369836,72122.27560080269,45.60000000000002,0.0
normal,31,72.39121688885952,19.74335432583654,4001.7881282928874,2404.07585336009,149.79164829288712,0.0,3951.9964800000007,2404.07585336009,100.0,0.0,0.0,2469.9977999999996,0.0,0.0,2404.07585336009,0.0,0.09857797622680664,0.036101341247558594,0.5,0.0,133286.52744199126,74526.35145416278,47.120000000000026,0.0
normal,32,79.09036226736328,20.761757764227557,4413.449668661782,2404.07585336009,165.98086866178062,0.0,4347.4688000000015,2404.07585336009,100.0,0.0,0.0,2717.1680000000006,0.0,0.0,2404.07585336009,0.0,0.1058804988861084,0.04267430305480957,0.5,0.0,137699.97711065304,76930.42730752287,48.64000000000003,0.0
normal,33,80.44200357265336,18.916508938148386,4416.249047887612,2404.07585336009,161.64584788761118,0.0,4354.6032000000005,2404.07585336009,100.0,0.0,0.0,2721.627,0.0,0.0,2404.07585336009,0.0,0.12344026565551758,0.04453539848327637,0.5,0.0,142116.22615854064,79334.50316088296,50.16000000000003,0.0
normal,34,76.79502470260041,23.090152196691232,4412.51078452474,2404.07585336009,175.9635845247405,0.0,4336.5472,2404.07585336009,100.0,0.0,0.0,2710.3419999999996,0.0,0.0,2404.07585336009,0.0,0.11665964126586914,0.028847217559814453,0.5,0.0,146528.73694306536,81738.57901424305,51.680000000000035,0.0
normal,35,76.93722414252143,23.577329717726155,4428.952382337688,2404.07585336009,164.35558233768768,0.0,4364.5968,2404.07585336009,100.0,0.0,0.0,2727.8730000000005,0.0,0.0,2404.07585336009,0.0,0.11354923248291016,0.033724069595336914,0.5,0.0,150957.68932540304,84142.65486760314,53.20000000000004,0.0
normal,36,80.6226085820366,25.621006145545955,4443.259290954478,2404.07585336009,173.2304909544779,0.0,4370.0288,2404.07585336009,100.0,0.0,0.0,2731.2680000000005,0.0,0.0,2404.07585336009,0.0,0.10643529891967773,0.037001848220825195,0.5,0.0,155400.94861635752,86546.73072096323,54.72000000000004,0.0
normal,37,73.1835630921488,22.137080563586576,4013.4018466047783,2404.07585336009,169.35848660477674,0.0,3944.0433600000015,2404.07585336009,100.0,0.0,0.0,2465.027100000001,0.0,0.0,2404.07585336009,0.0,0.11876964569091797,0.017795085906982422,0.5,0.0,159414.3504629623,88950.80657432332,56.240000000000045,0.0
normal,38,71.63476970112283,21.4937009600007,3998.263410924579,2404.07585336009,165.09061092457847,0.0,3933.1728000000007,2404.07585336009,100.0,0.0,0.0,2458.2329999999997,0.0,0.0,2404.07585336009,0.0,0.09977316856384277,0.020683765411376953,0.5,0.0,163412.61387388688,91354.8824276834,57.76000000000005,0.0
normal,39,78.01423744943293,26.891969586901624,4442.753646096717,2404.07585336009,193.58244609671587,0.0,4349.171200000001,2404.07585336009,100.0,0.0,0.0,2718.232000000001,0.0,0.0,2404.07585336009,0.0,0.11919188499450684,0.02302074432373047,0.5,0.0,167855.36751998359,93758.9582810435,59.28000000000005,0.0
normal,40,74.37527489759269,21.80102026918698,4433.81027185787,2404.07585336009,175.80227185786967,0.0,4358.008000000001,2404.07585336009,100.0,0.0,0.0,2723.7549999999997,0.0,0.0,2404.07585336009,0.0,0.11046385765075684,0.036464691162109375,0.5,0.0,172289.17779184144,96163.03413440358,60.800000000000054,0.0
normal,41,73.08664293528388,22.597400470580162,4415.65155206248,2404.07585336009,179.10435206247993,0.0,4336.5472,2404.07585336009,100.0,0.0,0.0,2710.3419999999996,0.0,0.0,2404.07585336009,0.0,0.12957525253295898,0.03075551986694336,0.5,0.0,176704.82934390393,98567.10998776367,62.32000000000006,0.0
normal,42,77.52909227231953,20.03173828976841,4431.445354873948,2404.07585336009,166.84855487394807,0.0,4364.5968,2404.07585336009,100.0,0.0,0.0,2727.8730000000005,0.0,0.0,2404.07585336009,0.0,0.10148406028747559,0.030139684677124023,0.5,0.0,181136.27469877788,100971.18584112376,63.84000000000006,0.0
normal,43,72.7159364493449,18.249691143969706,4425.6523542247605,2404.07585336009,152.21875422476046,0.0,4373.4336,2404.07585336009,100.0,0.0,0.0,2733.396,0.0,0.0,2404.07585336009,0.0,0.10499739646911621,0.0450437068939209,0.5,0.0,185561.92705300264,103375.26169448385,65.36000000000006,0.0
normal,44,69.26482972250261,20.280163225806913,3983.456982750762,2404.07585336009,139.41362275076082,0.0,3944.0433600000015,2404.07585336009,100.0,0.0,0.0,2465.027100000001,0.0,0.0,2404.07585336009,0.0,0.11663079261779785,0.038390159606933594,0.5,0.0,189545.3840357534,105779.33754784394,66.88000000000005,0.0
normal,45,69.51270231332946,23.193321244799492,4002.23214232783,2404.07585336009,151.76782232782926,0.0,3950.464320000001,2404.07585336009,100.0,0.0,0.0,2469.0402,0.0,0.0,2404.07585336009,0.0,0.09356880187988281,0.029996395111083984,0.5,0.0,193547.61617808123,108183.41340120403,68.40000000000005,0.0
normal,46,75.90164725314445,22.09088543726733,4414.202239549513,2404.07585336009,163.3286395495129,0.0,4350.873600000001,2404.07585336009,100.0,0.0,0.0,2719.2960000000007,0.0,0.0,2404.07585336009,0.0,0.10751128196716309,0.030961036682128906,0.5,0.0,197961.81841763074,110587.48925456412,69.92000000000004,0.0
normal,47,74.23952435413854,22.5146155849436,4439.63955879681,2404.07585336009,162.41875879680975,0.0,4377.2208,2404.07585336009,100.0,0.0,0.0,2735.763,0.0,0.0,2404.07585336009,0.0,0.11638665199279785,0.03073596954345703,0.5,0.0,202401.45797642754,112991.56510792421,71.44000000000004,0.0
normal,48,76.58206955392593,21.67741093378266,4408.704156971876,2404.07585336009,172.15695697187576,0.0,4336.5472,2404.07585336009,100.0,0.0,0.0,2710.3419999999996,0.0,0.0,2404.07585336009,0.0,0.10366106033325195,0.01206660270690918,0.5,0.0,206810.16213339943,115395.6409612843,72.96000000000004,0.0
normal,49,71.09059662312639,24.119963025893714,4414.412038558996,2404.07585336009,170.73043855899633,0.0,4343.6816,2404.07585336009,100.0,0.0,0.0,2714.8009999999995,0.0,0.0,2404.07585336009,0.0,0.10638856887817383,0.02696824073791504,0.5,0.0,211224.57417195843,117799.71681464439,74.48000000000003,0.0
normal,50,73.9395542371823,22.16245150500325,4426.264891275275,2404.07585336009,172.04409127527447,0.0,4354.2208,2404.07585336009,100.0,0.0,0.0,2721.3880000000004,0.0,0.0,2404.07585336009,0.0,0.09643340110778809,0.02268362045288086,0.5,0.0,215650.8390632337,120203.79266800448,76.00000000000003,0.0
normal,51,63.755396401225774,21.522120325535244,3977.9253111140356,2404.07585336009,133.88195111403414,0.0,3944.0433600000015,2404.07585336009,100.0,0.0,0.0,2465.027100000001,0.0,0.0,2404.07585336009,0.0,0.09470129013061523,0.02377152442932129,0.5,0.0,219628.76437434772,122607.86852136457,77.52000000000002,0.0
normal,52,64.28181342087605,22.696410622417417,3991.2880468604303,2404.07585336009,158.1152468604296,0.0,3933.1728000000007,2404.07585336009,100.0,0.0,0.0,2458.2329999999997,0.0,0.0,2404.07585336009,0.0,0.08551549911499023,0.02669978141784668,0.5,0.0,223620.05242120815,125011.94437472466,79.04000000000002,0.0
normal,53,71.04117573884541,24.46719986841848,4423.364958748326,2404.07585336009,154.98095874832487,0.0,4368.384000000001,2404.07585336009,100.0,0.0,0.0,2730.2400000000007,0.0,0.0,2404.07585336009,0.0,0.09563302993774414,0.02717900276184082,0.5,0.0,228043.4173799565,127416.02022808474,80.56000000000002,0.0
normal,54,69.44477701234001,22.232348002433984,4428.410612378535,2404.07585336009,152.89221237853494,0.0,4375.5184,2404.07585336009,100.0,0.0,0.0,2734.699,0.0,0.0,2404.07585336009,0.0,0.11510205268859863,0.027177095413208008,0.5,0.0,232471.82799233502,129820.09608144483,82.08000000000001,0.0
normal,55,71.84536135709374,21.70627799095501,4397.55616341518,2404.07585336009,159.30656341517982,0.0,4338.2496,2404.07585336009,100.0,0.0,0.0,2711.4059999999995,0.0,0.0,2404.07585336009,0.0,0.11976742744445801,0.031047821044921875,0.5,0.0,236869.3841557502,132224.17193480494,83.60000000000001,0.0
normal,56,71.27336299891819,24.95055733285317,4433.670289853056,2404.07585336009,170.77588985305584,0.0,4362.8944,2404.07585336009,100.0,0.0,0.0,2726.8089999999993,0.0,0.0,2404.07585336009,0.0,0.08978700637817383,0.02409219741821289,0.5,0.0,241303.05444560325,134628.24778816503,85.12,0.0
normal,57,70.05178991127536,23.20889173777168,4425.791858954123,2404.07585336009,152.35825895412307,0.0,4373.4336,2404.07585336009,100.0,0.0,0.0,2733.396,0.0,0.0,2404.07585336009,0.0,0.09590935707092285,0.04157590866088867,0.5,0.0,245728.84630455737,137032.32364152512,86.64,0.0
normal,58,62.44732074350557,21.178799008191984,3982.57684118132,2404.07585336009,138.53348118131862,0.0,3944.0433600000015,2404.07585336009,100.0,0.0,0.0,2465.027100000001,0.0,0.0,2404.07585336009,0.0,0.1082158088684082,0.034064531326293945,0.5,0.0,249711.4231457387,139436.3994948852,88.16,0.0
normal,59,64.38902929786,18.825309288956277,3974.8769276181833,2404.07585336009,122.88044761818274,0.0,3951.9964800000007,2404.07585336009,100.0,0.0,0.0,2469.9977999999996,0.0,0.0,2404.07585336009,0.0,0.09878396987915039,0.03584408760070801,0.5,0.0,253686.30007335686,141840.4753482453,89.67999999999999,0.0
normal,60,65.40638309779442,24.067124508893922,4417.646425483845,2404.07585336009,166.77282548384386,0.0,4350.873600000001,2404.07585336009,100.0,0.0,0.0,2719.2960000000007,0.0,0.0,2404.07585336009,0.0,0.16136479377746582,0.03286147117614746,0.5,0.0,258103.9464988407,144244.55120160538,91.19999999999999,0.0
normal,61,68.063645224713,19.91036216054047,4413.772969970896,2404.07585336009,138.25456997089645,0.0,4375.5184,2404.07585336009,100.0,0.0,0.0,2734.699,0.0,0.0,2404.07585336009,0.0,0.09827494621276855,0.037738800048828125,0.5,0.0,262517.7194688116,146648.62705496547,92.71999999999998,0.0
normal,62,69.01342000636863,24.005533598879154,4402.431932505757,2404.07585336009,169.2895325057571,0.0,4333.1424,2404.07585336009,100.0,0.0,0.0,2708.2139999999995,0.0,0.0,2404.07585336009,0.0,0.09003353118896484,0.03899860382080078,0.5,0.0,266920.15140131733,149052.70290832556,94.23999999999998,0.0
normal,63,68.02294997720396,23.40484375621865,4411.667829088767,2404.07585336009,167.98622908876683,0.0,4343.6816,2404.07585336009,100.0,0.0,0.0,2714.8009999999995,0.0,0.0,2404.07585336009,0.0,0.10700631141662598,0.03157639503479004,0.5,0.0,271331.8192304061,151456.77876168565,95.75999999999998,0.0
normal,64,66.02231015891157,24.89119038924703,4431.9185531527255,2404.07585336009,158.48495315272515,0.0,4373.4336,2404.07585336009,100.0,0.0,0.0,2733.396,0.0,0.0,2404.07585336009,0.0,0.11630678176879883,0.041138410568237305,0.5,0.0,275763.7377835588,153860.85461504574,97.27999999999997,0.0
normal,65,62.938945943814396,22.233144425912847,3978.540767058173,2404.07585336009,134.4974070581714,0.0,3944.0433600000015,2404.07585336009,100.0,0.0,0.0,2465.027100000001,0.0,0.0,2404.07585336009,0.0,0.10796713829040527,0.04389071464538574,0.5,0.0,279742.27855061693,156264.93046840583,98.79999999999997,0.0
normal,66,60.31213214309662,21.465166791040055,3990.2126612102547,2404.07585336009,138.21618121025423,0.0,3951.9964800000007,2404.07585336009,100.0,0.0,0.0,2469.9977999999996,0.0,0.0,2404.07585336009,0.0,0.0992889404296875,0.0340428352355957,0.5,0.0,283732.4912118272,158669.00632176592,100.31999999999996,0.0
normal,67,65.77484510939998,22.445162648946045,4404.99989564858,2404.07585336009,138.31829564857884,0.0,4366.681600000001,2404.07585336009,100.0,0.0,0.0,2729.1760000000004,0.0,0.0,2404.07585336009,0.0,0.11191272735595703,0.03375434875488281,0.5,0.0,288137.49110747577,161073.082175126,101.83999999999996,0.0
normal,68,67.10954927507268,21.693751947045982,4423.8140753484395,2404.07585336009,169.2108753484393,0.0,4354.6032000000005,2404.07585336009,100.0,0.0,0.0,2721.627,0.0,0.0,2404.07585336009,0.0,0.09332537651062012,0.035833120346069336,0.5,0.0,292561.3051828242,163477.1580284861,103.35999999999996,0.0
normal,69,64.06529014238073,21.988337052490582,4379.662661539569,2404.07585336009,141.41306153956893,0.0,4338.2496,2404.07585336009,100.0,0.0,0.0,2711.4059999999995,0.0,0.0,2404.07585336009,0.0,0.10717535018920898,0.05025053024291992,0.5,0.0,296940.96784436377,165881.2338818462,104.87999999999995,0.0
normal,70,66.31330141728326,22.87025498453884,4408.526604760063,2404.07585336009,145.63220476006228,0.0,4362.8944,2404.07585336009,100.0,0.0,0.0,2726.8089999999993,0.0,0.0,2404.07585336009,0.0,0.17533516883850098,0.029029369354248047,0.5,0.0,301349.49444912386,168285.30973520628,106.39999999999995,0.0
normal,71,67.2174341679452,19.82075507354983,4404.61252365896,2404.07585336009,131.17892365895932,0.0,4373.4336,2404.07585336009,100.0,0.0,0.0,2733.396,0.0,0.0,2404.07585336009,0.0,0.08949780464172363,0.027333736419677734,0.5,0.0,305754.1069727828,170689.38558856637,107.91999999999994,0.0
normal,72,58.16194922361857,19.955626252156197,3986.570386035235,2404.07585336009,161.35070603523397,0.0,3925.219680000001,2404.07585336009,100.0,0.0,0.0,2453.2623000000012,0.0,0.0,2404.07585336009,0.0,0.10683917999267578,0.024995803833007812,0.5,0.0,309740.67735881807,173093.46144192645,109.43999999999994,0.0
normal,73,55.062300670365424,21.25843907517822,3966.7735498366774,2404.07585336009,130.5364298366766,0.0,3936.2371200000007,2404.07585336009,100.0,0.0,0.0,2460.1482,0.0,0.0,2404.07585336009,0.0,0.08409690856933594,0.02598118782043457,0.5,0.0,313707.4509086547,175497.53729528654,110.95999999999994,0.0
normal,74,64.48514502937071,23.121770037214326,4404.931216966756,2404.07585336009,154.05761696675538,0.0,4350.873600000001,2404.07585336009,100.0,0.0,0.0,2719.2960000000007,0.0,0.0,2404.07585336009,0.0,0.11242842674255371,0.026953935623168945,0.5,0.0,318112.3821256215,177901.61314864663,112.47999999999993,0.0
normal,75,63.71693699619069,20.161137171281872,4423.917018341283,2404.07585336009,146.6962183412834,0.0,4377.2208,2404.07585336009,100.0,0.0,0.0,2735.763,0.0,0.0,2404.07585336009,0.0,0.11693596839904785,0.02905750274658203,0.5,0.0,322536.2991439628,180305.68900200672,113.99999999999993,0.0
normal,76,63.51638972813557,21.708189730232622,4386.358113777355,2404.07585336009,130.59811377735613,0.0,4355.759999999999,2404.07585336009,100.0,0.0,0.0,2722.3499999999995,0.0,0.0,2404.07585336009,0.0,0.09824657440185547,0.03599810600280762,0.5,0.0,326922.65725774015,182709.7648553668,115.51999999999992,0.0
normal,77,60.61197806109228,22.225340118528493,4400.332145333585,2404.07585336009,139.14014533358431,0.0,4361.192,2404.07585336009,100.0,0.0,0.0,2725.745,0.0,0.0,2404.07585336009,0.0,0.11388778686523438,0.02324223518371582,0.5,0.0,331322.98940307373,185113.8407087269,117.03999999999992,0.0
normal,78,64.5585908360077,25.661627247224295,4425.057294515452,2404.07585336009,155.0284945154516,0.0,4370.0288,2404.07585336009,100.0,0.0,0.0,2731.2680000000005,0.0,0.0,2404.07585336009,0.0,0.10768461227416992,0.042047739028930664,0.5,0.0,335748.04669758916,187517.916562087,118.55999999999992,0.0
normal,79,55.91879099028677,20.70246656196347,3971.4948360378967,2404.07585336009,127.45147603789502,0.0,3944.0433600000015,2404.07585336009,100.0,0.0,0.0,2465.027100000001,0.0,0.0,2404.07585336009,0.0,0.10402321815490723,0.02919626235961914,0.5,0.0,339719.5415336271,189921.99241544708,120.07999999999991,0.0
normal,80,53.59622975902753,22.13180284560607,3972.7165732667468,2404.07585336009,120.720093266746,0.0,3951.9964800000007,2404.07585336009,100.0,0.0,0.0,2469.9977999999996,0.0,0.0,2404.07585336009,0.0,0.0904233455657959,0.03043222427368164,0.5,0.0,343692.2581068938,192326.06826880717,121.59999999999991,0.0
normal,81,58.978915413409766,21.21855728164276,4390.4082273607355,2404.07585336009,123.7266273607346,0.0,4366.681600000001,2404.07585336009,100.0,0.0,0.0,2729.1760000000004,0.0,0.0,2404.07585336009,0.0,0.11974620819091797,0.028445720672607422,0.5,0.0,348082.66633425455,194730.14412216726,123.1199999999999,0.0
normal,82,58.437271008625736,21.07338366419708,4403.9571484869775,2404.07585336009,144.24674848697748,0.0,4359.7104,2404.07585336009,100.0,0.0,0.0,2724.819,0.0,0.0,2404.07585336009,0.0,0.0935828685760498,0.01605081558227539,0.5,0.0,352486.62348274153,197134.21997552735,124.6399999999999,0.0
normal,83,62.14461809897603,25.177474658997905,4401.8458458983105,2404.07585336009,149.4906458983105,0.0,4352.3552,2404.07585336009,100.0,0.0,0.0,2720.2219999999993,0.0,0.0,2404.07585336009,0.0,0.1084449291229248,0.05819821357727051,0.5,0.0,356888.46932863985,199538.29582888744,126.1599999999999,0.0
normal,84,62.22046488779629,23.09744081791274,4399.089466859275,2404.07585336009,136.1950668592747,0.0,4362.8944,2404.07585336009,100.0,0.0,0.0,2726.8089999999993,0.0,0.0,2404.07585336009,0.0,0.11882781982421875,0.04408144950866699,0.5,0.0,361287.55879549915,201942.37168224753,127.6799999999999,0.0
normal,85,59.660714619294026,24.33958557165145,4407.043091285369,2404.07585336009,154.52469128536862,0.0,4352.5184,2404.07585336009,100.0,0.0,0.0,2720.3240000000005,0.0,0.0,2404.07585336009,0.0,0.1037142276763916,0.03714132308959961,0.5,0.0,365694.60188678454,204346.44753560761,129.1999999999999,0.0
normal,86,56.574924098125685,18.55812961047008,3979.227069210333,2404.07585336009,135.18370921033156,0.0,3944.0433600000015,2404.07585336009,100.0,0.0,0.0,2465.027100000001,0.0,0.0,2404.07585336009,0.0,0.12092399597167969,0.03691816329956055,0.5,0.0,369673.82895599486,206750.5233889677,130.7199999999999,0.0
normal,87,53.59190945695809,19.99580201335803,3969.2425143771907,2404.07585336009,118.7781943771896,0.0,3950.464320000001,2404.07585336009,100.0,0.0,0.0,2469.0402,0.0,0.0,2404.07585336009,0.0,0.09042668342590332,0.02802276611328125,0.5,0.0,373643.07147037203,209154.5992423278,132.23999999999992,0.0
normal,88,60.04684230407816,22.953308354569437,4386.272807905278,2404.07585336009,138.80400790527608,0.0,4347.4688000000015,2404.07585336009,100.0,0.0,0.0,2717.1680000000006,0.0,0.0,2404.07585336009,0.0,0.11277246475219727,0.031636714935302734,0.5,0.0,378029.3442782773,211558.67509568788,133.75999999999993,0.0
normal,89,60.14195686276033,24.29566299336134,4410.511089516566,2404.07585336009,152.50308951656538,0.0,4358.008000000001,2404.07585336009,100.0,0.0,0.0,2723.7549999999997,0.0,0.0,2404.07585336009,0.0,0.09595561027526855,0.03546333312988281,0.5,0.0,382439.8553677939,213962.75094904797,135.27999999999994,0.0
normal,90,61.35026660835263,23.245678851953112,4392.430491041851,2404.07585336009,138.37289104185203,0.0,4354.057599999999,2404.07585336009,100.0,0.0,0.0,2721.2859999999996,0.0,0.0,2404.07585336009,0.0,0.16129636764526367,0.03987884521484375,0.5,0.0,386832.28585883573,216366.82680240806,136.79999999999995,0.0
normal,91,59.8737660921748,20.856730187786074,4383.815173624602,2404.07585336009,136.72877362460207,0.0,4347.0864,2404.07585336009,100.0,0.0,0.0,2716.929,0.0,0.0,2404.07585336009,0.0,0.1026008129119873,0.030103206634521484,0.5,0.0,391216.10103246034,218770.90265576815,138.31999999999996,0.0
normal,92,58.994710139004816,21.28998201776202,4404.861451910466,2404.07585336009,131.42785191046545,0.0,4373.4336,2404.07585336009,100.0,0.0,0.0,2733.396,0.0,0.0,2404.07585336009,0.0,0.10186767578125,0.04538297653198242,0.5,0.0,395620.9624843708,221174.97850912824,139.83999999999997,0.0
normal,93,53.63280233752471,18.894109406430882,3955.204669276645,2404.07585336009,112.69346927664365,0.0,3942.5112000000013,2404.07585336009,100.0,0.0,0.0,2464.0695000000005,0.0,0.0,2404.07585336009,0.0,0.10331392288208008,0.015996217727661133,0.5,0.0,399576.16715364746,223579.05436248833,141.35999999999999,0.0
normal,94,51.70400100311114,22.443635858732016,3980.9460135503905,2404.07585336009,132.01385355038974,0.0,3948.9321600000007,2404.07585336009,100.0,0.0,0.0,2468.0826,0.0,0.0,2404.07585336009,0.0,0.12694048881530762,0.13115978240966797,0.5,0.0,403557.11316719785,225983.13021584842,142.88,0.0
normal,95,56.632244685914934,22.852851933501228,4396.835530051446,2404.07585336009,128.45153005144493,0.0,4368.384000000001,2404.07585336009,100.0,0.0,0.0,2730.2400000000007,0.0,0.0,2404.07585336009,0.0,0.16582655906677246,0.08558917045593262,0.5,0.0,407953.9486972493,228387.2060692085,144.4,0.0
normal,96,59.020531983189386,23.81214442054662,4425.98573193756,2404.07585336009,167.97773193755918,0.0,4358.008000000001,2404.07585336009,100.0,0.0,0.0,2723.7549999999997,0.0,0.0,2404.07585336009,0.0,0.13276338577270508,0.03711557388305664,0.5,0.0,412379.93442918686,230791.2819225686,145.92000000000002,0.0
normal,97,58.22451609719612,19.542709990314965,4387.564413742163,2404.07585336009,131.80441374216431,0.0,4355.759999999999,2404.07585336009,100.0,0.0,0.0,2722.3499999999995,0.0,0.0,2404.07585336009,0.0,0.10576581954956055,0.04620695114135742,0.5,0.0,416767.498842929,233195.35777592869,147.44000000000003,0.0
normal,98,57.444674521712564,20.477262446391663,4398.777573500212,2404.07585336009,135.88317350021237,0.0,4362.8944,2404.07585336009,100.0,0.0,0.0,2726.8089999999993,0.0,0.0,2404.07585336009,0.0,0.11195087432861328,0.023694992065429688,0.5,0.0,421166.27641642926,235599.43362928877,148.96000000000004,0.0
normal,99,54.98482231484365,22.153209052684726,4397.000420267687,2404.07585336009,144.48202026768737,0.0,4352.5184,2404.07585336009,100.0,0.0,0.0,2720.3240000000005,0.0,0.0,2404.07585336009,0.0,0.10278439521789551,0.023948192596435547,0.5,0.0,425563.27683669695,238003.50948264886,150.48000000000005,0.0
normal,100,52.91454745711434,19.3106729000628,3975.5955955248087,2404.07585336009,133.08439552480752,0.0,3942.5112000000013,2404.07585336009,100.0,0.0,0.0,2464.0695000000005,0.0,0.0,2404.07585336009,0.0,0.13778400421142578,0.037854671478271484,0.5,0.0,429538.8724322218,240407.58533600895,152.00000000000006,0.0
normal,101,49.933749474122145,19.876365489589876,3966.424496692429,2404.07585336009,114.42801669242826,0.0,3951.9964800000007,2404.07585336009,100.0,0.0,0.0,2469.9977999999996,0.0,0.0,2404.07585336009,0.0,0.11259055137634277,0.03298521041870117,0.5,0.0,433505.2969289142,242811.66118936904,153.52000000000007,0.0
normal,102,55.07193535586938,21.741245238697864,4390.405096646095,2404.07585336009,122.02109664609482,0.0,4368.384000000001,2404.07585336009,100.0,0.0,0.0,2730.2400000000007,0.0,0.0,2404.07585336009,0.0,0.11037349700927734,0.027009963989257812,0.5,0.0,437895.7020255603,245215.73704272913,155.04000000000008,0.0
normal,103,53.573188138268456,24.698300518241656,4394.349794530769,2404.07585336009,138.04419453076906,0.0,4356.3056,2404.07585336009,100.0,0.0,0.0,2722.6910000000003,0.0,0.0,2404.07585336009,0.0,0.09622406959533691,0.017299413681030273,0.5,0.0,442290.0518200911,247619.81289608922,156.5600000000001,0.0
normal,104,54.654275043576,23.121358537689364,4390.578951758453,2404.07585336009,134.81895175845315,0.0,4355.759999999999,2404.07585336009,100.0,0.0,0.0,2722.3499999999995,0.0,0.0,2404.07585336009,0.0,0.09079265594482422,0.014118194580078125,0.5,0.0,446680.63077184954,250023.8887494493,158.0800000000001,0.0
normal,105,56.68855799815143,22.58014409922162,4409.636941417892,2404.07585336009,146.74254141789174,0.0,4362.8944,2404.07585336009,100.0,0.0,0.0,2726.8089999999993,0.0,0.0,2404.07585336009,0.0,0.088043212890625,0.0329129695892334,0.5,0.0,451090.2677132674,252427.9646028094,159.6000000000001,0.0
normal,106,55.49911127276505,21.46111047814788,4400.85512093677,2404.07585336009,150.03912093677016,0.0,4350.816,2404.07585336009,100.0,0.0,0.0,2719.26,0.0,0.0,2404.07585336009,0.0,0.11411213874816895,0.03993082046508789,0.5,0.0,455491.1228342042,254832.0404561695,161.12000000000012,0.0
normal,107,50.45195242807839,19.95580473937459,3955.1717726443107,2404.07585336009,129.95209264430954,0.0,3925.219680000001,2404.07585336009,100.0,0.0,0.0,2453.2623000000012,0.0,0.0,2404.07585336009,0.0,0.12845778465270996,0.03905010223388672,0.5,0.0,459446.2946068485,257236.11630952958,162.64000000000013,0.0
normal,108,50.20047809344135,19.588835576657292,3944.3258829036076,2404.07585336009,108.08876290360678,0.0,3936.2371200000007,2404.07585336009,100.0,0.0,0.0,2460.1482,0.0,0.0,2404.07585336009,0.0,0.09812712669372559,0.04655623435974121,0.5,0.0,463390.6204897521,259640.19216288967,164.16000000000014,0.0
normal,109,55.78672617513312,19.19665592324132,4378.520834262283,2404.07585336009,110.13683426228152,0.0,4368.384000000001,2404.07585336009,100.0,0.0,0.0,2730.2400000000007,0.0,0.0,2404.07585336009,0.0,0.13322234153747559,0.05056166648864746,0.5,0.0,467769.1413240144,262044.26801624976,165.68000000000015,0.0
normal,110,53.78060159181181,21.27533029051775,4392.173387559806,2404.07585336009,114.95258755980527,0.0,4377.2208,2404.07585336009,100.0,0.0,0.0,2735.763,0.0,0.0,2404.07585336009,0.0,0.11880922317504883,0.03905010223388672,0.5,0.0,472161.31471157423,264448.3438696099,167.20000000000016,0.0
normal,111,56.586134313268495,20.788080531412266,4389.8994061518815,2404.07585336009,151.64980615188148,0.0,4338.2496,2404.07585336009,100.0,0.0,0.0,2711.4059999999995,0.0,0.0,2404.07585336009,0.0,0.13049006462097168,0.06283831596374512,0.5,0.0,476551.21411772614,266852.41972297,168.72000000000017,0.0
normal,112,56.10645076081829,21.86663043971882,4387.32740052772,2404.07585336009,143.64580052771953,0.0,4343.6816,2404.07585336009,100.0,0.0,0.0,2714.8009999999995,0.0,0.0,2404.07585336009,0.0,0.13491058349609375,0.08722352981567383,0.5,0.0,480938.54151825386,269256.4955763301,170.24000000000018,0.0
normal,113,56.28930227360954,24.8523395642367,4421.082468766674,2404.07585336009,170.2664687666736,0.0,4350.816,2404.07585336009,100.0,0.0,0.0,2719.26,0.0,0.0,2404.07585336009,0.0,0.14247870445251465,0.04597878456115723,0.5,0.0,485359.6239870205,271660.57142969023,171.7600000000002,0.0
normal,114,48.38979969340716,19.619012567831305,3946.0063258443793,2404.07585336009,117.72232584437808,0.0,3928.284000000001,2404.07585336009,100.0,0.0,0.0,2455.1775000000007,0.0,0.0,2404.07585336009,0.0,0.1366434097290039,0.03859686851501465,0.5,0.0,489305.6303128649,274064.64728305035,173.2800000000002,0.0
normal,115,49.96508492343886,24.114287903761255,3975.3426001700795,2404.07585336009,123.3461201700787,0.0,3951.9964800000007,2404.07585336009,100.0,0.0,0.0,2469.9977999999996,0.0,0.0,2404.07585336009,0.0,0.10326290130615234,0.03785300254821777,0.5,0.0,493280.97291303496,276468.72313641047,174.8000000000002,0.0
normal,116,59.19099261252609,23.11901488799595,4401.323092195747,2404.07585336009,132.9390921957469,0.0,4368.384000000001,2404.07585336009,100.0,0.0,0.0,2730.2400000000007,0.0,0.0,2404.07585336009,0.0,0.11571550369262695,0.03229689598083496,0.5,0.0,497682.2960052307,278872.7989897706,176.32000000000022,0.0
normal,117,57.0703263394949,22.563224675029094,4401.094446398044,2404.07585336009,123.87364639804395,0.0,4377.2208,2404.07585336009,100.0,0.0,0.0,2735.763,0.0,0.0,2404.07585336009,0.0,0.12331366539001465,0.053460121154785156,0.5,0.0,502083.3904516287,281276.8748431307,177.84000000000023,0.0
normal,118,54.55256411642057,24.223810352146653,4374.56690447882,2404.07585336009,141.42450447881996,0.0,4333.1424,2404.07585336009,100.0,0.0,0.0,2708.2139999999995,0.0,0.0,2404.07585336009,0.0,0.08259081840515137,0.03471779823303223,0.5,0.0,506457.95735610754,283680.9506964908,179.36000000000024,0.0
normal,119,54.98692169913736,20.82383559800744,4390.317925520024,2404.07585336009,148.33872552002356,0.0,4341.979200000001,2404.07585336009,100.0,0.0,0.0,2713.737,0.0,0.0,2404.07585336009,0.0,0.13045811653137207,0.031578779220581055,0.5,0.0,510848.27528162755,286085.02654985094,180.88000000000025,0.0
normal,120,56.02652143925963,21.932842827502135,4407.3706634959,2404.07585336009,153.1498634959,0.0,4354.2208,2404.07585336009,100.0,0.0,0.0,2721.3880000000004,0.0,0.0,2404.07585336009,0.0,0.10730195045471191,0.037081003189086914,0.5,0.0,515255.64594512346,288489.10240321106,182.40000000000026,0.0
normal,121,48.800246541746986,22.82773664724308,3961.87707397492,2404.07585336009,117.8337139749188,0.0,3944.0433600000015,2404.07585336009,100.0,0.0,0.0,2465.027100000001,0.0,0.0,2404.07585336009,0.0,0.13866448402404785,0.0349736213684082,0.5,0.0,519217.5230190984,290893.1782565712,183.92000000000027,0.0
normal,122,47.453963678782365,21.1832792243011,3978.504443908238,2404.07585336009,128.04012390823718,0.0,3950.464320000001,2404.07585336009,100.0,0.0,0.0,2469.0402,0.0,0.0,2404.07585336009,0.0,0.09013724327087402,0.03902626037597656,0.5,0.0,523196.0274630066,293297.2541099313,185.44000000000028,0.0
normal,123,54.48777040936975,22.48224952721972,4402.020916363413,2404.07585336009,152.84971636341186,0.0,4349.171200000001,2404.07585336009,100.0,0.0,0.0,2718.232000000001,0.0,0.0,2404.07585336009,0.0,0.12315678596496582,0.02761387825012207,0.5,0.0,527598.04837937,295701.3299632914,186.9600000000003,0.0
normal,124,53.05430965215286,24.24777651193461,4406.170633383724,2404.07585336009,146.46023338372382,0.0,4359.7104,2404.07585336009,100.0,0.0,0.0,2724.819,0.0,0.0,2404.07585336009,0.0,0.11273455619812012,0.0387873649597168,0.5,0.0,532004.2190127537,298105.40581665153,188.4800000000003,0.0
normal,125,54.97065167074279,19.976705715055893,4378.217042874242,2404.07585336009,122.4570428742427,0.0,4355.759999999999,2404.07585336009,100.0,0.0,0.0,2722.3499999999995,0.0,0.0,2404.07585336009,0.0,0.10732626914978027,0.026645421981811523,0.5,0.0,536382.4360556279,300509.48167001165,190.0000000000003,0.0
normal,126,54.6211800617788,23.637213610099796,4408.799076654406,2404.07585336009,145.90467665440647,0.0,4362.8944,2404.07585336009,100.0,0.0,0.0,2726.8089999999993,0.0,0.0,2404.07585336009,0.0,0.11536812782287598,0.03702855110168457,0.5,0.0,540791.2351322823,302913.55752337177,191.52000000000032,0.0
normal,127,57.26068036701133,22.111529594522082,4405.812584984134,2404.07585336009,132.37898498413438,0.0,4373.4336,2404.07585336009,100.0,0.0,0.0,2733.396,0.0,0.0,2404.07585336009,0.0,0.09160923957824707,0.023685455322265625,0.5,0.0,545197.0477172664,305317.6333767319,193.04000000000033,0.0
normal,128,47.66870372363751,19.276363500771083,3956.5642575592046,2404.07585336009,114.05305755920348,0.0,3942.5112000000013,2404.07585336009,100.0,0.0,0.0,2464.0695000000005,0.0,0.0,2404.07585336009,0.0,0.10870671272277832,0.02413797378540039,0.5,0.0,549153.6119748256,307721.709230092,194.56000000000034,0.0
normal,129,50.1923890572099,19.102356145624203,3962.2432929565757,2404.07585336009,129.07049295657512,0.0,3933.1728000000007,2404.07585336009,100.0,0.0,0.0,2458.2329999999997,0.0,0.0,2404.07585336009,0.0,0.10928177833557129,0.03399395942687988,0.5,0.0,553115.8552677822,310125.7850834521,196.08000000000035,0.0
normal,130,55.0501966815776,22.259755325368154,4393.870265090045,2404.07585336009,142.99666509004456,0.0,4350.873600000001,2404.07585336009,100.0,0.0,0.0,2719.2960000000007,0.0,0.0,2404.07585336009,0.0,0.19332385063171387,0.05276989936828613,0.5,0.0,557509.7255328723,312529.86093681224,197.60000000000036,0.0
normal,131,55.655531220630856,23.073087324272876,4407.641565696482,2404.07585336009,147.93116569648222,0.0,4359.7104,2404.07585336009,100.0,0.0,0.0,2724.819,0.0,0.0,2404.07585336009,0.0,0.1262345314025879,0.03199172019958496,0.5,0.0,561917.3670985687,314933.93679017236,199.12000000000037,0.0
normal,132,58.142906956666344,23.641738849342403,4393.2957108294495,2404.07585336009,139.23811082945,0.0,4354.057599999999,2404.07585336009,100.0,0.0,0.0,2721.2859999999996,0.0,0.0,2404.07585336009,0.0,0.11050748825073242,0.046233177185058594,0.5,0.0,566310.6628093981,317338.0126435325,200.64000000000038,0.0
normal,133,54.40926838635454,26.017833880729995,4403.896627666068,2404.07585336009,156.8102276660676,0.0,4347.0864,2404.07585336009,100.0,0.0,0.0,2716.929,0.0,0.0,2404.07585336009,0.0,0.10870194435119629,0.024059057235717773,0.5,0.0,570714.5594370642,319742.0884968926,202.1600000000004,0.0
normal,134,52.69478802752972,24.029746761009548,4396.428608205952,2404.07585336009,122.9950082059511,0.0,4373.4336,2404.07585336009,100.0,0.0,0.0,2733.396,0.0,0.0,2404.07585336009,0.0,0.08699679374694824,0.031026601791381836,0.5,0.0,575110.9880452702,322146.1643502527,203.6800000000004,0.0
normal,135,50.12110923974577,23.619277964272293,3964.6984728108864,2404.07585336009,139.47879281088524,0.0,3925.219680000001,2404.07585336009,100.0,0.0,0.0,2453.2623000000012,0.0,0.0,2404.07585336009,0.0,0.09331369400024414,0.019103288650512695,0.5,0.0,579075.6865180811,324550.24020361283,205.20000000000041,0.0
normal,136,49.076017118375184,20.811199985753426,3953.4677665367694,2404.07585336009,120.29496653676867,0.0,3933.1728000000007,2404.07585336009,100.0,0.0,0.0,2458.2329999999997,0.0,0.0,2404.07585336009,0.0,0.0854642391204834,0.024784326553344727,0.5,0.0,583029.1542846179,326954.31605697295,206.72000000000043,0.0
normal,137,55.39032687466073,22.173933387450735,4399.440251445993,2404.07585336009,148.56665144599222,0.0,4350.873600000001,2404.07585336009,100.0,0.0,0.0,2719.2960000000007,0.0,0.0,2404.07585336009,0.0,0.16310667991638184,0.023080110549926758,0.5,0.0,587428.5945360638,329358.39191033307,208.24000000000044,0.0
normal,138,54.90236726991125,22.951418047622646,4387.953548140434,2404.07585336009,128.24314814043345,0.0,4359.7104,2404.07585336009,100.0,0.0,0.0,2724.819,0.0,0.0,2404.07585336009,0.0,0.1051187515258789,0.025819778442382812,0.5,0.0,591816.5480842043,331762.4677636932,209.76000000000045,0.0
normal,139,57.475810546719366,25.044232654328013,4384.132934453388,2404.07585336009,130.07533445338905,0.0,4354.057599999999,2404.07585336009,100.0,0.0,0.0,2721.2859999999996,0.0,0.0,2404.07585336009,0.0,0.11464834213256836,0.029062747955322266,0.5,0.0,596200.6810186577,334166.5436170533,211.28000000000046,0.0
normal,140,54.09991123676272,22.63930256769185,4398.495549776963,2404.07585336009,154.8139497769632,0.0,4343.6816,2404.07585336009,100.0,0.0,0.0,2714.8009999999995,0.0,0.0,2404.07585336009,0.0,0.11631441116333008,0.03261756896972656,0.5,0.0,600599.1765684347,336570.6194704134,212.80000000000047,0.0
normal,141,55.65673241237469,21.786394809242474,4401.011519208716,2404.07585336009,130.98271920871574,0.0,4370.0288,2404.07585336009,100.0,0.0,0.0,2731.2680000000005,0.0,0.0,2404.07585336009,0.0,0.1001284122467041,0.02304244041442871,0.5,0.0,605000.1880876434,338974.69532377354,214.32000000000048,0.0
normal,142,46.87517623180696,17.488068480558866,3971.141804410756,2404.07585336009,127.09844441075444,0.0,3944.0433600000015,2404.07585336009,100.0,0.0,0.0,2465.027100000001,0.0,0.0,2404.07585336009,0.0,0.10662364959716797,0.027851104736328125,0.5,0.0,608971.3298920541,341378.77117713366,215.8400000000005,0.0
normal,143,49.607366744555556,19.90676094966602,3972.7890031245443,2404.07585336009,120.79252312454358,0.0,3951.9964800000007,2404.07585336009,100.0,0.0,0.0,2469.9977999999996,0.0,0.0,2404.07585336009,0.0,0.0912325382232666,0.029873371124267578,0.5,0.0,612944.1188951787,343782.8470304938,217.3600000000005,0.0
normal,144,54.82633952012109,24.74436869653214,4405.937306361153,2404.07585336009,137.55330636115167,0.0,4368.384000000001,2404.07585336009,100.0,0.0,0.0,2730.2400000000007,0.0,0.0,2404.07585336009,0.0,0.12150025367736816,0.03499746322631836,0.5,0.0,617350.0562015398,346186.9228838539,218.8800000000005,0.0
normal,145,57.445335292217685,22.38203502161649,4401.723527745294,2404.07585336009,124.50272774529408,0.0,4377.2208,2404.07585336009,100.0,0.0,0.0,2735.763,0.0,0.0,2404.07585336009,0.0,0.10378336906433105,0.025829792022705078,0.5,0.0,621751.7797292852,348590.998737214,220.40000000000052,0.0
normal,146,57.2807396718566,24.437652691867697,4376.973817379926,2404.07585336009,121.2138173799268,0.0,4355.759999999999,2404.07585336009,100.0,0.0,0.0,2722.3499999999995,0.0,0.0,2404.07585336009,0.0,0.09632015228271484,0.035588979721069336,0.5,0.0,626128.7535466651,350995.07459057414,221.92000000000053,0.0
normal,147,57.42536768690892,21.715656492142788,4398.15880024484,2404.07585336009,133.5620002448399,0.0,4364.5968,2404.07585336009,100.0,0.0,0.0,2727.8730000000005,0.0,0.0,2404.07585336009,0.0,0.10018348693847656,0.028997421264648438,0.5,0.0,630526.9123469099,353399.15044393425,223.44000000000054,0.0
normal,148,55.87313356925379,24.045761535828685,4414.015597925298,2404.07585336009,142.2843979252977,0.0,4371.7312,2404.07585336009,100.0,0.0,0.0,2732.3320000000003,0.0,0.0,2404.07585336009,0.0,0.11179852485656738,0.052057743072509766,0.5,0.0,634940.9279448352,355803.2262972944,224.96000000000055,0.0
normal,149,50.1808150596057,18.633384340551064,3955.1774181565934,2404.07585336009,112.66621815659211,0.0,3942.5112000000013,2404.07585336009,100.0,0.0,0.0,2464.0695000000005,0.0,0.0,2404.07585336009,0.0,0.11467599868774414,0.02606344223022461,0.5,0.0,638896.1053629918,358207.3021506545,226.48000000000056,0.0
normal,150,49.33714952819989,22.4168411965965,3980.403633460544,2404.07585336009,128.40715346054333,0.0,3951.9964800000007,2404.07585336009,100.0,0.0,0.0,2469.9977999999996,0.0,0.0,2404.07585336009,0.0,0.10399222373962402,0.03526115417480469,0.5,0.0,642876.5089964523,360611.3780040146,228.00000000000057,0.0
normal,151,56.68731772866042,24.27728167143354,4395.867225724244,2404.07585336009,146.69602572424347,0.0,4349.171200000001,2404.07585336009,100.0,0.0,0.0,2718.232000000001,0.0,0.0,2404.07585336009,0.0,0.13912272453308105,0.0416722297668457,0.5,0.0,647272.3762221766,363015.4538573747,229.52000000000058,0.0
normal,152,58.273506046454344,23.88853372777856,4404.050148061877,2404.07585336009,142.63734806187722,0.0,4361.4128,2404.07585336009,100.0,0.0,0.0,2725.883,0.0,0.0,2404.07585336009,0.0,0.10547542572021484,0.022638797760009766,0.5,0.0,651676.4263702384,365419.52971073485,231.0400000000006,0.0
normal,153,59.155911828027946,23.204184724703445,4396.32112913043,2404.07585336009,140.56112913043032,0.0,4355.759999999999,2404.07585336009,100.0,0.0,0.0,2722.3499999999995,0.0,0.0,2404.07585336009,0.0,0.12105536460876465,0.03170180320739746,0.5,0.0,656072.7474993689,367823.60556409496,232.5600000000006,0.0
normal,154,59.01824212622245,22.192795759075228,4400.554600557831,2404.07585336009,137.66020055783068,0.0,4362.8944,2404.07585336009,100.0,0.0,0.0,2726.8089999999993,0.0,0.0,2404.07585336009,0.0,0.09833621978759766,0.031691789627075195,0.5,0.0,660473.3020999266,370227.6814174551,234.0800000000006,0.0
normal,155,57.2847582548535,24.4542266400804,4421.762551250961,2404.07585336009,148.3289512509613,0.0,4373.4336,2404.07585336009,100.0,0.0,0.0,2733.396,0.0,0.0,2404.07585336009,0.0,0.09739422798156738,0.03304648399353027,0.5,0.0,664895.0646511776,372631.7572708152,235.60000000000062,0.0
normal,156,54.037465295888126,22.767899444533818,3985.085896344351,2404.07585336009,141.0425363443498,0.0,3944.0433600000015,2404.07585336009,100.0,0.0,0.0,2465.027100000001,0.0,0.0,2404.07585336009,0.0,0.10672116279602051,0.028705596923828125,0.5,0.0,668880.150547522,375035.8331241753,237.12000000000063,0.0
normal,157,51.16236397647976,22.313877670076575,3969.7269487246026,2404.07585336009,133.48982872460206,0.0,3936.2371200000007,2404.07585336009,100.0,0.0,0.0,2460.1482,0.0,0.0,2404.07585336009,0.0,0.0793924331665039,0.031050920486450195,0.5,0.0,672849.8774962466,377439.90897753544,238.64000000000064,0.0
normal,158,59.7238401477613,24.40032347181823,4391.87943831688,2404.07585336009,125.19783831687859,0.0,4366.681600000001,2404.07585336009,100.0,0.0,0.0,2729.1760000000004,0.0,0.0,2404.07585336009,0.0,0.11304593086242676,0.03360390663146973,0.5,0.0,677241.7569345635,379843.98483089556,240.16000000000065,0.0
normal,159,62.83053530252685,24.55053667744493,4423.985103095221,2404.07585336009,169.38190309522108,0.0,4354.6032000000005,2404.07585336009,100.0,0.0,0.0,2721.627,0.0,0.0,2404.07585336009,0.0,0.09972000122070312,0.0310666561126709,0.5,0.0,681665.7420376587,382248.0606842557,241.68000000000066,0.0
normal,160,58.5987893782559,21.927758965055496,4396.717694412381,2404.07585336009,140.95769441238193,0.0,4355.759999999999,2404.07585336009,100.0,0.0,0.0,2722.3499999999995,0.0,0.0,2404.07585336009,0.0,0.11008167266845703,0.027780532836914062,0.5,0.0,686062.459732071,384652.1365376158,243.20000000000067,0.0
normal,161,61.75977671687062,24.497043004108868,4404.160837902651,2404.07585336009,141.26643790265086,0.0,4362.8944,2404.07585336009,100.0,0.0,0.0,2726.8089999999993,0.0,0.0,2404.07585336009,0.0,0.10512256622314453,0.02899646759033203,0.5,0.0,690466.6205699737,387056.2123909759,244.72000000000068,0.0
normal,162,62.122230450043084,20.803374219214703,4398.992699561458,2404.07585336009,146.47429956145808,0.0,4352.5184,2404.07585336009,100.0,0.0,0.0,2720.3240000000005,0.0,0.0,2404.07585336009,0.0,0.1148536205291748,0.040287017822265625,0.5,0.0,694865.6132695351,389460.288244336,246.2400000000007,0.0
normal,163,56.24948888826651,19.443175763820026,3963.90550516809,2404.07585336009,119.86214516808818,0.0,3944.0433600000015,2404.07585336009,100.0,0.0,0.0,2465.027100000001,0.0,0.0,2404.07585336009,0.0,0.10544514656066895,0.0330049991607666,0.5,0.0,698829.5187747033,391864.36409769615,247.7600000000007,0.0
normal,164,56.87879118480694,22.339126377623476,3984.7707029228077,2404.07585336009,134.3063829228067,0.0,3950.464320000001,2404.07585336009,100.0,0.0,0.0,2469.0402,0.0,0.0,2404.07585336009,0.0,0.09703230857849121,0.025996685028076172,0.5,0.0,702814.2894776261,394268.43995105627,249.2800000000007,0.0
normal,165,61.219687170570985,21.361518259842573,4397.6580380296,2404.07585336009,151.89163802959845,0.0,4345.766400000001,2404.07585336009,100.0,0.0,0.0,2716.1040000000007,0.0,0.0,2404.07585336009,0.0,0.11206841468811035,0.03524065017700195,0.5,0.0,707211.9475156557,396672.5158044164,250.80000000000072,0.0
normal,166,61.45049377696767,24.15257853326547,4412.732658112568,2404.07585336009,153.02225811256818,0.0,4359.7104,2404.07585336009,100.0,0.0,0.0,2724.819,0.0,0.0,2404.07585336009,0.0,0.10674524307250977,0.023093700408935547,0.5,0.0,711624.6801737682,399076.5916577765,252.32000000000073,0.0
normal,167,61.095087016692595,22.070533101313764,4392.946066469056,2404.07585336009,137.18606646905627,0.0,4355.759999999999,2404.07585336009,100.0,0.0,0.0,2722.3499999999995,0.0,0.0,2404.07585336009,0.0,0.1169888973236084,0.033655643463134766,0.5,0.0,716017.6262402373,401480.6675111366,253.84000000000074,0.0
normal,168,63.120279229465986,21.887574860256564,4390.282951182261,2404.07585336009,146.60135118226106,0.0,4343.6816,2404.07585336009,100.0,0.0,0.0,2714.8009999999995,0.0,0.0,2404.07585336009,0.0,0.0843207836151123,0.02473139762878418,0.5,0.0,720407.9091914195,403884.74336449674,255.36000000000075,0.0
normal,169,62.083245668849976,24.161703700222404,4430.807435397358,2404.07585336009,157.37383539735765,0.0,4373.4336,2404.07585336009,100.0,0.0,0.0,2733.396,0.0,0.0,2404.07585336009,0.0,0.1145925521850586,0.03400135040283203,0.5,0.0,724838.7166268169,406288.81921785686,256.88000000000073,0.0
normal,170,53.71403248739431,19.09422472623007,3970.101738292687,2404.07585336009,126.05837829268536,0.0,3944.0433600000015,2404.07585336009,100.0,0.0,0.0,2465.027100000001,0.0,0.0,2404.07585336009,0.0,0.09604477882385254,0.020006656646728516,0.5,0.0,728808.8183651096,408692.895071217,258.4000000000007,0.0
normal,171,55.13348153286514,19.396543526400574,3977.9309641528075,2404.07585336009,125.93448415280679,0.0,3951.9964800000007,2404.07585336009,100.0,0.0,0.0,2469.9977999999996,0.0,0.0,2404.07585336009,0.0,0.0917809009552002,0.03629803657531738,0.5,0.0,732786.7493292624,411096.9709245771,259.9200000000007,0.0
normal,172,65.23109419914344,21.494358946740796,4393.858063205,2404.07585336009,144.68686320499913,0.0,4349.171200000001,2404.07585336009,100.0,0.0,0.0,2718.232000000001,0.0,0.0,2404.07585336009,0.0,0.08664560317993164,0.020715951919555664,0.5,0.0,737180.6073924674,413501.0467779372,261.4400000000007,0.0
normal,173,63.87649764135225,22.79001898103333,4412.8186937357095,2404.07585336009,153.10829373570985,0.0,4359.7104,2404.07585336009,100.0,0.0,0.0,2724.819,0.0,0.0,2404.07585336009,0.0,0.10017037391662598,0.026079416275024414,0.5,0.0,741593.4260862032,415905.12263129733,262.96000000000066,0.0
normal,174,65.8050137334734,21.512821626007423,4376.451989637346,2404.07585336009,141.607189637346,0.0,4334.8448,2404.07585336009,100.0,0.0,0.0,2709.2779999999993,0.0,0.0,2404.07585336009,0.0,0.11465597152709961,0.022062063217163086,0.5,0.0,745969.8780758405,418309.19848465745,264.48000000000064,0.0
normal,175,63.93778206822773,22.1062178413134,4411.194293732837,2404.07585336009,148.29989373283675,0.0,4362.8944,2404.07585336009,100.0,0.0,0.0,2726.8089999999993,0.0,0.0,2404.07585336009,0.0,0.10514497756958008,0.02561807632446289,0.5,0.0,750381.0723695734,420713.27433801757,266.0000000000006,0.0
normal,176,62.386669041931036,21.562395111526513,4399.967888548566,2404.07585336009,128.2366885485662,0.0,4371.7312,2404.07585336009,100.0,0.0,0.0,2732.3320000000003,0.0,0.0,2404.07585336009,0.0,0.09755587577819824,0.03469491004943848,0.5,0.0,754781.040258122,423117.3501913777,267.5200000000006,0.0
normal,177,58.298417239524305,19.176523121121516,3970.6099349876804,2404.07585336009,128.09873498767897,0.0,3942.5112000000013,2404.07585336009,100.0,0.0,0.0,2464.0695000000005,0.0,0.0,2404.07585336009,0.0,0.12384605407714844,0.02965521812438965,0.5,0.0,758751.6501931098,425521.4260447378,269.0400000000006,0.0
normal,178,59.41522926945256,21.06544790619253,3984.0388446964776,2404.07585336009,132.0423646964768,0.0,3951.9964800000007,2404.07585336009,100.0,0.0,0.0,2469.9977999999996,0.0,0.0,2404.07585336009,0.0,0.09462594985961914,0.030511856079101562,0.5,0.0,762735.6890378062,427925.5018980979,270.56000000000057,0.0
normal,179,66.0296587233803,24.570236950537495,4433.24988843391,2404.07585336009,182.3762884339098,0.0,4350.873600000001,2404.07585336009,100.0,0.0,0.0,2719.2960000000007,0.0,0.0,2404.07585336009,0.0,0.2081317901611328,0.03408622741699219,0.5,0.0,767168.9389262402,430329.57775145804,272.08000000000055,0.0
normal,180,65.610394469496,23.500836817935195,4413.613270602923,2404.07585336009,136.3924706029225,0.0,4377.2208,2404.07585336009,100.0,0.0,0.0,2735.763,0.0,0.0,2404.07585336009,0.0,0.12209486961364746,0.04570293426513672,0.5,0.0,771582.5521968431,432733.65360481816,273.60000000000053,0.0
normal,181,69.10753657379082,24.84304180565935,4426.8626820675945,2404.07585336009,171.10268206759494,0.0,4355.759999999999,2404.07585336009,100.0,0.0,0.0,2722.3499999999995,0.0,0.0,2404.07585336009,0.0,0.1160893440246582,0.034735918045043945,0.5,0.0,776009.4148789106,435137.7294581783,275.1200000000005,0.0
normal,182,67.80321109234661,23.045232004530916,4418.210976114586,2404.07585336009,174.52937611458572,0.0,4343.6816,2404.07585336009,100.0,0.0,0.0,2714.8009999999995,0.0,0.0,2404.07585336009,0.0,0.11006999015808105,0.03498530387878418,0.5,0.0,780427.6258550253,437541.8053115384,276.6400000000005,0.0
normal,183,67.63739347547047,21.56063740979482,4404.271713990123,2404.07585336009,150.0509139901232,0.0,4354.2208,2404.07585336009,100.0,0.0,0.0,2721.3880000000004,0.0,0.0,2404.07585336009,0.0,0.10074520111083984,0.04839968681335449,0.5,0.0,784831.8975690154,439945.8811648985,278.1600000000005,0.0
normal,184,60.90873342515963,23.39393602525782,3981.28582020533,2404.07585336009,138.77462020532846,0.0,3942.5112000000013,2404.07585336009,100.0,0.0,0.0,2464.0695000000005,0.0,0.0,2404.07585336009,0.0,0.11035704612731934,0.03499293327331543,0.5,0.0,788813.1833892207,442349.95701825863,279.68000000000046,0.0
normal,185,64.39650229598227,20.200283503059946,3988.4998174777584,2404.07585336009,156.85917747775719,0.0,3931.640640000001,2404.07585336009,100.0,0.0,0.0,2457.2754,0.0,0.0,2404.07585336009,0.0,0.10309767723083496,0.04570364952087402,0.5,0.0,792801.6832066985,444754.03287161875,281.20000000000044,0.0
normal,186,72.91439051811676,24.412990720637453,4422.622253298883,2404.07585336009,173.45105329888273,0.0,4349.171200000001,2404.07585336009,100.0,0.0,0.0,2718.232000000001,0.0,0.0,2404.07585336009,0.0,0.11908793449401855,0.03398561477661133,0.5,0.0,797224.3054599974,447158.10872497887,282.7200000000004,0.0
normal,187,71.08677553908332,22.97461524898611,4411.454421458476,2404.07585336009,150.04162145847582,0.0,4361.4128,2404.07585336009,100.0,0.0,0.0,2725.883,0.0,0.0,2404.07585336009,0.0,0.08873629570007324,0.03363800048828125,0.5,0.0,801635.7598814559,449562.184578339,284.2400000000004,0.0
normal,188,67.1192151031503,21.148690033457047,4385.437503819236,2404.07585336009,147.18790381923566,0.0,4338.2496,2404.07585336009,100.0,0.0,0.0,2711.4059999999995,0.0,0.0,2404.07585336009,0.0,0.1885218620300293,0.03029346466064453,0.5,0.0,806021.1973852752,451966.2604316991,285.7600000000004,0.0
normal,189,70.43912578346031,24.27910692593236,4417.780559759901,2404.07585336009,174.09895975990065,0.0,4343.6816,2404.07585336009,100.0,0.0,0.0,2714.8009999999995,0.0,0.0,2404.07585336009,0.0,0.09937429428100586,0.0429837703704834,0.5,0.0,810438.9779450351,454370.3362850592,287.28000000000037,0.0
normal,190,67.13854558328812,22.65840195572177,4421.0852170910075,2404.07585336009,149.35401709100697,0.0,4371.7312,2404.07585336009,100.0,0.0,0.0,2732.3320000000003,0.0,0.0,2404.07585336009,0.0,0.10312080383300781,0.03700447082519531,0.5,0.0,814860.0631621261,456774.41213841934,288.80000000000035,0.0
normal,191,61.089734155337474,20.537169200363834,3969.8184104715533,2404.07585336009,128.83937047155214,0.0,3940.979040000001,2404.07585336009,100.0,0.0,0.0,2463.111900000001,0.0,0.0,2404.07585336009,0.0,0.10786247253417969,0.029771804809570312,0.5,0.0,818829.8815725977,459178.48799177946,290.32000000000033,0.0
normal,192,63.662491340690956,21.932551324066242,3985.08048459427,2404.07585336009,134.6161645942688,0.0,3950.464320000001,2404.07585336009,100.0,0.0,0.0,2469.0402,0.0,0.0,2404.07585336009,0.0,0.10950255393981934,0.02333807945251465,0.5,0.0,822814.9620571919,461582.5638451396,291.8400000000003,0.0
normal,193,70.27309508983275,24.019005274349087,4417.161177840359,2404.07585336009,150.47957784035847,0.0,4366.681600000001,2404.07585336009,100.0,0.0,0.0,2729.1760000000004,0.0,0.0,2404.07585336009,0.0,0.08923172950744629,0.021971464157104492,0.5,0.0,827232.1232350322,463986.6396984997,293.3600000000003,0.0
normal,194,70.02827577625989,21.51019714876259,4426.429663925622,2404.07585336009,149.20886392562127,0.0,4377.2208,2404.07585336009,100.0,0.0,0.0,2735.763,0.0,0.0,2404.07585336009,0.0,0.09676623344421387,0.032288551330566406,0.5,0.0,831658.5528989579,466390.7155518598,294.8800000000003,0.0
normal,195,72.32580441960101,24.31519022182215,4419.264703994977,2404.07585336009,182.71750399497685,0.0,4336.5472,2404.07585336009,100.0,0.0,0.0,2710.3419999999996,0.0,0.0,2404.07585336009,0.0,0.10834121704101562,0.029978513717651367,0.5,0.0,836077.8176029528,468794.79140521993,296.40000000000026,0.0
normal,196,74.26111979640984,19.780798052886336,4422.584732032443,2404.07585336009,157.987932032443,0.0,4364.5968,2404.07585336009,100.0,0.0,0.0,2727.8730000000005,0.0,0.0,2404.07585336009,0.0,0.07450509071350098,0.03597617149353027,0.5,0.0,840500.4023349853,471198.86725858005,297.92000000000024,0.0
normal,197,71.45095553392356,24.238409799896882,4433.8962158146305,2404.07585336009,179.67541581463038,0.0,4354.2208,2404.07585336009,100.0,0.0,0.0,2721.3880000000004,0.0,0.0,2404.07585336009,0.0,0.10672783851623535,0.04440808296203613,0.5,0.0,844934.2985508,473602.94311194017,299.4400000000002,0.0
normal,198,64.96544313941659,18.005468968428023,3966.4177515010388,2404.07585336009,141.19807150103762,0.0,3925.219680000001,2404.07585336009,100.0,0.0,0.0,2453.2623000000012,0.0,0.0,2404.07585336009,0.0,0.12259864807128906,0.03604769706726074,0.5,0.0,848900.716302301,476007.0189653003,300.9600000000002,0.0
normal,199,66.26418103300598,20.075113841569877,4004.9737896432043,2404.07585336009,152.9773096432034,0.0,3951.9964800000007,2404.07585336009,100.0,0.0,0.0,2469.9977999999996,0.0,0.0,2404.07585336009,0.0,0.09818339347839355,0.026575565338134766,0.5,0.0,852905.6900919442,478411.0948186604,302.4800000000002,0.0
normal,200,73.86155383057145,23.464294691434056,4423.196202772101,2404.07585336009,154.8122027720997,0.0,4368.384000000001,2404.07585336009,100.0,0.0,0.0,2730.2400000000007,0.0,0.0,2404.07585336009,0.0,0.16515445709228516,0.03573417663574219,0.5,0.0,857328.8862947163,480815.1706720205,304.00000000000017,0.0
normal,201,75.16702471845572,22.600775897201004,4425.181056084889,2404.07585336009,165.4706560848889,0.0,4359.7104,2404.07585336009,100.0,0.0,0.0,2724.819,0.0,0.0,2404.07585336009,0.0,0.1013951301574707,0.020633935928344727,0.5,0.0,861754.0673508012,483219.24652538064,305.52000000000015,0.0
normal,202,76.22836388852572,25.58531388822953,4410.522380169,2404.07585336009,177.37998016900053,0.0,4333.1424,2404.07585336009,100.0,0.0,0.0,2708.2139999999995,0.0,0.0,2404.07585336009,0.0,0.1007227897644043,0.041013240814208984,0.5,0.0,866164.5897309702,485623.32237874076,307.04000000000013,0.0
normal,203,74.33966639714576,22.68157747349098,4410.763636428494,2404.07585336009,151.27403642849274,0.0,4359.489600000001,2404.07585336009,100.0,0.0,0.0,2724.6809999999996,0.0,0.0,2404.07585336009,0.0,0.1215512752532959,0.0415952205657959,0.5,0.0,870575.3533673987,488027.3982321009,308.5600000000001,0.0
normal,204,75.87820261182219,24.36118331240573,4426.053782190965,2404.07585336009,152.62018219096464,0.0,4373.4336,2404.07585336009,100.0,0.0,0.0,2733.396,0.0,0.0,2404.07585336009,0.0,0.12116718292236328,0.027986764907836914,0.5,0.0,875001.4071495897,490431.474085461,310.0800000000001,0.0
normal,205,69.66710545558354,20.629350756877724,3990.401921492182,2404.07585336009,149.4228814921807,0.0,3940.979040000001,2404.07585336009,100.0,0.0,0.0,2463.111900000001,0.0,0.0,2404.07585336009,0.0,0.10377359390258789,0.035411834716796875,0.5,0.0,878991.8090710819,492835.5499388211,311.6000000000001,0.0
normal,206,69.47570124616813,20.946778564391515,4004.4383635158747,2404.07585336009,169.73340351587333,0.0,3934.704960000001,2404.07585336009,100.0,0.0,0.0,2459.1906000000004,0.0,0.0,2404.07585336009,0.0,0.10647463798522949,0.04406404495239258,0.5,0.0,882996.2474345978,495239.62579218124,313.12000000000006,0.0
normal,207,77.12572411695417,22.26948479512534,4431.890396532894,2404.07585336009,179.3143965328929,0.0,4352.576000000001,2404.07585336009,100.0,0.0,0.0,2720.3600000000006,0.0,0.0,2404.07585336009,0.0,0.11203670501708984,0.033620595932006836,0.5,0.0,887428.1378311308,497643.70164554135,314.64000000000004,0.0
normal,208,76.70671369473838,23.776666991110393,4441.089322569333,2404.07585336009,179.67652256933206,0.0,4361.4128,2404.07585336009,100.0,0.0,0.0,2725.883,0.0,0.0,2404.07585336009,0.0,0.1014399528503418,0.03263044357299805,0.5,0.0,891869.2271537001,500047.7774989015,316.16,0.0
normal,209,81.80321136307873,23.290265281214126,4432.818190536656,2404.07585336009,177.05819053665687,0.0,4355.759999999999,2404.07585336009,100.0,0.0,0.0,2722.3499999999995,0.0,0.0,2404.07585336009,0.0,0.0987246036529541,0.03472280502319336,0.5,0.0,896302.0453442368,502451.8533522616,317.68,0.0
normal,210,78.6036606354538,25.064270704086745,4431.231441298339,2404.07585336009,166.63464129833815,0.0,4364.5968,2404.07585336009,100.0,0.0,0.0,2727.8730000000005,0.0,0.0,2404.07585336009,0.0,0.11045670509338379,0.033069610595703125,0.5,0.0,900733.2767855352,504855.9292056217,319.2,0.0
normal,211,80.49998203503635,18.933623907873827,4433.508035931547,2404.07585336009,160.07443593154653,0.0,4373.4336,2404.07585336009,100.0,0.0,0.0,2733.396,0.0,0.0,2404.07585336009,0.0,0.10212945938110352,0.028988361358642578,0.5,0.0,905166.7848214667,507260.0050589818,320.71999999999997,0.0
normal,212,71.16707104317659,17.037203111271484,3992.446038777148,2404.07585336009,148.40267877714643,0.0,3944.0433600000015,2404.07585336009,100.0,0.0,0.0,2465.027100000001,0.0,0.0,2404.07585336009,0.0,0.10941290855407715,0.02570199966430664,0.5,0.0,909159.2308602438,509664.08091234195,322.23999999999995,0.0
normal,213,69.75134630215267,22.129738399557635,4000.7110136834826,2404.07585336009,150.24669368348188,0.0,3950.464320000001,2404.07585336009,100.0,0.0,0.0,2469.0402,0.0,0.0,2404.07585336009,0.0,0.09557723999023438,0.022988557815551758,0.5,0.0,913159.9418739273,512068.15676570206,323.75999999999993,0.0
normal,214,78.94647962245057,22.735818821903937,4431.220875258853,2404.07585336009,182.04967525885206,0.0,4349.171200000001,2404.07585336009,100.0,0.0,0.0,2718.232000000001,0.0,0.0,2404.07585336009,0.0,0.19283294677734375,0.037270545959472656,0.5,0.0,917591.1627491862,514472.2326190622,325.2799999999999,0.0
normal,215,79.69218979253121,24.853549999437558,4452.122168533413,2404.07585336009,174.90136853341264,0.0,4377.2208,2404.07585336009,100.0,0.0,0.0,2735.763,0.0,0.0,2404.07585336009,0.0,0.10999059677124023,0.02369546890258789,0.5,0.0,922043.2849177195,516876.3084724223,326.7999999999999,0.0
normal,216,80.68526400750473,20.873818116458107,4438.142747286266,2404.07585336009,182.38274728626664,0.0,4355.759999999999,2404.07585336009,100.0,0.0,0.0,2722.3499999999995,0.0,0.0,2404.07585336009,0.0,0.10436630249023438,0.03573775291442871,0.5,0.0,926481.4276650058,519280.3843257824,328.3199999999999,0.0
normal,217,79.33466149503745,22.534710003184745,4436.254712601341,2404.07585336009,171.65791260134154,0.0,4364.5968,2404.07585336009,100.0,0.0,0.0,2727.8730000000005,0.0,0.0,2404.07585336009,0.0,0.10475516319274902,0.03358602523803711,0.5,0.0,930917.6823776071,521684.46017914254,329.83999999999986,0.0
normal,218,80.25261145838502,24.711053474938414,4445.760368321641,2404.07585336009,193.24196832164097,0.0,4352.5184,2404.07585336009,100.0,0.0,0.0,2720.3240000000005,0.0,0.0,2404.07585336009,0.0,0.10266590118408203,0.04166698455810547,0.5,0.0,935363.4427459288,524088.53603250266,331.35999999999984,0.0
normal,219,72.52409420616554,21.334799077247645,4001.48808160315,2404.07585336009,157.44472160314882,0.0,3944.0433600000015,2404.07585336009,100.0,0.0,0.0,2465.027100000001,0.0,0.0,2404.07585336009,0.0,0.11304974555969238,0.044043540954589844,0.5,0.0,939364.930827532,526492.6118858628,332.8799999999998,0.0
normal,220,73.18503352887042,22.38643120524184,4014.5415480466363,2404.07585336009,162.54506804663558,0.0,3951.9964800000007,2404.07585336009,100.0,0.0,0.0,2469.9977999999996,0.0,0.0,2404.07585336009,0.0,0.09270095825195312,0.03132748603820801,0.5,0.0,943379.4723755786,528896.6877392229,334.3999999999998,0.0
normal,221,83.41454036304863,22.976168288075804,4428.911907684337,2404.07585336009,176.33590768433587,0.0,4352.576000000001,2404.07585336009,100.0,0.0,0.0,2720.3600000000006,0.0,0.0,2404.07585336009,0.0,0.10037803649902344,0.07212638854980469,0.5,0.0,947808.3842832629,531300.763592583,335.9199999999998,0.0
normal,222,84.9911160564511,21.92605323957532,4435.395437156643,2404.07585336009,159.8770371566434,0.0,4375.5184,2404.07585336009,100.0,0.0,0.0,2734.699,0.0,0.0,2404.07585336009,0.0,0.10599279403686523,0.015646934509277344,0.5,0.0,952243.7797204196,533704.8394459431,337.43999999999977,0.0
normal,223,82.87666822740407,22.910541786282657,4421.466736596672,2404.07585336009,186.62193659667193,0.0,4334.8448,2404.07585336009,100.0,0.0,0.0,2709.2779999999993,0.0,0.0,2404.07585336009,0.0,0.12160158157348633,0.03698015213012695,0.5,0.0,956665.2464570162,536108.9152993032,338.95999999999975,0.0
normal,224,84.88548182093353,23.013732973873935,4444.990397305354,2404.07585336009,180.39359730535364,0.0,4364.5968,2404.07585336009,100.0,0.0,0.0,2727.8730000000005,0.0,0.0,2404.07585336009,0.0,0.10798764228820801,0.03126955032348633,0.5,0.0,961110.2368543216,538512.9911526634,340.47999999999973,0.0
normal,225,83.5869581133221,20.895749651940154,4432.291236935836,2404.07585336009,162.26243693583606,0.0,4370.0288,2404.07585336009,100.0,0.0,0.0,2731.2680000000005,0.0,0.0,2404.07585336009,0.0,0.09330391883850098,0.025462627410888672,0.5,0.0,965542.5280912574,540917.0670060235,341.9999999999997,0.0
normal,226,77.09530981475741,20.88301721622349,4005.365345920779,2404.07585336009,178.61350592077807,0.0,3926.7518400000013,2404.07585336009,100.0,0.0,0.0,2454.219900000001,0.0,0.0,2404.07585336009,0.0,0.11513614654541016,0.02399897575378418,0.5,0.0,969547.8934371782,543321.1428593836,343.5199999999997,0.0
normal,227,75.27074084518883,19.713568189845162,4004.149457246014,2404.07585336009,152.15297724601328,0.0,3951.9964800000007,2404.07585336009,100.0,0.0,0.0,2469.9977999999996,0.0,0.0,2404.07585336009,0.0,0.09910941123962402,0.0424954891204834,0.5,0.0,973552.0428944243,545725.2187127437,345.0399999999997,0.0
normal,228,84.2937320143834,20.424489438787756,4436.489762762864,2404.07585336009,168.1057627628635,0.0,4368.384000000001,2404.07585336009,100.0,0.0,0.0,2730.2400000000007,0.0,0.0,2404.07585336009,0.0,0.11646032333374023,0.033978939056396484,0.5,0.0,977988.5326571872,548129.2945661038,346.55999999999966,0.0
normal,229,84.89367479375393,20.709826052407884,4447.302207114237,2404.07585336009,187.59180711423718,0.0,4359.7104,2404.07585336009,100.0,0.0,0.0,2724.819,0.0,0.0,2404.07585336009,0.0,0.11208677291870117,0.035662174224853516,0.5,0.0,982435.8348643015,550533.370419464,348.07999999999964,0.0
normal,230,88.46501449390422,27.347272545546364,4447.504581653299,2404.07585336009,191.74458165329978,0.0,4355.759999999999,2404.07585336009,100.0,0.0,0.0,2722.3499999999995,0.0,0.0,2404.07585336009,0.0,0.10709595680236816,0.0601496696472168,0.5,0.0,986883.3394459548,552937.4462728241,349.5999999999996,0.0
normal,231,88.78991491053712,25.05061904001668,4438.850867341212,2404.07585336009,193.46686734121076,0.0,4345.384000000001,2404.07585336009,100.0,0.0,0.0,2715.865,0.0,0.0,2404.07585336009,0.0,0.11590409278869629,0.03578352928161621,0.5,0.0,991322.1903132959,555341.5221261842,351.1199999999996,0.0
normal,232,84.34409027993597,24.02585679042642,4446.568480030336,2404.07585336009,173.13488003033544,0.0,4373.4336,2404.07585336009,100.0,0.0,0.0,2733.396,0.0,0.0,2404.07585336009,0.0,0.0957481861114502,0.030966997146606445,0.5,0.0,995768.7587933262,557745.5979795443,352.6399999999996,0.0
normal,233,80.16942590497666,21.351022102089512,4000.8700820718022,2404.07585336009,158.35888207180128,0.0,3942.5112000000013,2404.07585336009,100.0,0.0,0.0,2464.0695000000005,0.0,0.0,2404.07585336009,0.0,0.1084294319152832,0.04368019104003906,0.5,0.0,999769.628875398,560149.6738329044,354.15999999999957,0.0
normal,234,80.93097097381752,21.87044849713116,4015.0536844507424,2404.07585336009,163.0572044507418,0.0,3951.9964800000007,2404.07585336009,100.0,0.0,0.0,2469.9977999999996,0.0,0.0,2404.07585336009,0.0,0.0965719223022461,0.045630455017089844,0.5,0.0,1003784.6825598486,562553.7496862645,355.67999999999955,0.0
normal,235,90.16215652691652,22.032637217114807,4446.895430169295,2404.07585336009,178.51143016929416,0.0,4368.384000000001,2404.07585336009,100.0,0.0,0.0,2730.2400000000007,0.0,0.0,2404.07585336009,0.0,0.15517711639404297,0.03361940383911133,0.5,0.0,1008231.577990018,564957.8255396247,357.19999999999953,0.0
normal,236,89.85759965681564,19.52090896940532,4459.7322382877255,2404.07585336009,182.5114382877259,0.0,4377.2208,2404.07585336009,100.0,0.0,0.0,2735.763,0.0,0.0,2404.07585336009,0.0,0.09872794151306152,0.04268336296081543,0.5,0.0,1012691.3102283056,567361.9013929848,358.7199999999995,0.0
normal,237,88.46347809801284,20.990200385194644,4426.672828721511,2404.07585336009,170.91282872151174,0.0,4355.759999999999,2404.07585336009,100.0,0.0,0.0,2722.3499999999995,0.0,0.0,2404.07585336009,0.0,0.1006171703338623,0.03152942657470703,0.5,0.0,1017117.9830570271,569765.9772463449,360.2399999999995,0.0
normal,238,91.52328704600946,23.90787531788533,4463.036381452497,2404.07585336009,215.949981452497,0.0,4347.0864,2404.07585336009,100.0,0.0,0.0,2716.929,0.0,0.0,2404.07585336009,0.0,0.11411547660827637,0.03301644325256348,0.5,0.0,1021581.0194384796,572170.053099705,361.7599999999995,0.0
normal,239,92.57678459690737,19.91384434728242,4457.9939826440095,2404.07585336009,184.56038264400962,0.0,4373.4336,2404.07585336009,100.0,0.0,0.0,2733.396,0.0,0.0,2404.07585336009,0.0,0.09979534149169922,0.03029775619506836,0.5,0.0,1026039.0134211236,574574.1289530651,363.27999999999946,0.0
normal,240,80.96556862702896,18.702788108699057,3998.8703437431095,2404.07585336009,172.11850374310836,0.0,3926.7518400000013,2404.07585336009,100.0,0.0,0.0,2454.219900000001,0.0,0.0,2404.07585336009,0.0,0.12183976173400879,0.031033992767333984,0.5,0.0,1030037.8837648667,576978.2048064253,364.79999999999944,0.0
normal,241,80.57278543384025,16.87480313618073,3992.5028751735135,2404.07585336009,156.26575517351299,0.0,3936.2371200000007,2404.07585336009,100.0,0.0,0.0,2460.1482,0.0,0.0,2404.07585336009,0.0,0.10500764846801758,0.03272366523742676,0.5,0.0,1034030.3866400402,579382.2806597854,366.3199999999994,0.0
normal,242,90.97204208996767,25.78699334250964,4441.621358037362,2404.07585336009,174.9397580373613,0.0,4366.681600000001,2404.07585336009,100.0,0.0,0.0,2729.1760000000004,0.0,0.0,2404.07585336009,0.0,0.1260240077972412,0.032981157302856445,0.5,0.0,1038472.0079980775,581786.3565131455,367.8399999999994,0.0
normal,243,93.54669654038985,22.87856743779303,4454.09802969873,2404.07585336009,197.79242969873013,0.0,4356.3056,2404.07585336009,100.0,0.0,0.0,2722.6910000000003,0.0,0.0,2404.07585336009,0.0,0.10639524459838867,0.029656171798706055,0.5,0.0,1042926.1060277763,584190.4323665056,369.3599999999994,0.0
normal,244,92.30080929022358,23.62637994118057,4444.96155748524,2404.07585336009,190.9039574852406,0.0,4354.057599999999,2404.07585336009,100.0,0.0,0.0,2721.2859999999996,0.0,0.0,2404.07585336009,0.0,0.11135339736938477,0.03400921821594238,0.5,0.0,1047371.0675852615,586594.5082198657,370.87999999999937,0.0
normal,245,90.24680202180939,21.73849141629442,4455.455022060656,2404.07585336009,192.56062206065553,0.0,4362.8944,2404.07585336009,100.0,0.0,0.0,2726.8089999999993,0.0,0.0,2404.07585336009,0.0,0.11622452735900879,0.02960038185119629,0.5,0.0,1051826.522607322,588998.5840732259,372.39999999999935,0.0
normal,246,94.62163452947846,26.116232687698133,4459.922744933792,2404.07585336009,209.10674493379224,0.0,4350.816,2404.07585336009,100.0,0.0,0.0,2719.26,0.0,0.0,2404.07585336009,0.0,0.09948348999023438,0.024718284606933594,0.5,0.0,1056286.4453522558,591402.659926586,373.91999999999933,0.0
normal,247,83.23722394124384,18.677784010296165,4007.1621762587793,2404.07585336009,164.65097625877792,0.0,3942.5112000000013,2404.07585336009,100.0,0.0,0.0,2464.0695000000005,0.0,0.0,2404.07585336009,0.0,0.11378073692321777,0.020053625106811523,0.5,0.0,1060293.6075285147,593806.7357799461,375.4399999999993,0.0
normal,248,81.96593440785772,18.275953253347865,4016.4615646239763,2404.07585336009,164.46508462397594,0.0,3951.9964800000007,2404.07585336009,100.0,0.0,0.0,2469.9977999999996,0.0,0.0,2404.07585336009,0.0,0.1081089973449707,0.018740177154541016,0.5,0.0,1064310.0690931387,596210.8116333062,376.9599999999993,0.0
normal,249,91.63068571762524,24.05925068392158,4430.922817298846,2404.07585336009,183.45401729884458,0.0,4347.4688000000015,2404.07585336009,100.0,0.0,0.0,2717.1680000000006,0.0,0.0,2404.07585336009,0.0,0.10528993606567383,0.0249025821685791,0.5,0.0,1068740.9919104376,598614.8874866663,378.4799999999993,0.0
normal,250,94.04307611621141,23.67109665974906,4469.164477778456,2404.07585336009,191.94367777845594,0.0,4377.2208,2404.07585336009,100.0,0.0,0.0,2735.763,0.0,0.0,2404.07585336009,0.0,0.09363746643066406,0.030988454818725586,0.5,0.0,1073210.156388216,601018.9633400264,379.99999999999926,0.0
normal,251,93.98507856350938,21.957730783025347,4433.5302734044735,2404.07585336009,198.68547340447338,0.0,4334.8448,2404.07585336009,100.0,0.0,0.0,2709.2779999999993,0.0,0.0,2404.07585336009,0.0,0.10315227508544922,0.037703514099121094,0.5,0.0,1077643.6866616204,603423.0391933866,381.51999999999924,0.0
normal,252,94.498245163913,20.998824630532194,4445.7966943559295,2404.07585336009,198.7102943559291,0.0,4347.0864,2404.07585336009,100.0,0.0,0.0,2716.929,0.0,0.0,2404.07585336009,0.0,0.11744356155395508,0.059301137924194336,0.5,0.0,1082089.4833559764,605827.1150467467,383.0399999999992,0.0
normal,253,90.73077794292023,22.765639694755023,4448.1628355191815,2404.07585336009,176.43163551918136,0.0,4371.7312,2404.07585336009,100.0,0.0,0.0,2732.3320000000003,0.0,0.0,2404.07585336009,0.0,0.10594344139099121,0.041821956634521484,0.5,0.0,1086537.6461914957,608231.1909001068,384.5599999999992,0.0
normal,254,86.96525604470567,19.94452012224757,4012.273180093878,2404.07585336009,188.5856600938769,0.0,3923.6875200000013,2404.07585336009,100.0,0.0,0.0,2452.304700000001,0.0,0.0,2404.07585336009,0.0,0.09872746467590332,0.026987552642822266,0.5,0.0,1090549.9193715896,610635.2667534669,386.0799999999992,0.0
normal,255,88.03474561561461,20.540611646262047,4019.0987890989036,2404.07585336009,168.63446909890277,0.0,3950.464320000001,2404.07585336009,100.0,0.0,0.0,2469.0402,0.0,0.0,2404.07585336009,0.0,0.09505200386047363,0.02299785614013672,0.5,0.0,1094569.0181606885,613039.342606827,387.59999999999917,0.0
normal,256,95.61854811498544,22.86994348272615,4444.657149532282,2404.07585336009,176.27314953228182,0.0,4368.384000000001,2404.07585336009,100.0,0.0,0.0,2730.2400000000007,0.0,0.0,2404.07585336009,0.0,0.10880708694458008,0.027309417724609375,0.5,0.0,1099013.6753102208,615443.4184601872,389.11999999999915,0.0
normal,257,95.84009609419581,21.611055895079513,4467.581017042619,2404.07585336009,190.3602170426195,0.0,4377.2208,2404.07585336009,100.0,0.0,0.0,2735.763,0.0,0.0,2404.07585336009,0.0,0.10441255569458008,0.03999495506286621,0.5,0.0,1103481.2563272633,617847.4943135473,390.63999999999913,0.0
normal,258,97.00127917814854,23.41812086543842,4436.8891394862485,2404.07585336009,202.04433948624828,0.0,4334.8448,2404.07585336009,100.0,0.0,0.0,2709.2779999999993,0.0,0.0,2404.07585336009,0.0,0.11503219604492188,0.029646635055541992,0.5,0.0,1107918.1454667496,620251.5701669074,392.1599999999991,0.0
normal,259,95.58346017315306,22.273946065831282,4459.678627961783,2404.07585336009,196.78422796178296,0.0,4362.8944,2404.07585336009,100.0,0.0,0.0,2726.8089999999993,0.0,0.0,2404.07585336009,0.0,0.09590435028076172,0.036708831787109375,0.5,0.0,1112377.8240947113,622655.6460202675,393.6799999999991,0.0
normal,260,97.15403959963383,25.340035721347224,4469.214083942986,2404.07585336009,218.39808394298623,0.0,4350.816,2404.07585336009,100.0,0.0,0.0,2719.26,0.0,0.0,2404.07585336009,0.0,0.09470033645629883,0.03300118446350098,0.5,0.0,1116847.0381786544,625059.7218736276,395.1999999999991,0.0
normal,261,86.29101336419622,22.47659420492121,4016.9512611525415,2404.07585336009,174.44006115254058,0.0,3942.5112000000013,2404.07585336009,100.0,0.0,0.0,2464.0695000000005,0.0,0.0,2404.07585336009,0.0,0.10805892944335938,0.029256343841552734,0.5,0.0,1120863.989439807,627463.7977269877,396.71999999999906,0.0
normal,262,88.01951304722634,20.01946273177169,4024.3872076471607,2404.07585336009,191.21440764715965,0.0,3933.1728000000007,2404.07585336009,100.0,0.0,0.0,2458.2329999999997,0.0,0.0,2404.07585336009,0.0,0.11235857009887695,0.02462482452392578,0.5,0.0,1124888.376647454,629867.8735803479,398.23999999999904,0.0
normal,263,96.15877211030663,22.9674345754542,4451.4082472566815,2404.07585336009,200.53464725668059,0.0,4350.873600000001,2404.07585336009,100.0,0.0,0.0,2719.2960000000007,0.0,0.0,2404.07585336009,0.0,0.13168549537658691,0.032305002212524414,0.5,0.0,1129339.7848947106,632271.949433708,399.759999999999,0.0
normal,264,97.51736117101059,23.261750912499227,4470.936177188336,2404.07585336009,212.9281771883353,0.0,4358.008000000001,2404.07585336009,100.0,0.0,0.0,2723.7549999999997,0.0,0.0,2404.07585336009,0.0,0.10647249221801758,0.03699946403503418,0.5,0.0,1133810.721071899,634676.0252870681,401.279999999999,0.0
normal,265,98.5724263014838,21.760738409350676,4440.2345253036165,2404.07585336009,184.4745253036169,0.0,4355.759999999999,2404.07585336009,100.0,0.0,0.0,2722.3499999999995,0.0,0.0,2404.07585336009,0.0,0.10392880439758301,0.03109574317932129,0.5,0.0,1138250.9555972025,637080.1011404282,402.799999999999,0.0
normal,266,99.05460751540731,20.206257019665884,4447.376678159076,2404.07585336009,182.77987815907557,0.0,4364.5968,2404.07585336009,100.0,0.0,0.0,2727.8730000000005,0.0,0.0,2404.07585336009,0.0,0.2058408260345459,0.024106264114379883,0.5,0.0,1142698.3322753615,639484.1769937883,404.31999999999897,0.0
normal,267,101.1484823529626,22.19959456711976,4467.6093021824345,2404.07585336009,194.17570218243443,0.0,4373.4336,2404.07585336009,100.0,0.0,0.0,2733.396,0.0,0.0,2404.07585336009,0.0,0.11808896064758301,0.027045488357543945,0.5,0.0,1147165.941577544,641888.2528471485,405.83999999999895,0.0
normal,268,88.9113050780013,18.065317082129315,4015.469253971706,2404.07585336009,188.71741397170507,0.0,3926.7518400000013,2404.07585336009,100.0,0.0,0.0,2454.219900000001,0.0,0.0,2404.07585336009,0.0,0.1167595386505127,0.0323331356048584,0.5,0.0,1151181.4108315157,644292.3287005086,407.35999999999893,0.0
normal,269,88.78165905125485,19.157777140445912,4029.7756896036217,2404.07585336009,195.07072960362117,0.0,3934.704960000001,2404.07585336009,100.0,0.0,0.0,2459.1906000000004,0.0,0.0,2404.07585336009,0.0,0.10045075416564941,0.03300023078918457,0.5,0.0,1155211.1865211192,646696.4045538687,408.8799999999989,0.0
normal,270,99.31046294137246,19.47677183164167,4451.591195687717,2404.07585336009,199.0151956877161,0.0,4352.576000000001,2404.07585336009,100.0,0.0,0.0,2720.3600000000006,0.0,0.0,2404.07585336009,0.0,0.09315729141235352,0.03008127212524414,0.5,0.0,1159662.7777168069,649100.4804072288,410.3999999999989,0.0
normal,271,99.45083332887152,21.92083418263438,4444.650158305191,2404.07585336009,169.13175830519143,0.0,4375.5184,2404.07585336009,100.0,0.0,0.0,2734.699,0.0,0.0,2404.07585336009,0.0,0.09426736831665039,0.02243947982788086,0.5,0.0,1164107.427875112,651504.5562605889,411.9199999999989,0.0
normal,272,99.90596117670475,22.24431919705356,4456.748779170691,2404.07585336009,200.9887791706916,0.0,4355.759999999999,2404.07585336009,100.0,0.0,0.0,2722.3499999999995,0.0,0.0,2404.07585336009,0.0,0.11781501770019531,0.03499746322631836,0.5,0.0,1168564.1766542827,653908.632113949,413.43999999999886,0.0
normal,273,102.14663386476366,21.991673125620075,4449.00962642698,2404.07585336009,203.62562642697876,0.0,4345.384000000001,2404.07585336009,100.0,0.0,0.0,2715.865,0.0,0.0,2404.07585336009,0.0,0.11740446090698242,0.03671431541442871,0.5,0.0,1173013.1862807097,656312.7079673092,414.95999999999884,0.0
normal,274,100.49691455142003,22.667150508681537,4468.1082751980475,2404.07585336009,194.6746751980468,0.0,4373.4336,2404.07585336009,100.0,0.0,0.0,2733.396,0.0,0.0,2404.07585336009,0.0,0.11467647552490234,0.02599310874938965,0.5,0.0,1177481.2945559078,658716.7838206693,416.4799999999988,0.0
normal,275,93.33712924625365,20.301727691604043,4024.8766069968297,2404.07585336009,180.8332469968278,0.0,3944.0433600000015,2404.07585336009,100.0,0.0,0.0,2465.027100000001,0.0,0.0,2404.07585336009,0.0,0.10300111770629883,0.036467552185058594,0.5,0.0,1181506.1711629047,661120.8596740294,417.9999999999988,0.0
normal,276,92.31014295271767,22.162046754061752,4022.879770587466,2404.07585336009,170.88329058746558,0.0,3951.9964800000007,2404.07585336009,100.0,0.0,0.0,2469.9977999999996,0.0,0.0,2404.07585336009,0.0,0.09644150733947754,0.032079458236694336,0.5,0.0,1185529.0509334921,663524.9355273895,419.5199999999988,0.0
normal,277,104.48877977418033,23.93562070402709,4485.74925334648,2404.07585336009,217.3652533464792,0.0,4368.384000000001,2404.07585336009,100.0,0.0,0.0,2730.2400000000007,0.0,0.0,2404.07585336009,0.0,0.1141042709350586,0.02397775650024414,0.5,0.0,1190014.8001868387,665929.0113807496,421.03999999999877,0.0
normal,278,103.39119140770163,22.799893232570955,4480.647976791055,2404.07585336009,220.93757679105536,0.0,4359.7104,2404.07585336009,100.0,0.0,0.0,2724.819,0.0,0.0,2404.07585336009,0.0,0.09670090675354004,0.03231668472290039,0.5,0.0,1194495.4481636297,668333.0872341098,422.55999999999875,0.0
normal,279,101.74279442022078,23.80231671886622,4466.037427303938,2404.07585336009,210.27742730393854,0.0,4355.759999999999,2404.07585336009,100.0,0.0,0.0,2722.3499999999995,0.0,0.0,2404.07585336009,0.0,0.13440394401550293,0.02599930763244629,0.5,0.0,1198961.4855909336,670737.1630874699,424.07999999999873,0.0
normal,280,103.1608835773136,22.39758351571945,4464.714468466767,2404.07585336009,200.11766846676713,0.0,4364.5968,2404.07585336009,100.0,0.0,0.0,2727.8730000000005,0.0,0.0,2404.07585336009,0.0,0.10210585594177246,0.040734291076660156,0.5,0.0,1203426.2000594004,673141.23894083,425.5999999999987,0.0
normal,281,102.28009389357344,19.841461908592024,4474.959605914839,2404.07585336009,201.52600591483832,0.0,4373.4336,2404.07585336009,100.0,0.0,0.0,2733.396,0.0,0.0,2404.07585336009,0.0,0.12040233612060547,0.033640384674072266,0.5,0.0,1207901.1596653152,675545.3147941901,427.1199999999987,0.0
normal,282,92.30962813833519,20.245777911293082,4012.9182828711428,2404.07585336009,170.40708287114117,0.0,3942.5112000000013,2404.07585336009,100.0,0.0,0.0,2464.0695000000005,0.0,0.0,2404.07585336009,0.0,0.1167747974395752,0.0332341194152832,0.5,0.0,1211914.0779481863,677949.3906475502,428.6399999999987,0.0
normal,283,91.61323634496013,19.90853122765057,4042.0782975344146,2404.07585336009,191.61397753441403,0.0,3950.464320000001,2404.07585336009,100.0,0.0,0.0,2469.0402,0.0,0.0,2404.07585336009,0.0,0.0874028205871582,0.022055625915527344,0.5,0.0,1215956.1562457208,680353.4665009103,430.15999999999866,0.0
normal,284,103.29514017827,21.882973449135232,4469.722738648261,2404.07585336009,218.84913864826004,0.0,4350.873600000001,2404.07585336009,100.0,0.0,0.0,2719.2960000000007,0.0,0.0,2404.07585336009,0.0,0.1055288314819336,0.03458666801452637,0.5,0.0,1220425.878984369,682757.5423542705,431.67999999999864,0.0
normal,285,104.9856975988768,23.662272340653576,4488.945881016487,2404.07585336009,213.42748101648743,0.0,4375.5184,2404.07585336009,100.0,0.0,0.0,2734.699,0.0,0.0,2404.07585336009,0.0,0.10671377182006836,0.037331342697143555,0.5,0.0,1224914.8248653857,685161.6182076306,433.1999999999986,0.0
normal,286,104.11401093086876,21.823835467010596,4457.0034645030155,2404.07585336009,220.45626450301575,0.0,4336.5472,2404.07585336009,100.0,0.0,0.0,2710.3419999999996,0.0,0.0,2404.07585336009,0.0,0.10241556167602539,0.04498624801635742,0.5,0.0,1229371.8283298886,687565.6940609907,434.7199999999986,0.0
normal,287,102.53923131636816,23.527711950363425,4486.18043441306,2404.07585336009,221.5836344130598,0.0,4364.5968,2404.07585336009,100.0,0.0,0.0,2727.8730000000005,0.0,0.0,2404.07585336009,0.0,0.1080625057220459,0.02521371841430664,0.5,0.0,1233858.0087643017,689969.7699143508,436.2399999999986,0.0
normal,288,104.46141685391304,22.871359766529967,4469.635253346893,2404.07585336009,217.11685334689278,0.0,4352.5184,2404.07585336009,100.0,0.0,0.0,2720.3240000000005,0.0,0.0,2404.07585336009,0.0,0.17581963539123535,0.026073694229125977,0.5,0.0,1238327.6440176487,692373.8457677109,437.75999999999857,0.0
normal,289,92.92411751749297,21.186176967930013,4002.3244588716107,2404.07585336009,175.57261887160965,0.0,3926.7518400000013,2404.07585336009,100.0,0.0,0.0,2454.219900000001,0.0,0.0,2404.07585336009,0.0,0.10833978652954102,0.03866124153137207,0.5,0.0,1242329.9684765202,694777.9216210711,439.27999999999855,0.0
normal,290,93.32378268094561,22.44385907731666,4029.778924769289,2404.07585336009,198.1382847692882,0.0,3931.640640000001,2404.07585336009,100.0,0.0,0.0,2457.2754,0.0,0.0,2404.07585336009,0.0,0.09677243232727051,0.03899216651916504,0.5,0.0,1246359.7474012894,697181.9974744312,440.79999999999853,0.0
normal,291,105.80420165690914,21.10072017658651,4461.653431754508,2404.07585336009,210.77983175450734,0.0,4350.873600000001,2404.07585336009,100.0,0.0,0.0,2719.2960000000007,0.0,0.0,2404.07585336009,0.0,0.11971187591552734,0.02201104164123535,0.5,0.0,1250821.400833044,699586.0733277913,442.3199999999985,0.0
normal,292,107.72975625189417,20.284453880589375,4471.2203280779895,2404.07585336009,213.21232807798893,0.0,4358.008000000001,2404.07585336009,100.0,0.0,0.0,2723.7549999999997,0.0,0.0,2404.07585336009,0.0,0.10144400596618652,0.023676156997680664,0.5,0.0,1255292.6211611219,701990.1491811514,443.8399999999985,0.0
normal,293,103.73098792909768,21.073494526096937,4442.50146722082,2404.07585336009,190.14626722081974,0.0,4352.3552,2404.07585336009,100.0,0.0,0.0,2720.2219999999993,0.0,0.0,2404.07585336009,0.0,0.08470821380615234,0.03998732566833496,0.5,0.0,1259735.1226283426,704394.2250345115,445.3599999999985,0.0
normal,294,105.73210856683602,22.287119891639968,4461.44898864047,2404.07585336009,196.85218864046954,0.0,4364.5968,2404.07585336009,100.0,0.0,0.0,2727.8730000000005,0.0,0.0,2404.07585336009,0.0,0.10600996017456055,0.01971602439880371,0.5,0.0,1264196.571616983,706798.3008878717,446.87999999999846,0.0
normal,295,102.95197883652064,18.60851952643353,4457.583289355301,2404.07585336009,184.14968935529998,0.0,4373.4336,2404.07585336009,100.0,0.0,0.0,2733.396,0.0,0.0,2404.07585336009,0.0,0.11783957481384277,0.027075767517089844,0.5,0.0,1268654.1549063383,709202.3767412318,448.39999999999844,0.0
normal,296,96.84505836034698,21.769022648505853,4018.4218075495755,2404.07585336009,191.66996754957415,0.0,3926.7518400000013,2404.07585336009,100.0,0.0,0.0,2454.219900000001,0.0,0.0,2404.07585336009,0.0,0.11099743843078613,0.02865767478942871,0.5,0.0,1272672.576713888,711606.4525945919,449.9199999999984,0.0
normal,297,96.10171626975536,20.547926001934325,4024.958567756751,2404.07585336009,176.0264077567504,0.0,3948.9321600000007,2404.07585336009,100.0,0.0,0.0,2468.0826,0.0,0.0,2404.07585336009,0.0,0.10801553726196289,0.027632951736450195,0.5,0.0,1276697.5352816447,714010.528447952,451.4399999999984,0.0
normal,298,101.10337927557555,25.367897613728257,4474.509008072061,2404.07585336009,223.63540807206013,0.0,4350.873600000001,2404.07585336009,100.0,0.0,0.0,2719.2960000000007,0.0,0.0,2404.07585336009,0.0,0.1163778305053711,0.030016422271728516,0.5,0.0,1281172.0442897168,716414.6043013121,452.9599999999984,0.0
normal,299,104.9549011693163,22.876571157113997,4475.363588572437,2404.07585336009,220.76038857243685,0.0,4354.6032000000005,2404.07585336009,100.0,0.0,0.0,2721.627,0.0,0.0,2404.07585336009,0.0,0.12253952026367188,0.03973960876464844,0.5,0.0,1285647.4078782892,718818.6801546722,454.47999999999837,0.0
normal,300,105.01744245907584,24.258973063142033,4463.8964562545125,2404.07585336009,209.83885625451347,0.0,4354.057599999999,2404.07585336009,100.0,0.0,0.0,2721.2859999999996,0.0,0.0,2404.07585336009,0.0,0.15131163597106934,0.054726600646972656,0.5,0.0,1290111.3043345436,721222.7560080324,455.99999999999835,0.0
normal,301,104.41166980639866,20.554666206905267,4466.761756212195,2404.07585336009,221.37775621219438,0.0,4345.384000000001,2404.07585336009,100.0,0.0,0.0,2715.865,0.0,0.0,2404.07585336009,0.0,0.098419189453125,0.029011249542236328,0.5,0.0,1294578.0660907559,723626.8318613925,457.51999999999833,0.0
normal,302,104.80838246600354,22.98074466032848,4466.175372054485,2404.07585336009,194.4441720544844,0.0,4371.7312,2404.07585336009,100.0,0.0,0.0,2732.3320000000003,0.0,0.0,2404.07585336009,0.0,0.14899277687072754,0.021805763244628906,0.5,0.0,1299044.2414628104,726030.9077147526,459.0399999999983,0.0
normal,303,92.95367758447772,20.706344764775192,4023.2914618707873,2404.07585336009,179.24810187078543,0.0,3944.0433600000015,2404.07585336009,100.0,0.0,0.0,2465.027100000001,0.0,0.0,2404.07585336009,0.0,0.06888055801391602,0.026804447174072266,0.5,0.0,1303067.5329246812,728434.9835681127,460.5599999999983,0.0
normal,304,96.49061019457656,21.547778165270717,4047.0989060112315,2404.07585336009,195.10242601123036,0.0,3951.9964800000007,2404.07585336009,100.0,0.0,0.0,2469.9977999999996,0.0,0.0,2404.07585336009,0.0,0.08891439437866211,0.03200078010559082,0.5,0.0,1307114.6318306925,730839.0594214728,462.0799999999983,0.0
normal,305,103.8589762698344,20.378505079201915,4473.037127870232,2404.07585336009,206.35552787023158,0.0,4366.681600000001,2404.07585336009,100.0,0.0,0.0,2729.1760000000004,0.0,0.0,2404.07585336009,0.0,0.10072469711303711,0.03847360610961914,0.5,0.0,1311587.6689585627,733243.135274833,463.59999999999826,0.0
normal,306,103.91526396195452,20.603381225353676,4475.024697800542,2404.07585336009,215.3142978005421,0.0,4359.7104,2404.07585336009,100.0,0.0,0.0,2724.819,0.0,0.0,2404.07585336009,0.0,0.0915374755859375,0.029533863067626953,0.5,0.0,1316062.6936563633,735647.2111281931,465.11999999999824,0.0
normal,307,108.29030982961918,23.789350438522174,4450.864811080066,2404.07585336009,217.72241108006637,0.0,4333.1424,2404.07585336009,100.0,0.0,0.0,2708.2139999999995,0.0,0.0,2404.07585336009,0.0,0.1337594985961914,0.045145273208618164,0.5,0.0,1320513.5584674433,738051.2869815532,466.6399999999982,0.0
normal,308,104.94840616740426,21.63093635879551,4457.9529293750975,2404.07585336009,214.27132937509774,0.0,4343.6816,2404.07585336009,100.0,0.0,0.0,2714.8009999999995,0.0,0.0,2404.07585336009,0.0,0.10104799270629883,0.03790545463562012,0.5,0.0,1324971.5113968183,740455.3628349133,468.1599999999982,0.0
normal,309,103.49292960755973,24.315137518648,4473.420634361842,2404.07585336009,220.90223436184198,0.0,4352.5184,2404.07585336009,100.0,0.0,0.0,2720.3240000000005,0.0,0.0,2404.07585336009,0.0,0.0917811393737793,0.03059244155883789,0.5,0.0,1329444.9320311802,742859.4386882734,469.6799999999982,0.0
normal,310,94.44591505346598,23.376764769432615,4040.731188171677,2404.07585336009,196.68782817167508,0.0,3944.0433600000015,2404.07585336009,100.0,0.0,0.0,2465.027100000001,0.0,0.0,2404.07585336009,0.0,0.14550542831420898,0.03479504585266113,0.5,0.0,1333485.663219352,745263.5145416335,471.19999999999817,0.0
normal,311,96.26754455611054,22.150190321194934,4038.1450604786396,2404.07585336009,186.14858047863854,0.0,3951.9964800000007,2404.07585336009,100.0,0.0,0.0,2469.9977999999996,0.0,0.0,2404.07585336009,0.0,0.09253287315368652,0.058510541915893555,0.5,0.0,1337523.8082798307,747667.5903949937,472.71999999999815,0.0
normal,312,104.54557560051278,22.88093181062318,4464.376033689745,2404.07585336009,211.8000336897438,0.0,4352.576000000001,2404.07585336009,100.0,0.0,0.0,2720.3600000000006,0.0,0.0,2404.07585336009,0.0,0.13290095329284668,0.030712604522705078,0.5,0.0,1341988.1843135206,750071.6662483538,474.23999999999813,0.0
normal,313,105.18883625407823,23.18995663041597,4488.139066228271,2404.07585336009,210.91826622827116,0.0,4377.2208,2404.07585336009,100.0,0.0,0.0,2735.763,0.0,0.0,2404.07585336009,0.0,0.11009454727172852,0.0339808464050293,0.5,0.0,1346476.3233797487,752475.7421017139,475.7599999999981,0.0
normal,314,102.81206069829807,24.1771767544462,4448.640141362698,2404.07585336009,215.49774136269875,0.0,4333.1424,2404.07585336009,100.0,0.0,0.0,2708.2139999999995,0.0,0.0,2404.07585336009,0.0,0.09842777252197266,0.03262615203857422,0.5,0.0,1350924.9635211115,754879.817955074,477.2799999999981,0.0
normal,315,101.77440096518698,22.01837938854977,4472.1907996615955,2404.07585336009,207.59399966159543,0.0,4364.5968,2404.07585336009,100.0,0.0,0.0,2727.8730000000005,0.0,0.0,2404.07585336009,0.0,0.10584568977355957,0.03630566596984863,0.5,0.0,1355397.1543207732,757283.8938084341,478.7999999999981,0.0
normal,316,105.03434464655966,21.837483161918044,4461.869345586394,2404.07585336009,211.0533455863946,0.0,4350.816,2404.07585336009,100.0,0.0,0.0,2719.26,0.0,0.0,2404.07585336009,0.0,0.10943365097045898,0.04097604751586914,0.5,0.0,1359859.0236663595,759687.9696617943,480.31999999999806,0.0
normal,317,97.85229882816945,21.039362913130198,4030.8645991751873,2404.07585336009,204.11275917518634,0.0,3926.7518400000013,2404.07585336009,100.0,0.0,0.0,2454.219900000001,0.0,0.0,2404.07585336009,0.0,0.10413575172424316,0.03468966484069824,0.5,0.0,1363889.8882655348,762092.0455151544,481.83999999999804,0.0
normal,318,94.44283254787672,24.510999449129002,4035.6615904907403,2404.07585336009,183.66511049073966,0.0,3951.9964800000007,2404.07585336009,100.0,0.0,0.0,2469.9977999999996,0.0,0.0,2404.07585336009,0.0,0.0947418212890625,0.0256345272064209,0.5,0.0,1367925.5498560255,764496.1213685145,483.359999999998,0.0
normal,319,101.1147751221636,22.803898185522694,4476.361713806866,2404.07585336009,225.48811380686533,0.0,4350.873600000001,2404.07585336009,100.0,0.0,0.0,2719.2960000000007,0.0,0.0,2404.07585336009,0.0,0.09279131889343262,0.03099966049194336,0.5,0.0,1372401.9115698324,766900.1972218746,484.879999999998,0.0
normal,320,103.15443038751107,23.929738146606955,4478.075851334052,2404.07585336009,200.85505133405135,0.0,4377.2208,2404.07585336009,100.0,0.0,0.0,2735.763,0.0,0.0,2404.07585336009,0.0,0.1142277717590332,0.03525280952453613,0.5,0.0,1376879.9874211664,769304.2730752347,486.399999999998,0.0
normal,321,102.02332670036685,23.178910834888832,4442.4765963239615,2404.07585336009,188.4189963239622,0.0,4354.057599999999,2404.07585336009,100.0,0.0,0.0,2721.2859999999996,0.0,0.0,2404.07585336009,0.0,0.1194455623626709,0.0447847843170166,0.5,0.0,1381322.4640174904,771708.3489285948,487.91999999999797,0.0
normal,322,105.79645640997644,22.878704830451742,4468.888464950437,2404.07585336009,205.99406495043715,0.0,4362.8944,2404.07585336009,100.0,0.0,0.0,2726.8089999999993,0.0,0.0,2404.07585336009,0.0,0.10764122009277344,0.030389070510864258,0.5,0.0,1385791.3524824409,774112.424781955,489.43999999999795,0.0
normal,323,104.53534308928484,23.562647250349414,4481.053310661969,2404.07585336009,209.32211066196845,0.0,4371.7312,2404.07585336009,100.0,0.0,0.0,2732.3320000000003,0.0,0.0,2404.07585336009,0.0,0.1134946346282959,0.03449392318725586,0.5,0.0,1390272.405793103,776516.5006353151,490.95999999999793,0.0
normal,324,92.25466572938603,21.667912365910183,4027.4798382222816,2404.07585336009,184.96863822228025,0.0,3942.5112000000013,2404.07585336009,100.0,0.0,0.0,2464.0695000000005,0.0,0.0,2404.07585336009,0.0,0.11331558227539062,0.02991938591003418,0.5,0.0,1394299.8856313252,778920.5764886752,492.4799999999979,0.0
normal,325,92.00136177822712,18.656806294850522,4035.2871736393963,2404.07585336009,186.3550136393953,0.0,3948.9321600000007,2404.07585336009,100.0,0.0,0.0,2468.0826,0.0,0.0,2404.07585336009,0.0,0.10731768608093262,0.029134035110473633,0.5,0.0,1398335.1728049645,781324.6523420353,493.9999999999979,0.0
normal,326,103.93263017010025,24.952745017486713,4457.07275840353,2404.07585336009,209.6039584035287,0.0,4347.4688000000015,2404.07585336009,100.0,0.0,0.0,2717.1680000000006,0.0,0.0,2404.07585336009,0.0,0.10726308822631836,0.02599811553955078,0.5,0.0,1402792.245563368,783728.7281953954,495.5199999999979,0.0
normal,327,100.47721057938013,22.417752515012918,4474.321164581059,2404.07585336009,214.6107645810591,0.0,4359.7104,2404.07585336009,100.0,0.0,0.0,2724.819,0.0,0.0,2404.07585336009,0.0,0.11515617370605469,0.039628028869628906,0.5,0.0,1407266.566727949,786132.8040487556,497.03999999999786,0.0
normal,328,100.83965988550706,23.021871570839455,4456.843473321759,2404.07585336009,201.0834733217601,0.0,4355.759999999999,2404.07585336009,100.0,0.0,0.0,2722.3499999999995,0.0,0.0,2404.07585336009,0.0,0.12024760246276855,0.03605365753173828,0.5,0.0,1411723.4102012708,788536.8799021157,498.55999999999784,0.0
normal,329,101.14768134765315,24.326155309998665,4472.330612433978,2404.07585336009,228.64901243397762,0.0,4343.6816,2404.07585336009,100.0,0.0,0.0,2714.8009999999995,0.0,0.0,2404.07585336009,0.0,0.09870004653930664,0.0402987003326416,0.5,0.0,1416195.740813705,790940.9557554758,500.0799999999978,0.0
normal,330,100.76630287957919,22.7387631636071,4488.659682930988,2404.07585336009,215.22608293098762,0.0,4373.4336,2404.07585336009,100.0,0.0,0.0,2733.396,0.0,0.0,2404.07585336009,0.0,0.12039065361022949,0.03714609146118164,0.5,0.0,1420684.4004966358,793345.0316088359,501.5999999999978,0.0
normal,331,94.22059715423308,21.308585982236732,4030.776468565714,2404.07585336009,186.73310856571263,0.0,3944.0433600000015,2404.07585336009,100.0,0.0,0.0,2465.027100000001,0.0,0.0,2404.07585336009,0.0,0.10521173477172852,0.02399921417236328,0.5,0.0,1424715.1769652015,795749.107462196,503.1199999999978,0.0
normal,332,91.83407426662647,22.297544116295082,4045.7181818294475,2404.07585336009,212.54538182944708,0.0,3933.1728000000007,2404.07585336009,100.0,0.0,0.0,2458.2329999999997,0.0,0.0,2404.07585336009,0.0,0.08749270439147949,0.03969907760620117,0.5,0.0,1428760.895147031,798153.1833155561,504.63999999999777,0.0
normal,333,100.41908255670812,24.49559839354018,4465.304323387933,2404.07585336009,196.92032338793283,0.0,4368.384000000001,2404.07585336009,100.0,0.0,0.0,2730.2400000000007,0.0,0.0,2404.07585336009,0.0,0.1542367935180664,0.02604842185974121,0.5,0.0,1433226.199470419,800557.2591689163,506.15999999999775,0.0
normal,334,101.70904052639764,20.2297592262643,4474.769994498154,2404.07585336009,216.761994498153,0.0,4358.008000000001,2404.07585336009,100.0,0.0,0.0,2723.7549999999997,0.0,0.0,2404.07585336009,0.0,0.11459755897521973,0.02396678924560547,0.5,0.0,1437700.9694649172,802961.3350222764,507.67999999999773,0.0
normal,335,102.62837967032108,20.278434363696206,4458.161707657525,2404.07585336009,202.40170765752555,0.0,4355.759999999999,2404.07585336009,100.0,0.0,0.0,2722.3499999999995,0.0,0.0,2404.07585336009,0.0,0.10616588592529297,0.03361701965332031,0.5,0.0,1442159.1311725748,805365.4108756365,509.1999999999977,0.0
normal,336,99.7590272169037,22.46807614168323,4448.44532932457,2404.07585336009,188.9557293245691,0.0,4359.489600000001,2404.07585336009,100.0,0.0,0.0,2724.6809999999996,0.0,0.0,2404.07585336009,0.0,0.10746192932128906,0.037723541259765625,0.5,0.0,1446607.5765018994,807769.4867289966,510.7199999999977,0.0
normal,337,101.37601908577169,20.590740337703586,4460.149217632304,2404.07585336009,207.63081763230363,0.0,4352.5184,2404.07585336009,100.0,0.0,0.0,2720.3240000000005,0.0,0.0,2404.07585336009,0.0,0.11947178840637207,0.030867338180541992,0.5,0.0,1451067.7257195318,810173.5625823567,512.2399999999977,0.0
normal,338,90.31905971156375,22.535628244536273,4031.0108707842974,2404.07585336009,202.7268707842968,0.0,3928.284000000001,2404.07585336009,100.0,0.0,0.0,2455.1775000000007,0.0,0.0,2404.07585336009,0.0,0.10752201080322266,0.034990787506103516,0.5,0.0,1455098.736590316,812577.6384357169,513.7599999999977,0.0
normal,339,89.36832825683378,18.38730368891117,4015.448513150275,2404.07585336009,166.51635315027403,0.0,3948.9321600000007,2404.07585336009,100.0,0.0,0.0,2468.0826,0.0,0.0,2404.07585336009,0.0,0.09025311470031738,0.032083749771118164,0.5,0.0,1459114.1851034663,814981.714289077,515.2799999999977,0.0
normal,340,100.86677575963296,22.44384608411732,4458.37560692288,2404.07585336009,205.7996069228793,0.0,4352.576000000001,2404.07585336009,100.0,0.0,0.0,2720.3600000000006,0.0,0.0,2404.07585336009,0.0,0.09369564056396484,0.03627419471740723,0.5,0.0,1463572.5607103892,817385.7901424371,516.7999999999977,0.0
normal,341,104.46959237503991,23.49490970788536,4486.030888504207,2404.07585336009,208.81008850420676,0.0,4377.2208,2404.07585336009,100.0,0.0,0.0,2735.763,0.0,0.0,2404.07585336009,0.0,0.10250735282897949,0.03405165672302246,0.5,0.0,1468058.5915988933,819789.8659957972,518.3199999999977,0.0
normal,342,100.85675085629562,22.61931420458629,4436.711804187532,2404.07585336009,198.46220418753214,0.0,4338.2496,2404.07585336009,100.0,0.0,0.0,2711.4059999999995,0.0,0.0,2404.07585336009,0.0,0.10906600952148438,0.03332853317260742,0.5,0.0,1472495.303403081,822193.9418491573,519.8399999999976,0.0
normal,343,101.1586926643616,22.52000678329597,4452.896777044987,2404.07585336009,188.29997704498703,0.0,4364.5968,2404.07585336009,100.0,0.0,0.0,2727.8730000000005,0.0,0.0,2404.07585336009,0.0,0.11277484893798828,0.027096986770629883,0.5,0.0,1476948.200180126,824598.0177025174,521.3599999999976,0.0
normal,344,102.11758270248417,19.270330024136918,4463.9403469129475,2404.07585336009,209.71954691294712,0.0,4354.2208,2404.07585336009,100.0,0.0,0.0,2721.3880000000004,0.0,0.0,2404.07585336009,0.0,0.12284660339355469,0.032759666442871094,0.5,0.0,1481412.1405270388,827002.0935558776,522.8799999999976,0.0
normal,345,90.07297413983383,18.665026499283957,4017.98687356925,2404.07585336009,175.4756735692482,0.0,3942.5112000000013,2404.07585336009,100.0,0.0,0.0,2464.0695000000005,0.0,0.0,2404.07585336009,0.0,0.1120460033416748,0.022987842559814453,0.5,0.0,1485430.127400608,829406.1694092377,524.3999999999976,0.0
normal,346,89.48671127615819,21.610714956179617,4039.6619711323156,2404.07585336009,190.7298111323145,0.0,3948.9321600000007,2404.07585336009,100.0,0.0,0.0,2468.0826,0.0,0.0,2404.07585336009,0.0,0.0984184741973877,0.02388906478881836,0.5,0.0,1489469.7893717403,831810.2452625978,525.9199999999976,0.0
normal,347,98.80097760027168,27.783677557954878,4463.165495493015,2404.07585336009,215.69669549301403,0.0,4347.4688000000015,2404.07585336009,100.0,0.0,0.0,2717.1680000000006,0.0,0.0,2404.07585336009,0.0,0.14955425262451172,0.043764591217041016,0.5,0.0,1493932.9548672333,834214.3211159579,527.4399999999976,0.0
normal,348,99.22621602345676,20.05473467017421,4471.341813901727,2404.07585336009,195.82341390172638,0.0,4375.5184,2404.07585336009,100.0,0.0,0.0,2734.699,0.0,0.0,2404.07585336009,0.0,0.22858548164367676,0.04278421401977539,0.5,0.0,1498404.296681135,836618.396969318,528.9599999999975,0.0
normal,349,94.601538860254,22.421512467333756,4446.8403914022465,2404.07585336009,192.78279140224748,0.0,4354.057599999999,2404.07585336009,100.0,0.0,0.0,2721.2859999999996,0.0,0.0,2404.07585336009,0.0,0.0999605655670166,0.034694671630859375,0.5,0.0,1502851.137072537,839022.4728226782,530.4799999999975,0.0
normal,350,96.17027626299019,22.624930748508724,4449.077991259255,2404.07585336009,184.48119125925524,0.0,4364.5968,2404.07585336009,100.0,0.0,0.0,2727.8730000000005,0.0,0.0,2404.07585336009,0.0,0.10177350044250488,0.03505420684814453,0.5,0.0,1507300.2150637964,841426.5486760383,531.9999999999975,0.0
normal,351,96.45450242187162,22.707238146820323,4450.472358030494,2404.07585336009,199.6563580304946,0.0,4350.816,2404.07585336009,100.0,0.0,0.0,2719.26,0.0,0.0,2404.07585336009,0.0,0.09642148017883301,0.028638124465942383,0.5,0.0,1511750.6874218269,843830.6245293984,533.5199999999975,0.0
normal,352,86.68656255556589,20.0639387601372,4023.3355204805384,2404.07585336009,180.8243204805373,0.0,3942.5112000000013,2404.07585336009,100.0,0.0,0.0,2464.0695000000005,0.0,0.0,2404.07585336009,0.0,0.1123497486114502,0.03079700469970703,0.5,0.0,1515774.0229423074,846234.7003827585,535.0399999999975,0.0
normal,353,87.11628077872338,22.094515154451006,4023.3965529763345,2404.07585336009,187.15943297633385,0.0,3936.2371200000007,2404.07585336009,100.0,0.0,0.0,2460.1482,0.0,0.0,2404.07585336009,0.0,0.09271407127380371,0.029082298278808594,0.5,0.0,1519797.4194952836,848638.7762361186,536.5599999999974,0.0
normal,354,98.94387136187873,24.40749811721571,4463.53207642594,2404.07585336009,195.1480764259391,0.0,4368.384000000001,2404.07585336009,100.0,0.0,0.0,2730.2400000000007,0.0,0.0,2404.07585336009,0.0,0.14790892601013184,0.05729269981384277,0.5,0.0,1524260.9515717095,851042.8520894788,538.0799999999974,0.0
normal,355,95.6535436621886,23.322567328924023,4469.0121502226475,2404.07585336009,191.79135022264765,0.0,4377.2208,2404.07585336009,100.0,0.0,0.0,2735.763,0.0,0.0,2404.07585336009,0.0,0.1324162483215332,0.03400421142578125,0.5,0.0,1528729.9637219321,853446.9279428389,539.5999999999974,0.0
normal,356,95.74325363650549,21.97735039170286,4439.431418995909,2404.07585336009,201.18181899590894,0.0,4338.2496,2404.07585336009,100.0,0.0,0.0,2711.4059999999995,0.0,0.0,2404.07585336009,0.0,0.0961916446685791,0.03164815902709961,0.5,0.0,1533169.395140928,855851.003796199,541.1199999999974,0.0
normal,357,97.92881932988769,21.72552525484615,4463.636925909173,2404.07585336009,199.04012590917353,0.0,4364.5968,2404.07585336009,100.0,0.0,0.0,2727.8730000000005,0.0,0.0,2404.07585336009,0.0,0.13028836250305176,0.030719518661499023,0.5,0.0,1537633.0320668372,858255.0796495591,542.6399999999974,0.0
normal,358,95.06008642462746,21.688176004164795,4458.184188006702,2404.07585336009,184.75058800670232,0.0,4373.4336,2404.07585336009,100.0,0.0,0.0,2733.396,0.0,0.0,2404.07585336009,0.0,0.1082768440246582,0.029848814010620117,0.5,0.0,1542091.2162548439,860659.1555029192,544.1599999999974,0.0
normal,359,85.63542471311462,21.64510738128451,4022.797820974216,2404.07585336009,196.04598097421456,0.0,3926.7518400000013,2404.07585336009,100.0,0.0,0.0,2454.219900000001,0.0,0.0,2404.07585336009,0.0,0.10645437240600586,0.05403566360473633,0.5,0.0,1546114.014075818,863063.2313562793,545.6799999999973,0.0
normal,360,83.94588681968398,22.186517921770474,4029.8496458207073,2404.07585336009,198.20900582070638,0.0,3931.640640000001,2404.07585336009,100.0,0.0,0.0,2457.2754,0.0,0.0,2404.07585336009,0.0,0.11644935607910156,0.041562557220458984,0.5,0.0,1550143.8637216387,865467.3072096395,547.1999999999973,0.0
normal,361,92.91944107223755,24.047691376531887,4446.202649202788,2404.07585336009,179.52104920278708,0.0,4366.681600000001,2404.07585336009,100.0,0.0,0.0,2729.1760000000004,0.0,0.0,2404.07585336009,0.0,0.09578227996826172,0.0418853759765625,0.5,0.0,1554590.0663708416,867871.3830629996,548.7199999999973,0.0
normal,362,92.56423086892364,24.338200623275842,4457.792384096075,2404.07585336009,180.57158409607445,0.0,4377.2208,2404.07585336009,100.0,0.0,0.0,2735.763,0.0,0.0,2404.07585336009,0.0,0.1139230728149414,0.041344642639160156,0.5,0.0,1559047.8587549378,870275.4589163597,550.2399999999973,0.0
normal,363,95.56795478238804,21.004913628161223,4434.577007701432,2404.07585336009,199.73220770143232,0.0,4334.8448,2404.07585336009,100.0,0.0,0.0,2709.2779999999993,0.0,0.0,2404.07585336009,0.0,0.10846376419067383,0.034981489181518555,0.5,0.0,1563482.4357626392,872679.5347697198,551.7599999999973,0.0
normal,364,92.94072701963451,20.194287722626317,4434.726846523568,2404.07585336009,171.83244652356785,0.0,4362.8944,2404.07585336009,100.0,0.0,0.0,2726.8089999999993,0.0,0.0,2404.07585336009,0.0,0.10757303237915039,0.05066490173339844,0.5,0.0,1567917.1626091627,875083.6106230799,553.2799999999972,0.0
normal,365,92.6628879384162,23.43589938025896,4478.3845638293515,2404.07585336009,206.65336382935152,0.0,4371.7312,2404.07585336009,100.0,0.0,0.0,2732.3320000000003,0.0,0.0,2404.07585336009,0.0,0.11343002319335938,0.03464770317077637,0.5,0.0,1572395.547172992,877487.68647644,554.7999999999972,0.0
ornstein-uhlenbeck,1,95.55813683562333,23.791233636978447,4471.835396082073,2404.07585336009,198.40179608207248,0.0,4373.4336,2404.07585336009,100.0,0.0,0.0,2733.396,0.0,0.0,2404.07585336009,0.0,0.09820103645324707,0.02267622947692871,0.5,0.0,4471.835396082073,2404.07585336009,1.52,0.0
ornstein-uhlenbeck,2,82.08723996277698,22.38376505555918,4018.728985375945,2404.07585336009,176.2177853759434,0.0,3942.5112000000013,2404.07585336009,100.0,0.0,0.0,2464.0695000000005,0.0,0.0,2404.07585336009,0.0,0.09710264205932617,0.025748491287231445,0.5,0.0,8490.564381458018,4808.15170672018,3.04,0.0
ornstein-uhlenbeck,3,81.77862283174728,19.27722629490675,4006.3782079391185,2404.07585336009,170.14108793911822,0.0,3936.2371200000007,2404.07585336009,100.0,0.0,0.0,2460.1482,0.0,0.0,2404.07585336009,0.0,0.08631110191345215,0.027663230895996094,0.5,0.0,12496.942589397137,7212.22756008027,4.5600000000000005,0.0
ornstein-uhlenbeck,4,89.42705178675055,22.94887910050355,4437.915796246101,2404.07585336009,169.53179624610033,0.0,4368.384000000001,2404.07585336009,100.0,0.0,0.0,2730.2400000000007,0.0,0.0,2404.07585336009,0.0,0.09253716468811035,0.03372812271118164,0.5,0.0,16934.858385643238,9616.30341344036,6.08,0.0
ornstein-uhlenbeck,5,89.73922861852304,20.97342098605987,4449.089235170441,2404.07585336009,191.08123517044018,0.0,4358.008000000001,2404.07585336009,100.0,0.0,0.0,2723.7549999999997,0.0,0.0,2404.07585336009,0.0,0.10626935958862305,0.05770611763000488,0.5,0.0,21383.947620813677,12020.37926680045,7.6,0.0
ornstein-uhlenbeck,6,88.19691199516744,22.08783812762239,4413.1576712551105,2404.07585336009,162.50487125511077,0.0,4350.6528,2404.07585336009,100.0,0.0,0.0,2719.158,0.0,0.0,2404.07585336009,0.0,0.11890769004821777,0.0260009765625,0.5,0.0,25797.105292068787,14424.455120160539,9.12,0.0
ornstein-uhlenbeck,7,89.29004388564353,24.373765168004773,4460.875052874794,2404.07585336009,196.27825287479357,0.0,4364.5968,2404.07585336009,100.0,0.0,0.0,2727.8730000000005,0.0,0.0,2404.07585336009,0.0,0.08468937873840332,0.024706602096557617,0.5,0.0,30257.980344943582,16828.53097352063,10.639999999999999,0.0
ornstein-uhlenbeck,8,90.98888547132698,24.361042792644177,4459.194690142607,2404.07585336009,185.76109014260666,0.0,4373.4336,2404.07585336009,100.0,0.0,0.0,2733.396,0.0,0.0,2404.07585336009,0.0,0.0992136001586914,0.035727500915527344,0.5,0.0,34717.17503508619,19232.606826880718,12.159999999999998,0.0
ornstein-uhlenbeck,9,79.3093697011217,19.690341863265832,4008.517807544944,2404.07585336009,166.00660754494248,0.0,3942.5112000000013,2404.07585336009,100.0,0.0,0.0,2464.0695000000005,0.0,0.0,2404.07585336009,0.0,0.11116814613342285,0.04699993133544922,0.5,0.0,38725.692842631135,21636.682680240807,13.679999999999998,0.0
ornstein-uhlenbeck,10,80.47458712028997,20.492507965523867,4008.673240720307,2404.07585336009,156.6767607203065,0.0,3951.9964800000007,2404.07585336009,100.0,0.0,0.0,2469.9977999999996,0.0,0.0,2404.07585336009,0.0,0.0953671932220459,0.030041217803955078,0.5,0.0,42734.366083351444,24040.758533600896,15.199999999999998,0.0
ornstein-uhlenbeck,11,85.71444573567375,23.441018507847307,4440.80878040843,2404.07585336009,172.4247804084287,0.0,4368.384000000001,2404.07585336009,100.0,0.0,0.0,2730.2400000000007,0.0,0.0,2404.07585336009,0.0,0.11894750595092773,0.033713340759277344,0.5,0.0,47175.17486375987,26444.834386960985,16.72,0.0
ornstein-uhlenbeck,12,88.01024999731855,20.564409416886882,4439.875722904137,2404.07585336009,180.1653229041368,0.0,4359.7104,2404.07585336009,100.0,0.0,0.0,2724.819,0.0,0.0,2404.07585336009,0.0,0.10244107246398926,0.03507637977600098,0.5,0.0,51615.05058666401,28848.910240321075,18.24,0.0
ornstein-uhlenbeck,13,86.59660289117387,22.350084450024116,4435.373808786579,2404.07585336009,179.61380878657914,0.0,4355.759999999999,2404.07585336009,100.0,0.0,0.0,2722.3499999999995,0.0,0.0,2404.07585336009,0.0,0.10317564010620117,0.027648448944091797,0.5,0.0,56050.42439545059,31252.986093681164,19.759999999999998,0.0
ornstein-uhlenbeck,14,88.27578401602047,19.68353494201407,4438.798752919296,2404.07585336009,179.3091529192951,0.0,4359.489600000001,2404.07585336009,100.0,0.0,0.0,2724.6809999999996,0.0,0.0,2404.07585336009,0.0,0.10795283317565918,0.030066728591918945,0.5,0.0,60489.223148369885,33657.06194704126,21.279999999999998,0.0
ornstein-uhlenbeck,15,85.33888045225613,23.689810820613708,4441.620276074382,2404.07585336009,185.69707607438198,0.0,4355.9232,2404.07585336009,100.0,0.0,0.0,2722.452,0.0,0.0,2404.07585336009,0.0,0.11390924453735352,0.027967214584350586,0.5,0.0,64930.84342444427,36061.137800401346,22.799999999999997,0.0
ornstein-uhlenbeck,16,77.4565413339472,19.320176277694465,4000.536910680462,2404.07585336009,156.4935506804607,0.0,3944.0433600000015,2404.07585336009,100.0,0.0,0.0,2465.027100000001,0.0,0.0,2404.07585336009,0.0,0.13312697410583496,0.05504894256591797,0.5,0.0,68931.38033512473,38465.213653761435,24.319999999999997,0.0
ornstein-uhlenbeck,17,76.7688835292059,21.79433135686027,4023.8293378894086,2404.07585336009,171.83285788940782,0.0,3951.9964800000007,2404.07585336009,100.0,0.0,0.0,2469.9977999999996,0.0,0.0,2404.07585336009,0.0,0.10027265548706055,0.030689001083374023,0.5,0.0,72955.20967301415,40869.289507121524,25.839999999999996,0.0
ornstein-uhlenbeck,18,87.06897422060221,22.364422236755967,4443.90940055422,2404.07585336009,175.52540055421898,0.0,4368.384000000001,2404.07585336009,100.0,0.0,0.0,2730.2400000000007,0.0,0.0,2404.07585336009,0.0,0.10180544853210449,0.021070003509521484,0.5,0.0,77399.11907356836,43273.36536048161,27.359999999999996,0.0
ornstein-uhlenbeck,19,82.95392994050128,24.628405271333843,4442.084827089226,2404.07585336009,164.86402708922554,0.0,4377.2208,2404.07585336009,100.0,0.0,0.0,2735.763,0.0,0.0,2404.07585336009,0.0,0.11536026000976562,0.04741787910461426,0.5,0.0,81841.2039006576,45677.4412138417,28.879999999999995,0.0
ornstein-uhlenbeck,20,82.60020912336067,24.303778721802527,4407.687935384007,2404.07585336009,169.43833538400693,0.0,4338.2496,2404.07585336009,100.0,0.0,0.0,2711.4059999999995,0.0,0.0,2404.07585336009,0.0,0.11029219627380371,0.03510022163391113,0.5,0.0,86248.8918360416,48081.51706720179,30.399999999999995,0.0
ornstein-uhlenbeck,21,81.20828187948342,24.558608323078438,4443.559055249968,2404.07585336009,180.6646552499679,0.0,4362.8944,2404.07585336009,100.0,0.0,0.0,2726.8089999999993,0.0,0.0,2404.07585336009,0.0,0.10040616989135742,0.03372526168823242,0.5,0.0,90692.45089129156,50485.59292056188,31.919999999999995,0.0
ornstein-uhlenbeck,22,81.75441438053086,22.27701407274462,4437.430640813192,2404.07585336009,184.91224081319297,0.0,4352.5184,2404.07585336009,100.0,0.0,0.0,2720.3240000000005,0.0,0.0,2404.07585336009,0.0,0.09406852722167969,0.03940987586975098,0.5,0.0,95129.88153210476,52889.66877392197,33.44,0.0
ornstein-uhlenbeck,23,74.88631276670993,20.490975669468387,3994.825307499783,2404.07585336009,150.7819474997814,0.0,3944.0433600000015,2404.07585336009,100.0,0.0,0.0,2465.027100000001,0.0,0.0,2404.07585336009,0.0,0.10759520530700684,0.04505157470703125,0.5,0.0,99124.70683960454,55293.74462728206,34.96,0.0
ornstein-uhlenbeck,24,77.3107741976847,18.62351214774844,4000.6734346314706,2404.07585336009,148.6769546314701,0.0,3951.9964800000007,2404.07585336009,100.0,0.0,0.0,2469.9977999999996,0.0,0.0,2404.07585336009,0.0,0.09420895576477051,0.04579639434814453,0.5,0.0,103125.38027423601,57697.82048064215,36.480000000000004,0.0
ornstein-uhlenbeck,25,81.87965777103982,20.88465198751037,4387.295759054358,2404.07585336009,127.91015905435745,0.0,4359.3856000000005,2404.07585336009,100.0,0.0,0.0,2724.616000000001,0.0,0.0,2404.07585336009,0.0,0.14075136184692383,0.04770827293395996,0.5,0.0,107512.67603329037,60101.89633400224,38.00000000000001,0.0
ornstein-uhlenbeck,26,83.3302640329544,23.28421500187989,4460.7787600774,2404.07585336009,204.47316007740048,0.0,4356.3056,2404.07585336009,100.0,0.0,0.0,2722.6910000000003,0.0,0.0,2404.07585336009,0.0,0.0984640121459961,0.03206896781921387,0.5,0.0,111973.45479336777,62505.97218736233,39.52000000000001,0.0
ornstein-uhlenbeck,27,80.10644267253019,19.31128588010697,4403.456919368387,2404.07585336009,165.2073193683877,0.0,4338.2496,2404.07585336009,100.0,0.0,0.0,2711.4059999999995,0.0,0.0,2404.07585336009,0.0,0.10553455352783203,0.029073238372802734,0.5,0.0,116376.91171273615,64910.04804072242,41.04000000000001,0.0
ornstein-uhlenbeck,28,82.07959905318405,21.04151608383958,4432.576705744046,2404.07585336009,187.19270574404544,0.0,4345.384000000001,2404.07585336009,100.0,0.0,0.0,2715.865,0.0,0.0,2404.07585336009,0.0,0.08997702598571777,0.029755353927612305,0.5,0.0,120809.4884184802,67314.12389408251,42.56000000000002,0.0
ornstein-uhlenbeck,29,83.70659262692932,22.531073020721543,4463.480551771221,2404.07585336009,190.04695177122062,0.0,4373.4336,2404.07585336009,100.0,0.0,0.0,2733.396,0.0,0.0,2404.07585336009,0.0,0.09976315498352051,0.040216922760009766,0.5,0.0,125272.96897025143,69718.1997474426,44.08000000000002,0.0
ornstein-uhlenbeck,30,73.7763487645965,18.94935556760742,3978.0574009110305,2404.07585336009,143.6447609110297,0.0,3934.412640000001,2404.07585336009,100.0,0.0,0.0,2459.0079000000005,0.0,0.0,2404.07585336009,0.0,0.1053612232208252,0.036070823669433594,0.5,0.0,129251.02637116246,72122.27560080269,45.60000000000002,0.0
ornstein-uhlenbeck,31,72.39121688885952,19.74335432583654,3986.7434253909028,2404.07585336009,144.37766539090168,0.0,3942.365760000001,2404.07585336009,100.0,0.0,0.0,2463.9786,0.0,0.0,2404.07585336009,0.0,0.09627151489257812,0.03399920463562012,0.5,0.0,133237.76979655336,74526.35145416278,47.120000000000026,0.0
ornstein-uhlenbeck,32,79.09036226736328,20.761757764227557,4404.684386643097,2404.07585336009,138.00278664309621,0.0,4366.681600000001,2404.07585336009,100.0,0.0,0.0,2729.1760000000004,0.0,0.0,2404.07585336009,0.0,0.09947633743286133,0.024055004119873047,0.5,0.0,137642.45418319645,76930.42730752287,48.64000000000003,0.0
ornstein-uhlenbeck,33,80.44200357265336,18.916508938148386,4400.856442518188,2404.07585336009,130.93164251818774,0.0,4369.9248,2404.07585336009,100.0,0.0,0.0,2731.203,0.0,0.0,2404.07585336009,0.0,0.10834503173828125,0.03370165824890137,0.5,0.0,142043.31062571463,79334.50316088296,50.16000000000003,0.0
ornstein-uhlenbeck,34,76.79502470260041,23.090152196691232,4397.084949485479,2404.07585336009,146.43214948547967,0.0,4350.6528,2404.07585336009,100.0,0.0,0.0,2719.158,0.0,0.0,2404.07585336009,0.0,0.10611891746520996,0.03303265571594238,0.5,0.0,146440.39557520012,81738.57901424305,51.680000000000035,0.0
ornstein-uhlenbeck,35,76.93722414252143,23.577329717726155,4413.777718771303,2404.07585336009,166.6913187713029,0.0,4347.0864,2404.07585336009,100.0,0.0,0.0,2716.929,0.0,0.0,2404.07585336009,0.0,0.09450984001159668,0.030742406845092773,0.5,0.0,150854.17329397143,84142.65486760314,53.20000000000004,0.0
ornstein-uhlenbeck,36,80.6226085820366,25.621006145545955,4446.2387617869845,2404.07585336009,172.80516178698403,0.0,4373.4336,2404.07585336009,100.0,0.0,0.0,2733.396,0.0,0.0,2404.07585336009,0.0,0.1178121566772461,0.05925178527832031,0.5,0.0,155300.4120557584,86546.73072096323,54.72000000000004,0.0
ornstein-uhlenbeck,37,73.1835630921488,22.137080563586576,4013.4018466047783,2404.07585336009,169.35848660477674,0.0,3944.0433600000015,2404.07585336009,100.0,0.0,0.0,2465.027100000001,0.0,0.0,2404.07585336009,0.0,0.13157391548156738,0.05032181739807129,0.5,0.0,159313.81390236318,88950.80657432332,56.240000000000045,0.0
ornstein-uhlenbeck,38,71.63476970112283,21.4937009600007,3983.2511261778795,2404.07585336009,132.78680617787862,0.0,3950.464320000001,2404.07585336009,100.0,0.0,0.0,2469.0402,0.0,0.0,2404.07585336009,0.0,0.09311246871948242,0.017995357513427734,0.5,0.0,163297.06502854105,91354.8824276834,57.76000000000005,0.0
ornstein-uhlenbeck,39,78.01423744943293,26.891969586901624,4404.977700802953,2404.07585336009,152.4017008029522,0.0,4352.576000000001,2404.07585336009,100.0,0.0,0.0,2720.3600000000006,0.0,0.0,2404.07585336009,0.0,0.09450244903564453,0.019086837768554688,0.5,0.0,167702.04272934402,93758.9582810435,59.28000000000005,0.0
ornstein-uhlenbeck,40,74.37527489759269,21.80102026918698,4434.594902493664,2404.07585336009,157.37410249366474,0.0,4377.2208,2404.07585336009,100.0,0.0,0.0,2735.763,0.0,0.0,2404.07585336009,0.0,0.1017153263092041,0.030071020126342773,0.5,0.0,172136.6376318377,96163.03413440358,60.800000000000054,0.0
ornstein-uhlenbeck,41,73.08664293528388,22.597400470580162,4418.69780407977,2404.07585336009,164.64020407977156,0.0,4354.057599999999,2404.07585336009,100.0,0.0,0.0,2721.2859999999996,0.0,0.0,2404.07585336009,0.0,0.10545659065246582,0.04104351997375488,0.5,0.0,176555.33543591746,98567.10998776367,62.32000000000006,0.0
ornstein-uhlenbeck,42,77.52909227231953,20.03173828976841,4431.445354873948,2404.07585336009,166.84855487394807,0.0,4364.5968,2404.07585336009,100.0,0.0,0.0,2727.8730000000005,0.0,0.0,2404.07585336009,0.0,0.10737824440002441,0.03588366508483887,0.5,0.0,180986.7807907914,100971.18584112376,63.84000000000006,0.0
ornstein-uhlenbeck,43,72.7159364493449,18.249691143969706,4425.6523542247605,2404.07585336009,152.21875422476046,0.0,4373.4336,2404.07585336009,100.0,0.0,0.0,2733.396,0.0,0.0,2404.07585336009,0.0,0.10100650787353516,0.026633501052856445,0.5,0.0,185412.43314501617,103375.26169448385,65.36000000000006,0.0
ornstein-uhlenbeck,44,69.26482972250261,20.280163225806913,3969.0393010359344,2404.07585336009,140.75530103593331,0.0,3928.284000000001,2404.07585336009,100.0,0.0,0.0,2455.1775000000007,0.0,0.0,2404.07585336009,0.0,0.11114740371704102,0.051047325134277344,0.5,0.0,189381.4724460521,105779.33754784394,66.88000000000005,0.0
ornstein-uhlenbeck,45,69.51270231332946,23.193321244799492,4002.23214232783,2404.07585336009,151.76782232782926,0.0,3950.464320000001,2404.07585336009,100.0,0.0,0.0,2469.0402,0.0,0.0,2404.07585336009,0.0,0.09312796592712402,0.03463554382324219,0.5,0.0,193383.70458837991,108183.41340120403,68.40000000000005,0.0
ornstein-uhlenbeck,46,75.90164725314445,22.09088543726733,4426.032380280177,2404.07585336009,157.64838028017567,0.0,4368.384000000001,2404.07585336009,100.0,0.0,0.0,2730.2400000000007,0.0,0.0,2404.07585336009,0.0,0.12565946578979492,0.03405499458312988,0.5,0.0,197809.7369686601,110587.48925456412,69.92000000000004,0.0
ornstein-uhlenbeck,47,74.23952435413854,22.5146155849436,4439.63955879681,2404.07585336009,162.41875879680975,0.0,4377.2208,2404.07585336009,100.0,0.0,0.0,2735.763,0.0,0.0,2404.07585336009,0.0,0.10033893585205078,0.027622461318969727,0.5,0.0,202249.3765274569,112991.56510792421,71.44000000000004,0.0
ornstein-uhlenbeck,48,76.58206955392593,21.67741093378266,4392.174515059368,2404.07585336009,139.81931505936777,0.0,4352.3552,2404.07585336009,100.0,0.0,0.0,2720.2219999999993,0.0,0.0,2404.07585336009,0.0,0.1472005844116211,0.022225618362426758,0.5,0.0,206641.55104251625,115395.6409612843,72.96000000000004,0.0
ornstein-uhlenbeck,49,71.09059662312639,24.119963025893714,4404.844772126716,2404.07585336009,143.65277212671594,0.0,4361.192,2404.07585336009,100.0,0.0,0.0,2725.745,0.0,0.0,2404.07585336009,0.0,0.11733698844909668,0.04476571083068848,0.5,0.0,211046.39581464298,117799.71681464439,74.48000000000003,0.0
ornstein-uhlenbeck,50,73.9395542371823,22.16245150500325,4426.264891275275,2404.07585336009,172.04409127527447,0.0,4354.2208,2404.07585336009,100.0,0.0,0.0,2721.3880000000004,0.0,0.0,2404.07585336009,0.0,0.10557007789611816,0.03506016731262207,0.5,0.0,215472.66070591824,120203.79266800448,76.00000000000003,0.0
ornstein-uhlenbeck,51,63.755396401225774,21.522120325535244,3980.4966739267065,2404.07585336009,155.27699392670533,0.0,3925.219680000001,2404.07585336009,100.0,0.0,0.0,2453.2623000000012,0.0,0.0,2404.07585336009,0.0,0.10517287254333496,0.0368649959564209,0.5,0.0,219453.15737984495,122607.86852136457,77.52000000000002,0.0
ornstein-uhlenbeck,52,64.28181342087605,22.696410622417417,3983.03993693929,2404.07585336009,132.57561693928895,0.0,3950.464320000001,2404.07585336009,100.0,0.0,0.0,2469.0402,0.0,0.0,2404.07585336009,0.0,0.10919475555419922,0.027993440628051758,0.5,0.0,223436.19731678424,125011.94437472466,79.04000000000002,0.0
ornstein-uhlenbeck,53,71.04117573884541,24.46719986841848,4423.364958748326,2404.07585336009,154.98095874832487,0.0,4368.384000000001,2404.07585336009,100.0,0.0,0.0,2730.2400000000007,0.0,0.0,2404.07585336009,0.0,0.15720081329345703,0.04200315475463867,0.5,0.0,227859.56227553257,127416.02022808474,80.56000000000002,0.0
ornstein-uhlenbeck,54,69.44477701234001,22.232348002433984,4428.410612378535,2404.07585336009,152.89221237853494,0.0,4375.5184,2404.07585336009,100.0,0.0,0.0,2734.699,0.0,0.0,2404.07585336009,0.0,0.09657955169677734,0.02077484130859375,0.5,0.0,232287.9728879111,129820.09608144483,82.08000000000001,0.0
ornstein-uhlenbeck,55,71.84536135709374,21.70627799095501,4397.55616341518,2404.07585336009,159.30656341517982,0.0,4338.2496,2404.07585336009,100.0,0.0,0.0,2711.4059999999995,0.0,0.0,2404.07585336009,0.0,0.11375904083251953,0.02562737464904785,0.5,0.0,236685.52905132627,132224.17193480494,83.60000000000001,0.0
ornstein-uhlenbeck,56,71.27336299891819,24.95055733285317,4433.670289853056,2404.07585336009,170.77588985305584,0.0,4362.8944,2404.07585336009,100.0,0.0,0.0,2726.8089999999993,0.0,0.0,2404.07585336009,0.0,0.09412622451782227,0.034980058670043945,0.5,0.0,241119.19934117934,134628.24778816503,85.12,0.0
ornstein-uhlenbeck,57,70.05178991127536,23.20889173777168,4414.689878794098,2404.07585336009,158.76667879409828,0.0,4355.9232,2404.07585336009,100.0,0.0,0.0,2722.452,0.0,0.0,2404.07585336009,0.0,0.10642886161804199,0.032801151275634766,0.5,0.0,245533.88921997344,137032.32364152512,86.64,0.0
ornstein-uhlenbeck,58,62.44732074350557,21.178799008191984,3982.57684118132,2404.07585336009,138.53348118131862,0.0,3944.0433600000015,2404.07585336009,100.0,0.0,0.0,2465.027100000001,0.0,0.0,2404.07585336009,0.0,0.11174464225769043,0.04348134994506836,0.5,0.0,249516.46606115476,139436.3994948852,88.16,0.0
ornstein-uhlenbeck,59,64.38902929786,18.825309288956277,3973.2546094156423,2404.07585336009,124.32244941564169,0.0,3948.9321600000007,2404.07585336009,100.0,0.0,0.0,2468.0826,0.0,0.0,2404.07585336009,0.0,0.10750484466552734,0.02400946617126465,0.5,0.0,253489.7206705704,141840.4753482453,89.67999999999999,0.0
ornstein-uhlenbeck,60,65.40638309779442,24.067124508893922,4417.646425483845,2404.07585336009,166.77282548384386,0.0,4350.873600000001,2404.07585336009,100.0,0.0,0.0,2719.2960000000007,0.0,0.0,2404.07585336009,0.0,0.09853339195251465,0.02929973602294922,0.5,0.0,257907.36709605422,144244.55120160538,91.19999999999999,0.0
ornstein-uhlenbeck,61,68.063645224713,19.91036216054047,4412.435337591937,2404.07585336009,152.72493759193716,0.0,4359.7104,2404.07585336009,100.0,0.0,0.0,2724.819,0.0,0.0,2404.07585336009,0.0,0.10790300369262695,0.04473686218261719,0.5,0.0,262319.80243364617,146648.62705496547,92.71999999999998,0.0
ornstein-uhlenbeck,62,69.01342000636863,24.005533598879154,4407.218637508362,2404.07585336009,170.67143750836166,0.0,4336.5472,2404.07585336009,100.0,0.0,0.0,2710.3419999999996,0.0,0.0,2404.07585336009,0.0,0.10337495803833008,0.03883504867553711,0.5,0.0,266727.0210711545,149052.70290832556,94.23999999999998,0.0
ornstein-uhlenbeck,63,68.02294997720396,23.40484375621865,4411.667829088767,2404.07585336009,167.98622908876683,0.0,4343.6816,2404.07585336009,100.0,0.0,0.0,2714.8009999999995,0.0,0.0,2404.07585336009,0.0,0.11718368530273438,0.0381464958190918,0.5,0.0,271138.68890024326,151456.77876168565,95.75999999999998,0.0
ornstein-uhlenbeck,64,66.02231015891157,24.89119038924703,4431.9185531527255,2404.07585336009,158.48495315272515,0.0,4373.4336,2404.07585336009,100.0,0.0,0.0,2733.396,0.0,0.0,2404.07585336009,0.0,0.10377264022827148,0.036406517028808594,0.5,0.0,275570.60745339596,153860.85461504574,97.27999999999997,0.0
ornstein-uhlenbeck,65,62.938945943814396,22.233144425912847,3978.540767058173,2404.07585336009,134.4974070581714,0.0,3944.0433600000015,2404.07585336009,100.0,0.0,0.0,2465.027100000001,0.0,0.0,2404.07585336009,0.0,0.12241220474243164,0.02099776268005371,0.5,0.0,279549.1482204541,156264.93046840583,98.79999999999997,0.0
ornstein-uhlenbeck,66,60.31213214309662,21.465166791040055,3990.2126612102547,2404.07585336009,138.21618121025423,0.0,3951.9964800000007,2404.07585336009,100.0,0.0,0.0,2469.9977999999996,0.0,0.0,2404.07585336009,0.0,0.10046911239624023,0.05167078971862793,0.5,0.0,283539.3608816644,158669.00632176592,100.31999999999996,0.0
ornstein-uhlenbeck,67,65.77484510939998,22.445162648946045,4404.99989564858,2404.07585336009,138.31829564857884,0.0,4366.681600000001,2404.07585336009,100.0,0.0,0.0,2729.1760000000004,0.0,0.0,2404.07585336009,0.0,0.15949296951293945,0.03484821319580078,0.5,0.0,287944.36077731295,161073.082175126,101.83999999999996,0.0
ornstein-uhlenbeck,68,67.10954927507268,21.693751947045982,4423.8140753484395,2404.07585336009,169.2108753484393,0.0,4354.6032000000005,2404.07585336009,100.0,0.0,0.0,2721.627,0.0,0.0,2404.07585336009,0.0,0.11110591888427734,0.023995399475097656,0.5,0.0,292368.1748526614,163477.1580284861,103.35999999999996,0.0
ornstein-uhlenbeck,69,64.06529014238073,21.988337052490582,4385.310887246173,2404.07585336009,152.1684872461724,0.0,4333.1424,2404.07585336009,100.0,0.0,0.0,2708.2139999999995,0.0,0.0,2404.07585336009,0.0,0.11043262481689453,0.025053024291992188,0.5,0.0,296753.48573990754,165881.2338818462,104.87999999999995,0.0
ornstein-uhlenbeck,70,66.31330141728326,22.87025498453884,4394.406600642866,2404.07585336009,147.32020064286598,0.0,4347.0864,2404.07585336009,100.0,0.0,0.0,2716.929,0.0,0.0,2404.07585336009,0.0,0.1054084300994873,0.02371954917907715,0.5,0.0,301147.89234055043,168285.30973520628,106.39999999999995,0.0
ornstein-uhlenbeck,71,67.2174341679452,19.82075507354983,4406.31110976605,2404.07585336009,136.2823097660502,0.0,4370.0288,2404.07585336009,100.0,0.0,0.0,2731.2680000000005,0.0,0.0,2404.07585336009,0.0,0.105194091796875,0.02800273895263672,0.5,0.0,305554.2034503165,170689.38558856637,107.91999999999994,0.0
ornstein-uhlenbeck,72,58.16194922361857,19.955626252156197,3986.570386035235,2404.07585336009,161.35070603523397,0.0,3925.219680000001,2404.07585336009,100.0,0.0,0.0,2453.2623000000012,0.0,0.0,2404.07585336009,0.0,0.11750483512878418,0.025783538818359375,0.5,0.0,309540.77383635176,173093.46144192645,109.43999999999994,0.0
ornstein-uhlenbeck,73,55.062300670365424,21.25843907517822,3966.7735498366774,2404.07585336009,130.5364298366766,0.0,3936.2371200000007,2404.07585336009,100.0,0.0,0.0,2460.1482,0.0,0.0,2404.07585336009,0.0,0.10179901123046875,0.027791500091552734,0.5,0.0,313507.5473861884,175497.53729528654,110.95999999999994,0.0
ornstein-uhlenbeck,74,64.48514502937071,23.121770037214326,4401.105475091949,2404.07585336009,132.72147509194855,0.0,4368.384000000001,2404.07585336009,100.0,0.0,0.0,2730.2400000000007,0.0,0.0,2404.07585336009,0.0,0.11026406288146973,0.03003072738647461,0.5,0.0,317908.65286128037,177901.61314864663,112.47999999999993,0.0
ornstein-uhlenbeck,75,63.71693699619069,20.161137171281872,4423.917018341283,2404.07585336009,146.6962183412834,0.0,4377.2208,2404.07585336009,100.0,0.0,0.0,2735.763,0.0,0.0,2404.07585336009,0.0,0.10947060585021973,0.037575721740722656,0.5,0.0,322332.5698796217,180305.68900200672,113.99999999999993,0.0
ornstein-uhlenbeck,76,63.51638972813557,21.708189730232622,4386.358113777355,2404.07585336009,130.59811377735613,0.0,4355.759999999999,2404.07585336009,100.0,0.0,0.0,2722.3499999999995,0.0,0.0,2404.07585336009,0.0,0.11003351211547852,0.024710416793823242,0.5,0.0,326718.92799339903,182709.7648553668,115.51999999999992,0.0
ornstein-uhlenbeck,77,60.61197806109228,22.225340118528493,4400.332145333585,2404.07585336009,139.14014533358431,0.0,4361.192,2404.07585336009,100.0,0.0,0.0,2725.745,0.0,0.0,2404.07585336009,0.0,0.10195589065551758,0.023009300231933594,0.5,0.0,331119.2601387326,185113.8407087269,117.03999999999992,0.0
ornstein-uhlenbeck,78,64.5585908360077,25.661627247224295,4414.605881601949,2404.07585336009,163.78988160194842,0.0,4350.816,2404.07585336009,100.0,0.0,0.0,2719.26,0.0,0.0,2404.07585336009,0.0,0.1144709587097168,0.03475046157836914,0.5,0.0,335533.86602033454,187517.916562087,118.55999999999992,0.0
ornstein-uhlenbeck,79,55.91879099028677,20.70246656196347,3971.4948360378967,2404.07585336009,127.45147603789502,0.0,3944.0433600000015,2404.07585336009,100.0,0.0,0.0,2465.027100000001,0.0,0.0,2404.07585336009,0.0,0.10585165023803711,0.04060196876525879,0.5,0.0,339505.36085637246,189921.99241544708,120.07999999999991,0.0
ornstein-uhlenbeck,80,53.59622975902753,22.13180284560607,3968.9838106607904,2404.07585336009,118.51949066078924,0.0,3950.464320000001,2404.07585336009,100.0,0.0,0.0,2469.0402,0.0,0.0,2404.07585336009,0.0,0.09642386436462402,0.039713144302368164,0.5,0.0,343474.34466703323,192326.06826880717,121.59999999999991,0.0
ornstein-uhlenbeck,81,58.978915413409766,21.21855728164276,4390.4082273607355,2404.07585336009,123.7266273607346,0.0,4366.681600000001,2404.07585336009,100.0,0.0,0.0,2729.1760000000004,0.0,0.0,2404.07585336009,0.0,0.12813591957092285,0.023998498916625977,0.5,0.0,347864.752894394,194730.14412216726,123.1199999999999,0.0
ornstein-uhlenbeck,82,58.437271008625736,21.07338366419708,4396.344949493123,2404.07585336009,119.12414949312317,0.0,4377.2208,2404.07585336009,100.0,0.0,0.0,2735.763,0.0,0.0,2404.07585336009,0.0,0.1134636402130127,0.03125810623168945,0.5,0.0,352261.0978438871,197134.21997552735,124.6399999999999,0.0
ornstein-uhlenbeck,83,62.14461809897603,25.177474658997905,4401.8458458983105,2404.07585336009,149.4906458983105,0.0,4352.3552,2404.07585336009,100.0,0.0,0.0,2720.2219999999993,0.0,0.0,2404.07585336009,0.0,0.11867403984069824,0.022698640823364258,0.5,0.0,356662.94368978543,199538.29582888744,126.1599999999999,0.0
ornstein-uhlenbeck,84,62.22046488779629,23.09744081791274,4399.089466859275,2404.07585336009,136.1950668592747,0.0,4362.8944,2404.07585336009,100.0,0.0,0.0,2726.8089999999993,0.0,0.0,2404.07585336009,0.0,0.09748148918151855,0.027952909469604492,0.5,0.0,361062.0331566447,201942.37168224753,127.6799999999999,0.0
ornstein-uhlenbeck,85,59.660714619294026,24.33958557165145,4385.777918953381,2404.07585336009,112.34431895338076,0.0,4373.4336,2404.07585336009,100.0,0.0,0.0,2733.396,0.0,0.0,2404.07585336009,0.0,0.0964210033416748,0.027722835540771484,0.5,0.0,365447.8110755981,204346.44753560761,129.1999999999999,0.0
ornstein-uhlenbeck,86,56.574924098125685,18.55812961047008,3979.227069210333,2404.07585336009,135.18370921033156,0.0,3944.0433600000015,2404.07585336009,100.0,0.0,0.0,2465.027100000001,0.0,0.0,2404.07585336009,0.0,0.11327028274536133,0.02505016326904297,0.5,0.0,369427.03814480844,206750.5233889677,130.7199999999999,0.0
ornstein-uhlenbeck,87,53.59190945695809,19.99580201335803,3969.462735952289,2404.07585336009,117.46625595228846,0.0,3951.9964800000007,2404.07585336009,100.0,0.0,0.0,2469.9977999999996,0.0,0.0,2404.07585336009,0.0,0.0870206356048584,0.03700399398803711,0.5,0.0,373396.5008807607,209154.5992423278,132.23999999999992,0.0
ornstein-uhlenbeck,88,60.04684230407816,22.953308354569437,4396.024773076648,2404.07585336009,127.6407730766472,0.0,4368.384000000001,2404.07585336009,100.0,0.0,0.0,2730.2400000000007,0.0,0.0,2404.07585336009,0.0,0.11141538619995117,0.023547887802124023,0.5,0.0,377792.52565383737,211558.67509568788,133.75999999999993,0.0
ornstein-uhlenbeck,89,60.14195686276033,24.29566299336134,4410.845947112818,2404.07585336009,154.54034711281804,0.0,4356.3056,2404.07585336009,100.0,0.0,0.0,2722.6910000000003,0.0,0.0,2404.07585336009,0.0,0.09273433685302734,0.02163410186767578,0.5,0.0,382203.3716009502,213962.75094904797,135.27999999999994,0.0
ornstein-uhlenbeck,90,61.35026660835263,23.245678851953112,4372.809785190576,2404.07585336009,136.26258519057598,0.0,4336.5472,2404.07585336009,100.0,0.0,0.0,2710.3419999999996,0.0,0.0,2404.07585336009,0.0,0.1002192497253418,0.030005455017089844,0.5,0.0,386576.18138614076,216366.82680240806,136.79999999999995,0.0
ornstein-uhlenbeck,91,59.8737660921748,20.856730187786074,4395.010897441692,2404.07585336009,132.11649744169193,0.0,4362.8944,2404.07585336009,100.0,0.0,0.0,2726.8089999999993,0.0,0.0,2404.07585336009,0.0,0.08742475509643555,0.02498793601989746,0.5,0.0,390971.19228358247,218770.90265576815,138.31999999999996,0.0
ornstein-uhlenbeck,92,58.994710139004816,21.28998201776202,4389.423287486816,2404.07585336009,121.0968874868158,0.0,4368.3264,2404.07585336009,100.0,0.0,0.0,2730.204,0.0,0.0,2404.07585336009,0.0,0.10143017768859863,0.030750513076782227,0.5,0.0,395360.6155710693,221174.97850912824,139.83999999999997,0.0
ornstein-uhlenbeck,93,53.63280233752471,18.894109406430882,3943.1960000000013,2404.07585336009,0.0,0.0,4043.1960000000013,2404.07585336009,100.0,0.0,0.0,2526.9975000000004,0.0,0.0,2404.07585336009,0.0,0.11855864524841309,0.02500152587890625,0.5,0.0,399303.8115710693,223579.05436248833,139.83999999999997,0.0
ornstein-uhlenbeck,94,51.70400100311114,22.443635858732016,3980.9460135503905,2404.07585336009,132.01385355038974,0.0,3948.9321600000007,2404.07585336009,100.0,0.0,0.0,2468.0826,0.0,0.0,2404.07585336009,0.0,0.10050511360168457,0.018166780471801758,0.5,0.0,403284.7575846197,225983.13021584842,141.35999999999999,0.0
ornstein-uhlenbeck,95,56.632244685914934,22.852851933501228,4379.040000000001,2404.07585336009,0.0,0.0,4479.040000000001,2404.07585336009,100.0,0.0,0.0,2799.4000000000005,0.0,0.0,2404.07585336009,0.0,0.08132123947143555,0.021021604537963867,0.5,0.0,407663.79758461966,228387.2060692085,141.35999999999999,0.0
ornstein-uhlenbeck,96,59.020531983189386,23.81214442054662,4425.98573193756,2404.07585336009,167.97773193755918,0.0,4358.008000000001,2404.07585336009,100.0,0.0,0.0,2723.7549999999997,0.0,0.0,2404.07585336009,0.0,0.10668635368347168,0.03749275207519531,0.5,0.0,412089.78331655724,230791.2819225686,142.88,0.0
ornstein-uhlenbeck,97,58.22451609719612,19.542709990314965,4387.564413742163,2404.07585336009,131.80441374216431,0.0,4355.759999999999,2404.07585336009,100.0,0.0,0.0,2722.3499999999995,0.0,0.0,2404.07585336009,0.0,0.11071205139160156,0.03168845176696777,0.5,0.0,416477.3477302994,233195.35777592869,144.4,0.0
ornstein-uhlenbeck,98,57.444674521712564,20.477262446391663,4398.777573500212,2404.07585336009,135.88317350021237,0.0,4362.8944,2404.07585336009,100.0,0.0,0.0,2726.8089999999993,0.0,0.0,2404.07585336009,0.0,0.11737418174743652,0.03768515586853027,0.5,0.0,420876.12530379964,235599.43362928877,145.92000000000002,0.0
ornstein-uhlenbeck,99,54.98482231484365,22.153209052684726,4397.000420267687,2404.07585336009,144.48202026768737,0.0,4352.5184,2404.07585336009,100.0,0.0,0.0,2720.3240000000005,0.0,0.0,2404.07585336009,0.0,0.10107588768005371,0.02553272247314453,0.5,0.0,425273.12572406733,238003.50948264886,147.44000000000003,0.0
ornstein-uhlenbeck,100,52.91454745711434,19.3106729000628,3975.5955955248087,2404.07585336009,133.08439552480752,0.0,3942.5112000000013,2404.07585336009,100.0,0.0,0.0,2464.0695000000005,0.0,0.0,2404.07585336009,0.0,0.1083991527557373,0.04420638084411621,0.5,0.0,429248.72131959215,240407.58533600895,148.96000000000004,0.0
ornstein-uhlenbeck,101,49.933749474122145,19.876365489589876,3966.424496692429,2404.07585336009,114.42801669242826,0.0,3951.9964800000007,2404.07585336009,100.0,0.0,0.0,2469.9977999999996,0.0,0.0,2404.07585336009,0.0,0.0917809009552002,0.02763223648071289,0.5,0.0,433215.1458162846,242811.66118936904,150.48000000000005,0.0
ornstein-uhlenbeck,102,55.07193535586938,21.741245238697864,4390.405096646095,2404.07585336009,122.02109664609482,0.0,4368.384000000001,2404.07585336009,100.0,0.0,0.0,2730.2400000000007,0.0,0.0,2404.07585336009,0.0,0.11771368980407715,0.03303241729736328,0.5,0.0,437605.5509129307,245215.73704272913,152.00000000000006,0.0
ornstein-uhlenbeck,103,53.573188138268456,24.698300518241656,4394.349794530769,2404.07585336009,138.04419453076906,0.0,4356.3056,2404.07585336009,100.0,0.0,0.0,2722.6910000000003,0.0,0.0,2404.07585336009,0.0,0.09859228134155273,0.04433155059814453,0.5,0.0,441999.90070746146,247619.81289608922,153.52000000000007,0.0
ornstein-uhlenbeck,104,54.654275043576,23.121358537689364,4390.578951758453,2404.07585336009,134.81895175845315,0.0,4355.759999999999,2404.07585336009,100.0,0.0,0.0,2722.3499999999995,0.0,0.0,2404.07585336009,0.0,0.11180353164672852,0.027896404266357422,0.5,0.0,446390.4796592199,250023.8887494493,155.04000000000008,0.0
ornstein-uhlenbeck,105,56.68855799815143,22.58014409922162,4387.992134371659,2404.07585336009,140.90573437165884,0.0,4347.0864,2404.07585336009,100.0,0.0,0.0,2716.929,0.0,0.0,2404.07585336009,0.0,0.1005103588104248,0.029007911682128906,0.5,0.0,450778.47179359157,252427.9646028094,156.5600000000001,0.0
ornstein-uhlenbeck,106,55.49911127276505,21.46111047814788,4400.85512093677,2404.07585336009,150.03912093677016,0.0,4350.816,2404.07585336009,100.0,0.0,0.0,2719.26,0.0,0.0,2404.07585336009,0.0,0.11117863655090332,0.027654409408569336,0.5,0.0,455179.3269145283,254832.0404561695,158.0800000000001,0.0
ornstein-uhlenbeck,107,50.45195242807839,19.95580473937459,3955.1717726443107,2404.07585336009,129.95209264430954,0.0,3925.219680000001,2404.07585336009,100.0,0.0,0.0,2453.2623000000012,0.0,0.0,2404.07585336009,0.0,0.11328268051147461,0.03464818000793457,0.5,0.0,459134.49868717266,257236.11630952958,159.6000000000001,0.0
ornstein-uhlenbeck,108,50.20047809344135,19.588835576657292,3951.368000000001,2404.07585336009,0.0,0.0,4051.368000000001,2404.07585336009,100.0,0.0,0.0,2532.105,0.0,0.0,2404.07585336009,0.0,0.10029196739196777,0.02675151824951172,0.5,0.0,463085.8666871727,259640.19216288967,159.6000000000001,0.0
ornstein-uhlenbeck,109,55.78672617513312,19.19665592324132,4379.040000000001,2404.07585336009,0.0,0.0,4479.040000000001,2404.07585336009,100.0,0.0,0.0,2799.4000000000005,0.0,0.0,2404.07585336009,0.0,0.1822805404663086,0.0237579345703125,0.5,0.0,467464.90668717265,262044.26801624976,159.6000000000001,0.0
ornstein-uhlenbeck,110,53.78060159181181,21.27533029051775,4388.12,2404.07585336009,0.0,0.0,4488.12,2404.07585336009,100.0,0.0,0.0,2805.075,0.0,0.0,2404.07585336009,0.0,0.10430026054382324,0.02600860595703125,0.5,0.0,471853.02668717265,264448.3438696099,159.6000000000001,0.0
ornstein-uhlenbeck,111,56.586134313268495,20.788080531412266,4389.8994061518815,2404.07585336009,151.64980615188148,0.0,4338.2496,2404.07585336009,100.0,0.0,0.0,2711.4059999999995,0.0,0.0,2404.07585336009,0.0,0.11951661109924316,0.027789592742919922,0.5,0.0,476242.92609332455,266852.41972297,161.12000000000012,0.0
ornstein-uhlenbeck,112,56.10645076081829,21.86663043971882,4374.280000000001,2404.07585336009,0.0,0.0,4474.280000000001,2404.07585336009,100.0,0.0,0.0,2796.425,0.0,0.0,2404.07585336009,0.0,0.11349868774414062,0.03464698791503906,0.5,0.0,480617.2060933246,269256.4955763301,161.12000000000012,0.0
ornstein-uhlenbeck,113,56.28930227360954,24.8523395642367,4421.082468766674,2404.07585336009,170.2664687666736,0.0,4350.816,2404.07585336009,100.0,0.0,0.0,2719.26,0.0,0.0,2404.07585336009,0.0,0.1183314323425293,0.03905916213989258,0.5,0.0,485038.28856209124,271660.57142969023,162.64000000000013,0.0
ornstein-uhlenbeck,114,48.38979969340716,19.619012567831305,3946.0063258443793,2404.07585336009,117.72232584437808,0.0,3928.284000000001,2404.07585336009,100.0,0.0,0.0,2455.1775000000007,0.0,0.0,2404.07585336009,0.0,0.1191098690032959,0.029011249542236328,0.5,0.0,488984.2948879356,274064.64728305035,164.16000000000014,0.0
ornstein-uhlenbeck,115,49.96508492343886,24.114287903761255,3952.0652907955077,2404.07585336009,103.13313079550691,0.0,3948.9321600000007,2404.07585336009,100.0,0.0,0.0,2468.0826,0.0,0.0,2404.07585336009,0.0,0.10893130302429199,0.033627986907958984,0.5,0.0,492936.36017873115,276468.72313641047,165.68000000000015,0.0
ornstein-uhlenbeck,116,59.19099261252609,23.11901488799595,4373.813069987753,2404.07585336009,126.34426998775149,0.0,4347.4688000000015,2404.07585336009,100.0,0.0,0.0,2717.1680000000006,0.0,0.0,2404.07585336009,0.0,0.10265302658081055,0.01407480239868164,0.5,0.0,497310.1732487189,278872.7989897706,167.20000000000016,0.0
ornstein-uhlenbeck,117,57.0703263394949,22.563224675029094,4399.6897795207915,2404.07585336009,138.2769795207911,0.0,4361.4128,2404.07585336009,100.0,0.0,0.0,2725.883,0.0,0.0,2404.07585336009,0.0,0.10225701332092285,0.0375058650970459,0.5,0.0,501709.8630282397,281276.8748431307,168.72000000000017,0.0
ornstein-uhlenbeck,118,54.55256411642057,24.223810352146653,4379.885966907747,2404.07585336009,141.6363669077474,0.0,4338.2496,2404.07585336009,100.0,0.0,0.0,2711.4059999999995,0.0,0.0,2404.07585336009,0.0,0.10951447486877441,0.029527664184570312,0.5,0.0,506089.7489951474,283680.9506964908,170.24000000000018,0.0
ornstein-uhlenbeck,119,54.98692169913736,20.82383559800744,4390.317925520024,2404.07585336009,148.33872552002356,0.0,4341.979200000001,2404.07585336009,100.0,0.0,0.0,2713.737,0.0,0.0,2404.07585336009,0.0,0.1054079532623291,0.03205156326293945,0.5,0.0,510480.0669206674,286085.02654985094,171.7600000000002,0.0
ornstein-uhlenbeck,120,56.02652143925963,21.932842827502135,4388.10483964517,2404.07585336009,116.37363964516945,0.0,4371.7312,2404.07585336009,100.0,0.0,0.0,2732.3320000000003,0.0,0.0,2404.07585336009,0.0,0.08392930030822754,0.023312091827392578,0.5,0.0,514868.1717603126,288489.10240321106,173.2800000000002,0.0
ornstein-uhlenbeck,121,48.800246541746986,22.82773664724308,3961.433993099939,2404.07585336009,133.1499930999379,0.0,3928.284000000001,2404.07585336009,100.0,0.0,0.0,2455.1775000000007,0.0,0.0,2404.07585336009,0.0,0.12063741683959961,0.037011146545410156,0.5,0.0,518829.6057534125,290893.1782565712,174.8000000000002,0.0
ornstein-uhlenbeck,122,47.453963678782365,21.1832792243011,3978.504443908238,2404.07585336009,128.04012390823718,0.0,3950.464320000001,2404.07585336009,100.0,0.0,0.0,2469.0402,0.0,0.0,2404.07585336009,0.0,0.11476635932922363,0.01953125,0.5,0.0,522808.11019732076,293297.2541099313,176.32000000000022,0.0
ornstein-uhlenbeck,123,54.48777040936975,22.48224952721972,4402.020916363413,2404.07585336009,152.84971636341186,0.0,4349.171200000001,2404.07585336009,100.0,0.0,0.0,2718.232000000001,0.0,0.0,2404.07585336009,0.0,0.09964466094970703,0.030902385711669922,0.5,0.0,527210.1311136842,295701.3299632914,177.84000000000023,0.0
ornstein-uhlenbeck,124,53.05430965215286,24.24777651193461,4399.396947308915,2404.07585336009,143.09134730891483,0.0,4356.3056,2404.07585336009,100.0,0.0,0.0,2722.6910000000003,0.0,0.0,2404.07585336009,0.0,0.11549520492553711,0.027002573013305664,0.5,0.0,531609.5280609931,298105.40581665153,179.36000000000024,0.0
ornstein-uhlenbeck,125,54.97065167074279,19.976705715055893,4378.217042874242,2404.07585336009,122.4570428742427,0.0,4355.759999999999,2404.07585336009,100.0,0.0,0.0,2722.3499999999995,0.0,0.0,2404.07585336009,0.0,0.11177945137023926,0.03152632713317871,0.5,0.0,535987.7451038673,300509.48167001165,180.88000000000025,0.0
ornstein-uhlenbeck,126,54.6211800617788,23.637213610099796,4408.799076654406,2404.07585336009,145.90467665440647,0.0,4362.8944,2404.07585336009,100.0,0.0,0.0,2726.8089999999993,0.0,0.0,2404.07585336009,0.0,0.10738039016723633,0.0278933048248291,0.5,0.0,540396.5441805216,302913.55752337177,182.40000000000026,0.0
ornstein-uhlenbeck,127,57.26068036701133,22.111529594522082,4405.812584984134,2404.07585336009,132.37898498413438,0.0,4373.4336,2404.07585336009,100.0,0.0,0.0,2733.396,0.0,0.0,2404.07585336009,0.0,0.0992732048034668,0.023035287857055664,0.5,0.0,544802.3567655057,305317.6333767319,183.92000000000027,0.0
ornstein-uhlenbeck,128,47.66870372363751,19.276363500771083,3956.5642575592046,2404.07585336009,114.05305755920348,0.0,3942.5112000000013,2404.07585336009,100.0,0.0,0.0,2464.0695000000005,0.0,0.0,2404.07585336009,0.0,0.1245417594909668,0.036829233169555664,0.5,0.0,548758.921023065,307721.709230092,185.44000000000028,0.0
ornstein-uhlenbeck,129,50.1923890572099,19.102356145624203,3951.368000000001,2404.07585336009,0.0,0.0,4051.368000000001,2404.07585336009,100.0,0.0,0.0,2532.105,0.0,0.0,2404.07585336009,0.0,0.09577536582946777,0.030627012252807617,0.5,0.0,552710.289023065,310125.7850834521,185.44000000000028,0.0
ornstein-uhlenbeck,130,55.0501966815776,22.259755325368154,4379.040000000001,2404.07585336009,0.0,0.0,4479.040000000001,2404.07585336009,100.0,0.0,0.0,2799.4000000000005,0.0,0.0,2404.07585336009,0.0,0.16134929656982422,0.04078078269958496,0.5,0.0,557089.329023065,312529.86093681224,185.44000000000028,0.0
ornstein-uhlenbeck,131,55.655531220630856,23.073087324272876,4407.641565696482,2404.07585336009,147.93116569648222,0.0,4359.7104,2404.07585336009,100.0,0.0,0.0,2724.819,0.0,0.0,2404.07585336009,0.0,0.11680984497070312,0.03199410438537598,0.5,0.0,561496.9705887615,314933.93679017236,186.9600000000003,0.0
ornstein-uhlenbeck,132,58.142906956666344,23.641738849342403,4393.612030172625,2404.07585336009,137.85203017262603,0.0,4355.759999999999,2404.07585336009,100.0,0.0,0.0,2722.3499999999995,0.0,0.0,2404.07585336009,0.0,0.10547804832458496,0.026334047317504883,0.5,0.0,565890.5826189341,317338.0126435325,188.4800000000003,0.0
ornstein-uhlenbeck,133,54.40926838635454,26.017833880729995,4403.896627666068,2404.07585336009,156.8102276660676,0.0,4347.0864,2404.07585336009,100.0,0.0,0.0,2716.929,0.0,0.0,2404.07585336009,0.0,0.1037132740020752,0.027118206024169922,0.5,0.0,570294.4792466002,319742.0884968926,190.0000000000003,0.0
ornstein-uhlenbeck,134,52.69478802752972,24.029746761009548,4390.345034561676,2404.07585336009,134.42183456167547,0.0,4355.9232,2404.07585336009,100.0,0.0,0.0,2722.452,0.0,0.0,2404.07585336009,0.0,0.10616254806518555,0.03923606872558594,0.5,0.0,574684.8242811619,322146.1643502527,191.52000000000032,0.0
ornstein-uhlenbeck,135,50.12110923974577,23.619277964272293,3955.594291700098,2404.07585336009,127.31029170009697,0.0,3928.284000000001,2404.07585336009,100.0,0.0,0.0,2455.1775000000007,0.0,0.0,2404.07585336009,0.0,0.11592864990234375,0.026010513305664062,0.5,0.0,578640.4185728619,324550.24020361283,193.04000000000033,0.0
ornstein-uhlenbeck,136,49.076017118375184,20.811199985753426,3962.09516058245,2404.07585336009,110.09868058244926,0.0,3951.9964800000007,2404.07585336009,100.0,0.0,0.0,2469.9977999999996,0.0,0.0,2404.07585336009,0.0,0.09142351150512695,0.02936530113220215,0.5,0.0,582602.5137334444,326954.31605697295,194.56000000000034,0.0
ornstein-uhlenbeck,137,55.39032687466073,22.173933387450735,4389.9546595479815,2404.07585336009,140.7834595479804,0.0,4349.171200000001,2404.07585336009,100.0,0.0,0.0,2718.232000000001,0.0,0.0,2404.07585336009,0.0,0.19306111335754395,0.03601646423339844,0.5,0.0,586992.4683929924,329358.39191033307,196.08000000000035,0.0
ornstein-uhlenbeck,138,54.90236726991125,22.951418047622646,4395.570398408274,2404.07585336009,134.15759840827377,0.0,4361.4128,2404.07585336009,100.0,0.0,0.0,2725.883,0.0,0.0,2404.07585336009,0.0,0.11890769004821777,0.024973154067993164,0.5,0.0,591388.0387914006,331762.4677636932,197.60000000000036,0.0
ornstein-uhlenbeck,139,57.475810546719366,25.044232654328013,4385.071430594184,2404.07585336009,148.5242305941838,0.0,4336.5472,2404.07585336009,100.0,0.0,0.0,2710.3419999999996,0.0,0.0,2404.07585336009,0.0,0.10453653335571289,0.03700423240661621,0.5,0.0,595773.1102219948,334166.5436170533,199.12000000000037,0.0
ornstein-uhlenbeck,140,54.09991123676272,22.63930256769185,4398.495549776963,2404.07585336009,154.8139497769632,0.0,4343.6816,2404.07585336009,100.0,0.0,0.0,2714.8009999999995,0.0,0.0,2404.07585336009,0.0,0.10039734840393066,0.03075718879699707,0.5,0.0,600171.6057717717,336570.6194704134,200.64000000000038,0.0
ornstein-uhlenbeck,141,55.65673241237469,21.786394809242474,4401.011519208716,2404.07585336009,130.98271920871574,0.0,4370.0288,2404.07585336009,100.0,0.0,0.0,2731.2680000000005,0.0,0.0,2404.07585336009,0.0,0.10676813125610352,0.04386615753173828,0.5,0.0,604572.6172909804,338974.69532377354,202.1600000000004,0.0
ornstein-uhlenbeck,142,46.87517623180696,17.488068480558866,3953.3981430110484,2404.07585336009,110.88694301104717,0.0,3942.5112000000013,2404.07585336009,100.0,0.0,0.0,2464.0695000000005,0.0,0.0,2404.07585336009,0.0,0.11754250526428223,0.027858257293701172,0.5,0.0,608526.0154339914,341378.77117713366,203.6800000000004,0.0
ornstein-uhlenbeck,143,49.607366744555556,19.90676094966602,3942.494481638762,2404.07585336009,106.25736163876124,0.0,3936.2371200000007,2404.07585336009,100.0,0.0,0.0,2460.1482,0.0,0.0,2404.07585336009,0.0,0.09068679809570312,0.01982855796813965,0.5,0.0,612468.5099156302,343782.8470304938,205.20000000000041,0.0
ornstein-uhlenbeck,144,54.82633952012109,24.74436869653214,4405.937306361153,2404.07585336009,137.55330636115167,0.0,4368.384000000001,2404.07585336009,100.0,0.0,0.0,2730.2400000000007,0.0,0.0,2404.07585336009,0.0,0.09473586082458496,0.030016422271728516,0.5,0.0,616874.4472219914,346186.9228838539,206.72000000000043,0.0
ornstein-uhlenbeck,145,57.445335292217685,22.38203502161649,4388.12,2404.07585336009,0.0,0.0,4488.12,2404.07585336009,100.0,0.0,0.0,2805.075,0.0,0.0,2404.07585336009,0.0,0.1210794448852539,0.02808094024658203,0.5,0.0,621262.5672219914,348590.998737214,206.72000000000043,0.0
ornstein-uhlenbeck,146,57.2807396718566,24.437652691867697,4387.913832079187,2404.07585336009,153.069032079187,0.0,4334.8448,2404.07585336009,100.0,0.0,0.0,2709.2779999999993,0.0,0.0,2404.07585336009,0.0,0.10758757591247559,0.029114484786987305,0.5,0.0,625650.4810540705,350995.07459057414,208.24000000000044,0.0
ornstein-uhlenbeck,147,57.42536768690892,21.715656492142788,4401.208045803118,2404.07585336009,155.82404580311672,0.0,4345.384000000001,2404.07585336009,100.0,0.0,0.0,2715.865,0.0,0.0,2404.07585336009,0.0,0.10644006729125977,0.040622711181640625,0.5,0.0,630051.6890998736,353399.15044393425,209.76000000000045,0.0
ornstein-uhlenbeck,148,55.87313356925379,24.045761535828685,4414.015597925298,2404.07585336009,142.2843979252977,0.0,4371.7312,2404.07585336009,100.0,0.0,0.0,2732.3320000000003,0.0,0.0,2404.07585336009,0.0,0.09463787078857422,0.028481245040893555,0.5,0.0,634465.7046977989,355803.2262972944,211.28000000000046,0.0
ornstein-uhlenbeck,149,50.1808150596057,18.633384340551064,3955.1774181565934,2404.07585336009,112.66621815659211,0.0,3942.5112000000013,2404.07585336009,100.0,0.0,0.0,2464.0695000000005,0.0,0.0,2404.07585336009,0.0,0.1263749599456787,0.04489254951477051,0.5,0.0,638420.8821159556,358207.3021506545,212.80000000000047,0.0
ornstein-uhlenbeck,150,49.33714952819989,22.4168411965965,3949.0474326200874,2404.07585336009,112.81031262008666,0.0,3936.2371200000007,2404.07585336009,100.0,0.0,0.0,2460.1482,0.0,0.0,2404.07585336009,0.0,0.09241962432861328,0.04546999931335449,0.5,0.0,642369.9295485757,360611.3780040146,214.32000000000048,0.0
ornstein-uhlenbeck,151,56.68731772866042,24.27728167143354,4395.867225724244,2404.07585336009,146.69602572424347,0.0,4349.171200000001,2404.07585336009,100.0,0.0,0.0,2718.232000000001,0.0,0.0,2404.07585336009,0.0,0.15841937065124512,0.034262657165527344,0.5,0.0,646765.7967742999,363015.4538573747,215.8400000000005,0.0
ornstein-uhlenbeck,152,58.273506046454344,23.88853372777856,4396.741668028048,2404.07585336009,138.7336680280464,0.0,4358.008000000001,2404.07585336009,100.0,0.0,0.0,2723.7549999999997,0.0,0.0,2404.07585336009,0.0,0.10852694511413574,0.03497147560119629,0.5,0.0,651162.538442328,365419.52971073485,217.3600000000005,0.0
ornstein-uhlenbeck,153,59.155911828027946,23.204184724703445,4396.32112913043,2404.07585336009,140.56112913043032,0.0,4355.759999999999,2404.07585336009,100.0,0.0,0.0,2722.3499999999995,0.0,0.0,2404.07585336009,0.0,0.3290214538574219,0.02517080307006836,0.5,0.0,655558.8595714584,367823.60556409496,218.8800000000005,0.0
ornstein-uhlenbeck,154,59.01824212622245,22.192795759075228,4400.554600557831,2404.07585336009,137.66020055783068,0.0,4362.8944,2404.07585336009,100.0,0.0,0.0,2726.8089999999993,0.0,0.0,2404.07585336009,0.0,0.10232734680175781,0.033102989196777344,0.5,0.0,659959.4141720162,370227.6814174551,220.40000000000052,0.0
ornstein-uhlenbeck,155,57.2847582548535,24.4542266400804,4421.762551250961,2404.07585336009,148.3289512509613,0.0,4373.4336,2404.07585336009,100.0,0.0,0.0,2733.396,0.0,0.0,2404.07585336009,0.0,0.10118389129638672,0.036112308502197266,0.5,0.0,664381.1767232672,372631.7572708152,221.92000000000053,0.0
ornstein-uhlenbeck,156,54.037465295888126,22.767899444533818,3967.6791991706264,2404.07585336009,126.70015917062523,0.0,3940.979040000001,2404.07585336009,100.0,0.0,0.0,2463.111900000001,0.0,0.0,2404.07585336009,0.0,0.11916804313659668,0.027110815048217773,0.5,0.0,668348.8559224379,375035.8331241753,223.44000000000054,0.0
ornstein-uhlenbeck,157,51.16236397647976,22.313877670076575,3969.7269487246026,2404.07585336009,133.48982872460206,0.0,3936.2371200000007,2404.07585336009,100.0,0.0,0.0,2460.1482,0.0,0.0,2404.07585336009,0.0,0.09370732307434082,0.028020620346069336,0.5,0.0,672318.5828711624,377439.90897753544,224.96000000000055,0.0
ornstein-uhlenbeck,158,59.7238401477613,24.40032347181823,4379.040000000001,2404.07585336009,0.0,0.0,4479.040000000001,2404.07585336009,100.0,0.0,0.0,2799.4000000000005,0.0,0.0,2404.07585336009,0.0,0.11852645874023438,0.02554631233215332,0.5,0.0,676697.6228711625,379843.98483089556,224.96000000000055,0.0
ornstein-uhlenbeck,159,62.83053530252685,24.55053667744493,4423.985103095221,2404.07585336009,169.38190309522108,0.0,4354.6032000000005,2404.07585336009,100.0,0.0,0.0,2721.627,0.0,0.0,2404.07585336009,0.0,0.10464191436767578,0.028114795684814453,0.5,0.0,681121.6079742577,382248.0606842557,226.48000000000056,0.0
ornstein-uhlenbeck,160,58.5987893782559,21.927758965055496,4390.636529982879,2404.07585336009,136.57892998287986,0.0,4354.057599999999,2404.07585336009,100.0,0.0,0.0,2721.2859999999996,0.0,0.0,2404.07585336009,0.0,0.11085772514343262,0.024988174438476562,0.5,0.0,685512.2445042406,384652.1365376158,228.00000000000057,0.0
ornstein-uhlenbeck,161,61.75977671687062,24.497043004108868,4404.160837902651,2404.07585336009,141.26643790265086,0.0,4362.8944,2404.07585336009,100.0,0.0,0.0,2726.8089999999993,0.0,0.0,2404.07585336009,0.0,0.12414741516113281,0.04610252380371094,0.5,0.0,689916.4053421433,387056.2123909759,229.52000000000058,0.0
ornstein-uhlenbeck,162,62.122230450043084,20.803374219214703,4398.7009957739565,2404.07585336009,126.9697957739564,0.0,4371.7312,2404.07585336009,100.0,0.0,0.0,2732.3320000000003,0.0,0.0,2404.07585336009,0.0,0.10643601417541504,0.03722882270812988,0.5,0.0,694315.1063379173,389460.288244336,231.0400000000006,0.0
ornstein-uhlenbeck,163,56.24948888826651,19.443175763820026,3962.99773382972,2404.07585336009,136.24589382971854,0.0,3926.7518400000013,2404.07585336009,100.0,0.0,0.0,2454.219900000001,0.0,0.0,2404.07585336009,0.0,0.09386444091796875,0.014836788177490234,0.5,0.0,698278.104071747,391864.36409769615,232.5600000000006,0.0
ornstein-uhlenbeck,164,56.87879118480694,22.339126377623476,3984.7707029228077,2404.07585336009,134.3063829228067,0.0,3950.464320000001,2404.07585336009,100.0,0.0,0.0,2469.0402,0.0,0.0,2404.07585336009,0.0,0.07889389991760254,0.020206689834594727,0.5,0.0,702262.8747746699,394268.43995105627,234.0800000000006,0.0
ornstein-uhlenbeck,165,61.219687170570985,21.361518259842573,4397.6580380296,2404.07585336009,151.89163802959845,0.0,4345.766400000001,2404.07585336009,100.0,0.0,0.0,2716.1040000000007,0.0,0.0,2404.07585336009,0.0,0.10172462463378906,0.03220415115356445,0.5,0.0,706660.5328126994,396672.5158044164,235.60000000000062,0.0
ornstein-uhlenbeck,166,61.45049377696767,24.15257853326547,4412.732658112568,2404.07585336009,153.02225811256818,0.0,4359.7104,2404.07585336009,100.0,0.0,0.0,2724.819,0.0,0.0,2404.07585336009,0.0,0.10807514190673828,0.04103970527648926,0.5,0.0,711073.265470812,399076.5916577765,237.12000000000063,0.0
ornstein-uhlenbeck,167,61.095087016692595,22.070533101313764,4368.8502919171015,2404.07585336009,116.49509191710135,0.0,4352.3552,2404.07585336009,100.0,0.0,0.0,2720.2219999999993,0.0,0.0,2404.07585336009,0.0,0.09647059440612793,0.02929210662841797,0.5,0.0,715442.1157627291,401480.6675111366,238.64000000000064,0.0
ornstein-uhlenbeck,168,63.120279229465986,21.887574860256564,4387.649800173765,2404.07585336009,124.75540017376431,0.0,4362.8944,2404.07585336009,100.0,0.0,0.0,2726.8089999999993,0.0,0.0,2404.07585336009,0.0,0.11566424369812012,0.037839651107788086,0.5,0.0,719829.7655629029,403884.74336449674,240.16000000000065,0.0
ornstein-uhlenbeck,169,62.083245668849976,24.161703700222404,4430.807435397358,2404.07585336009,157.37383539735765,0.0,4373.4336,2404.07585336009,100.0,0.0,0.0,2733.396,0.0,0.0,2404.07585336009,0.0,0.11241483688354492,0.026840925216674805,0.5,0.0,724260.5729983003,406288.81921785686,241.68000000000066,0.0
ornstein-uhlenbeck,170,53.71403248739431,19.09422472623007,3943.206039493384,2404.07585336009,114.92203949338315,0.0,3928.284000000001,2404.07585336009,100.0,0.0,0.0,2455.1775000000007,0.0,0.0,2404.07585336009,0.0,0.10588502883911133,0.030002593994140625,0.5,0.0,728203.7790377937,408692.895071217,243.20000000000067,0.0
ornstein-uhlenbeck,171,55.13348153286514,19.396543526400574,3977.9309641528075,2404.07585336009,125.93448415280679,0.0,3951.9964800000007,2404.07585336009,100.0,0.0,0.0,2469.9977999999996,0.0,0.0,2404.07585336009,0.0,0.09952926635742188,0.043805837631225586,0.5,0.0,732181.7100019465,411096.9709245771,244.72000000000068,0.0
ornstein-uhlenbeck,172,65.23109419914344,21.494358946740796,4405.331107697616,2404.07585336009,138.64950769761532,0.0,4366.681600000001,2404.07585336009,100.0,0.0,0.0,2729.1760000000004,0.0,0.0,2404.07585336009,0.0,0.1105949878692627,0.03603839874267578,0.5,0.0,736587.0411096441,413501.0467779372,246.2400000000007,0.0
ornstein-uhlenbeck,173,63.87649764135225,22.79001898103333,4412.8186937357095,2404.07585336009,153.10829373570985,0.0,4359.7104,2404.07585336009,100.0,0.0,0.0,2724.819,0.0,0.0,2404.07585336009,0.0,0.11112117767333984,0.03401684761047363,0.5,0.0,740999.8598033799,415905.12263129733,247.7600000000007,0.0
ornstein-uhlenbeck,174,65.8050137334734,21.512821626007423,4389.698875874252,2404.07585336009,133.9388758742524,0.0,4355.759999999999,2404.07585336009,100.0,0.0,0.0,2722.3499999999995,0.0,0.0,2404.07585336009,0.0,0.10455536842346191,0.02562260627746582,0.5,0.0,745389.5586792541,418309.19848465745,249.2800000000007,0.0
ornstein-uhlenbeck,175,63.93778206822773,22.1062178413134,4406.930367092349,2404.07585336009,164.9511670923481,0.0,4341.979200000001,2404.07585336009,100.0,0.0,0.0,2713.737,0.0,0.0,2404.07585336009,0.0,0.09665775299072266,0.029776573181152344,0.5,0.0,749796.4890463465,420713.27433801757,250.80000000000072,0.0
ornstein-uhlenbeck,176,62.386669041931036,21.562395111526513,4405.6587687408155,2404.07585336009,153.14036874081532,0.0,4352.5184,2404.07585336009,100.0,0.0,0.0,2720.3240000000005,0.0,0.0,2404.07585336009,0.0,0.11833381652832031,0.03481483459472656,0.5,0.0,754202.1478150873,423117.3501913777,252.32000000000073,0.0
ornstein-uhlenbeck,177,58.298417239524305,19.176523121121516,3948.961767061139,2404.07585336009,122.20992706113796,0.0,3926.7518400000013,2404.07585336009,100.0,0.0,0.0,2454.219900000001,0.0,0.0,2404.07585336009,0.0,0.11695051193237305,0.027905702590942383,0.5,0.0,758151.1095821485,425521.4260447378,253.84000000000074,0.0
ornstein-uhlenbeck,178,59.41522926945256,21.06544790619253,3984.0388446964776,2404.07585336009,132.0423646964768,0.0,3951.9964800000007,2404.07585336009,100.0,0.0,0.0,2469.9977999999996,0.0,0.0,2404.07585336009,0.0,0.11065459251403809,0.0318450927734375,0.5,0.0,762135.148426845,427925.5018980979,255.36000000000075,0.0
ornstein-uhlenbeck,179,66.0296587233803,24.570236950537495,4433.24988843391,2404.07585336009,182.3762884339098,0.0,4350.873600000001,2404.07585336009,100.0,0.0,0.0,2719.2960000000007,0.0,0.0,2404.07585336009,0.0,0.11434197425842285,0.019104957580566406,0.5,0.0,766568.3983152789,430329.57775145804,256.88000000000073,0.0
ornstein-uhlenbeck,180,65.610394469496,23.500836817935195,4399.7841237649645,2404.07585336009,125.9681237649651,0.0,4373.816,2404.07585336009,100.0,0.0,0.0,2733.635,0.0,0.0,2404.07585336009,0.0,0.08975744247436523,0.030104637145996094,0.5,0.0,770968.1824390439,432733.65360481816,258.4000000000007,0.0
ornstein-uhlenbeck,181,69.10753657379082,24.84304180565935,4393.122316978541,2404.07585336009,154.8727169785405,0.0,4338.2496,2404.07585336009,100.0,0.0,0.0,2711.4059999999995,0.0,0.0,2404.07585336009,0.0,0.09276008605957031,0.033225297927856445,0.5,0.0,775361.3047560224,435137.7294581783,259.9200000000007,0.0
ornstein-uhlenbeck,182,67.80321109234661,23.045232004530916,4418.210976114586,2404.07585336009,174.52937611458572,0.0,4343.6816,2404.07585336009,100.0,0.0,0.0,2714.8009999999995,0.0,0.0,2404.07585336009,0.0,0.09342217445373535,0.03164553642272949,0.5,0.0,779779.515732137,437541.8053115384,261.4400000000007,0.0
ornstein-uhlenbeck,183,67.63739347547047,21.56063740979482,4416.552336163361,2404.07585336009,143.11873616336138,0.0,4373.4336,2404.07585336009,100.0,0.0,0.0,2733.396,0.0,0.0,2404.07585336009,0.0,0.11395001411437988,0.028986692428588867,0.5,0.0,784196.0680683004,439945.8811648985,262.96000000000066,0.0
ornstein-uhlenbeck,184,60.90873342515963,23.39393602525782,3983.4552953444972,2404.07585336009,139.4119353444957,0.0,3944.0433600000015,2404.07585336009,100.0,0.0,0.0,2465.027100000001,0.0,0.0,2404.07585336009,0.0,0.12140750885009766,0.026218175888061523,0.5,0.0,788179.5233636448,442349.95701825863,264.48000000000064,0.0
ornstein-uhlenbeck,185,64.39650229598227,20.200283503059946,4001.9302833917127,2404.07585336009,151.46596339171182,0.0,3950.464320000001,2404.07585336009,100.0,0.0,0.0,2469.0402,0.0,0.0,2404.07585336009,0.0,0.09652471542358398,0.02510523796081543,0.5,0.0,792181.4536470366,444754.03287161875,266.0000000000006,0.0
ornstein-uhlenbeck,186,72.91439051811676,24.412990720637453,4422.622253298883,2404.07585336009,173.45105329888273,0.0,4349.171200000001,2404.07585336009,100.0,0.0,0.0,2718.232000000001,0.0,0.0,2404.07585336009,0.0,0.10717916488647461,0.033986806869506836,0.5,0.0,796604.0759003354,447158.10872497887,267.5200000000006,0.0
ornstein-uhlenbeck,187,71.08677553908332,22.97461524898611,4378.871626257359,2404.07585336009,108.94682625735939,0.0,4369.9248,2404.07585336009,100.0,0.0,0.0,2731.203,0.0,0.0,2404.07585336009,0.0,0.10325288772583008,0.029593467712402344,0.5,0.0,800982.9475265928,449562.184578339,269.0400000000006,0.0
ornstein-uhlenbeck,188,67.1192151031503,21.148690033457047,4392.737551103705,2404.07585336009,156.19035110370535,0.0,4336.5472,2404.07585336009,100.0,0.0,0.0,2710.3419999999996,0.0,0.0,2404.07585336009,0.0,0.1084449291229248,0.03479290008544922,0.5,0.0,805375.6850776965,451966.2604316991,270.56000000000057,0.0
ornstein-uhlenbeck,189,70.43912578346031,24.27910692593236,4417.780559759901,2404.07585336009,174.09895975990065,0.0,4343.6816,2404.07585336009,100.0,0.0,0.0,2714.8009999999995,0.0,0.0,2404.07585336009,0.0,0.09366846084594727,0.01707172393798828,0.5,0.0,809793.4656374564,454370.3362850592,272.08000000000055,0.0
ornstein-uhlenbeck,190,67.13854558328812,22.65840195572177,4421.0852170910075,2404.07585336009,149.35401709100697,0.0,4371.7312,2404.07585336009,100.0,0.0,0.0,2732.3320000000003,0.0,0.0,2404.07585336009,0.0,0.22991728782653809,0.021994829177856445,0.5,0.0,814214.5508545474,456774.41213841934,273.60000000000053,0.0
ornstein-uhlenbeck,191,61.089734155337474,20.537169200363834,3971.3859161375217,2404.07585336009,146.16623613752083,0.0,3925.219680000001,2404.07585336009,100.0,0.0,0.0,2453.2623000000012,0.0,0.0,2404.07585336009,0.0,0.09581398963928223,0.021013736724853516,0.5,0.0,818185.9367706849,459178.48799177946,275.1200000000005,0.0
ornstein-uhlenbeck,192,63.662491340690956,21.932551324066242,3991.7776205658015,2404.07585336009,142.8454605658007,0.0,3948.9321600000007,2404.07585336009,100.0,0.0,0.0,2468.0826,0.0,0.0,2404.07585336009,0.0,0.09965825080871582,0.02881026268005371,0.5,0.0,822177.7143912507,461582.5638451396,276.6400000000005,0.0
ornstein-uhlenbeck,193,70.27309508983275,24.019005274349087,4381.179007882782,2404.07585336009,120.09100788278123,0.0,4361.088000000001,2404.07585336009,100.0,0.0,0.0,2725.6800000000007,0.0,0.0,2404.07585336009,0.0,0.12046432495117188,0.025725364685058594,0.5,0.0,826558.8933991336,463986.6396984997,278.1600000000005,0.0
ornstein-uhlenbeck,194,70.02827577625989,21.51019714876259,4413.620394820487,2404.07585336009,152.20759482048695,0.0,4361.4128,2404.07585336009,100.0,0.0,0.0,2725.883,0.0,0.0,2404.07585336009,0.0,0.1053006649017334,0.021105527877807617,0.5,0.0,830972.513793954,466390.7155518598,279.68000000000046,0.0
ornstein-uhlenbeck,195,72.32580441960101,24.31519022182215,4400.85178574847,2404.07585336009,145.09178574847104,0.0,4355.759999999999,2404.07585336009,100.0,0.0,0.0,2722.3499999999995,0.0,0.0,2404.07585336009,0.0,0.0985724925994873,0.03267383575439453,0.5,0.0,835373.3655797025,468794.79140521993,281.20000000000044,0.0
ornstein-uhlenbeck,196,74.26111979640984,19.780798052886336,4409.67380555178,2404.07585336009,165.99220555178024,0.0,4343.6816,2404.07585336009,100.0,0.0,0.0,2714.8009999999995,0.0,0.0,2404.07585336009,0.0,0.101531982421875,0.013980388641357422,0.5,0.0,839783.0393852544,471198.86725858005,282.7200000000004,0.0
ornstein-uhlenbeck,197,71.45095553392356,24.238409799896882,4427.026872218822,2404.07585336009,171.10367221882152,0.0,4355.9232,2404.07585336009,100.0,0.0,0.0,2722.452,0.0,0.0,2404.07585336009,0.0,0.11162185668945312,0.06173062324523926,0.5,0.0,844210.0662574732,473602.94311194017,284.2400000000004,0.0
ornstein-uhlenbeck,198,64.96544313941659,18.005468968428023,3973.327444186287,2404.07585336009,149.63992418628544,0.0,3923.6875200000013,2404.07585336009,100.0,0.0,0.0,2452.304700000001,0.0,0.0,2404.07585336009,0.0,0.11122846603393555,0.033719778060913086,0.5,0.0,848183.3937016595,476007.0189653003,285.7600000000004,0.0
ornstein-uhlenbeck,199,66.26418103300598,20.075113841569877,3982.2099459205215,2404.07585336009,133.27778592052059,0.0,3948.9321600000007,2404.07585336009,100.0,0.0,0.0,2468.0826,0.0,0.0,2404.07585336009,0.0,0.09065723419189453,0.031035184860229492,0.5,0.0,852165.60364758,478411.0948186604,287.28000000000037,0.0
ornstein-uhlenbeck,200,73.86155383057145,23.464294691434056,4417.84342643042,2404.07585336009,166.9698264304186,0.0,4350.873600000001,2404.07585336009,100.0,0.0,0.0,2719.2960000000007,0.0,0.0,2404.07585336009,0.0,0.14848947525024414,0.03566288948059082,0.5,0.0,856583.4470740104,480815.1706720205,288.80000000000035,0.0
ornstein-uhlenbeck,201,75.16702471845572,22.600775897201004,4425.181056084889,2404.07585336009,165.4706560848889,0.0,4359.7104,2404.07585336009,100.0,0.0,0.0,2724.819,0.0,0.0,2404.07585336009,0.0,0.11197447776794434,0.016999483108520508,0.5,0.0,861008.6281300953,483219.24652538064,290.32000000000033,0.0
ornstein-uhlenbeck,202,76.22836388852572,25.58531388822953,4420.43288464582,2404.07585336009,164.67288464582126,0.0,4355.759999999999,2404.07585336009,100.0,0.0,0.0,2722.3499999999995,0.0,0.0,2404.07585336009,0.0,0.11367344856262207,0.03771615028381348,0.5,0.0,865429.0610147411,485623.32237874076,291.8400000000003,0.0
ornstein-uhlenbeck,203,74.33966639714576,22.68157747349098,4422.345569089779,2404.07585336009,178.6639690897791,0.0,4343.6816,2404.07585336009,100.0,0.0,0.0,2714.8009999999995,0.0,0.0,2404.07585336009,0.0,0.0904839038848877,0.025999069213867188,0.5,0.0,869851.4065838308,488027.3982321009,293.3600000000003,0.0
ornstein-uhlenbeck,204,75.87820261182219,24.36118331240573,4397.649948206493,2404.07585336009,129.32354820649266,0.0,4368.3264,2404.07585336009,100.0,0.0,0.0,2730.204,0.0,0.0,2404.07585336009,0.0,0.11410760879516602,0.046161651611328125,0.5,0.0,874249.0565320373,490431.474085461,294.8800000000003,0.0
ornstein-uhlenbeck,205,69.66710545558354,20.629350756877724,3990.401921492182,2404.07585336009,149.4228814921807,0.0,3940.979040000001,2404.07585336009,100.0,0.0,0.0,2463.111900000001,0.0,0.0,2404.07585336009,0.0,0.11774206161499023,0.024600744247436523,0.5,0.0,878239.4584535295,492835.5499388211,296.40000000000026,0.0
ornstein-uhlenbeck,206,69.47570124616813,20.946778564391515,4004.4383635158747,2404.07585336009,169.73340351587333,0.0,3934.704960000001,2404.07585336009,100.0,0.0,0.0,2459.1906000000004,0.0,0.0,2404.07585336009,0.0,0.10449814796447754,0.05354738235473633,0.5,0.0,882243.8968170454,495239.62579218124,297.92000000000024,0.0
ornstein-uhlenbeck,207,77.12572411695417,22.26948479512534,4431.890396532894,2404.07585336009,179.3143965328929,0.0,4352.576000000001,2404.07585336009,100.0,0.0,0.0,2720.3600000000006,0.0,0.0,2404.07585336009,0.0,0.20678472518920898,0.054540157318115234,0.5,0.0,886675.7872135784,497643.70164554135,299.4400000000002,0.0
ornstein-uhlenbeck,208,76.70671369473838,23.776666991110393,4441.089322569333,2404.07585336009,179.67652256933206,0.0,4361.4128,2404.07585336009,100.0,0.0,0.0,2725.883,0.0,0.0,2404.07585336009,0.0,0.10912275314331055,0.05412006378173828,0.5,0.0,891116.8765361477,500047.7774989015,300.9600000000002,0.0
ornstein-uhlenbeck,209,81.80321136307873,23.290265281214126,4410.653525415712,2404.07585336009,172.40392541571168,0.0,4338.2496,2404.07585336009,100.0,0.0,0.0,2711.4059999999995,0.0,0.0,2404.07585336009,0.0,0.1235818862915039,0.0504918098449707,0.5,0.0,895527.5300615634,502451.8533522616,302.4800000000002,0.0
ornstein-uhlenbeck,210,78.6036606354538,25.064270704086745,4439.315440682607,2404.07585336009,195.6338406826067,0.0,4343.6816,2404.07585336009,100.0,0.0,0.0,2714.8009999999995,0.0,0.0,2404.07585336009,0.0,0.12125658988952637,0.037009239196777344,0.5,0.0,899966.8455022459,504855.9292056217,304.00000000000017,0.0
ornstein-uhlenbeck,211,80.49998203503635,18.933623907873827,4433.508035931547,2404.07585336009,160.07443593154653,0.0,4373.4336,2404.07585336009,100.0,0.0,0.0,2733.396,0.0,0.0,2404.07585336009,0.0,0.10110163688659668,0.048519134521484375,0.5,0.0,904400.3535381774,507260.0050589818,305.52000000000015,0.0
ornstein-uhlenbeck,212,71.16707104317659,17.037203111271484,3992.446038777148,2404.07585336009,148.40267877714643,0.0,3944.0433600000015,2404.07585336009,100.0,0.0,0.0,2465.027100000001,0.0,0.0,2404.07585336009,0.0,0.12206387519836426,0.027097225189208984,0.5,0.0,908392.7995769546,509664.08091234195,307.04000000000013,0.0
ornstein-uhlenbeck,213,69.75134630215267,22.129738399557635,4004.2095816302253,2404.07585336009,152.2131016302246,0.0,3951.9964800000007,2404.07585336009,100.0,0.0,0.0,2469.9977999999996,0.0,0.0,2404.07585336009,0.0,0.11037445068359375,0.0248415470123291,0.5,0.0,912397.0091585848,512068.15676570206,308.5600000000001,0.0
ornstein-uhlenbeck,214,78.94647962245057,22.735818821903937,4431.220875258853,2404.07585336009,182.04967525885206,0.0,4349.171200000001,2404.07585336009,100.0,0.0,0.0,2718.232000000001,0.0,0.0,2404.07585336009,0.0,0.09719634056091309,0.03409838676452637,0.5,0.0,916828.2300338437,514472.2326190622,310.0800000000001,0.0
ornstein-uhlenbeck,215,79.69218979253121,24.853549999437558,4452.122168533413,2404.07585336009,174.90136853341264,0.0,4377.2208,2404.07585336009,100.0,0.0,0.0,2735.763,0.0,0.0,2404.07585336009,0.0,0.11425566673278809,0.022100210189819336,0.5,0.0,921280.352202377,516876.3084724223,311.6000000000001,0.0
ornstein-uhlenbeck,216,80.68526400750473,20.873818116458107,4438.142747286266,2404.07585336009,182.38274728626664,0.0,4355.759999999999,2404.07585336009,100.0,0.0,0.0,2722.3499999999995,0.0,0.0,2404.07585336009,0.0,0.11604666709899902,0.03667092323303223,0.5,0.0,925718.4949496633,519280.3843257824,313.12000000000006,0.0
ornstein-uhlenbeck,217,79.33466149503745,22.534710003184745,4436.254712601341,2404.07585336009,171.65791260134154,0.0,4364.5968,2404.07585336009,100.0,0.0,0.0,2727.8730000000005,0.0,0.0,2404.07585336009,0.0,0.10954880714416504,0.021107912063598633,0.5,0.0,930154.7496622646,521684.46017914254,314.64000000000004,0.0
ornstein-uhlenbeck,218,80.25261145838502,24.711053474938414,4445.760368321641,2404.07585336009,193.24196832164097,0.0,4352.5184,2404.07585336009,100.0,0.0,0.0,2720.3240000000005,0.0,0.0,2404.07585336009,0.0,0.10638093948364258,0.022649288177490234,0.5,0.0,934600.5100305863,524088.53603250266,316.16,0.0
ornstein-uhlenbeck,219,72.52409420616554,21.334799077247645,4001.48808160315,2404.07585336009,157.44472160314882,0.0,3944.0433600000015,2404.07585336009,100.0,0.0,0.0,2465.027100000001,0.0,0.0,2404.07585336009,0.0,0.10533022880554199,0.03285074234008789,0.5,0.0,938601.9981121895,526492.6118858628,317.68,0.0
ornstein-uhlenbeck,220,73.18503352887042,22.38643120524184,4014.5415480466363,2404.07585336009,162.54506804663558,0.0,3951.9964800000007,2404.07585336009,100.0,0.0,0.0,2469.9977999999996,0.0,0.0,2404.07585336009,0.0,0.09459924697875977,0.03595471382141113,0.5,0.0,942616.5396602361,528896.6877392229,319.2,0.0
ornstein-uhlenbeck,221,83.41454036304863,22.976168288075804,4436.869245245144,2404.07585336009,170.18764524514344,0.0,4366.681600000001,2404.07585336009,100.0,0.0,0.0,2729.1760000000004,0.0,0.0,2404.07585336009,0.0,0.11263275146484375,0.039838552474975586,0.5,0.0,947053.4089054812,531300.763592583,320.71999999999997,0.0
ornstein-uhlenbeck,222,84.9911160564511,21.92605323957532,4454.60187600469,2404.07585336009,177.38107600468962,0.0,4377.2208,2404.07585336009,100.0,0.0,0.0,2735.763,0.0,0.0,2404.07585336009,0.0,0.10209298133850098,0.02111029624938965,0.5,0.0,951508.0107814859,533704.8394459431,322.23999999999995,0.0
ornstein-uhlenbeck,223,82.87666822740407,22.910541786282657,4431.9568301591435,2404.07585336009,177.8992301591446,0.0,4354.057599999999,2404.07585336009,100.0,0.0,0.0,2721.2859999999996,0.0,0.0,2404.07585336009,0.0,0.09259557723999023,0.03767204284667969,0.5,0.0,955939.9676116451,536108.9152993032,323.75999999999993,0.0
ornstein-uhlenbeck,224,84.88548182093353,23.013732973873935,4444.990397305354,2404.07585336009,180.39359730535364,0.0,4364.5968,2404.07585336009,100.0,0.0,0.0,2727.8730000000005,0.0,0.0,2404.07585336009,0.0,0.11525177955627441,0.03400254249572754,0.5,0.0,960384.9580089505,538512.9911526634,325.2799999999999,0.0
ornstein-uhlenbeck,225,83.5869581133221,20.895749651940154,4438.317431871294,2404.07585336009,164.88383187129298,0.0,4373.4336,2404.07585336009,100.0,0.0,0.0,2733.396,0.0,0.0,2404.07585336009,0.0,0.09426546096801758,0.03209185600280762,0.5,0.0,964823.2754408218,540917.0670060235,326.7999999999999,0.0
ornstein-uhlenbeck,226,77.09530981475741,20.88301721622349,4005.365345920779,2404.07585336009,178.61350592077807,0.0,3926.7518400000013,2404.07585336009,100.0,0.0,0.0,2454.219900000001,0.0,0.0,2404.07585336009,0.0,0.12066435813903809,0.05418729782104492,0.5,0.0,968828.6407867426,543321.1428593836,328.3199999999999,0.0
ornstein-uhlenbeck,227,75.27074084518883,19.713568189845162,4004.149457246014,2404.07585336009,152.15297724601328,0.0,3951.9964800000007,2404.07585336009,100.0,0.0,0.0,2469.9977999999996,0.0,0.0,2404.07585336009,0.0,0.10210418701171875,0.03953194618225098,0.5,0.0,972832.7902439886,545725.2187127437,329.83999999999986,0.0
ornstein-uhlenbeck,228,84.2937320143834,20.424489438787756,4438.2126387495355,2404.07585336009,190.7438387495341,0.0,4347.4688000000015,2404.07585336009,100.0,0.0,0.0,2717.1680000000006,0.0,0.0,2404.07585336009,0.0,0.13168072700500488,0.03811836242675781,0.5,0.0,977271.0028827381,548129.2945661038,331.35999999999984,0.0
ornstein-uhlenbeck,229,84.89367479375393,20.709826052407884,4437.496368438055,2404.07585336009,160.2755684380543,0.0,4377.2208,2404.07585336009,100.0,0.0,0.0,2735.763,0.0,0.0,2404.07585336009,0.0,0.12314677238464355,0.021014928817749023,0.5,0.0,981708.4992511761,550533.370419464,332.8799999999998,0.0
ornstein-uhlenbeck,230,88.46501449390422,27.347272545546364,4432.980523075823,2404.07585336009,194.73092307582246,0.0,4338.2496,2404.07585336009,100.0,0.0,0.0,2711.4059999999995,0.0,0.0,2404.07585336009,0.0,0.08337926864624023,0.0245511531829834,0.5,0.0,986141.4797742519,552937.4462728241,334.3999999999998,0.0
ornstein-uhlenbeck,231,88.78991491053712,25.05061904001668,4438.850867341212,2404.07585336009,193.46686734121076,0.0,4345.384000000001,2404.07585336009,100.0,0.0,0.0,2715.865,0.0,0.0,2404.07585336009,0.0,0.09947013854980469,0.029906749725341797,0.5,0.0,990580.3306415931,555341.5221261842,335.9199999999998,0.0
ornstein-uhlenbeck,232,84.34409027993597,24.02585679042642,4446.568480030336,2404.07585336009,173.13488003033544,0.0,4373.4336,2404.07585336009,100.0,0.0,0.0,2733.396,0.0,0.0,2404.07585336009,0.0,0.11639022827148438,0.023985862731933594,0.5,0.0,995026.8991216234,557745.5979795443,337.43999999999977,0.0
ornstein-uhlenbeck,233,80.16942590497666,21.351022102089512,4000.8700820718022,2404.07585336009,158.35888207180128,0.0,3942.5112000000013,2404.07585336009,100.0,0.0,0.0,2464.0695000000005,0.0,0.0,2404.07585336009,0.0,0.10457038879394531,0.028545141220092773,0.5,0.0,999027.7692036951,560149.6738329044,338.95999999999975,0.0
ornstein-uhlenbeck,234,80.93097097381752,21.87044849713116,4019.4553642205674,2404.07585336009,184.75040422056605,0.0,3934.704960000001,2404.07585336009,100.0,0.0,0.0,2459.1906000000004,0.0,0.0,2404.07585336009,0.0,0.10740399360656738,0.026996612548828125,0.5,0.0,1003047.2245679157,562553.7496862645,340.47999999999973,0.0
ornstein-uhlenbeck,235,90.16215652691652,22.032637217114807,4431.08701478947,2404.07585336009,183.6182147894689,0.0,4347.4688000000015,2404.07585336009,100.0,0.0,0.0,2717.1680000000006,0.0,0.0,2404.07585336009,0.0,0.2232820987701416,0.029351234436035156,0.5,0.0,1007478.3115827051,564957.8255396247,341.9999999999997,0.0
ornstein-uhlenbeck,236,89.85759965681564,19.52090896940532,4459.7322382877255,2404.07585336009,182.5114382877259,0.0,4377.2208,2404.07585336009,100.0,0.0,0.0,2735.763,0.0,0.0,2404.07585336009,0.0,0.12309956550598145,0.03999066352844238,0.5,0.0,1011938.0438209928,567361.9013929848,343.5199999999997,0.0
ornstein-uhlenbeck,237,88.46347809801284,20.990200385194644,4418.341222617873,2404.07585336009,165.986022617873,0.0,4352.3552,2404.07585336009,100.0,0.0,0.0,2720.2219999999993,0.0,0.0,2404.07585336009,0.0,0.11174345016479492,0.03395533561706543,0.5,0.0,1016356.3850436107,569765.9772463449,345.0399999999997,0.0
ornstein-uhlenbeck,238,91.52328704600946,23.90787531788533,4463.036381452497,2404.07585336009,215.949981452497,0.0,4347.0864,2404.07585336009,100.0,0.0,0.0,2716.929,0.0,0.0,2404.07585336009,0.0,0.09418821334838867,0.030672073364257812,0.5,0.0,1020819.4214250632,572170.053099705,346.55999999999966,0.0
ornstein-uhlenbeck,239,92.57678459690737,19.91384434728242,4439.3793479039105,2404.07585336009,185.15854790391052,0.0,4354.2208,2404.07585336009,100.0,0.0,0.0,2721.3880000000004,0.0,0.0,2404.07585336009,0.0,0.10980463027954102,0.021112918853759766,0.5,0.0,1025258.800772967,574574.1289530651,348.07999999999964,0.0
ornstein-uhlenbeck,240,80.96556862702896,18.702788108699057,3998.8703437431095,2404.07585336009,172.11850374310836,0.0,3926.7518400000013,2404.07585336009,100.0,0.0,0.0,2454.219900000001,0.0,0.0,2404.07585336009,0.0,0.10188913345336914,0.03275036811828613,0.5,0.0,1029257.6711167102,576978.2048064253,349.5999999999996,0.0
ornstein-uhlenbeck,241,80.57278543384025,16.87480313618073,4000.7465128726135,2404.07585336009,167.57371287261242,0.0,3933.1728000000007,2404.07585336009,100.0,0.0,0.0,2458.2329999999997,0.0,0.0,2404.07585336009,0.0,0.10129976272583008,0.022644519805908203,0.5,0.0,1033258.4176295828,579382.2806597854,351.1199999999996,0.0
ornstein-uhlenbeck,242,90.97204208996767,25.78699334250964,4446.382889032367,2404.07585336009,200.6164890323649,0.0,4345.766400000001,2404.07585336009,100.0,0.0,0.0,2716.1040000000007,0.0,0.0,2404.07585336009,0.0,0.10167074203491211,0.025015592575073242,0.5,0.0,1037704.8005186152,581786.3565131455,352.6399999999996,0.0
ornstein-uhlenbeck,243,93.54669654038985,22.87856743779303,4457.183036124319,2404.07585336009,195.7702361243191,0.0,4361.4128,2404.07585336009,100.0,0.0,0.0,2725.883,0.0,0.0,2404.07585336009,0.0,0.10280442237854004,0.03378725051879883,0.5,0.0,1042161.9835547395,584190.4323665056,354.15999999999957,0.0
ornstein-uhlenbeck,244,92.30080929022358,23.62637994118057,4444.96155748524,2404.07585336009,190.9039574852406,0.0,4354.057599999999,2404.07585336009,100.0,0.0,0.0,2721.2859999999996,0.0,0.0,2404.07585336009,0.0,0.12361812591552734,0.030092477798461914,0.5,0.0,1046606.9451122248,586594.5082198657,355.67999999999955,0.0
ornstein-uhlenbeck,245,90.24680202180939,21.73849141629442,4455.455022060656,2404.07585336009,192.56062206065553,0.0,4362.8944,2404.07585336009,100.0,0.0,0.0,2726.8089999999993,0.0,0.0,2404.07585336009,0.0,0.11828017234802246,0.016530275344848633,0.5,0.0,1051062.4001342854,588998.5840732259,357.19999999999953,0.0
ornstein-uhlenbeck,246,94.62163452947846,26.116232687698133,4469.664448786865,2404.07585336009,215.4436487868656,0.0,4354.2208,2404.07585336009,100.0,0.0,0.0,2721.3880000000004,0.0,0.0,2404.07585336009,0.0,0.09192967414855957,0.022725582122802734,0.5,0.0,1055532.0645830722,591402.659926586,358.7199999999995,0.0
ornstein-uhlenbeck,247,83.23722394124384,18.677784010296165,3993.7323356021284,2404.07585336009,165.44833560212754,0.0,3928.284000000001,2404.07585336009,100.0,0.0,0.0,2455.1775000000007,0.0,0.0,2404.07585336009,0.0,0.11760091781616211,0.03061676025390625,0.5,0.0,1059525.7969186744,593806.7357799461,360.2399999999995,0.0
ornstein-uhlenbeck,248,81.96593440785772,18.275953253347865,4016.4615646239763,2404.07585336009,164.46508462397594,0.0,3951.9964800000007,2404.07585336009,100.0,0.0,0.0,2469.9977999999996,0.0,0.0,2404.07585336009,0.0,0.10389971733093262,0.021741390228271484,0.5,0.0,1063542.2584832984,596210.8116333062,361.7599999999995,0.0
ornstein-uhlenbeck,249,91.63068571762524,24.05925068392158,4471.602126504639,2404.07585336009,222.43092650463842,0.0,4349.171200000001,2404.07585336009,100.0,0.0,0.0,2718.232000000001,0.0,0.0,2404.07585336009,0.0,0.11241817474365234,0.02890634536743164,0.5,0.0,1068013.8606098029,598614.8874866663,363.27999999999946,0.0
ornstein-uhlenbeck,250,94.04307611621141,23.67109665974906,4469.164477778456,2404.07585336009,191.94367777845594,0.0,4377.2208,2404.07585336009,100.0,0.0,0.0,2735.763,0.0,0.0,2404.07585336009,0.0,0.10843515396118164,0.025990009307861328,0.5,0.0,1072483.0250875812,601018.9633400264,364.79999999999944,0.0
ornstein-uhlenbeck,251,93.98507856350938,21.957730783025347,4434.220924082442,2404.07585336009,180.1633240824432,0.0,4354.057599999999,2404.07585336009,100.0,0.0,0.0,2721.2859999999996,0.0,0.0,2404.07585336009,0.0,0.11468935012817383,0.03282332420349121,0.5,0.0,1076917.2460116637,603423.0391933866,366.3199999999994,0.0
ornstein-uhlenbeck,252,94.498245163913,20.998824630532194,4414.100852845373,2404.07585336009,154.61125284537204,0.0,4359.489600000001,2404.07585336009,100.0,0.0,0.0,2724.6809999999996,0.0,0.0,2404.07585336009,0.0,0.11121511459350586,0.023096323013305664,0.5,0.0,1081331.3468645092,605827.1150467467,367.8399999999994,0.0
ornstein-uhlenbeck,253,90.73077794292023,22.765639694755023,4440.483237312319,2404.07585336009,170.45443731231856,0.0,4370.0288,2404.07585336009,100.0,0.0,0.0,2731.2680000000005,0.0,0.0,2404.07585336009,0.0,0.10218572616577148,0.027106285095214844,0.5,0.0,1085771.8301018216,608231.1909001068,369.3599999999994,0.0
ornstein-uhlenbeck,254,86.96525604470567,19.94452012224757,4003.004585878127,2404.07585336009,176.25274587812564,0.0,3926.7518400000013,2404.07585336009,100.0,0.0,0.0,2454.219900000001,0.0,0.0,2404.07585336009,0.0,0.1064143180847168,0.03398394584655762,0.5,0.0,1089774.8346876998,610635.2667534669,370.87999999999937,0.0
ornstein-uhlenbeck,255,88.03474561561461,20.540611646262047,4006.6980250258475,2404.07585336009,170.46090502584647,0.0,3936.2371200000007,2404.07585336009,100.0,0.0,0.0,2460.1482,0.0,0.0,2404.07585336009,0.0,0.09524726867675781,0.03410840034484863,0.5,0.0,1093781.5327127257,613039.342606827,372.39999999999935,0.0
ornstein-uhlenbeck,256,95.61854811498544,22.86994348272615,4434.610575391373,2404.07585336009,167.92897539137144,0.0,4366.681600000001,2404.07585336009,100.0,0.0,0.0,2729.1760000000004,0.0,0.0,2404.07585336009,0.0,0.10804033279418945,0.03778219223022461,0.5,0.0,1098216.1432881171,615443.4184601872,373.91999999999933,0.0
ornstein-uhlenbeck,257,95.84009609419581,21.611055895079513,4467.581017042619,2404.07585336009,190.3602170426195,0.0,4377.2208,2404.07585336009,100.0,0.0,0.0,2735.763,0.0,0.0,2404.07585336009,0.0,0.09233355522155762,0.0321197509765625,0.5,0.0,1102683.7243051596,617847.4943135473,375.4399999999993,0.0
ornstein-uhlenbeck,258,97.00127917814854,23.41812086543842,4444.641562184904,2404.07585336009,208.09436218490384,0.0,4336.5472,2404.07585336009,100.0,0.0,0.0,2710.3419999999996,0.0,0.0,2404.07585336009,0.0,0.11858654022216797,0.036974430084228516,0.5,0.0,1107128.3658673447,620251.5701669074,376.9599999999993,0.0
ornstein-uhlenbeck,259,95.58346017315306,22.273946065831282,4459.678627961783,2404.07585336009,196.78422796178296,0.0,4362.8944,2404.07585336009,100.0,0.0,0.0,2726.8089999999993,0.0,0.0,2404.07585336009,0.0,0.08909153938293457,0.0258786678314209,0.5,0.0,1111588.0444953064,622655.6460202675,378.4799999999993,0.0
ornstein-uhlenbeck,260,97.15403959963383,25.340035721347224,4469.214083942986,2404.07585336009,218.39808394298623,0.0,4350.816,2404.07585336009,100.0,0.0,0.0,2719.26,0.0,0.0,2404.07585336009,0.0,0.10225129127502441,0.02699756622314453,0.5,0.0,1116057.2585792495,625059.7218736276,379.99999999999926,0.0
ornstein-uhlenbeck,261,86.29101336419622,22.47659420492121,4000.7092561522195,2404.07585336009,172.4252561522182,0.0,3928.284000000001,2404.07585336009,100.0,0.0,0.0,2455.1775000000007,0.0,0.0,2404.07585336009,0.0,0.11646151542663574,0.022113323211669922,0.5,0.0,1120057.9678354017,627463.7977269877,381.51999999999924,0.0
ornstein-uhlenbeck,262,88.01951304722634,20.01946273177169,4020.539401230535,2404.07585336009,168.54292123053463,0.0,3951.9964800000007,2404.07585336009,100.0,0.0,0.0,2469.9977999999996,0.0,0.0,2404.07585336009,0.0,0.08309316635131836,0.027904987335205078,0.5,0.0,1124078.5072366323,629867.8735803479,383.0399999999992,0.0
ornstein-uhlenbeck,263,96.15877211030663,22.9674345754542,4455.631312517347,2404.07585336009,187.24731251734661,0.0,4368.384000000001,2404.07585336009,100.0,0.0,0.0,2730.2400000000007,0.0,0.0,2404.07585336009,0.0,0.1531209945678711,0.026804685592651367,0.5,0.0,1128534.1385491497,632271.949433708,384.5599999999992,0.0
ornstein-uhlenbeck,264,97.51736117101059,23.261750912499227,4470.936177188336,2404.07585336009,212.9281771883353,0.0,4358.008000000001,2404.07585336009,100.0,0.0,0.0,2723.7549999999997,0.0,0.0,2404.07585336009,0.0,0.10776591300964355,0.03336477279663086,0.5,0.0,1133005.074726338,634676.0252870681,386.0799999999992,0.0
ornstein-uhlenbeck,265,98.5724263014838,21.760738409350676,4440.2345253036165,2404.07585336009,184.4745253036169,0.0,4355.759999999999,2404.07585336009,100.0,0.0,0.0,2722.3499999999995,0.0,0.0,2404.07585336009,0.0,0.10754847526550293,0.031995296478271484,0.5,0.0,1137445.3092516416,637080.1011404282,387.59999999999917,0.0
ornstein-uhlenbeck,266,99.05460751540731,20.206257019665884,4445.660881840411,2404.07585336009,203.68168184041065,0.0,4341.979200000001,2404.07585336009,100.0,0.0,0.0,2713.737,0.0,0.0,2404.07585336009,0.0,0.12099027633666992,0.04383516311645508,0.5,0.0,1141890.970133482,639484.1769937883,389.11999999999915,0.0
ornstein-uhlenbeck,267,101.1484823529626,22.19959456711976,4467.6093021824345,2404.07585336009,194.17570218243443,0.0,4373.4336,2404.07585336009,100.0,0.0,0.0,2733.396,0.0,0.0,2404.07585336009,0.0,0.10720419883728027,0.028740406036376953,0.5,0.0,1146358.5794356645,641888.2528471485,390.63999999999913,0.0
ornstein-uhlenbeck,268,88.9113050780013,18.065317082129315,4003.7294278629606,2404.07585336009,161.21822786295937,0.0,3942.5112000000013,2404.07585336009,100.0,0.0,0.0,2464.0695000000005,0.0,0.0,2404.07585336009,0.0,0.11088919639587402,0.01901984214782715,0.5,0.0,1150362.3088635274,644292.3287005086,392.1599999999991,0.0
ornstein-uhlenbeck,269,88.78165905125485,19.157777140445912,4029.7756896036217,2404.07585336009,195.07072960362117,0.0,3934.704960000001,2404.07585336009,100.0,0.0,0.0,2459.1906000000004,0.0,0.0,2404.07585336009,0.0,0.07610011100769043,0.040746450424194336,0.5,0.0,1154392.084553131,646696.4045538687,393.6799999999991,0.0
ornstein-uhlenbeck,270,99.31046294137246,19.47677183164167,4425.0788710934,2404.07585336009,165.69327109339983,0.0,4359.3856000000005,2404.07585336009,100.0,0.0,0.0,2724.616000000001,0.0,0.0,2404.07585336009,0.0,0.12022876739501953,0.023523330688476562,0.5,0.0,1158817.1634242244,649100.4804072288,395.1999999999991,0.0
ornstein-uhlenbeck,271,99.45083332887152,21.92083418263438,4444.650158305191,2404.07585336009,169.13175830519143,0.0,4375.5184,2404.07585336009,100.0,0.0,0.0,2734.699,0.0,0.0,2404.07585336009,0.0,0.11186528205871582,0.028855085372924805,0.5,0.0,1163261.8135825295,651504.5562605889,396.71999999999906,0.0
ornstein-uhlenbeck,272,99.90596117670475,22.24431919705356,4456.748779170691,2404.07585336009,200.9887791706916,0.0,4355.759999999999,2404.07585336009,100.0,0.0,0.0,2722.3499999999995,0.0,0.0,2404.07585336009,0.0,0.11473655700683594,0.03699684143066406,0.5,0.0,1167718.5623617002,653908.632113949,398.23999999999904,0.0
ornstein-uhlenbeck,273,102.14663386476366,21.991673125620075,4457.808906636313,2404.07585336009,193.21210663631268,0.0,4364.5968,2404.07585336009,100.0,0.0,0.0,2727.8730000000005,0.0,0.0,2404.07585336009,0.0,0.10834431648254395,0.03410649299621582,0.5,0.0,1172176.3712683364,656312.7079673092,399.759999999999,0.0
ornstein-uhlenbeck,274,100.49691455142003,22.667150508681537,4468.1082751980475,2404.07585336009,194.6746751980468,0.0,4373.4336,2404.07585336009,100.0,0.0,0.0,2733.396,0.0,0.0,2404.07585336009,0.0,0.12644624710083008,0.041887760162353516,0.5,0.0,1176644.4795435346,658716.7838206693,401.279999999999,0.0
ornstein-uhlenbeck,275,93.33712924625365,20.301727691604043,4016.40796623593,2404.07585336009,189.65612623592898,0.0,3926.7518400000013,2404.07585336009,100.0,0.0,0.0,2454.219900000001,0.0,0.0,2404.07585336009,0.0,0.11923789978027344,0.028821945190429688,0.5,0.0,1180660.8875097705,661120.8596740294,402.799999999999,0.0
ornstein-uhlenbeck,276,92.31014295271767,22.162046754061752,4022.879770587466,2404.07585336009,170.88329058746558,0.0,3951.9964800000007,2404.07585336009,100.0,0.0,0.0,2469.9977999999996,0.0,0.0,2404.07585336009,0.0,0.10605835914611816,0.022999048233032227,0.5,0.0,1184683.767280358,663524.9355273895,404.31999999999897,0.0
ornstein-uhlenbeck,277,104.48877977418033,23.93562070402709,4485.74925334648,2404.07585336009,217.3652533464792,0.0,4368.384000000001,2404.07585336009,100.0,0.0,0.0,2730.2400000000007,0.0,0.0,2404.07585336009,0.0,0.10213518142700195,0.02409815788269043,0.5,0.0,1189169.5165337045,665929.0113807496,405.83999999999895,0.0
ornstein-uhlenbeck,278,103.39119140770163,22.799893232570955,4474.044233333508,2404.07585336009,216.03623333350714,0.0,4358.008000000001,2404.07585336009,100.0,0.0,0.0,2723.7549999999997,0.0,0.0,2404.07585336009,0.0,0.10279178619384766,0.0334165096282959,0.5,0.0,1193643.560767038,668333.0872341098,407.35999999999893,0.0
ornstein-uhlenbeck,279,101.74279442022078,23.80231671886622,4466.037427303938,2404.07585336009,210.27742730393854,0.0,4355.759999999999,2404.07585336009,100.0,0.0,0.0,2722.3499999999995,0.0,0.0,2404.07585336009,0.0,0.10691332817077637,0.035010337829589844,0.5,0.0,1198109.5981943419,670737.1630874699,408.8799999999989,0.0
ornstein-uhlenbeck,280,103.1608835773136,22.39758351571945,4450.536325421663,2404.07585336009,206.85472542166295,0.0,4343.6816,2404.07585336009,100.0,0.0,0.0,2714.8009999999995,0.0,0.0,2404.07585336009,0.0,0.09609174728393555,0.03611922264099121,0.5,0.0,1202560.1345197635,673141.23894083,410.3999999999989,0.0
ornstein-uhlenbeck,281,102.28009389357344,19.841461908592024,4474.959605914839,2404.07585336009,201.52600591483832,0.0,4373.4336,2404.07585336009,100.0,0.0,0.0,2733.396,0.0,0.0,2404.07585336009,0.0,0.12187719345092773,0.024228572845458984,0.5,0.0,1207035.0941256783,675545.3147941901,411.9199999999989,0.0
ornstein-uhlenbeck,282,92.30962813833519,20.245777911293082,4018.0371072956113,2404.07585336009,189.75310729561062,0.0,3928.284000000001,2404.07585336009,100.0,0.0,0.0,2455.1775000000007,0.0,0.0,2404.07585336009,0.0,0.10115504264831543,0.020998477935791016,0.5,0.0,1211053.131232974,677949.3906475502,413.43999999999886,0.0
ornstein-uhlenbeck,283,91.61323634496013,19.90853122765057,4021.725608058654,2404.07585336009,187.02064805865274,0.0,3934.704960000001,2404.07585336009,100.0,0.0,0.0,2459.1906000000004,0.0,0.0,2404.07585336009,0.0,0.08909296989440918,0.018992900848388672,0.5,0.0,1215074.8568410326,680353.4665009103,414.95999999999884,0.0
ornstein-uhlenbeck,284,103.29514017827,21.882973449135232,4462.305722416805,2404.07585336009,195.62412241680403,0.0,4366.681600000001,2404.07585336009,100.0,0.0,0.0,2729.1760000000004,0.0,0.0,2404.07585336009,0.0,0.15195631980895996,0.02097606658935547,0.5,0.0,1219537.1625634495,682757.5423542705,416.4799999999988,0.0
ornstein-uhlenbeck,285,104.9856975988768,23.662272340653576,4474.309634110692,2404.07585336009,212.8968341106921,0.0,4361.4128,2404.07585336009,100.0,0.0,0.0,2725.883,0.0,0.0,2404.07585336009,0.0,0.09518885612487793,0.02800130844116211,0.5,0.0,1224011.4721975601,685161.6182076306,417.9999999999988,0.0
ornstein-uhlenbeck,286,104.11401093086876,21.823835467010596,4459.996989273981,2404.07585336009,204.23698927398124,0.0,4355.759999999999,2404.07585336009,100.0,0.0,0.0,2722.3499999999995,0.0,0.0,2404.07585336009,0.0,0.11290788650512695,0.026737451553344727,0.5,0.0,1228471.469186834,687565.6940609907,419.5199999999988,0.0
ornstein-uhlenbeck,287,102.53923131636816,23.527711950363425,4486.18043441306,2404.07585336009,221.5836344130598,0.0,4364.5968,2404.07585336009,100.0,0.0,0.0,2727.8730000000005,0.0,0.0,2404.07585336009,0.0,0.11822342872619629,0.028864145278930664,0.5,0.0,1232957.649621247,689969.7699143508,421.03999999999877,0.0
ornstein-uhlenbeck,288,104.46141685391304,22.871359766529967,4430.277026380353,2404.07585336009,165.84182638035293,0.0,4364.4352,2404.07585336009,100.0,0.0,0.0,2727.7720000000004,0.0,0.0,2404.07585336009,0.0,0.11168718338012695,0.03350949287414551,0.5,0.0,1237387.9266476275,692373.8457677109,422.55999999999875,0.0
ornstein-uhlenbeck,289,92.92411751749297,21.186176967930013,4016.6343383152907,2404.07585336009,188.3503383152899,0.0,3928.284000000001,2404.07585336009,100.0,0.0,0.0,2455.1775000000007,0.0,0.0,2404.07585336009,0.0,0.1324481964111328,0.02902078628540039,0.5,0.0,1241404.5609859428,694777.9216210711,424.07999999999873,0.0
ornstein-uhlenbeck,290,93.32378268094561,22.44385907731666,4035.7372953413615,2404.07585336009,201.03233534136092,0.0,3934.704960000001,2404.07585336009,100.0,0.0,0.0,2459.1906000000004,0.0,0.0,2404.07585336009,0.0,0.09905672073364258,0.019125938415527344,0.5,0.0,1245440.2982812843,697181.9974744312,425.5999999999987,0.0
ornstein-uhlenbeck,291,105.80420165690914,21.10072017658651,4419.0627711255165,2404.07585336009,159.67717112551568,0.0,4359.3856000000005,2404.07585336009,100.0,0.0,0.0,2724.616000000001,0.0,0.0,2404.07585336009,0.0,0.10749387741088867,0.01572108268737793,0.5,0.0,1249859.3610524097,699586.0733277913,427.1199999999987,0.0
ornstein-uhlenbeck,292,107.72975625189417,20.284453880589375,4460.370388835399,2404.07585336009,186.5543888353992,0.0,4373.816,2404.07585336009,100.0,0.0,0.0,2733.635,0.0,0.0,2404.07585336009,0.0,0.10534405708312988,0.025994539260864258,0.5,0.0,1254319.7314412452,701990.1491811514,428.6399999999987,0.0
ornstein-uhlenbeck,293,103.73098792909768,21.073494526096937,4442.50146722082,2404.07585336009,190.14626722081974,0.0,4352.3552,2404.07585336009,100.0,0.0,0.0,2720.2219999999993,0.0,0.0,2404.07585336009,0.0,0.10742592811584473,0.034014225006103516,0.5,0.0,1258762.232908466,704394.2250345115,430.15999999999866,0.0
ornstein-uhlenbeck,294,105.73210856683602,22.287119891639968,4447.731387633663,2404.07585336009,200.64498763366305,0.0,4347.0864,2404.07585336009,100.0,0.0,0.0,2716.929,0.0,0.0,2404.07585336009,0.0,0.10543489456176758,0.03054022789001465,0.5,0.0,1263209.9642960995,706798.3008878717,431.67999999999864,0.0
ornstein-uhlenbeck,295,102.95197883652064,18.60851952643353,4456.5853207337395,2404.07585336009,204.06692073373924,0.0,4352.5184,2404.07585336009,100.0,0.0,0.0,2720.3240000000005,0.0,0.0,2404.07585336009,0.0,0.09649109840393066,0.026998281478881836,0.5,0.0,1267666.5496168332,709202.3767412318,433.1999999999986,0.0
ornstein-uhlenbeck,296,96.84505836034698,21.769022648505853,4023.9396351867917,2404.07585336009,179.89627518679,0.0,3944.0433600000015,2404.07585336009,100.0,0.0,0.0,2465.027100000001,0.0,0.0,2404.07585336009,0.0,0.12096047401428223,0.028673171997070312,0.5,0.0,1271690.48925202,711606.4525945919,434.7199999999986,0.0
ornstein-uhlenbeck,297,96.10171626975536,20.547926001934325,4029.193226301555,2404.07585336009,177.1967463015544,0.0,3951.9964800000007,2404.07585336009,100.0,0.0,0.0,2469.9977999999996,0.0,0.0,2404.07585336009,0.0,0.10833454132080078,0.032119035720825195,0.5,0.0,1275719.6824783215,714010.528447952,436.2399999999986,0.0
ornstein-uhlenbeck,298,101.10337927557555,25.367897613728257,4474.509008072061,2404.07585336009,223.63540807206013,0.0,4350.873600000001,2404.07585336009,100.0,0.0,0.0,2719.2960000000007,0.0,0.0,2404.07585336009,0.0,0.1272265911102295,0.025164127349853516,0.5,0.0,1280194.1914863936,716414.6043013121,437.75999999999857,0.0
ornstein-uhlenbeck,299,104.9549011693163,22.876571157113997,4475.363588572437,2404.07585336009,220.76038857243685,0.0,4354.6032000000005,2404.07585336009,100.0,0.0,0.0,2721.627,0.0,0.0,2404.07585336009,0.0,0.10166382789611816,0.03710818290710449,0.5,0.0,1284669.555074966,718818.6801546722,439.27999999999855,0.0
ornstein-uhlenbeck,300,105.01744245907584,24.258973063142033,4463.8964562545125,2404.07585336009,209.83885625451347,0.0,4354.057599999999,2404.07585336009,100.0,0.0,0.0,2721.2859999999996,0.0,0.0,2404.07585336009,0.0,0.09745121002197266,0.029688596725463867,0.5,0.0,1289133.4515312205,721222.7560080324,440.79999999999853,0.0
ornstein-uhlenbeck,301,104.41166980639866,20.554666206905267,4466.761756212195,2404.07585336009,221.37775621219438,0.0,4345.384000000001,2404.07585336009,100.0,0.0,0.0,2715.865,0.0,0.0,2404.07585336009,0.0,0.09556388854980469,0.031278371810913086,0.5,0.0,1293600.2132874327,723626.8318613925,442.3199999999985,0.0
ornstein-uhlenbeck,302,104.80838246600354,22.98074466032848,4466.175372054485,2404.07585336009,194.4441720544844,0.0,4371.7312,2404.07585336009,100.0,0.0,0.0,2732.3320000000003,0.0,0.0,2404.07585336009,0.0,0.10131955146789551,0.018112897872924805,0.5,0.0,1298066.3886594872,726030.9077147526,443.8399999999985,0.0
ornstein-uhlenbeck,303,92.95367758447772,20.706344764775192,4022.0428229109784,2404.07585336009,193.75882291097773,0.0,3928.284000000001,2404.07585336009,100.0,0.0,0.0,2455.1775000000007,0.0,0.0,2404.07585336009,0.0,0.11246776580810547,0.022680997848510742,0.5,0.0,1302088.4314823982,728434.9835681127,445.3599999999985,0.0
ornstein-uhlenbeck,304,96.49061019457656,21.547778165270717,4047.0989060112315,2404.07585336009,195.10242601123036,0.0,3951.9964800000007,2404.07585336009,100.0,0.0,0.0,2469.9977999999996,0.0,0.0,2404.07585336009,0.0,0.07578349113464355,0.026105165481567383,0.5,0.0,1306135.5303884095,730839.0594214728,446.87999999999846,0.0
ornstein-uhlenbeck,305,103.8589762698344,20.378505079201915,4473.037127870232,2404.07585336009,206.35552787023158,0.0,4366.681600000001,2404.07585336009,100.0,0.0,0.0,2729.1760000000004,0.0,0.0,2404.07585336009,0.0,0.11696267127990723,0.026454448699951172,0.5,0.0,1310608.5675162796,733243.135274833,448.39999999999844,0.0
ornstein-uhlenbeck,306,103.91526396195452,20.603381225353676,4465.432924411856,2404.07585336009,189.91452441185592,0.0,4375.5184,2404.07585336009,100.0,0.0,0.0,2734.699,0.0,0.0,2404.07585336009,0.0,0.1042625904083252,0.0262143611907959,0.5,0.0,1315074.0004406916,735647.2111281931,449.9199999999984,0.0
ornstein-uhlenbeck,307,108.29030982961918,23.789350438522174,4450.864811080066,2404.07585336009,217.72241108006637,0.0,4333.1424,2404.07585336009,100.0,0.0,0.0,2708.2139999999995,0.0,0.0,2404.07585336009,0.0,0.10920453071594238,0.025957345962524414,0.5,0.0,1319524.8652517716,738051.2869815532,451.4399999999984,0.0
ornstein-uhlenbeck,308,104.94840616740426,21.63093635879551,4457.9529293750975,2404.07585336009,214.27132937509774,0.0,4343.6816,2404.07585336009,100.0,0.0,0.0,2714.8009999999995,0.0,0.0,2404.07585336009,0.0,0.1018669605255127,0.04167294502258301,0.5,0.0,1323982.8181811466,740455.3628349133,452.9599999999984,0.0
ornstein-uhlenbeck,309,103.49292960755973,24.315137518648,4467.57138098635,2404.07585336009,213.35058098635014,0.0,4354.2208,2404.07585336009,100.0,0.0,0.0,2721.3880000000004,0.0,0.0,2404.07585336009,0.0,0.11119270324707031,0.027842998504638672,0.5,0.0,1328450.389562133,742859.4386882734,454.47999999999837,0.0
ornstein-uhlenbeck,310,94.44591505346598,23.376764769432615,4040.731188171677,2404.07585336009,196.68782817167508,0.0,3944.0433600000015,2404.07585336009,100.0,0.0,0.0,2465.027100000001,0.0,0.0,2404.07585336009,0.0,0.11069512367248535,0.02930760383605957,0.5,0.0,1332491.1207503048,745263.5145416335,455.99999999999835,0.0
ornstein-uhlenbeck,311,96.26754455611054,22.150190321194934,3998.611270396883,2404.07585336009,154.7133503968819,0.0,3943.897920000001,2404.07585336009,100.0,0.0,0.0,2464.9361999999996,0.0,0.0,2404.07585336009,0.0,0.09779477119445801,0.03098583221435547,0.5,0.0,1336489.7320207017,747667.5903949937,457.51999999999833,0.0
ornstein-uhlenbeck,312,104.54557560051278,22.88093181062318,4464.376033689745,2404.07585336009,211.8000336897438,0.0,4352.576000000001,2404.07585336009,100.0,0.0,0.0,2720.3600000000006,0.0,0.0,2404.07585336009,0.0,0.10956716537475586,0.02474355697631836,0.5,0.0,1340954.1080543916,750071.6662483538,459.0399999999983,0.0
ornstein-uhlenbeck,313,105.18883625407823,23.18995663041597,4447.17006176798,2404.07585336009,178.94766176798038,0.0,4368.2224,2404.07585336009,100.0,0.0,0.0,2730.139,0.0,0.0,2404.07585336009,0.0,0.09954571723937988,0.014386892318725586,0.5,0.0,1345401.2781161596,752475.7421017139,460.5599999999983,0.0
ornstein-uhlenbeck,314,102.81206069829807,24.1771767544462,4462.613405128364,2404.07585336009,227.76860512836402,0.0,4334.8448,2404.07585336009,100.0,0.0,0.0,2709.2779999999993,0.0,0.0,2404.07585336009,0.0,0.12403345108032227,0.027999401092529297,0.5,0.0,1349863.891521288,754879.817955074,462.0799999999983,0.0
ornstein-uhlenbeck,315,101.77440096518698,22.01837938854977,4447.774282710596,2404.07585336009,188.28468271059486,0.0,4359.489600000001,2404.07585336009,100.0,0.0,0.0,2724.6809999999996,0.0,0.0,2404.07585336009,0.0,0.10828852653503418,0.028573036193847656,0.5,0.0,1354311.6658039987,757283.8938084341,463.59999999999826,0.0
ornstein-uhlenbeck,316,105.03434464655966,21.837483161918044,4452.647411895422,2404.07585336009,200.12901189542234,0.0,4352.5184,2404.07585336009,100.0,0.0,0.0,2720.3240000000005,0.0,0.0,2404.07585336009,0.0,0.11357569694519043,0.04114055633544922,0.5,0.0,1358764.3132158942,759687.9696617943,465.11999999999824,0.0
ornstein-uhlenbeck,317,97.85229882816945,21.039362913130198,4011.3542678404765,2404.07585336009,170.37522784047553,0.0,3940.979040000001,2404.07585336009,100.0,0.0,0.0,2463.111900000001,0.0,0.0,2404.07585336009,0.0,0.11095142364501953,0.018004179000854492,0.5,0.0,1362775.6674837347,762092.0455151544,466.6399999999982,0.0
ornstein-uhlenbeck,318,94.44283254787672,24.510999449129002,4035.175991476347,2404.07585336009,184.71167147634648,0.0,3950.464320000001,2404.07585336009,100.0,0.0,0.0,2469.0402,0.0,0.0,2404.07585336009,0.0,0.0920562744140625,0.028165817260742188,0.5,0.0,1366810.843475211,764496.1213685145,468.1599999999982,0.0
ornstein-uhlenbeck,319,101.1147751221636,22.803898185522694,4476.361713806866,2404.07585336009,225.48811380686533,0.0,4350.873600000001,2404.07585336009,100.0,0.0,0.0,2719.2960000000007,0.0,0.0,2404.07585336009,0.0,0.18428421020507812,0.034841060638427734,0.5,0.0,1371287.2051890178,766900.1972218746,469.6799999999982,0.0
ornstein-uhlenbeck,320,103.15443038751107,23.929738146606955,4478.075851334052,2404.07585336009,200.85505133405135,0.0,4377.2208,2404.07585336009,100.0,0.0,0.0,2735.763,0.0,0.0,2404.07585336009,0.0,0.11427807807922363,0.02400374412536621,0.5,0.0,1375765.2810403518,769304.2730752347,471.19999999999817,0.0
ornstein-uhlenbeck,321,102.02332670036685,23.178910834888832,4443.274211810919,2404.07585336009,210.1318118109195,0.0,4333.1424,2404.07585336009,100.0,0.0,0.0,2708.2139999999995,0.0,0.0,2404.07585336009,0.0,0.10655879974365234,0.02899789810180664,0.5,0.0,1380208.5552521627,771708.3489285948,472.71999999999815,0.0
ornstein-uhlenbeck,322,105.79645640997644,22.878704830451742,4468.888464950437,2404.07585336009,205.99406495043715,0.0,4362.8944,2404.07585336009,100.0,0.0,0.0,2726.8089999999993,0.0,0.0,2404.07585336009,0.0,0.09409046173095703,0.019012451171875,0.5,0.0,1384677.4437171132,774112.424781955,474.23999999999813,0.0
ornstein-uhlenbeck,323,104.53534308928484,23.562647250349414,4483.66549185753,2404.07585336009,210.2318918575292,0.0,4373.4336,2404.07585336009,100.0,0.0,0.0,2733.396,0.0,0.0,2404.07585336009,0.0,0.10799765586853027,0.031002283096313477,0.5,0.0,1389161.1092089708,776516.5006353151,475.7599999999981,0.0
ornstein-uhlenbeck,324,92.25466572938603,21.667912365910183,4030.3349360288266,2404.07585336009,203.5830960288255,0.0,3926.7518400000013,2404.07585336009,100.0,0.0,0.0,2454.219900000001,0.0,0.0,2404.07585336009,0.0,0.12549138069152832,0.02400660514831543,0.5,0.0,1393191.4441449996,778920.5764886752,477.2799999999981,0.0
ornstein-uhlenbeck,325,92.00136177822712,18.656806294850522,4034.6240385770116,2404.07585336009,182.6275585770111,0.0,3951.9964800000007,2404.07585336009,100.0,0.0,0.0,2469.9977999999996,0.0,0.0,2404.07585336009,0.0,0.09638285636901855,0.03375983238220215,0.5,0.0,1397226.0681835767,781324.6523420353,478.7999999999981,0.0
ornstein-uhlenbeck,326,103.93263017010025,24.952745017486713,4464.270445699728,2404.07585336009,211.69444569972728,0.0,4352.576000000001,2404.07585336009,100.0,0.0,0.0,2720.3600000000006,0.0,0.0,2404.07585336009,0.0,0.15523719787597656,0.03175091743469238,0.5,0.0,1401690.3386292765,783728.7281953954,480.31999999999806,0.0
ornstein-uhlenbeck,327,100.47721057938013,22.417752515012918,4464.516000609594,2404.07585336009,187.29520060959402,0.0,4377.2208,2404.07585336009,100.0,0.0,0.0,2735.763,0.0,0.0,2404.07585336009,0.0,0.11687135696411133,0.023011207580566406,0.5,0.0,1406154.854629886,786132.8040487556,481.83999999999804,0.0
ornstein-uhlenbeck,328,100.83965988550706,23.021871570839455,4444.488752252355,2404.07585336009,207.94155225235528,0.0,4336.5472,2404.07585336009,100.0,0.0,0.0,2710.3419999999996,0.0,0.0,2404.07585336009,0.0,0.10552716255187988,0.028000593185424805,0.5,0.0,1410599.3433821385,788536.8799021157,483.359999999998,0.0
ornstein-uhlenbeck,329,101.14768134765315,24.326155309998665,4472.330612433978,2404.07585336009,228.64901243397762,0.0,4343.6816,2404.07585336009,100.0,0.0,0.0,2714.8009999999995,0.0,0.0,2404.07585336009,0.0,0.1084282398223877,0.020524263381958008,0.5,0.0,1415071.6739945726,790940.9557554758,484.879999999998,0.0
ornstein-uhlenbeck,330,100.76630287957919,22.7387631636071,4465.427429634613,2404.07585336009,193.6962296346128,0.0,4371.7312,2404.07585336009,100.0,0.0,0.0,2732.3320000000003,0.0,0.0,2404.07585336009,0.0,0.10548686981201172,0.033014774322509766,0.5,0.0,1419537.1014242072,793345.0316088359,486.399999999998,0.0
ornstein-uhlenbeck,331,94.22059715423308,21.308585982236732,4013.3649801664105,2404.07585336009,185.0809801664097,0.0,3928.284000000001,2404.07585336009,100.0,0.0,0.0,2455.1775000000007,0.0,0.0,2404.07585336009,0.0,0.11486124992370605,0.025784015655517578,0.5,0.0,1423550.4664043735,795749.107462196,487.91999999999797,0.0
ornstein-uhlenbeck,332,91.83407426662647,22.297544116295082,4045.7181818294475,2404.07585336009,212.54538182944708,0.0,3933.1728000000007,2404.07585336009,100.0,0.0,0.0,2458.2329999999997,0.0,0.0,2404.07585336009,0.0,0.10925602912902832,0.019093036651611328,0.5,0.0,1427596.184586203,798153.1833155561,489.43999999999795,0.0
ornstein-uhlenbeck,333,100.41908255670812,24.49559839354018,4439.760470854208,2404.07585336009,180.3748708542068,0.0,4359.3856000000005,2404.07585336009,100.0,0.0,0.0,2724.616000000001,0.0,0.0,2404.07585336009,0.0,0.11417984962463379,0.03052353858947754,0.5,0.0,1432035.945057057,800557.2591689163,490.95999999999793,0.0
ornstein-uhlenbeck,334,101.70904052639764,20.2297592262643,4457.872793651484,2404.07585336009,180.65199365148385,0.0,4377.2208,2404.07585336009,100.0,0.0,0.0,2735.763,0.0,0.0,2404.07585336009,0.0,0.11877298355102539,0.028184175491333008,0.5,0.0,1436493.8178507085,802961.3350222764,492.4799999999979,0.0
ornstein-uhlenbeck,335,102.62837967032108,20.278434363696206,4430.439211332562,2404.07585336009,192.18961133256184,0.0,4338.2496,2404.07585336009,100.0,0.0,0.0,2711.4059999999995,0.0,0.0,2404.07585336009,0.0,0.12030577659606934,0.03389906883239746,0.5,0.0,1440924.257062041,805365.4108756365,493.9999999999979,0.0
ornstein-uhlenbeck,336,99.7590272169037,22.46807614168323,4458.214148054691,2404.07585336009,195.31974805469062,0.0,4362.8944,2404.07585336009,100.0,0.0,0.0,2726.8089999999993,0.0,0.0,2404.07585336009,0.0,0.13872623443603516,0.03300046920776367,0.5,0.0,1445382.4712100956,807769.4867289966,495.5199999999979,0.0
ornstein-uhlenbeck,337,101.37601908577169,20.590740337703586,4460.149217632304,2404.07585336009,207.63081763230363,0.0,4352.5184,2404.07585336009,100.0,0.0,0.0,2720.3240000000005,0.0,0.0,2404.07585336009,0.0,0.12206006050109863,0.02953338623046875,0.5,0.0,1449842.620427728,810173.5625823567,497.03999999999786,0.0
ornstein-uhlenbeck,338,90.31905971156375,22.535628244536273,4031.0108707842974,2404.07585336009,202.7268707842968,0.0,3928.284000000001,2404.07585336009,100.0,0.0,0.0,2455.1775000000007,0.0,0.0,2404.07585336009,0.0,0.10667705535888672,0.02389836311340332,0.5,0.0,1453873.6312985122,812577.6384357169,498.55999999999784,0.0
ornstein-uhlenbeck,339,89.36832825683378,18.38730368891117,4012.68191984408,2404.07585336009,177.97695984407903,0.0,3934.704960000001,2404.07585336009,100.0,0.0,0.0,2459.1906000000004,0.0,0.0,2404.07585336009,0.0,0.10664629936218262,0.022994041442871094,0.5,0.0,1457886.3132183563,814981.714289077,500.0799999999978,0.0
ornstein-uhlenbeck,340,100.86677575963296,22.44384608411732,4458.37560692288,2404.07585336009,205.7996069228793,0.0,4352.576000000001,2404.07585336009,100.0,0.0,0.0,2720.3600000000006,0.0,0.0,2404.07585336009,0.0,0.10107827186584473,0.025796890258789062,0.5,0.0,1462344.6888252792,817385.7901424371,501.5999999999978,0.0
ornstein-uhlenbeck,341,104.46959237503991,23.49490970788536,4486.030888504207,2404.07585336009,208.81008850420676,0.0,4377.2208,2404.07585336009,100.0,0.0,0.0,2735.763,0.0,0.0,2404.07585336009,0.0,0.10621523857116699,0.024500131607055664,0.5,0.0,1466830.7197137834,819789.8659957972,503.1199999999978,0.0
ornstein-uhlenbeck,342,100.85675085629562,22.61931420458629,4410.232992959464,2404.07585336009,163.4713929594649,0.0,4346.7616,2404.07585336009,100.0,0.0,0.0,2716.7259999999997,0.0,0.0,2404.07585336009,0.0,0.09717798233032227,0.025021076202392578,0.5,0.0,1471240.9527067428,822193.9418491573,504.63999999999777,0.0
ornstein-uhlenbeck,343,101.1586926643616,22.52000678329597,4440.933998512648,2404.07585336009,178.03959851264776,0.0,4362.8944,2404.07585336009,100.0,0.0,0.0,2726.8089999999993,0.0,0.0,2404.07585336009,0.0,0.09209585189819336,0.023859024047851562,0.5,0.0,1475681.8867052554,824598.0177025174,506.15999999999775,0.0
ornstein-uhlenbeck,344,102.11758270248417,19.270330024136918,4447.458901011468,2404.07585336009,191.5357010114677,0.0,4355.9232,2404.07585336009,100.0,0.0,0.0,2722.452,0.0,0.0,2404.07585336009,0.0,0.08721661567687988,0.02206897735595703,0.5,0.0,1480129.3456062668,827002.0935558776,507.67999999999773,0.0
ornstein-uhlenbeck,345,90.07297413983383,18.665026499283957,4017.98687356925,2404.07585336009,175.4756735692482,0.0,3942.5112000000013,2404.07585336009,100.0,0.0,0.0,2464.0695000000005,0.0,0.0,2404.07585336009,0.0,0.11453700065612793,0.03456878662109375,0.5,0.0,1484147.332479836,829406.1694092377,509.1999999999977,0.0
ornstein-uhlenbeck,346,89.48671127615819,21.610714956179617,4039.6619711323156,2404.07585336009,190.7298111323145,0.0,3948.9321600000007,2404.07585336009,100.0,0.0,0.0,2468.0826,0.0,0.0,2404.07585336009,0.0,0.09689140319824219,0.028011798858642578,0.5,0.0,1488186.9944509682,831810.2452625978,510.7199999999977,0.0
ornstein-uhlenbeck,347,98.80097760027168,27.783677557954878,4466.106093142044,2404.07585336009,215.23249314204307,0.0,4350.873600000001,2404.07585336009,100.0,0.0,0.0,2719.2960000000007,0.0,0.0,2404.07585336009,0.0,0.10820937156677246,0.025118589401245117,0.5,0.0,1492653.1005441102,834214.3211159579,512.2399999999977,0.0
ornstein-uhlenbeck,348,99.22621602345676,20.05473467017421,4471.341813901727,2404.07585336009,195.82341390172638,0.0,4375.5184,2404.07585336009,100.0,0.0,0.0,2734.699,0.0,0.0,2404.07585336009,0.0,0.09774589538574219,0.02970099449157715,0.5,0.0,1497124.4423580118,836618.396969318,513.7599999999977,0.0
ornstein-uhlenbeck,349,94.601538860254,22.421512467333756,4432.100952346645,2404.07585336009,193.8513523466447,0.0,4338.2496,2404.07585336009,100.0,0.0,0.0,2711.4059999999995,0.0,0.0,2404.07585336009,0.0,0.11693835258483887,0.030670642852783203,0.5,0.0,1501556.5433103584,839022.4728226782,515.2799999999977,0.0
ornstein-uhlenbeck,350,96.17027626299019,22.624930748508724,4430.521027368193,2404.07585336009,188.5418273681924,0.0,4341.979200000001,2404.07585336009,100.0,0.0,0.0,2713.737,0.0,0.0,2404.07585336009,0.0,0.1034393310546875,0.02820897102355957,0.5,0.0,1505987.0643377267,841426.5486760383,516.7999999999977,0.0
ornstein-uhlenbeck,351,96.45450242187162,22.707238146820323,4434.435695860521,2404.07585336009,166.10929586052163,0.0,4368.3264,2404.07585336009,100.0,0.0,0.0,2730.204,0.0,0.0,2404.07585336009,0.0,0.10114002227783203,0.02902388572692871,0.5,0.0,1510421.5000335872,843830.6245293984,518.3199999999977,0.0
ornstein-uhlenbeck,352,86.68656255556589,20.0639387601372,4023.3355204805384,2404.07585336009,180.8243204805373,0.0,3942.5112000000013,2404.07585336009,100.0,0.0,0.0,2464.0695000000005,0.0,0.0,2404.07585336009,0.0,0.10741114616394043,0.01833057403564453,0.5,0.0,1514444.8355540677,846234.7003827585,519.8399999999976,0.0
ornstein-uhlenbeck,353,87.11628077872338,22.094515154451006,4023.3965529763345,2404.07585336009,187.15943297633385,0.0,3936.2371200000007,2404.07585336009,100.0,0.0,0.0,2460.1482,0.0,0.0,2404.07585336009,0.0,0.07220578193664551,0.01401376724243164,0.5,0.0,1518468.232107044,848638.7762361186,521.3599999999976,0.0
ornstein-uhlenbeck,354,98.94387136187873,24.40749811721571,4452.711344593553,2404.07585336009,203.5401445935522,0.0,4349.171200000001,2404.07585336009,100.0,0.0,0.0,2718.232000000001,0.0,0.0,2404.07585336009,0.0,0.09641814231872559,0.021642684936523438,0.5,0.0,1522920.9434516374,851042.8520894788,522.8799999999976,0.0
ornstein-uhlenbeck,355,95.6535436621886,23.322567328924023,4464.690356818337,2404.07585336009,206.68235681833602,0.0,4358.008000000001,2404.07585336009,100.0,0.0,0.0,2723.7549999999997,0.0,0.0,2404.07585336009,0.0,0.10427141189575195,0.028844833374023438,0.5,0.0,1527385.6338084557,853446.9279428389,524.3999999999976,0.0
ornstein-uhlenbeck,356,95.74325363650549,21.97735039170286,4439.431418995909,2404.07585336009,201.18181899590894,0.0,4338.2496,2404.07585336009,100.0,0.0,0.0,2711.4059999999995,0.0,0.0,2404.07585336009,0.0,0.10926532745361328,0.022171974182128906,0.5,0.0,1531825.0652274515,855851.003796199,525.9199999999976,0.0
ornstein-uhlenbeck,357,97.92881932988769,21.72552525484615,4463.636925909173,2404.07585336009,199.04012590917353,0.0,4364.5968,2404.07585336009,100.0,0.0,0.0,2727.8730000000005,0.0,0.0,2404.07585336009,0.0,0.10676407814025879,0.027955293655395508,0.5,0.0,1536288.7021533607,858255.0796495591,527.4399999999976,0.0
ornstein-uhlenbeck,358,95.06008642462746,21.688176004164795,4453.376961667449,2404.07585336009,183.3481616674494,0.0,4370.0288,2404.07585336009,100.0,0.0,0.0,2731.2680000000005,0.0,0.0,2404.07585336009,0.0,0.10030555725097656,0.020050525665283203,0.5,0.0,1540742.0791150283,860659.1555029192,528.9599999999975,0.0
ornstein-uhlenbeck,359,85.63542471311462,21.64510738128451,3992.2926985555437,2404.07585336009,167.07301855554272,0.0,3925.219680000001,2404.07585336009,100.0,0.0,0.0,2453.2623000000012,0.0,0.0,2404.07585336009,0.0,0.10845232009887695,0.02872157096862793,0.5,0.0,1544734.371813584,863063.2313562793,530.4799999999975,0.0
ornstein-uhlenbeck,360,83.94588681968398,22.186517921770474,4029.8496458207073,2404.07585336009,198.20900582070638,0.0,3931.640640000001,2404.07585336009,100.0,0.0,0.0,2457.2754,0.0,0.0,2404.07585336009,0.0,0.11066532135009766,0.0267794132232666,0.5,0.0,1548764.2214594046,865467.3072096395,531.9999999999975,0.0
ornstein-uhlenbeck,361,92.91944107223755,24.047691376531887,4438.50937562373,2404.07585336009,192.74297562372888,0.0,4345.766400000001,2404.07585336009,100.0,0.0,0.0,2716.1040000000007,0.0,0.0,2404.07585336009,0.0,0.1403820514678955,0.03328824043273926,0.5,0.0,1553202.7308350282,867871.3830629996,533.5199999999975,0.0
ornstein-uhlenbeck,362,92.56423086892364,24.338200623275842,4456.897855466033,2404.07585336009,198.8898554660331,0.0,4358.008000000001,2404.07585336009,100.0,0.0,0.0,2723.7549999999997,0.0,0.0,2404.07585336009,0.0,0.09497618675231934,0.02134561538696289,0.5,0.0,1557659.6286904942,870275.4589163597,535.0399999999975,0.0
ornstein-uhlenbeck,363,95.56795478238804,21.004913628161223,4440.3506218222965,2404.07585336009,184.5906218222972,0.0,4355.759999999999,2404.07585336009,100.0,0.0,0.0,2722.3499999999995,0.0,0.0,2404.07585336009,0.0,0.11788582801818848,0.041216135025024414,0.5,0.0,1562099.9793123165,872679.5347697198,536.5599999999974,0.0
ornstein-uhlenbeck,364,92.94072701963451,20.194287722626317,4434.726846523568,2404.07585336009,171.83244652356785,0.0,4362.8944,2404.07585336009,100.0,0.0,0.0,2726.8089999999993,0.0,0.0,2404.07585336009,0.0,0.11748719215393066,0.03809523582458496,0.5,0.0,1566534.70615884,875083.6106230799,538.0799999999974,0.0
ornstein-uhlenbeck,365,92.6628879384162,23.43589938025896,4478.3845638293515,2404.07585336009,206.65336382935152,0.0,4371.7312,2404.07585336009,100.0,0.0,0.0,2732.3320000000003,0.0,0.0,2404.07585336009,0.0,0.11382484436035156,0.035628318786621094,0.5,0.0,1571013.0907226694,877487.68647644,539.5999999999974,0.0
fixed-bias,1,95.55813683562333,23.791233636978447,4471.835396082073,3481.1628171864973,198.40179608207248,0.0,4373.4336,3481.1628171864973,100.0,0.0,0.0,2733.396,0.0,0.0,3481.1628171864973,0.0,0.11739993095397949,0.01953887939453125,0.5,0.0,4471.835396082073,3481.1628171864973,1.52,0.0
fixed-bias,2,82.08723996277698,22.38376505555918,4018.201979283368,3481.1628171864973,192.98229928336693,0.0,3925.219680000001,3481.1628171864973,100.0,0.0,0.0,2453.2623000000012,0.0,0.0,3481.1628171864973,0.0,0.10053300857543945,0.02500152587890625,0.5,0.0,8490.037375365442,6962.3256343729945,3.04,0.0
fixed-bias,3,81.77862283174728,19.27722629490675,4029.5937115626657,3481.1628171864973,177.5972315626651,0.0,3951.9964800000007,3481.1628171864973,100.0,0.0,0.0,2469.9977999999996,0.0,0.0,3481.1628171864973,0.0,0.1053018569946289,0.032663822174072266,0.5,0.0,12519.631086928108,10443.488451559491,4.5600000000000005,0.0
fixed-bias,4,89.42705178675055,22.94887910050355,4443.993837045388,3481.1628171864973,196.52503704538722,0.0,4347.4688000000015,3481.1628171864973,100.0,0.0,0.0,2717.1680000000006,0.0,0.0,3481.1628171864973,0.0,0.11505627632141113,0.018857955932617188,0.5,0.0,16963.624923973497,13924.651268745989,6.08,0.0
fixed-bias,5,89.73922861852304,20.97342098605987,4449.089235170441,3481.1628171864973,191.08123517044018,0.0,4358.008000000001,3481.1628171864973,100.0,0.0,0.0,2723.7549999999997,0.0,0.0,3481.1628171864973,0.0,0.11286687850952148,0.019949674606323242,0.5,0.0,21412.714159143936,17405.814085932485,7.6,0.0
fixed-bias,6,88.19691199516744,22.08783812762239,4422.790292430458,3481.1628171864973,187.94549243045796,0.0,4334.8448,3481.1628171864973,100.0,0.0,0.0,2709.2779999999993,0.0,0.0,3481.1628171864973,0.0,0.11015987396240234,0.02457118034362793,0.5,0.0,25835.504451574394,20886.976903118983,9.12,0.0
fixed-bias,7,89.29004388564353,24.373765168004773,4460.875052874794,3481.1628171864973,196.27825287479357,0.0,4364.5968,3481.1628171864973,100.0,0.0,0.0,2727.8730000000005,0.0,0.0,3481.1628171864973,0.0,0.11060905456542969,0.02354598045349121,0.5,0.0,30296.37950444919,24368.13972030548,10.639999999999999,0.0
fixed-bias,8,90.98888547132698,24.361042792644177,4459.194690142607,3481.1628171864973,185.76109014260666,0.0,4373.4336,3481.1628171864973,100.0,0.0,0.0,2733.396,0.0,0.0,3481.1628171864973,0.0,0.10761356353759766,0.03400015830993652,0.5,0.0,34755.5741945918,27849.302537491978,12.159999999999998,0.0
fixed-bias,9,79.3093697011217,19.690341863265832,4008.517807544944,3481.1628171864973,166.00660754494248,0.0,3942.5112000000013,3481.1628171864973,100.0,0.0,0.0,2464.0695000000005,0.0,0.0,3481.1628171864973,0.0,0.12849807739257812,0.028914928436279297,0.5,0.0,38764.09200213674,31330.465354678476,13.679999999999998,0.0
fixed-bias,10,80.47458712028997,20.492507965523867,4008.673240720307,3481.1628171864973,156.6767607203065,0.0,3951.9964800000007,3481.1628171864973,100.0,0.0,0.0,2469.9977999999996,0.0,0.0,3481.1628171864973,0.0,0.09952497482299805,0.034125328063964844,0.5,0.0,42772.76524285705,34811.62817186497,15.199999999999998,0.0
fixed-bias,11,85.71444573567375,23.441018507847307,4440.849097180657,3481.1628171864973,175.86989718065513,0.0,4364.979200000002,3481.1628171864973,100.0,0.0,0.0,2728.1120000000005,0.0,0.0,3481.1628171864973,0.0,0.10552096366882324,0.03192400932312012,0.5,0.0,47213.614340037704,38292.790989051464,16.72,0.0
fixed-bias,12,88.01024999731855,20.564409416886882,4445.633443107035,3481.1628171864973,170.1150431070354,0.0,4375.5184,3481.1628171864973,100.0,0.0,0.0,2734.699,0.0,0.0,3481.1628171864973,0.0,0.16618824005126953,0.03300356864929199,0.5,0.0,51659.24778314474,41773.95380623796,18.24,0.0
fixed-bias,13,86.59660289117387,22.350084450024116,4435.373808786579,3481.1628171864973,179.61380878657914,0.0,4355.759999999999,3481.1628171864973,100.0,0.0,0.0,2722.3499999999995,0.0,0.0,3481.1628171864973,0.0,0.10420060157775879,0.016829252243041992,0.5,0.0,56094.62159193132,45255.11662342445,19.759999999999998,0.0
fixed-bias,14,88.27578401602047,19.68353494201407,4438.798752919296,3481.1628171864973,179.3091529192951,0.0,4359.489600000001,3481.1628171864973,100.0,0.0,0.0,2724.6809999999996,0.0,0.0,3481.1628171864973,0.0,0.10177206993103027,0.0260159969329834,0.5,0.0,60533.420344850616,48736.279440610946,21.279999999999998,0.0
fixed-bias,15,85.33888045225613,23.689810820613708,4441.620276074382,3481.1628171864973,185.69707607438198,0.0,4355.9232,3481.1628171864973,100.0,0.0,0.0,2722.452,0.0,0.0,3481.1628171864973,0.0,0.10253429412841797,0.024997234344482422,0.5,0.0,64975.040620925,52217.44225779744,22.799999999999997,0.0
fixed-bias,16,77.4565413339472,19.320176277694465,4000.536910680462,3481.1628171864973,156.4935506804607,0.0,3944.0433600000015,3481.1628171864973,100.0,0.0,0.0,2465.027100000001,0.0,0.0,3481.1628171864973,0.0,0.1025078296661377,0.02612781524658203,0.5,0.0,68975.57753160546,55698.605074983934,24.319999999999997,0.0
fixed-bias,17,76.7688835292059,21.79433135686027,4023.8293378894086,3481.1628171864973,171.83285788940782,0.0,3951.9964800000007,3481.1628171864973,100.0,0.0,0.0,2469.9977999999996,0.0,0.0,3481.1628171864973,0.0,0.10826992988586426,0.021528244018554688,0.5,0.0,72999.40686949488,59179.76789217043,25.839999999999996,0.0
fixed-bias,18,87.06897422060221,22.364422236755967,4443.90940055422,3481.1628171864973,175.52540055421898,0.0,4368.384000000001,3481.1628171864973,100.0,0.0,0.0,2730.2400000000007,0.0,0.0,3481.1628171864973,0.0,0.08355498313903809,0.014086723327636719,0.5,0.0,77443.3162700491,62660.93070935692,27.359999999999996,0.0
fixed-bias,19,82.95392994050128,24.628405271333843,4442.084827089226,3481.1628171864973,164.86402708922554,0.0,4377.2208,3481.1628171864973,100.0,0.0,0.0,2735.763,0.0,0.0,3481.1628171864973,0.0,0.11108660697937012,0.025006771087646484,0.5,0.0,81885.40109713832,66142.09352654342,28.879999999999995,0.0
fixed-bias,20,82.60020912336067,24.303778721802527,4422.055045575259,3481.1628171864973,167.99744557526,0.0,4354.057599999999,3481.1628171864973,100.0,0.0,0.0,2721.2859999999996,0.0,0.0,3481.1628171864973,0.0,0.10736846923828125,0.03284263610839844,0.5,0.0,86307.45614271358,69623.25634372992,30.399999999999995,0.0
fixed-bias,21,81.20828187948342,24.558608323078438,4443.559055249968,3481.1628171864973,180.6646552499679,0.0,4362.8944,3481.1628171864973,100.0,0.0,0.0,2726.8089999999993,0.0,0.0,3481.1628171864973,0.0,0.09509062767028809,0.024564504623413086,0.5,0.0,90751.01519796354,73104.41916091643,31.919999999999995,0.0
fixed-bias,22,81.75441438053086,22.27701407274462,4437.430640813192,3481.1628171864973,184.91224081319297,0.0,4352.5184,3481.1628171864973,100.0,0.0,0.0,2720.3240000000005,0.0,0.0,3481.1628171864973,0.0,0.11637687683105469,0.017241239547729492,0.5,0.0,95188.44583877674,76585.58197810293,33.44,0.0
fixed-bias,23,74.88631276670993,20.490975669468387,3997.8414207255637,3481.1628171864973,169.55742072556274,0.0,3928.284000000001,3481.1628171864973,100.0,0.0,0.0,2455.1775000000007,0.0,0.0,3481.1628171864973,0.0,0.11301422119140625,0.03454923629760742,0.5,0.0,99186.28725950231,80066.74479528943,34.96,0.0
fixed-bias,24,77.3107741976847,18.62351214774844,3999.214681582822,3481.1628171864973,167.5740415828213,0.0,3931.640640000001,3481.1628171864973,100.0,0.0,0.0,2457.2754,0.0,0.0,3481.1628171864973,0.0,0.1103827953338623,0.0289764404296875,0.5,0.0,103185.50194108512,83547.90761247593,36.480000000000004,0.0
fixed-bias,25,81.87965777103982,20.88465198751037,4427.495649179929,3481.1628171864973,181.7292491799281,0.0,4345.766400000001,3481.1628171864973,100.0,0.0,0.0,2716.1040000000007,0.0,0.0,3481.1628171864973,0.0,0.11463499069213867,0.022635221481323242,0.5,0.0,107612.99759026505,87029.07042966243,38.00000000000001,0.0
fixed-bias,26,83.3302640329544,23.28421500187989,4460.7787600774,3481.1628171864973,204.47316007740048,0.0,4356.3056,3481.1628171864973,100.0,0.0,0.0,2722.6910000000003,0.0,0.0,3481.1628171864973,0.0,0.11689996719360352,0.03315377235412598,0.5,0.0,112073.77635034245,90510.23324684893,39.52000000000001,0.0
fixed-bias,27,80.10644267253019,19.31128588010697,4405.055146822358,3481.1628171864973,170.21034682235842,0.0,4334.8448,3481.1628171864973,100.0,0.0,0.0,2709.2779999999993,0.0,0.0,3481.1628171864973,0.0,0.12558364868164062,0.025073766708374023,0.5,0.0,116478.8314971648,93991.39606403543,41.04000000000001,0.0
fixed-bias,28,82.07959905318405,21.04151608383958,4432.576705744046,3481.1628171864973,187.19270574404544,0.0,4345.384000000001,3481.1628171864973,100.0,0.0,0.0,2715.865,0.0,0.0,3481.1628171864973,0.0,0.09410333633422852,0.022008419036865234,0.5,0.0,120911.40820290885,97472.55888122194,42.56000000000002,0.0
fixed-bias,29,83.70659262692932,22.531073020721543,4463.480551771221,3481.1628171864973,190.04695177122062,0.0,4373.4336,3481.1628171864973,100.0,0.0,0.0,2733.396,0.0,0.0,3481.1628171864973,0.0,0.09874510765075684,0.021065711975097656,0.5,0.0,125374.88875468007,100953.72169840844,44.08000000000002,0.0
fixed-bias,30,73.7763487645965,18.94935556760742,3991.1901119869713,3481.1628171864973,148.67891198697004,0.0,3942.5112000000013,3481.1628171864973,100.0,0.0,0.0,2464.0695000000005,0.0,0.0,3481.1628171864973,0.0,0.1117105484008789,0.044103384017944336,0.5,0.0,129366.07886666704,104434.88451559494,45.60000000000002,0.0
fixed-bias,31,72.39121688885952,19.74335432583654,4001.7881282928874,3481.1628171864973,149.79164829288712,0.0,3951.9964800000007,3481.1628171864973,100.0,0.0,0.0,2469.9977999999996,0.0,0.0,3481.1628171864973,0.0,0.0958247184753418,0.020711183547973633,0.5,0.0,133367.86699495994,107916.04733278144,47.120000000000026,0.0
fixed-bias,32,79.09036226736328,20.761757764227557,4415.934059685999,3481.1628171864973,163.35805968599877,0.0,4352.576000000001,3481.1628171864973,100.0,0.0,0.0,2720.3600000000006,0.0,0.0,3481.1628171864973,0.0,0.09883952140808105,0.021526098251342773,0.5,0.0,137783.80105464594,111397.21014996794,48.64000000000003,0.0
fixed-bias,33,80.44200357265336,18.916508938148386,4425.844390812863,3481.1628171864973,167.83639081286236,0.0,4358.008000000001,3481.1628171864973,100.0,0.0,0.0,2723.7549999999997,0.0,0.0,3481.1628171864973,0.0,0.1002955436706543,0.03400087356567383,0.5,0.0,142209.6454454588,114878.37296715444,50.16000000000003,0.0
fixed-bias,34,76.79502470260041,23.090152196691232,4412.51078452474,3481.1628171864973,175.9635845247405,0.0,4336.5472,3481.1628171864973,100.0,0.0,0.0,2710.3419999999996,0.0,0.0,3481.1628171864973,0.0,0.11105203628540039,0.026534318923950195,0.5,0.0,146622.15622998355,118359.53578434094,51.680000000000035,0.0
fixed-bias,35,76.93722414252143,23.577329717726155,4428.952382337688,3481.1628171864973,164.35558233768768,0.0,4364.5968,3481.1628171864973,100.0,0.0,0.0,2727.8730000000005,0.0,0.0,3481.1628171864973,0.0,0.1028299331665039,0.026663780212402344,0.5,0.0,151051.10861232123,121840.69860152745,53.20000000000004,0.0
fixed-bias,36,80.6226085820366,25.621006145545955,4446.2387617869845,3481.1628171864973,172.80516178698403,0.0,4373.4336,3481.1628171864973,100.0,0.0,0.0,2733.396,0.0,0.0,3481.1628171864973,0.0,0.10762190818786621,0.02296161651611328,0.5,0.0,155497.3473741082,125321.86141871395,54.72000000000004,0.0
fixed-bias,37,73.1835630921488,22.137080563586576,4013.4018466047783,3481.1628171864973,169.35848660477674,0.0,3944.0433600000015,3481.1628171864973,100.0,0.0,0.0,2465.027100000001,0.0,0.0,3481.1628171864973,0.0,0.1037294864654541,0.016280651092529297,0.5,0.0,159510.74922071298,128803.02423590045,56.240000000000045,0.0
fixed-bias,38,71.63476970112283,21.4937009600007,3998.263410924579,3481.1628171864973,165.09061092457847,0.0,3933.1728000000007,3481.1628171864973,100.0,0.0,0.0,2458.2329999999997,0.0,0.0,3481.1628171864973,0.0,0.10053420066833496,0.025683879852294922,0.5,0.0,163509.01263163757,132284.18705308693,57.76000000000005,0.0
fixed-bias,39,78.01423744943293,26.891969586901624,4442.753646096717,3481.1628171864973,193.58244609671587,0.0,4349.171200000001,3481.1628171864973,100.0,0.0,0.0,2718.232000000001,0.0,0.0,3481.1628171864973,0.0,0.1340346336364746,0.032120704650878906,0.5,0.0,167951.76627773428,135765.34987027344,59.28000000000005,0.0
fixed-bias,40,74.37527489759269,21.80102026918698,4433.81027185787,3481.1628171864973,175.80227185786967,0.0,4358.008000000001,3481.1628171864973,100.0,0.0,0.0,2723.7549999999997,0.0,0.0,3481.1628171864973,0.0,0.09725451469421387,0.01810908317565918,0.5,0.0,172385.57654959214,139246.51268745994,60.800000000000054,0.0
fixed-bias,41,73.08664293528388,22.597400470580162,4424.645884135638,3481.1628171864973,168.88588413563892,0.0,4355.759999999999,3481.1628171864973,100.0,0.0,0.0,2722.3499999999995,0.0,0.0,3481.1628171864973,0.0,0.10463857650756836,0.01893901824951172,0.5,0.0,176810.2224337278,142727.67550464644,62.32000000000006,0.0
fixed-bias,42,77.52909227231953,20.03173828976841,4431.445354873948,3481.1628171864973,166.84855487394807,0.0,4364.5968,3481.1628171864973,100.0,0.0,0.0,2727.8730000000005,0.0,0.0,3481.1628171864973,0.0,0.1044762134552002,0.021938800811767578,0.5,0.0,181241.66778860174,146208.83832183294,63.84000000000006,0.0
fixed-bias,43,72.7159364493449,18.249691143969706,4425.6523542247605,3481.1628171864973,152.21875422476046,0.0,4373.4336,3481.1628171864973,100.0,0.0,0.0,2733.396,0.0,0.0,3481.1628171864973,0.0,0.1104729175567627,0.024540424346923828,0.5,0.0,185667.3201428265,149690.00113901944,65.36000000000006,0.0
fixed-bias,44,69.26482972250261,20.280163225806913,3984.411583634948,3481.1628171864973,141.9003836349468,0.0,3942.5112000000013,3481.1628171864973,100.0,0.0,0.0,2464.0695000000005,0.0,0.0,3481.1628171864973,0.0,0.11463356018066406,0.021043777465820312,0.5,0.0,189651.73172646144,153171.16395620594,66.88000000000005,0.0
fixed-bias,45,69.51270231332946,23.193321244799492,4002.23214232783,3481.1628171864973,151.76782232782926,0.0,3950.464320000001,3481.1628171864973,100.0,0.0,0.0,2469.0402,0.0,0.0,3481.1628171864973,0.0,0.09231758117675781,0.02700185775756836,0.5,0.0,193653.96386878926,156652.32677339244,68.40000000000005,0.0
fixed-bias,46,75.90164725314445,22.09088543726733,4426.032380280177,3481.1628171864973,157.64838028017567,0.0,4368.384000000001,3481.1628171864973,100.0,0.0,0.0,2730.2400000000007,0.0,0.0,3481.1628171864973,0.0,0.16122770309448242,0.020193815231323242,0.5,0.0,198079.99624906943,160133.48959057895,69.92000000000004,0.0
fixed-bias,47,74.23952435413854,22.5146155849436,4439.63955879681,3481.1628171864973,162.41875879680975,0.0,4377.2208,3481.1628171864973,100.0,0.0,0.0,2735.763,0.0,0.0,3481.1628171864973,0.0,0.1101679801940918,0.02921605110168457,0.5,0.0,202519.63580786623,163614.65240776545,71.44000000000004,0.0
fixed-bias,48,76.58206955392593,21.67741093378266,4408.704156971876,3481.1628171864973,172.15695697187576,0.0,4336.5472,3481.1628171864973,100.0,0.0,0.0,2710.3419999999996,0.0,0.0,3481.1628171864973,0.0,0.11292028427124023,0.02874898910522461,0.5,0.0,206928.33996483812,167095.81522495195,72.96000000000004,0.0
fixed-bias,49,71.09059662312639,24.119963025893714,4414.412038558996,3481.1628171864973,170.73043855899633,0.0,4343.6816,3481.1628171864973,100.0,0.0,0.0,2714.8009999999995,0.0,0.0,3481.1628171864973,0.0,0.1118171215057373,0.030998945236206055,0.5,0.0,211342.75200339712,170576.97804213845,74.48000000000003,0.0
fixed-bias,50,73.9395542371823,22.16245150500325,4426.264891275275,3481.1628171864973,172.04409127527447,0.0,4354.2208,3481.1628171864973,100.0,0.0,0.0,2721.3880000000004,0.0,0.0,3481.1628171864973,0.0,0.11356496810913086,0.02665400505065918,0.5,0.0,215769.0168946724,174058.14085932495,76.00000000000003,0.0
fixed-bias,51,63.755396401225774,21.522120325535244,3980.4966739267065,3481.1628171864973,155.27699392670533,0.0,3925.219680000001,3481.1628171864973,100.0,0.0,0.0,2453.2623000000012,0.0,0.0,3481.1628171864973,0.0,0.12527799606323242,0.029629230499267578,0.5,0.0,219749.5135685991,177539.30367651145,77.52000000000002,0.0
fixed-bias,52,64.28181342087605,22.696410622417417,3991.2880468604303,3481.1628171864973,158.1152468604296,0.0,3933.1728000000007,3481.1628171864973,100.0,0.0,0.0,2458.2329999999997,0.0,0.0,3481.1628171864973,0.0,0.10538649559020996,0.03303885459899902,0.5,0.0,223740.80161545952,181020.46649369795,79.04000000000002,0.0
fixed-bias,53,71.04117573884541,24.46719986841848,4423.364958748326,3481.1628171864973,154.98095874832487,0.0,4368.384000000001,3481.1628171864973,100.0,0.0,0.0,2730.2400000000007,0.0,0.0,3481.1628171864973,0.0,0.12283539772033691,0.03312277793884277,0.5,0.0,228164.16657420786,184501.62931088445,80.56000000000002,0.0
fixed-bias,54,69.44477701234001,22.232348002433984,4428.410612378535,3481.1628171864973,152.89221237853494,0.0,4375.5184,3481.1628171864973,100.0,0.0,0.0,2734.699,0.0,0.0,3481.1628171864973,0.0,0.10935354232788086,0.02022695541381836,0.5,0.0,232592.5771865864,187982.79212807096,82.08000000000001,0.0
fixed-bias,55,71.84536135709374,21.70627799095501,4407.1071598565895,3481.1628171864973,151.34715985659034,0.0,4355.759999999999,3481.1628171864973,100.0,0.0,0.0,2722.3499999999995,0.0,0.0,3481.1628171864973,0.0,0.09749031066894531,0.030714035034179688,0.5,0.0,236999.68434644298,191463.95494525746,83.60000000000001,0.0
fixed-bias,56,71.27336299891819,24.95055733285317,4433.670289853056,3481.1628171864973,170.77588985305584,0.0,4362.8944,3481.1628171864973,100.0,0.0,0.0,2726.8089999999993,0.0,0.0,3481.1628171864973,0.0,0.10606622695922852,0.023999691009521484,0.5,0.0,241433.35463629605,194945.11776244396,85.12,0.0
fixed-bias,57,70.05178991127536,23.20889173777168,4425.791858954123,3481.1628171864973,152.35825895412307,0.0,4373.4336,3481.1628171864973,100.0,0.0,0.0,2733.396,0.0,0.0,3481.1628171864973,0.0,0.12161946296691895,0.03296923637390137,0.5,0.0,245859.14649525017,198426.28057963046,86.64,0.0
fixed-bias,58,62.44732074350557,21.178799008191984,3982.57684118132,3481.1628171864973,138.53348118131862,0.0,3944.0433600000015,3481.1628171864973,100.0,0.0,0.0,2465.027100000001,0.0,0.0,3481.1628171864973,0.0,0.11944389343261719,0.03162193298339844,0.5,0.0,249841.7233364315,201907.44339681696,88.16,0.0
fixed-bias,59,64.38902929786,18.825309288956277,3977.4876730946685,3481.1628171864973,142.7827130946676,0.0,3934.704960000001,3481.1628171864973,100.0,0.0,0.0,2459.1906000000004,0.0,0.0,3481.1628171864973,0.0,0.11171412467956543,0.02511000633239746,0.5,0.0,253819.21100952616,205388.60621400346,89.67999999999999,0.0
fixed-bias,60,65.40638309779442,24.067124508893922,4417.646425483845,3481.1628171864973,166.77282548384386,0.0,4350.873600000001,3481.1628171864973,100.0,0.0,0.0,2719.2960000000007,0.0,0.0,3481.1628171864973,0.0,0.10095834732055664,0.02326059341430664,0.5,0.0,258236.85743501,208869.76903118996,91.19999999999999,0.0
fixed-bias,61,68.063645224713,19.91036216054047,4412.435337591937,3481.1628171864973,152.72493759193716,0.0,4359.7104,3481.1628171864973,100.0,0.0,0.0,2724.819,0.0,0.0,3481.1628171864973,0.0,0.10677433013916016,0.02562880516052246,0.5,0.0,262649.29277260194,212350.93184837647,92.71999999999998,0.0
fixed-bias,62,69.01342000636863,24.005533598879154,4407.218637508362,3481.1628171864973,170.67143750836166,0.0,4336.5472,3481.1628171864973,100.0,0.0,0.0,2710.3419999999996,0.0,0.0,3481.1628171864973,0.0,0.1103200912475586,0.02599477767944336,0.5,0.0,267056.5114101103,215832.09466556297,94.23999999999998,0.0
fixed-bias,63,68.02294997720396,23.40484375621865,4411.667829088767,3481.1628171864973,167.98622908876683,0.0,4343.6816,3481.1628171864973,100.0,0.0,0.0,2714.8009999999995,0.0,0.0,3481.1628171864973,0.0,0.11201047897338867,0.02364349365234375,0.5,0.0,271468.17923919903,219313.25748274947,95.75999999999998,0.0
fixed-bias,64,66.02231015891157,24.89119038924703,4431.9185531527255,3481.1628171864973,158.48495315272515,0.0,4373.4336,3481.1628171864973,100.0,0.0,0.0,2733.396,0.0,0.0,3481.1628171864973,0.0,0.10841226577758789,0.0411374568939209,0.5,0.0,275900.09779235173,222794.42029993597,97.27999999999997,0.0
fixed-bias,65,62.938945943814396,22.233144425912847,3982.484521094578,3481.1628171864973,139.97332109457702,0.0,3942.5112000000013,3481.1628171864973,100.0,0.0,0.0,2464.0695000000005,0.0,0.0,3481.1628171864973,0.0,0.1094980239868164,0.030666828155517578,0.5,0.0,279882.5823134463,226275.58311712247,98.79999999999997,0.0
fixed-bias,66,60.31213214309662,21.465166791040055,3991.143200119425,3481.1628171864973,154.90608011942405,0.0,3936.2371200000007,3481.1628171864973,100.0,0.0,0.0,2460.1482,0.0,0.0,3481.1628171864973,0.0,0.10928940773010254,0.03206014633178711,0.5,0.0,283873.72551356576,229756.74593430897,100.31999999999996,0.0
fixed-bias,67,65.77484510939998,22.445162648946045,4405.540687701755,3481.1628171864973,152.96468770175355,0.0,4352.576000000001,3481.1628171864973,100.0,0.0,0.0,2720.3600000000006,0.0,0.0,3481.1628171864973,0.0,0.12804341316223145,0.025537490844726562,0.5,0.0,288279.26620126754,233237.90875149547,101.83999999999996,0.0
fixed-bias,68,67.10954927507268,21.693751947045982,4423.8140753484395,3481.1628171864973,169.2108753484393,0.0,4354.6032000000005,3481.1628171864973,100.0,0.0,0.0,2721.627,0.0,0.0,3481.1628171864973,0.0,0.11460280418395996,0.01609492301940918,0.5,0.0,292703.080276616,236719.07156868197,103.35999999999996,0.0
fixed-bias,69,64.06529014238073,21.988337052490582,4385.310887246173,3481.1628171864973,152.1684872461724,0.0,4333.1424,3481.1628171864973,100.0,0.0,0.0,2708.2139999999995,0.0,0.0,3481.1628171864973,0.0,0.09934759140014648,0.03310441970825195,0.5,0.0,297088.39116386214,240200.23438586848,104.87999999999995,0.0
fixed-bias,70,66.31330141728326,22.87025498453884,4408.526604760063,3481.1628171864973,145.63220476006228,0.0,4362.8944,3481.1628171864973,100.0,0.0,0.0,2726.8089999999993,0.0,0.0,3481.1628171864973,0.0,0.09771251678466797,0.02375173568725586,0.5,0.0,301496.9177686222,243681.39720305498,106.39999999999995,0.0
fixed-bias,71,67.2174341679452,19.82075507354983,4406.31110976605,3481.1628171864973,136.2823097660502,0.0,4370.0288,3481.1628171864973,100.0,0.0,0.0,2731.2680000000005,0.0,0.0,3481.1628171864973,0.0,0.11351418495178223,0.023791074752807617,0.5,0.0,305903.2288783883,247162.56002024148,107.91999999999994,0.0
fixed-bias,72,58.16194922361857,19.955626252156197,3986.570386035235,3481.1628171864973,161.35070603523397,0.0,3925.219680000001,3481.1628171864973,100.0,0.0,0.0,2453.2623000000012,0.0,0.0,3481.1628171864973,0.0,0.11250114440917969,0.016005992889404297,0.5,0.0,309889.79926442355,250643.72283742798,109.43999999999994,0.0
fixed-bias,73,55.062300670365424,21.25843907517822,3973.722470967725,3481.1628171864973,123.2581509677239,0.0,3950.464320000001,3481.1628171864973,100.0,0.0,0.0,2469.0402,0.0,0.0,3481.1628171864973,0.0,0.09742450714111328,0.02285027503967285,0.5,0.0,313863.5217353913,254124.88565461448,110.95999999999994,0.0
fixed-bias,74,64.48514502937071,23.121770037214326,4404.931216966756,3481.1628171864973,154.05761696675538,0.0,4350.873600000001,3481.1628171864973,100.0,0.0,0.0,2719.2960000000007,0.0,0.0,3481.1628171864973,0.0,0.1033635139465332,0.02184319496154785,0.5,0.0,318268.45295235806,257606.04847180098,112.47999999999993,0.0
fixed-bias,75,63.71693699619069,20.161137171281872,4423.917018341283,3481.1628171864973,146.6962183412834,0.0,4377.2208,3481.1628171864973,100.0,0.0,0.0,2735.763,0.0,0.0,3481.1628171864973,0.0,0.11699366569519043,0.024070262908935547,0.5,0.0,322692.36997069936,261087.21128898748,113.99999999999993,0.0
fixed-bias,76,63.51638972813557,21.708189730232622,4387.327842776883,3481.1628171864973,149.07824277688226,0.0,4338.2496,3481.1628171864973,100.0,0.0,0.0,2711.4059999999995,0.0,0.0,3481.1628171864973,0.0,0.11356949806213379,0.03265881538391113,0.5,0.0,327079.69781347626,264568.374106174,115.51999999999992,0.0
fixed-bias,77,60.61197806109228,22.225340118528493,4400.332145333585,3481.1628171864973,139.14014533358431,0.0,4361.192,3481.1628171864973,100.0,0.0,0.0,2725.745,0.0,0.0,3481.1628171864973,0.0,0.11390566825866699,0.031742095947265625,0.5,0.0,331480.02995880984,268049.5369233605,117.03999999999992,0.0
fixed-bias,78,64.5585908360077,25.661627247224295,4425.057294515452,3481.1628171864973,155.0284945154516,0.0,4370.0288,3481.1628171864973,100.0,0.0,0.0,2731.2680000000005,0.0,0.0,3481.1628171864973,0.0,0.10555744171142578,0.030150890350341797,0.5,0.0,335905.08725332527,271530.699740547,118.55999999999992,0.0
fixed-bias,79,55.91879099028677,20.70246656196347,3971.4948360378967,3481.1628171864973,127.45147603789502,0.0,3944.0433600000015,3481.1628171864973,100.0,0.0,0.0,2465.027100000001,0.0,0.0,3481.1628171864973,0.0,0.1215207576751709,0.02700066566467285,0.5,0.0,339876.5820893632,275011.8625577335,120.07999999999991,0.0
fixed-bias,80,53.59622975902753,22.13180284560607,3972.7165732667468,3481.1628171864973,120.720093266746,0.0,3951.9964800000007,3481.1628171864973,100.0,0.0,0.0,2469.9977999999996,0.0,0.0,3481.1628171864973,0.0,0.10841083526611328,0.03003835678100586,0.5,0.0,343849.2986626299,278493.02537492,121.59999999999991,0.0
fixed-bias,81,58.978915413409766,21.21855728164276,4390.4082273607355,3481.1628171864973,123.7266273607346,0.0,4366.681600000001,3481.1628171864973,100.0,0.0,0.0,2729.1760000000004,0.0,0.0,3481.1628171864973,0.0,0.12829089164733887,0.01763296127319336,0.5,0.0,348239.70688999066,281974.1881921065,123.1199999999999,0.0
fixed-bias,82,58.437271008625736,21.07338366419708,4403.9571484869775,3481.1628171864973,144.24674848697748,0.0,4359.7104,3481.1628171864973,100.0,0.0,0.0,2724.819,0.0,0.0,3481.1628171864973,0.0,0.11746335029602051,0.03310871124267578,0.5,0.0,352643.66403847764,285455.351009293,124.6399999999999,0.0
fixed-bias,83,62.14461809897603,25.177474658997905,4401.8458458983105,3481.1628171864973,149.4906458983105,0.0,4352.3552,3481.1628171864973,100.0,0.0,0.0,2720.2219999999993,0.0,0.0,3481.1628171864973,0.0,0.10946464538574219,0.02686762809753418,0.5,0.0,357045.50988437596,288936.5138264795,126.1599999999999,0.0
fixed-bias,84,62.22046488779629,23.09744081791274,4399.089466859275,3481.1628171864973,136.1950668592747,0.0,4362.8944,3481.1628171864973,100.0,0.0,0.0,2726.8089999999993,0.0,0.0,3481.1628171864973,0.0,0.09777975082397461,0.014354944229125977,0.5,0.0,361444.59935123526,292417.676643666,127.6799999999999,0.0
fixed-bias,85,59.660714619294026,24.33958557165145,4407.043091285369,3481.1628171864973,154.52469128536862,0.0,4352.5184,3481.1628171864973,100.0,0.0,0.0,2720.3240000000005,0.0,0.0,3481.1628171864973,0.0,0.09772515296936035,0.038102149963378906,0.5,0.0,365851.64244252065,295898.8394608525,129.1999999999999,0.0
fixed-bias,86,56.574924098125685,18.55812961047008,3979.227069210333,3481.1628171864973,135.18370921033156,0.0,3944.0433600000015,3481.1628171864973,100.0,0.0,0.0,2465.027100000001,0.0,0.0,3481.1628171864973,0.0,0.12865972518920898,0.03076028823852539,0.5,0.0,369830.86951173097,299380.002278039,130.7199999999999,0.0
fixed-bias,87,53.59190945695809,19.99580201335803,3969.462735952289,3481.1628171864973,117.46625595228846,0.0,3951.9964800000007,3481.1628171864973,100.0,0.0,0.0,2469.9977999999996,0.0,0.0,3481.1628171864973,0.0,0.09689164161682129,0.03262019157409668,0.5,0.0,373800.33224768325,302861.1650952255,132.23999999999992,0.0
fixed-bias,88,60.04684230407816,22.953308354569437,4396.024773076648,3481.1628171864973,127.6407730766472,0.0,4368.384000000001,3481.1628171864973,100.0,0.0,0.0,2730.2400000000007,0.0,0.0,3481.1628171864973,0.0,0.13743329048156738,0.025967836380004883,0.5,0.0,378196.3570207599,306342.327912412,133.75999999999993,0.0
fixed-bias,89,60.14195686276033,24.29566299336134,4410.845947112818,3481.1628171864973,154.54034711281804,0.0,4356.3056,3481.1628171864973,100.0,0.0,0.0,2722.6910000000003,0.0,0.0,3481.1628171864973,0.0,0.10791754722595215,0.0431063175201416,0.5,0.0,382607.2029678727,309823.4907295985,135.27999999999994,0.0
fixed-bias,90,61.35026660835263,23.245678851953112,4392.430491041851,3481.1628171864973,138.37289104185203,0.0,4354.057599999999,3481.1628171864973,100.0,0.0,0.0,2721.2859999999996,0.0,0.0,3481.1628171864973,0.0,0.1127021312713623,0.032877206802368164,0.5,0.0,386999.6334589146,313304.653546785,136.79999999999995,0.0
fixed-bias,91,59.8737660921748,20.856730187786074,4395.010897441692,3481.1628171864973,132.11649744169193,0.0,4362.8944,3481.1628171864973,100.0,0.0,0.0,2726.8089999999993,0.0,0.0,3481.1628171864973,0.0,0.10347938537597656,0.023993492126464844,0.5,0.0,391394.6443563563,316785.8163639715,138.31999999999996,0.0
fixed-bias,92,58.994710139004816,21.28998201776202,4404.861451910466,3481.1628171864973,131.42785191046545,0.0,4373.4336,3481.1628171864973,100.0,0.0,0.0,2733.396,0.0,0.0,3481.1628171864973,0.0,0.09461593627929688,0.019889116287231445,0.5,0.0,395799.50580826675,320266.979181158,139.83999999999997,0.0
fixed-bias,93,53.63280233752471,18.894109406430882,3955.204669276645,3481.1628171864973,112.69346927664365,0.0,3942.5112000000013,3481.1628171864973,100.0,0.0,0.0,2464.0695000000005,0.0,0.0,3481.1628171864973,0.0,0.10077834129333496,0.03763127326965332,0.5,0.0,399754.7104775434,323748.1419983445,141.35999999999999,0.0
fixed-bias,94,51.70400100311114,22.443635858732016,3980.9460135503905,3481.1628171864973,132.01385355038974,0.0,3948.9321600000007,3481.1628171864973,100.0,0.0,0.0,2468.0826,0.0,0.0,3481.1628171864973,0.0,0.09674692153930664,0.033751726150512695,0.5,0.0,403735.6564910938,327229.304815531,142.88,0.0
fixed-bias,95,56.632244685914934,22.852851933501228,4396.835530051446,3481.1628171864973,128.45153005144493,0.0,4368.384000000001,3481.1628171864973,100.0,0.0,0.0,2730.2400000000007,0.0,0.0,3481.1628171864973,0.0,0.16042566299438477,0.032724857330322266,0.5,0.0,408132.49202114524,330710.4676327175,144.4,0.0
fixed-bias,96,59.020531983189386,23.81214442054662,4425.98573193756,3481.1628171864973,167.97773193755918,0.0,4358.008000000001,3481.1628171864973,100.0,0.0,0.0,2723.7549999999997,0.0,0.0,3481.1628171864973,0.0,0.10529255867004395,0.03411293029785156,0.5,0.0,412558.4777530828,334191.630449904,145.92000000000002,0.0
fixed-bias,97,58.22451609719612,19.542709990314965,4387.564413742163,3481.1628171864973,131.80441374216431,0.0,4355.759999999999,3481.1628171864973,100.0,0.0,0.0,2722.3499999999995,0.0,0.0,3481.1628171864973,0.0,0.10728621482849121,0.0248568058013916,0.5,0.0,416946.042166825,337672.7932670905,147.44000000000003,0.0
fixed-bias,98,57.444674521712564,20.477262446391663,4398.777573500212,3481.1628171864973,135.88317350021237,0.0,4362.8944,3481.1628171864973,100.0,0.0,0.0,2726.8089999999993,0.0,0.0,3481.1628171864973,0.0,0.09754800796508789,0.030709028244018555,0.5,0.0,421344.8197403252,341153.956084277,148.96000000000004,0.0
fixed-bias,99,54.98482231484365,22.153209052684726,4397.000420267687,3481.1628171864973,144.48202026768737,0.0,4352.5184,3481.1628171864973,100.0,0.0,0.0,2720.3240000000005,0.0,0.0,3481.1628171864973,0.0,0.09316611289978027,0.02410435676574707,0.5,0.0,425741.8201605929,344635.1189014635,150.48000000000005,0.0
fixed-bias,100,52.91454745711434,19.3106729000628,3975.5955955248087,3481.1628171864973,133.08439552480752,0.0,3942.5112000000013,3481.1628171864973,100.0,0.0,0.0,2464.0695000000005,0.0,0.0,3481.1628171864973,0.0,0.11780929565429688,0.029276371002197266,0.5,0.0,429717.4157561177,348116.28171865,152.00000000000006,0.0
fixed-bias,101,49.933749474122145,19.876365489589876,3966.424496692429,3481.1628171864973,114.42801669242826,0.0,3951.9964800000007,3481.1628171864973,100.0,0.0,0.0,2469.9977999999996,0.0,0.0,3481.1628171864973,0.0,0.09655117988586426,0.019234657287597656,0.5,0.0,433683.84025281016,351597.4445358365,153.52000000000007,0.0
fixed-bias,102,55.07193535586938,21.741245238697864,4390.405096646095,3481.1628171864973,122.02109664609482,0.0,4368.384000000001,3481.1628171864973,100.0,0.0,0.0,2730.2400000000007,0.0,0.0,3481.1628171864973,0.0,0.11013627052307129,0.029113292694091797,0.5,0.0,438074.24534945627,355078.607353023,155.04000000000008,0.0
fixed-bias,103,53.573188138268456,24.698300518241656,4401.307032734871,3481.1628171864973,127.49103273487165,0.0,4373.816,3481.1628171864973,100.0,0.0,0.0,2733.635,0.0,0.0,3481.1628171864973,0.0,0.09534764289855957,0.0317537784576416,0.5,0.0,442475.5523821911,358559.7701702095,156.5600000000001,0.0
fixed-bias,104,54.654275043576,23.121358537689364,4390.578951758453,3481.1628171864973,134.81895175845315,0.0,4355.759999999999,3481.1628171864973,100.0,0.0,0.0,2722.3499999999995,0.0,0.0,3481.1628171864973,0.0,0.10796999931335449,0.02909088134765625,0.5,0.0,446866.13133394957,362040.932987396,158.0800000000001,0.0
fixed-bias,105,56.68855799815143,22.58014409922162,4409.636941417892,3481.1628171864973,146.74254141789174,0.0,4362.8944,3481.1628171864973,100.0,0.0,0.0,2726.8089999999993,0.0,0.0,3481.1628171864973,0.0,0.11054515838623047,0.026001930236816406,0.5,0.0,451275.76827536745,365522.0958045825,159.6000000000001,0.0
fixed-bias,106,55.49911127276505,21.46111047814788,4400.85512093677,3481.1628171864973,150.03912093677016,0.0,4350.816,3481.1628171864973,100.0,0.0,0.0,2719.26,0.0,0.0,3481.1628171864973,0.0,0.10848093032836914,0.01661849021911621,0.5,0.0,455676.6233963042,369003.258621769,161.12000000000012,0.0
fixed-bias,107,50.45195242807839,19.95580473937459,3955.1717726443107,3481.1628171864973,129.95209264430954,0.0,3925.219680000001,3481.1628171864973,100.0,0.0,0.0,2453.2623000000012,0.0,0.0,3481.1628171864973,0.0,0.11359024047851562,0.03089284896850586,0.5,0.0,459631.79516894853,372484.4214389555,162.64000000000013,0.0
fixed-bias,108,50.20047809344135,19.588835576657292,3953.038827129176,3481.1628171864973,119.86602712917528,0.0,3933.1728000000007,3481.1628171864973,100.0,0.0,0.0,2458.2329999999997,0.0,0.0,3481.1628171864973,0.0,0.09393715858459473,0.026062488555908203,0.5,0.0,463584.8339960777,375965.584256142,164.16000000000014,0.0
fixed-bias,109,55.78672617513312,19.19665592324132,4378.520834262283,3481.1628171864973,110.13683426228152,0.0,4368.384000000001,3481.1628171864973,100.0,0.0,0.0,2730.2400000000007,0.0,0.0,3481.1628171864973,0.0,0.10265827178955078,0.026192665100097656,0.5,0.0,467963.35483034,379446.74707332853,165.68000000000015,0.0
fixed-bias,110,53.78060159181181,21.27533029051775,4392.173387559806,3481.1628171864973,114.95258755980527,0.0,4377.2208,3481.1628171864973,100.0,0.0,0.0,2735.763,0.0,0.0,3481.1628171864973,0.0,0.10784459114074707,0.036287546157836914,0.5,0.0,472355.52821789985,382927.90989051503,167.20000000000016,0.0
fixed-bias,111,56.586134313268495,20.788080531412266,4389.8994061518815,3481.1628171864973,151.64980615188148,0.0,4338.2496,3481.1628171864973,100.0,0.0,0.0,2711.4059999999995,0.0,0.0,3481.1628171864973,0.0,0.14653539657592773,0.03886890411376953,0.5,0.0,476745.42762405175,386409.07270770153,168.72000000000017,0.0
fixed-bias,112,56.10645076081829,21.86663043971882,4387.32740052772,3481.1628171864973,143.64580052771953,0.0,4343.6816,3481.1628171864973,100.0,0.0,0.0,2714.8009999999995,0.0,0.0,3481.1628171864973,0.0,0.11379289627075195,0.04610443115234375,0.5,0.0,481132.75502457947,389890.23552488803,170.24000000000018,0.0
fixed-bias,113,56.28930227360954,24.8523395642367,4421.082468766674,3481.1628171864973,170.2664687666736,0.0,4350.816,3481.1628171864973,100.0,0.0,0.0,2719.26,0.0,0.0,3481.1628171864973,0.0,0.11702919006347656,0.033760786056518555,0.5,0.0,485553.83749334613,393371.39834207454,171.7600000000002,0.0
fixed-bias,114,48.38979969340716,19.619012567831305,3946.0063258443793,3481.1628171864973,117.72232584437808,0.0,3928.284000000001,3481.1628171864973,100.0,0.0,0.0,2455.1775000000007,0.0,0.0,3481.1628171864973,0.0,0.12825608253479004,0.026137113571166992,0.5,0.0,489499.8438191905,396852.56115926104,173.2800000000002,0.0
fixed-bias,115,49.96508492343886,24.114287903761255,3975.3426001700795,3481.1628171864973,123.3461201700787,0.0,3951.9964800000007,3481.1628171864973,100.0,0.0,0.0,2469.9977999999996,0.0,0.0,3481.1628171864973,0.0,0.1057436466217041,0.02853536605834961,0.5,0.0,493475.1864193606,400333.72397644754,174.8000000000002,0.0
fixed-bias,116,59.19099261252609,23.11901488799595,4401.323092195747,3481.1628171864973,132.9390921957469,0.0,4368.384000000001,3481.1628171864973,100.0,0.0,0.0,2730.2400000000007,0.0,0.0,3481.1628171864973,0.0,0.11811375617980957,0.03502702713012695,0.5,0.0,497876.5095115563,403814.88679363404,176.32000000000022,0.0
fixed-bias,117,57.0703263394949,22.563224675029094,4399.6897795207915,3481.1628171864973,138.2769795207911,0.0,4361.4128,3481.1628171864973,100.0,0.0,0.0,2725.883,0.0,0.0,3481.1628171864973,0.0,0.10368537902832031,0.03742814064025879,0.5,0.0,502276.1992910771,407296.04961082054,177.84000000000023,0.0
fixed-bias,118,54.55256411642057,24.223810352146653,4379.885966907747,3481.1628171864973,141.6363669077474,0.0,4338.2496,3481.1628171864973,100.0,0.0,0.0,2711.4059999999995,0.0,0.0,3481.1628171864973,0.0,0.09867620468139648,0.029870033264160156,0.5,0.0,506656.0852579848,410777.21242800704,179.36000000000024,0.0
fixed-bias,119,54.98692169913736,20.82383559800744,4390.317925520024,3481.1628171864973,148.33872552002356,0.0,4341.979200000001,3481.1628171864973,100.0,0.0,0.0,2713.737,0.0,0.0,3481.1628171864973,0.0,0.10202598571777344,0.03599715232849121,0.5,0.0,511046.4031835048,414258.37524519354,180.88000000000025,0.0
fixed-bias,120,56.02652143925963,21.932842827502135,4407.3706634959,3481.1628171864973,153.1498634959,0.0,4354.2208,3481.1628171864973,100.0,0.0,0.0,2721.3880000000004,0.0,0.0,3481.1628171864973,0.0,0.10758304595947266,0.022642850875854492,0.5,0.0,515453.77384700073,417739.53806238004,182.40000000000026,0.0
fixed-bias,121,48.800246541746986,22.82773664724308,3961.433993099939,3481.1628171864973,133.1499930999379,0.0,3928.284000000001,3481.1628171864973,100.0,0.0,0.0,2455.1775000000007,0.0,0.0,3481.1628171864973,0.0,0.11425614356994629,0.027101755142211914,0.5,0.0,519415.2078401007,421220.70087956655,183.92000000000027,0.0
fixed-bias,122,47.453963678782365,21.1832792243011,3978.504443908238,3481.1628171864973,128.04012390823718,0.0,3950.464320000001,3481.1628171864973,100.0,0.0,0.0,2469.0402,0.0,0.0,3481.1628171864973,0.0,0.09827256202697754,0.03386878967285156,0.5,0.0,523393.7122840089,424701.86369675305,185.44000000000028,0.0
fixed-bias,123,54.48777040936975,22.48224952721972,4402.020916363413,3481.1628171864973,152.84971636341186,0.0,4349.171200000001,3481.1628171864973,100.0,0.0,0.0,2718.232000000001,0.0,0.0,3481.1628171864973,0.0,0.11254167556762695,0.023048877716064453,0.5,0.0,527795.7332003723,428183.02651393955,186.9600000000003,0.0
fixed-bias,124,53.05430965215286,24.24777651193461,4406.170633383724,3481.1628171864973,146.46023338372382,0.0,4359.7104,3481.1628171864973,100.0,0.0,0.0,2724.819,0.0,0.0,3481.1628171864973,0.0,0.10118532180786133,0.013002395629882812,0.5,0.0,532201.903833756,431664.18933112605,188.4800000000003,0.0
fixed-bias,125,54.97065167074279,19.976705715055893,4378.217042874242,3481.1628171864973,122.4570428742427,0.0,4355.759999999999,3481.1628171864973,100.0,0.0,0.0,2722.3499999999995,0.0,0.0,3481.1628171864973,0.0,0.10863900184631348,0.02301764488220215,0.5,0.0,536580.1208766302,435145.35214831255,190.0000000000003,0.0
fixed-bias,126,54.6211800617788,23.637213610099796,4408.799076654406,3481.1628171864973,145.90467665440647,0.0,4362.8944,3481.1628171864973,100.0,0.0,0.0,2726.8089999999993,0.0,0.0,3481.1628171864973,0.0,0.1149742603302002,0.03699994087219238,0.5,0.0,540988.9199532846,438626.51496549905,191.52000000000032,0.0
fixed-bias,127,57.26068036701133,22.111529594522082,4405.812584984134,3481.1628171864973,132.37898498413438,0.0,4373.4336,3481.1628171864973,100.0,0.0,0.0,2733.396,0.0,0.0,3481.1628171864973,0.0,0.10055303573608398,0.02923583984375,0.5,0.0,545394.7325382687,442107.67778268555,193.04000000000033,0.0
fixed-bias,128,47.66870372363751,19.276363500771083,3956.5642575592046,3481.1628171864973,114.05305755920348,0.0,3942.5112000000013,3481.1628171864973,100.0,0.0,0.0,2464.0695000000005,0.0,0.0,3481.1628171864973,0.0,0.10940742492675781,0.02781391143798828,0.5,0.0,549351.2967958279,445588.84059987206,194.56000000000034,0.0
fixed-bias,129,50.1923890572099,19.102356145624203,3962.2432929565757,3481.1628171864973,129.07049295657512,0.0,3933.1728000000007,3481.1628171864973,100.0,0.0,0.0,2458.2329999999997,0.0,0.0,3481.1628171864973,0.0,0.09589171409606934,0.021999597549438477,0.5,0.0,553313.5400887845,449070.00341705856,196.08000000000035,0.0
fixed-bias,130,55.0501966815776,22.259755325368154,4393.870265090045,3481.1628171864973,142.99666509004456,0.0,4350.873600000001,3481.1628171864973,100.0,0.0,0.0,2719.2960000000007,0.0,0.0,3481.1628171864973,0.0,0.10920405387878418,0.021116256713867188,0.5,0.0,557707.4103538746,452551.16623424506,197.60000000000036,0.0
fixed-bias,131,55.655531220630856,23.073087324272876,4407.641565696482,3481.1628171864973,147.93116569648222,0.0,4359.7104,3481.1628171864973,100.0,0.0,0.0,2724.819,0.0,0.0,3481.1628171864973,0.0,0.09552431106567383,0.024998188018798828,0.5,0.0,562115.051919571,456032.32905143156,199.12000000000037,0.0
fixed-bias,132,58.142906956666344,23.641738849342403,4393.612030172625,3481.1628171864973,137.85203017262603,0.0,4355.759999999999,3481.1628171864973,100.0,0.0,0.0,2722.3499999999995,0.0,0.0,3481.1628171864973,0.0,0.108367919921875,0.02651381492614746,0.5,0.0,566508.6639497436,459513.49186861806,200.64000000000038,0.0
fixed-bias,133,54.40926838635454,26.017833880729995,4403.896627666068,3481.1628171864973,156.8102276660676,0.0,4347.0864,3481.1628171864973,100.0,0.0,0.0,2716.929,0.0,0.0,3481.1628171864973,0.0,0.09446191787719727,0.018597126007080078,0.5,0.0,570912.5605774097,462994.65468580456,202.1600000000004,0.0
fixed-bias,134,52.69478802752972,24.029746761009548,4396.428608205952,3481.1628171864973,122.9950082059511,0.0,4373.4336,3481.1628171864973,100.0,0.0,0.0,2733.396,0.0,0.0,3481.1628171864973,0.0,0.08739256858825684,0.018113374710083008,0.5,0.0,575308.9891856157,466475.81750299106,203.6800000000004,0.0
fixed-bias,135,50.12110923974577,23.619277964272293,3964.6984728108864,3481.1628171864973,139.47879281088524,0.0,3925.219680000001,3481.1628171864973,100.0,0.0,0.0,2453.2623000000012,0.0,0.0,3481.1628171864973,0.0,0.08889198303222656,0.02505636215209961,0.5,0.0,579273.6876584266,469956.98032017756,205.20000000000041,0.0
fixed-bias,136,49.076017118375184,20.811199985753426,3961.270563029325,3481.1628171864973,125.03344302932423,0.0,3936.2371200000007,3481.1628171864973,100.0,0.0,0.0,2460.1482,0.0,0.0,3481.1628171864973,0.0,0.08670568466186523,0.021927356719970703,0.5,0.0,583234.9582214559,473438.14313736407,206.72000000000043,0.0
fixed-bias,137,55.39032687466073,22.173933387450735,4399.440251445993,3481.1628171864973,148.56665144599222,0.0,4350.873600000001,3481.1628171864973,100.0,0.0,0.0,2719.2960000000007,0.0,0.0,3481.1628171864973,0.0,0.09450149536132812,0.032232046127319336,0.5,0.0,587634.3984729019,476919.30595455057,208.24000000000044,0.0
fixed-bias,138,54.90236726991125,22.951418047622646,4395.570398408274,3481.1628171864973,134.15759840827377,0.0,4361.4128,3481.1628171864973,100.0,0.0,0.0,2725.883,0.0,0.0,3481.1628171864973,0.0,0.10822176933288574,0.021744728088378906,0.5,0.0,592029.9688713101,480400.46877173707,209.76000000000045,0.0
fixed-bias,139,57.475810546719366,25.044232654328013,4385.071430594184,3481.1628171864973,148.5242305941838,0.0,4336.5472,3481.1628171864973,100.0,0.0,0.0,2710.3419999999996,0.0,0.0,3481.1628171864973,0.0,0.12015175819396973,0.02711653709411621,0.5,0.0,596415.0403019043,483881.63158892357,211.28000000000046,0.0
fixed-bias,140,54.09991123676272,22.63930256769185,4398.495549776963,3481.1628171864973,154.8139497769632,0.0,4343.6816,3481.1628171864973,100.0,0.0,0.0,2714.8009999999995,0.0,0.0,3481.1628171864973,0.0,0.09738016128540039,0.03350114822387695,0.5,0.0,600813.5358516813,487362.7944061101,212.80000000000047,0.0
fixed-bias,141,55.65673241237469,21.786394809242474,4401.011519208716,3481.1628171864973,130.98271920871574,0.0,4370.0288,3481.1628171864973,100.0,0.0,0.0,2731.2680000000005,0.0,0.0,3481.1628171864973,0.0,0.10276627540588379,0.025129079818725586,0.5,0.0,605214.5473708899,490843.9572232966,214.32000000000048,0.0
fixed-bias,142,46.87517623180696,17.488068480558866,3971.141804410756,3481.1628171864973,127.09844441075444,0.0,3944.0433600000015,3481.1628171864973,100.0,0.0,0.0,2465.027100000001,0.0,0.0,3481.1628171864973,0.0,0.11558389663696289,0.032129526138305664,0.5,0.0,609185.6891753006,494325.1200404831,215.8400000000005,0.0
fixed-bias,143,49.607366744555556,19.90676094966602,3972.7890031245443,3481.1628171864973,120.79252312454358,0.0,3951.9964800000007,3481.1628171864973,100.0,0.0,0.0,2469.9977999999996,0.0,0.0,3481.1628171864973,0.0,0.08858203887939453,0.02876877784729004,0.5,0.0,613158.4781784252,497806.2828576696,217.3600000000005,0.0
fixed-bias,144,54.82633952012109,24.74436869653214,4405.937306361153,3481.1628171864973,137.55330636115167,0.0,4368.384000000001,3481.1628171864973,100.0,0.0,0.0,2730.2400000000007,0.0,0.0,3481.1628171864973,0.0,0.09470605850219727,0.022795915603637695,0.5,0.0,617564.4154847864,501287.4456748561,218.8800000000005,0.0
fixed-bias,145,57.445335292217685,22.38203502161649,4401.723527745294,3481.1628171864973,124.50272774529408,0.0,4377.2208,3481.1628171864973,100.0,0.0,0.0,2735.763,0.0,0.0,3481.1628171864973,0.0,0.11982154846191406,0.02789592742919922,0.5,0.0,621966.1390125317,504768.6084920426,220.40000000000052,0.0
fixed-bias,146,57.2807396718566,24.437652691867697,4387.913832079187,3481.1628171864973,153.069032079187,0.0,4334.8448,3481.1628171864973,100.0,0.0,0.0,2709.2779999999993,0.0,0.0,3481.1628171864973,0.0,0.12482023239135742,0.02664780616760254,0.5,0.0,626354.0528446109,508249.7713092291,221.92000000000053,0.0
fixed-bias,147,57.42536768690892,21.715656492142788,4401.208045803118,3481.1628171864973,155.82404580311672,0.0,4345.384000000001,3481.1628171864973,100.0,0.0,0.0,2715.865,0.0,0.0,3481.1628171864973,0.0,0.10377955436706543,0.02442789077758789,0.5,0.0,630755.260890414,511730.9341264156,223.44000000000054,0.0
fixed-bias,148,55.87313356925379,24.045761535828685,4414.015597925298,3481.1628171864973,142.2843979252977,0.0,4371.7312,3481.1628171864973,100.0,0.0,0.0,2732.3320000000003,0.0,0.0,3481.1628171864973,0.0,0.11652016639709473,0.025216341018676758,0.5,0.0,635169.2764883393,515212.0969436021,224.96000000000055,0.0
fixed-bias,149,50.1808150596057,18.633384340551064,3955.1774181565934,3481.1628171864973,112.66621815659211,0.0,3942.5112000000013,3481.1628171864973,100.0,0.0,0.0,2464.0695000000005,0.0,0.0,3481.1628171864973,0.0,0.10658860206604004,0.02110767364501953,0.5,0.0,639124.4539064959,518693.2597607886,226.48000000000056,0.0
fixed-bias,150,49.33714952819989,22.4168411965965,3980.403633460544,3481.1628171864973,128.40715346054333,0.0,3951.9964800000007,3481.1628171864973,100.0,0.0,0.0,2469.9977999999996,0.0,0.0,3481.1628171864973,0.0,0.09677410125732422,0.02373361587524414,0.5,0.0,643104.8575399565,522174.4225779751,228.00000000000057,0.0
fixed-bias,151,56.68731772866042,24.27728167143354,4395.867225724244,3481.1628171864973,146.69602572424347,0.0,4349.171200000001,3481.1628171864973,100.0,0.0,0.0,2718.232000000001,0.0,0.0,3481.1628171864973,0.0,0.1286630630493164,0.0357973575592041,0.5,0.0,647500.7247656807,525655.5853951615,229.52000000000058,0.0
fixed-bias,152,58.273506046454344,23.88853372777856,4404.050148061877,3481.1628171864973,142.63734806187722,0.0,4361.4128,3481.1628171864973,100.0,0.0,0.0,2725.883,0.0,0.0,3481.1628171864973,0.0,0.09374070167541504,0.027041912078857422,0.5,0.0,651904.7749137426,529136.748212348,231.0400000000006,0.0
fixed-bias,153,59.155911828027946,23.204184724703445,4396.32112913043,3481.1628171864973,140.56112913043032,0.0,4355.759999999999,3481.1628171864973,100.0,0.0,0.0,2722.3499999999995,0.0,0.0,3481.1628171864973,0.0,0.12151384353637695,0.027008771896362305,0.5,0.0,656301.096042873,532617.9110295344,232.5600000000006,0.0
fixed-bias,154,59.01824212622245,22.192795759075228,4400.554600557831,3481.1628171864973,137.66020055783068,0.0,4362.8944,3481.1628171864973,100.0,0.0,0.0,2726.8089999999993,0.0,0.0,3481.1628171864973,0.0,0.10816645622253418,0.0275576114654541,0.5,0.0,660701.6506434308,536099.0738467209,234.0800000000006,0.0
fixed-bias,155,57.2847582548535,24.4542266400804,4421.762551250961,3481.1628171864973,148.3289512509613,0.0,4373.4336,3481.1628171864973,100.0,0.0,0.0,2733.396,0.0,0.0,3481.1628171864973,0.0,0.12216567993164062,0.02700352668762207,0.5,0.0,665123.4131946818,539580.2366639073,235.60000000000062,0.0
fixed-bias,156,54.037465295888126,22.767899444533818,3985.085896344351,3481.1628171864973,141.0425363443498,0.0,3944.0433600000015,3481.1628171864973,100.0,0.0,0.0,2465.027100000001,0.0,0.0,3481.1628171864973,0.0,0.11846494674682617,0.03501725196838379,0.5,0.0,669108.4990910261,543061.3994810937,237.12000000000063,0.0
fixed-bias,157,51.16236397647976,22.313877670076575,3969.7269487246026,3481.1628171864973,133.48982872460206,0.0,3936.2371200000007,3481.1628171864973,100.0,0.0,0.0,2460.1482,0.0,0.0,3481.1628171864973,0.0,0.09322905540466309,0.02540302276611328,0.5,0.0,673078.2260397507,546542.5622982802,238.64000000000064,0.0
fixed-bias,158,59.7238401477613,24.40032347181823,4396.133775283522,3481.1628171864973,146.96257528352103,0.0,4349.171200000001,3481.1628171864973,100.0,0.0,0.0,2718.232000000001,0.0,0.0,3481.1628171864973,0.0,0.11452937126159668,0.03120732307434082,0.5,0.0,677474.3598150342,550023.7251154666,240.16000000000065,0.0
fixed-bias,159,62.83053530252685,24.55053667744493,4423.985103095221,3481.1628171864973,169.38190309522108,0.0,4354.6032000000005,3481.1628171864973,100.0,0.0,0.0,2721.627,0.0,0.0,3481.1628171864973,0.0,0.1051478385925293,0.028998374938964844,0.5,0.0,681898.3449181294,553504.8879326531,241.68000000000066,0.0
fixed-bias,160,58.5987893782559,21.927758965055496,4396.717694412381,3481.1628171864973,140.95769441238193,0.0,4355.759999999999,3481.1628171864973,100.0,0.0,0.0,2722.3499999999995,0.0,0.0,3481.1628171864973,0.0,0.1116340160369873,0.019997119903564453,0.5,0.0,686295.0626125417,556986.0507498395,243.20000000000067,0.0
fixed-bias,161,61.75977671687062,24.497043004108868,4406.789861568246,3481.1628171864973,164.810661568245,0.0,4341.979200000001,3481.1628171864973,100.0,0.0,0.0,2713.737,0.0,0.0,3481.1628171864973,0.0,0.12038373947143555,0.03194546699523926,0.5,0.0,690701.85247411,560467.213567026,244.72000000000068,0.0
fixed-bias,162,62.122230450043084,20.803374219214703,4402.67788425799,3481.1628171864973,151.86188425798966,0.0,4350.816,3481.1628171864973,100.0,0.0,0.0,2719.26,0.0,0.0,3481.1628171864973,0.0,0.10476398468017578,0.032103776931762695,0.5,0.0,695104.530358368,563948.3763842124,246.2400000000007,0.0
fixed-bias,163,56.24948888826651,19.443175763820026,3962.99773382972,3481.1628171864973,136.24589382971854,0.0,3926.7518400000013,3481.1628171864973,100.0,0.0,0.0,2454.219900000001,0.0,0.0,3481.1628171864973,0.0,0.10364794731140137,0.014105796813964844,0.5,0.0,699067.5280921977,567429.5392013988,247.7600000000007,0.0
fixed-bias,164,56.87879118480694,22.339126377623476,3984.7707029228077,3481.1628171864973,134.3063829228067,0.0,3950.464320000001,3481.1628171864973,100.0,0.0,0.0,2469.0402,0.0,0.0,3481.1628171864973,0.0,0.1005246639251709,0.023115158081054688,0.5,0.0,703052.2987951206,570910.7020185853,249.2800000000007,0.0
fixed-bias,165,61.219687170570985,21.361518259842573,4397.6580380296,3481.1628171864973,151.89163802959845,0.0,4345.766400000001,3481.1628171864973,100.0,0.0,0.0,2716.1040000000007,0.0,0.0,3481.1628171864973,0.0,0.14228057861328125,0.013002395629882812,0.5,0.0,707449.9568331501,574391.8648357717,250.80000000000072,0.0
fixed-bias,166,61.45049377696767,24.15257853326547,4412.732658112568,3481.1628171864973,153.02225811256818,0.0,4359.7104,3481.1628171864973,100.0,0.0,0.0,2724.819,0.0,0.0,3481.1628171864973,0.0,0.09865283966064453,0.025989294052124023,0.5,0.0,711862.6894912627,577873.0276529582,252.32000000000073,0.0
fixed-bias,167,61.095087016692595,22.070533101313764,4392.946066469056,3481.1628171864973,137.18606646905627,0.0,4355.759999999999,3481.1628171864973,100.0,0.0,0.0,2722.3499999999995,0.0,0.0,3481.1628171864973,0.0,0.10266375541687012,0.02765798568725586,0.5,0.0,716255.6355577317,581354.1904701446,253.84000000000074,0.0
fixed-bias,168,63.120279229465986,21.887574860256564,4394.579515828958,3481.1628171864973,149.1955158289579,0.0,4345.384000000001,3481.1628171864973,100.0,0.0,0.0,2715.865,0.0,0.0,3481.1628171864973,0.0,0.11788558959960938,0.02905416488647461,0.5,0.0,720650.2150735607,584835.3532873311,255.36000000000075,0.0
fixed-bias,169,62.083245668849976,24.161703700222404,4430.807435397358,3481.1628171864973,157.37383539735765,0.0,4373.4336,3481.1628171864973,100.0,0.0,0.0,2733.396,0.0,0.0,3481.1628171864973,0.0,0.1023857593536377,0.022906780242919922,0.5,0.0,725081.0225089581,588316.5161045175,256.88000000000073,0.0
fixed-bias,170,53.71403248739431,19.09422472623007,3970.101738292687,3481.1628171864973,126.05837829268536,0.0,3944.0433600000015,3481.1628171864973,100.0,0.0,0.0,2465.027100000001,0.0,0.0,3481.1628171864973,0.0,0.11412787437438965,0.020017147064208984,0.5,0.0,729051.1242472508,591797.678921704,258.4000000000007,0.0
fixed-bias,171,55.13348153286514,19.396543526400574,3977.9309641528075,3481.1628171864973,125.93448415280679,0.0,3951.9964800000007,3481.1628171864973,100.0,0.0,0.0,2469.9977999999996,0.0,0.0,3481.1628171864973,0.0,0.10683369636535645,0.01188349723815918,0.5,0.0,733029.0552114036,595278.8417388904,259.9200000000007,0.0
fixed-bias,172,65.23109419914344,21.494358946740796,4405.331107697616,3481.1628171864973,138.64950769761532,0.0,4366.681600000001,3481.1628171864973,100.0,0.0,0.0,2729.1760000000004,0.0,0.0,3481.1628171864973,0.0,0.1185903549194336,0.024013996124267578,0.5,0.0,737434.3863191012,598760.0045560768,261.4400000000007,0.0
fixed-bias,173,63.87649764135225,22.79001898103333,4412.8186937357095,3481.1628171864973,153.10829373570985,0.0,4359.7104,3481.1628171864973,100.0,0.0,0.0,2724.819,0.0,0.0,3481.1628171864973,0.0,0.0997159481048584,0.03273177146911621,0.5,0.0,741847.205012837,602241.1673732633,262.96000000000066,0.0
fixed-bias,174,65.8050137334734,21.512821626007423,4389.698875874252,3481.1628171864973,133.9388758742524,0.0,4355.759999999999,3481.1628171864973,100.0,0.0,0.0,2722.3499999999995,0.0,0.0,3481.1628171864973,0.0,0.09768009185791016,0.010118961334228516,0.5,0.0,746236.9038887112,605722.3301904497,264.48000000000064,0.0
fixed-bias,175,63.93778206822773,22.1062178413134,4411.194293732837,3481.1628171864973,148.29989373283675,0.0,4362.8944,3481.1628171864973,100.0,0.0,0.0,2726.8089999999993,0.0,0.0,3481.1628171864973,0.0,0.0988924503326416,0.03162860870361328,0.5,0.0,750648.0981824441,609203.4930076362,266.0000000000006,0.0
fixed-bias,176,62.386669041931036,21.562395111526513,4405.6587687408155,3481.1628171864973,153.14036874081532,0.0,4352.5184,3481.1628171864973,100.0,0.0,0.0,2720.3240000000005,0.0,0.0,3481.1628171864973,0.0,0.20203852653503418,0.03300952911376953,0.5,0.0,755053.756951185,612684.6558248226,267.5200000000006,0.0
fixed-bias,177,58.298417239524305,19.176523121121516,3971.1477343847087,3481.1628171864973,127.1043743847071,0.0,3944.0433600000015,3481.1628171864973,100.0,0.0,0.0,2465.027100000001,0.0,0.0,3481.1628171864973,0.0,0.13088345527648926,0.017660140991210938,0.5,0.0,759024.9046855697,616165.818642009,269.0400000000006,0.0
fixed-bias,178,59.41522926945256,21.06544790619253,3984.0388446964776,3481.1628171864973,132.0423646964768,0.0,3951.9964800000007,3481.1628171864973,100.0,0.0,0.0,2469.9977999999996,0.0,0.0,3481.1628171864973,0.0,0.12404918670654297,0.029834508895874023,0.5,0.0,763008.9435302662,619646.9814591955,270.56000000000057,0.0
fixed-bias,179,66.0296587233803,24.570236950537495,4433.24988843391,3481.1628171864973,182.3762884339098,0.0,4350.873600000001,3481.1628171864973,100.0,0.0,0.0,2719.2960000000007,0.0,0.0,3481.1628171864973,0.0,0.09482955932617188,0.01749444007873535,0.5,0.0,767442.1934187001,623128.1442763819,272.08000000000055,0.0
fixed-bias,180,65.610394469496,23.500836817935195,4413.613270602923,3481.1628171864973,136.3924706029225,0.0,4377.2208,3481.1628171864973,100.0,0.0,0.0,2735.763,0.0,0.0,3481.1628171864973,0.0,0.10866689682006836,0.03056645393371582,0.5,0.0,771855.806689303,626609.3070935684,273.60000000000053,0.0
fixed-bias,181,69.10753657379082,24.84304180565935,4426.8626820675945,3481.1628171864973,171.10268206759494,0.0,4355.759999999999,3481.1628171864973,100.0,0.0,0.0,2722.3499999999995,0.0,0.0,3481.1628171864973,0.0,0.09834551811218262,0.018034934997558594,0.5,0.0,776282.6693713706,630090.4699107548,275.1200000000005,0.0
fixed-bias,182,67.80321109234661,23.045232004530916,4418.210976114586,3481.1628171864973,174.52937611458572,0.0,4343.6816,3481.1628171864973,100.0,0.0,0.0,2714.8009999999995,0.0,0.0,3481.1628171864973,0.0,0.11707520484924316,0.03998923301696777,0.5,0.0,780700.8803474852,633571.6327279413,276.6400000000005,0.0
fixed-bias,183,67.63739347547047,21.56063740979482,4416.552336163361,3481.1628171864973,143.11873616336138,0.0,4373.4336,3481.1628171864973,100.0,0.0,0.0,2733.396,0.0,0.0,3481.1628171864973,0.0,0.09846210479736328,0.01911020278930664,0.5,0.0,785117.4326836485,637052.7955451277,278.1600000000005,0.0
fixed-bias,184,60.90873342515963,23.39393602525782,3983.4552953444972,3481.1628171864973,139.4119353444957,0.0,3944.0433600000015,3481.1628171864973,100.0,0.0,0.0,2465.027100000001,0.0,0.0,3481.1628171864973,0.0,0.10476946830749512,0.02422189712524414,0.5,0.0,789100.887978993,640533.9583623142,279.68000000000046,0.0
fixed-bias,185,64.39650229598227,20.200283503059946,4001.9302833917127,3481.1628171864973,151.46596339171182,0.0,3950.464320000001,3481.1628171864973,100.0,0.0,0.0,2469.0402,0.0,0.0,3481.1628171864973,0.0,0.0946493148803711,0.03484344482421875,0.5,0.0,793102.8182623847,644015.1211795006,281.20000000000044,0.0
fixed-bias,186,72.91439051811676,24.412990720637453,4422.622253298883,3481.1628171864973,173.45105329888273,0.0,4349.171200000001,3481.1628171864973,100.0,0.0,0.0,2718.232000000001,0.0,0.0,3481.1628171864973,0.0,0.13118338584899902,0.024105310440063477,0.5,0.0,797525.4405156836,647496.283996687,282.7200000000004,0.0
fixed-bias,187,71.08677553908332,22.97461524898611,4411.704589833992,3481.1628171864973,151.994189833992,0.0,4359.7104,3481.1628171864973,100.0,0.0,0.0,2724.819,0.0,0.0,3481.1628171864973,0.0,0.09063196182250977,0.03265047073364258,0.5,0.0,801937.1451055176,650977.4468138735,284.2400000000004,0.0
fixed-bias,188,67.1192151031503,21.148690033457047,4408.029087398113,3481.1628171864973,152.26908739811407,0.0,4355.759999999999,3481.1628171864973,100.0,0.0,0.0,2722.3499999999995,0.0,0.0,3481.1628171864973,0.0,0.1703190803527832,0.016970396041870117,0.5,0.0,806345.1741929157,654458.6096310599,285.7600000000004,0.0
fixed-bias,189,70.43912578346031,24.27910692593236,4417.780559759901,3481.1628171864973,174.09895975990065,0.0,4343.6816,3481.1628171864973,100.0,0.0,0.0,2714.8009999999995,0.0,0.0,3481.1628171864973,0.0,0.12610960006713867,0.04006552696228027,0.5,0.0,810762.9547526756,657939.7724482464,287.28000000000037,0.0
fixed-bias,190,67.13854558328812,22.65840195572177,4421.0852170910075,3481.1628171864973,149.35401709100697,0.0,4371.7312,3481.1628171864973,100.0,0.0,0.0,2732.3320000000003,0.0,0.0,3481.1628171864973,0.0,0.1179952621459961,0.03140139579772949,0.5,0.0,815184.0399697666,661420.9352654328,288.80000000000035,0.0
fixed-bias,191,61.089734155337474,20.537169200363834,3971.3859161375217,3481.1628171864973,146.16623613752083,0.0,3925.219680000001,3481.1628171864973,100.0,0.0,0.0,2453.2623000000012,0.0,0.0,3481.1628171864973,0.0,0.12377524375915527,0.023360013961791992,0.5,0.0,819155.4258859041,664902.0980826193,290.32000000000033,0.0
fixed-bias,192,63.662491340690956,21.932551324066242,3991.7776205658015,3481.1628171864973,142.8454605658007,0.0,3948.9321600000007,3481.1628171864973,100.0,0.0,0.0,2468.0826,0.0,0.0,3481.1628171864973,0.0,0.11352086067199707,0.024115800857543945,0.5,0.0,823147.20350647,668383.2608998057,291.8400000000003,0.0
fixed-bias,193,70.27309508983275,24.019005274349087,4416.012862991777,3481.1628171864973,165.13926299177635,0.0,4350.873600000001,3481.1628171864973,100.0,0.0,0.0,2719.2960000000007,0.0,0.0,3481.1628171864973,0.0,0.11568021774291992,0.014002799987792969,0.5,0.0,827563.2163694617,671864.4237169921,293.3600000000003,0.0
fixed-bias,194,70.02827577625989,21.51019714876259,4428.666128815971,3481.1628171864973,153.14772881597136,0.0,4375.5184,3481.1628171864973,100.0,0.0,0.0,2734.699,0.0,0.0,3481.1628171864973,0.0,0.1107335090637207,0.027111291885375977,0.5,0.0,831991.8824982777,675345.5865341786,294.8800000000003,0.0
fixed-bias,195,72.32580441960101,24.31519022182215,4419.264703994977,3481.1628171864973,182.71750399497685,0.0,4336.5472,3481.1628171864973,100.0,0.0,0.0,2710.3419999999996,0.0,0.0,3481.1628171864973,0.0,0.10513615608215332,0.02402353286743164,0.5,0.0,836411.1472022727,678826.749351365,296.40000000000026,0.0
fixed-bias,196,74.26111979640984,19.780798052886336,4422.584732032443,3481.1628171864973,157.987932032443,0.0,4364.5968,3481.1628171864973,100.0,0.0,0.0,2727.8730000000005,0.0,0.0,3481.1628171864973,0.0,0.10965442657470703,0.02509927749633789,0.5,0.0,840833.7319343052,682307.9121685515,297.92000000000024,0.0
fixed-bias,197,71.45095553392356,24.238409799896882,4433.8962158146305,3481.1628171864973,179.67541581463038,0.0,4354.2208,3481.1628171864973,100.0,0.0,0.0,2721.3880000000004,0.0,0.0,3481.1628171864973,0.0,0.11537766456604004,0.026003122329711914,0.5,0.0,845267.6281501198,685789.0749857379,299.4400000000002,0.0
fixed-bias,198,64.96544313941659,18.005468968428023,3973.327444186287,3481.1628171864973,149.63992418628544,0.0,3923.6875200000013,3481.1628171864973,100.0,0.0,0.0,2452.304700000001,0.0,0.0,3481.1628171864973,0.0,0.0952918529510498,0.02998518943786621,0.5,0.0,849240.9555943061,689270.2378029244,300.9600000000002,0.0
fixed-bias,199,66.26418103300598,20.075113841569877,4004.9737896432043,3481.1628171864973,152.9773096432034,0.0,3951.9964800000007,3481.1628171864973,100.0,0.0,0.0,2469.9977999999996,0.0,0.0,3481.1628171864973,0.0,0.09428524971008301,0.02705240249633789,0.5,0.0,853245.9293839493,692751.4006201108,302.4800000000002,0.0
fixed-bias,200,73.86155383057145,23.464294691434056,4423.196202772101,3481.1628171864973,154.8122027720997,0.0,4368.384000000001,3481.1628171864973,100.0,0.0,0.0,2730.2400000000007,0.0,0.0,3481.1628171864973,0.0,0.12758851051330566,0.027999162673950195,0.5,0.0,857669.1255867213,696232.5634372972,304.00000000000017,0.0
fixed-bias,201,75.16702471845572,22.600775897201004,4433.42116686011,3481.1628171864973,156.20036686011042,0.0,4377.2208,3481.1628171864973,100.0,0.0,0.0,2735.763,0.0,0.0,3481.1628171864973,0.0,0.12004637718200684,0.031111717224121094,0.5,0.0,862102.5467535815,699713.7262544837,305.52000000000015,0.0
fixed-bias,202,76.22836388852572,25.58531388822953,4420.43288464582,3481.1628171864973,164.67288464582126,0.0,4355.759999999999,3481.1628171864973,100.0,0.0,0.0,2722.3499999999995,0.0,0.0,3481.1628171864973,0.0,0.11890864372253418,0.023103952407836914,0.5,0.0,866522.9796382273,703194.8890716701,307.04000000000013,0.0
fixed-bias,203,74.33966639714576,22.68157747349098,4422.345569089779,3481.1628171864973,178.6639690897791,0.0,4343.6816,3481.1628171864973,100.0,0.0,0.0,2714.8009999999995,0.0,0.0,3481.1628171864973,0.0,0.1029820442199707,0.0345308780670166,0.5,0.0,870945.325207317,706676.0518888566,308.5600000000001,0.0
fixed-bias,204,75.87820261182219,24.36118331240573,4440.654762266229,3481.1628171864973,189.83876226622965,0.0,4350.816,3481.1628171864973,100.0,0.0,0.0,2719.26,0.0,0.0,3481.1628171864973,0.0,0.11754703521728516,0.026531696319580078,0.5,0.0,875385.9799695832,710157.214706043,310.0800000000001,0.0
fixed-bias,205,69.66710545558354,20.629350756877724,3990.401921492182,3481.1628171864973,149.4228814921807,0.0,3940.979040000001,3481.1628171864973,100.0,0.0,0.0,2463.111900000001,0.0,0.0,3481.1628171864973,0.0,0.11739015579223633,0.026705503463745117,0.5,0.0,879376.3818910754,713638.3775232295,311.6000000000001,0.0
fixed-bias,206,69.47570124616813,20.946778564391515,4004.4383635158747,3481.1628171864973,169.73340351587333,0.0,3934.704960000001,3481.1628171864973,100.0,0.0,0.0,2459.1906000000004,0.0,0.0,3481.1628171864973,0.0,0.11019468307495117,0.024999380111694336,0.5,0.0,883380.8202545913,717119.5403404159,313.12000000000006,0.0
fixed-bias,207,77.12572411695417,22.26948479512534,4431.890396532894,3481.1628171864973,179.3143965328929,0.0,4352.576000000001,3481.1628171864973,100.0,0.0,0.0,2720.3600000000006,0.0,0.0,3481.1628171864973,0.0,0.11326217651367188,0.030213594436645508,0.5,0.0,887812.7106511241,720600.7031576023,314.64000000000004,0.0
fixed-bias,208,76.70671369473838,23.776666991110393,4441.089322569333,3481.1628171864973,179.67652256933206,0.0,4361.4128,3481.1628171864973,100.0,0.0,0.0,2725.883,0.0,0.0,3481.1628171864973,0.0,0.1200098991394043,0.023116588592529297,0.5,0.0,892253.7999736934,724081.8659747888,316.16,0.0
fixed-bias,209,81.80321136307873,23.290265281214126,4432.818190536656,3481.1628171864973,177.05819053665687,0.0,4355.759999999999,3481.1628171864973,100.0,0.0,0.0,2722.3499999999995,0.0,0.0,3481.1628171864973,0.0,0.18389463424682617,0.021680593490600586,0.5,0.0,896686.6181642301,727563.0287919752,317.68,0.0
fixed-bias,210,78.6036606354538,25.064270704086745,4439.315440682607,3481.1628171864973,195.6338406826067,0.0,4343.6816,3481.1628171864973,100.0,0.0,0.0,2714.8009999999995,0.0,0.0,3481.1628171864973,0.0,0.13649606704711914,0.029876708984375,0.5,0.0,901125.9336049127,731044.1916091617,319.2,0.0
fixed-bias,211,80.49998203503635,18.933623907873827,4433.508035931547,3481.1628171864973,160.07443593154653,0.0,4373.4336,3481.1628171864973,100.0,0.0,0.0,2733.396,0.0,0.0,3481.1628171864973,0.0,0.11771440505981445,0.030004501342773438,0.5,0.0,905559.4416408442,734525.3544263481,320.71999999999997,0.0
fixed-bias,212,71.16707104317659,17.037203111271484,3992.446038777148,3481.1628171864973,148.40267877714643,0.0,3944.0433600000015,3481.1628171864973,100.0,0.0,0.0,2465.027100000001,0.0,0.0,3481.1628171864973,0.0,0.12052440643310547,0.019023656845092773,0.5,0.0,909551.8876796213,738006.5172435346,322.23999999999995,0.0
fixed-bias,213,69.75134630215267,22.129738399557635,4004.2095816302253,3481.1628171864973,152.2131016302246,0.0,3951.9964800000007,3481.1628171864973,100.0,0.0,0.0,2469.9977999999996,0.0,0.0,3481.1628171864973,0.0,0.10375571250915527,0.030642986297607422,0.5,0.0,913556.0972612515,741487.680060721,323.75999999999993,0.0
fixed-bias,214,78.94647962245057,22.735818821903937,4431.220875258853,3481.1628171864973,182.04967525885206,0.0,4349.171200000001,3481.1628171864973,100.0,0.0,0.0,2718.232000000001,0.0,0.0,3481.1628171864973,0.0,0.11658000946044922,0.02401423454284668,0.5,0.0,917987.3181365104,744968.8428779074,325.2799999999999,0.0
fixed-bias,215,79.69218979253121,24.853549999437558,4452.122168533413,3481.1628171864973,174.90136853341264,0.0,4377.2208,3481.1628171864973,100.0,0.0,0.0,2735.763,0.0,0.0,3481.1628171864973,0.0,0.1086726188659668,0.029063940048217773,0.5,0.0,922439.4403050438,748450.0056950939,326.7999999999999,0.0
fixed-bias,216,80.68526400750473,20.873818116458107,4438.142747286266,3481.1628171864973,182.38274728626664,0.0,4355.759999999999,3481.1628171864973,100.0,0.0,0.0,2722.3499999999995,0.0,0.0,3481.1628171864973,0.0,0.11539530754089355,0.03099989891052246,0.5,0.0,926877.5830523301,751931.1685122803,328.3199999999999,0.0
fixed-bias,217,79.33466149503745,22.534710003184745,4436.254712601341,3481.1628171864973,171.65791260134154,0.0,4364.5968,3481.1628171864973,100.0,0.0,0.0,2727.8730000000005,0.0,0.0,3481.1628171864973,0.0,0.11744356155395508,0.026536941528320312,0.5,0.0,931313.8377649314,755412.3313294668,329.83999999999986,0.0
fixed-bias,218,80.25261145838502,24.711053474938414,4448.307322978893,3481.1628171864973,197.49132297889312,0.0,4350.816,3481.1628171864973,100.0,0.0,0.0,2719.26,0.0,0.0,3481.1628171864973,0.0,0.11400771141052246,0.018988847732543945,0.5,0.0,935762.1450879102,758893.4941466532,331.35999999999984,0.0
fixed-bias,219,72.52409420616554,21.334799077247645,4001.48808160315,3481.1628171864973,157.44472160314882,0.0,3944.0433600000015,3481.1628171864973,100.0,0.0,0.0,2465.027100000001,0.0,0.0,3481.1628171864973,0.0,0.11277484893798828,0.026014089584350586,0.5,0.0,939763.6331695134,762374.6569638397,332.8799999999998,0.0
fixed-bias,220,73.18503352887042,22.38643120524184,4014.5415480466363,3481.1628171864973,162.54506804663558,0.0,3951.9964800000007,3481.1628171864973,100.0,0.0,0.0,2469.9977999999996,0.0,0.0,3481.1628171864973,0.0,0.09643697738647461,0.021538496017456055,0.5,0.0,943778.1747175601,765855.8197810261,334.3999999999998,0.0
fixed-bias,221,83.41454036304863,22.976168288075804,4436.869245245144,3481.1628171864973,170.18764524514344,0.0,4366.681600000001,3481.1628171864973,100.0,0.0,0.0,2729.1760000000004,0.0,0.0,3481.1628171864973,0.0,0.11127376556396484,0.025003671646118164,0.5,0.0,948215.0439628052,769336.9825982125,335.9199999999998,0.0
fixed-bias,222,84.9911160564511,21.92605323957532,4454.60187600469,3481.1628171864973,177.38107600468962,0.0,4377.2208,3481.1628171864973,100.0,0.0,0.0,2735.763,0.0,0.0,3481.1628171864973,0.0,0.09867143630981445,0.018106698989868164,0.5,0.0,952669.6458388099,772818.145415399,337.43999999999977,0.0
fixed-bias,223,82.87666822740407,22.910541786282657,4431.9568301591435,3481.1628171864973,177.8992301591446,0.0,4354.057599999999,3481.1628171864973,100.0,0.0,0.0,2721.2859999999996,0.0,0.0,3481.1628171864973,0.0,0.09528589248657227,0.024997949600219727,0.5,0.0,957101.6026689691,776299.3082325854,338.95999999999975,0.0
fixed-bias,224,84.88548182093353,23.013732973873935,4444.990397305354,3481.1628171864973,180.39359730535364,0.0,4364.5968,3481.1628171864973,100.0,0.0,0.0,2727.8730000000005,0.0,0.0,3481.1628171864973,0.0,0.09538817405700684,0.018544435501098633,0.5,0.0,961546.5930662744,779780.4710497719,340.47999999999973,0.0
fixed-bias,225,83.5869581133221,20.895749651940154,4438.317431871294,3481.1628171864973,164.88383187129298,0.0,4373.4336,3481.1628171864973,100.0,0.0,0.0,2733.396,0.0,0.0,3481.1628171864973,0.0,0.1054069995880127,0.021155357360839844,0.5,0.0,965984.9104981457,783261.6338669583,341.9999999999997,0.0
fixed-bias,226,77.09530981475741,20.88301721622349,4005.365345920779,3481.1628171864973,178.61350592077807,0.0,3926.7518400000013,3481.1628171864973,100.0,0.0,0.0,2454.219900000001,0.0,0.0,3481.1628171864973,0.0,0.11396336555480957,0.030092954635620117,0.5,0.0,969990.2758440665,786742.7966841448,343.5199999999997,0.0
fixed-bias,227,75.27074084518883,19.713568189845162,4004.149457246014,3481.1628171864973,152.15297724601328,0.0,3951.9964800000007,3481.1628171864973,100.0,0.0,0.0,2469.9977999999996,0.0,0.0,3481.1628171864973,0.0,0.10132312774658203,0.023201465606689453,0.5,0.0,973994.4253013126,790223.9595013312,345.0399999999997,0.0
fixed-bias,228,84.2937320143834,20.424489438787756,4438.2126387495355,3481.1628171864973,190.7438387495341,0.0,4347.4688000000015,3481.1628171864973,100.0,0.0,0.0,2717.1680000000006,0.0,0.0,3481.1628171864973,0.0,0.0847465991973877,0.01774764060974121,0.5,0.0,978432.6379400621,793705.1223185176,346.55999999999966,0.0
fixed-bias,229,84.89367479375393,20.709826052407884,4447.302207114237,3481.1628171864973,187.59180711423718,0.0,4359.7104,3481.1628171864973,100.0,0.0,0.0,2724.819,0.0,0.0,3481.1628171864973,0.0,0.10080814361572266,0.022531747817993164,0.5,0.0,982879.9401471764,797186.2851357041,348.07999999999964,0.0
fixed-bias,230,88.46501449390422,27.347272545546364,4447.504581653299,3481.1628171864973,191.74458165329978,0.0,4355.759999999999,3481.1628171864973,100.0,0.0,0.0,2722.3499999999995,0.0,0.0,3481.1628171864973,0.0,0.10396218299865723,0.024499893188476562,0.5,0.0,987327.4447288297,800667.4479528905,349.5999999999996,0.0
fixed-bias,231,88.78991491053712,25.05061904001668,4453.741328210527,3481.1628171864973,189.14452821052714,0.0,4364.5968,3481.1628171864973,100.0,0.0,0.0,2727.8730000000005,0.0,0.0,3481.1628171864973,0.0,0.10545921325683594,0.03215765953063965,0.5,0.0,991781.1860570402,804148.610770077,351.1199999999996,0.0
fixed-bias,232,84.34409027993597,24.02585679042642,4446.568480030336,3481.1628171864973,173.13488003033544,0.0,4373.4336,3481.1628171864973,100.0,0.0,0.0,2733.396,0.0,0.0,3481.1628171864973,0.0,0.14881014823913574,0.025043010711669922,0.5,0.0,996227.7545370705,807629.7735872634,352.6399999999996,0.0
fixed-bias,233,80.16942590497666,21.351022102089512,4000.8700820718022,3481.1628171864973,158.35888207180128,0.0,3942.5112000000013,3481.1628171864973,100.0,0.0,0.0,2464.0695000000005,0.0,0.0,3481.1628171864973,0.0,0.11455917358398438,0.023647069931030273,0.5,0.0,1000228.6246191423,811110.9364044499,354.15999999999957,0.0
fixed-bias,234,80.93097097381752,21.87044849713116,4019.4553642205674,3481.1628171864973,184.75040422056605,0.0,3934.704960000001,3481.1628171864973,100.0,0.0,0.0,2459.1906000000004,0.0,0.0,3481.1628171864973,0.0,0.10747766494750977,0.027003049850463867,0.5,0.0,1004248.0799833628,814592.0992216363,355.67999999999955,0.0
fixed-bias,235,90.16215652691652,22.032637217114807,4446.895430169295,3481.1628171864973,178.51143016929416,0.0,4368.384000000001,3481.1628171864973,100.0,0.0,0.0,2730.2400000000007,0.0,0.0,3481.1628171864973,0.0,0.12451744079589844,0.02014899253845215,0.5,0.0,1008694.9754135321,818073.2620388228,357.19999999999953,0.0
fixed-bias,236,89.85759965681564,19.52090896940532,4459.7322382877255,3481.1628171864973,182.5114382877259,0.0,4377.2208,3481.1628171864973,100.0,0.0,0.0,2735.763,0.0,0.0,3481.1628171864973,0.0,0.11241698265075684,0.03464651107788086,0.5,0.0,1013154.7076518198,821554.4248560092,358.7199999999995,0.0
fixed-bias,237,88.46347809801284,20.990200385194644,4426.672828721511,3481.1628171864973,170.91282872151174,0.0,4355.759999999999,3481.1628171864973,100.0,0.0,0.0,2722.3499999999995,0.0,0.0,3481.1628171864973,0.0,0.08755636215209961,0.027556180953979492,0.5,0.0,1017581.3804805413,825035.5876731956,360.2399999999995,0.0
fixed-bias,238,91.52328704600946,23.90787531788533,4463.036381452497,3481.1628171864973,215.949981452497,0.0,4347.0864,3481.1628171864973,100.0,0.0,0.0,2716.929,0.0,0.0,3481.1628171864973,0.0,0.11237812042236328,0.026010513305664062,0.5,0.0,1022044.4168619937,828516.7504903821,361.7599999999995,0.0
fixed-bias,239,92.57678459690737,19.91384434728242,4457.9939826440095,3481.1628171864973,184.56038264400962,0.0,4373.4336,3481.1628171864973,100.0,0.0,0.0,2733.396,0.0,0.0,3481.1628171864973,0.0,0.0994868278503418,0.02544856071472168,0.5,0.0,1026502.4108446378,831997.9133075685,363.27999999999946,0.0
fixed-bias,240,80.96556862702896,18.702788108699057,3998.8703437431095,3481.1628171864973,172.11850374310836,0.0,3926.7518400000013,3481.1628171864973,100.0,0.0,0.0,2454.219900000001,0.0,0.0,3481.1628171864973,0.0,0.196136474609375,0.025999069213867188,0.5,0.0,1030501.2811883809,835479.076124755,364.79999999999944,0.0
fixed-bias,241,80.57278543384025,16.87480313618073,4000.7465128726135,3481.1628171864973,167.57371287261242,0.0,3933.1728000000007,3481.1628171864973,100.0,0.0,0.0,2458.2329999999997,0.0,0.0,3481.1628171864973,0.0,0.10465526580810547,0.029106855392456055,0.5,0.0,1034502.0277012535,838960.2389419414,366.3199999999994,0.0
fixed-bias,242,90.97204208996767,25.78699334250964,4453.815908074538,3481.1628171864973,204.64470807453702,0.0,4349.171200000001,3481.1628171864973,100.0,0.0,0.0,2718.232000000001,0.0,0.0,3481.1628171864973,0.0,0.10871505737304688,0.04492902755737305,0.5,0.0,1038955.843609328,842441.4017591279,367.8399999999994,0.0
fixed-bias,243,93.54669654038985,22.87856743779303,4457.183036124319,3481.1628171864973,195.7702361243191,0.0,4361.4128,3481.1628171864973,100.0,0.0,0.0,2725.883,0.0,0.0,3481.1628171864973,0.0,0.10960531234741211,0.023103713989257812,0.5,0.0,1043413.0266454524,845922.5645763143,369.3599999999994,0.0
fixed-bias,244,92.30080929022358,23.62637994118057,4444.96155748524,3481.1628171864973,190.9039574852406,0.0,4354.057599999999,3481.1628171864973,100.0,0.0,0.0,2721.2859999999996,0.0,0.0,3481.1628171864973,0.0,0.11150026321411133,0.021442174911499023,0.5,0.0,1047857.9882029376,849403.7273935007,370.87999999999937,0.0
fixed-bias,245,90.24680202180939,21.73849141629442,4455.455022060656,3481.1628171864973,192.56062206065553,0.0,4362.8944,3481.1628171864973,100.0,0.0,0.0,2726.8089999999993,0.0,0.0,3481.1628171864973,0.0,0.10357832908630371,0.03484010696411133,0.5,0.0,1052313.4432249982,852884.8902106872,372.39999999999935,0.0
fixed-bias,246,94.62163452947846,26.116232687698133,4469.664448786865,3481.1628171864973,215.4436487868656,0.0,4354.2208,3481.1628171864973,100.0,0.0,0.0,2721.3880000000004,0.0,0.0,3481.1628171864973,0.0,0.10941815376281738,0.023008346557617188,0.5,0.0,1056783.107673785,856366.0530278736,373.91999999999933,0.0
fixed-bias,247,83.23722394124384,18.677784010296165,4007.1621762587793,3481.1628171864973,164.65097625877792,0.0,3942.5112000000013,3481.1628171864973,100.0,0.0,0.0,2464.0695000000005,0.0,0.0,3481.1628171864973,0.0,0.12022161483764648,0.020537376403808594,0.5,0.0,1060790.2698500438,859847.2158450601,375.4399999999993,0.0
fixed-bias,248,81.96593440785772,18.275953253347865,4016.4615646239763,3481.1628171864973,164.46508462397594,0.0,3951.9964800000007,3481.1628171864973,100.0,0.0,0.0,2469.9977999999996,0.0,0.0,3481.1628171864973,0.0,0.09776425361633301,0.024564027786254883,0.5,0.0,1064806.7314146678,863328.3786622465,376.9599999999993,0.0
fixed-bias,249,91.63068571762524,24.05925068392158,4471.602126504639,3481.1628171864973,222.43092650463842,0.0,4349.171200000001,3481.1628171864973,100.0,0.0,0.0,2718.232000000001,0.0,0.0,3481.1628171864973,0.0,0.12265515327453613,0.02477264404296875,0.5,0.0,1069278.3335411723,866809.541479433,378.4799999999993,0.0
fixed-bias,250,94.04307611621141,23.67109665974906,4469.164477778456,3481.1628171864973,191.94367777845594,0.0,4377.2208,3481.1628171864973,100.0,0.0,0.0,2735.763,0.0,0.0,3481.1628171864973,0.0,0.11617422103881836,0.03299450874328613,0.5,0.0,1073747.4980189507,870290.7042966194,379.99999999999926,0.0
fixed-bias,251,93.98507856350938,21.957730783025347,4436.828510258338,3481.1628171864973,184.47331025833796,0.0,4352.3552,3481.1628171864973,100.0,0.0,0.0,2720.2219999999993,0.0,0.0,3481.1628171864973,0.0,0.09089803695678711,0.0307309627532959,0.5,0.0,1078184.326529209,873771.8671138058,381.51999999999924,0.0
fixed-bias,252,94.498245163913,20.998824630532194,4445.7966943559295,3481.1628171864973,198.7102943559291,0.0,4347.0864,3481.1628171864973,100.0,0.0,0.0,2716.929,0.0,0.0,3481.1628171864973,0.0,0.08263993263244629,0.020998001098632812,0.5,0.0,1082630.123223565,877253.0299309923,383.0399999999992,0.0
fixed-bias,253,90.73077794292023,22.765639694755023,4454.353218847356,3481.1628171864973,201.8348188473568,0.0,4352.5184,3481.1628171864973,100.0,0.0,0.0,2720.3240000000005,0.0,0.0,3481.1628171864973,0.0,0.09339404106140137,0.03198361396789551,0.5,0.0,1087084.4764424125,880734.1927481787,384.5599999999992,0.0
fixed-bias,254,86.96525604470567,19.94452012224757,4012.273180093878,3481.1628171864973,188.5856600938769,0.0,3923.6875200000013,3481.1628171864973,100.0,0.0,0.0,2452.304700000001,0.0,0.0,3481.1628171864973,0.0,0.10944390296936035,0.029031753540039062,0.5,0.0,1091096.7496225063,884215.3555653652,386.0799999999992,0.0
fixed-bias,255,88.03474561561461,20.540611646262047,4022.1757921156195,3481.1628171864973,170.1793121156189,0.0,3951.9964800000007,3481.1628171864973,100.0,0.0,0.0,2469.9977999999996,0.0,0.0,3481.1628171864973,0.0,0.10196328163146973,0.03189682960510254,0.5,0.0,1095118.9254146218,887696.5183825516,387.59999999999917,0.0
fixed-bias,256,95.61854811498544,22.86994348272615,4449.090232693623,3481.1628171864973,198.2166326936217,0.0,4350.873600000001,3481.1628171864973,100.0,0.0,0.0,2719.2960000000007,0.0,0.0,3481.1628171864973,0.0,0.15019679069519043,0.030996322631835938,0.5,0.0,1099568.0156473154,891177.681199738,389.11999999999915,0.0
fixed-bias,257,95.84009609419581,21.611055895079513,4467.581017042619,3481.1628171864973,190.3602170426195,0.0,4377.2208,3481.1628171864973,100.0,0.0,0.0,2735.763,0.0,0.0,3481.1628171864973,0.0,0.11451315879821777,0.027692317962646484,0.5,0.0,1104035.596664358,894658.8440169245,390.63999999999913,0.0
fixed-bias,258,97.00127917814854,23.41812086543842,4444.641562184904,3481.1628171864973,208.09436218490384,0.0,4336.5472,3481.1628171864973,100.0,0.0,0.0,2710.3419999999996,0.0,0.0,3481.1628171864973,0.0,0.09737396240234375,0.03610372543334961,0.5,0.0,1108480.238226543,898140.006834111,392.1599999999991,0.0
fixed-bias,259,95.58346017315306,22.273946065831282,4459.678627961783,3481.1628171864973,196.78422796178296,0.0,4362.8944,3481.1628171864973,100.0,0.0,0.0,2726.8089999999993,0.0,0.0,3481.1628171864973,0.0,0.09885168075561523,0.019987106323242188,0.5,0.0,1112939.9168545047,901621.1696512974,393.6799999999991,0.0
fixed-bias,260,97.15403959963383,25.340035721347224,4469.214083942986,3481.1628171864973,218.39808394298623,0.0,4350.816,3481.1628171864973,100.0,0.0,0.0,2719.26,0.0,0.0,3481.1628171864973,0.0,0.0956263542175293,0.03112339973449707,0.5,0.0,1117409.1309384478,905102.3324684838,395.1999999999991,0.0
fixed-bias,261,86.29101336419622,22.47659420492121,4023.414089859265,3481.1628171864973,179.3707298592637,0.0,3944.0433600000015,3481.1628171864973,100.0,0.0,0.0,2465.027100000001,0.0,0.0,3481.1628171864973,0.0,0.13143587112426758,0.0280606746673584,0.5,0.0,1121432.545028307,908583.4952856703,396.71999999999906,0.0
fixed-bias,262,88.01951304722634,20.01946273177169,4024.3872076471607,3481.1628171864973,191.21440764715965,0.0,3933.1728000000007,3481.1628171864973,100.0,0.0,0.0,2458.2329999999997,0.0,0.0,3481.1628171864973,0.0,0.0984654426574707,0.024995803833007812,0.5,0.0,1125456.932235954,912064.6581028567,398.23999999999904,0.0
fixed-bias,263,96.15877211030663,22.9674345754542,4455.631312517347,3481.1628171864973,187.24731251734661,0.0,4368.384000000001,3481.1628171864973,100.0,0.0,0.0,2730.2400000000007,0.0,0.0,3481.1628171864973,0.0,0.10173511505126953,0.019217967987060547,0.5,0.0,1129912.5635484715,915545.8209200432,399.759999999999,0.0
fixed-bias,264,97.51736117101059,23.261750912499227,4470.936177188336,3481.1628171864973,212.9281771883353,0.0,4358.008000000001,3481.1628171864973,100.0,0.0,0.0,2723.7549999999997,0.0,0.0,3481.1628171864973,0.0,0.09096217155456543,0.017403602600097656,0.5,0.0,1134383.4997256598,919026.9837372296,401.279999999999,0.0
fixed-bias,265,98.5724263014838,21.760738409350676,4440.2345253036165,3481.1628171864973,184.4745253036169,0.0,4355.759999999999,3481.1628171864973,100.0,0.0,0.0,2722.3499999999995,0.0,0.0,3481.1628171864973,0.0,0.09948539733886719,0.024156570434570312,0.5,0.0,1138823.7342509634,922508.146554416,402.799999999999,0.0
fixed-bias,266,99.05460751540731,20.206257019665884,4445.660881840411,3481.1628171864973,203.68168184041065,0.0,4341.979200000001,3481.1628171864973,100.0,0.0,0.0,2713.737,0.0,0.0,3481.1628171864973,0.0,0.11455059051513672,0.023534536361694336,0.5,0.0,1143269.3951328038,925989.3093716025,404.31999999999897,0.0
fixed-bias,267,101.1484823529626,22.19959456711976,4467.6093021824345,3481.1628171864973,194.17570218243443,0.0,4373.4336,3481.1628171864973,100.0,0.0,0.0,2733.396,0.0,0.0,3481.1628171864973,0.0,0.10684323310852051,0.024346113204956055,0.5,0.0,1147737.0044349863,929470.4721887889,405.83999999999895,0.0
fixed-bias,268,88.9113050780013,18.065317082129315,4015.469253971706,3481.1628171864973,188.71741397170507,0.0,3926.7518400000013,3481.1628171864973,100.0,0.0,0.0,2454.219900000001,0.0,0.0,3481.1628171864973,0.0,0.11562752723693848,0.032678842544555664,0.5,0.0,1151752.473688958,932951.6350059754,407.35999999999893,0.0
fixed-bias,269,88.78165905125485,19.157777140445912,4029.7756896036217,3481.1628171864973,195.07072960362117,0.0,3934.704960000001,3481.1628171864973,100.0,0.0,0.0,2459.1906000000004,0.0,0.0,3481.1628171864973,0.0,0.09067797660827637,0.03553605079650879,0.5,0.0,1155782.2493785615,936432.7978231618,408.8799999999989,0.0
fixed-bias,270,99.31046294137246,19.47677183164167,4451.591195687717,3481.1628171864973,199.0151956877161,0.0,4352.576000000001,3481.1628171864973,100.0,0.0,0.0,2720.3600000000006,0.0,0.0,3481.1628171864973,0.0,0.14067435264587402,0.03182792663574219,0.5,0.0,1160233.8405742492,939913.9606403483,410.3999999999989,0.0
fixed-bias,271,99.45083332887152,21.92083418263438,4467.438843191357,3481.1628171864973,209.4308431913557,0.0,4358.008000000001,3481.1628171864973,100.0,0.0,0.0,2723.7549999999997,0.0,0.0,3481.1628171864973,0.0,0.09086990356445312,0.022005558013916016,0.5,0.0,1164701.2794174405,943395.1234575347,411.9199999999989,0.0
fixed-bias,272,99.90596117670475,22.24431919705356,4456.748779170691,3481.1628171864973,200.9887791706916,0.0,4355.759999999999,3481.1628171864973,100.0,0.0,0.0,2722.3499999999995,0.0,0.0,3481.1628171864973,0.0,0.09472084045410156,0.03448820114135742,0.5,0.0,1169158.0281966112,946876.2862747211,413.43999999999886,0.0
fixed-bias,273,102.14663386476366,21.991673125620075,4457.808906636313,3481.1628171864973,193.21210663631268,0.0,4364.5968,3481.1628171864973,100.0,0.0,0.0,2727.8730000000005,0.0,0.0,3481.1628171864973,0.0,0.09720849990844727,0.029615402221679688,0.5,0.0,1173615.8371032474,950357.4490919076,414.95999999999884,0.0
fixed-bias,274,100.49691455142003,22.667150508681537,4468.1082751980475,3481.1628171864973,194.6746751980468,0.0,4373.4336,3481.1628171864973,100.0,0.0,0.0,2733.396,0.0,0.0,3481.1628171864973,0.0,0.20284342765808105,0.02987837791442871,0.5,0.0,1178083.9453784456,953838.611909094,416.4799999999988,0.0
fixed-bias,275,93.33712924625365,20.301727691604043,4024.8766069968297,3481.1628171864973,180.8332469968278,0.0,3944.0433600000015,3481.1628171864973,100.0,0.0,0.0,2465.027100000001,0.0,0.0,3481.1628171864973,0.0,0.11806821823120117,0.02599048614501953,0.5,0.0,1182108.8219854424,957319.7747262805,417.9999999999988,0.0
fixed-bias,276,92.31014295271767,22.162046754061752,4024.254036328268,3481.1628171864973,189.5490763282665,0.0,3934.704960000001,3481.1628171864973,100.0,0.0,0.0,2459.1906000000004,0.0,0.0,3481.1628171864973,0.0,0.11487340927124023,0.0204007625579834,0.5,0.0,1186133.0760217707,960800.9375434669,419.5199999999988,0.0
fixed-bias,277,104.48877977418033,23.93562070402709,4485.74925334648,3481.1628171864973,217.3652533464792,0.0,4368.384000000001,3481.1628171864973,100.0,0.0,0.0,2730.2400000000007,0.0,0.0,3481.1628171864973,0.0,0.14957165718078613,0.015332221984863281,0.5,0.0,1190618.8252751173,964282.1003606534,421.03999999999877,0.0
fixed-bias,278,103.39119140770163,22.799893232570955,4480.647976791055,3481.1628171864973,220.93757679105536,0.0,4359.7104,3481.1628171864973,100.0,0.0,0.0,2724.819,0.0,0.0,3481.1628171864973,0.0,0.10313892364501953,0.026066303253173828,0.5,0.0,1195099.4732519083,967763.2631778398,422.55999999999875,0.0
fixed-bias,279,101.74279442022078,23.80231671886622,4466.037427303938,3481.1628171864973,210.27742730393854,0.0,4355.759999999999,3481.1628171864973,100.0,0.0,0.0,2722.3499999999995,0.0,0.0,3481.1628171864973,0.0,0.10388493537902832,0.019009828567504883,0.5,0.0,1199565.5106792122,971244.4259950262,424.07999999999873,0.0
fixed-bias,280,103.1608835773136,22.39758351571945,4464.714468466767,3481.1628171864973,200.11766846676713,0.0,4364.5968,3481.1628171864973,100.0,0.0,0.0,2727.8730000000005,0.0,0.0,3481.1628171864973,0.0,0.10058832168579102,0.020560741424560547,0.5,0.0,1204030.225147679,974725.5888122127,425.5999999999987,0.0
fixed-bias,281,102.28009389357344,19.841461908592024,4474.959605914839,3481.1628171864973,201.52600591483832,0.0,4373.4336,3481.1628171864973,100.0,0.0,0.0,2733.396,0.0,0.0,3481.1628171864973,0.0,0.08383488655090332,0.020398855209350586,0.5,0.0,1208505.1847535938,978206.7516293991,427.1199999999987,0.0
fixed-bias,282,92.30962813833519,20.245777911293082,4018.0371072956113,3481.1628171864973,189.75310729561062,0.0,3928.284000000001,3481.1628171864973,100.0,0.0,0.0,2455.1775000000007,0.0,0.0,3481.1628171864973,0.0,0.125504732131958,0.023525476455688477,0.5,0.0,1212523.2218608893,981687.9144465856,428.6399999999987,0.0
fixed-bias,283,91.61323634496013,19.90853122765057,4042.0782975344146,3481.1628171864973,191.61397753441403,0.0,3950.464320000001,3481.1628171864973,100.0,0.0,0.0,2469.0402,0.0,0.0,3481.1628171864973,0.0,0.10591936111450195,0.026569604873657227,0.5,0.0,1216565.3001584238,985169.077263772,430.15999999999866,0.0
fixed-bias,284,103.29514017827,21.882973449135232,4469.722738648261,3481.1628171864973,218.84913864826004,0.0,4350.873600000001,3481.1628171864973,100.0,0.0,0.0,2719.2960000000007,0.0,0.0,3481.1628171864973,0.0,0.11653637886047363,0.025648832321166992,0.5,0.0,1221035.0228970721,988650.2400809585,431.67999999999864,0.0
fixed-bias,285,104.9856975988768,23.662272340653576,4488.945881016487,3481.1628171864973,213.42748101648743,0.0,4375.5184,3481.1628171864973,100.0,0.0,0.0,2734.699,0.0,0.0,3481.1628171864973,0.0,0.11698603630065918,0.022280454635620117,0.5,0.0,1225523.9687780887,992131.4028981449,433.1999999999986,0.0
fixed-bias,286,104.11401093086876,21.823835467010596,4459.996989273981,3481.1628171864973,204.23698927398124,0.0,4355.759999999999,3481.1628171864973,100.0,0.0,0.0,2722.3499999999995,0.0,0.0,3481.1628171864973,0.0,0.10232186317443848,0.02102828025817871,0.5,0.0,1229983.9657673626,995612.5657153314,434.7199999999986,0.0
fixed-bias,287,102.53923131636816,23.527711950363425,4486.18043441306,3481.1628171864973,221.5836344130598,0.0,4364.5968,3481.1628171864973,100.0,0.0,0.0,2727.8730000000005,0.0,0.0,3481.1628171864973,0.0,0.09708046913146973,0.024724245071411133,0.5,0.0,1234470.1462017756,999093.7285325178,436.2399999999986,0.0
fixed-bias,288,104.46141685391304,22.871359766529967,4474.33629475115,3481.1628171864973,220.11549475114975,0.0,4354.2208,3481.1628171864973,100.0,0.0,0.0,2721.3880000000004,0.0,0.0,3481.1628171864973,0.0,0.10738492012023926,0.025813817977905273,0.5,0.0,1238944.4824965268,1002574.8913497042,437.75999999999857,0.0
fixed-bias,289,92.92411751749297,21.186176967930013,4016.6343383152907,3481.1628171864973,188.3503383152899,0.0,3928.284000000001,3481.1628171864973,100.0,0.0,0.0,2455.1775000000007,0.0,0.0,3481.1628171864973,0.0,0.10360956192016602,0.03592371940612793,0.5,0.0,1242961.1168348421,1006056.0541668907,439.27999999999855,0.0
fixed-bias,290,93.32378268094561,22.44385907731666,4035.7372953413615,3481.1628171864973,201.03233534136092,0.0,3934.704960000001,3481.1628171864973,100.0,0.0,0.0,2459.1906000000004,0.0,0.0,3481.1628171864973,0.0,0.10848784446716309,0.0270540714263916,0.5,0.0,1246996.8541301836,1009537.2169840771,440.79999999999853,0.0
fixed-bias,291,105.80420165690914,21.10072017658651,4461.653431754508,3481.1628171864973,210.77983175450734,0.0,4350.873600000001,3481.1628171864973,100.0,0.0,0.0,2719.2960000000007,0.0,0.0,3481.1628171864973,0.0,0.1011192798614502,0.030116558074951172,0.5,0.0,1251458.5075619381,1013018.3798012636,442.3199999999985,0.0
fixed-bias,292,107.72975625189417,20.284453880589375,4472.601880899494,3481.1628171864973,212.89148089949424,0.0,4359.7104,3481.1628171864973,100.0,0.0,0.0,2724.819,0.0,0.0,3481.1628171864973,0.0,0.08727216720581055,0.021908283233642578,0.5,0.0,1255931.1094428375,1016499.54261845,443.8399999999985,0.0
fixed-bias,293,103.73098792909768,21.073494526096937,4443.9374224738785,3481.1628171864973,207.39022247387817,0.0,4336.5472,3481.1628171864973,100.0,0.0,0.0,2710.3419999999996,0.0,0.0,3481.1628171864973,0.0,0.09595131874084473,0.023502826690673828,0.5,0.0,1260375.0468653115,1019980.7054356365,445.3599999999985,0.0
fixed-bias,294,105.73210856683602,22.287119891639968,4462.08440006805,3481.1628171864973,216.70040006804948,0.0,4345.384000000001,3481.1628171864973,100.0,0.0,0.0,2715.865,0.0,0.0,3481.1628171864973,0.0,0.11469221115112305,0.032225847244262695,0.5,0.0,1264837.1312653795,1023461.8682528229,446.87999999999846,0.0
fixed-bias,295,102.95197883652064,18.60851952643353,4458.394665475951,3481.1628171864973,186.66346547595055,0.0,4371.7312,3481.1628171864973,100.0,0.0,0.0,2732.3320000000003,0.0,0.0,3481.1628171864973,0.0,0.09692525863647461,0.01618671417236328,0.5,0.0,1269295.5259308554,1026943.0310700093,448.39999999999844,0.0
fixed-bias,296,96.84505836034698,21.769022648505853,4023.9396351867917,3481.1628171864973,179.89627518679,0.0,3944.0433600000015,3481.1628171864973,100.0,0.0,0.0,2465.027100000001,0.0,0.0,3481.1628171864973,0.0,0.09743118286132812,0.020010709762573242,0.5,0.0,1273319.465566042,1030424.1938871958,449.9199999999984,0.0
fixed-bias,297,96.10171626975536,20.547926001934325,4031.519752748709,3481.1628171864973,195.28263274870847,0.0,3936.2371200000007,3481.1628171864973,100.0,0.0,0.0,2460.1482,0.0,0.0,3481.1628171864973,0.0,0.08629202842712402,0.024272918701171875,0.5,0.0,1277350.985318791,1033905.3567043822,451.4399999999984,0.0
fixed-bias,298,101.10337927557555,25.367897613728257,4474.509008072061,3481.1628171864973,223.63540807206013,0.0,4350.873600000001,3481.1628171864973,100.0,0.0,0.0,2719.2960000000007,0.0,0.0,3481.1628171864973,0.0,0.15911078453063965,0.03147006034851074,0.5,0.0,1281825.494326863,1037386.5195215687,452.9599999999984,0.0
fixed-bias,299,104.9549011693163,22.876571157113997,4477.061235260041,3481.1628171864973,219.05323526004062,0.0,4358.008000000001,3481.1628171864973,100.0,0.0,0.0,2723.7549999999997,0.0,0.0,3481.1628171864973,0.0,0.09943747520446777,0.022857666015625,0.5,0.0,1286302.555562123,1040867.6823387551,454.47999999999837,0.0
fixed-bias,300,105.01744245907584,24.258973063142033,4463.8964562545125,3481.1628171864973,209.83885625451347,0.0,4354.057599999999,3481.1628171864973,100.0,0.0,0.0,2721.2859999999996,0.0,0.0,3481.1628171864973,0.0,0.11332249641418457,0.023256540298461914,0.5,0.0,1290766.4520183774,1044348.8451559416,455.99999999999835,0.0
fixed-bias,301,104.41166980639866,20.554666206905267,4466.761756212195,3481.1628171864973,221.37775621219438,0.0,4345.384000000001,3481.1628171864973,100.0,0.0,0.0,2715.865,0.0,0.0,3481.1628171864973,0.0,0.11274933815002441,0.02438211441040039,0.5,0.0,1295233.2137745896,1047830.007973128,457.51999999999833,0.0
fixed-bias,302,104.80838246600354,22.98074466032848,4466.175372054485,3481.1628171864973,194.4441720544844,0.0,4371.7312,3481.1628171864973,100.0,0.0,0.0,2732.3320000000003,0.0,0.0,3481.1628171864973,0.0,0.0930473804473877,0.015152692794799805,0.5,0.0,1299699.3891466442,1051311.1707903144,459.0399999999983,0.0
fixed-bias,303,92.95367758447772,20.706344764775192,4029.7461853145487,3481.1628171864973,187.2349853145473,0.0,3942.5112000000013,3481.1628171864973,100.0,0.0,0.0,2464.0695000000005,0.0,0.0,3481.1628171864973,0.0,0.09758949279785156,0.024550199508666992,0.5,0.0,1303729.1353319588,1054792.333607501,460.5599999999983,0.0
fixed-bias,304,96.49061019457656,21.547778165270717,4047.0989060112315,3481.1628171864973,195.10242601123036,0.0,3951.9964800000007,3481.1628171864973,100.0,0.0,0.0,2469.9977999999996,0.0,0.0,3481.1628171864973,0.0,0.10477042198181152,0.015995025634765625,0.5,0.0,1307776.23423797,1058273.4964246873,462.0799999999983,0.0
fixed-bias,305,103.8589762698344,20.378505079201915,4473.037127870232,3481.1628171864973,206.35552787023158,0.0,4366.681600000001,3481.1628171864973,100.0,0.0,0.0,2729.1760000000004,0.0,0.0,3481.1628171864973,0.0,0.1213235855102539,0.029134035110473633,0.5,0.0,1312249.2713658402,1061754.6592418738,463.59999999999826,0.0
fixed-bias,306,103.91526396195452,20.603381225353676,4475.024697800542,3481.1628171864973,215.3142978005421,0.0,4359.7104,3481.1628171864973,100.0,0.0,0.0,2724.819,0.0,0.0,3481.1628171864973,0.0,0.09707999229431152,0.024594545364379883,0.5,0.0,1316724.2960636409,1065235.8220590602,465.11999999999824,0.0
fixed-bias,307,108.29030982961918,23.789350438522174,4460.398355397469,3481.1628171864973,204.63835539746907,0.0,4355.759999999999,3481.1628171864973,100.0,0.0,0.0,2722.3499999999995,0.0,0.0,3481.1628171864973,0.0,0.10790419578552246,0.021280765533447266,0.5,0.0,1321184.6944190382,1068716.9848762467,466.6399999999982,0.0
fixed-bias,308,104.94840616740426,21.63093635879551,4460.295876867091,3481.1628171864973,195.69907686709053,0.0,4364.5968,3481.1628171864973,100.0,0.0,0.0,2727.8730000000005,0.0,0.0,3481.1628171864973,0.0,0.08939218521118164,0.025681495666503906,0.5,0.0,1325644.9902959054,1072198.147693433,468.1599999999982,0.0
fixed-bias,309,103.49292960755973,24.315137518648,4473.420634361842,3481.1628171864973,220.90223436184198,0.0,4352.5184,3481.1628171864973,100.0,0.0,0.0,2720.3240000000005,0.0,0.0,3481.1628171864973,0.0,0.09921693801879883,0.029659271240234375,0.5,0.0,1330118.4109302673,1075679.3105106195,469.6799999999982,0.0
fixed-bias,310,94.44591505346598,23.376764769432615,4040.731188171677,3481.1628171864973,196.68782817167508,0.0,3944.0433600000015,3481.1628171864973,100.0,0.0,0.0,2465.027100000001,0.0,0.0,3481.1628171864973,0.0,0.09491205215454102,0.04987907409667969,0.5,0.0,1334159.142118439,1079160.473327806,471.19999999999817,0.0
fixed-bias,311,96.26754455611054,22.150190321194934,4038.4323757500006,3481.1628171864973,187.96805574999956,0.0,3950.464320000001,3481.1628171864973,100.0,0.0,0.0,2469.0402,0.0,0.0,3481.1628171864973,0.0,0.15700602531433105,0.041036367416381836,0.5,0.0,1338197.5744941891,1082641.6361449924,472.71999999999815,0.0
fixed-bias,312,104.54557560051278,22.88093181062318,4464.376033689745,3481.1628171864973,211.8000336897438,0.0,4352.576000000001,3481.1628171864973,100.0,0.0,0.0,2720.3600000000006,0.0,0.0,3481.1628171864973,0.0,0.10560178756713867,0.04172635078430176,0.5,0.0,1342661.950527879,1086122.7989621789,474.23999999999813,0.0
fixed-bias,313,105.18883625407823,23.18995663041597,4488.139066228271,3481.1628171864973,210.91826622827116,0.0,4377.2208,3481.1628171864973,100.0,0.0,0.0,2735.763,0.0,0.0,3481.1628171864973,0.0,0.11331367492675781,0.040140628814697266,0.5,0.0,1347150.0895941071,1089603.9617793653,475.7599999999981,0.0
fixed-bias,314,102.81206069829807,24.1771767544462,4462.613405128364,3481.1628171864973,227.76860512836402,0.0,4334.8448,3481.1628171864973,100.0,0.0,0.0,2709.2779999999993,0.0,0.0,3481.1628171864973,0.0,0.11153674125671387,0.03108811378479004,0.5,0.0,1351612.7029992356,1093085.1245965518,477.2799999999981,0.0
fixed-bias,315,101.77440096518698,22.01837938854977,4472.1907996615955,3481.1628171864973,207.59399966159543,0.0,4364.5968,3481.1628171864973,100.0,0.0,0.0,2727.8730000000005,0.0,0.0,3481.1628171864973,0.0,0.1219944953918457,0.02514338493347168,0.5,0.0,1356084.8937988973,1096566.2874137382,478.7999999999981,0.0
fixed-bias,316,105.03434464655966,21.837483161918044,4489.98736642954,3481.1628171864973,216.5537664295401,0.0,4373.4336,3481.1628171864973,100.0,0.0,0.0,2733.396,0.0,0.0,3481.1628171864973,0.0,0.08104157447814941,0.036377668380737305,0.5,0.0,1360574.8811653268,1100047.4502309246,480.31999999999806,0.0
fixed-bias,317,97.85229882816945,21.039362913130198,4030.8645991751873,3481.1628171864973,204.11275917518634,0.0,3926.7518400000013,3481.1628171864973,100.0,0.0,0.0,2454.219900000001,0.0,0.0,3481.1628171864973,0.0,0.11841034889221191,0.022690296173095703,0.5,0.0,1364605.745764502,1103528.613048111,481.83999999999804,0.0
fixed-bias,318,94.44283254787672,24.510999449129002,4035.6615904907403,3481.1628171864973,183.66511049073966,0.0,3951.9964800000007,3481.1628171864973,100.0,0.0,0.0,2469.9977999999996,0.0,0.0,3481.1628171864973,0.0,0.10335636138916016,0.041840553283691406,0.5,0.0,1368641.4073549928,1107009.7758652975,483.359999999998,0.0
fixed-bias,319,101.1147751221636,22.803898185522694,4476.361713806866,3481.1628171864973,225.48811380686533,0.0,4350.873600000001,3481.1628171864973,100.0,0.0,0.0,2719.2960000000007,0.0,0.0,3481.1628171864973,0.0,0.12795162200927734,0.018024682998657227,0.5,0.0,1373117.7690687997,1110490.938682484,484.879999999998,0.0
fixed-bias,320,103.15443038751107,23.929738146606955,4478.075851334052,3481.1628171864973,200.85505133405135,0.0,4377.2208,3481.1628171864973,100.0,0.0,0.0,2735.763,0.0,0.0,3481.1628171864973,0.0,0.09385538101196289,0.025098085403442383,0.5,0.0,1377595.8449201337,1113972.1014996704,486.399999999998,0.0
fixed-bias,321,102.02332670036685,23.178910834888832,4443.274211810919,3481.1628171864973,210.1318118109195,0.0,4333.1424,3481.1628171864973,100.0,0.0,0.0,2708.2139999999995,0.0,0.0,3481.1628171864973,0.0,0.1069948673248291,0.03302359580993652,0.5,0.0,1382039.1191319446,1117453.2643168569,487.91999999999797,0.0
fixed-bias,322,105.79645640997644,22.878704830451742,4468.888464950437,3481.1628171864973,205.99406495043715,0.0,4362.8944,3481.1628171864973,100.0,0.0,0.0,2726.8089999999993,0.0,0.0,3481.1628171864973,0.0,0.1589961051940918,0.026238679885864258,0.5,0.0,1386508.007596895,1120934.4271340433,489.43999999999795,0.0
fixed-bias,323,104.53534308928484,23.562647250349414,4483.66549185753,3481.1628171864973,210.2318918575292,0.0,4373.4336,3481.1628171864973,100.0,0.0,0.0,2733.396,0.0,0.0,3481.1628171864973,0.0,0.1156919002532959,0.02562856674194336,0.5,0.0,1390991.6730887527,1124415.5899512297,490.95999999999793,0.0
fixed-bias,324,92.25466572938603,21.667912365910183,4030.3349360288266,3481.1628171864973,203.5830960288255,0.0,3926.7518400000013,3481.1628171864973,100.0,0.0,0.0,2454.219900000001,0.0,0.0,3481.1628171864973,0.0,0.11335897445678711,0.03290152549743652,0.5,0.0,1395022.0080247815,1127896.7527684162,492.4799999999979,0.0
fixed-bias,325,92.00136177822712,18.656806294850522,4035.2871736393963,3481.1628171864973,186.3550136393953,0.0,3948.9321600000007,3481.1628171864973,100.0,0.0,0.0,2468.0826,0.0,0.0,3481.1628171864973,0.0,0.09502148628234863,0.01899242401123047,0.5,0.0,1399057.2951984208,1131377.9155856026,493.9999999999979,0.0
fixed-bias,326,103.93263017010025,24.952745017486713,4464.270445699728,3481.1628171864973,211.69444569972728,0.0,4352.576000000001,3481.1628171864973,100.0,0.0,0.0,2720.3600000000006,0.0,0.0,3481.1628171864973,0.0,0.11099696159362793,0.027446746826171875,0.5,0.0,1403521.5656441206,1134859.078402789,495.5199999999979,0.0
fixed-bias,327,100.47721057938013,22.417752515012918,4474.321164581059,3481.1628171864973,214.6107645810591,0.0,4359.7104,3481.1628171864973,100.0,0.0,0.0,2724.819,0.0,0.0,3481.1628171864973,0.0,0.12092161178588867,0.036446332931518555,0.5,0.0,1407995.8868087016,1138340.2412199755,497.03999999999786,0.0
fixed-bias,328,100.83965988550706,23.021871570839455,4456.843473321759,3481.1628171864973,201.0834733217601,0.0,4355.759999999999,3481.1628171864973,100.0,0.0,0.0,2722.3499999999995,0.0,0.0,3481.1628171864973,0.0,0.12141251564025879,0.021495819091796875,0.5,0.0,1412452.7302820233,1141821.404037162,498.55999999999784,0.0
fixed-bias,329,101.14768134765315,24.326155309998665,4472.330612433978,3481.1628171864973,228.64901243397762,0.0,4343.6816,3481.1628171864973,100.0,0.0,0.0,2714.8009999999995,0.0,0.0,3481.1628171864973,0.0,0.0962672233581543,0.03365063667297363,0.5,0.0,1416925.0608944574,1145302.5668543484,500.0799999999978,0.0
fixed-bias,330,100.76630287957919,22.7387631636071,4488.659682930988,3481.1628171864973,215.22608293098762,0.0,4373.4336,3481.1628171864973,100.0,0.0,0.0,2733.396,0.0,0.0,3481.1628171864973,0.0,0.10140705108642578,0.026305198669433594,0.5,0.0,1421413.7205773883,1148783.7296715348,501.5999999999978,0.0
fixed-bias,331,94.22059715423308,21.308585982236732,4030.776468565714,3481.1628171864973,186.73310856571263,0.0,3944.0433600000015,3481.1628171864973,100.0,0.0,0.0,2465.027100000001,0.0,0.0,3481.1628171864973,0.0,0.09723806381225586,0.015412092208862305,0.5,0.0,1425444.497045954,1152264.8924887213,503.1199999999978,0.0
fixed-bias,332,91.83407426662647,22.297544116295082,4045.7181818294475,3481.1628171864973,212.54538182944708,0.0,3933.1728000000007,3481.1628171864973,100.0,0.0,0.0,2458.2329999999997,0.0,0.0,3481.1628171864973,0.0,0.08008933067321777,0.019006013870239258,0.5,0.0,1429490.2152277834,1155746.0553059077,504.63999999999777,0.0
fixed-bias,333,100.41908255670812,24.49559839354018,4465.304323387933,3481.1628171864973,196.92032338793283,0.0,4368.384000000001,3481.1628171864973,100.0,0.0,0.0,2730.2400000000007,0.0,0.0,3481.1628171864973,0.0,0.1979198455810547,0.03055095672607422,0.5,0.0,1433955.5195511715,1159227.2181230942,506.15999999999775,0.0
fixed-bias,334,101.70904052639764,20.2297592262643,4474.769994498154,3481.1628171864973,216.761994498153,0.0,4358.008000000001,3481.1628171864973,100.0,0.0,0.0,2723.7549999999997,0.0,0.0,3481.1628171864973,0.0,0.11613059043884277,0.03872060775756836,0.5,0.0,1438430.2895456697,1162708.3809402806,507.67999999999773,0.0
fixed-bias,335,102.62837967032108,20.278434363696206,4458.161707657525,3481.1628171864973,202.40170765752555,0.0,4355.759999999999,3481.1628171864973,100.0,0.0,0.0,2722.3499999999995,0.0,0.0,3481.1628171864973,0.0,0.11775064468383789,0.028568506240844727,0.5,0.0,1442888.4512533273,1166189.543757467,509.1999999999977,0.0
fixed-bias,336,99.7590272169037,22.46807614168323,4458.214148054691,3481.1628171864973,195.31974805469062,0.0,4362.8944,3481.1628171864973,100.0,0.0,0.0,2726.8089999999993,0.0,0.0,3481.1628171864973,0.0,0.11028933525085449,0.0249483585357666,0.5,0.0,1447346.665401382,1169670.7065746535,510.7199999999977,0.0
fixed-bias,337,101.37601908577169,20.590740337703586,4468.455973000631,3481.1628171864973,195.02237300063132,0.0,4373.4336,3481.1628171864973,100.0,0.0,0.0,2733.396,0.0,0.0,3481.1628171864973,0.0,0.12035512924194336,0.031995296478271484,0.5,0.0,1451815.1213743826,1173151.86939184,512.2399999999977,0.0
fixed-bias,338,90.31905971156375,22.535628244536273,4031.0108707842974,3481.1628171864973,202.7268707842968,0.0,3928.284000000001,3481.1628171864973,100.0,0.0,0.0,2455.1775000000007,0.0,0.0,3481.1628171864973,0.0,0.11065506935119629,0.0386810302734375,0.5,0.0,1455846.132245167,1176633.0322090264,513.7599999999977,0.0
fixed-bias,339,89.36832825683378,18.38730368891117,4025.5055727199715,3481.1628171864973,189.26845271997084,0.0,3936.2371200000007,3481.1628171864973,100.0,0.0,0.0,2460.1482,0.0,0.0,3481.1628171864973,0.0,0.08532929420471191,0.017516136169433594,0.5,0.0,1459871.637817887,1180114.1950262128,515.2799999999977,0.0
fixed-bias,340,100.86677575963296,22.44384608411732,4458.37560692288,3481.1628171864973,205.7996069228793,0.0,4352.576000000001,3481.1628171864973,100.0,0.0,0.0,2720.3600000000006,0.0,0.0,3481.1628171864973,0.0,0.11555290222167969,0.02199387550354004,0.5,0.0,1464330.0134248098,1183595.3578433993,516.7999999999977,0.0
fixed-bias,341,104.46959237503991,23.49490970788536,4486.030888504207,3481.1628171864973,208.81008850420676,0.0,4377.2208,3481.1628171864973,100.0,0.0,0.0,2735.763,0.0,0.0,3481.1628171864973,0.0,0.10129880905151367,0.017775535583496094,0.5,0.0,1468816.044313314,1187076.5206605857,518.3199999999977,0.0
fixed-bias,342,100.85675085629562,22.61931420458629,4445.26048624898,3481.1628171864973,191.20288624898023,0.0,4354.057599999999,3481.1628171864973,100.0,0.0,0.0,2721.2859999999996,0.0,0.0,3481.1628171864973,0.0,0.09521150588989258,0.01755976676940918,0.5,0.0,1473261.3047995628,1190557.6834777722,519.8399999999976,0.0
fixed-bias,343,101.1586926643616,22.52000678329597,4456.655184461091,3481.1628171864973,211.2711844610903,0.0,4345.384000000001,3481.1628171864973,100.0,0.0,0.0,2715.865,0.0,0.0,3481.1628171864973,0.0,0.11327195167541504,0.031549930572509766,0.5,0.0,1477717.9599840238,1194038.8462949586,521.3599999999976,0.0
fixed-bias,344,102.11758270248417,19.270330024136918,4468.607215914417,3481.1628171864973,195.17361591441656,0.0,4373.4336,3481.1628171864973,100.0,0.0,0.0,2733.396,0.0,0.0,3481.1628171864973,0.0,0.12235307693481445,0.024652957916259766,0.5,0.0,1482186.5671999382,1197520.009112145,522.8799999999976,0.0
fixed-bias,345,90.07297413983383,18.665026499283957,4017.98687356925,3481.1628171864973,175.4756735692482,0.0,3942.5112000000013,3481.1628171864973,100.0,0.0,0.0,2464.0695000000005,0.0,0.0,3481.1628171864973,0.0,0.1136789321899414,0.03298783302307129,0.5,0.0,1486204.5540735074,1201001.1719293315,524.3999999999976,0.0
fixed-bias,346,89.48671127615819,21.610714956179617,4039.6619711323156,3481.1628171864973,190.7298111323145,0.0,3948.9321600000007,3481.1628171864973,100.0,0.0,0.0,2468.0826,0.0,0.0,3481.1628171864973,0.0,0.08403372764587402,0.02453923225402832,0.5,0.0,1490244.2160446397,1204482.334746518,525.9199999999976,0.0
fixed-bias,347,98.80097760027168,27.783677557954878,4466.106093142044,3481.1628171864973,215.23249314204307,0.0,4350.873600000001,3481.1628171864973,100.0,0.0,0.0,2719.2960000000007,0.0,0.0,3481.1628171864973,0.0,0.1576976776123047,0.025053024291992188,0.5,0.0,1494710.3221377817,1207963.4975637044,527.4399999999976,0.0
fixed-bias,348,99.22621602345676,20.05473467017421,4471.341813901727,3481.1628171864973,195.82341390172638,0.0,4375.5184,3481.1628171864973,100.0,0.0,0.0,2734.699,0.0,0.0,3481.1628171864973,0.0,0.1168680191040039,0.025612592697143555,0.5,0.0,1499181.6639516833,1211444.6603808908,528.9599999999975,0.0
fixed-bias,349,94.601538860254,22.421512467333756,4446.8403914022465,3481.1628171864973,192.78279140224748,0.0,4354.057599999999,3481.1628171864973,100.0,0.0,0.0,2721.2859999999996,0.0,0.0,3481.1628171864973,0.0,0.0982208251953125,0.041562795639038086,0.5,0.0,1503628.5043430855,1214925.8231980773,530.4799999999975,0.0
fixed-bias,350,96.17027626299019,22.624930748508724,4454.623296282307,3481.1628171864973,191.728896282307,0.0,4362.8944,3481.1628171864973,100.0,0.0,0.0,2726.8089999999993,0.0,0.0,3481.1628171864973,0.0,0.12148737907409668,0.03441166877746582,0.5,0.0,1508083.1276393677,1218406.9860152637,531.9999999999975,0.0
fixed-bias,351,96.45450242187162,22.707238146820323,4467.732498902485,3481.1628171864973,194.29889890248432,0.0,4373.4336,3481.1628171864973,100.0,0.0,0.0,2733.396,0.0,0.0,3481.1628171864973,0.0,0.10778212547302246,0.024746417999267578,0.5,0.0,1512550.8601382703,1221888.1488324502,533.5199999999975,0.0
fixed-bias,352,86.68656255556589,20.0639387601372,4023.3355204805384,3481.1628171864973,180.8243204805373,0.0,3942.5112000000013,3481.1628171864973,100.0,0.0,0.0,2464.0695000000005,0.0,0.0,3481.1628171864973,0.0,0.10472297668457031,0.025095462799072266,0.5,0.0,1516574.1956587508,1225369.3116496366,535.0399999999975,0.0
fixed-bias,353,87.11628077872338,22.094515154451006,4033.668380754293,3481.1628171864973,181.67190075429207,0.0,3951.9964800000007,3481.1628171864973,100.0,0.0,0.0,2469.9977999999996,0.0,0.0,3481.1628171864973,0.0,0.10955095291137695,0.03409886360168457,0.5,0.0,1520607.8640395051,1228850.474466823,536.5599999999974,0.0
fixed-bias,354,98.94387136187873,24.40749811721571,4463.53207642594,3481.1628171864973,195.1480764259391,0.0,4368.384000000001,3481.1628171864973,100.0,0.0,0.0,2730.2400000000007,0.0,0.0,3481.1628171864973,0.0,0.11508965492248535,0.06254196166992188,0.5,0.0,1525071.396115931,1232331.6372840095,538.0799999999974,0.0
fixed-bias,355,95.6535436621886,23.322567328924023,4469.0121502226475,3481.1628171864973,191.79135022264765,0.0,4377.2208,3481.1628171864973,100.0,0.0,0.0,2735.763,0.0,0.0,3481.1628171864973,0.0,0.10012030601501465,0.0415492057800293,0.5,0.0,1529540.4082661537,1235812.800101196,539.5999999999974,0.0
fixed-bias,356,95.74325363650549,21.97735039170286,4440.146609047548,3481.1628171864973,203.59940904754782,0.0,4336.5472,3481.1628171864973,100.0,0.0,0.0,2710.3419999999996,0.0,0.0,3481.1628171864973,0.0,0.18186640739440918,0.031217575073242188,0.5,0.0,1533980.5548752013,1239293.9629183824,541.1199999999974,0.0
fixed-bias,357,97.92881932988769,21.72552525484615,4463.636925909173,3481.1628171864973,199.04012590917353,0.0,4364.5968,3481.1628171864973,100.0,0.0,0.0,2727.8730000000005,0.0,0.0,3481.1628171864973,0.0,0.06590652465820312,0.050537109375,0.5,0.0,1538444.1918011105,1242775.1257355688,542.6399999999974,0.0
fixed-bias,358,95.06008642462746,21.688176004164795,4458.184188006702,3481.1628171864973,184.75058800670232,0.0,4373.4336,3481.1628171864973,100.0,0.0,0.0,2733.396,0.0,0.0,3481.1628171864973,0.0,0.06709623336791992,0.03374648094177246,0.5,0.0,1542902.3759891172,1246256.2885527553,544.1599999999974,0.0
fixed-bias,359,85.63542471311462,21.64510738128451,4022.797820974216,3481.1628171864973,196.04598097421456,0.0,3926.7518400000013,3481.1628171864973,100.0,0.0,0.0,2454.219900000001,0.0,0.0,3481.1628171864973,0.0,0.07852053642272949,0.022103071212768555,0.5,0.0,1546925.1738100913,1249737.4513699417,545.6799999999973,0.0
fixed-bias,360,83.94588681968398,22.186517921770474,4029.8496458207073,3481.1628171864973,198.20900582070638,0.0,3931.640640000001,3481.1628171864973,100.0,0.0,0.0,2457.2754,0.0,0.0,3481.1628171864973,0.0,0.13803791999816895,0.033571481704711914,0.5,0.0,1550955.023455912,1253218.6141871281,547.1999999999973,0.0
fixed-bias,361,92.91944107223755,24.047691376531887,4446.202649202788,3481.1628171864973,179.52104920278708,0.0,4366.681600000001,3481.1628171864973,100.0,0.0,0.0,2729.1760000000004,0.0,0.0,3481.1628171864973,0.0,0.11217927932739258,0.05103445053100586,0.5,0.0,1555401.226105115,1256699.7770043146,548.7199999999973,0.0
fixed-bias,362,92.56423086892364,24.338200623275842,4464.714807945832,3481.1628171864973,210.11160794583193,0.0,4354.6032000000005,3481.1628171864973,100.0,0.0,0.0,2721.627,0.0,0.0,3481.1628171864973,0.0,0.15057992935180664,0.05855607986450195,0.5,0.0,1559865.9409130607,1260180.939821501,550.2399999999973,0.0
fixed-bias,363,95.56795478238804,21.004913628161223,4440.3506218222965,3481.1628171864973,184.5906218222972,0.0,4355.759999999999,3481.1628171864973,100.0,0.0,0.0,2722.3499999999995,0.0,0.0,3481.1628171864973,0.0,0.15007615089416504,0.04885292053222656,0.5,0.0,1564306.291534883,1263662.1026386875,551.7599999999973,0.0
fixed-bias,364,92.94072701963451,20.194287722626317,4441.527015711458,3481.1628171864973,197.84541571145851,0.0,4343.6816,3481.1628171864973,100.0,0.0,0.0,2714.8009999999995,0.0,0.0,3481.1628171864973,0.0,0.10740923881530762,0.028018712997436523,0.5,0.0,1568747.8185505944,1267143.265455874,553.2799999999972,0.0
fixed-bias,365,92.6628879384162,23.43589938025896,4478.3845638293515,3481.1628171864973,206.65336382935152,0.0,4371.7312,3481.1628171864973,100.0,0.0,0.0,2732.3320000000003,0.0,0.0,3481.1628171864973,0.0,0.11185121536254883,0.028026103973388672,0.5,0.0,1573226.2031144237,1270624.4282730604,554.7999999999972,0.0
