day,date,milp_profit,ppo_profit,milp_cumulative,ppo_cumulative,milp_soh,ppo_soh,avg_price,min_price,max_price,price_volatility,milp_utilization,ppo_utilization,milp_arbitrage,ppo_arbitrage,milp_flexibility,ppo_flexibility,milp_degradation,ppo_degradation,milp_fcr_revenue,milp_afrr_revenue,milp_mfrr_revenue,ppo_fcr_revenue,ppo_afrr_revenue,ppo_mfrr_revenue,milp_fcr_utilization,milp_afrr_utilization,milp_mfrr_utilization,ppo_fcr_utilization,ppo_afrr_utilization,ppo_mfrr_utilization
1,2024-01-01,1440.0,1362.607131699888,1440.0,1362.607131699888,0.9999,0.9999,51.274905228538934,19.9829827686245,82.17217747070134,21.6434620447103,0.0,0.0,0.0,0.0,1440.0,1362.607131699888,0.0,0.0,1728.0,0.0,0.0,257.36541829962573,1105.2417134002624,0.0,1.0,0.0,0.0,0.125,0.5833333333333334,0.0
2,2024-01-02,1444.9574465728815,1310.379131699888,2884.9574465728815,2672.986263399776,0.9998,0.9998,45.290893438803586,17.019524785554843,78.3549659261943,19.78446488657945,0.0,0.0,0.0,0.0,1444.9574465728815,1310.379131699888,0.0,0.0,1732.9574465728815,0.0,0.0,306.7214182996257,1003.6577134002622,0.0,1.0,0.0,0.0,0.16666666666666666,0.5,0.0
3,2024-01-03,1449.913424147351,1310.379131699888,4334.870870720232,3983.365395099664,0.9997,0.9997,47.64442199716863,16.84923953890974,81.84446816906365,21.990685259559406,0.0,0.0,0.0,0.0,1449.913424147351,1310.379131699888,0.0,0.0,1737.913424147351,0.0,0.0,306.7214182996257,1003.6577134002622,0.0,1.0,0.0,0.0,0.16666666666666666,0.5,0.0
4,2024-01-04,1454.866464160297,1310.379131699888,5789.7373348805295,5293.744526799552,0.9996,0.9996,50.73820445922063,12.505576464424001,89.47127955613028,23.452308881936418,0.0,0.0,0.0,0.0,1454.866464160297,1310.379131699888,0.0,0.0,1742.8664641602973,0.0,0.0,306.7214182996257,1003.6577134002622,0.0,1.0,0.0,0.0,0.16666666666666666,0.5,0.0
5,2024-01-05,1459.8150989190676,1310.379131699888,7249.552433799598,6604.123658499439,0.9995,0.9995,50.9309465097517,17.321737474525932,89.95755431599503,22.241938049345364,0.0,0.0,0.0,0.0,1459.8150989190676,1310.379131699888,0.0,0.0,1747.8150989190676,0.0,0.0,306.7214182996257,1003.6577134002622,0.0,1.0,0.0,0.0,0.16666666666666666,0.5,0.0
6,2024-01-06,1464.7578620363852,1310.379131699888,8714.310295835983,7914.502790199327,0.9994000000000001,0.9994000000000001,50.02814737474139,16.56302149216039,83.59426343152441,22.243894944953706,0.0,0.0,0.0,0.0,1464.7578620363852,1310.379131699888,0.0,0.0,1752.7578620363852,0.0,0.0,306.7214182996257,1003.6577134002622,0.0,1.0,0.0,0.0,0.16666666666666666,0.5,0.0
7,2024-01-07,1469.693288864861,1310.379131699888,10184.003584700844,9224.881921899216,0.9993000000000001,0.9993000000000001,50.753144717784956,17.388789289061933,81.85131699630392,21.369097718139564,0.0,0.0,0.0,0.0,1469.693288864861,1310.379131699888,0.0,0.0,1757.693288864861,0.0,0.0,306.7214182996257,1003.6577134002622,0.0,1.0,0.0,0.0,0.16666666666666666,0.5,0.0
8,2024-01-08,1474.6199169310144,1310.379131699888,11658.623501631859,10535.261053599104,0.9992000000000001,0.9992000000000001,52.96453668104158,18.48463879110236,97.79144179725066,22.106086765655196,0.0,0.0,0.0,0.0,1474.6199169310144,1310.379131699888,0.0,0.0,1762.6199169310144,0.0,0.0,306.7214182996257,1003.6577134002622,0.0,1.0,0.0,0.0,0.16666666666666666,0.5,0.0
9,2024-01-09,1479.5362863686205,1310.379131699888,13138.15978800048,11845.640185298993,0.9991000000000001,0.9991000000000001,48.23905613674676,21.328178694412884,85.27784607386225,19.321940784468605,0.0,0.0,0.0,0.0,1479.5362863686205,1310.379131699888,0.0,0.0,1767.536286368621,0.0,0.0,306.7214182996257,1003.6577134002622,0.0,1.0,0.0,0.0,0.16666666666666666,0.5,0.0
10,2024-01-10,1484.4409403513125,1310.379131699888,14622.600728351792,13156.019316998882,0.9990000000000001,0.9990000000000001,47.90076545841092,15.183808758329354,78.13387672350557,19.711652345392704,0.0,0.0,0.0,0.0,1484.4409403513125,1310.379131699888,0.0,0.0,1772.4409403513123,0.0,0.0,306.7214182996257,1003.6577134002622,0.0,1.0,0.0,0.0,0.16666666666666666,0.5,0.0
11,2024-01-11,1489.332425524266,1310.379131699888,16111.933153876058,14466.39844869877,0.9989000000000001,0.9989000000000001,53.167694032666056,18.71378927494554,88.97467714018235,22.15898874537544,0.0,0.0,0.0,0.0,1489.332425524266,1310.379131699888,0.0,0.0,1777.3324255242665,0.0,0.0,306.7214182996257,1003.6577134002622,0.0,1.0,0.0,0.0,0.16666666666666666,0.5,0.0
12,2024-01-12,1494.2092924348544,1310.379131699888,17606.142446310914,15776.777580398659,0.9988000000000001,0.9988000000000001,53.55178899458073,20.698363012337424,90.05284438267273,22.346856393303007,0.0,0.0,0.0,0.0,1494.2092924348544,1310.379131699888,0.0,0.0,1782.2092924348544,0.0,0.0,306.7214182996257,1003.6577134002622,0.0,1.0,0.0,0.0,0.16666666666666666,0.5,0.0
13,2024-01-13,1499.0700959621624,1310.379131699888,19105.212542273075,17087.156712098546,0.9987000000000001,0.9987000000000001,53.48164950808715,20.860408347692733,88.9222175065571,22.187569839367942,0.0,0.0,0.0,0.0,1499.0700959621624,1310.379131699888,0.0,0.0,1787.0700959621624,0.0,0.0,306.7214182996257,1003.6577134002622,0.0,1.0,0.0,0.0,0.16666666666666666,0.5,0.0
14,2024-01-14,1503.9133957452,1310.379131699888,20609.125938018275,18397.535843798432,0.9986000000000002,0.9986000000000002,54.334424287589826,21.54954130988726,93.3875076020432,24.38423151895741,0.0,0.0,0.0,0.0,1503.9133957452,1310.379131699888,0.0,0.0,1791.9133957452002,0.0,0.0,306.7214182996257,1003.6577134002622,0.0,1.0,0.0,0.0,0.16666666666666666,0.5,0.0
15,2024-01-15,1508.7377566097132,1310.379131699888,22117.863694627988,19707.91497549832,0.9985000000000002,0.9985000000000002,52.207811983832904,18.76760834427015,88.43300779566228,22.10591466730762,0.0,0.0,0.0,0.0,1508.7377566097132,1310.379131699888,0.0,0.0,1796.7377566097132,0.0,0.0,306.7214182996257,1003.6577134002622,0.0,1.0,0.0,0.0,0.16666666666666666,0.5,0.0
16,2024-01-16,1513.5417489934623,1310.379131699888,23631.40544362145,21018.294107198206,0.9984000000000002,0.9984000000000002,46.85046933349046,12.514252807105631,79.06877588492702,21.1333352949874,0.0,0.0,0.0,0.0,1513.5417489934623,1310.379131699888,0.0,0.0,1801.5417489934623,0.0,0.0,306.7214182996257,1003.6577134002622,0.0,1.0,0.0,0.0,0.16666666666666666,0.5,0.0
17,2024-01-17,1518.3239493698234,1310.379131699888,25149.729392991274,22328.673238898093,0.9983000000000002,0.9983000000000002,48.373743866173974,11.054392184356697,81.41536831901946,22.389615588367114,0.0,0.0,0.0,0.0,1518.3239493698234,1310.379131699888,0.0,0.0,1806.3239493698234,0.0,0.0,306.7214182996257,1003.6577134002622,0.0,1.0,0.0,0.0,0.16666666666666666,0.5,0.0
18,2024-01-18,1523.0829406696153,1310.379131699888,26672.812333660888,23639.05237059798,0.9982000000000002,0.9982000000000002,54.94656947395308,14.529128073207964,91.9264899793495,24.522085052233393,0.0,0.0,0.0,0.0,1523.0829406696153,1310.379131699888,0.0,0.0,1811.0829406696143,0.0,0.0,306.7214182996257,1003.6577134002622,0.0,1.0,0.0,0.0,0.16666666666666666,0.5,0.0
19,2024-01-19,1527.8173127010118,1310.379131699888,28200.6296463619,24949.431502297866,0.9981000000000002,0.9981000000000002,54.49023506032241,22.873000653868083,87.75546438921347,23.6135586018518,0.0,0.0,0.0,0.0,1527.8173127010118,1310.379131699888,0.0,0.0,1815.8173127010118,0.0,0.0,306.7214182996257,1003.6577134002622,0.0,1.0,0.0,0.0,0.16666666666666666,0.5,0.0
20,2024-01-20,1532.525662567401,1310.379131699888,29733.1553089293,26259.810633997753,0.9980000000000002,0.9980000000000002,54.988439648972225,12.922329299390489,93.57609506854995,24.238193396806704,0.0,0.0,0.0,0.0,1532.525662567401,1310.379131699888,0.0,0.0,1820.525662567401,0.0,0.0,306.7214182996257,1003.6577134002622,0.0,1.0,0.0,0.0,0.16666666666666666,0.5,0.0
21,2024-01-21,1537.2065950831043,1310.379131699888,31270.361904012407,27570.18976569764,0.9979000000000002,0.9979000000000002,55.25401651322241,23.640785701456785,94.04474960486209,23.462613874553128,0.0,0.0,0.0,0.0,1537.2065950831043,1310.379131699888,0.0,0.0,1825.2065950831043,0.0,0.0,306.7214182996257,1003.6577134002622,0.0,1.0,0.0,0.0,0.16666666666666666,0.5,0.0
22,2024-01-22,1541.858723186795,1310.379131699888,32812.2206271992,28880.568897397527,0.9978000000000002,0.9978000000000002,56.212967755162545,24.680513313294483,93.66714822985492,22.850079416810537,0.0,0.0,0.0,0.0,1541.858723186795,1310.379131699888,0.0,0.0,1829.858723186795,0.0,0.0,306.7214182996257,1003.6577134002622,0.0,1.0,0.0,0.0,0.16666666666666666,0.5,0.0
23,2024-01-23,1546.4806683525132,1310.379131699888,34358.70129555172,30190.948029097413,0.9977000000000003,0.9977000000000003,50.54925657061693,20.807641593707597,81.5880766881559,20.967523383158028,0.0,0.0,0.0,0.0,1546.4806683525132,1310.379131699888,0.0,0.0,1834.4806683525132,0.0,0.0,306.7214182996257,1003.6577134002622,0.0,1.0,0.0,0.0,0.16666666666666666,0.5,0.0
24,2024-01-24,1551.0710609981584,1310.379131699888,35909.77235654988,31501.3271607973,0.9976000000000003,0.9976000000000003,49.214643911179856,12.04478307187061,79.5149947551431,21.84216904472495,0.0,0.0,0.0,0.0,1551.0710609981584,1310.379131699888,0.0,0.0,1839.0710609981584,0.0,0.0,306.7214182996257,1003.6577134002622,0.0,1.0,0.0,0.0,0.16666666666666666,0.5,0.0
25,2024-01-25,1555.6285408913207,1310.379131699888,37465.4008974412,32811.70629249719,0.9975000000000003,0.9975000000000003,56.056241659727924,26.081627285780435,96.43900472013661,22.92718303507719,0.0,0.0,0.0,0.0,1555.6285408913207,1310.379131699888,0.0,0.0,1843.6285408913207,0.0,0.0,306.7214182996257,1003.6577134002622,0.0,1.0,0.0,0.0,0.16666666666666666,0.5,0.0
26,2024-01-26,1560.151757552347,1310.379131699888,39025.552654993546,34122.08542419708,0.9974000000000003,0.9974000000000003,55.701064438596724,23.815968260683526,94.46763484241148,23.99593806895266,0.0,0.0,0.0,0.0,1560.151757552347,1310.379131699888,0.0,0.0,1848.151757552347,0.0,0.0,306.7214182996257,1003.6577134002622,0.0,1.0,0.0,0.0,0.16666666666666666,0.5,0.0
27,2024-01-27,1564.6393706545246,1310.379131699888,40590.19202564807,35432.46455589697,0.9973000000000003,0.9973000000000003,55.79929989992768,12.270692237410074,95.41232438244775,26.53424952352981,0.0,0.0,0.0,0.0,1564.6393706545246,1310.379131699888,0.0,0.0,1852.6393706545248,0.0,0.0,306.7214182996257,1003.6577134002622,0.0,1.0,0.0,0.0,0.16666666666666666,0.5,0.0
28,2024-01-28,1569.0900504212373,1310.379131699888,42159.282076069314,36742.84368759686,0.9972000000000003,0.9972000000000003,56.81192721493833,18.18627237720312,95.9530631388712,24.528615902910428,0.0,0.0,0.0,0.0,1569.0900504212373,1310.379131699888,0.0,0.0,1857.0900504212373,0.0,0.0,306.7214182996257,1003.6577134002622,0.0,1.0,0.0,0.0,0.16666666666666666,0.5,0.0
29,2024-01-29,1573.5024780200204,1310.379131699888,43732.78455408933,38053.22281929675,0.9971000000000003,0.9971000000000003,57.14843875076309,24.043765957305443,98.61011007993775,23.31919878842174,0.0,0.0,0.0,0.0,1573.5024780200204,1310.379131699888,0.0,0.0,1861.5024780200204,0.0,0.0,306.7214182996257,1003.6577134002622,0.0,1.0,0.0,0.0,0.16666666666666666,0.5,0.0
30,2024-01-30,1577.875345953347,1310.379131699888,45310.65990004268,39363.60195099664,0.9970000000000003,0.9970000000000003,50.97855360841248,14.284338910762356,83.20735926835307,22.307824216860265,0.0,0.0,0.0,0.0,1577.875345953347,1310.379131699888,0.0,0.0,1865.875345953347,0.0,0.0,306.7214182996257,1003.6577134002622,0.0,1.0,0.0,0.0,0.16666666666666666,0.5,0.0
31,2024-01-31,1582.2073584460743,1310.379131699888,46892.86725848875,40673.98108269653,0.9969000000000003,0.9969000000000003,52.23949388156441,16.78123931071952,86.41509884085144,21.983966724353966,0.0,0.0,0.0,0.0,1582.2073584460743,1310.379131699888,0.0,0.0,1870.2073584460745,0.0,0.0,306.7214182996257,1003.6577134002622,0.0,1.0,0.0,0.0,0.16666666666666666,0.5,0.0
32,2024-02-01,1586.4972318294062,1310.379131699888,48479.36449031816,41984.36021439642,0.9968000000000004,0.9968000000000004,57.532194995409974,17.763878964007436,97.69707202363537,24.486188268847364,0.0,0.0,0.0,0.0,1586.4972318294062,1310.379131699888,0.0,0.0,1874.4972318294065,0.0,0.0,306.7214182996257,1003.6577134002622,0.0,1.0,0.0,0.0,0.16666666666666666,0.5,0.0
33,2024-02-02,1590.7436949212783,1310.379131699888,50070.10818523944,43294.739346096314,0.9967000000000004,0.9967000000000004,58.04111521499448,18.458151325704566,92.70862592475002,24.916177504397265,0.0,0.0,0.0,0.0,1590.7436949212783,1310.379131699888,0.0,0.0,1878.7436949212781,0.0,0.0,306.7214182996257,1003.6577134002622,0.0,1.0,0.0,0.0,0.16666666666666666,0.5,0.0
34,2024-02-03,1594.9454894030298,1310.379131699888,51665.05367464247,44605.118477796204,0.9966000000000004,0.9966000000000004,57.68274175619873,20.6401016960074,95.15650245532338,25.680131971978017,0.0,0.0,0.0,0.0,1594.9454894030298,1310.379131699888,0.0,0.0,1882.9454894030298,0.0,0.0,306.7214182996257,1003.6577134002622,0.0,1.0,0.0,0.0,0.16666666666666666,0.5,0.0
35,2024-02-04,1599.1013701922745,1310.379131699888,53264.15504483474,45915.497609496095,0.9965000000000004,0.9965000000000004,57.57819871683714,17.878382184691702,99.43735847513364,26.02190957871941,0.0,0.0,0.0,0.0,1599.1013701922745,1310.379131699888,0.0,0.0,1887.1013701922745,0.0,0.0,306.7214182996257,1003.6577134002622,0.0,1.0,0.0,0.0,0.16666666666666666,0.5,0.0
36,2024-02-05,1603.2101058118421,1310.379131699888,54867.36515064658,47225.876741195985,0.9964000000000004,0.9964000000000004,58.862672755929445,17.080823287050944,97.5177946973998,25.61633689945922,0.0,0.0,0.0,0.0,1603.2101058118421,1310.379131699888,0.0,0.0,1891.2101058118421,0.0,0.0,306.7214182996257,1003.6577134002622,0.0,1.0,0.0,0.0,0.16666666666666666,0.5,0.0
37,2024-02-06,1607.2704787546952,1310.379131699888,56474.63562940128,48536.255872895876,0.9963000000000004,0.9963000000000004,55.20318315426232,23.425185807409953,92.44103865175549,23.74763024226559,0.0,0.0,0.0,0.0,1607.2704787546952,1310.379131699888,0.0,0.0,1895.2704787546952,0.0,0.0,306.7214182996257,1003.6577134002622,0.0,1.0,0.0,0.0,0.16666666666666666,0.5,0.0
38,2024-02-07,1611.281285844701,1310.379131699888,58085.91691524598,49846.635004595766,0.9962000000000004,0.9962000000000004,53.30658753980547,14.70751757677998,89.29801225595142,23.21097214716503,0.0,0.0,0.0,0.0,1611.281285844701,1310.379131699888,0.0,0.0,1899.281285844701,0.0,0.0,306.7214182996257,1003.6577134002622,0.0,1.0,0.0,0.0,0.16666666666666666,0.5,0.0
39,2024-02-08,1615.2413385931573,1310.379131699888,59701.15825383914,51157.01413629566,0.9961000000000004,0.9961000000000004,58.65001347653318,22.11825006870818,95.43788360969594,24.64350383154444,0.0,0.0,0.0,0.0,1615.2413385931573,1310.379131699888,0.0,0.0,1903.2413385931573,0.0,0.0,306.7214182996257,1003.6577134002622,0.0,1.0,0.0,0.0,0.16666666666666666,0.5,0.0
40,2024-02-09,1619.1494635509696,1310.379131699888,61320.307717390104,52467.39326799555,0.9960000000000004,0.9960000000000004,56.92982614960474,17.69704116414475,96.64806137033025,26.413701360380685,0.0,0.0,0.0,0.0,1619.1494635509696,1310.379131699888,0.0,0.0,1907.1494635509694,0.0,0.0,306.7214182996257,1003.6577134002622,0.0,1.0,0.0,0.0,0.16666666666666666,0.5,0.0
41,2024-02-10,1623.0045026563712,1310.379131699888,62943.31222004647,53777.77239969544,0.9959000000000005,0.9959000000000005,60.437754037242364,18.397324850532215,100.73558879356943,25.82516923803889,0.0,0.0,0.0,0.0,1623.0045026563712,1310.379131699888,0.0,0.0,1911.0045026563712,0.0,0.0,306.7214182996257,1003.6577134002622,0.0,1.0,0.0,0.0,0.16666666666666666,0.5,0.0
42,2024-02-11,1626.8053135780751,1310.379131699888,64570.11753362454,55088.15153139533,0.9958000000000005,0.9958000000000005,59.830724891150716,17.430463890681793,98.39013909430754,25.55825527005851,0.0,0.0,0.0,0.0,1626.8053135780751,1310.379131699888,0.0,0.0,1914.8053135780751,0.0,0.0,306.7214182996257,1003.6577134002622,0.0,1.0,0.0,0.0,0.16666666666666666,0.5,0.0
43,2024-02-12,1630.5507700537762,1310.379131699888,66200.66830367832,56398.53066309522,0.9957000000000005,0.9957000000000005,60.71624142068271,20.153377188560764,102.09033452693,25.242226761004588,0.0,0.0,0.0,0.0,1630.5507700537762,1310.379131699888,0.0,0.0,1918.5507700537762,0.0,0.0,306.7214182996257,1003.6577134002622,0.0,1.0,0.0,0.0,0.16666666666666666,0.5,0.0
44,2024-02-13,1634.239762223888,1310.379131699888,67834.90806590221,57708.90979479511,0.9956000000000005,0.9956000000000005,54.01358875625178,13.14977943401816,92.72813581008828,24.829153073154753,0.0,0.0,0.0,0.0,1634.239762223888,1310.379131699888,0.0,0.0,1922.239762223888,0.0,0.0,306.7214182996257,1003.6577134002622,0.0,1.0,0.0,0.0,0.16666666666666666,0.5,0.0
45,2024-02-14,1637.871196960417,1310.379131699888,69472.77926286263,59019.288926495,0.9955000000000005,0.9955000000000005,54.085109022548316,20.151688068776654,90.5716332662548,24.285510438568924,0.0,0.0,0.0,0.0,1637.871196960417,1310.379131699888,0.0,0.0,1925.871196960417,0.0,0.0,306.7214182996257,1003.6577134002622,0.0,1.0,0.0,0.0,0.16666666666666666,0.5,0.0
46,2024-02-15,1641.443998190875,1310.379131699888,71114.22326105351,60329.66805819489,0.9954000000000005,0.9954000000000005,61.16959066630604,17.968163080077957,102.20709296449319,27.77063683380642,0.0,0.0,0.0,0.0,1641.443998190875,1310.379131699888,0.0,0.0,1929.4439981908752,0.0,0.0,306.7214182996257,1003.6577134002622,0.0,1.0,0.0,0.0,0.16666666666666666,0.5,0.0
47,2024-02-16,1644.9571072171511,1310.379131699888,72759.18036827067,61640.04718989478,0.9953000000000005,0.9953000000000005,60.22932058191184,19.64281660339271,106.28150558545279,27.085767503996905,0.0,0.0,0.0,0.0,1644.9571072171511,1310.379131699888,0.0,0.0,1932.9571072171511,0.0,0.0,306.7214182996257,1003.6577134002622,0.0,1.0,0.0,0.0,0.16666666666666666,0.5,0.0
48,2024-02-17,1648.4094830292236,1310.379131699888,74407.5898512999,62950.42632159467,0.9952000000000005,0.9952000000000005,62.03581998708807,17.745628256781636,110.47142237425177,27.203123336581335,0.0,0.0,0.0,0.0,1648.4094830292236,1310.379131699888,0.0,0.0,1936.4094830292238,0.0,0.0,306.7214182996257,1003.6577134002622,0.0,1.0,0.0,0.0,0.16666666666666666,0.5,0.0
49,2024-02-18,1651.8001026136278,1310.379131699888,76059.38995391353,64260.80545329456,0.9951000000000005,0.9951000000000005,59.98403630682182,19.97182754350183,103.65040333326995,25.6209258623136,0.0,0.0,0.0,0.0,1651.8001026136278,1310.379131699888,0.0,0.0,1939.8001026136278,0.0,0.0,306.7214182996257,1003.6577134002622,0.0,1.0,0.0,0.0,0.16666666666666666,0.5,0.0
50,2024-02-19,1655.1279612566084,1310.379131699888,77714.51791517014,65571.18458499445,0.9950000000000006,0.9950000000000006,63.18653876323959,27.289673214782212,103.72832850934638,26.43714530122401,0.0,0.0,0.0,0.0,1655.1279612566084,1310.379131699888,0.0,0.0,1943.1279612566084,0.0,0.0,306.7214182996257,1003.6577134002622,0.0,1.0,0.0,0.0,0.16666666666666666,0.5,0.0
51,2024-02-20,1658.392072841825,1310.379131699888,79372.90998801198,66881.56371669433,0.9949000000000006,0.9949000000000006,54.78091468505107,20.657101522920662,86.52686497018681,22.896172193482595,0.0,0.0,0.0,0.0,1658.392072841825,1310.379131699888,0.0,0.0,1946.3920728418248,0.0,0.0,306.7214182996257,1003.6577134002622,0.0,1.0,0.0,0.0,0.16666666666666666,0.5,0.0
52,2024-02-21,1661.5914701425738,1310.379131699888,81034.50145815455,68191.94284839422,0.9948000000000006,0.9948000000000006,54.45095390063406,20.507601133437806,90.61515312554513,23.429886966828544,0.0,0.0,0.0,0.0,1661.5914701425738,1310.379131699888,0.0,0.0,1949.5914701425738,0.0,0.0,306.7214182996257,1003.6577134002622,0.0,1.0,0.0,0.0,0.16666666666666666,0.5,0.0
53,2024-02-22,1664.7252051083833,1310.379131699888,82699.22666326293,69502.3219800941,0.9947000000000006,0.9947000000000006,64.0634716114468,25.406214271909107,104.62241769614883,25.779940551338523,0.0,0.0,0.0,0.0,1664.7252051083833,1310.379131699888,0.0,0.0,1952.7252051083833,0.0,0.0,306.7214182996257,1003.6577134002622,0.0,1.0,0.0,0.0,0.16666666666666666,0.5,0.0
54,2024-02-23,1667.7923491459517,1310.379131699888,84367.01901240888,70812.70111179398,0.9946000000000006,0.9946000000000006,63.411633971587236,23.583927352367407,103.78054541951526,25.825479681468284,0.0,0.0,0.0,0.0,1667.7923491459517,1310.379131699888,0.0,0.0,1955.7923491459517,0.0,0.0,306.7214182996257,1003.6577134002622,0.0,1.0,0.0,0.0,0.16666666666666666,0.5,0.0
55,2024-02-24,1670.7919933943072,1310.379131699888,86037.81100580319,72123.08024349387,0.9945000000000006,0.9945000000000006,62.323795693613164,23.81784581189069,100.755387025144,26.763159087016163,0.0,0.0,0.0,0.0,1670.7919933943072,1310.379131699888,0.0,0.0,1958.7919933943074,0.0,0.0,306.7214182996257,1003.6577134002622,0.0,1.0,0.0,0.0,0.16666666666666666,0.5,0.0
56,2024-02-25,1673.7232489941196,1310.379131699888,87711.53425479731,73433.45937519375,0.9944000000000006,0.9944000000000006,61.197331742721076,24.560413354743524,102.30755956208257,27.096828917375525,0.0,0.0,0.0,0.0,1673.7232489941196,1310.379131699888,0.0,0.0,1961.7232489941193,0.0,0.0,306.7214182996257,1003.6577134002622,0.0,1.0,0.0,0.0,0.16666666666666666,0.5,0.0
57,2024-02-26,1676.5852473510952,1310.379131699888,89388.1195021484,74743.83850689363,0.9943000000000006,0.9943000000000006,60.82300194736416,21.182731759922536,102.69058460843577,25.953265861077718,0.0,0.0,0.0,0.0,1676.5852473510952,1310.379131699888,0.0,0.0,1964.5852473510952,0.0,0.0,306.7214182996257,1003.6577134002622,0.0,1.0,0.0,0.0,0.16666666666666666,0.5,0.0
58,2024-02-27,1679.377140393352,1310.379131699888,91067.49664254175,76054.21763859352,0.9942000000000006,0.9942000000000006,56.825001211971276,23.327707789420675,99.11607074689745,24.976190193876533,0.0,0.0,0.0,0.0,1679.377140393352,1310.379131699888,0.0,0.0,1967.377140393352,0.0,0.0,306.7214182996257,1003.6577134002622,0.0,1.0,0.0,0.0,0.16666666666666666,0.5,0.0
59,2024-02-28,1682.0981008227286,1310.379131699888,92749.59474336448,77364.5967702934,0.9941000000000006,0.9941000000000006,56.78074289404549,19.7979954158008,101.2512587289454,26.35965287030289,0.0,0.0,0.0,0.0,1682.0981008227286,1310.379131699888,0.0,0.0,1970.0981008227286,0.0,0.0,306.7214182996257,1003.6577134002622,0.0,1.0,0.0,0.0,0.16666666666666666,0.5,0.0
60,2024-02-29,1684.7473223599277,1310.379131699888,94434.3420657244,78674.97590199328,0.9940000000000007,0.9940000000000007,61.665114421103034,19.70769045787202,102.51957120075441,28.00135920556357,0.0,0.0,0.0,0.0,1684.7473223599277,1310.379131699888,0.0,0.0,1972.7473223599275,0.0,0.0,306.7214182996257,1003.6577134002622,0.0,1.0,0.0,0.0,0.16666666666666666,0.5,0.0
61,2024-03-01,1687.324019983431,1362.5327394918215,96121.66608570782,80037.50864148511,0.9939000000000007,0.9939000000000007,61.936439613815764,19.78672992961902,106.26644362771475,25.990537941101977,0.0,0.0,0.0,0.0,1687.324019983431,1362.5327394918215,0.0,0.0,1975.324019983431,0.0,0.0,282.582,1042.8307394918215,37.120000000000005,1.0,0.0,0.0,0.16666666666666666,0.5,0.041666666666666664
62,2024-03-02,1689.8274301621238,1364.6342876041383,97811.49351586995,81402.14292908926,0.9938000000000007,0.9938000000000007,63.63169394946626,24.23125164779417,105.81645265983586,26.814539157634012,0.0,0.0,0.0,0.0,1689.8274301621238,1364.6342876041383,0.0,0.0,1977.8274301621238,0.0,0.0,452.6300595358549,874.8842280682833,37.120000000000005,1.0,0.0,0.0,0.15625,0.5,0.041666666666666664
63,2024-03-03,1692.2568110815425,1364.6342876041383,99503.7503269515,82766.7772166934,0.9937000000000007,0.9937000000000007,63.12650034032037,11.590503162707227,107.09392151587134,28.833660263668285,0.0,0.0,0.0,0.0,1692.2568110815425,1364.6342876041383,0.0,0.0,1980.2568110815425,0.0,0.0,452.6300595358549,874.8842280682833,37.120000000000005,1.0,0.0,0.0,0.15625,0.5,0.041666666666666664
64,2024-03-04,1694.6114428636897,1364.6342876041383,101198.3617698152,84131.41150429755,0.9936000000000007,0.9936000000000007,63.12423605358541,15.743130182561295,106.89572097455545,28.23293180758508,0.0,0.0,0.0,0.0,1694.6114428636897,1364.6342876041383,0.0,0.0,1982.6114428636897,0.0,0.0,452.6300595358549,874.8842280682833,37.120000000000005,1.0,0.0,0.0,0.15625,0.5,0.041666666666666664
65,2024-03-05,1696.8906277803494,1364.6342876041383,102895.25239759554,85496.04579190169,0.9935000000000007,0.9935000000000007,57.594724047684586,18.057106970770384,96.46237432236094,24.71770913845544,0.0,0.0,0.0,0.0,1696.8906277803494,1364.6342876041383,0.0,0.0,1984.8906277803494,0.0,0.0,452.6300595358549,874.8842280682833,37.120000000000005,1.0,0.0,0.0,0.15625,0.5,0.041666666666666664
66,2024-03-06,1699.093690459846,1364.6342876041383,104594.34608805539,86860.68007950584,0.9934000000000007,0.9934000000000007,55.83990565225573,10.0,93.86220823157664,25.806108946470353,0.0,0.0,0.0,0.0,1699.093690459846,1364.6342876041383,0.0,0.0,1987.093690459846,0.0,0.0,452.6300595358549,874.8842280682833,37.120000000000005,1.0,0.0,0.0,0.15625,0.5,0.041666666666666664
67,2024-03-07,1701.2199780871583,1364.6342876041383,106295.56606614255,88225.31436710998,0.9933000000000007,0.9933000000000007,62.20675780007465,22.509426528996137,100.64015963852364,26.520687323452904,0.0,0.0,0.0,0.0,1701.2199780871583,1364.6342876041383,0.0,0.0,1989.2199780871583,0.0,0.0,452.6300595358549,874.8842280682833,37.120000000000005,1.0,0.0,0.0,0.15625,0.5,0.041666666666666664
68,2024-03-08,1703.2688605973758,1364.6342876041383,107998.83492673993,89589.94865471413,0.9932000000000007,0.9932000000000007,63.43941960623352,23.033883622633276,110.61375459563206,26.621820300944023,0.0,0.0,0.0,0.0,1703.2688605973758,1364.6342876041383,0.0,0.0,1991.2688605973756,0.0,0.0,452.6300595358549,874.8842280682833,37.120000000000005,1.0,0.0,0.0,0.15625,0.5,0.041666666666666664
69,2024-03-09,1705.23973086239,1364.6342876041383,109704.07465760232,90954.58294231827,0.9931000000000008,0.9931000000000008,64.1585337542536,16.435931599364032,103.56385410236913,28.70660734408854,0.0,0.0,0.0,0.0,1705.23973086239,1364.6342876041383,0.0,0.0,1993.23973086239,0.0,0.0,452.6300595358549,874.8842280682833,37.120000000000005,1.0,0.0,0.0,0.15625,0.5,0.041666666666666664
70,2024-03-10,1707.132004870808,1364.6342876041383,111411.20666247314,92319.21722992242,0.9930000000000008,0.9930000000000008,64.30384624566648,20.824537583762773,110.50840487752032,28.741774191418862,0.0,0.0,0.0,0.0,1707.132004870808,1364.6342876041383,0.0,0.0,1995.132004870808,0.0,0.0,452.6300595358549,874.8842280682833,37.120000000000005,1.0,0.0,0.0,0.15625,0.5,0.041666666666666664
71,2024-03-11,1708.945121901002,1364.6342876041383,113120.15178437415,93683.85151752656,0.9929000000000008,0.9929000000000008,63.37900548658408,21.805813884037825,107.69500231711179,27.453726978447445,0.0,0.0,0.0,0.0,1708.945121901002,1364.6342876041383,0.0,0.0,1996.9451219010018,0.0,0.0,452.6300595358549,874.8842280682833,37.120000000000005,1.0,0.0,0.0,0.15625,0.5,0.041666666666666664
72,2024-03-12,1710.6785446872668,1364.6342876041383,114830.83032906141,95048.48580513071,0.9928000000000008,0.9928000000000008,55.410515519207365,20.779771161791277,96.51080932880558,24.231736221733765,0.0,0.0,0.0,0.0,1710.6785446872668,1364.6342876041383,0.0,0.0,1998.6785446872668,0.0,0.0,452.6300595358549,874.8842280682833,37.120000000000005,1.0,0.0,0.0,0.15625,0.5,0.041666666666666664
73,2024-03-13,1712.3317595790174,1364.6342876041383,116543.16208864043,96413.12009273485,0.9927000000000008,0.9927000000000008,57.706281759813855,17.12227725997501,95.12403348136696,23.474155614960033,0.0,0.0,0.0,0.0,1712.3317595790174,1364.6342876041383,0.0,0.0,2000.3317595790174,0.0,0.0,452.6300595358549,874.8842280682833,37.120000000000005,1.0,0.0,0.0,0.15625,0.5,0.041666666666666664
74,2024-03-14,1713.9042766930052,1364.6342876041383,118257.06636533343,97777.754380339,0.9926000000000008,0.9926000000000008,65.25511297298958,21.13001815672335,103.69803893044414,25.731428353620593,0.0,0.0,0.0,0.0,1713.9042766930052,1364.6342876041383,0.0,0.0,2001.9042766930056,0.0,0.0,452.6300595358549,874.8842280682833,37.120000000000005,1.0,0.0,0.0,0.15625,0.5,0.041666666666666664
75,2024-03-15,1715.395630058469,1364.6342876041383,119972.4619953919,99142.38866794315,0.9925000000000008,0.9925000000000008,63.968146127356114,19.3351311045391,109.8023165581893,28.600436471752914,0.0,0.0,0.0,0.0,1715.395630058469,1364.6342876041383,0.0,0.0,2003.395630058469,0.0,0.0,452.6300595358549,874.8842280682833,37.120000000000005,1.0,0.0,0.0,0.15625,0.5,0.041666666666666664
76,2024-03-16,1716.8053777552234,1364.6342876041383,121689.26737314713,100507.02295554729,0.9924000000000008,0.9924000000000008,65.49384371407582,23.522647425246237,105.60974304686091,27.478159000560034,0.0,0.0,0.0,0.0,1716.8053777552234,1364.6342876041383,0.0,0.0,2004.8053777552236,0.0,0.0,452.6300595358549,874.8842280682833,37.120000000000005,1.0,0.0,0.0,0.15625,0.5,0.041666666666666664
77,2024-03-17,1718.1331020445991,1364.6342876041383,123407.40047519172,101871.65724315144,0.9923000000000008,0.9923000000000008,64.98860166649906,15.032521902883229,105.0918198674603,28.58926530458145,0.0,0.0,0.0,0.0,1718.1331020445991,1364.6342876041383,0.0,0.0,2006.1331020445991,0.0,0.0,452.6300595358549,874.8842280682833,37.120000000000005,1.0,0.0,0.0,0.15625,0.5,0.041666666666666664
78,2024-03-18,1719.3784094932346,1364.6342876041383,125126.77888468496,103236.29153075558,0.9922000000000009,0.9922000000000009,64.70476890453713,28.48041452521876,106.4745860739103,26.60271552661978,0.0,0.0,0.0,0.0,1719.3784094932346,1364.6342876041383,0.0,0.0,2007.3784094932348,0.0,0.0,452.6300595358549,874.8842280682833,37.120000000000005,1.0,0.0,0.0,0.15625,0.5,0.041666666666666664
79,2024-03-19,1720.5409310896578,1364.6342876041383,126847.31981577462,104600.92581835973,0.9921000000000009,0.9921000000000009,58.952942774665075,16.72034872645624,103.45191823983174,25.263577785925822,0.0,0.0,0.0,0.0,1720.5409310896578,1364.6342876041383,0.0,0.0,2008.540931089658,0.0,0.0,452.6300595358549,874.8842280682833,37.120000000000005,1.0,0.0,0.0,0.15625,0.5,0.041666666666666664
80,2024-03-20,1721.6203223536284,1364.6342876041383,128568.94013812825,105965.56010596387,0.9920000000000009,0.9920000000000009,58.25872200319225,20.31132400378702,98.08163741848635,26.53206502464042,0.0,0.0,0.0,0.0,1721.6203223536284,1364.6342876041383,0.0,0.0,2009.6203223536281,0.0,0.0,452.6300595358549,874.8842280682833,37.120000000000005,1.0,0.0,0.0,0.15625,0.5,0.041666666666666664
81,2024-03-21,1722.6162634382235,1364.6342876041383,130291.55640156647,107330.19439356802,0.9919000000000009,0.9919000000000009,64.27060711327027,22.38830992259191,111.99449089863825,27.53369904730672,0.0,0.0,0.0,0.0,1722.6162634382235,1364.6342876041383,0.0,0.0,2010.6162634382235,0.0,0.0,452.6300595358549,874.8842280682833,37.120000000000005,1.0,0.0,0.0,0.15625,0.5,0.041666666666666664
82,2024-03-22,1723.528459224602,1364.6342876041383,132015.08486079107,108694.82868117216,0.9918000000000009,0.9918000000000009,65.30736304895798,24.627520384052467,102.9985421973765,27.186186611985143,0.0,0.0,0.0,0.0,1723.528459224602,1364.6342876041383,0.0,0.0,2011.5284592246019,0.0,0.0,452.6300595358549,874.8842280682833,37.120000000000005,1.0,0.0,0.0,0.15625,0.5,0.041666666666666664
83,2024-03-23,1724.3566394094673,1364.6342876041383,133739.44150020054,110059.46296877631,0.9917000000000009,0.9917000000000009,65.82592248531427,22.253793456404303,108.44439755619695,26.999455409601655,0.0,0.0,0.0,0.0,1724.3566394094673,1364.6342876041383,0.0,0.0,2012.3566394094673,0.0,0.0,452.6300595358549,874.8842280682833,37.120000000000005,1.0,0.0,0.0,0.15625,0.5,0.041666666666666664
84,2024-03-24,1725.1005585851578,1364.6342876041383,135464.5420587857,111424.09725638045,0.9916000000000009,0.9916000000000009,64.36726794676487,20.989723508182408,103.89615189528045,29.47816353403615,0.0,0.0,0.0,0.0,1725.1005585851578,1364.6342876041383,0.0,0.0,2013.1005585851578,0.0,0.0,452.6300595358549,874.8842280682833,37.120000000000005,1.0,0.0,0.0,0.15625,0.5,0.041666666666666664
85,2024-03-25,1725.7599963123635,1364.6342876041383,137190.30205509806,112788.7315439846,0.9915000000000009,0.9915000000000009,64.97671185392365,20.85691950664765,111.97326892125602,29.501024295570968,0.0,0.0,0.0,0.0,1725.7599963123635,1364.6342876041383,0.0,0.0,2013.7599963123635,0.0,0.0,452.6300595358549,874.8842280682833,37.120000000000005,1.0,0.0,0.0,0.15625,0.5,0.041666666666666664
86,2024-03-26,1726.3347571854588,1364.6342876041383,138916.6368122835,114153.36583158874,0.991400000000001,0.991400000000001,57.913760294299216,22.45302434196087,101.12608278322612,23.90283867567426,0.0,0.0,0.0,0.0,1726.3347571854588,1364.6342876041383,0.0,0.0,2014.3347571854588,0.0,0.0,452.6300595358549,874.8842280682833,37.120000000000005,1.0,0.0,0.0,0.15625,0.5,0.041666666666666664
87,2024-03-27,1726.8246708903882,1364.6342876041383,140643.4614831739,115518.00011919289,0.991300000000001,0.991300000000001,57.830704750732956,12.106485614441091,99.6159568108443,26.555702398715592,0.0,0.0,0.0,0.0,1726.8246708903882,1364.6342876041383,0.0,0.0,2014.8246708903885,0.0,0.0,452.6300595358549,874.8842280682833,37.120000000000005,1.0,0.0,0.0,0.15625,0.5,0.041666666666666664
88,2024-03-28,1727.2295922551496,1364.6342876041383,142370.69107542903,116882.63440679703,0.991200000000001,0.991200000000001,65.93018880468077,25.64783237265877,114.41501686364153,28.74936723741477,0.0,0.0,0.0,0.0,1727.2295922551496,1364.6342876041383,0.0,0.0,2015.2295922551498,0.0,0.0,452.6300595358549,874.8842280682833,37.120000000000005,1.0,0.0,0.0,0.15625,0.5,0.041666666666666664
89,2024-03-29,1727.5494012928032,1364.6342876041383,144098.24047672184,118247.26869440118,0.991100000000001,0.991100000000001,65.56109566271785,24.503201522564137,103.39680984515485,26.584524374314093,0.0,0.0,0.0,0.0,1727.5494012928032,1364.6342876041383,0.0,0.0,2015.5494012928034,0.0,0.0,452.6300595358549,874.8842280682833,37.120000000000005,1.0,0.0,0.0,0.15625,0.5,0.041666666666666664
90,2024-03-30,1727.7840032370293,1364.6342876041383,145826.02447995887,119611.90298200533,0.991000000000001,0.991000000000001,65.79162629354168,19.926941729240113,113.58383778047371,27.398783075771842,0.0,0.0,0.0,0.0,1727.7840032370293,1364.6342876041383,0.0,0.0,2015.7840032370293,0.0,0.0,452.6300595358549,874.8842280682833,37.120000000000005,1.0,0.0,0.0,0.15625,0.5,0.041666666666666664
91,2024-03-31,1727.9333285702087,1314.9142876041383,147553.95780852909,120926.81726960947,0.990900000000001,0.990900000000001,64.72411576603955,24.359043873197,108.0755463119745,27.85438854980629,0.0,0.0,0.0,0.0,1727.9333285702087,1314.9142876041383,0.0,0.0,2015.9333285702087,0.0,0.0,404.03005953585495,874.8842280682833,36.00000000000001,1.0,0.0,0.0,0.13541666666666666,0.5,0.041666666666666664
92,2024-04-01,1727.997333044023,1352.0342876041382,149281.9551415731,122278.85155721361,0.990800000000001,0.990800000000001,64.38937337874772,21.05015547565707,106.98198344157733,28.149878907168947,0.0,0.0,0.0,0.0,1727.997333044023,1352.0342876041382,0.0,0.0,2015.9973330440232,0.0,0.0,404.03005953585495,874.8842280682833,73.12,1.0,0.0,0.0,0.125,0.5,0.08333333333333333
93,2024-04-02,1727.975997692565,1352.0342876041382,151009.93113926565,123630.88584481775,0.990700000000001,0.990700000000001,59.475861835433626,18.306189672166294,94.3450172382983,24.46234791892026,0.0,0.0,0.0,0.0,1727.975997692565,1352.0342876041382,0.0,0.0,2015.975997692565,0.0,0.0,404.03005953585495,874.8842280682833,73.12,1.0,0.0,0.0,0.125,0.5,0.08333333333333333
94,2024-04-03,1727.8693288379586,1352.0342876041382,152737.8004681036,124982.92013242189,0.990600000000001,0.990600000000001,60.25279216373688,23.834856018182816,99.54873714838224,23.59409059900049,0.0,0.0,0.0,0.0,1727.8693288379586,1352.0342876041382,0.0,0.0,2015.8693288379586,0.0,0.0,404.03005953585495,874.8842280682833,73.12,1.0,0.0,0.0,0.125,0.5,0.08333333333333333
95,2024-04-04,1727.6773580884906,1314.9142876041383,154465.4778261921,126297.83442002603,0.990500000000001,0.990500000000001,65.85998700667994,16.6588493825705,109.90764768163721,28.031277528093785,0.0,0.0,0.0,0.0,1727.6773580884906,1314.9142876041383,0.0,0.0,2015.6773580884906,0.0,0.0,404.03005953585495,874.8842280682833,36.00000000000001,1.0,0.0,0.0,0.13541666666666666,0.5,0.041666666666666664
96,2024-04-05,1727.4001423292325,1352.0342876041382,156192.87796852132,127649.86870763017,0.9904000000000011,0.9904000000000011,63.73414605373265,20.575521441015486,107.9706151001647,27.87770798187322,0.0,0.0,0.0,0.0,1727.4001423292325,1352.0342876041382,0.0,0.0,2015.4001423292325,0.0,0.0,404.03005953585495,874.8842280682833,73.12,1.0,0.0,0.0,0.125,0.5,0.08333333333333333
97,2024-04-06,1727.0377637052009,1352.0342876041382,157919.91573222654,129001.90299523431,0.9903000000000011,0.9903000000000011,64.52477423115283,21.914881549224372,105.84312152935664,27.283795936722495,0.0,0.0,0.0,0.0,1727.0377637052009,1352.0342876041382,0.0,0.0,2015.0377637052009,0.0,0.0,404.03005953585495,874.8842280682833,73.12,1.0,0.0,0.0,0.125,0.5,0.08333333333333333
98,2024-04-07,1726.5903295970015,1314.9142876041383,159646.50606182354,130316.81728283846,0.9902000000000011,0.9902000000000011,63.02340236173459,22.87178016839106,104.91284763609978,26.276204465557427,0.0,0.0,0.0,0.0,1726.5903295970015,1314.9142876041383,0.0,0.0,2014.5903295970015,0.0,0.0,404.03005953585495,874.8842280682833,36.00000000000001,1.0,0.0,0.0,0.13541666666666666,0.5,0.041666666666666664
99,2024-04-08,1726.0579725890145,1314.9142876041383,161372.56403441256,131631.7315704426,0.9901000000000011,0.9901000000000011,62.493310357139215,20.99022772143022,103.57180627866728,26.981203908470675,0.0,0.0,0.0,0.0,1726.0579725890145,1314.9142876041383,0.0,0.0,2014.0579725890143,0.0,0.0,404.03005953585495,874.8842280682833,36.00000000000001,1.0,0.0,0.0,0.13541666666666666,0.5,0.041666666666666664
100,2024-04-09,1725.440850430114,1352.0342876041382,163098.00488484267,132983.7658580467,0.9900000000000011,0.9900000000000011,57.80675101381731,17.43069229100071,93.56098657341788,25.109820374828537,0.0,0.0,0.0,0.0,1725.440850430114,1352.0342876041382,0.0,0.0,2013.440850430114,0.0,0.0,404.03005953585495,874.8842280682833,73.12,1.0,0.0,0.0,0.125,0.5,0.08333333333333333
101,2024-04-10,1724.7391459869145,1352.0342876041382,164822.74403082958,134335.80014565084,0.9899000000000011,0.9899000000000011,57.55927349046175,19.71890732854159,98.80974430203703,26.258182590473616,0.0,0.0,0.0,0.0,1724.7391459869145,1352.0342876041382,0.0,0.0,2012.7391459869148,0.0,0.0,404.03005953585495,874.8842280682833,73.12,1.0,0.0,0.0,0.125,0.5,0.08333333333333333
102,2024-04-11,1723.9530671895825,1314.9142876041383,166546.69709801915,135650.71443325497,0.9898000000000011,0.9898000000000011,63.53416549380599,16.696720982379254,107.31876314557307,28.74037367704702,0.0,0.0,0.0,0.0,1723.9530671895825,1314.9142876041383,0.0,0.0,2011.9530671895823,0.0,0.0,404.03005953585495,874.8842280682833,36.00000000000001,1.0,0.0,0.0,0.13541666666666666,0.5,0.041666666666666664
103,2024-04-12,1723.0828469702358,1314.9142876041383,168269.7799449894,136965.6287208591,0.9897000000000011,0.9897000000000011,65.36594230428564,20.187141166415422,107.27473947153914,28.04636669931567,0.0,0.0,0.0,0.0,1723.0828469702358,1314.9142876041383,0.0,0.0,2011.082846970236,0.0,0.0,404.03005953585495,874.8842280682833,36.00000000000001,1.0,0.0,0.0,0.13541666666666666,0.5,0.041666666666666664
104,2024-04-13,1722.1287431939015,1314.9142876041383,169991.9086881833,138280.54300846322,0.9896000000000011,0.9896000000000011,65.56075034980292,25.181264567245666,108.25870145631421,27.20497336399284,0.0,0.0,0.0,0.0,1722.1287431939015,1314.9142876041383,0.0,0.0,2010.1287431939015,0.0,0.0,404.03005953585495,874.8842280682833,36.00000000000001,1.0,0.0,0.0,0.13541666666666666,0.5,0.041666666666666664
105,2024-04-14,1721.0910385821228,1314.9142876041383,171712.9997267654,139595.45729606735,0.9895000000000012,0.9895000000000012,64.54416823596881,22.952821791024455,108.25382810468929,27.04965873884941,0.0,0.0,0.0,0.0,1721.0910385821228,1314.9142876041383,0.0,0.0,2009.091038582123,0.0,0.0,404.03005953585495,874.8842280682833,36.00000000000001,1.0,0.0,0.0,0.13541666666666666,0.5,0.041666666666666664
106,2024-04-15,1719.9700406291702,1314.9142876041383,173432.9697673946,140910.37158367148,0.9894000000000012,0.9894000000000012,66.54948158656707,21.904774015248073,108.21582209912924,26.881789365827217,0.0,0.0,0.0,0.0,1719.9700406291702,1314.9142876041383,0.0,0.0,2007.9700406291702,0.0,0.0,404.03005953585495,874.8842280682833,36.00000000000001,1.0,0.0,0.0,0.13541666666666666,0.5,0.041666666666666664
107,2024-04-16,1718.7660815109316,1352.0342876041382,175151.73584890552,142262.4058712756,0.9893000000000012,0.9893000000000012,55.7726604262329,21.060286806249696,97.85697049312068,24.6246792298521,0.0,0.0,0.0,0.0,1718.7660815109316,1352.0342876041382,0.0,0.0,2006.7660815109316,0.0,0.0,404.03005953585495,874.8842280682833,73.12,1.0,0.0,0.0,0.125,0.5,0.08333333333333333
108,2024-04-17,1717.4795179864745,1352.0342876041382,176869.215366892,143614.44015887973,0.9892000000000012,0.9892000000000012,57.25976769909797,19.29695907159083,92.61844255754666,24.59124098756315,0.0,0.0,0.0,0.0,1717.4795179864745,1352.0342876041382,0.0,0.0,2005.4795179864745,0.0,0.0,404.03005953585495,874.8842280682833,73.12,1.0,0.0,0.0,0.125,0.5,0.08333333333333333
109,2024-04-18,1716.1107312923418,1314.9142876041383,178585.32609818433,144929.35444648386,0.9891000000000012,0.9891000000000012,64.1729263901197,22.06202148361682,102.89772618910484,26.943977922710086,0.0,0.0,0.0,0.0,1716.1107312923418,1314.9142876041383,0.0,0.0,2004.110731292342,0.0,0.0,404.03005953585495,874.8842280682833,36.00000000000001,1.0,0.0,0.0,0.13541666666666666,0.5,0.041666666666666664
110,2024-04-19,1714.660127029569,1314.9142876041383,180299.9862252139,146244.268734088,0.9890000000000012,0.9890000000000012,63.5857940874936,23.203321121981812,103.16626070430112,28.544769343511863,0.0,0.0,0.0,0.0,1714.660127029569,1314.9142876041383,0.0,0.0,2002.6601270295691,0.0,0.0,404.03005953585495,874.8842280682833,36.00000000000001,1.0,0.0,0.0,0.13541666666666666,0.5,0.041666666666666664
111,2024-04-20,1713.1281350435052,1314.9142876041383,182013.11436025743,147559.18302169212,0.9889000000000012,0.9889000000000012,64.85408895374836,23.351805297041537,107.05860228200989,28.488209078412368,0.0,0.0,0.0,0.0,1713.1281350435052,1314.9142876041383,0.0,0.0,2001.128135043505,0.0,0.0,404.03005953585495,874.8842280682833,36.00000000000001,1.0,0.0,0.0,0.13541666666666666,0.5,0.041666666666666664
112,2024-04-21,1711.5152092964415,1314.9142876041383,183724.62956955386,148874.09730929625,0.9888000000000012,0.9888000000000012,64.11048442950857,26.281351505436287,108.35641816208042,28.7167831215635,0.0,0.0,0.0,0.0,1711.5152092964415,1314.9142876041383,0.0,0.0,1999.5152092964415,0.0,0.0,404.03005953585495,874.8842280682833,36.00000000000001,1.0,0.0,0.0,0.13541666666666666,0.5,0.041666666666666664
113,2024-04-22,1709.8218277330834,1352.0342876041382,185434.45139728693,150226.13159690038,0.9887000000000012,0.9887000000000012,64.80139720147332,13.777173724617038,107.53507808979387,29.086561818289468,0.0,0.0,0.0,0.0,1709.8218277330834,1352.0342876041382,0.0,0.0,1997.821827733083,0.0,0.0,404.03005953585495,874.8842280682833,73.12,1.0,0.0,0.0,0.125,0.5,0.08333333333333333
114,2024-04-23,1708.0484921389382,1352.0342876041382,187142.49988942588,151578.1658845045,0.9886000000000013,0.9886000000000013,56.57254414697575,15.311893136390589,91.34759481503849,25.252178959060306,0.0,0.0,0.0,0.0,1708.0484921389382,1352.0342876041382,0.0,0.0,1996.0484921389382,0.0,0.0,404.03005953585495,874.8842280682833,73.12,1.0,0.0,0.0,0.125,0.5,0.08333333333333333
115,2024-04-24,1706.1957279916116,1352.0342876041382,188848.69561741748,152930.20017210863,0.9885000000000013,0.9885000000000013,56.40907788895591,11.05652054886434,88.73607371681196,26.59615224203482,0.0,0.0,0.0,0.0,1706.1957279916116,1352.0342876041382,0.0,0.0,1994.1957279916119,0.0,0.0,404.03005953585495,874.8842280682833,73.12,1.0,0.0,0.0,0.125,0.5,0.08333333333333333
116,2024-04-25,1704.2640843051051,1352.0342876041382,190552.9597017226,154282.23445971275,0.9884000000000013,0.9884000000000013,61.80711090832093,17.78980613969037,104.49232662030303,26.283506479465338,0.0,0.0,0.0,0.0,1704.2640843051051,1352.0342876041382,0.0,0.0,1992.2640843051051,0.0,0.0,404.03005953585495,874.8842280682833,73.12,1.0,0.0,0.0,0.125,0.5,0.08333333333333333
117,2024-04-26,1702.2541334671337,1314.9142876041383,192255.21383518973,155597.14874731688,0.9883000000000013,0.9883000000000013,63.89248407784307,21.3713577909029,107.33089768635469,27.76916916179266,0.0,0.0,0.0,0.0,1702.2541334671337,1314.9142876041383,0.0,0.0,1990.2541334671337,0.0,0.0,404.03005953585495,874.8842280682833,36.00000000000001,1.0,0.0,0.0,0.13541666666666666,0.5,0.041666666666666664
118,2024-04-27,1700.1664710695097,1314.9142876041383,193955.38030625923,156912.063034921,0.9882000000000013,0.9882000000000013,63.712343491915725,16.741731045798062,105.55850120376849,28.031801050723924,0.0,0.0,0.0,0.0,1700.1664710695097,1314.9142876041383,0.0,0.0,1988.16647106951,0.0,0.0,404.03005953585495,874.8842280682833,36.00000000000001,1.0,0.0,0.0,0.13541666666666666,0.5,0.041666666666666664
119,2024-04-28,1698.0017157316545,1352.0342876041382,195653.3820219909,158264.09732252514,0.9881000000000013,0.9881000000000013,62.649126741085844,23.054167671506825,106.8667173869685,26.942925260480347,0.0,0.0,0.0,0.0,1698.0017157316545,1352.0342876041382,0.0,0.0,1986.0017157316547,0.0,0.0,404.03005953585495,874.8842280682833,73.12,1.0,0.0,0.0,0.125,0.5,0.08333333333333333
120,2024-04-29,1695.760508917294,1352.0342876041382,197349.1425309082,159616.13161012926,0.9880000000000013,0.9880000000000013,61.521076089117,23.281801565298355,103.53595174042755,25.602121961108676,0.0,0.0,0.0,0.0,1695.760508917294,1352.0342876041382,0.0,0.0,1983.760508917294,0.0,0.0,404.03005953585495,874.8842280682833,73.12,1.0,0.0,0.0,0.125,0.5,0.08333333333333333
121,2024-04-30,1693.4435147443783,1329.0262876041384,199042.58604565257,160945.1578977334,0.9879000000000013,0.9879000000000013,57.457274766652716,12.435050139059822,95.02689129747753,25.494232222431407,0.0,0.0,0.0,0.0,1693.4435147443783,1329.0262876041384,0.0,0.0,1981.4435147443783,0.0,0.0,454.14205953585497,874.8842280682833,0.0,1.0,0.0,0.0,0.16666666666666666,0.5,0.0
122,2024-05-01,1691.0514197882842,1329.0262876041384,200733.63746544084,162274.18418533757,0.9878000000000013,0.9878000000000013,56.05755372819083,19.744747206533493,89.90572948770259,22.131809259937828,0.0,0.0,0.0,0.0,1691.0514197882842,1329.0262876041384,0.0,0.0,1979.0514197882842,0.0,0.0,454.14205953585497,874.8842280682833,0.0,1.0,0.0,0.0,0.16666666666666666,0.5,0.0
123,2024-05-02,1688.5849328783754,1329.0262876041384,202422.22239831922,163603.21047294172,0.9877000000000014,0.9877000000000014,62.10024218998791,19.302419224204712,105.6876479507424,27.42291434224163,0.0,0.0,0.0,0.0,1688.5849328783754,1329.0262876041384,0.0,0.0,1976.5849328783756,0.0,0.0,454.14205953585497,874.8842280682833,0.0,1.0,0.0,0.0,0.16666666666666666,0.5,0.0
124,2024-05-03,1686.0447848879498,1329.0262876041384,204108.26718320718,164932.23676054587,0.9876000000000014,0.9876000000000014,62.52782052667718,21.784207044264953,105.9040123696924,27.704072791297904,0.0,0.0,0.0,0.0,1686.0447848879498,1329.0262876041384,0.0,0.0,1974.0447848879496,0.0,0.0,454.14205953585497,874.8842280682833,0.0,1.0,0.0,0.0,0.16666666666666666,0.5,0.0
125,2024-05-04,1683.4317285176821,1329.0262876041384,205791.69891172487,166261.26304815002,0.9875000000000014,0.9875000000000014,61.04900077255926,22.30604525954772,106.562995423773,27.236004717418737,0.0,0.0,0.0,0.0,1683.4317285176821,1329.0262876041384,0.0,0.0,1971.4317285176821,0.0,0.0,454.14205953585497,874.8842280682833,0.0,1.0,0.0,0.0,0.16666666666666666,0.5,0.0
126,2024-05-05,1680.7465380725678,1329.0262876041384,207472.44544979744,167590.28933575418,0.9874000000000014,0.9874000000000014,63.012547266539116,17.257991631217177,99.28306983680946,26.44745771822401,0.0,0.0,0.0,0.0,1680.7465380725678,1329.0262876041384,0.0,0.0,1968.7465380725678,0.0,0.0,454.14205953585497,874.8842280682833,0.0,1.0,0.0,0.0,0.16666666666666666,0.5,0.0
127,2024-05-06,1677.990009232486,1329.0262876041384,209150.43545902992,168919.31562335833,0.9873000000000014,0.9873000000000014,62.770442556437125,20.73235540021266,104.975943828687,28.610839597378448,0.0,0.0,0.0,0.0,1677.990009232486,1329.0262876041384,0.0,0.0,1965.990009232486,0.0,0.0,454.14205953585497,874.8842280682833,0.0,1.0,0.0,0.0,0.16666666666666666,0.5,0.0
128,2024-05-07,1675.162958816423,1329.0262876041384,210825.59841784634,170248.34191096248,0.9872000000000014,0.9872000000000014,55.359273101364494,24.882758295058856,96.878739498871,24.037219951555752,0.0,0.0,0.0,0.0,1675.162958816423,1329.0262876041384,0.0,0.0,1963.1629588164228,0.0,0.0,454.14205953585497,874.8842280682833,0.0,1.0,0.0,0.0,0.16666666666666666,0.5,0.0
129,2024-05-08,1672.266224540432,1329.0262876041384,212497.86464238676,171577.36819856663,0.9871000000000014,0.9871000000000014,56.27426495225375,20.742674498698122,91.16167553676304,23.781888091180388,0.0,0.0,0.0,0.0,1672.266224540432,1329.0262876041384,0.0,0.0,1960.266224540432,0.0,0.0,454.14205953585497,874.8842280682833,0.0,1.0,0.0,0.0,0.16666666666666666,0.5,0.0
130,2024-05-09,1669.300664769393,1329.0262876041384,214167.16530715616,172906.3944861708,0.9870000000000014,0.9870000000000014,62.1833183993183,21.212702236027322,107.56797543198373,26.493888325525518,0.0,0.0,0.0,0.0,1669.300664769393,1329.0262876041384,0.0,0.0,1957.300664769393,0.0,0.0,454.14205953585497,874.8842280682833,0.0,1.0,0.0,0.0,0.16666666666666666,0.5,0.0
131,2024-05-10,1666.2671582626704,1329.0262876041384,215833.43246541882,174235.42077377494,0.9869000000000014,0.9869000000000014,61.899821622444364,21.88192617439867,103.11793973905391,26.85013630959418,0.0,0.0,0.0,0.0,1666.2671582626704,1329.0262876041384,0.0,0.0,1954.2671582626706,0.0,0.0,454.14205953585497,874.8842280682833,0.0,1.0,0.0,0.0,0.16666666666666666,0.5,0.0
132,2024-05-11,1663.1666039137085,1329.0262876041384,217496.59906933253,175564.4470613791,0.9868000000000015,0.9868000000000015,62.60761017166853,24.142167156529705,98.3185646839323,24.93740629243202,0.0,0.0,0.0,0.0,1663.1666039137085,1329.0262876041384,0.0,0.0,1951.1666039137085,0.0,0.0,454.14205953585497,874.8842280682833,0.0,1.0,0.0,0.0,0.16666666666666666,0.5,0.0
133,2024-05-12,1659.9999204836754,1329.0262876041384,219156.5989898162,176893.47334898324,0.9867000000000015,0.9867000000000015,60.95188520768216,21.24738625285573,100.60273883344513,25.694657031550697,0.0,0.0,0.0,0.0,1659.9999204836754,1329.0262876041384,0.0,0.0,1947.9999204836754,0.0,0.0,454.14205953585497,874.8842280682833,0.0,1.0,0.0,0.0,0.16666666666666666,0.5,0.0
134,2024-05-13,1656.768046329218,1329.0262876041384,220813.3670361454,178222.4996365874,0.9866000000000015,0.9866000000000015,60.68072008676872,21.359216085649862,97.20712616655904,24.87325483464853,0.0,0.0,0.0,0.0,1656.768046329218,1329.0262876041384,0.0,0.0,1944.7680463292177,0.0,0.0,454.14205953585497,874.8842280682833,0.0,1.0,0.0,0.0,0.16666666666666666,0.5,0.0
135,2024-05-14,1653.471939124396,1329.0262876041384,222466.8389752698,179551.52592419155,0.9865000000000015,0.9865000000000015,55.07539246975673,17.851641044579097,90.99851532985502,23.600627974915344,0.0,0.0,0.0,0.0,1653.471939124396,1329.0262876041384,0.0,0.0,1941.471939124396,0.0,0.0,454.14205953585497,874.8842280682833,0.0,1.0,0.0,0.0,0.16666666666666666,0.5,0.0
136,2024-05-15,1650.1125755769094,1329.0262876041384,224116.95155084672,180880.5522117957,0.9864000000000015,0.9864000000000015,54.310487041347436,20.71531768493367,89.9639266795136,22.63669023607855,0.0,0.0,0.0,0.0,1650.1125755769094,1329.0262876041384,0.0,0.0,1938.1125755769094,0.0,0.0,454.14205953585497,874.8842280682833,0.0,1.0,0.0,0.0,0.16666666666666666,0.5,0.0
137,2024-05-16,1646.6909511386764,1329.0262876041384,225763.6425019854,182209.57849939985,0.9863000000000015,0.9863000000000015,61.850163958182385,19.132553678900976,98.94458402305966,26.86511253290838,0.0,0.0,0.0,0.0,1646.6909511386764,1329.0262876041384,0.0,0.0,1934.6909511386762,0.0,0.0,454.14205953585497,874.8842280682833,0.0,1.0,0.0,0.0,0.16666666666666666,0.5,0.0
138,2024-05-17,1643.2080797108663,1329.0262876041384,227406.85058169626,183538.604787004,0.9862000000000015,0.9862000000000015,60.89810415700661,20.041474982549367,100.48459998030026,25.595819141638863,0.0,0.0,0.0,0.0,1643.2080797108663,1329.0262876041384,0.0,0.0,1931.208079710866,0.0,0.0,454.14205953585497,874.8842280682833,0.0,1.0,0.0,0.0,0.16666666666666666,0.5,0.0
139,2024-05-18,1639.6649933434494,1329.0262876041384,229046.5155750397,184867.63107460816,0.9861000000000015,0.9861000000000015,59.82122655817699,20.520486557634875,101.80861525269388,26.007668071102852,0.0,0.0,0.0,0.0,1639.6649933434494,1329.0262876041384,0.0,0.0,1927.6649933434494,0.0,0.0,454.14205953585497,874.8842280682833,0.0,1.0,0.0,0.0,0.16666666666666666,0.5,0.0
140,2024-05-19,1636.06274192938,1329.0262876041384,230682.57831696907,186196.6573622123,0.9860000000000015,0.9860000000000015,58.205918468862336,18.995605951163952,105.2745555757403,26.633667729965573,0.0,0.0,0.0,0.0,1636.06274192938,1329.0262876041384,0.0,0.0,1924.06274192938,0.0,0.0,454.14205953585497,874.8842280682833,0.0,1.0,0.0,0.0,0.16666666666666666,0.5,0.0
141,2024-05-20,1632.4023928934982,1329.0262876041384,232314.98070986258,187525.68364981646,0.9859000000000016,0.9859000000000016,59.13730527567764,20.863303672342436,98.3452893980161,25.2211368574882,0.0,0.0,0.0,0.0,1632.4023928934982,1329.0262876041384,0.0,0.0,1920.4023928934982,0.0,0.0,454.14205953585497,874.8842280682833,0.0,1.0,0.0,0.0,0.16666666666666666,0.5,0.0
142,2024-05-21,1628.6850308762164,1329.0262876041384,233943.6657407388,188854.70993742062,0.9858000000000016,0.9858000000000016,53.48596687051725,21.834245679321647,90.49523981867009,23.32159024823948,0.0,0.0,0.0,0.0,1628.6850308762164,1329.0262876041384,0.0,0.0,1916.6850308762162,0.0,0.0,454.14205953585497,874.8842280682833,0.0,1.0,0.0,0.0,0.16666666666666666,0.5,0.0
143,2024-05-22,1624.9117574121299,1329.0262876041384,235568.57749815093,190183.73622502477,0.9857000000000016,0.9857000000000016,54.7035531232307,14.140967874569702,96.4894417607487,25.69904035887415,0.0,0.0,0.0,0.0,1624.9117574121299,1329.0262876041384,0.0,0.0,1912.9117574121296,0.0,0.0,454.14205953585497,874.8842280682833,0.0,1.0,0.0,0.0,0.16666666666666666,0.5,0.0
144,2024-05-23,1621.0836906036006,1329.0262876041384,237189.66118875454,191512.76251262892,0.9856000000000016,0.9856000000000016,58.761795862961144,18.891200926599595,98.71439129879047,26.081461432202744,0.0,0.0,0.0,0.0,1621.0836906036006,1329.0262876041384,0.0,0.0,1909.0836906036009,0.0,0.0,454.14205953585497,874.8842280682833,0.0,1.0,0.0,0.0,0.16666666666666666,0.5,0.0
145,2024-05-24,1617.201964789439,1329.0262876041384,238806.863153544,192841.78880023307,0.9855000000000016,0.9855000000000016,59.03871873655961,17.332112594216355,93.22829241833982,24.50491481517547,0.0,0.0,0.0,0.0,1617.201964789439,1329.0262876041384,0.0,0.0,1905.201964789439,0.0,0.0,454.14205953585497,874.8842280682833,0.0,1.0,0.0,0.0,0.16666666666666666,0.5,0.0
146,2024-05-25,1613.2677302087777,1329.0262876041384,240420.13088375278,194170.81508783723,0.9854000000000016,0.9854000000000016,59.955762635859536,17.81611456031346,94.42502848938788,25.015120791431315,0.0,0.0,0.0,0.0,1613.2677302087777,1329.0262876041384,0.0,0.0,1901.2677302087777,0.0,0.0,454.14205953585497,874.8842280682833,0.0,1.0,0.0,0.0,0.16666666666666666,0.5,0.0
147,2024-05-26,1609.2821526602331,1329.0262876041384,242029.413036413,195499.84137544138,0.9853000000000016,0.9853000000000016,59.3156362418081,19.580132153495605,99.1700302964106,26.18535713031881,0.0,0.0,0.0,0.0,1609.2821526602331,1329.0262876041384,0.0,0.0,1897.2821526602334,0.0,0.0,454.14205953585497,874.8842280682833,0.0,1.0,0.0,0.0,0.16666666666666666,0.5,0.0
148,2024-05-27,1605.246413156445,1329.0262876041384,243634.65944956944,196828.86766304553,0.9852000000000016,0.9852000000000016,58.47647649443039,22.337421289740693,95.95180650933494,23.57901046767464,0.0,0.0,0.0,0.0,1605.246413156445,1329.0262876041384,0.0,0.0,1893.246413156445,0.0,0.0,454.14205953585497,874.8842280682833,0.0,1.0,0.0,0.0,0.16666666666666666,0.5,0.0
149,2024-05-28,1601.1617075741306,1329.0262876041384,245235.82115714357,198157.89395064968,0.9851000000000016,0.9851000000000016,53.036522346053886,21.388583608567377,98.57722929503736,22.807638376324967,0.0,0.0,0.0,0.0,1601.1617075741306,1329.0262876041384,0.0,0.0,1889.1617075741306,0.0,0.0,454.14205953585497,874.8842280682833,0.0,1.0,0.0,0.0,0.16666666666666666,0.5,0.0
150,2024-05-29,1597.0292462997063,1329.0262876041384,246832.85040344327,199486.92023825384,0.9850000000000017,0.9850000000000017,53.75421626113012,24.522969573973718,90.953620087414,20.72350128158081,0.0,0.0,0.0,0.0,1597.0292462997063,1329.0262876041384,0.0,0.0,1885.0292462997063,0.0,0.0,454.14205953585497,874.8842280682833,0.0,1.0,0.0,0.0,0.16666666666666666,0.5,0.0
151,2024-05-30,1592.8502538706375,1167.3957637340686,248425.7006573139,200654.3160019879,0.9849000000000017,0.9849000000000017,57.253805373129296,22.249912979379907,96.90794075588035,25.34007112592473,0.0,0.0,0.0,0.0,1592.8502538706375,1167.3957637340686,0.0,0.0,1880.8502538706375,0.0,0.0,0.0,223.104,944.2917637340686,1.0,0.0,0.0,0.0,0.16666666666666666,0.5
152,2024-05-31,1588.6259686125652,1167.3957637340686,250014.32662592645,201821.71176572196,0.9848000000000017,0.9848000000000017,58.82865573321664,18.93058668466204,92.65093094263177,24.040227469111645,0.0,0.0,0.0,0.0,1588.6259686125652,1167.3957637340686,0.0,0.0,1876.6259686125652,0.0,0.0,0.0,223.104,944.2917637340686,1.0,0.0,0.0,0.0,0.16666666666666666,0.5
153,2024-06-01,1584.357642272384,1167.3957637340686,251598.68426819882,202989.10752945603,0.9847000000000017,0.9847000000000017,57.16553258907368,17.857589506789974,99.37437409606345,24.46620775562894,0.0,0.0,0.0,0.0,1584.357642272384,1167.3957637340686,0.0,0.0,1872.3576422723843,0.0,0.0,0.0,223.104,944.2917637340686,1.0,0.0,0.0,0.0,0.16666666666666666,0.5
154,2024-06-02,1580.0465396473032,1167.3957637340686,253178.73080784612,204156.5032931901,0.9846000000000017,0.9846000000000017,56.80958690677468,24.578121393755865,95.43179310863452,23.847944234049685,0.0,0.0,0.0,0.0,1580.0465396473032,1167.3957637340686,0.0,0.0,1868.0465396473035,0.0,0.0,0.0,223.104,944.2917637340686,1.0,0.0,0.0,0.0,0.16666666666666666,0.5
155,2024-06-03,1575.6939382100722,1167.3957637340686,254754.4247460562,205323.89905692416,0.9845000000000017,0.9845000000000017,58.00224740782355,18.480522111099965,96.47723345879378,24.46811079888758,0.0,0.0,0.0,0.0,1575.6939382100722,1167.3957637340686,0.0,0.0,1863.6939382100722,0.0,0.0,0.0,223.104,944.2917637340686,1.0,0.0,0.0,0.0,0.16666666666666666,0.5
156,2024-06-04,1571.301127730436,1167.3957637340686,256325.72587378664,206491.29482065822,0.9844000000000017,0.9844000000000017,49.90376761175389,12.242637036004716,85.66986252137507,22.328667820568672,0.0,0.0,0.0,0.0,1571.301127730436,1167.3957637340686,0.0,0.0,1859.301127730436,0.0,0.0,0.0,223.104,944.2917637340686,1.0,0.0,0.0,0.0,0.16666666666666666,0.5
157,2024-06-05,1566.8694098929432,1167.3957637340686,257892.59528367958,207658.6905843923,0.9843000000000017,0.9843000000000017,51.25328056874441,18.869583597441927,89.12946767060686,20.833692420997025,0.0,0.0,0.0,0.0,1566.8694098929432,1167.3957637340686,0.0,0.0,1854.8694098929434,0.0,0.0,0.0,223.104,944.2917637340686,1.0,0.0,0.0,0.0,0.16666666666666666,0.5
158,2024-06-06,1562.4000979112313,1167.3957637340686,259454.9953815908,208826.08634812635,0.9842000000000017,0.9842000000000017,57.12307572777638,18.335920908732746,92.00197513435971,23.47027982057058,0.0,0.0,0.0,0.0,1562.4000979112313,1167.3957637340686,0.0,0.0,1850.4000979112311,0.0,0.0,0.0,223.104,944.2917637340686,1.0,0.0,0.0,0.0,0.16666666666666666,0.5
159,2024-06-07,1557.8945161388986,1167.3957637340686,261012.8898977297,209993.48211186042,0.9841000000000018,0.9841000000000018,55.512062015431745,17.62722258857393,94.6896641319205,26.029178719014396,0.0,0.0,0.0,0.0,1557.8945161388986,1167.3957637340686,0.0,0.0,1845.8945161388986,0.0,0.0,0.0,223.104,944.2917637340686,1.0,0.0,0.0,0.0,0.16666666666666666,0.5
160,2024-06-08,1553.353999677062,1167.3957637340686,262566.2438974068,211160.87787559448,0.9840000000000018,0.9840000000000018,56.11927544952411,19.50291167575418,91.21505252292972,25.009011769601614,0.0,0.0,0.0,0.0,1553.353999677062,1167.3957637340686,0.0,0.0,1841.353999677062,0.0,0.0,0.0,223.104,944.2917637340686,1.0,0.0,0.0,0.0,0.16666666666666666,0.5
161,2024-06-09,1548.7798939787424,1167.3957637340686,264115.0237913855,212328.27363932854,0.9839000000000018,0.9839000000000018,57.249812554539375,24.798302845844297,94.74381773989363,24.50491797083032,0.0,0.0,0.0,0.0,1548.7798939787424,1167.3957637340686,0.0,0.0,1836.7798939787424,0.0,0.0,0.0,223.104,944.2917637340686,1.0,0.0,0.0,0.0,0.16666666666666666,0.5
162,2024-06-10,1544.1735544501737,1167.3957637340686,265659.1973458357,213495.6694030626,0.9838000000000018,0.9838000000000018,54.667112251466506,17.311472839396963,93.71659984941681,23.0141162516265,0.0,0.0,0.0,0.0,1544.1735544501737,1167.3957637340686,0.0,0.0,1832.173554450174,0.0,0.0,0.0,223.104,944.2917637340686,1.0,0.0,0.0,0.0,0.16666666666666666,0.5
163,2024-06-11,1539.5363460491703,1167.3957637340686,267198.73369188485,214663.06516679667,0.9837000000000018,0.9837000000000018,48.05194379484033,10.0,84.41638901590183,22.092979627759593,0.0,0.0,0.0,0.0,1539.5363460491703,1167.3957637340686,0.0,0.0,1827.5363460491703,0.0,0.0,0.0,223.104,944.2917637340686,1.0,0.0,0.0,0.0,0.16666666666666666,0.5
164,2024-06-12,1534.869642880665,1167.3957637340686,268733.60333476553,215830.46093053074,0.9836000000000018,0.9836000000000018,48.27614394009111,13.567573136266322,76.73007701555984,20.860408069486283,0.0,0.0,0.0,0.0,1534.869642880665,1167.3957637340686,0.0,0.0,1822.869642880665,0.0,0.0,0.0,223.104,944.2917637340686,1.0,0.0,0.0,0.0,0.16666666666666666,0.5
165,2024-06-13,1530.1748277895183,1167.3957637340686,270263.77816255507,216997.8566942648,0.9835000000000018,0.9835000000000018,53.78765475232228,14.823358090284554,94.8189481708225,24.34404659013728,0.0,0.0,0.0,0.0,1530.1748277895183,1167.3957637340686,0.0,0.0,1818.1748277895183,0.0,0.0,0.0,223.104,944.2917637340686,1.0,0.0,0.0,0.0,0.16666666666666666,0.5
166,2024-06-14,1525.4532919507642,1167.3957637340686,271789.2314545058,218165.25245799887,0.9834000000000018,0.9834000000000018,53.053755036506686,13.013677824826463,91.75922723341165,24.40573938943932,0.0,0.0,0.0,0.0,1525.4532919507642,1167.3957637340686,0.0,0.0,1813.4532919507642,0.0,0.0,0.0,223.104,944.2917637340686,1.0,0.0,0.0,0.0,0.16666666666666666,0.5
167,2024-06-15,1520.706434457375,1167.3957637340686,273309.9378889632,219332.64822173293,0.9833000000000018,0.9833000000000018,53.60859439069271,17.428317786435557,83.29528741960527,22.99368063099335,0.0,0.0,0.0,0.0,1520.706434457375,1167.3957637340686,0.0,0.0,1808.706434457375,0.0,0.0,0.0,223.104,944.2917637340686,1.0,0.0,0.0,0.0,0.16666666666666666,0.5
168,2024-06-16,1515.9356619056655,1167.3957637340686,274825.8735508689,220500.043985467,0.9832000000000019,0.9832000000000019,54.084757046952774,16.082525823022824,92.2223210947988,23.694946828958937,0.0,0.0,0.0,0.0,1515.9356619056655,1167.3957637340686,0.0,0.0,1803.9356619056655,0.0,0.0,0.0,223.104,944.2917637340686,1.0,0.0,0.0,0.0,0.16666666666666666,0.5
169,2024-06-17,1511.1423879785102,1167.3957637340686,276337.0159388474,221667.43974920106,0.9831000000000019,0.9831000000000019,54.295752269055505,19.42700840036975,91.41062844682301,23.93647549710849,0.0,0.0,0.0,0.0,1511.1423879785102,1167.3957637340686,0.0,0.0,1799.1423879785102,0.0,0.0,0.0,223.104,944.2917637340686,1.0,0.0,0.0,0.0,0.16666666666666666,0.5
170,2024-06-18,1506.328033026417,1167.3957637340686,277843.3439718738,222834.83551293513,0.9830000000000019,0.9830000000000019,47.041755777639985,12.632368956227694,78.65707182542882,20.475728397053345,0.0,0.0,0.0,0.0,1506.328033026417,1167.3957637340686,0.0,0.0,1794.3280330264174,0.0,0.0,0.0,223.104,944.2917637340686,1.0,0.0,0.0,0.0,0.16666666666666666,0.5
171,2024-06-19,1501.4940236466623,1167.3957637340686,279344.83799552044,224002.2312766692,0.9829000000000019,0.9829000000000019,48.9682310743278,12.990856747554899,82.20521344427065,19.87644404320426,0.0,0.0,0.0,0.0,1501.4940236466623,1167.3957637340686,0.0,0.0,1789.4940236466623,0.0,0.0,0.0,223.104,944.2917637340686,1.0,0.0,0.0,0.0,0.16666666666666666,0.5
172,2024-06-20,1496.6417922605506,1167.3957637340686,280841.479787781,225169.62704040325,0.9828000000000019,0.9828000000000019,53.598397204497225,18.057485063318573,90.27789539275321,22.853427202361654,0.0,0.0,0.0,0.0,1496.6417922605506,1167.3957637340686,0.0,0.0,1784.641792260551,0.0,0.0,0.0,223.104,944.2917637340686,1.0,0.0,0.0,0.0,0.16666666666666666,0.5
173,2024-06-21,1491.7727766889623,1167.3957637340686,282333.25256447,226337.02280413732,0.9827000000000019,0.9827000000000019,52.18009420636238,10.0,81.3643735115094,21.302464644246747,0.0,0.0,0.0,0.0,1491.7727766889623,1167.3957637340686,0.0,0.0,1779.7727766889625,0.0,0.0,0.0,223.104,944.2917637340686,1.0,0.0,0.0,0.0,0.16666666666666666,0.5
174,2024-06-22,1486.8884197262926,1167.3957637340686,283820.1409841963,227504.41856787138,0.9826000000000019,0.9826000000000019,52.56714802354111,22.237477784540694,85.13018547760589,22.025466068972758,0.0,0.0,0.0,0.0,1486.8884197262926,1167.3957637340686,0.0,0.0,1774.8884197262926,0.0,0.0,0.0,223.104,944.2917637340686,1.0,0.0,0.0,0.0,0.16666666666666666,0.5
175,2024-06-23,1481.990168712924,1167.3957637340686,285302.1311529092,228671.81433160545,0.9825000000000019,0.9825000000000019,52.41632691305734,16.961802194426305,87.88368049845059,21.87677538650665,0.0,0.0,0.0,0.0,1481.990168712924,1167.3957637340686,0.0,0.0,1769.9901687129245,0.0,0.0,0.0,223.104,944.2917637340686,1.0,0.0,0.0,0.0,0.16666666666666666,0.5
176,2024-06-24,1477.0794751063438,1167.3957637340686,286779.2106280155,229839.2100953395,0.9824000000000019,0.9824000000000019,51.84052836582319,18.47663613101207,89.86916030529927,23.10327732477153,0.0,0.0,0.0,0.0,1477.0794751063438,1167.3957637340686,0.0,0.0,1765.0794751063438,0.0,0.0,0.0,223.104,944.2917637340686,1.0,0.0,0.0,0.0,0.16666666666666666,0.5
177,2024-06-25,1472.1577940510485,1167.3957637340686,288251.36842206656,231006.60585907358,0.982300000000002,0.982300000000002,46.580527876769764,13.568321833731435,86.89891018592789,22.36856973685014,0.0,0.0,0.0,0.0,1472.1577940510485,1167.3957637340686,0.0,0.0,1760.1577940510485,0.0,0.0,0.0,223.104,944.2917637340686,1.0,0.0,0.0,0.0,0.16666666666666666,0.5
178,2024-06-26,1467.2265839473534,1167.3957637340686,289718.59500601393,232174.00162280764,0.982200000000002,0.982200000000002,45.48327809679467,10.0,82.59713784200545,20.257658081014302,0.0,0.0,0.0,0.0,1467.2265839473534,1167.3957637340686,0.0,0.0,1755.2265839473544,0.0,0.0,0.0,223.104,944.2917637340686,1.0,0.0,0.0,0.0,0.16666666666666666,0.5
179,2024-06-27,1462.2873060192364,1167.3957637340686,291180.88231203315,233341.3973865417,0.982100000000002,0.982100000000002,50.293670015781366,19.739926065661344,84.63698275983232,22.219037242263592,0.0,0.0,0.0,0.0,1462.2873060192364,1167.3957637340686,0.0,0.0,1750.2873060192364,0.0,0.0,0.0,223.104,944.2917637340686,1.0,0.0,0.0,0.0,0.16666666666666666,0.5
180,2024-06-28,1457.3414238813477,1167.3957637340686,292638.2237359145,234508.79315027577,0.982000000000002,0.982000000000002,49.835825691875414,14.62211861027689,81.54720449284363,21.68032823015558,0.0,0.0,0.0,0.0,1457.3414238813477,1167.3957637340686,0.0,0.0,1745.3414238813477,0.0,0.0,0.0,223.104,944.2917637340686,1.0,0.0,0.0,0.0,0.16666666666666666,0.5
181,2024-06-29,1452.3904031053057,1207.9546446842241,294090.6141390198,235716.74779495999,0.981900000000002,0.981900000000002,50.463904367554015,18.16654470504829,84.16470695437846,21.953880993652756,0.0,0.0,0.0,0.0,1452.3904031053057,1207.9546446842241,0.0,0.0,1740.3904031053057,0.0,0.0,308.54768608793574,899.4069585962886,0.0,1.0,0.0,0.0,0.16666666666666666,0.5,0.0
182,2024-06-30,1447.4357107854141,1207.9546446842241,295538.0498498052,236924.7024396442,0.981800000000002,0.981800000000002,50.2548836329419,18.102318227714147,81.4760155602633,20.8676143762446,0.0,0.0,0.0,0.0,1447.4357107854141,1207.9546446842241,0.0,0.0,1735.4357107854141,0.0,0.0,308.54768608793574,899.4069585962886,0.0,1.0,0.0,0.0,0.16666666666666666,0.5,0.0
183,2024-07-01,1442.478815103943,1207.9546446842241,296980.5286649091,238132.6570843284,0.981700000000002,0.981700000000002,50.06554204053332,12.704159377157888,82.6025192702813,21.579643256957766,0.0,0.0,0.0,0.0,1442.478815103943,1207.9546446842241,0.0,0.0,1730.478815103941,0.0,0.0,308.54768608793574,899.4069585962886,0.0,1.0,0.0,0.0,0.16666666666666666,0.5,0.0
184,2024-07-02,1437.521184896057,1207.9546446842241,298418.0498498052,239340.61172901263,0.981600000000002,0.981600000000002,42.71620338190061,16.044184517481604,78.11852269037225,19.42885007439503,0.0,0.0,0.0,0.0,1437.521184896057,1207.9546446842241,0.0,0.0,1725.521184896059,0.0,0.0,308.54768608793574,899.4069585962886,0.0,1.0,0.0,0.0,0.16666666666666666,0.5,0.0
185,2024-07-03,1432.5642892145859,1207.9546446842241,299850.6141390198,240548.56637369684,0.981500000000002,0.981500000000002,42.71137508936929,13.360873429171757,76.66959595927915,19.440247375742192,0.0,0.0,0.0,0.0,1432.5642892145859,1207.9546446842241,0.0,0.0,1720.564289214586,0.0,0.0,308.54768608793574,899.4069585962886,0.0,1.0,0.0,0.0,0.16666666666666666,0.5,0.0
186,2024-07-04,1427.6095968946943,1207.9546446842241,301278.2237359145,241756.52101838106,0.981400000000002,0.981400000000002,47.71866358162683,15.803865296189482,86.31976424041842,20.88002718406854,0.0,0.0,0.0,0.0,1427.6095968946943,1207.9546446842241,0.0,0.0,1715.6095968946943,0.0,0.0,308.54768608793574,899.4069585962886,0.0,1.0,0.0,0.0,0.16666666666666666,0.5,0.0
187,2024-07-05,1422.6585761186523,1207.9546446842241,302700.88231203315,242964.47566306527,0.9813000000000021,0.9813000000000021,48.30592029452958,14.823469300870025,82.9649847796386,21.64767504647538,0.0,0.0,0.0,0.0,1422.6585761186523,1207.9546446842241,0.0,0.0,1710.6585761186523,0.0,0.0,308.54768608793574,899.4069585962886,0.0,1.0,0.0,0.0,0.16666666666666666,0.5,0.0
188,2024-07-06,1417.7126939807636,1207.9546446842241,304118.59500601393,244172.43030774948,0.9812000000000021,0.9812000000000021,48.765660085379146,15.12779157634945,86.50993392651182,22.049489012013154,0.0,0.0,0.0,0.0,1417.7126939807636,1207.9546446842241,0.0,0.0,1705.7126939807636,0.0,0.0,308.54768608793574,899.4069585962886,0.0,1.0,0.0,0.0,0.16666666666666666,0.5,0.0
189,2024-07-07,1412.7734160526456,1207.9546446842241,305531.36842206656,245380.3849524337,0.9811000000000021,0.9811000000000021,49.86392016027984,17.201720639991972,87.00697759821028,21.874788612002813,0.0,0.0,0.0,0.0,1412.7734160526456,1207.9546446842241,0.0,0.0,1700.7734160526456,0.0,0.0,308.54768608793574,899.4069585962886,0.0,1.0,0.0,0.0,0.16666666666666666,0.5,0.0
190,2024-07-08,1407.8422059489517,1207.9546446842241,306939.2106280155,246588.3395971179,0.9810000000000021,0.9810000000000021,49.77308174747202,18.22311473374477,87.27703592116384,21.892317300610117,0.0,0.0,0.0,0.0,1407.8422059489517,1207.9546446842241,0.0,0.0,1695.8422059489515,0.0,0.0,308.54768608793574,899.4069585962886,0.0,1.0,0.0,0.0,0.16666666666666666,0.5,0.0
191,2024-07-09,1402.9205248936564,1207.9546446842241,308342.1311529092,247796.29424180213,0.9809000000000021,0.9809000000000021,43.915785250468026,16.568058708648532,72.52034370937025,17.11843386673459,0.0,0.0,0.0,0.0,1402.9205248936564,1207.9546446842241,0.0,0.0,1690.9205248936562,0.0,0.0,308.54768608793574,899.4069585962886,0.0,1.0,0.0,0.0,0.16666666666666666,0.5,0.0
192,2024-07-10,1398.009831287076,1207.9546446842241,309740.1409841963,249004.24888648634,0.9808000000000021,0.9808000000000021,42.8355055625502,16.311986087714182,67.90414217649776,15.876649107581127,0.0,0.0,0.0,0.0,1398.009831287076,1207.9546446842241,0.0,0.0,1686.0098312870757,0.0,0.0,308.54768608793574,899.4069585962886,0.0,1.0,0.0,0.0,0.16666666666666666,0.5,0.0
193,2024-07-11,1393.1115802737074,1207.9546446842241,311133.25256447,250212.20353117055,0.9807000000000021,0.9807000000000021,49.48810859489377,14.844712897268721,82.62170715311461,21.841594477869016,0.0,0.0,0.0,0.0,1393.1115802737074,1207.9546446842241,0.0,0.0,1681.1115802737074,0.0,0.0,308.54768608793574,899.4069585962886,0.0,1.0,0.0,0.0,0.16666666666666666,0.5,0.0
194,2024-07-12,1388.227223311038,1207.9546446842241,312521.479787781,251420.15817585477,0.9806000000000021,0.9806000000000021,47.54883713004682,19.495317543150676,81.40179210087838,20.954914511833728,0.0,0.0,0.0,0.0,1388.227223311038,1207.9546446842241,0.0,0.0,1676.2272233110377,0.0,0.0,308.54768608793574,899.4069585962886,0.0,1.0,0.0,0.0,0.16666666666666666,0.5,0.0
195,2024-07-13,1383.3582077394494,1207.9546446842241,313904.83799552044,252628.11282053898,0.9805000000000021,0.9805000000000021,46.447599659639515,14.626748300930437,76.0675572057727,20.83479018414787,0.0,0.0,0.0,0.0,1383.3582077394494,1207.9546446842241,0.0,0.0,1671.3582077394512,0.0,0.0,308.54768608793574,899.4069585962886,0.0,1.0,0.0,0.0,0.16666666666666666,0.5,0.0
196,2024-07-14,1378.5059763533388,1207.9546446842241,315283.3439718738,253836.0674652232,0.9804000000000022,0.9804000000000022,47.21308014491785,16.819699909395727,81.40924092442839,20.740597966273196,0.0,0.0,0.0,0.0,1378.5059763533388,1207.9546446842241,0.0,0.0,1666.5059763533377,0.0,0.0,308.54768608793574,899.4069585962886,0.0,1.0,0.0,0.0,0.16666666666666666,0.5,0.0
197,2024-07-15,1373.671966973583,1207.9546446842241,316657.0159388474,255044.0221099074,0.9803000000000022,0.9803000000000022,45.9229860630386,11.907172527069502,83.93362271863066,20.441934193694017,0.0,0.0,0.0,0.0,1373.671966973583,1207.9546446842241,0.0,0.0,1661.6719669735828,0.0,0.0,308.54768608793574,899.4069585962886,0.0,1.0,0.0,0.0,0.16666666666666666,0.5,0.0
198,2024-07-16,1368.8576120214898,1207.9546446842241,318025.8735508689,256251.97675459163,0.9802000000000022,0.9802000000000022,42.06451107545728,13.773905614323738,68.3517312752438,17.103000371606335,0.0,0.0,0.0,0.0,1368.8576120214898,1207.9546446842241,0.0,0.0,1656.8576120214898,0.0,0.0,308.54768608793574,899.4069585962886,0.0,1.0,0.0,0.0,0.16666666666666666,0.5,0.0
199,2024-07-17,1364.0643380943343,1207.9546446842241,319389.9378889632,257459.93139927584,0.9801000000000022,0.9801000000000022,40.10459311702309,14.124693934407667,65.3322269367169,17.986931673656617,0.0,0.0,0.0,0.0,1364.0643380943343,1207.9546446842241,0.0,0.0,1652.0643380943345,0.0,0.0,308.54768608793574,899.4069585962886,0.0,1.0,0.0,0.0,0.16666666666666666,0.5,0.0
200,2024-07-18,1359.293565542625,1207.9546446842241,320749.2314545058,258667.88604396005,0.9800000000000022,0.9800000000000022,45.776583174204404,10.0,81.73754898934874,21.336934192412087,0.0,0.0,0.0,0.0,1359.293565542625,1207.9546446842241,0.0,0.0,1647.293565542625,0.0,0.0,308.54768608793574,899.4069585962886,0.0,1.0,0.0,0.0,0.16666666666666666,0.5,0.0
201,2024-07-19,1354.5467080492356,1207.9546446842241,322103.77816255507,259875.84068864427,0.9799000000000022,0.9799000000000022,45.95787961766098,12.42490774432833,75.56595235153814,20.74773322608518,0.0,0.0,0.0,0.0,1354.5467080492356,1207.9546446842241,0.0,0.0,1642.5467080492358,0.0,0.0,308.54768608793574,899.4069585962886,0.0,1.0,0.0,0.0,0.16666666666666666,0.5,0.0
202,2024-07-20,1349.8251722104817,1207.9546446842241,323453.60333476553,261083.79533332848,0.9798000000000022,0.9798000000000022,45.55129915118393,18.792005774508908,75.26833705148951,19.84026336179769,0.0,0.0,0.0,0.0,1349.8251722104817,1207.9546446842241,0.0,0.0,1637.8251722104817,0.0,0.0,308.54768608793574,899.4069585962886,0.0,1.0,0.0,0.0,0.16666666666666666,0.5,0.0
203,2024-07-21,1345.130357119335,1207.9546446842241,324798.73369188485,262291.7499780127,0.9797000000000022,0.9797000000000022,45.11758497585129,11.908883306851484,74.56663045828698,19.361518148588853,0.0,0.0,0.0,0.0,1345.130357119335,1207.9546446842241,0.0,0.0,1633.130357119335,0.0,0.0,308.54768608793574,899.4069585962886,0.0,1.0,0.0,0.0,0.16666666666666666,0.5,0.0
204,2024-07-22,1340.4636539508294,1207.9546446842241,326139.1973458357,263499.7046226969,0.9796000000000022,0.9796000000000022,45.83156269120403,12.051688642108365,79.72629061138734,20.774834613395345,0.0,0.0,0.0,0.0,1340.4636539508294,1207.9546446842241,0.0,0.0,1628.4636539508297,0.0,0.0,308.54768608793574,899.4069585962886,0.0,1.0,0.0,0.0,0.16666666666666666,0.5,0.0
205,2024-07-23,1335.8264455498268,1207.9546446842241,327475.0237913855,264707.6592673811,0.9795000000000023,0.9795000000000023,39.043308305217316,10.0,63.468685766751435,18.17938512017462,0.0,0.0,0.0,0.0,1335.8264455498268,1207.9546446842241,0.0,0.0,1623.8264455498263,0.0,0.0,308.54768608793574,899.4069585962886,0.0,1.0,0.0,0.0,0.16666666666666666,0.5,0.0
206,2024-07-24,1331.2201060212576,1207.9546446842241,328806.2438974068,265915.61391206534,0.9794000000000023,0.9794000000000023,41.11508441336301,15.780350438118454,71.96248503677708,16.78097420923584,0.0,0.0,0.0,0.0,1331.2201060212576,1207.9546446842241,0.0,0.0,1619.2201060212576,0.0,0.0,308.54768608793574,899.4069585962886,0.0,1.0,0.0,0.0,0.16666666666666666,0.5,0.0
207,2024-07-25,1326.646000322938,1207.9546446842241,330132.88989772974,267123.56855674955,0.9793000000000023,0.9793000000000023,43.591785310257585,14.469928833811835,73.42710335074621,18.278811039498276,0.0,0.0,0.0,0.0,1326.646000322938,1207.9546446842241,0.0,0.0,1614.6460003229383,0.0,0.0,308.54768608793574,899.4069585962886,0.0,1.0,0.0,0.0,0.16666666666666666,0.5,0.0
208,2024-07-26,1322.1054838611014,1207.9546446842241,331454.99538159085,268331.52320143377,0.9792000000000023,0.9792000000000023,43.13419570516921,13.471873309874656,71.99826437520238,18.628188042701343,0.0,0.0,0.0,0.0,1322.1054838611014,1207.9546446842241,0.0,0.0,1610.1054838611014,0.0,0.0,308.54768608793574,899.4069585962886,0.0,1.0,0.0,0.0,0.16666666666666666,0.5,0.0
209,2024-07-27,1317.5999020887687,1207.9546446842241,332772.5952836796,269539.477846118,0.9791000000000023,0.9791000000000023,40.949461224281464,10.0,72.32667757896745,19.356927484168796,0.0,0.0,0.0,0.0,1317.5999020887687,1207.9546446842241,0.0,0.0,1605.5999020887687,0.0,0.0,308.54768608793574,899.4069585962886,0.0,1.0,0.0,0.0,0.16666666666666666,0.5,0.0
210,2024-07-28,1313.130590107057,1207.9546446842241,334085.72587378667,270747.4324908022,0.9790000000000023,0.9790000000000023,42.07592626073948,10.0,71.53593344580612,18.918998488751907,0.0,0.0,0.0,0.0,1313.130590107057,1207.9546446842241,0.0,0.0,1601.130590107057,0.0,0.0,308.54768608793574,899.4069585962886,0.0,1.0,0.0,0.0,0.16666666666666666,0.5,0.0
211,2024-07-29,1308.698872269564,1217.1526739727055,335394.4247460562,271964.5851647749,0.9789000000000023,0.9789000000000023,43.52709025205515,16.356576024545344,80.66797835791176,18.990508879819625,0.0,0.0,0.0,0.0,1308.698872269564,1217.1526739727055,0.0,0.0,1596.698872269564,0.0,0.0,57.672,843.0569811815797,316.42369279112586,1.0,0.0,0.0,0.0625,0.5,0.16666666666666666
212,2024-07-30,1304.3060617899278,1217.1526739727055,336698.7308078461,273181.7378387476,0.9788000000000023,0.9788000000000023,39.49070028493668,13.530802416945203,69.57918096638319,17.85173684197214,0.0,0.0,0.0,0.0,1304.3060617899278,1217.1526739727055,0.0,0.0,1592.3060617899278,0.0,0.0,57.672,843.0569811815797,316.42369279112586,1.0,0.0,0.0,0.0625,0.5,0.16666666666666666
213,2024-07-31,1299.953460352697,1188.780985815036,337998.6842681988,274370.51882456266,0.9787000000000023,0.9787000000000023,37.81087772851711,10.0,66.98746739731206,18.376964649003643,0.0,0.0,0.0,0.0,1299.953460352697,1188.780985815036,0.0,0.0,1587.9534603526968,0.0,0.0,136.7686128946017,843.0569811815797,208.95539173885464,1.0,0.0,0.0,0.09375,0.5,0.125
214,2024-08-01,1295.6423577276166,1217.1526739727055,339294.3266259264,275587.6714985354,0.9786000000000024,0.9786000000000024,44.22882097419259,11.256598312519682,74.11173250117184,18.579465865140467,0.0,0.0,0.0,0.0,1295.6423577276166,1217.1526739727055,0.0,0.0,1583.6423577276162,0.0,0.0,57.672,843.0569811815797,316.42369279112586,1.0,0.0,0.0,0.0625,0.5,0.16666666666666666
215,2024-08-02,1291.3740313874348,1217.1526739727055,340585.70065731386,276804.8241725081,0.9785000000000024,0.9785000000000024,41.32382832466505,10.0,72.18840776429823,18.82626833503372,0.0,0.0,0.0,0.0,1291.3740313874348,1217.1526739727055,0.0,0.0,1579.3740313874348,0.0,0.0,57.672,843.0569811815797,316.42369279112586,1.0,0.0,0.0,0.0625,0.5,0.16666666666666666
216,2024-08-03,1287.1497461293625,1217.1526739727055,341872.8504034432,278021.9768464808,0.9784000000000024,0.9784000000000024,42.218879023976825,10.0,67.34201301369039,17.8809743623385,0.0,0.0,0.0,0.0,1287.1497461293625,1217.1526739727055,0.0,0.0,1575.1497461293625,0.0,0.0,57.672,843.0569811815797,316.42369279112586,1.0,0.0,0.0,0.0625,0.5,0.16666666666666666
217,2024-08-04,1282.9707537002923,1217.1526739727055,343155.8211571435,279239.1295204535,0.9783000000000024,0.9783000000000024,40.52891775108935,12.461079968449388,68.34527713891254,18.10064998331207,0.0,0.0,0.0,0.0,1282.9707537002923,1217.1526739727055,0.0,0.0,1570.9707537002937,0.0,0.0,57.672,843.0569811815797,316.42369279112586,1.0,0.0,0.0,0.0625,0.5,0.16666666666666666
218,2024-08-05,1278.8382924258692,1217.1526739727055,344434.65944956936,280456.2821944262,0.9782000000000024,0.9782000000000024,41.282213271959186,10.374934363680135,74.80301851431057,19.60076899591187,0.0,0.0,0.0,0.0,1278.8382924258692,1217.1526739727055,0.0,0.0,1566.8382924258694,0.0,0.0,57.672,843.0569811815797,316.42369279112586,1.0,0.0,0.0,0.0625,0.5,0.16666666666666666
219,2024-08-06,1274.753586843555,1217.1526739727055,345709.4130364129,281673.43486839894,0.9781000000000024,0.9781000000000024,36.553524354276796,10.0,56.94432307190133,16.780767247418947,0.0,0.0,0.0,0.0,1274.753586843555,1217.1526739727055,0.0,0.0,1562.753586843555,0.0,0.0,57.672,843.0569811815797,316.42369279112586,1.0,0.0,0.0,0.0625,0.5,0.16666666666666666
220,2024-08-07,1270.7178473397673,1217.1526739727055,346980.13088375266,282890.58754237165,0.9780000000000024,0.9780000000000024,37.95273464826004,10.0,62.27983903227588,13.792348832137296,0.0,0.0,0.0,0.0,1270.7178473397673,1217.1526739727055,0.0,0.0,1558.7178473397669,0.0,0.0,57.672,843.0569811815797,316.42369279112586,1.0,0.0,0.0,0.0625,0.5,0.16666666666666666
221,2024-08-08,1266.7322697912223,1217.1526739727055,348246.8631535439,284107.74021634436,0.9779000000000024,0.9779000000000024,40.804239583529444,11.131055666437616,70.7091359930642,18.14259755166156,0.0,0.0,0.0,0.0,1266.7322697912223,1217.1526739727055,0.0,0.0,1554.7322697912223,0.0,0.0,57.672,843.0569811815797,316.42369279112586,1.0,0.0,0.0,0.0625,0.5,0.16666666666666666
222,2024-08-09,1262.798035210561,1217.1526739727055,349509.6611887545,285324.8928903171,0.9778000000000024,0.9778000000000024,40.649971020875995,10.0,69.7043334733848,16.494094283337716,0.0,0.0,0.0,0.0,1262.798035210561,1217.1526739727055,0.0,0.0,1550.798035210561,0.0,0.0,57.672,843.0569811815797,316.42369279112586,1.0,0.0,0.0,0.0625,0.5,0.16666666666666666
223,2024-08-10,1258.9163093963998,1217.1526739727055,350768.5774981509,286542.0455642898,0.9777000000000025,0.9777000000000025,40.43835016427,11.39608145986529,68.19061878884227,17.366475943394995,0.0,0.0,0.0,0.0,1258.9163093963998,1217.1526739727055,0.0,0.0,1546.9163093963994,0.0,0.0,57.672,843.0569811815797,316.42369279112586,1.0,0.0,0.0,0.0625,0.5,0.16666666666666666
224,2024-08-11,1255.0882425878697,1217.1526739727055,352023.66574073874,287759.1982382625,0.9776000000000025,0.9776000000000025,39.323286413489996,10.0,71.62735007682286,20.093689620476418,0.0,0.0,0.0,0.0,1255.0882425878697,1217.1526739727055,0.0,0.0,1543.0882425878701,0.0,0.0,57.672,843.0569811815797,316.42369279112586,1.0,0.0,0.0,0.0625,0.5,0.16666666666666666
225,2024-08-12,1251.3149691237832,1217.1526739727055,353274.98070986255,288976.3509122352,0.9775000000000025,0.9775000000000025,38.86813997829075,11.007147144862898,72.62442014948616,19.06982052003213,0.0,0.0,0.0,0.0,1251.3149691237832,1217.1526739727055,0.0,0.0,1539.3149691237845,0.0,0.0,57.672,843.0569811815797,316.42369279112586,1.0,0.0,0.0,0.0625,0.5,0.16666666666666666
226,2024-08-13,1247.597607106502,1217.1526739727055,354522.57831696904,290193.5035862079,0.9774000000000025,0.9774000000000025,37.293347438517294,11.301652889828784,67.32712423170643,16.79597939226671,0.0,0.0,0.0,0.0,1247.597607106502,1217.1526739727055,0.0,0.0,1535.597607106502,0.0,0.0,57.672,843.0569811815797,316.42369279112586,1.0,0.0,0.0,0.0625,0.5,0.16666666666666666
227,2024-08-14,1243.93725807062,1217.1526739727055,355766.51557503967,291410.65626018064,0.9773000000000025,0.9773000000000025,34.41215121097968,10.679027338658305,59.896325092825414,15.858839720896677,0.0,0.0,0.0,0.0,1243.93725807062,1217.1526739727055,0.0,0.0,1531.93725807062,0.0,0.0,57.672,843.0569811815797,316.42369279112586,1.0,0.0,0.0,0.0625,0.5,0.16666666666666666
228,2024-08-15,1240.3350066565506,1217.1526739727055,357006.8505816962,292627.80893415335,0.9772000000000025,0.9772000000000025,38.60971514732909,10.020059476649012,74.0472462589342,18.537838369839804,0.0,0.0,0.0,0.0,1240.3350066565506,1217.1526739727055,0.0,0.0,1528.3350066565506,0.0,0.0,57.672,843.0569811815797,316.42369279112586,1.0,0.0,0.0,0.0625,0.5,0.16666666666666666
229,2024-08-16,1236.7919202891333,1217.1526739727055,358243.6425019853,293844.96160812606,0.9771000000000025,0.9771000000000025,39.17774670671851,11.199038747035166,75.06266254936362,18.74569564049414,0.0,0.0,0.0,0.0,1236.7919202891333,1217.1526739727055,0.0,0.0,1524.7919202891335,0.0,0.0,57.672,843.0569811815797,316.42369279112586,1.0,0.0,0.0,0.0625,0.5,0.16666666666666666
230,2024-08-17,1233.3090488613232,1217.1526739727055,359476.9515508466,295062.1142820988,0.9770000000000025,0.9770000000000025,39.4031796137704,10.0,69.27569093308759,18.053289824648054,0.0,0.0,0.0,0.0,1233.3090488613232,1217.1526739727055,0.0,0.0,1521.3090488613234,0.0,0.0,57.672,843.0569811815797,316.42369279112586,1.0,0.0,0.0,0.0625,0.5,0.16666666666666666
231,2024-08-18,1229.887424423092,1217.1526739727055,360706.8389752697,296279.2669560715,0.9769000000000025,0.9769000000000025,40.37472828163558,10.0,64.37951865109908,16.578769157687155,0.0,0.0,0.0,0.0,1229.887424423092,1217.1526739727055,0.0,0.0,1517.8874244230915,0.0,0.0,57.672,843.0569811815797,316.42369279112586,1.0,0.0,0.0,0.0625,0.5,0.16666666666666666
232,2024-08-19,1226.528060875604,1217.1526739727055,361933.3670361453,297496.4196300442,0.9768000000000026,0.9768000000000026,40.23961315582013,10.0,66.22748112264279,17.34646838959911,0.0,0.0,0.0,0.0,1226.528060875604,1217.1526739727055,0.0,0.0,1514.528060875604,0.0,0.0,57.672,843.0569811815797,316.42369279112586,1.0,0.0,0.0,0.0625,0.5,0.16666666666666666
233,2024-08-20,1223.2319536707816,1217.1526739727055,363156.5989898161,298713.5723040169,0.9767000000000026,0.9767000000000026,35.53847650118208,10.0,58.69053524412361,16.47112287342279,0.0,0.0,0.0,0.0,1223.2319536707816,1217.1526739727055,0.0,0.0,1511.2319536707819,0.0,0.0,57.672,843.0569811815797,316.42369279112586,1.0,0.0,0.0,0.0625,0.5,0.16666666666666666
234,2024-08-21,1220.0000795163232,1217.1526739727055,364376.5990693324,299930.7249779896,0.9766000000000026,0.9766000000000026,33.687281752188746,10.0,56.543601763229574,14.555347454285267,0.0,0.0,0.0,0.0,1220.0000795163232,1217.1526739727055,0.0,0.0,1508.0000795163237,0.0,0.0,57.672,843.0569811815797,316.42369279112586,1.0,0.0,0.0,0.0625,0.5,0.16666666666666666
235,2024-08-22,1216.8333960862917,1217.1526739727055,365593.4324654187,301147.87765196234,0.9765000000000026,0.9765000000000026,39.926660632338965,11.575204712912246,65.9981840182761,16.638875381058725,0.0,0.0,0.0,0.0,1216.8333960862917,1217.1526739727055,0.0,0.0,1504.8333960862915,0.0,0.0,57.672,843.0569811815797,316.42369279112586,1.0,0.0,0.0,0.0625,0.5,0.16666666666666666
236,2024-08-23,1213.7328417373303,1217.1526739727055,366807.16530715604,302365.03032593505,0.9764000000000026,0.9764000000000026,37.55181498022005,10.0,61.83479552019858,16.31456646980513,0.0,0.0,0.0,0.0,1213.7328417373303,1217.1526739727055,0.0,0.0,1501.73284173733,0.0,0.0,57.672,843.0569811815797,316.42369279112586,1.0,0.0,0.0,0.0625,0.5,0.16666666666666666
237,2024-08-24,1210.699335230607,1217.1526739727055,368017.8646423867,303582.18299990776,0.9763000000000026,0.9763000000000026,37.185589253948656,11.793716999131455,64.40276278957465,16.658767063854015,0.0,0.0,0.0,0.0,1210.699335230607,1217.1526739727055,0.0,0.0,1498.699335230607,0.0,0.0,57.672,843.0569811815797,316.42369279112586,1.0,0.0,0.0,0.0625,0.5,0.16666666666666666
238,2024-08-25,1207.733775459568,1217.1526739727055,369225.59841784625,304799.3356738805,0.9762000000000026,0.9762000000000026,37.776833417877235,10.0,62.45029751496918,16.76003810067277,0.0,0.0,0.0,0.0,1207.733775459568,1217.1526739727055,0.0,0.0,1495.733775459568,0.0,0.0,57.672,843.0569811815797,316.42369279112586,1.0,0.0,0.0,0.0625,0.5,0.16666666666666666
239,2024-08-26,1204.8370411835763,1217.1526739727055,370430.4354590298,306016.4883478532,0.9761000000000026,0.9761000000000026,37.62154959820369,12.682478504136665,63.20711670810405,15.282956861052682,0.0,0.0,0.0,0.0,1204.8370411835763,1217.1526739727055,0.0,0.0,1492.8370411835767,0.0,0.0,57.672,843.0569811815797,316.42369279112586,1.0,0.0,0.0,0.0625,0.5,0.16666666666666666
240,2024-08-27,1202.0099907675142,1217.1526739727055,371632.4454497973,307233.6410218259,0.9760000000000026,0.9760000000000026,33.86586107243566,15.718996546441248,57.799613992734535,14.246492803821367,0.0,0.0,0.0,0.0,1202.0099907675142,1217.1526739727055,0.0,0.0,1490.0099907675142,0.0,0.0,57.672,843.0569811815797,316.42369279112586,1.0,0.0,0.0,0.0625,0.5,0.16666666666666666
241,2024-08-28,1199.2534619274322,1088.663865978252,372831.6989117247,308322.30488780414,0.9759000000000027,0.9759000000000027,34.27366432615762,10.0,60.7027201085609,15.787014686455146,0.0,0.0,0.0,0.0,1199.2534619274322,1088.663865978252,0.0,0.0,1487.2534619274322,0.0,0.0,172.64688479667217,843.0569811815797,72.96000000000001,1.0,0.0,0.0,0.10416666666666667,0.5,0.08333333333333333
242,2024-08-29,1196.5682714823176,1088.663865978252,374028.26718320703,309410.9687537824,0.9758000000000027,0.9758000000000027,37.04331078519106,10.659390218359732,67.38874815726574,17.380771696466628,0.0,0.0,0.0,0.0,1196.5682714823176,1088.663865978252,0.0,0.0,1484.5682714823176,0.0,0.0,172.64688479667217,843.0569811815797,72.96000000000001,1.0,0.0,0.0,0.10416666666666667,0.5,0.08333333333333333
243,2024-08-30,1193.9552151120497,1088.663865978252,375222.2223983191,310499.63261976064,0.9757000000000027,0.9757000000000027,38.2193891091978,12.351178940676066,67.8348945493936,17.838667347042247,0.0,0.0,0.0,0.0,1193.9552151120497,1088.663865978252,0.0,0.0,1481.9552151120502,0.0,0.0,172.64688479667217,843.0569811815797,72.96000000000001,1.0,0.0,0.0,0.10416666666666667,0.5,0.08333333333333333
244,2024-08-31,1191.4150671216253,1088.663865978252,376413.6374654407,311588.2964857389,0.9756000000000027,0.9756000000000027,37.7101080235394,10.0,62.37690506542585,16.98066456935996,0.0,0.0,0.0,0.0,1191.4150671216253,1088.663865978252,0.0,0.0,1479.4150671216248,0.0,0.0,172.64688479667217,843.0569811815797,72.96000000000001,1.0,0.0,0.0,0.10416666666666667,0.5,0.08333333333333333
245,2024-09-01,1188.9485802117158,1121.283865978252,377602.58604565245,312709.58035171713,0.9755000000000027,0.9755000000000027,35.348421472103766,10.0,60.019114761453004,16.473113806237453,0.0,0.0,0.0,0.0,1188.9485802117158,1121.283865978252,0.0,0.0,1476.9485802117158,0.0,0.0,227.83488479667216,819.9289811815797,73.52000000000001,1.0,0.0,0.0,0.13541666666666666,0.4583333333333333,0.08333333333333333
246,2024-09-02,1186.5564852556217,1437.2565574851762,378789.14253090805,314146.83690920233,0.9754000000000027,0.9754000000000027,38.68603893820988,10.0,64.77097134237516,16.91337426298093,0.0,0.0,0.0,0.0,1186.5564852556217,1437.2565574851762,0.0,0.0,1474.5564852556217,0.0,0.0,143.90564491881003,1219.8309125663661,73.52000000000001,1.0,0.0,0.0,0.10416666666666667,0.5,0.08333333333333333
247,2024-09-03,1184.239491082706,1437.2565574851762,379973.3820219908,315584.09346668754,0.9753000000000027,0.9753000000000027,33.69832287869695,11.10298612570925,59.24034208275698,13.725280844727804,0.0,0.0,0.0,0.0,1184.239491082706,1437.2565574851762,0.0,0.0,1472.239491082706,0.0,0.0,143.90564491881003,1219.8309125663661,73.52000000000001,1.0,0.0,0.0,0.10416666666666667,0.5,0.08333333333333333
248,2024-09-04,1181.9982842683462,1437.2565574851762,381155.38030625915,317021.35002417275,0.9752000000000027,0.9752000000000027,33.65069049881359,11.582053024416625,61.838843392579406,14.607312713167786,0.0,0.0,0.0,0.0,1181.9982842683462,1437.2565574851762,0.0,0.0,1469.9982842683457,0.0,0.0,143.90564491881003,1219.8309125663661,73.52000000000001,1.0,0.0,0.0,0.10416666666666667,0.5,0.08333333333333333
249,2024-09-05,1179.833528930491,1437.2565574851762,382335.21383518964,318458.60658165795,0.9751000000000027,0.9751000000000027,36.91360688536742,10.0,64.40189776829166,16.050486876629396,0.0,0.0,0.0,0.0,1179.833528930491,1437.2565574851762,0.0,0.0,1467.8335289304905,0.0,0.0,143.90564491881003,1219.8309125663661,73.52000000000001,1.0,0.0,0.0,0.10416666666666667,0.5,0.08333333333333333
250,2024-09-06,1177.745866532866,1437.2565574851762,383512.9597017225,319895.86313914316,0.9750000000000028,0.9750000000000028,34.51502972349751,10.657557859480494,62.54841875018098,16.134476764887268,0.0,0.0,0.0,0.0,1177.745866532866,1437.2565574851762,0.0,0.0,1465.7458665328663,0.0,0.0,143.90564491881003,1219.8309125663661,73.52000000000001,1.0,0.0,0.0,0.10416666666666667,0.5,0.08333333333333333
251,2024-09-07,1175.7359156948949,1437.2565574851762,384688.6956174174,321333.11969662836,0.9749000000000028,0.9749000000000028,36.13598137227865,10.0,64.75083252959243,18.06275100143928,0.0,0.0,0.0,0.0,1175.7359156948949,1437.2565574851762,0.0,0.0,1463.7359156948949,0.0,0.0,143.90564491881003,1219.8309125663661,73.52000000000001,1.0,0.0,0.0,0.10416666666666667,0.5,0.08333333333333333
252,2024-09-08,1173.804272008389,1437.2565574851762,385862.49988942576,322770.37625411357,0.9748000000000028,0.9748000000000028,36.659510306712555,11.660276572416654,62.55773741972601,16.279252948601016,0.0,0.0,0.0,0.0,1173.804272008389,1437.2565574851762,0.0,0.0,1461.8042720083886,0.0,0.0,143.90564491881003,1219.8309125663661,73.52000000000001,1.0,0.0,0.0,0.10416666666666667,0.5,0.08333333333333333
253,2024-09-09,1171.9515078610618,1437.2565574851762,387034.45139728684,324207.63281159877,0.9747000000000028,0.9747000000000028,35.997164534849,10.0,61.95203479172581,15.831434397092057,0.0,0.0,0.0,0.0,1171.9515078610618,1437.2565574851762,0.0,0.0,1459.9515078610618,0.0,0.0,143.90564491881003,1219.8309125663661,73.52000000000001,1.0,0.0,0.0,0.10416666666666667,0.5,0.08333333333333333
254,2024-09-10,1170.1781722669157,1437.2565574851762,388204.62956955377,325644.889369084,0.9746000000000028,0.9746000000000028,31.672528944039232,10.0,58.07727505310601,14.43906170407118,0.0,0.0,0.0,0.0,1170.1781722669157,1437.2565574851762,0.0,0.0,1458.1781722669166,0.0,0.0,143.90564491881003,1219.8309125663661,73.52000000000001,1.0,0.0,0.0,0.10416666666666667,0.5,0.08333333333333333
255,2024-09-11,1168.4847907035585,1437.2565574851762,389373.11436025734,327082.1459265692,0.9745000000000028,0.9745000000000028,33.08023907795156,10.0,57.7222349745781,14.612802705336575,0.0,0.0,0.0,0.0,1168.4847907035585,1437.2565574851762,0.0,0.0,1456.4847907035585,0.0,0.0,143.90564491881003,1219.8309125663661,73.52000000000001,1.0,0.0,0.0,0.10416666666666667,0.5,0.08333333333333333
256,2024-09-12,1166.8718649564944,1437.2565574851762,390539.98622521386,328519.4024840544,0.9744000000000028,0.9744000000000028,34.658617188124154,10.0,60.246257699916214,15.961683316854499,0.0,0.0,0.0,0.0,1166.8718649564944,1437.2565574851762,0.0,0.0,1454.8718649564948,0.0,0.0,143.90564491881003,1219.8309125663661,73.52000000000001,1.0,0.0,0.0,0.10416666666666667,0.5,0.08333333333333333
257,2024-09-13,1165.3398729704318,1437.2565574851762,391705.3260981843,329956.6590415396,0.9743000000000028,0.9743000000000028,34.76471670495675,10.762151949098156,59.42163173206613,15.99467683099853,0.0,0.0,0.0,0.0,1165.3398729704318,1437.2565574851762,0.0,0.0,1453.3398729704313,0.0,0.0,143.90564491881003,1219.8309125663661,73.52000000000001,1.0,0.0,0.0,0.10416666666666667,0.5,0.08333333333333333
258,2024-09-14,1163.8892687076586,1437.2565574851762,392869.21536689193,331393.9155990248,0.9742000000000028,0.9742000000000028,35.11882695401974,10.0,64.51608258534654,14.774136336020792,0.0,0.0,0.0,0.0,1163.8892687076586,1437.2565574851762,0.0,0.0,1451.8892687076582,0.0,0.0,143.90564491881003,1219.8309125663661,73.52000000000001,1.0,0.0,0.0,0.10416666666666667,0.5,0.08333333333333333
259,2024-09-15,1162.5204820135257,1437.2565574851762,394031.73584890546,332831.17215651,0.9741000000000029,0.9741000000000029,35.40305847603597,10.0,64.05456180027855,15.294734591120482,0.0,0.0,0.0,0.0,1162.5204820135257,1437.2565574851762,0.0,0.0,1450.5204820135257,0.0,0.0,143.90564491881003,1219.8309125663661,73.52000000000001,1.0,0.0,0.0,0.10416666666666667,0.5,0.08333333333333333
260,2024-09-16,1161.2339184890698,1437.2565574851762,395192.96976739453,334268.4287139952,0.9740000000000029,0.9740000000000029,34.25296592640802,10.0,60.77872356677749,17.440656695444016,0.0,0.0,0.0,0.0,1161.2339184890698,1437.2565574851762,0.0,0.0,1449.2339184890693,0.0,0.0,143.90564491881003,1219.8309125663661,73.52000000000001,1.0,0.0,0.0,0.10416666666666667,0.5,0.08333333333333333
261,2024-09-17,1160.0299593708298,1437.2565574851762,396352.9997267654,335705.6852714804,0.9739000000000029,0.9739000000000029,33.44862212134092,10.0,54.861906669160305,13.940915204486718,0.0,0.0,0.0,0.0,1160.0299593708298,1437.2565574851762,0.0,0.0,1448.0299593708298,0.0,0.0,143.90564491881003,1219.8309125663661,73.52000000000001,1.0,0.0,0.0,0.10416666666666667,0.5,0.08333333333333333
262,2024-09-18,1158.908961417878,1437.2565574851762,397511.90868818323,337142.9418289656,0.9738000000000029,0.9738000000000029,31.32215538710493,11.165364037934395,52.58176875426679,14.095900256731722,0.0,0.0,0.0,0.0,1158.908961417878,1437.2565574851762,0.0,0.0,1446.9089614178774,0.0,0.0,143.90564491881003,1219.8309125663661,73.52000000000001,1.0,0.0,0.0,0.10416666666666667,0.5,0.08333333333333333
263,2024-09-19,1157.8712568060985,1437.2565574851762,398669.7799449893,338580.1983864508,0.9737000000000029,0.9737000000000029,37.12041297608332,10.79467682211935,67.20288187478482,15.30433834017711,0.0,0.0,0.0,0.0,1157.8712568060985,1437.2565574851762,0.0,0.0,1445.8712568060985,0.0,0.0,143.90564491881003,1219.8309125663661,73.52000000000001,1.0,0.0,0.0,0.10416666666666667,0.5,0.08333333333333333
264,2024-09-20,1156.917153029765,1437.2565574851762,399826.69709801907,340017.454943936,0.9736000000000029,0.9736000000000029,36.70639013109033,11.677895503183889,67.27715317521715,15.025828641413726,0.0,0.0,0.0,0.0,1156.917153029765,1437.2565574851762,0.0,0.0,1444.9171530297644,0.0,0.0,143.90564491881003,1219.8309125663661,73.52000000000001,1.0,0.0,0.0,0.10416666666666667,0.5,0.08333333333333333
265,2024-09-21,1156.0469328104168,1437.2565574851762,400982.74403082946,341454.71150142123,0.9735000000000029,0.9735000000000029,34.97155688381414,10.212277732323722,68.65167332207552,16.833635272075966,0.0,0.0,0.0,0.0,1156.0469328104168,1437.2565574851762,0.0,0.0,1444.0469328104173,0.0,0.0,143.90564491881003,1219.8309125663661,73.52000000000001,1.0,0.0,0.0,0.10416666666666667,0.5,0.08333333333333333
266,2024-09-22,1155.2608540130861,1437.2565574851762,402138.00488484255,342891.96805890644,0.9734000000000029,0.9734000000000029,34.96385074947756,10.305126583224867,64.16808155891027,15.958368791874799,0.0,0.0,0.0,0.0,1155.2608540130861,1437.2565574851762,0.0,0.0,1443.2608540130857,0.0,0.0,143.90564491881003,1219.8309125663661,73.52000000000001,1.0,0.0,0.0,0.10416666666666667,0.5,0.08333333333333333
267,2024-09-23,1154.5591495698857,1437.2565574851762,403292.56403441244,344329.22461639164,0.9733000000000029,0.9733000000000029,35.79618335714324,12.532210067652688,59.21791178024954,14.91299037816174,0.0,0.0,0.0,0.0,1154.5591495698857,1437.2565574851762,0.0,0.0,1442.559149569886,0.0,0.0,143.90564491881003,1219.8309125663661,73.52000000000001,1.0,0.0,0.0,0.10416666666666667,0.5,0.08333333333333333
268,2024-09-24,1153.9420274109848,1437.2565574851762,404446.5060618234,345766.48117387685,0.973200000000003,0.973200000000003,31.420885726734483,10.0,52.60639552768433,13.646428906851257,0.0,0.0,0.0,0.0,1153.9420274109848,1437.2565574851762,0.0,0.0,1441.9420274109852,0.0,0.0,143.90564491881003,1219.8309125663661,73.52000000000001,1.0,0.0,0.0,0.10416666666666667,0.5,0.08333333333333333
269,2024-09-25,1153.4096704029987,1437.2565574851762,405599.9157322264,347203.73773136205,0.973100000000003,0.973100000000003,31.73696419044256,10.0,55.15700392215877,15.057420805783108,0.0,0.0,0.0,0.0,1153.4096704029987,1437.2565574851762,0.0,0.0,1441.4096704029985,0.0,0.0,143.90564491881003,1219.8309125663661,73.52000000000001,1.0,0.0,0.0,0.10416666666666667,0.5,0.08333333333333333
270,2024-09-26,1152.9622362947991,1437.2565574851762,406752.8779685212,348640.99428884726,0.973000000000003,0.973000000000003,34.70255593835211,12.330657712105948,58.82586276279403,14.357293364578696,0.0,0.0,0.0,0.0,1152.9622362947991,1437.2565574851762,0.0,0.0,1440.9622362947991,0.0,0.0,143.90564491881003,1219.8309125663661,73.52000000000001,1.0,0.0,0.0,0.10416666666666667,0.5,0.08333333333333333
271,2024-09-27,1152.5998576707673,1635.1320037509977,407905.477826192,350276.12629259826,0.972900000000003,0.972820000000003,36.04136620556955,10.0,58.33745682782662,15.351043793369964,0.0,0.03333333333333333,0.0,27.68358732087134,1152.5998576707673,1610.7817497634596,0.0,3.3333333333333335,1440.5998576707675,0.0,0.0,192.50564491881005,1219.8309125663661,198.44519227828343,1.0,0.0,0.0,0.11458333333333333,0.5,0.125
272,2024-09-28,1152.3226419115097,1510.4277371258622,409057.8004681035,351786.5540297241,0.972800000000003,0.9726400000000031,36.29935683903622,10.10600229955094,60.20034698419347,15.786619157398958,0.0,0.03333333333333333,0.0,47.46081832992797,1152.3226419115097,1466.3002521292676,0.0,3.3333333333333335,1440.3226419115094,0.0,0.0,159.46127602518447,1191.478976104083,115.36000000000001,1.0,0.0,0.0,0.08333333333333333,0.5,0.125
273,2024-09-29,1152.1306711620416,1511.8483864581783,410209.93113926554,353298.4024161823,0.972700000000003,0.9724600000000031,35.43391391619256,10.514559655308371,56.89984278420608,14.976526739825873,0.0,0.03333333333333333,0.0,48.88146766224389,1152.1306711620416,1466.3002521292676,0.0,3.3333333333333335,1440.1306711620416,0.0,0.0,159.46127602518447,1191.478976104083,115.36000000000001,1.0,0.0,0.0,0.08333333333333333,0.5,0.125
274,2024-09-30,1152.024002307435,1499.149226790837,411361.955141573,354797.5516429731,0.972600000000003,0.9722800000000031,37.58142011157235,12.560186056315178,65.67530491226165,16.092757089243975,0.0,0.03333333333333333,0.0,36.18230799490271,1152.024002307435,1466.3002521292676,0.0,3.3333333333333335,1440.024002307435,0.0,0.0,159.46127602518447,1191.478976104083,115.36000000000001,1.0,0.0,0.0,0.08333333333333333,0.5,0.125
275,2024-10-01,1152.0026669559775,1497.5767940120106,412513.95780852897,356295.1284369851,0.972500000000003,0.9721000000000032,30.395051330276647,10.0,51.55513034685541,12.096841686754303,0.0,0.03333333333333333,0.0,34.609875216076276,1152.0026669559775,1466.3002521292676,0.0,3.3333333333333335,1440.0026669559772,0.0,0.0,159.46127602518447,1191.478976104083,115.36000000000001,1.0,0.0,0.0,0.08333333333333333,0.5,0.125
276,2024-10-02,1152.0666714297915,1486.2260441711385,413666.02447995875,357781.3544811562,0.972400000000003,0.9719200000000032,30.28368235344656,10.0,53.706310587456926,13.660114409038162,0.0,0.03333333333333333,0.0,23.259125375204192,1152.0666714297915,1466.3002521292676,0.0,3.3333333333333335,1440.0666714297915,0.0,0.0,159.46127602518447,1191.478976104083,115.36000000000001,1.0,0.0,0.0,0.08333333333333333,0.5,0.125
277,2024-10-03,1152.2159967629707,1486.3020150755403,414818.2404767217,359267.65649623174,0.972300000000003,0.9717400000000033,34.8690005144514,10.0,60.75555927312543,15.700985865303322,0.0,0.03333333333333333,0.0,23.33509627960602,1152.2159967629707,1466.3002521292676,0.0,3.3333333333333335,1440.2159967629707,0.0,0.0,159.46127602518447,1191.478976104083,115.36000000000001,1.0,0.0,0.0,0.08333333333333333,0.5,0.125
278,2024-10-04,1152.4505987071975,1457.5260329909322,415970.6910754289,360725.1825292227,0.9722000000000031,0.9715600000000033,34.31351363006441,10.0,68.50485814848287,17.646285431921587,0.0,0.03333333333333333,0.0,31.519114194997954,1152.4505987071975,1429.3402521292676,0.0,3.3333333333333335,1440.450598707197,0.0,0.0,159.46127602518447,1191.478976104083,78.4,1.0,0.0,0.0,0.09375,0.5,0.08333333333333333
279,2024-10-05,1152.7704077448511,1489.969626160279,417123.46148317377,362215.15215538297,0.9721000000000031,0.9713800000000034,34.362994527155166,12.651016421238143,58.94876141740419,14.776264121020194,0.0,0.03333333333333333,0.0,27.00270736434467,1152.7704077448511,1466.3002521292676,0.0,3.3333333333333335,1440.7704077448507,0.0,0.0,159.46127602518447,1191.478976104083,115.36000000000001,1.0,0.0,0.0,0.08333333333333333,0.5,0.125
280,2024-10-06,1153.1753291096124,1505.7230606983856,418276.63681228337,363720.87521608133,0.9720000000000031,0.9712000000000034,34.23542826394703,10.0,58.702059465805526,15.349134537656628,0.0,0.03333333333333333,0.0,42.75614190245116,1153.1753291096124,1466.3002521292676,0.0,3.3333333333333335,1441.175329109612,0.0,0.0,159.46127602518447,1191.478976104083,115.36000000000001,1.0,0.0,0.0,0.08333333333333333,0.5,0.125
281,2024-10-07,1153.6652428145414,1502.2494278893632,419430.3020550979,365223.1246439707,0.9719000000000031,0.9710200000000034,36.72789708394129,10.0,70.38549225651462,16.051168170428753,0.0,0.03333333333333333,0.0,39.282509093428786,1153.6652428145414,1466.3002521292676,0.0,3.3333333333333335,1441.6652428145412,0.0,0.0,159.46127602518447,1191.478976104083,115.36000000000001,1.0,0.0,0.0,0.08333333333333333,0.5,0.125
282,2024-10-08,1154.2400036876352,1503.2626774703783,420584.5420587855,366726.3873214411,0.9718000000000031,0.9708400000000035,32.6665773228573,10.0,54.65473673482521,14.816141972169058,0.0,0.03333333333333333,0.0,40.295758674443995,1154.2400036876352,1466.3002521292676,0.0,3.3333333333333335,1442.2400036876354,0.0,0.0,159.46127602518447,1191.478976104083,115.36000000000001,1.0,0.0,0.0,0.08333333333333333,0.5,0.125
283,2024-10-09,1154.8994414148422,1461.49019179792,421739.44150020037,368187.877513239,0.9717000000000031,0.9706600000000035,31.121817281121125,10.491176944860653,55.5017998857667,13.153354557321187,0.0,0.03333333333333333,0.0,35.48327300198573,1154.8994414148422,1429.3402521292676,0.0,3.3333333333333335,1442.8994414148422,0.0,0.0,159.46127602518447,1191.478976104083,78.4,1.0,0.0,0.0,0.09375,0.5,0.08333333333333333
284,2024-10-10,1155.6433605905324,1503.2989823377884,422895.08486079087,369691.1764955768,0.9716000000000031,0.9704800000000036,35.30497536604609,10.0,64.3829758331559,16.545628794880994,0.0,0.03333333333333333,0.0,40.33206354185407,1155.6433605905324,1466.3002521292676,0.0,3.3333333333333335,1443.6433605905327,0.0,0.0,159.46127602518447,1191.478976104083,115.36000000000001,1.0,0.0,0.0,0.08333333333333333,0.5,0.125
285,2024-10-11,1156.4715407753972,1495.5134765789749,424051.55640156625,371186.6899721558,0.9715000000000031,0.9703000000000036,35.514699552480316,10.0,64.24412935205409,15.153991932737878,0.0,0.03333333333333333,0.0,32.54655778304055,1156.4715407753972,1466.3002521292676,0.0,3.3333333333333335,1444.4715407753977,0.0,0.0,159.46127602518447,1191.478976104083,115.36000000000001,1.0,0.0,0.0,0.08333333333333333,0.5,0.125
286,2024-10-12,1157.3837365617765,1496.7084174366512,425208.940138128,372683.3983895924,0.9714000000000031,0.9701200000000036,36.543986071170856,13.176024570835942,60.44928048051564,13.632229393962778,0.0,0.03333333333333333,0.0,33.74149864071671,1157.3837365617765,1466.3002521292676,0.0,3.3333333333333335,1445.3837365617765,0.0,0.0,159.46127602518447,1191.478976104083,115.36000000000001,1.0,0.0,0.0,0.08333333333333333,0.5,0.125
287,2024-10-13,1158.379677646371,1501.258470765773,426367.3198157744,374184.6568603582,0.9713000000000032,0.9699400000000037,36.5351754241405,10.0,69.30093314048442,16.039280096888948,0.0,0.03333333333333333,0.0,38.291551969838515,1158.379677646371,1466.3002521292676,0.0,3.3333333333333335,1446.3796776463714,0.0,0.0,159.46127602518447,1191.478976104083,115.36000000000001,1.0,0.0,0.0,0.08333333333333333,0.5,0.125
288,2024-10-14,1159.459068910343,1490.5442245859663,427526.7788846847,375675.2010849442,0.9712000000000032,0.9697600000000037,35.554554441046236,10.0,61.77849170224856,16.074902459969636,0.0,0.03333333333333333,0.0,27.577305790031815,1159.459068910343,1466.3002521292676,0.0,3.3333333333333335,1447.4590689103425,0.0,0.0,159.46127602518447,1191.478976104083,115.36000000000001,1.0,0.0,0.0,0.08333333333333333,0.5,0.125
289,2024-10-15,1160.621590506766,1497.2252402828778,428687.4004751915,377172.4263252271,0.9711000000000032,0.9695800000000038,32.43686492748616,10.0,52.44262592294798,14.139411975007778,0.0,0.03333333333333333,0.0,34.25832148694351,1160.621590506766,1466.3002521292676,0.0,3.3333333333333335,1448.6215905067656,0.0,0.0,159.46127602518447,1191.478976104083,115.36000000000001,1.0,0.0,0.0,0.08333333333333333,0.5,0.125
290,2024-10-16,1161.866897955401,1504.1757873199922,429849.2673731469,378676.6021125471,0.9710000000000032,0.9694000000000038,32.565150365806694,10.0,56.700872472952966,14.082917346144873,0.0,0.03333333333333333,0.0,41.208868524057856,1161.866897955401,1466.3002521292676,0.0,3.3333333333333335,1449.8668979554009,0.0,0.0,159.46127602518447,1191.478976104083,115.36000000000001,1.0,0.0,0.0,0.08333333333333333,0.5,0.125
291,2024-10-17,1163.1946222447773,1498.033703753297,431012.4619953917,380174.6358163004,0.9709000000000032,0.9692200000000039,35.38147326474607,11.483597134444466,67.19325174417445,15.847154720589323,0.0,0.03333333333333333,0.0,35.06678495736255,1163.1946222447773,1466.3002521292676,0.0,3.3333333333333335,1451.1946222447768,0.0,0.0,159.46127602518447,1191.478976104083,115.36000000000001,1.0,0.0,0.0,0.08333333333333333,0.5,0.125
292,2024-10-18,1164.604369941531,1508.2248499852612,432177.0663653332,381682.8606662857,0.9708000000000032,0.9690400000000039,35.601139010688314,10.0,55.92744315437243,14.648760194937108,0.0,0.03333333333333333,0.0,45.257931189326975,1164.604369941531,1466.3002521292676,0.0,3.3333333333333335,1452.604369941531,0.0,0.0,159.46127602518447,1191.478976104083,115.36000000000001,1.0,0.0,0.0,0.08333333333333333,0.5,0.125
293,2024-10-19,1166.0957233069958,1502.3838007409192,433343.1620886402,383185.2444670266,0.9707000000000032,0.9688600000000039,35.080244536135865,11.121847750852915,60.10483271236843,15.542249437932576,0.0,0.03333333333333333,0.0,39.4168819449849,1166.0957233069958,1466.3002521292676,0.0,3.3333333333333335,1454.0957233069948,0.0,0.0,159.46127602518447,1191.478976104083,115.36000000000001,1.0,0.0,0.0,0.08333333333333333,0.5,0.125
294,2024-10-20,1167.6682404209826,1495.1807157877424,434510.8303290612,384680.42518281436,0.9706000000000032,0.968680000000004,35.76422188305764,10.203353001135827,68.37733641453156,16.22841181331985,0.0,0.03333333333333333,0.0,32.21379699180803,1167.6682404209826,1466.3002521292676,0.0,3.3333333333333335,1455.6682404209826,0.0,0.0,159.46127602518447,1191.478976104083,115.36000000000001,1.0,0.0,0.0,0.08333333333333333,0.5,0.125
295,2024-10-21,1169.3214553127345,1498.103139287972,435680.1517843739,386178.5283221023,0.9705000000000032,0.968500000000004,36.985481391002935,12.19935772330092,67.08471277248377,16.42221542452902,0.0,0.03333333333333333,0.0,35.13622049203764,1169.3214553127345,1466.3002521292676,0.0,3.3333333333333335,1457.321455312734,0.0,0.0,159.46127602518447,1191.478976104083,115.36000000000001,1.0,0.0,0.0,0.08333333333333333,0.5,0.125
296,2024-10-22,1171.0548780989975,1493.7765086921352,436851.2066624729,387672.30483079446,0.9704000000000033,0.9683200000000041,32.09389081971579,11.839710824483603,54.27709309788812,12.418208304497501,0.0,0.03333333333333333,0.0,30.809589896200745,1171.0548780989975,1466.3002521292676,0.0,3.3333333333333335,1459.054878098998,0.0,0.0,159.46127602518447,1191.478976104083,115.36000000000001,1.0,0.0,0.0,0.08333333333333333,0.5,0.125
297,2024-10-23,1172.8679951291917,1509.1861689222967,438024.0746576021,389181.49099971674,0.9703000000000033,0.9681400000000041,33.94765888711513,10.0,52.15173236808035,13.568077330428737,0.0,0.03333333333333333,0.0,46.21925012636234,1172.8679951291917,1466.3002521292676,0.0,3.3333333333333335,1460.867995129192,0.0,0.0,159.46127602518447,1191.478976104083,115.36000000000001,1.0,0.0,0.0,0.08333333333333333,0.5,0.125
298,2024-10-24,1174.7602691376098,1515.1332105554682,439198.83492673974,390696.6242102722,0.9702000000000033,0.9679600000000042,35.371500934151236,10.0,63.23022980490127,16.001056546733526,0.0,0.03333333333333333,0.0,52.16629175953373,1174.7602691376098,1466.3002521292676,0.0,3.3333333333333335,1462.76026913761,0.0,0.0,159.46127602518447,1191.478976104083,115.36000000000001,1.0,0.0,0.0,0.08333333333333333,0.5,0.125
299,2024-10-25,1176.7311394026237,1503.513589837399,440375.56606614235,392200.13780010963,0.9701000000000033,0.9677800000000042,36.81650914814933,10.0,62.55962027134088,16.64701767987132,0.0,0.03333333333333333,0.0,40.54667104146459,1176.7311394026237,1466.3002521292676,0.0,3.3333333333333335,1464.7311394026242,0.0,0.0,159.46127602518447,1191.478976104083,115.36000000000001,1.0,0.0,0.0,0.08333333333333333,0.5,0.125
300,2024-10-26,1178.7800219128414,1507.803449329986,441554.3460880552,393707.9412494396,0.9700000000000033,0.9676000000000042,37.0697812058086,10.0,63.43996992331706,17.19538932906949,0.0,0.03333333333333333,0.0,44.83653053405176,1178.7800219128414,1466.3002521292676,0.0,3.3333333333333335,1466.7800219128417,0.0,0.0,159.46127602518447,1191.478976104083,115.36000000000001,1.0,0.0,0.0,0.08333333333333333,0.5,0.125
301,2024-10-27,1180.906309540154,1490.7022521292677,442735.2523975953,395198.6435015689,0.9699000000000033,0.9675000000000042,36.82062986967809,14.020838486838736,56.735344655593174,14.337063901073893,0.0,0.0,0.0,0.0,1180.906309540154,1490.7022521292677,0.0,0.0,1468.906309540154,0.0,0.0,313.68527602518446,1136.6969761040828,40.32,1.0,0.0,0.0,0.17708333333333334,0.4583333333333333,0.041666666666666664
302,2024-10-28,1183.1093722196504,1350.6315608914676,443918.361769815,396549.27506246034,0.9698000000000033,0.9674000000000043,37.50273399793622,10.0,65.6919071544559,17.461686808545544,0.0,0.0,0.0,0.0,1183.1093722196504,1350.6315608914676,0.0,0.0,1471.1093722196506,0.0,0.0,410.28626684611356,815.5140000000001,124.8312940453541,1.0,0.0,0.0,0.20833333333333334,0.4583333333333333,0.08333333333333333
303,2024-10-29,1185.3885571363105,1350.6315608914676,445103.75032695127,397899.9066233518,0.9697000000000033,0.9673000000000043,34.53113659684658,14.250024832715422,61.974333457028266,14.780259591818696,0.0,0.0,0.0,0.0,1185.3885571363105,1350.6315608914676,0.0,0.0,1473.3885571363103,0.0,0.0,410.28626684611356,815.5140000000001,124.8312940453541,1.0,0.0,0.0,0.20833333333333334,0.4583333333333333,0.08333333333333333
304,2024-10-30,1187.7431889184575,1340.789784369708,446291.4935158697,399240.6964077215,0.9696000000000033,0.9672000000000043,33.29734020638088,10.0,55.69735808252729,15.349036399812318,0.0,0.0,0.0,0.0,1187.7431889184575,1340.789784369708,0.0,0.0,1475.7431889184575,0.0,0.0,378.8984903243539,837.06,124.8312940453541,1.0,0.0,0.0,0.17708333333333334,0.5,0.08333333333333333
305,2024-10-31,1190.1725698378762,1350.6315608914676,447481.6660857076,400591.32796861295,0.9695000000000034,0.9671000000000043,37.856740372640324,11.514775691594208,66.46399835010583,16.659390439155146,0.0,0.0,0.0,0.0,1190.1725698378762,1350.6315608914676,0.0,0.0,1478.1725698378762,0.0,0.0,410.28626684611356,815.5140000000001,124.8312940453541,1.0,0.0,0.0,0.20833333333333334,0.4583333333333333,0.08333333333333333
306,2024-11-01,1192.675980016569,1350.6315608914676,448674.3420657242,401941.9595295044,0.9694000000000034,0.9670000000000043,37.89499368436693,14.157825677437426,64.46780442135308,16.107343392737523,0.0,0.0,0.0,0.0,1192.675980016569,1350.6315608914676,0.0,0.0,1480.675980016569,0.0,0.0,410.28626684611356,815.5140000000001,124.8312940453541,1.0,0.0,0.0,0.20833333333333334,0.4583333333333333,0.08333333333333333
307,2024-11-02,1195.2526776400719,1340.789784369708,449869.59474336426,403282.7493138741,0.9693000000000034,0.9669000000000043,35.814333344382,10.0,60.00630613203459,15.602027285194788,0.0,0.0,0.0,0.0,1195.2526776400719,1340.789784369708,0.0,0.0,1483.2526776400723,0.0,0.0,378.8984903243539,837.06,124.8312940453541,1.0,0.0,0.0,0.17708333333333334,0.5,0.08333333333333333
308,2024-11-03,1197.90189917727,1330.3458063146977,451067.49664254155,404613.09512018884,0.9692000000000034,0.9668000000000043,37.83860922766441,10.0,62.48882032274075,17.165265106989708,0.0,0.0,0.0,0.0,1197.90189917727,1330.3458063146977,0.0,0.0,1485.9018991772705,0.0,0.0,341.86061289460173,815.5140000000001,172.97119342009628,1.0,0.0,0.0,0.20833333333333334,0.4583333333333333,0.08333333333333333
309,2024-11-04,1200.6228596066478,1350.6315608914676,452268.1195021482,405963.7266810803,0.9691000000000034,0.9667000000000043,36.959739371595354,10.0,67.15282966113035,17.26325560455577,0.0,0.0,0.0,0.0,1200.6228596066478,1350.6315608914676,0.0,0.0,1488.622859606648,0.0,0.0,410.28626684611356,815.5140000000001,124.8312940453541,1.0,0.0,0.0,0.20833333333333334,0.4583333333333333,0.08333333333333333
310,2024-11-05,1203.4147526489048,1340.789784369708,453471.5342547971,407304.51646545,0.9690000000000034,0.9666000000000043,32.5042702903848,10.0,54.6563870540242,14.856771850043181,0.0,0.0,0.0,0.0,1203.4147526489048,1340.789784369708,0.0,0.0,1491.4147526489048,0.0,0.0,378.8984903243539,837.06,124.8312940453541,1.0,0.0,0.0,0.17708333333333334,0.5,0.08333333333333333
311,2024-11-06,1206.27675100588,1340.789784369708,454677.811005803,408645.3062498197,0.9689000000000034,0.9665000000000044,33.89158487854719,10.0,60.42404465696217,15.45054676534061,0.0,0.0,0.0,0.0,1206.27675100588,1340.789784369708,0.0,0.0,1494.2767510058802,0.0,0.0,378.8984903243539,837.06,124.8312940453541,1.0,0.0,0.0,0.17708333333333334,0.5,0.08333333333333333
312,2024-11-07,1209.2080066056933,1330.3458063146977,455887.0190124087,409975.6520561344,0.9688000000000034,0.9664000000000044,37.3647306124403,10.0,63.41329079255759,16.648881802004016,0.0,0.0,0.0,0.0,1209.2080066056933,1330.3458063146977,0.0,0.0,1497.2080066056928,0.0,0.0,341.86061289460173,815.5140000000001,172.97119342009628,1.0,0.0,0.0,0.20833333333333334,0.4583333333333333,0.08333333333333333
313,2024-11-08,1212.2076508540483,1646.049648152825,457099.2266632627,411621.70170428726,0.9687000000000034,0.9663000000000044,38.625690868226556,13.379850230979505,65.52010402828884,16.843375023388703,0.0,0.0,0.0,0.0,1212.2076508540483,1646.049648152825,0.0,0.0,1500.2076508540483,0.0,0.0,504.04242651140993,968.4918299025608,173.51539173885465,1.0,0.0,0.0,0.22916666666666666,0.4583333333333333,0.08333333333333333
314,2024-11-09,1215.2747948916165,1343.4778063146978,458314.5014581543,412965.17951060197,0.9686000000000035,0.9662000000000044,38.61006788264715,13.363101559247463,66.03794706537163,15.9040556705877,0.0,0.0,0.0,0.0,1215.2747948916165,1343.4778063146978,0.0,0.0,1503.2747948916165,0.0,0.0,392.5126128946017,815.5140000000001,135.45119342009627,1.0,0.0,0.0,0.23958333333333334,0.4583333333333333,0.041666666666666664
315,2024-11-10,1218.4085298574262,1330.3458063146977,459532.9099880117,414295.5253169167,0.9685000000000035,0.9661000000000044,40.07014232267936,10.0,67.59324642747488,16.934266203621107,0.0,0.0,0.0,0.0,1218.4085298574262,1330.3458063146977,0.0,0.0,1506.4085298574262,0.0,0.0,341.86061289460173,815.5140000000001,172.97119342009628,1.0,0.0,0.0,0.20833333333333334,0.4583333333333333,0.08333333333333333
316,2024-11-11,1221.6079271581743,1350.6315608914676,460754.5179151699,415646.15687780816,0.9684000000000035,0.9660000000000044,37.89066366626528,10.051923356849109,65.91100436045299,17.500664708273025,0.0,0.0,0.0,0.0,1221.6079271581743,1350.6315608914676,0.0,0.0,1509.6079271581748,0.0,0.0,410.28626684611356,815.5140000000001,124.8312940453541,1.0,0.0,0.0,0.20833333333333334,0.4583333333333333,0.08333333333333333
317,2024-11-12,1224.8720387433916,1340.789784369708,461979.3899539133,416986.94666217786,0.9683000000000035,0.9659000000000044,35.32718505719719,10.0,55.80528276118847,15.139479115925159,0.0,0.0,0.0,0.0,1224.8720387433916,1340.789784369708,0.0,0.0,1512.8720387433916,0.0,0.0,378.8984903243539,837.06,124.8312940453541,1.0,0.0,0.0,0.17708333333333334,0.5,0.08333333333333333
318,2024-11-13,1228.1998973863722,1340.789784369708,463207.58985129965,418327.73644654755,0.9682000000000035,0.9658000000000044,34.77000621332602,10.0,53.722130439513485,13.785490967960406,0.0,0.0,0.0,0.0,1228.1998973863722,1340.789784369708,0.0,0.0,1516.1998973863722,0.0,0.0,378.8984903243539,837.06,124.8312940453541,1.0,0.0,0.0,0.17708333333333334,0.5,0.08333333333333333
319,2024-11-14,1231.590516970777,1646.049648152825,464439.18036827043,419973.7860947004,0.9681000000000035,0.9657000000000044,40.61321462690902,13.022048310844248,63.7816901917717,16.727345636611684,0.0,0.0,0.0,0.0,1231.590516970777,1646.049648152825,0.0,0.0,1519.5905169707767,0.0,0.0,504.04242651140993,968.4918299025608,173.51539173885465,1.0,0.0,0.0,0.22916666666666666,0.4583333333333333,0.08333333333333333
320,2024-11-15,1235.0428927828489,1646.049648152825,465674.22326105327,421619.83574285323,0.9680000000000035,0.9656000000000045,41.288007166307075,14.91646874138354,69.006971258729,16.189819486003287,0.0,0.0,0.0,0.0,1235.0428927828489,1646.049648152825,0.0,0.0,1523.0428927828489,0.0,0.0,504.04242651140993,968.4918299025608,173.51539173885465,1.0,0.0,0.0,0.22916666666666666,0.4583333333333333,0.08333333333333333
321,2024-11-16,1238.5560018091255,1646.049648152825,466912.7792628624,423265.8853910061,0.9679000000000035,0.9655000000000045,39.81894775796223,12.748244417241972,66.06772862377983,18.17917674956111,0.0,0.0,0.0,0.0,1238.5560018091255,1646.049648152825,0.0,0.0,1526.5560018091253,0.0,0.0,504.04242651140993,968.4918299025608,173.51539173885465,1.0,0.0,0.0,0.22916666666666666,0.4583333333333333,0.08333333333333333
322,2024-11-17,1242.128803039583,1330.3458063146977,468154.908065902,424596.2311973208,0.9678000000000035,0.9654000000000045,40.0976070887817,16.179180409299036,66.80389335058453,16.780460208190878,0.0,0.0,0.0,0.0,1242.128803039583,1330.3458063146977,0.0,0.0,1530.128803039583,0.0,0.0,341.86061289460173,815.5140000000001,172.97119342009628,1.0,0.0,0.0,0.20833333333333334,0.4583333333333333,0.08333333333333333
323,2024-11-18,1245.760237776112,1350.6315608914676,469400.6683036781,425946.86275821226,0.9677000000000036,0.9653000000000045,39.12895295878422,10.0,69.33833915703137,17.598196763229065,0.0,0.0,0.0,0.0,1245.760237776112,1350.6315608914676,0.0,0.0,1533.760237776112,0.0,0.0,410.28626684611356,815.5140000000001,124.8312940453541,1.0,0.0,0.0,0.20833333333333334,0.4583333333333333,0.08333333333333333
324,2024-11-19,1249.4492299462238,1340.789784369708,470650.11753362435,427287.65254258196,0.9676000000000036,0.9652000000000045,35.419207367677366,10.0,64.04185319741828,16.240148071712827,0.0,0.0,0.0,0.0,1249.4492299462238,1340.789784369708,0.0,0.0,1537.4492299462236,0.0,0.0,378.8984903243539,837.06,124.8312940453541,1.0,0.0,0.0,0.17708333333333334,0.5,0.08333333333333333
325,2024-11-20,1253.1946864219249,1340.789784369708,471903.3122200463,428628.44232695166,0.9675000000000036,0.9651000000000045,34.77871584873347,10.0,62.68438737281864,15.454055038482252,0.0,0.0,0.0,0.0,1253.1946864219249,1340.789784369708,0.0,0.0,1541.1946864219246,0.0,0.0,378.8984903243539,837.06,124.8312940453541,1.0,0.0,0.0,0.17708333333333334,0.5,0.08333333333333333
326,2024-11-21,1256.9954973436288,1330.3458063146977,473160.30771738995,429958.7881332664,0.9674000000000036,0.9650000000000045,39.735049011947176,10.0,68.14554479160105,17.455242442453294,0.0,0.0,0.0,0.0,1256.9954973436288,1330.3458063146977,0.0,0.0,1544.9954973436288,0.0,0.0,341.86061289460173,815.5140000000001,172.97119342009628,1.0,0.0,0.0,0.20833333333333334,0.4583333333333333,0.08333333333333333
327,2024-11-22,1260.85053644903,1350.6315608914676,474421.158253839,431309.41969415784,0.9673000000000036,0.9649000000000045,40.256184130262106,10.806752596818557,72.5487367198313,18.721894835109463,0.0,0.0,0.0,0.0,1260.85053644903,1350.6315608914676,0.0,0.0,1548.8505364490304,0.0,0.0,410.28626684611356,815.5140000000001,124.8312940453541,1.0,0.0,0.0,0.20833333333333334,0.4583333333333333,0.08333333333333333
328,2024-11-23,1264.7586614068427,1646.049648152825,475685.9169152459,432955.4693423107,0.9672000000000036,0.9648000000000045,41.57368365608094,14.689889473968478,75.16185359493645,16.53662894325442,0.0,0.0,0.0,0.0,1264.7586614068427,1646.049648152825,0.0,0.0,1552.7586614068427,0.0,0.0,504.04242651140993,968.4918299025608,173.51539173885465,1.0,0.0,0.0,0.22916666666666666,0.4583333333333333,0.08333333333333333
329,2024-11-24,1268.7187141552993,1330.3458063146977,476954.6356294012,434285.8151486254,0.9671000000000036,0.9647000000000046,40.215453028440955,15.722927646552247,63.40728736541193,15.56650493931392,0.0,0.0,0.0,0.0,1268.7187141552993,1330.3458063146977,0.0,0.0,1556.718714155299,0.0,0.0,341.86061289460173,815.5140000000001,172.97119342009628,1.0,0.0,0.0,0.20833333333333334,0.4583333333333333,0.08333333333333333
330,2024-11-25,1272.7295212453048,1646.049648152825,478227.3651506465,435931.86479677825,0.9670000000000036,0.9646000000000046,42.10307377197416,10.0,73.04459432410123,18.241173924888283,0.0,0.0,0.0,0.0,1272.7295212453048,1646.049648152825,0.0,0.0,1560.7295212453048,0.0,0.0,504.04242651140993,968.4918299025608,173.51539173885465,1.0,0.0,0.0,0.22916666666666666,0.4583333333333333,0.08333333333333333
331,2024-11-26,1276.7898941881579,1412.5413271206946,479504.15504483465,437344.4061238989,0.9669000000000036,0.9645000000000046,36.79159891885157,10.0,65.6735017936983,17.768892743643296,0.0,0.0,0.0,0.0,1276.7898941881579,1412.5413271206946,0.0,0.0,1564.7898941881576,0.0,0.0,822.1473271206944,590.394,0.0,1.0,0.0,0.0,0.375,0.2916666666666667,0.0
332,2024-11-27,1280.8986298077255,1555.7201762848256,480785.0536746424,438900.12630018377,0.9668000000000037,0.9644000000000046,38.506952168012525,10.0,66.87127081626858,17.502348228017823,0.0,0.0,0.0,0.0,1280.8986298077255,1555.7201762848256,0.0,0.0,1568.8986298077252,0.0,0.0,812.3483463822648,743.3718299025609,0.0,1.0,0.0,0.0,0.3541666666666667,0.2916666666666667,0.0
333,2024-11-28,1285.0545105969702,1555.7201762848256,482070.10818523937,440455.8464764686,0.9667000000000037,0.9643000000000046,42.01295775606507,10.247402159219941,72.38755899929562,18.388681128044492,0.0,0.0,0.0,0.0,1285.0545105969702,1555.7201762848256,0.0,0.0,1573.0545105969702,0.0,0.0,812.3483463822648,743.3718299025609,0.0,1.0,0.0,0.0,0.3541666666666667,0.2916666666666667,0.0
334,2024-11-29,1289.2563050787212,1555.7201762848256,483359.3644903181,442011.56665275345,0.9666000000000037,0.9642000000000046,41.23690241510756,15.991784267999764,71.57221857677237,18.08374322176571,0.0,0.0,0.0,0.0,1289.2563050787212,1555.7201762848256,0.0,0.0,1577.2563050787226,0.0,0.0,812.3483463822648,743.3718299025609,0.0,1.0,0.0,0.0,0.3541666666666667,0.2916666666666667,0.0
335,2024-11-30,1293.502768170594,1535.3088605786143,484652.8672584887,443546.8755133321,0.9665000000000037,0.9641000000000046,42.69388771043211,10.0,68.22031715627269,18.91297637947408,0.0,0.0,0.0,0.0,1293.502768170594,1535.3088605786143,0.0,0.0,1581.5027681705928,0.0,0.0,791.9370306760533,743.3718299025609,0.0,1.0,0.0,0.0,0.3854166666666667,0.2916666666666667,0.0
336,2024-12-01,1297.7926415539262,1631.306490291294,485950.65990004264,445178.1820036234,0.9664000000000037,0.9640000000000046,42.91311252150348,17.366804742051336,73.75462189301406,17.84985142718797,0.0,0.0,0.0,0.0,1297.7926415539262,1631.306490291294,0.0,0.0,1585.7926415539257,0.0,0.0,652.7906938052723,978.5157964860215,0.0,1.0,0.0,0.0,0.3541666666666667,0.2916666666666667,0.0
337,2024-12-02,1302.124654046653,1555.7201762848256,487252.7845540893,446733.90217990824,0.9663000000000037,0.9639000000000046,44.096401248025025,15.957834644144384,71.7807199414555,17.404265911664023,0.0,0.0,0.0,0.0,1302.124654046653,1555.7201762848256,0.0,0.0,1590.124654046653,0.0,0.0,812.3483463822648,743.3718299025609,0.0,1.0,0.0,0.0,0.3541666666666667,0.2916666666666667,0.0
338,2024-12-03,1306.4975219799794,1555.7201762848256,488559.28207606927,448289.6223561931,0.9662000000000037,0.9638000000000047,38.605727433491005,12.037769781303044,66.0880321191137,16.569243570312526,0.0,0.0,0.0,0.0,1306.4975219799794,1555.7201762848256,0.0,0.0,1594.4975219799794,0.0,0.0,812.3483463822648,743.3718299025609,0.0,1.0,0.0,0.0,0.3541666666666667,0.2916666666666667,0.0
339,2024-12-04,1310.9099495787625,1555.7201762848256,489870.192025648,449845.3425324779,0.9661000000000037,0.9637000000000047,38.66295920196,10.0,65.51588937617117,17.619689880085843,0.0,0.0,0.0,0.0,1310.9099495787625,1555.7201762848256,0.0,0.0,1598.9099495787627,0.0,0.0,812.3483463822648,743.3718299025609,0.0,1.0,0.0,0.0,0.3541666666666667,0.2916666666666667,0.0
340,2024-12-05,1315.3606293454757,1555.7201762848256,491185.5526549935,451401.06270876277,0.9660000000000037,0.9636000000000047,43.020831893566765,16.035626467934954,73.44818826564074,18.19250546476558,0.0,0.0,0.0,0.0,1315.3606293454757,1555.7201762848256,0.0,0.0,1603.3606293454745,0.0,0.0,812.3483463822648,743.3718299025609,0.0,1.0,0.0,0.0,0.3541666666666667,0.2916666666666667,0.0
341,2024-12-06,1319.848242447653,1555.7201762848256,492505.40089744114,452956.7828850476,0.9659000000000038,0.9635000000000047,43.21405862303114,12.531967347712907,76.71626105396874,19.175630058434688,0.0,0.0,0.0,0.0,1319.848242447653,1555.7201762848256,0.0,0.0,1607.848242447653,0.0,0.0,812.3483463822648,743.3718299025609,0.0,1.0,0.0,0.0,0.3541666666666667,0.2916666666666667,0.0
342,2024-12-07,1324.3714591086793,1555.7201762848256,493829.7723565498,454512.50306133245,0.9658000000000038,0.9634000000000047,44.15100914631598,12.62050485874138,80.38640477743247,20.626785275113093,0.0,0.0,0.0,0.0,1324.3714591086793,1555.7201762848256,0.0,0.0,1612.3714591086793,0.0,0.0,812.3483463822648,743.3718299025609,0.0,1.0,0.0,0.0,0.3541666666666667,0.2916666666666667,0.0
343,2024-12-08,1328.9289390018416,1450.5023410331867,495158.70129555167,455963.00540236564,0.9657000000000038,0.9633000000000047,45.50441784333497,16.615606478269385,77.43223364917102,20.37229685213245,0.0,0.0,0.0,0.0,1328.9289390018416,1450.5023410331867,0.0,0.0,1616.9289390018416,0.0,0.0,812.3840526600145,638.1182883731722,0.0,1.0,0.0,0.0,0.40625,0.20833333333333334,0.0
344,2024-12-09,1333.5193316474865,1555.7201762848256,496492.22062719916,457518.7255786505,0.9656000000000038,0.9632000000000047,43.88957359367701,17.18150296230578,78.16497470180124,19.74712955348026,0.0,0.0,0.0,0.0,1333.5193316474865,1555.7201762848256,0.0,0.0,1621.5193316474868,0.0,0.0,812.3483463822648,743.3718299025609,0.0,1.0,0.0,0.0,0.3541666666666667,0.2916666666666667,0.0
345,2024-12-10,1338.1412768132047,1555.7201762848256,497830.3619040124,459074.4457549353,0.9655000000000038,0.9631000000000047,39.952455881359676,12.900016919137128,67.29588343396304,18.482884705249095,0.0,0.0,0.0,0.0,1338.1412768132047,1555.7201762848256,0.0,0.0,1626.141276813205,0.0,0.0,812.3483463822648,743.3718299025609,0.0,1.0,0.0,0.0,0.3541666666666667,0.2916666666666667,0.0
346,2024-12-11,1342.7934049168957,1555.7201762848256,499173.1553089293,460630.16593122017,0.9654000000000038,0.9630000000000047,39.74743492792937,14.520967179056996,64.72042332295233,17.108319435893836,0.0,0.0,0.0,0.0,1342.7934049168957,1555.7201762848256,0.0,0.0,1630.7934049168957,0.0,0.0,812.3483463822648,743.3718299025609,0.0,1.0,0.0,0.0,0.3541666666666667,0.2916666666666667,0.0
347,2024-12-12,1347.474337432599,1707.766975654704,500520.62964636186,462337.93290687486,0.9653000000000038,0.9629000000000048,44.89295074405317,14.607076174773706,77.12756908720993,19.640985087587122,0.0,0.0,0.0,0.0,1347.474337432599,1707.766975654704,0.0,0.0,1635.474337432599,0.0,0.0,779.6511791686826,928.1157964860216,0.0,1.0,0.0,0.0,0.40625,0.25,0.0
348,2024-12-13,1352.1826872989882,1555.7201762848256,501872.81233366084,463893.6530831597,0.9652000000000038,0.9628000000000048,44.6044212709763,13.997175789762283,79.69017785799258,19.993082852731934,0.0,0.0,0.0,0.0,1352.1826872989882,1555.7201762848256,0.0,0.0,1640.1826872989882,0.0,0.0,812.3483463822648,743.3718299025609,0.0,1.0,0.0,0.0,0.3541666666666667,0.2916666666666667,0.0
349,2024-12-14,1356.9170593303845,1535.3088605786143,503229.7293929912,465428.96194373834,0.9651000000000038,0.9627000000000048,45.73772611000667,11.579823851556592,74.07407971191766,20.83600669911948,0.0,0.0,0.0,0.0,1356.9170593303845,1535.3088605786143,0.0,0.0,1644.9170593303847,0.0,0.0,791.9370306760533,743.3718299025609,0.0,1.0,0.0,0.0,0.3854166666666667,0.2916666666666667,0.0
350,2024-12-15,1361.6760506301778,1614.3144902912939,504591.4054436214,467043.2764340296,0.9650000000000039,0.9626000000000048,45.08302807870166,17.5377807065055,74.50858720338371,18.66544593067815,0.0,0.0,0.0,0.0,1361.6760506301778,1614.3144902912939,0.0,0.0,1649.6760506301766,0.0,0.0,686.1986938052723,928.1157964860216,0.0,1.0,0.0,0.0,0.375,0.25,0.0
351,2024-12-16,1366.4582510065377,1450.5023410331867,505957.86369462794,468493.7787750628,0.9649000000000039,0.9625000000000048,46.02617779839017,17.487836749791438,75.2135872856843,18.895139903680864,0.0,0.0,0.0,0.0,1366.4582510065377,1450.5023410331867,0.0,0.0,1654.4582510065377,0.0,0.0,812.3840526600145,638.1182883731722,0.0,1.0,0.0,0.0,0.40625,0.20833333333333334,0.0
352,2024-12-17,1371.2622433902868,1555.7201762848256,507329.1259380182,470049.49895134766,0.9648000000000039,0.9624000000000048,41.76882127046023,10.715145438089655,67.13771284113045,18.532729709610564,0.0,0.0,0.0,0.0,1371.2622433902868,1555.7201762848256,0.0,0.0,1659.2622433902868,0.0,0.0,812.3483463822648,743.3718299025609,0.0,1.0,0.0,0.0,0.3541666666666667,0.2916666666666667,0.0
353,2024-12-18,1376.086604254799,1555.7201762848256,508705.212542273,471605.2191276325,0.9647000000000039,0.9623000000000048,43.69889811814269,11.36905285644341,66.52438456772192,17.14924793875691,0.0,0.0,0.0,0.0,1376.086604254799,1555.7201762848256,0.0,0.0,1664.086604254799,0.0,0.0,812.3483463822648,743.3718299025609,0.0,1.0,0.0,0.0,0.3541666666666667,0.2916666666666667,0.0
354,2024-12-19,1380.9299040378376,1450.5023410331867,510086.14244631084,473055.7214686657,0.9646000000000039,0.9622000000000048,46.60941390107212,15.24168326439598,77.88560034824582,20.509615083530484,0.0,0.0,0.0,0.0,1380.9299040378376,1450.5023410331867,0.0,0.0,1668.9299040378376,0.0,0.0,812.3840526600145,638.1182883731722,0.0,1.0,0.0,0.0,0.40625,0.20833333333333334,0.0
355,2024-12-20,1385.7907075651458,1450.5023410331867,511471.933153876,474506.2238096989,0.9645000000000039,0.9621000000000048,47.15235924689079,15.031244134569913,85.59342946419903,20.94107989602151,0.0,0.0,0.0,0.0,1385.7907075651458,1450.5023410331867,0.0,0.0,1673.7907075651456,0.0,0.0,812.3840526600145,638.1182883731722,0.0,1.0,0.0,0.0,0.40625,0.20833333333333334,0.0
356,2024-12-21,1390.667574475734,1555.7201762848256,512862.60072835174,476061.94398598373,0.9644000000000039,0.9620000000000049,47.33890513419436,11.142141884339846,80.02200352979585,21.358684623172664,0.0,0.0,0.0,0.0,1390.667574475734,1555.7201762848256,0.0,0.0,1678.6675744757338,0.0,0.0,812.3483463822648,743.3718299025609,0.0,1.0,0.0,0.0,0.3541666666666667,0.2916666666666667,0.0
357,2024-12-22,1395.5590596486873,1450.5023410331867,514258.1597880004,477512.4463270169,0.9643000000000039,0.9619000000000049,46.72908461317917,16.087241770788598,83.46471340316198,20.52811432592748,0.0,0.0,0.0,0.0,1395.5590596486873,1450.5023410331867,0.0,0.0,1683.5590596486875,0.0,0.0,812.3840526600145,638.1182883731722,0.0,1.0,0.0,0.0,0.40625,0.20833333333333334,0.0
358,2024-12-23,1400.4637136313795,1537.7258410331867,515658.6235016318,479050.17216805014,0.9642000000000039,0.9618000000000049,49.4160154643589,14.506928650336087,80.82025242929825,20.26439022183951,0.0,0.0,0.0,0.0,1400.4637136313795,1537.7258410331867,0.0,0.0,1688.4637136313793,0.0,0.0,899.6075526600144,638.1182883731722,0.0,1.0,0.0,0.0,0.4375,0.20833333333333334,0.0
359,2024-12-24,1405.3800830689856,1631.306490291294,517064.00358470075,480681.47865834145,0.964100000000004,0.9617000000000049,42.7152272194079,10.0,78.44506311246018,19.353437784540365,0.0,0.0,0.0,0.0,1405.3800830689856,1631.306490291294,0.0,0.0,1693.3800830689856,0.0,0.0,652.7906938052723,978.5157964860215,0.0,1.0,0.0,0.0,0.3541666666666667,0.2916666666666667,0.0
360,2024-12-25,1410.306711135139,1555.7201762848256,518474.3102958359,482237.1988346263,0.964000000000004,0.9616000000000049,42.954775723648375,16.782816689896833,77.7898807289791,19.30129715119381,0.0,0.0,0.0,0.0,1410.306711135139,1555.7201762848256,0.0,0.0,1698.306711135139,0.0,0.0,812.3483463822648,743.3718299025609,0.0,1.0,0.0,0.0,0.3541666666666667,0.2916666666666667,0.0
361,2024-12-26,1415.2421379636148,1256.6995795073449,519889.5524337995,483493.89841413364,0.963900000000004,0.9612216288088692,48.37220373624669,17.483612901069666,77.87151138121877,21.37123205570623,0.0,0.11598799630655587,0.0,57.209302339280654,1415.2421379636148,1211.0890767987198,0.0,11.598799630655588,1703.2421379636148,0.0,0.0,326.213246896159,848.8758299025608,36.00000000000001,1.0,0.0,0.0,0.125,0.375,0.041666666666666664
362,2024-12-27,1420.1849010809324,1247.649096847507,521309.7373348804,484741.54751098115,0.963800000000004,0.9608432576177335,48.58715957773607,12.550104625314676,86.66861364743647,22.213898464316443,0.0,0.11598799630655587,0.0,48.158819679442814,1420.1849010809324,1211.0890767987198,0.0,11.598799630655588,1708.1849010809324,0.0,0.0,326.213246896159,848.8758299025608,36.00000000000001,1.0,0.0,0.0,0.125,0.375,0.041666666666666664
363,2024-12-28,1425.1335358397027,1197.9103446624445,522734.8708707201,485939.4578556436,0.963700000000004,0.9601952797783982,46.84143354140568,13.843705671228129,76.3865948009184,20.420282588719157,0.0,0.2283240997229917,0.0,194.68777964065526,1425.1335358397027,1026.0549749940885,0.0,22.83240997229917,1713.1335358397027,0.0,0.0,290.3349749940885,699.72,36.00000000000001,1.0,0.0,0.0,0.10416666666666667,0.375,0.041666666666666664
364,2024-12-29,1430.086575852649,1265.6792825165714,524164.9574465727,487205.1371381602,0.963600000000004,0.9598169085872625,49.2153726448824,18.239503318005468,84.22266569810442,20.578319059576526,0.0,0.11598799630655587,0.0,66.18900534850715,1430.086575852649,1211.0890767987198,0.0,11.598799630655588,1718.086575852649,0.0,0.0,326.213246896159,848.8758299025608,36.00000000000001,1.0,0.0,0.0,0.125,0.375,0.041666666666666664
365,2024-12-30,1435.0425534271185,1047.5973007712746,525599.9999999999,488252.73443893145,0.963500000000004,0.9594385373961268,51.53846831465061,18.223700590413507,85.41600404431779,21.673165585239623,0.0,0.11598799630655587,0.0,21.041025285605684,1435.0425534271185,1038.1550751163245,0.0,11.598799630655588,1723.0425534271185,0.0,0.0,286.44284704804113,751.7122280682834,0.0,1.0,0.0,0.0,0.14583333333333334,0.3333333333333333,0.0
